{"type":"FeatureCollection","features":[{"type":"Feature","properties":{"mode":"subway","kind":"route","lod":"coarse"},"geometry":{"type":"LineString","coordinates":[[126.74746,37.67615],[126.76578,37.66768],[126.77232,37.66115],[126.77958,37.64943],[126.79901,37.63476],[126.80539,37.63243],[126.8162,37.63109],[126.81904,37.63184],[126.82252,37.63455],[126.82516,37.63543],[126.83671,37.63442],[126.83986,37.6398],[126.8411,37.65009],[126.84434,37.65525],[126.84679,37.65642],[126.87777,37.64955],[126.89424,37.65344],[126.90862,37.64898],[126.91816,37.64714],[126.92013,37.62046],[126.93374,37.60616],[126.93633,37.59977],[126.94071,37.59449],[126.94145,37.59135],[126.94944,37.58376],[126.95085,37.58123],[126.96046,37.5725],[126.96293,37.57264],[126.96976,37.57603],[126.9829,37.57561],[126.98746,37.57733],[126.98968,37.5772],[126.9922,37.57041],[126.99372,37.56152],[126.99615,37.56018],[127.00683,37.55879],[127.01547,37.54875],[127.0174,37.54156],[127.02487,37.53074],[127.02832,37.52729],[127.02801,37.51992],[127.00563,37.51009],[127.00399,37.50714],[127.00643,37.50179],[127.01254,37.49828],[127.01475,37.48763],[127.018,37.48275],[127.04466,37.48603],[127.06322,37.49445],[127.07388,37.49725],[127.07741,37.49648],[127.07872,37.4953],[127.08418,37.48377],[127.08883,37.48294],[127.09521,37.48362],[127.09929,37.48663],[127.11897,37.49262],[127.12337,37.49494],[127.12835,37.50214]]}},{"type":"Feature","properties":{"mode":"subway","kind":"route","lod":"coarse"},"geometry":{"type":"LineString","coordinates":[[129.18053,35.17152],[129.17196,35.16692],[129.16359,35.16627],[129.15129,35.16015],[129.14344,35.16373],[129.13619,35.17075],[129.12548,35.16577],[129.12321,35.16627],[129.12059,35.16824],[129.11856,35.1685],[129.11569,35.16759],[129.10921,35.14373],[129.10622,35.14059],[129.09654,35.13586],[129.07872,35.13372],[129.06791,35.13786],[129.06489,35.15771],[129.05112,35.15757],[129.02814,35.15332],[129.02014,35.15324],[129.01549,35.15156],[129.00049,35.15036],[128.9965,35.1518],[128.99158,35.15519],[128.98494,35.16185],[128.98208,35.16786],[128.98709,35.18651],[128.98954,35.19144],[128.99271,35.19299],[129.00079,35.20425],[129.00433,35.20551],[129.00541,35.20938],[129.00417,35.21341],[129.00523,35.21764],[129.00821,35.22089],[129.01305,35.23084],[129.01411,35.2406],[129.01298,35.24901],[129.01045,35.25357],[129.01814,35.27018],[129.01722,35.27515],[129.01767,35.29191],[129.016,35.29507],[129.00963,35.29813],[129.00835,35.3005],[129.00953,35.30665],[129.01402,35.31697],[129.01886,35.3225],[129.02038,35.33077],[129.0264,35.3387]]}},{"type":"Feature","properties":{"mode":"subway","kind":"route","lod":"coarse"},"geometry":{"type":"LineString","coordinates":[[128.9602,35.21348],[128.98488,35.21086],[128.99405,35.20555],[128.99988,35.20985],[129.00399,35.2098],[129.01791,35.21314],[129.04369,35.21311],[129.06786,35.20849],[129.06919,35.20729],[129.06479,35.20033],[129.06763,35.19114],[129.08184,35.18574],[129.08695,35.1747],[129.10192,35.17311],[129.10945,35.17123],[129.11485,35.16751],[129.11467,35.16542]]}},{"type":"Feature","properties":{"mode":"subway","kind":"route","lod":"coarse"},"geometry":{"type":"LineString","coordinates":[[129.09516,35.2842],[129.09265,35.27495],[129.09099,35.24428],[129.08855,35.24096],[129.08805,35.23871],[129.08945,35.23416],[129.0889,35.2255],[129.08579,35.21936],[129.08096,35.21453],[129.07846,35.21001],[129.07846,35.20256],[129.08136,35.18589],[129.05934,35.15806],[129.05903,35.1384],[129.04492,35.12503],[129.03631,35.10764],[129.03653,35.09947],[129.03546,35.09813],[129.03072,35.09838],[129.02388,35.09661],[129.02219,35.09691],[129.01979,35.09962],[129.02021,35.10784],[129.01681,35.11157],[129.0152,35.11202],[129.01122,35.11066],[129.00861,35.10835],[128.99677,35.10157],[128.98994,35.09932],[128.98691,35.09915],[128.98057,35.10043],[128.96818,35.10631],[128.96218,35.10589],[128.96077,35.10243],[128.96113,35.09075],[128.96244,35.09007],[128.97778,35.08937],[128.9766,35.07311],[128.97995,35.06655],[128.97943,35.06324],[128.97179,35.05853],[128.97052,35.0561],[128.97102,35.05227],[128.96959,35.04823],[128.96811,35.04763],[128.96623,35.04809]]}},{"type":"Feature","properties":{"mode":"subway","kind":"route","lod":"coarse"},"geometry":{"type":"LineString","coordinates":[[126.97396,37.56309],[126.96684,37.56129],[126.95987,37.5574],[126.94196,37.5566],[126.93691,37.55518],[126.92633,37.55869],[126.91344,37.54916],[126.91109,37.54469],[126.89725,37.52798],[126.89435,37.51631],[126.88972,37.5119],[126.89286,37.50603],[126.89247,37.50113],[126.89403,37.49576],[126.89681,37.48852],[126.89853,37.48684],[126.9018,37.48518],[126.90602,37.48499],[126.9123,37.48695],[126.91635,37.48935],[126.91908,37.4897],[126.92116,37.48902],[126.92636,37.48431],[126.93567,37.4848],[126.94198,37.48235],[126.95225,37.4813],[126.96787,37.47542],[126.97715,37.47658],[126.9848,37.47653],[126.99114,37.47935],[127.00298,37.4827],[127.00486,37.49032],[127.006,37.49128],[127.06643,37.50979],[127.07847,37.51177],[127.09559,37.51213],[127.10278,37.51409],[127.10466,37.51598],[127.10478,37.51902],[127.09332,37.53707],[127.09041,37.53807],[127.08276,37.53673],[127.04584,37.54781],[127.04451,37.54933],[127.04314,37.55976],[127.04155,37.56109],[127.03563,37.56125],[127.02743,37.56489],[127.01981,37.56565],[127.01131,37.56496],[127.00275,37.56683],[126.97849,37.56595],[126.97396,37.56309]]}},{"type":"Feature","properties":{"mode":"subway","kind":"route","lod":"coarse"},"geometry":{"type":"LineString","coordinates":[[127.07844,37.66958],[127.0761,37.6667],[127.07546,37.66267],[127.07134,37.65881],[127.06236,37.65612],[127.03632,37.65097],[127.03192,37.64403],[127.02339,37.63577],[127.02359,37.63284],[127.02979,37.61718],[127.03023,37.60972],[127.0254,37.60435],[127.02101,37.59628],[127.01782,37.59345],[127.00296,37.58725],[127.00137,37.5857],[127.00242,37.57685],[127.0054,37.57521],[127.00982,37.56981],[127.00957,37.56755],[127.0074,37.56443],[126.99365,37.56111],[126.98251,37.56055],[126.97289,37.55587],[126.97177,37.54725],[126.97418,37.53602],[126.96661,37.52798],[126.96623,37.52652],[126.9671,37.5251],[126.97029,37.52337],[126.98177,37.52006],[126.98318,37.51888],[126.98319,37.51581],[126.98015,37.50423],[126.98325,37.49906],[126.98197,37.474],[126.98428,37.46998],[126.98765,37.4667],[126.99245,37.45796],[127.00277,37.45116],[127.00791,37.44383],[127.00851,37.43868],[127.00468,37.43359],[126.99544,37.43247],[126.98308,37.41994],[126.98006,37.41418],[126.97679,37.40005],[126.97569,37.39858],[126.94821,37.38897],[126.93979,37.38292],[126.93922,37.37971],[126.94639,37.36763],[126.94642,37.36571],[126.9271,37.35422],[126.92403,37.34541],[126.9215,37.33359],[126.90026,37.30835],[126.89699,37.30669],[126.8837,37.30311],[126.87266,37.30239],[126.86314,37.30306],[126.85877,37.30462],[126.84988,37.31349],[126.84677,37.31532],[126.81239,37.31781],[126.80191,37.32253],[126.79465,37.32439],[126.7766,37.33253],[126.76115,37.34078],[126.75451,37.34833],[126.73898,37.35308],[126.73659,37.35668],[126.73872,37.3628]]}},{"type":"Feature","properties":{"mode":"subway","kind":"route","lod":"coarse"},"geometry":{"type":"LineString","coordinates":[[127.14829,37.52827],[127.14497,37.52004],[127.14371,37.5189],[127.14127,37.51868],[127.13638,37.52066],[127.13407,37.52081],[127.1299,37.51549],[127.12741,37.51417],[127.12419,37.5147],[127.12083,37.5173],[127.11765,37.51743],[127.11578,37.51615],[127.1094,37.50663],[127.10571,37.50455],[127.09878,37.50253],[127.09353,37.50274],[127.07988,37.5066],[127.07814,37.51037],[127.06838,37.51547],[127.05345,37.51303],[127.0198,37.50308],[127.01766,37.50309],[127.0071,37.50674],[126.99166,37.50231],[126.98314,37.5008],[126.97337,37.50521],[126.9654,37.50743],[126.96116,37.51135],[126.9564,37.51307],[126.95002,37.5127],[126.94498,37.51375],[126.93632,37.51337],[126.93196,37.51461],[126.92953,37.51607],[126.91593,37.52985],[126.90433,37.53264],[126.88513,37.542],[126.88069,37.54666],[126.87041,37.54783],[126.86409,37.55145],[126.86269,37.55699],[126.84047,37.56883],[126.83744,37.56892],[126.83245,37.56646],[126.81473,37.56745],[126.80781,37.56182],[126.79628,37.56257],[126.7844,37.57218],[126.78347,37.57383],[126.78516,37.57605],[126.79682,37.57843]]}},{"type":"Feature","properties":{"mode":"subway","kind":"route","lod":"coarse"},"geometry":{"type":"LineString","coordinates":[[127.12802,37.6418],[127.13247,37.63822],[127.14604,37.63227],[127.15013,37.62855],[127.14906,37.62039],[127.13895,37.61514],[127.13796,37.61285],[127.14047,37.6031],[127.14279,37.59839],[127.13785,37.59211],[127.13794,37.57964],[127.1407,37.55926],[127.13807,37.55727],[127.13151,37.55709],[127.12976,37.55613],[127.12045,37.53027],[127.11388,37.51876],[127.11244,37.51746],[127.10218,37.51377],[127.10149,37.51135],[127.12065,37.48956],[127.12689,37.47718],[127.12674,37.46783],[127.13894,37.46289],[127.14916,37.45703],[127.15792,37.45592],[127.16064,37.45367],[127.15638,37.44479],[127.14582,37.44031],[127.1366,37.43529],[127.13032,37.43403]]}},{"type":"Feature","properties":{"mode":"subway","kind":"route","lod":"coarse"},"geometry":{"type":"LineString","coordinates":[[126.9157,37.59877],[126.92023,37.60107],[126.92339,37.60709],[126.93135,37.61202],[126.93319,37.61785],[126.93039,37.62129],[126.92692,37.62135],[126.92053,37.61863],[126.91797,37.61507],[126.9154,37.60778],[126.91615,37.60075],[126.91274,37.58742],[126.89974,37.57376],[126.89969,37.56682],[126.91167,37.55422],[126.91363,37.54902],[126.91834,37.54791],[126.93413,37.54739],[126.94024,37.54857],[126.96135,37.53931],[126.9758,37.53458],[126.98566,37.53492],[126.98822,37.5341],[126.99768,37.53469],[127.00147,37.53801],[127.00242,37.54532],[127.00714,37.54865],[127.01601,37.5641],[127.01519,37.58042],[127.01581,37.58319],[127.02244,37.58628],[127.03291,37.58647],[127.03573,37.58927],[127.03637,37.59238],[127.04182,37.60236],[127.06332,37.6142],[127.08502,37.61991],[127.09107,37.61739]]}},{"type":"Feature","properties":{"mode":"subway","kind":"route","lod":"coarse"},"geometry":{"type":"LineString","coordinates":[[127.05711,37.54418],[127.05083,37.54662],[127.05322,37.55372],[127.05296,37.55757],[127.04667,37.57021],[127.03808,37.57404],[127.02633,37.5741]]}},{"type":"Feature","properties":{"mode":"subway","kind":"route","lod":"coarse"},"geometry":{"type":"LineString","coordinates":[[127.05509,37.54497],[127.0509,37.5469],[127.05328,37.55378],[127.05302,37.55752],[127.04671,37.57023],[127.03811,37.57409],[127.02695,37.57395],[127.02443,37.57499]]}},{"type":"Feature","properties":{"mode":"subway","kind":"route","lod":"coarse"},"geometry":{"type":"LineString","coordinates":[[126.89128,37.50899],[126.88873,37.51203],[126.87703,37.51642],[126.86141,37.51092],[126.85721,37.51091],[126.8467,37.53137]]}},{"type":"Feature","properties":{"mode":"subway","kind":"route","lod":"coarse"},"geometry":{"type":"LineString","coordinates":[[126.8467,37.53137],[126.85719,37.51081],[126.86145,37.51085],[126.87704,37.51639],[126.88873,37.51203],[126.89128,37.50899]]}},{"type":"Feature","properties":{"mode":"subway","kind":"route","lod":"coarse"},"geometry":{"type":"LineString","coordinates":[[126.97628,37.56388],[126.9785,37.5659],[127.0028,37.56679],[127.01131,37.56493],[127.01981,37.56561],[127.02742,37.56486],[127.03563,37.56123],[127.04154,37.56107],[127.04311,37.55976],[127.04448,37.54932],[127.04582,37.54779],[127.08274,37.5367],[127.09042,37.53804],[127.09295,37.5373],[127.10432,37.51978],[127.10461,37.516],[127.10272,37.51413],[127.09559,37.51219],[127.08878,37.51153],[127.07846,37.51181],[127.06641,37.50986],[127.00598,37.49131],[127.0048,37.49034],[127.00294,37.48273],[126.99092,37.47932],[126.9848,37.47657],[126.97665,37.47659],[126.96788,37.47546],[126.95225,37.48133],[126.94166,37.48245],[126.93567,37.48484],[126.92668,37.48427],[126.92119,37.48905],[126.91907,37.48973],[126.91645,37.48945],[126.91228,37.48699],[126.906,37.48503],[126.90181,37.48523],[126.89856,37.48688],[126.89685,37.48854],[126.89408,37.49576],[126.89252,37.50114],[126.89284,37.50629],[126.88973,37.51173],[126.89441,37.5163],[126.89729,37.52796],[126.91116,37.54467],[126.91348,37.54913],[126.92636,37.55864],[126.93691,37.55513],[126.94141,37.5565],[126.95925,37.55726],[126.96742,37.56147],[126.97628,37.56388]]}},{"type":"Feature","properties":{"mode":"subway","kind":"route","lod":"coarse"},"geometry":{"type":"LineString","coordinates":[[126.74748,37.6762],[126.76584,37.66772],[126.77238,37.66118],[126.77963,37.64946],[126.79904,37.63479],[126.8054,37.63248],[126.81619,37.63113],[126.81901,37.63187],[126.82249,37.63459],[126.82515,37.63548],[126.83668,37.63447],[126.8398,37.63982],[126.84106,37.6501],[126.8443,37.65527],[126.84679,37.65647],[126.87777,37.64962],[126.89424,37.65349],[126.90932,37.64882],[126.91819,37.64716],[126.92018,37.62049],[126.93411,37.60579],[126.9364,37.59979],[126.94078,37.59453],[126.94153,37.59138],[126.94951,37.58379],[126.95109,37.58111],[126.96047,37.57255],[126.96289,37.57277],[126.96976,37.57608],[126.98262,37.57568],[126.98743,37.5774],[126.98983,37.57722],[126.99228,37.57042],[126.99344,37.56209],[126.99619,37.56025],[127.00614,37.55904],[127.00806,37.55812],[127.01553,37.54881],[127.01747,37.54153],[127.02536,37.53016],[127.02836,37.5273],[127.02805,37.51991],[127.00565,37.51006],[127.00403,37.50714],[127.007,37.50137],[127.01261,37.49829],[127.01478,37.48764],[127.01801,37.48278],[127.04462,37.48608],[127.06318,37.4945],[127.07388,37.4973],[127.07852,37.49567],[127.08404,37.48392],[127.08813,37.48305],[127.09467,37.48366],[127.09928,37.48674],[127.1186,37.49254],[127.12333,37.49498],[127.12831,37.50218]]}},{"type":"Feature","properties":{"mode":"subway","kind":"route","lod":"coarse"},"geometry":{"type":"LineString","coordinates":[[126.73828,37.36109],[126.73668,37.35625],[126.73896,37.35314],[126.75478,37.34826],[126.7613,37.34074],[126.77686,37.33244],[126.79468,37.32442],[126.80126,37.32282],[126.81238,37.31785],[126.84679,37.31536],[126.84931,37.31406],[126.8588,37.30464],[126.86316,37.3031],[126.87266,37.30242],[126.88369,37.30316],[126.89697,37.30673],[126.90022,37.30838],[126.92173,37.33409],[126.92398,37.34541],[126.92705,37.35424],[126.94552,37.36516],[126.94574,37.36689],[126.93888,37.37952],[126.93963,37.38298],[126.94819,37.38901],[126.97559,37.39867],[126.97676,37.40009],[126.98,37.41417],[126.98301,37.41997],[126.99528,37.43246],[127.0046,37.43362],[127.00833,37.43842],[127.00787,37.44379],[127.00439,37.44883],[127.0018,37.45201],[126.99539,37.4552],[126.98204,37.474],[126.98331,37.49903],[126.9802,37.50423],[126.98324,37.51582],[126.98323,37.5189],[126.9818,37.5201],[126.96986,37.5236],[126.96629,37.52653],[126.9668,37.5281],[126.97426,37.53602],[126.97197,37.54514],[126.9728,37.55552],[126.98253,37.56052],[126.99362,37.56107],[127.00738,37.56437],[127.00942,37.56711],[127.00993,37.5696],[127.00544,37.57525],[127.00248,37.57686],[127.00144,37.58567],[127.00298,37.58722],[127.01834,37.59384],[127.02105,37.59625],[127.02557,37.60443],[127.03028,37.60972],[127.02984,37.6172],[127.02365,37.63286],[127.02344,37.63574],[127.03198,37.64401],[127.03658,37.65106],[127.05625,37.65472],[127.07117,37.6587],[127.0755,37.66266],[127.07615,37.66669],[127.07972,37.67092]]}},{"type":"Feature","properties":{"mode":"subway","kind":"route","lod":"coarse"},"geometry":{"type":"LineString","coordinates":[[127.13097,37.53635],[127.13649,37.53468],[127.13818,37.53229],[127.1332,37.51957],[127.12467,37.50642],[127.12447,37.50489],[127.13084,37.50024],[127.14432,37.49309],[127.14925,37.49288],[127.15275,37.49499]]}},{"type":"Feature","properties":{"mode":"subway","kind":"route","lod":"coarse"},"geometry":{"type":"LineString","coordinates":[[127.15279,37.49496],[127.14926,37.49282],[127.14428,37.49304],[127.1308,37.5002],[127.12443,37.50487],[127.12461,37.50644],[127.13324,37.51976],[127.13797,37.53218],[127.13702,37.53409],[127.1326,37.53577]]}},{"type":"Feature","properties":{"mode":"subway","kind":"route","lod":"coarse"},"geometry":{"type":"LineString","coordinates":[[127.16509,37.55666],[127.15188,37.55475],[127.14757,37.55563],[127.14537,37.55494],[127.13937,37.53622],[127.13817,37.53495],[127.13649,37.53469],[127.12271,37.53886],[127.11759,37.54202],[127.10511,37.54484],[127.09194,37.54938],[127.08864,37.55343],[127.07231,37.56006],[127.05888,37.56241],[127.04895,37.5693],[127.02995,37.5576],[127.02137,37.55429],[127.01849,37.55507],[127.01562,37.55942],[127.00771,37.56411],[126.99883,37.56518],[126.99771,37.57025],[126.99554,37.57166],[126.99268,37.57249],[126.9864,37.57261],[126.98091,37.57163],[126.97454,37.57163],[126.96809,37.56732],[126.9627,37.56005],[126.95795,37.55598],[126.95327,37.547],[126.94977,37.54243],[126.94352,37.53772],[126.93306,37.52722],[126.91878,37.51829],[126.91596,37.51757],[126.91266,37.51836],[126.9078,37.52229],[126.8838,37.52601],[126.8778,37.52435],[126.86438,37.52616],[126.85286,37.52459],[126.85092,37.52502],[126.84154,37.54025],[126.83658,37.54598],[126.83639,37.55256],[126.83774,37.55756],[126.8363,37.55995],[126.83359,37.56093],[126.8269,37.56007],[126.81055,37.56141],[126.80556,37.55953],[126.80194,37.56085],[126.80127,37.56287],[126.80499,37.57122],[126.81099,37.57378],[126.81277,37.57738]]}},{"type":"Feature","properties":{"mode":"subway","kind":"route","lod":"coarse"},"geometry":{"type":"LineString","coordinates":[[127.16651,37.55676],[127.1521,37.55469],[127.14787,37.55554],[127.14537,37.55485],[127.13944,37.5362],[127.13822,37.53491],[127.13649,37.53462],[127.12269,37.53883],[127.11756,37.54197],[127.10508,37.5448],[127.09191,37.54933],[127.08859,37.55339],[127.07228,37.56001],[127.05884,37.56238],[127.04894,37.56926],[127.02998,37.55756],[127.02138,37.55422],[127.01844,37.55503],[127.01557,37.55938],[127.00791,37.56393],[126.99878,37.56514],[126.99766,37.57021],[126.99552,37.57158],[126.99212,37.57246],[126.9864,37.57256],[126.98092,37.57159],[126.97455,37.5716],[126.96813,37.56728],[126.96268,37.55986],[126.958,37.55596],[126.95332,37.54699],[126.94982,37.54241],[126.94358,37.5377],[126.9331,37.5272],[126.91857,37.5181],[126.91592,37.51751],[126.91259,37.51831],[126.90759,37.52231],[126.88361,37.526],[126.8778,37.5243],[126.86438,37.52612],[126.85287,37.52455],[126.8509,37.52497],[126.84151,37.54022],[126.83644,37.54616],[126.83634,37.55256],[126.83768,37.55757],[126.83625,37.55991],[126.83358,37.56089],[126.82689,37.56003],[126.81055,37.56137],[126.80557,37.55949],[126.8019,37.56083],[126.80121,37.56287],[126.80493,37.57123],[126.81095,37.57382],[126.81269,37.5774]]}},{"type":"Feature","properties":{"mode":"subway","kind":"route","lod":"coarse"},"geometry":{"type":"LineString","coordinates":[[126.8847,37.41699],[126.89758,37.43991],[126.89855,37.44378],[126.88012,37.48716],[126.87875,37.49962],[126.88335,37.5042],[126.89032,37.50841],[126.90729,37.51545]]}},{"type":"Feature","properties":{"mode":"subway","kind":"route","lod":"coarse"},"geometry":{"type":"LineString","coordinates":[[127.14824,37.52828],[127.14493,37.52006],[127.14368,37.51893],[127.14128,37.51871],[127.1364,37.5207],[127.13405,37.52085],[127.12986,37.51551],[127.12741,37.51421],[127.12422,37.51474],[127.12085,37.51733],[127.11763,37.51746],[127.11574,37.51617],[127.10936,37.50666],[127.10568,37.50458],[127.09877,37.50257],[127.09355,37.50278],[127.07991,37.50663],[127.07818,37.5104],[127.06838,37.51552],[127.05315,37.51305],[127.01983,37.50313],[127.01768,37.50313],[127.0071,37.50679],[126.99165,37.50236],[126.98342,37.50081],[126.97298,37.50541],[126.96543,37.50747],[126.9612,37.51139],[126.95641,37.51311],[126.95002,37.51275],[126.94456,37.5138],[126.93634,37.51341],[126.93201,37.51465],[126.92959,37.5161],[126.91599,37.5299],[126.9033,37.53326],[126.88505,37.54212],[126.88237,37.54556],[126.87984,37.54704],[126.87325,37.54704],[126.87073,37.54777],[126.86417,37.55155],[126.86273,37.55703],[126.84005,37.56908],[126.83738,37.56904],[126.83244,37.56662],[126.8151,37.56757],[126.80811,37.562],[126.80153,37.56191]]}},{"type":"Feature","properties":{"mode":"subway","kind":"route","lod":"coarse"},"geometry":{"type":"LineString","coordinates":[[127.01966,37.51575],[127.03368,37.48516],[127.03826,37.47955],[127.03892,37.46596],[127.06188,37.43936],[127.07431,37.42662],[127.08527,37.41857],[127.10911,37.40646],[127.1111,37.40278],[127.11122,37.38437],[127.10844,37.37592],[127.10895,37.34529],[127.10762,37.34344],[127.10301,37.34128],[127.10221,37.32724],[127.08691,37.31817],[127.08238,37.31655],[127.08031,37.31341],[127.07706,37.31134],[127.07431,37.30354],[127.07034,37.30051],[127.06794,37.29317],[127.06318,37.29089],[127.05683,37.28593],[127.05312,37.28728],[127.04841,37.29102],[127.04975,37.29775],[127.04755,37.30026],[127.04352,37.30248]]}},{"type":"Feature","properties":{"mode":"subway","kind":"route","lod":"coarse"},"geometry":{"type":"LineString","coordinates":[[127.11157,37.39476],[127.13132,37.39494],[127.16582,37.40289],[127.19658,37.40564],[127.20115,37.40745],[127.21015,37.41284],[127.21316,37.41346],[127.22251,37.41164],[127.23706,37.40583],[127.27274,37.39069],[127.28206,37.38491],[127.28487,37.38164],[127.29122,37.3772],[127.32654,37.36176],[127.33796,37.35313],[127.35127,37.34913],[127.36964,37.34496],[127.39858,37.32661],[127.402,37.32308],[127.41333,37.29574],[127.41179,37.27917],[127.41255,37.27472],[127.42007,37.2674],[127.42666,37.2646],[127.45345,37.26401],[127.46563,37.26162],[127.47498,37.25757],[127.48013,37.25751],[127.5069,37.26516],[127.52039,37.27072],[127.5465,37.29012],[127.55231,37.29274],[127.55769,37.2938],[127.58678,37.29286],[127.60859,37.28915],[127.6175,37.28439],[127.62945,37.28275]]}},{"type":"Feature","properties":{"mode":"subway","kind":"route","lod":"coarse"},"geometry":{"type":"LineString","coordinates":[[127.11157,37.3947],[127.12914,37.39461],[127.16673,37.40297],[127.19702,37.40565],[127.2123,37.41331],[127.21597,37.41328],[127.22221,37.41169],[127.23432,37.40692],[127.27279,37.3906],[127.27903,37.38704],[127.28437,37.38196],[127.29154,37.37694],[127.32672,37.3616],[127.33792,37.3531],[127.3504,37.34932],[127.36951,37.34487],[127.39857,37.32658],[127.40191,37.32304],[127.41318,37.29603],[127.41174,37.27909],[127.41247,37.27475],[127.41991,37.26747],[127.42663,37.26454],[127.45343,37.26398],[127.46565,37.26158],[127.47497,37.25753],[127.48014,37.25746],[127.50692,37.26511],[127.51829,37.26968],[127.52462,37.27338],[127.54672,37.29019],[127.55234,37.29271],[127.5577,37.29377],[127.58585,37.29296],[127.60847,37.28914],[127.61747,37.28436],[127.62946,37.28265]]}},{"type":"Feature","properties":{"mode":"subway","kind":"route","lod":"coarse"},"geometry":{"type":"LineString","coordinates":[[127.31512,36.39149],[127.31947,36.38443],[127.31784,36.37822],[127.31777,36.36149],[127.31885,36.35983],[127.34977,36.35167],[127.35189,36.35225],[127.36098,36.35841],[127.3847,36.35732],[127.38623,36.35549],[127.38655,36.35146],[127.38643,36.34912],[127.38456,36.34692],[127.38485,36.34314],[127.39078,36.34018],[127.41354,36.32159],[127.4161,36.32186],[127.42241,36.32715],[127.43776,36.33256],[127.44289,36.32938],[127.44513,36.32541],[127.44559,36.32137],[127.45417,36.31715],[127.4593,36.31699]]}},{"type":"Feature","properties":{"mode":"subway","kind":"route","lod":"coarse"},"geometry":{"type":"LineString","coordinates":[[128.48934,35.79868],[128.49606,35.80283],[128.50531,35.80586],[128.51664,35.81115],[128.51903,35.81302],[128.52678,35.81463],[128.54201,35.82023],[128.55809,35.83753],[128.56503,35.83923],[128.57747,35.83898],[128.59024,35.84516],[128.59075,35.85675],[128.5933,35.86299],[128.59483,35.87446],[128.59752,35.87643],[128.60416,35.87625],[128.61145,35.87363],[128.62617,35.87654],[128.63311,35.88519],[128.64469,35.88854],[128.6539,35.88427],[128.66138,35.88316],[128.6685,35.88009],[128.68792,35.87424],[128.69602,35.86733],[128.70849,35.86599],[128.71816,35.86592],[128.73681,35.87212],[128.74096,35.87248],[128.74832,35.87116],[128.7566,35.87359],[128.77628,35.88455],[128.78431,35.89344],[128.79472,35.89934],[128.80103,35.89962],[128.80522,35.90096],[128.81066,35.90599],[128.81754,35.9094]]}},{"type":"Feature","properties":{"mode":"subway","kind":"route","lod":"coarse"},"geometry":{"type":"LineString","coordinates":[[128.43716,35.8643],[128.44667,35.87343],[128.44878,35.87406],[128.4505,35.87337],[128.46483,35.85797],[128.47013,35.85401],[128.4932,35.85137],[128.50482,35.85193],[128.51935,35.85044],[128.52557,35.84858],[128.53693,35.84995],[128.56221,35.85929],[128.58808,35.86634],[128.60781,35.86205],[128.61246,35.85981],[128.62997,35.85877],[128.64607,35.85883],[128.65419,35.85464],[128.66135,35.85226],[128.67861,35.84306],[128.68415,35.84147],[128.69128,35.84278],[128.69673,35.84274],[128.70679,35.84033],[128.71342,35.83743],[128.72829,35.83403],[128.7472,35.8341],[128.75358,35.83657]]}},{"type":"Feature","properties":{"mode":"subway","kind":"route","lod":"coarse"},"geometry":{"type":"LineString","coordinates":[[127.45768,36.31696],[127.4532,36.31758],[127.44557,36.32156],[127.44525,36.32536],[127.44294,36.32945],[127.43789,36.33264],[127.42267,36.32742],[127.41673,36.3224],[127.41357,36.3217],[127.38951,36.34137],[127.38492,36.34329],[127.3847,36.34692],[127.38648,36.3491],[127.38663,36.35367],[127.38599,36.35642],[127.38474,36.35745],[127.36105,36.35847],[127.35176,36.35234],[127.34982,36.35183],[127.31867,36.36003],[127.31792,36.36152],[127.31799,36.37913],[127.31958,36.3844],[127.3144,36.39264]]}},{"type":"Feature","properties":{"mode":"subway","kind":"route","lod":"coarse"},"geometry":{"type":"LineString","coordinates":[[128.43716,35.8643],[128.44667,35.87343],[128.44878,35.87406],[128.4505,35.87337],[128.46483,35.85797],[128.47013,35.85401],[128.4932,35.85137],[128.50482,35.85193],[128.51935,35.85044],[128.52557,35.84858],[128.53693,35.84995],[128.56221,35.85929],[128.58808,35.86634],[128.60781,35.86205],[128.61246,35.85981],[128.62997,35.85877],[128.64607,35.85883],[128.65419,35.85464],[128.66135,35.85226],[128.67861,35.84306],[128.68415,35.84147],[128.69128,35.84278],[128.69673,35.84274],[128.70679,35.84033],[128.71342,35.83743],[128.72829,35.83403],[128.7472,35.8341],[128.75358,35.83657]]}},{"type":"Feature","properties":{"mode":"subway","kind":"route","lod":"coarse"},"geometry":{"type":"LineString","coordinates":[[128.81752,35.90943],[128.81042,35.90586],[128.80544,35.9011],[128.80082,35.89963],[128.79496,35.89945],[128.78435,35.8935],[128.77626,35.88459],[128.75662,35.87363],[128.74832,35.87119],[128.74085,35.87253],[128.73617,35.87207],[128.71816,35.866],[128.70849,35.8661],[128.69607,35.86742],[128.688,35.87431],[128.66856,35.88016],[128.66143,35.88324],[128.65353,35.88446],[128.6446,35.88863],[128.63316,35.88535],[128.62779,35.87772],[128.62604,35.87658],[128.61147,35.87371],[128.6041,35.87633],[128.59745,35.8765],[128.59472,35.87454],[128.59317,35.86296],[128.59064,35.85678],[128.59013,35.84519],[128.5772,35.83903],[128.56495,35.8393],[128.55801,35.8376],[128.54191,35.82025],[128.52667,35.81466],[128.51898,35.81308],[128.51654,35.81118],[128.5052,35.80588],[128.49596,35.80286],[128.48923,35.7987]]}},{"type":"Feature","properties":{"mode":"subway","kind":"route","lod":"coarse"},"geometry":{"type":"LineString","coordinates":[[127.14819,37.5283],[127.14493,37.52006],[127.14368,37.51893],[127.14128,37.51871],[127.1364,37.5207],[127.13405,37.52085],[127.12986,37.51551],[127.12741,37.51421],[127.12422,37.51474],[127.12085,37.51733],[127.11763,37.51746],[127.11574,37.51617],[127.10936,37.50666],[127.10568,37.50458],[127.09877,37.50257],[127.09355,37.50278],[127.07991,37.50663],[127.07818,37.5104],[127.06838,37.51552],[127.0534,37.51316],[127.01983,37.50313],[127.01768,37.50313],[127.0071,37.50679],[126.99165,37.50236],[126.98315,37.50084],[126.97298,37.50541],[126.96543,37.50747],[126.9612,37.51139],[126.95641,37.51311],[126.95002,37.51275],[126.94456,37.5138],[126.93634,37.51341],[126.93201,37.51465],[126.92959,37.5161],[126.91599,37.5299],[126.9033,37.53326],[126.88505,37.54212],[126.88237,37.54556],[126.87984,37.54704],[126.87325,37.54704],[126.87073,37.54777],[126.86417,37.55155],[126.86273,37.55703],[126.84005,37.56908],[126.83738,37.56904],[126.83244,37.56662],[126.81465,37.56748],[126.80777,37.56189],[126.79636,37.56264],[126.78438,37.57227],[126.78351,37.57383],[126.78518,37.57602],[126.7969,37.57831]]}},{"type":"Feature","properties":{"mode":"subway","kind":"route","lod":"coarse"},"geometry":{"type":"LineString","coordinates":[[127.13033,37.43399],[127.13662,37.43525],[127.14584,37.44028],[127.15641,37.44476],[127.16069,37.45367],[127.15747,37.45609],[127.14919,37.45706],[127.13867,37.46306],[127.12681,37.46789],[127.12694,37.47719],[127.1207,37.48958],[127.1015,37.51166],[127.10216,37.51368],[127.11269,37.51747],[127.1142,37.51904],[127.12049,37.53026],[127.12967,37.55589],[127.13151,37.55701],[127.13811,37.55722],[127.14078,37.55923],[127.13807,37.57973],[127.13797,37.59209],[127.14288,37.5984],[127.14043,37.60345],[127.13807,37.61283],[127.13906,37.61501],[127.14907,37.62019],[127.1503,37.62816],[127.14606,37.63235],[127.13246,37.63831],[127.1267,37.643]]}},{"type":"Feature","properties":{"mode":"subway","kind":"route","lod":"coarse"},"geometry":{"type":"LineString","coordinates":[[127.09111,37.61744],[127.08548,37.6199],[127.0837,37.61981],[127.0633,37.61424],[127.04178,37.60239],[127.03631,37.59239],[127.03569,37.58929],[127.03289,37.5865],[127.02243,37.58632],[127.01623,37.58362],[127.01516,37.58121],[127.01596,37.5641],[127.00699,37.54866],[127.00238,37.5455],[127.00142,37.53802],[126.99714,37.53468],[126.98821,37.53414],[126.98566,37.53496],[126.97561,37.53469],[126.9614,37.53934],[126.94025,37.5486],[126.93412,37.54743],[126.91835,37.54795],[126.91368,37.54904],[126.91172,37.55425],[126.89974,37.56684],[126.89933,37.57015],[126.90074,37.5755],[126.91246,37.58671],[126.9157,37.59877]]}},{"type":"Feature","properties":{"mode":"subway","kind":"route","lod":"coarse"},"geometry":{"type":"LineString","coordinates":[[128.96018,35.21338],[128.98488,35.21082],[128.99396,35.20552],[128.99553,35.2059],[128.99991,35.20981],[129.00403,35.20973],[129.01791,35.21314],[129.04369,35.21311],[129.06786,35.20849],[129.06919,35.20729],[129.06479,35.20033],[129.06763,35.19114],[129.08184,35.18574],[129.08695,35.1747],[129.10192,35.17311],[129.10945,35.17123],[129.11485,35.16751],[129.11467,35.16542]]}},{"type":"Feature","properties":{"mode":"subway","kind":"route","lod":"coarse"},"geometry":{"type":"LineString","coordinates":[[128.9607,35.04974],[128.96788,35.04759],[128.96974,35.04816],[128.97115,35.05216],[128.97137,35.05761],[128.97256,35.05916],[128.97945,35.06307],[128.98006,35.06598],[128.9767,35.07282],[128.97792,35.08936],[128.96247,35.0901],[128.96114,35.09086],[128.9608,35.10223],[128.96231,35.10594],[128.96822,35.10621],[128.97002,35.10472],[128.98049,35.10035],[128.98683,35.09905],[128.99041,35.09928],[128.99815,35.10214],[129.01112,35.1104],[129.01574,35.11183],[129.02011,35.10774],[129.0197,35.0995],[129.02184,35.09687],[129.02405,35.09647],[129.03066,35.09827],[129.03528,35.09799],[129.03664,35.09949],[129.0364,35.10749],[129.0451,35.12496],[129.05915,35.13843],[129.05934,35.15785],[129.08147,35.18607],[129.07856,35.20213],[129.07852,35.21009],[129.08093,35.21442],[129.08594,35.21949],[129.08896,35.22556],[129.08948,35.23433],[129.08811,35.23885],[129.09102,35.24413],[129.09272,35.27475],[129.09512,35.28387]]}},{"type":"Feature","properties":{"mode":"subway","kind":"route","lod":"coarse"},"geometry":{"type":"LineString","coordinates":[[129.18053,35.17152],[129.17196,35.16692],[129.16359,35.16627],[129.15129,35.16015],[129.14344,35.16373],[129.13619,35.17075],[129.12548,35.16577],[129.12321,35.16627],[129.12059,35.16824],[129.11856,35.1685],[129.11569,35.16759],[129.10921,35.14373],[129.10622,35.14059],[129.09654,35.13586],[129.07872,35.13372],[129.06791,35.13786],[129.06489,35.15771],[129.05112,35.15757],[129.02814,35.15332],[129.02014,35.15324],[129.01549,35.15156],[129.00049,35.15036],[128.9965,35.1518],[128.99158,35.15519],[128.98494,35.16185],[128.98208,35.16786],[128.98709,35.18651],[128.98954,35.19144],[128.99271,35.19299],[129.00079,35.20425],[129.00433,35.20551],[129.00541,35.20938],[129.00417,35.21341],[129.00523,35.21764],[129.00821,35.22089],[129.01305,35.23084],[129.01411,35.2406],[129.01298,35.24901],[129.01045,35.25357],[129.01814,35.27018],[129.01722,35.27515],[129.01767,35.29191],[129.016,35.29507],[129.00963,35.29813],[129.00835,35.3005],[129.00953,35.30665],[129.01402,35.31697],[129.01886,35.3225],[129.02038,35.33077],[129.0264,35.3387]]}},{"type":"Feature","properties":{"mode":"subway","kind":"route","lod":"coarse"},"geometry":{"type":"LineString","coordinates":[[127.06075,37.94711],[127.06103,37.94893],[127.06018,37.94556],[127.05553,37.93996],[127.05361,37.93465],[127.05732,37.91367],[127.05511,37.8811],[127.05902,37.8742],[127.06127,37.86777],[127.06072,37.85061],[127.06293,37.83047],[127.0555,37.81606],[127.05032,37.8094],[127.05073,37.80399],[127.04918,37.7979],[127.05099,37.78759],[127.05001,37.78443],[127.04523,37.77884],[127.04224,37.75468],[127.04516,37.74588],[127.04751,37.7259],[127.04643,37.71614],[127.04775,37.70705],[127.04562,37.69619],[127.04636,37.68397],[127.04417,37.67045],[127.04491,37.66061],[127.05231,37.64258],[127.05846,37.63607],[127.05908,37.62997],[127.06771,37.60936],[127.06734,37.6017],[127.06034,37.59138],[127.05345,37.58708],[127.04757,37.58115],[127.03905,37.57816],[127.03134,37.5779],[127.00831,37.57112],[126.97738,37.56993],[126.97683,37.56375],[126.97237,37.55586],[126.97063,37.53464],[126.94567,37.51474],[126.92504,37.51343],[126.91826,37.51695],[126.90999,37.51675],[126.89029,37.50845],[126.88353,37.50443],[126.87884,37.5005],[126.86521,37.49407],[126.86212,37.49382],[126.85182,37.49577],[126.83911,37.49312],[126.826,37.49282],[126.82174,37.4915],[126.81475,37.48617],[126.8031,37.48243],[126.79142,37.48267],[126.76026,37.48713],[126.71758,37.48958],[126.7089,37.48434],[126.70412,37.48039],[126.70266,37.46761],[126.70112,37.4657],[126.69894,37.46493],[126.68679,37.46441],[126.66141,37.46674],[126.64644,37.46704],[126.6372,37.47134],[126.62954,37.47811],[126.6238,37.48124],[126.61896,37.48004],[126.61702,37.47642]]}},{"type":"Feature","properties":{"mode":"subway","kind":"route","lod":"coarse"},"geometry":{"type":"LineString","coordinates":[[127.04593,37.69054],[127.04613,37.68873],[127.04593,37.69054]]}},{"type":"Feature","properties":{"mode":"subway","kind":"route","lod":"coarse"},"geometry":{"type":"LineString","coordinates":[[127.06065,37.94712],[127.06084,37.94895],[127.06065,37.94712]]}},{"type":"Feature","properties":{"mode":"subway","kind":"route","lod":"coarse"},"geometry":{"type":"LineString","coordinates":[[126.61707,37.47746],[126.61943,37.48036],[126.62479,37.48107],[126.62966,37.47818],[126.63758,37.47124],[126.64776,37.46695],[126.66144,37.46688],[126.68679,37.46452],[126.69894,37.46506],[126.70134,37.46605],[126.70247,37.46767],[126.70398,37.48044],[126.70752,37.48362],[126.71812,37.48981],[126.76156,37.48715],[126.79145,37.48283],[126.80308,37.48256],[126.81462,37.48634],[126.82187,37.49175],[126.82536,37.49293],[126.83909,37.49324],[126.85182,37.49588],[126.86216,37.49406],[126.8651,37.49426],[126.8783,37.50033],[126.88313,37.5043],[126.89102,37.50894],[126.90998,37.51679],[126.91827,37.51698],[126.92535,37.51344],[126.94565,37.51477],[126.97057,37.53465],[126.97219,37.55582],[126.977,37.56448],[126.97731,37.57],[127.0083,37.57115],[127.03093,37.57788],[127.03894,37.57822],[127.04688,37.58094],[127.05374,37.58736],[127.06022,37.59132],[127.06729,37.60171],[127.06764,37.60962],[127.05904,37.62992],[127.05846,37.63595],[127.05234,37.64243],[127.04488,37.66046],[127.0441,37.67014],[127.04635,37.68432],[127.04561,37.69667],[127.04773,37.70752],[127.04637,37.71614],[127.04732,37.72659],[127.04505,37.74618],[127.04219,37.75468],[127.04519,37.77889],[127.04998,37.78447],[127.05097,37.78778],[127.04913,37.7978],[127.05071,37.8043],[127.05025,37.80942],[127.05543,37.81605],[127.06288,37.83051],[127.06059,37.85228],[127.06122,37.86776],[127.05896,37.8742],[127.05507,37.88109],[127.05728,37.91364],[127.05361,37.93465],[127.05553,37.93996],[127.06019,37.9457],[127.0609,37.94887]]}},{"type":"Feature","properties":{"mode":"subway","kind":"route","lod":"coarse"},"geometry":{"type":"LineString","coordinates":[[126.94758,36.76832],[126.96096,36.77301],[126.98133,36.78247],[126.98631,36.7835],[126.9941,36.78316],[126.99997,36.78105],[127.01419,36.77898],[127.03008,36.77149],[127.03575,36.77094],[127.06228,36.7814],[127.08826,36.78934],[127.10832,36.79268],[127.11918,36.7928],[127.1296,36.79886],[127.14551,36.80583],[127.15038,36.82722],[127.14546,36.85395],[127.14689,36.86202],[127.14652,36.8653],[127.12779,36.90551],[127.12413,36.94951],[127.07268,37.00431],[127.06819,37.03637],[127.06569,37.03924],[127.0546,37.04634],[127.05253,37.04944],[127.05462,37.07126],[127.05437,37.08025],[127.06074,37.09606],[127.06744,37.1506],[127.0626,37.17135],[127.05989,37.1752],[127.04675,37.18377],[127.04348,37.18717],[127.01061,37.25025],[127.00613,37.25562],[126.98741,37.28776],[126.97657,37.29926],[126.96368,37.30125],[126.96103,37.30233],[126.95381,37.30757],[126.94893,37.31482],[126.94794,37.32472],[126.94842,37.36178],[126.94164,37.37612],[126.93672,37.38195],[126.93283,37.3918],[126.92464,37.3996],[126.90749,37.42098],[126.90421,37.42682],[126.90169,37.43837],[126.88045,37.48673],[126.87853,37.49889],[126.879,37.50057],[126.88279,37.50393],[126.89029,37.50845],[126.90999,37.51675],[126.91748,37.51712],[126.92541,37.51341],[126.93795,37.51378],[126.94497,37.51456],[126.94736,37.51556],[126.95787,37.52493],[126.97063,37.53464],[126.97237,37.55586],[126.97683,37.56375],[126.9768,37.56911],[126.9776,37.57005],[127.00857,37.57116],[127.03044,37.57768],[127.03886,37.57812],[127.04757,37.58115],[127.05345,37.58708],[127.06034,37.59138],[127.0676,37.60241],[127.06728,37.61154],[127.06172,37.62374]]}},{"type":"Feature","properties":{"mode":"subway","kind":"route","lod":"coarse"},"geometry":{"type":"LineString","coordinates":[[126.95293,36.7702],[126.96094,36.77306],[126.98168,36.78265],[126.98656,36.78353],[126.9937,36.78326],[126.99999,36.78109],[127.01424,36.77902],[127.02995,36.77157],[127.03639,36.7711],[127.06226,36.78143],[127.0876,36.78921],[127.10554,36.79242],[127.11763,36.79256],[127.12035,36.79326],[127.12942,36.79881],[127.14527,36.80564],[127.14825,36.81759],[127.14928,36.82733],[127.14862,36.83637],[127.14518,36.8548],[127.14653,36.86426],[127.12768,36.90528],[127.12398,36.94912],[127.12207,36.952],[127.07253,37.00424],[127.0682,37.03598],[127.06578,37.03897],[127.05443,37.04631],[127.05237,37.04938],[127.05452,37.07221],[127.05419,37.08018],[127.0605,37.09602],[127.06726,37.15053],[127.06247,37.17129],[127.05971,37.17516],[127.04684,37.18349],[127.04321,37.18735],[127.01044,37.25017],[127.00086,37.26355],[126.9869,37.28799],[126.97642,37.2991],[126.96325,37.30116],[126.96091,37.30218],[126.95325,37.30788],[126.94878,37.31471],[126.94772,37.32392],[126.94824,37.36173],[126.94117,37.37665],[126.93625,37.3823],[126.93258,37.39173],[126.92376,37.40035],[126.9075,37.42056],[126.90404,37.42676],[126.90116,37.43921],[126.88012,37.48716],[126.87841,37.49915],[126.87907,37.50086],[126.88266,37.50402],[126.89035,37.5086],[126.90998,37.51679],[126.91827,37.51698],[126.92535,37.51344],[126.93794,37.51382],[126.9445,37.51452],[126.94732,37.51558],[126.95783,37.52495],[126.97057,37.53465],[126.97219,37.55582],[126.97666,37.56355],[126.97666,37.56911],[126.97744,37.57008],[127.0083,37.57115],[127.03093,37.57788],[127.03894,37.57822],[127.04758,37.58139],[127.05374,37.58736],[127.06022,37.59132],[127.06744,37.60209],[127.06726,37.61129],[127.06172,37.62374]]}},{"type":"Feature","properties":{"mode":"subway","kind":"route","lod":"coarse"},"geometry":{"type":"LineString","coordinates":[[127.05182,37.19567],[127.04659,37.19823],[127.03678,37.20081],[127.03517,37.20223],[127.01044,37.25017],[127.00086,37.26355],[126.98617,37.28885],[126.97642,37.2991],[126.96325,37.30116],[126.96091,37.30218],[126.95325,37.30788],[126.94878,37.31471],[126.94772,37.32392],[126.94824,37.36173],[126.94117,37.37665],[126.93625,37.3823],[126.93258,37.39173],[126.92376,37.40035],[126.9075,37.42056],[126.90404,37.42676],[126.90116,37.43921],[126.88012,37.48716],[126.87841,37.49934],[126.88266,37.50402],[126.89035,37.5086],[126.90998,37.51679],[126.91827,37.51698],[126.92535,37.51344],[126.93794,37.51382],[126.9445,37.51452],[126.94732,37.51558],[126.95783,37.52495],[126.97057,37.53465],[126.97219,37.55582],[126.97666,37.56355],[126.97666,37.56911],[126.97744,37.57008],[127.0083,37.57115],[127.03093,37.57788],[127.03894,37.57822],[127.04758,37.58139],[127.05374,37.58736],[127.06022,37.59132],[127.06744,37.60209],[127.06726,37.61129],[127.06172,37.62374]]}},{"type":"Feature","properties":{"mode":"subway","kind":"route","lod":"coarse"},"geometry":{"type":"LineString","coordinates":[[127.05182,37.19567],[127.04659,37.19823],[127.03814,37.20052],[127.03589,37.20204],[127.01061,37.25025],[127.00613,37.25562],[126.98581,37.28965],[126.97657,37.29926],[126.96368,37.30125],[126.96103,37.30233],[126.95381,37.30757],[126.94893,37.31482],[126.94794,37.32472],[126.94842,37.36178],[126.94164,37.37612],[126.93672,37.38195],[126.93283,37.3918],[126.92464,37.3996],[126.90749,37.42098],[126.90421,37.42682],[126.90169,37.43837],[126.88045,37.48673],[126.87851,37.49935],[126.88324,37.50428],[126.89029,37.50845],[126.90999,37.51675],[126.91748,37.51712],[126.92541,37.51341],[126.93795,37.51378],[126.94497,37.51456],[126.94736,37.51556],[126.95787,37.52493],[126.97063,37.53464],[126.97237,37.55586],[126.97683,37.56375],[126.9768,37.56911],[126.9776,37.57005],[127.00857,37.57116],[127.03044,37.57768],[127.03886,37.57812],[127.04757,37.58115],[127.05345,37.58708],[127.06034,37.59138],[127.0676,37.60241],[127.06728,37.61154],[127.06172,37.62374]]}},{"type":"Feature","properties":{"mode":"subway","kind":"route","lod":"coarse"},"geometry":{"type":"LineString","coordinates":[[126.96492,37.52974],[126.95791,37.5249],[126.94632,37.51468],[126.92541,37.51332],[126.91745,37.51701],[126.91002,37.51666],[126.89071,37.50861],[126.88362,37.50435],[126.8786,37.50006],[126.86514,37.49419],[126.86215,37.49397],[126.85182,37.49584],[126.8391,37.4932],[126.82563,37.49288],[126.8219,37.49171],[126.81468,37.48626],[126.80372,37.4826],[126.79144,37.48279],[126.76027,37.48721],[126.71755,37.48965],[126.70794,37.48379],[126.70403,37.48043],[126.70253,37.46765],[126.70138,37.46602],[126.69924,37.46506],[126.68679,37.46448],[126.66143,37.46683],[126.64774,37.46689],[126.63756,37.47121],[126.63375,37.47452]]}},{"type":"Feature","properties":{"mode":"subway","kind":"route","lod":"coarse"},"geometry":{"type":"LineString","coordinates":[[126.96346,37.5286],[126.95795,37.52488],[126.94676,37.51469],[126.9254,37.51329],[126.91744,37.51698],[126.91005,37.51664],[126.8904,37.50832],[126.88371,37.50429],[126.87908,37.50023],[126.86517,37.49415],[126.8627,37.49385],[126.85182,37.49581],[126.83911,37.49316],[126.82563,37.49285],[126.82171,37.49154],[126.8151,37.48642],[126.80373,37.48257],[126.79144,37.48275],[126.76027,37.48718],[126.71757,37.48961],[126.70818,37.48393],[126.70407,37.48041],[126.7026,37.46763],[126.70143,37.46599],[126.69894,37.46497],[126.68679,37.46444],[126.66142,37.46679],[126.64773,37.46686],[126.63754,37.47118],[126.63241,37.47568]]}},{"type":"Feature","properties":{"mode":"subway","kind":"route","lod":"coarse"},"geometry":{"type":"LineString","coordinates":[[126.80154,37.56197],[126.80837,37.56201],[126.81473,37.56745],[126.83245,37.56646],[126.83744,37.56892],[126.84047,37.56883],[126.86269,37.55699],[126.86409,37.55145],[126.87041,37.54783],[126.88069,37.54666],[126.88513,37.542],[126.90433,37.53264],[126.91593,37.52985],[126.92953,37.51607],[126.93196,37.51461],[126.93632,37.51337],[126.94498,37.51375],[126.95002,37.5127],[126.9564,37.51307],[126.96116,37.51135],[126.9654,37.50743],[126.97337,37.50521],[126.98342,37.50077],[126.99166,37.50231],[127.0071,37.50674],[127.01766,37.50309],[127.0198,37.50308],[127.05344,37.51307],[127.06838,37.51547],[127.07814,37.51037],[127.07988,37.5066],[127.09353,37.50274],[127.09878,37.50253],[127.10571,37.50455],[127.1094,37.50663],[127.11578,37.51615],[127.11765,37.51743],[127.12083,37.5173],[127.12419,37.5147],[127.12741,37.51417],[127.1299,37.51549],[127.13407,37.52081],[127.13638,37.52066],[127.14127,37.51868],[127.14371,37.5189],[127.14497,37.52004],[127.14829,37.52827]]}},{"type":"Feature","properties":{"mode":"subway","kind":"route","lod":"coarse"},"geometry":{"type":"LineString","coordinates":[[127.04615,37.73751],[127.04751,37.7259],[127.04644,37.71584],[127.04778,37.7078],[127.04562,37.69619],[127.0464,37.68493],[127.04417,37.67045],[127.04491,37.66061],[127.05231,37.64258],[127.05867,37.63555],[127.05908,37.62997],[127.06728,37.61154],[127.06721,37.6014],[127.05995,37.591],[127.05408,37.58756],[127.04823,37.58162],[127.04499,37.58],[127.03854,37.57806],[127.03134,37.5779],[127.00831,37.57112],[126.97738,37.56993],[126.97683,37.56375],[126.97237,37.55586],[126.97063,37.53464],[126.94665,37.51512],[126.93795,37.51378],[126.92541,37.51341],[126.91748,37.51712],[126.90999,37.51675],[126.89029,37.50845],[126.88353,37.50443],[126.87884,37.5005],[126.86521,37.49407],[126.86212,37.49382],[126.85182,37.49577],[126.83911,37.49312],[126.826,37.49282],[126.82174,37.4915],[126.81475,37.48617],[126.8031,37.48243],[126.79142,37.48267],[126.76026,37.48713],[126.71758,37.48958],[126.7089,37.48434],[126.70412,37.48039],[126.70266,37.46761],[126.70112,37.4657],[126.69894,37.46493],[126.68679,37.46441],[126.66141,37.46674],[126.64644,37.46704],[126.6372,37.47134],[126.62954,37.47811],[126.6238,37.48124],[126.61896,37.48004],[126.61702,37.47642]]}},{"type":"Feature","properties":{"mode":"subway","kind":"route","lod":"coarse"},"geometry":{"type":"LineString","coordinates":[[126.61702,37.47642],[126.61896,37.48004],[126.6238,37.48124],[126.62954,37.47811],[126.6372,37.47134],[126.64644,37.46704],[126.66141,37.46674],[126.68679,37.46441],[126.69856,37.46489],[126.70112,37.4657],[126.70266,37.46761],[126.70412,37.48039],[126.7089,37.48434],[126.71816,37.48969],[126.76026,37.48713],[126.79142,37.48267],[126.80243,37.48239],[126.81435,37.48599],[126.82174,37.4915],[126.826,37.49282],[126.83911,37.49312],[126.85182,37.49577],[126.86471,37.49394],[126.87884,37.5005],[126.88353,37.50443],[126.89029,37.50845],[126.90999,37.51675],[126.91748,37.51712],[126.92541,37.51341],[126.93795,37.51378],[126.94497,37.51456],[126.94736,37.51556],[126.95787,37.52493],[126.97063,37.53464],[126.97237,37.55586],[126.97683,37.56375],[126.9768,37.56911],[126.9776,37.57005],[127.00857,37.57116],[127.03044,37.57768],[127.03886,37.57812],[127.04757,37.58115],[127.05345,37.58708],[127.06034,37.59138],[127.06698,37.60093],[127.06784,37.60501],[127.06728,37.61154],[127.05908,37.62997],[127.05851,37.63595],[127.05231,37.64258],[127.04491,37.66061],[127.04417,37.67045],[127.0464,37.68493],[127.04562,37.69619],[127.04778,37.7078],[127.04644,37.71584],[127.04751,37.7259],[127.04646,37.73642],[127.04498,37.74677],[127.04224,37.75468],[127.04243,37.76075],[127.0449,37.77421]]}},{"type":"Feature","properties":{"mode":"subway","kind":"route","lod":"coarse"},"geometry":{"type":"LineString","coordinates":[[127.14643,36.8112],[127.14825,36.81759],[127.14928,36.82733],[127.1484,36.83812],[127.14518,36.8548],[127.14665,36.8636],[127.12768,36.90528],[127.12398,36.94912],[127.12207,36.952],[127.07253,37.00424],[127.0682,37.03598],[127.06578,37.03897],[127.05443,37.04631],[127.05237,37.04938],[127.05452,37.07221],[127.05419,37.08018],[127.0605,37.09602],[127.06726,37.15053],[127.06247,37.17129],[127.05971,37.17516],[127.04684,37.18349],[127.04321,37.18735],[127.01044,37.25017],[127.00086,37.26355],[126.9869,37.28799],[126.97642,37.2991],[126.96325,37.30116],[126.96091,37.30218],[126.95325,37.30788],[126.94878,37.31471],[126.94772,37.32392],[126.94824,37.36173],[126.94117,37.37665],[126.93625,37.3823],[126.93258,37.39173],[126.92376,37.40035],[126.9075,37.42056],[126.90404,37.42676],[126.90116,37.43921],[126.88012,37.48716],[126.87844,37.4989],[126.87887,37.50062],[126.88266,37.50402],[126.89035,37.5086],[126.90998,37.51679],[126.91827,37.51698],[126.92535,37.51344],[126.93794,37.51382],[126.9445,37.51452],[126.94732,37.51558],[126.95783,37.52495],[126.97057,37.53465],[126.97219,37.55582],[126.97666,37.56355],[126.97666,37.56911],[126.97744,37.57008],[127.0083,37.57115],[127.03093,37.57788],[127.03894,37.57822],[127.04616,37.58061]]}},{"type":"Feature","properties":{"mode":"subway","kind":"route","lod":"coarse"},"geometry":{"type":"LineString","coordinates":[[127.04362,37.57958],[127.03807,37.57799],[127.03134,37.5779],[127.00831,37.57112],[126.9776,37.57005],[126.9768,37.56911],[126.97683,37.56375],[126.97237,37.55586],[126.97063,37.53464],[126.95787,37.52493],[126.94736,37.51556],[126.94497,37.51456],[126.93795,37.51378],[126.92541,37.51341],[126.91748,37.51712],[126.90999,37.51675],[126.89029,37.50845],[126.88279,37.50393],[126.879,37.50057],[126.87853,37.49889],[126.88045,37.48673],[126.90169,37.43837],[126.90421,37.42682],[126.90749,37.42098],[126.92464,37.3996],[126.93283,37.3918],[126.93672,37.38195],[126.94164,37.37612],[126.94842,37.36178],[126.94794,37.32472],[126.94893,37.31482],[126.95381,37.30757],[126.96103,37.30233],[126.96368,37.30125],[126.97657,37.29926],[126.98741,37.28776],[127.00613,37.25562],[127.01061,37.25025],[127.04348,37.18717],[127.04675,37.18377],[127.05989,37.1752],[127.0626,37.17135],[127.06744,37.1506],[127.06074,37.09606],[127.05437,37.08025],[127.05462,37.07126],[127.05253,37.04944],[127.0546,37.04634],[127.06569,37.03924],[127.06819,37.03637],[127.07268,37.00431],[127.12413,36.94951],[127.12779,36.90551],[127.14652,36.8653],[127.14689,36.86202],[127.14546,36.85395],[127.1504,36.82737],[127.14551,36.80583],[127.1296,36.79886],[127.11918,36.7928],[127.10832,36.79268],[127.08826,36.78934],[127.06228,36.7814],[127.03575,36.77094],[127.03008,36.77149],[127.01419,36.77898],[126.99997,36.78105],[126.9941,36.78316],[126.98631,36.7835],[126.98133,36.78247],[126.96096,36.77301],[126.94758,36.76832]]}},{"type":"Feature","properties":{"mode":"subway","kind":"route","lod":"coarse"},"geometry":{"type":"LineString","coordinates":[[126.95293,36.7702],[126.96094,36.77306],[126.98168,36.78265],[126.98656,36.78353],[126.9937,36.78326],[126.99999,36.78109],[127.01424,36.77902],[127.02995,36.77157],[127.03639,36.7711],[127.06226,36.78143],[127.0876,36.78921],[127.10554,36.79242],[127.11763,36.79256],[127.12035,36.79326],[127.12942,36.79881],[127.14527,36.80564],[127.14834,36.81834],[127.14928,36.82733],[127.14862,36.83637],[127.14518,36.8548],[127.14653,36.86426],[127.12768,36.90528],[127.12376,36.94965],[127.07253,37.00424],[127.0682,37.03598],[127.06578,37.03897],[127.05443,37.04631],[127.05237,37.04938],[127.05452,37.07221],[127.05419,37.08018],[127.0605,37.09602],[127.06726,37.15053],[127.06247,37.17129],[127.05971,37.17516],[127.04684,37.18349],[127.04321,37.18735],[127.01044,37.25017],[127.00086,37.26355],[126.9869,37.28799],[126.97642,37.2991],[126.96325,37.30116],[126.96091,37.30218],[126.95325,37.30788],[126.94878,37.31471],[126.94772,37.32392],[126.94824,37.36173],[126.94117,37.37665],[126.93625,37.3823],[126.93258,37.39173],[126.92376,37.40035],[126.9075,37.42056],[126.90404,37.42676],[126.90116,37.43921],[126.88012,37.48716],[126.87844,37.4989],[126.87887,37.50062],[126.88266,37.50402],[126.89035,37.5086],[126.90998,37.51679],[126.91827,37.51698],[126.92535,37.51344],[126.93794,37.51382],[126.9445,37.51452],[126.94732,37.51558],[126.95783,37.52495],[126.97057,37.53465],[126.97219,37.55582],[126.97666,37.56355],[126.97666,37.56911],[126.97744,37.57008],[127.0083,37.57115],[127.03093,37.57788],[127.03894,37.57822],[127.04616,37.58061]]}},{"type":"Feature","properties":{"mode":"subway","kind":"route","lod":"coarse"},"geometry":{"type":"LineString","coordinates":[[127.1467,36.81066],[127.15041,36.82755],[127.14546,36.85395],[127.14676,36.86433],[127.12793,36.90496],[127.12413,36.94951],[127.07268,37.00431],[127.06819,37.03637],[127.06569,37.03924],[127.0546,37.04634],[127.05253,37.04944],[127.05462,37.07126],[127.05437,37.08025],[127.06074,37.09606],[127.06744,37.1506],[127.0626,37.17135],[127.05989,37.1752],[127.04675,37.18377],[127.04348,37.18717],[127.01061,37.25025],[127.00613,37.25562],[126.98732,37.28774],[126.97712,37.29887],[126.97433,37.29991],[126.96364,37.30119],[126.96099,37.30229],[126.9538,37.30751],[126.94929,37.31409],[126.94783,37.32393],[126.94837,37.36176],[126.94125,37.37669],[126.93641,37.38235],[126.93278,37.39178],[126.92373,37.40062],[126.90763,37.42062],[126.90467,37.42583],[126.90164,37.43836],[126.88025,37.48718],[126.87948,37.49752],[126.88078,37.50123],[126.88926,37.50762],[126.89751,37.51138],[126.91148,37.51675],[126.91815,37.51668],[126.92567,37.51308],[126.93267,37.51443],[126.93853,37.51392],[126.94676,37.51547],[126.95697,37.52436],[126.97021,37.53422],[126.97119,37.53792],[126.97153,37.5531]]}},{"type":"Feature","properties":{"mode":"subway","kind":"route","lod":"coarse"},"geometry":{"type":"LineString","coordinates":[[127.14643,36.8112],[127.14825,36.81759],[127.14928,36.82733],[127.1484,36.83812],[127.14518,36.8548],[127.14665,36.8636],[127.12768,36.90528],[127.12398,36.94912],[127.12207,36.952],[127.07253,37.00424],[127.0682,37.03598],[127.06578,37.03897],[127.05443,37.04631],[127.05237,37.04938],[127.05452,37.07221],[127.05419,37.08018],[127.0605,37.09602],[127.06726,37.15053],[127.06247,37.17129],[127.05971,37.17516],[127.04684,37.18349],[127.04321,37.18735],[127.01044,37.25017],[127.00594,37.25556],[126.98724,37.2877],[126.97755,37.29851],[126.97431,37.29988],[126.96376,37.30113],[126.96098,37.30221],[126.95328,37.30792],[126.94883,37.31475],[126.9478,37.32391],[126.9483,37.36175],[126.9412,37.37667],[126.93637,37.38234],[126.9327,37.39178],[126.92475,37.39934],[126.90759,37.42061],[126.90517,37.42476],[126.90121,37.43923],[126.8802,37.48717],[126.87943,37.49753],[126.88074,37.50124],[126.88924,37.50766],[126.89749,37.51141],[126.91148,37.51679],[126.91816,37.51671],[126.92306,37.51378],[126.92588,37.51313],[126.93265,37.51447],[126.93853,37.51396],[126.94672,37.5155],[126.97035,37.53485],[126.97153,37.5531]]}},{"type":"Feature","properties":{"mode":"subway","kind":"route","lod":"coarse"},"geometry":{"type":"LineString","coordinates":[[126.88248,37.50326],[126.89029,37.50845],[126.90999,37.51675],[126.91748,37.51712],[126.92541,37.51341],[126.93795,37.51378],[126.94665,37.51512],[126.97063,37.53464],[126.97237,37.55586],[126.97683,37.56375],[126.97738,37.56993],[127.00831,37.57112],[127.03134,37.5779],[127.03854,37.57806],[127.04499,37.58],[127.04823,37.58162],[127.05408,37.58756],[127.05995,37.591],[127.06679,37.6006],[127.06782,37.60375],[127.06758,37.6103],[127.05908,37.62997],[127.05867,37.63555],[127.05231,37.64258],[127.04489,37.66076],[127.04417,37.67045],[127.0464,37.68493],[127.04562,37.69619],[127.04778,37.7078],[127.04644,37.71584],[127.04751,37.7259],[127.04646,37.73642],[127.04498,37.74677],[127.04224,37.75468],[127.04243,37.76075],[127.0449,37.77421]]}},{"type":"Feature","properties":{"mode":"subway","kind":"route","lod":"coarse"},"geometry":{"type":"LineString","coordinates":[[127.05497,37.92755],[127.05734,37.91251],[127.05511,37.8811],[127.05902,37.8742],[127.06127,37.86777],[127.06072,37.85061],[127.06293,37.83047],[127.0555,37.81606],[127.05032,37.8094],[127.05073,37.80399],[127.04918,37.7979],[127.05099,37.78759],[127.05001,37.78443],[127.04523,37.77884],[127.04224,37.75468],[127.04516,37.74588],[127.04751,37.7259],[127.04643,37.71614],[127.04775,37.70705],[127.04562,37.69619],[127.04636,37.68397],[127.04417,37.67045],[127.04491,37.66061],[127.05231,37.64258],[127.05846,37.63607],[127.05908,37.62997],[127.06771,37.60936],[127.06734,37.6017],[127.06034,37.59138],[127.05345,37.58708],[127.04757,37.58115],[127.03905,37.57816],[127.03134,37.5779],[127.00831,37.57112],[126.97738,37.56993],[126.97683,37.56375],[126.97237,37.55586],[126.97063,37.53464],[126.94567,37.51474],[126.92504,37.51343],[126.91826,37.51695],[126.90999,37.51675],[126.89029,37.50845],[126.88353,37.50443],[126.87884,37.5005],[126.86521,37.49407],[126.86212,37.49382],[126.85182,37.49577],[126.83911,37.49312],[126.826,37.49282],[126.82174,37.4915],[126.81475,37.48617],[126.8031,37.48243],[126.79142,37.48267],[126.76026,37.48713],[126.71758,37.48958],[126.7089,37.48434],[126.70412,37.48039],[126.70266,37.46761],[126.70112,37.4657],[126.69894,37.46493],[126.68679,37.46441],[126.66141,37.46674],[126.64644,37.46704],[126.6372,37.47134],[126.62954,37.47811],[126.6238,37.48124],[126.61896,37.48004],[126.61702,37.47642]]}},{"type":"Feature","properties":{"mode":"subway","kind":"route","lod":"coarse"},"geometry":{"type":"LineString","coordinates":[[126.61707,37.47746],[126.61943,37.48036],[126.62479,37.48107],[126.62966,37.47818],[126.63758,37.47124],[126.64776,37.46695],[126.66144,37.46688],[126.68679,37.46452],[126.69856,37.46502],[126.70101,37.46581],[126.70247,37.46767],[126.70398,37.48044],[126.70752,37.48362],[126.71812,37.48981],[126.76156,37.48715],[126.79145,37.48283],[126.80244,37.48251],[126.81462,37.48634],[126.82187,37.49175],[126.82536,37.49293],[126.83909,37.49324],[126.85182,37.49588],[126.86216,37.49406],[126.8651,37.49426],[126.8783,37.50033],[126.88313,37.5043],[126.89102,37.50894],[126.90998,37.51679],[126.91827,37.51698],[126.92535,37.51344],[126.93794,37.51382],[126.9445,37.51452],[126.94732,37.51558],[126.95783,37.52495],[126.97057,37.53465],[126.97219,37.55582],[126.97666,37.56355],[126.97666,37.56911],[126.97744,37.57008],[127.0083,37.57115],[127.03093,37.57788],[127.03894,37.57822],[127.04784,37.58157],[127.05341,37.5871],[127.0604,37.59152],[127.06696,37.60098],[127.06779,37.60496],[127.06726,37.61129],[127.05904,37.62992],[127.05853,37.63578],[127.05234,37.64243],[127.04483,37.66077],[127.04412,37.67054],[127.04635,37.68432],[127.04556,37.69602],[127.04773,37.70752],[127.04637,37.71614],[127.04712,37.72955],[127.04499,37.74649],[127.04219,37.75468],[127.0424,37.76084],[127.0449,37.77421]]}},{"type":"Feature","properties":{"mode":"subway","kind":"route","lod":"coarse"},"geometry":{"type":"LineString","coordinates":[[126.61707,37.47746],[126.61943,37.48036],[126.62479,37.48107],[126.62966,37.47818],[126.63758,37.47124],[126.64776,37.46695],[126.66144,37.46688],[126.68679,37.46452],[126.69894,37.46506],[126.70134,37.46605],[126.70247,37.46767],[126.70398,37.48044],[126.70752,37.48362],[126.71812,37.48981],[126.76156,37.48715],[126.79145,37.48283],[126.80308,37.48256],[126.81462,37.48634],[126.82187,37.49175],[126.82536,37.49293],[126.83909,37.49324],[126.85182,37.49588],[126.86216,37.49406],[126.8651,37.49426],[126.8783,37.50033],[126.88313,37.5043],[126.89102,37.50894],[126.90998,37.51679],[126.91827,37.51698],[126.92535,37.51344],[126.93794,37.51382],[126.9445,37.51452],[126.94732,37.51558],[126.95783,37.52495],[126.97057,37.53465],[126.97219,37.55582],[126.977,37.56448],[126.97711,37.56986],[127.0083,37.57115],[127.03093,37.57788],[127.03894,37.57822],[127.04537,37.58026],[127.0496,37.58301],[127.05374,37.58736],[127.06022,37.59132],[127.06708,37.60122],[127.06752,37.6103],[127.05904,37.62992],[127.05853,37.63578],[127.05234,37.64243],[127.04483,37.66077],[127.04412,37.67054],[127.04635,37.68432],[127.04556,37.69602],[127.04773,37.70752],[127.04638,37.71591],[127.04733,37.726],[127.04615,37.73751]]}},{"type":"Feature","properties":{"mode":"subway","kind":"route","lod":"coarse"},"geometry":{"type":"LineString","coordinates":[[127.14643,36.8112],[127.14825,36.81759],[127.14928,36.82733],[127.1484,36.83812],[127.14518,36.8548],[127.14665,36.8636],[127.12768,36.90528],[127.12437,36.94799],[127.12207,36.952],[127.07221,37.00484],[127.0682,37.03598],[127.06578,37.03897],[127.05443,37.04631],[127.05223,37.05009],[127.05452,37.07221],[127.05409,37.0795],[127.05709,37.08753]]}},{"type":"Feature","properties":{"mode":"subway","kind":"route","lod":"coarse"},"geometry":{"type":"LineString","coordinates":[[126.61707,37.47746],[126.61943,37.48036],[126.62479,37.48107],[126.62966,37.47818],[126.63758,37.47124],[126.64776,37.46695],[126.66144,37.46688],[126.68679,37.46452],[126.69894,37.46506],[126.70134,37.46605],[126.70247,37.46767],[126.70398,37.48044],[126.70752,37.48362],[126.71812,37.48981],[126.76156,37.48715],[126.79145,37.48283],[126.80308,37.48256],[126.81462,37.48634],[126.82187,37.49175],[126.82536,37.49293],[126.83909,37.49324],[126.85182,37.49588],[126.86216,37.49406],[126.8651,37.49426],[126.8783,37.50033],[126.88313,37.5043],[126.89102,37.50894],[126.90998,37.51679],[126.91827,37.51698],[126.92535,37.51344],[126.94565,37.51477],[126.97057,37.53465],[126.97219,37.55582],[126.977,37.56448],[126.97731,37.57],[127.0083,37.57115],[127.03093,37.57788],[127.03894,37.57822],[127.04688,37.58094],[127.05374,37.58736],[127.06022,37.59132],[127.06729,37.60171],[127.06764,37.60962],[127.05904,37.62992],[127.05846,37.63595],[127.05234,37.64243],[127.04488,37.66046],[127.0441,37.67014],[127.04635,37.68432],[127.04561,37.69667],[127.04773,37.70752],[127.04637,37.71614],[127.04732,37.72659],[127.04505,37.74618],[127.04219,37.75468],[127.04519,37.77889],[127.04998,37.78447],[127.05097,37.78778],[127.04913,37.7978],[127.05071,37.8043],[127.05025,37.80942],[127.05543,37.81605],[127.06288,37.83051],[127.06059,37.85228],[127.06122,37.86776],[127.05896,37.8742],[127.05507,37.88109],[127.05729,37.91251],[127.05497,37.92755]]}},{"type":"Feature","properties":{"mode":"subway","kind":"route","lod":"coarse"},"geometry":{"type":"LineString","coordinates":[[127.04674,37.68881],[127.05528,37.68201],[127.05542,37.6736],[127.06163,37.65013],[127.07299,37.62561],[127.07759,37.61144],[127.07966,37.60104],[127.08531,37.59688],[127.08881,37.58339],[127.08603,37.56909],[127.07364,37.54639],[127.06197,37.52204],[127.05689,37.52001],[127.0413,37.5172],[127.01,37.50767],[127.00759,37.50484],[127.00291,37.50219],[127.0018,37.49546],[126.99756,37.48909],[126.98961,37.48643],[126.9822,37.48541],[126.97524,37.48323],[126.9699,37.48514],[126.965,37.48881],[126.95658,37.49288],[126.94645,37.50466],[126.94474,37.50521],[126.93929,37.50504],[126.93024,37.49977],[126.90577,37.50018],[126.90334,37.49701],[126.88857,37.48759],[126.88622,37.48481],[126.88518,37.48117],[126.86633,37.47566],[126.84249,37.48286],[126.83748,37.48802],[126.8232,37.4922]]}},{"type":"Feature","properties":{"mode":"subway","kind":"route","lod":"coarse"},"geometry":{"type":"LineString","coordinates":[[126.8232,37.4922],[126.83748,37.48802],[126.84249,37.48286],[126.86633,37.47566],[126.88518,37.48117],[126.88622,37.48481],[126.88857,37.48759],[126.90334,37.49701],[126.90577,37.50018],[126.93024,37.49977],[126.93929,37.50504],[126.94474,37.50521],[126.94645,37.50466],[126.95658,37.49288],[126.965,37.48881],[126.9699,37.48514],[126.97524,37.48323],[126.9822,37.48541],[126.98961,37.48643],[126.99756,37.48909],[127.0018,37.49546],[127.00291,37.50219],[127.00759,37.50484],[127.01,37.50767],[127.0413,37.5172],[127.05689,37.52001],[127.06197,37.52204],[127.07364,37.54639],[127.08603,37.56909],[127.08881,37.58339],[127.08531,37.59688],[127.07966,37.60104],[127.07759,37.61144],[127.07299,37.62561],[127.06163,37.65013],[127.05542,37.6736],[127.05528,37.68201],[127.04643,37.68949],[127.04643,37.69346],[127.0497,37.6956],[127.05308,37.70018]]}},{"type":"Feature","properties":{"mode":"subway","kind":"route","lod":"coarse"},"geometry":{"type":"LineString","coordinates":[[127.07844,37.66958],[127.0761,37.6667],[127.07546,37.66267],[127.07134,37.65881],[127.06236,37.65612],[127.03632,37.65097],[127.03192,37.64403],[127.02339,37.63577],[127.02359,37.63284],[127.02979,37.61718],[127.03023,37.60972],[127.0254,37.60435],[127.02101,37.59628],[127.01782,37.59345],[127.00296,37.58725],[127.00137,37.5857],[127.00242,37.57685],[127.0054,37.57521],[127.00982,37.56981],[127.00957,37.56755],[127.0074,37.56443],[126.99365,37.56111],[126.98251,37.56055],[126.97289,37.55587],[126.97177,37.54725],[126.97418,37.53602],[126.96661,37.52798],[126.96623,37.52652],[126.9671,37.5251],[126.97029,37.52337],[126.98177,37.52006],[126.98318,37.51888],[126.98319,37.51581],[126.98015,37.50423],[126.98325,37.49906],[126.98158,37.47626]]}},{"type":"Feature","properties":{"mode":"subway","kind":"route","lod":"coarse"},"geometry":{"type":"LineString","coordinates":[[127.07844,37.66958],[127.0761,37.6667],[127.07546,37.66267],[127.07134,37.65881],[127.06236,37.65612],[127.03632,37.65097],[127.03192,37.64403],[127.02339,37.63577],[127.02359,37.63284],[127.02979,37.61718],[127.03023,37.60972],[127.0254,37.60435],[127.02101,37.59628],[127.01782,37.59345],[127.00296,37.58725],[127.00137,37.5857],[127.00242,37.57685],[127.0054,37.57521],[127.00982,37.56981],[127.00957,37.56755],[127.0074,37.56443],[126.99365,37.56111],[126.98251,37.56055],[126.97289,37.55587],[126.97177,37.54725],[126.97418,37.53602],[126.96661,37.52798],[126.96623,37.52652],[126.9671,37.5251],[126.97029,37.52337],[126.98177,37.52006],[126.98318,37.51888],[126.98319,37.51581],[126.98015,37.50423],[126.98325,37.49906],[126.98197,37.474],[126.98428,37.46998],[126.98765,37.4667],[126.99245,37.45796],[127.00277,37.45116],[127.00791,37.44383],[127.00851,37.43868],[127.00468,37.43359],[126.99544,37.43247],[126.98308,37.41994],[126.98006,37.41418],[126.97679,37.40005],[126.97569,37.39858],[126.94821,37.38897],[126.93979,37.38292],[126.93922,37.37971],[126.94639,37.36763],[126.94642,37.36571],[126.9271,37.35422],[126.92403,37.34541],[126.9215,37.33359],[126.90216,37.31039],[126.898,37.30705],[126.8837,37.30311],[126.87266,37.30239],[126.86212,37.3032],[126.85838,37.30492],[126.84723,37.31518],[126.81358,37.31748],[126.80191,37.32253],[126.79578,37.32398],[126.78789,37.32732]]}},{"type":"Feature","properties":{"mode":"subway","kind":"route","lod":"coarse"},"geometry":{"type":"LineString","coordinates":[[127.07844,37.66958],[127.0761,37.6667],[127.07546,37.66267],[127.07134,37.65881],[127.06236,37.65612],[127.03632,37.65097],[127.03192,37.64403],[127.02339,37.63577],[127.02359,37.63284],[127.02979,37.61718],[127.03023,37.60972],[127.0254,37.60435],[127.02101,37.59628],[127.01782,37.59345],[127.00296,37.58725],[127.00137,37.5857],[127.00242,37.57685],[127.0054,37.57521],[127.00982,37.56981],[127.00957,37.56755],[127.0074,37.56443],[126.99365,37.56111],[126.98251,37.56055],[126.97289,37.55587],[126.97177,37.54725],[126.97418,37.53602],[126.96661,37.52798],[126.96623,37.52652],[126.9671,37.5251],[126.97029,37.52337],[126.98177,37.52006],[126.98318,37.51888],[126.98319,37.51581],[126.98015,37.50423],[126.98325,37.49906],[126.98197,37.474],[126.98428,37.46998],[126.98765,37.4667],[126.99245,37.45796],[127.00277,37.45116],[127.00791,37.44383],[127.00851,37.43868],[127.00468,37.43359],[126.99544,37.43247],[126.98308,37.41994],[126.98006,37.41418],[126.97679,37.40005],[126.97569,37.39858],[126.94821,37.38897],[126.93979,37.38292],[126.93922,37.37971],[126.94639,37.36763],[126.94642,37.36571],[126.9271,37.35422],[126.92403,37.34541],[126.9215,37.33359],[126.90026,37.30835],[126.89699,37.30669],[126.8837,37.30311],[126.87266,37.30239],[126.86314,37.30306],[126.85877,37.30462],[126.84988,37.31349],[126.84677,37.31532],[126.81239,37.31781],[126.80191,37.32253],[126.79465,37.32439],[126.7766,37.33253],[126.76115,37.34078],[126.75451,37.34833],[126.73898,37.35308],[126.73659,37.35668],[126.73872,37.3628]]}},{"type":"Feature","properties":{"mode":"subway","kind":"route","lod":"coarse"},"geometry":{"type":"LineString","coordinates":[[126.73828,37.36109],[126.73668,37.35625],[126.73896,37.35314],[126.75478,37.34826],[126.7613,37.34074],[126.77686,37.33244],[126.79468,37.32442],[126.80126,37.32282],[126.81238,37.31785],[126.84679,37.31536],[126.84931,37.31406],[126.8588,37.30464],[126.86316,37.3031],[126.87266,37.30242],[126.88369,37.30316],[126.89697,37.30673],[126.90022,37.30838],[126.92173,37.33409],[126.92398,37.34541],[126.92705,37.35424],[126.94552,37.36516],[126.94574,37.36689],[126.93888,37.37952],[126.93963,37.38298],[126.94819,37.38901],[126.97559,37.39867],[126.97676,37.40009],[126.98,37.41417],[126.98301,37.41997],[126.99528,37.43246],[127.0046,37.43362],[127.00833,37.43842],[127.00787,37.44379],[127.00439,37.44883],[127.0018,37.45201],[126.99539,37.4552],[126.98204,37.474],[126.98331,37.49903],[126.9802,37.50423],[126.98324,37.51582],[126.98323,37.5189],[126.9818,37.5201],[126.96986,37.5236],[126.96629,37.52653],[126.9668,37.5281],[126.97426,37.53602],[126.97197,37.54514],[126.9728,37.55552],[126.98253,37.56052],[126.99362,37.56107],[127.00738,37.56437],[127.00942,37.56711],[127.00993,37.5696],[127.00544,37.57525],[127.00248,37.57686],[127.00144,37.58567],[127.00298,37.58722],[127.01834,37.59384],[127.02105,37.59625],[127.02557,37.60443],[127.03028,37.60972],[127.02984,37.6172],[127.02365,37.63286],[127.02344,37.63574],[127.03198,37.64401],[127.03658,37.65106],[127.05625,37.65472],[127.07117,37.6587],[127.0755,37.66266],[127.07615,37.66669],[127.07972,37.67092]]}},{"type":"Feature","properties":{"mode":"subway","kind":"route","lod":"coarse"},"geometry":{"type":"LineString","coordinates":[[127.07972,37.67092],[127.07615,37.66669],[127.0755,37.66266],[127.07117,37.6587],[127.05625,37.65472],[127.03658,37.65106],[127.03198,37.64401],[127.02344,37.63574],[127.02365,37.63286],[127.02984,37.6172],[127.03028,37.60972],[127.02557,37.60443],[127.02105,37.59625],[127.01834,37.59384],[127.00298,37.58722],[127.00144,37.58567],[127.00248,37.57686],[127.00544,37.57525],[127.00993,37.5696],[127.00942,37.56711],[127.00738,37.56437],[126.99362,37.56107],[126.98253,37.56052],[126.97294,37.5558],[126.97197,37.54514],[126.97426,37.53602],[126.9668,37.5281],[126.96629,37.52653],[126.96986,37.5236],[126.9818,37.5201],[126.98323,37.5189],[126.98324,37.51582],[126.9802,37.50423],[126.98331,37.49903],[126.98183,37.47841]]}},{"type":"Feature","properties":{"mode":"subway","kind":"route","lod":"coarse"},"geometry":{"type":"LineString","coordinates":[[126.61707,37.47746],[126.61943,37.48036],[126.62479,37.48107],[126.62966,37.47818],[126.63758,37.47124],[126.64776,37.46695],[126.66144,37.46688],[126.68679,37.46452],[126.69894,37.46506],[126.70134,37.46605],[126.70247,37.46767],[126.70398,37.48044],[126.70752,37.48362],[126.71812,37.48981],[126.76156,37.48715],[126.79145,37.48283],[126.80308,37.48256],[126.81462,37.48634],[126.82187,37.49175],[126.82536,37.49293],[126.83909,37.49324],[126.85182,37.49588],[126.86216,37.49406],[126.8651,37.49426],[126.8783,37.50033],[126.88313,37.5043],[126.89102,37.50894],[126.90998,37.51679],[126.91827,37.51698],[126.92535,37.51344],[126.94565,37.51477],[126.97057,37.53465],[126.97219,37.55582],[126.977,37.56448],[126.97731,37.57],[127.0083,37.57115],[127.03093,37.57788],[127.03894,37.57822],[127.04688,37.58094],[127.05374,37.58736],[127.06022,37.59132],[127.06729,37.60171],[127.06764,37.60962],[127.05904,37.62992],[127.05846,37.63595],[127.05234,37.64243],[127.04488,37.66046],[127.0441,37.67014],[127.04635,37.68432],[127.04561,37.69667],[127.04773,37.70752],[127.04637,37.71614],[127.04732,37.72659],[127.04505,37.74618],[127.04219,37.75468],[127.04519,37.77889],[127.04998,37.78447],[127.05097,37.78778],[127.04913,37.7978],[127.05071,37.8043],[127.05025,37.80942],[127.05543,37.81605],[127.06288,37.83051],[127.06059,37.85228],[127.06122,37.86776],[127.05896,37.8742],[127.05507,37.88109],[127.05729,37.91251],[127.05497,37.92755]]}},{"type":"Feature","properties":{"mode":"subway","kind":"route","lod":"coarse"},"geometry":{"type":"LineString","coordinates":[[126.61707,37.47746],[126.61943,37.48036],[126.62479,37.48107],[126.62966,37.47818],[126.63758,37.47124],[126.64776,37.46695],[126.66144,37.46688],[126.68679,37.46452],[126.69856,37.46502],[126.70101,37.46581],[126.70247,37.46767],[126.70398,37.48044],[126.70752,37.48362],[126.71812,37.48981],[126.76156,37.48715],[126.79145,37.48283],[126.80244,37.48251],[126.81462,37.48634],[126.82187,37.49175],[126.82536,37.49293],[126.83909,37.49324],[126.85182,37.49588],[126.86216,37.49406],[126.8651,37.49426],[126.8783,37.50033],[126.88313,37.5043],[126.89102,37.50894],[126.90998,37.51679],[126.91827,37.51698],[126.92535,37.51344],[126.93794,37.51382],[126.9466,37.51515],[126.97057,37.53465],[126.97219,37.55582],[126.977,37.56448],[126.97711,37.56986],[127.0083,37.57115],[127.01813,37.57375]]}},{"type":"Feature","properties":{"mode":"subway","kind":"route","lod":"coarse"},"geometry":{"type":"LineString","coordinates":[[127.05497,37.92755],[127.05734,37.91251],[127.05511,37.8811],[127.05902,37.8742],[127.06127,37.86777],[127.06072,37.85061],[127.06293,37.83047],[127.0555,37.81606],[127.05047,37.80993],[127.05073,37.80399],[127.04918,37.7979],[127.05113,37.79015],[127.0509,37.78701],[127.05001,37.78443],[127.04533,37.77916],[127.04422,37.76721],[127.04243,37.76075],[127.04234,37.75377],[127.04507,37.74637],[127.04751,37.7259],[127.04643,37.71614],[127.04775,37.70705],[127.04566,37.69667],[127.04638,37.68432],[127.04416,37.67007],[127.04535,37.65885],[127.05231,37.64258],[127.05846,37.63607],[127.05908,37.62997],[127.06205,37.6235]]}},{"type":"Feature","properties":{"mode":"subway","kind":"route","lod":"coarse"},"geometry":{"type":"LineString","coordinates":[[127.06205,37.6235],[127.05908,37.62997],[127.05846,37.63607],[127.05231,37.64258],[127.04489,37.66076],[127.04417,37.67045],[127.0464,37.68493],[127.04562,37.69619],[127.04778,37.7078],[127.04644,37.71584],[127.04751,37.7259],[127.04646,37.73642],[127.04498,37.74677],[127.04224,37.75468],[127.04243,37.76075],[127.0449,37.77421]]}},{"type":"Feature","properties":{"mode":"subway","kind":"route","lod":"coarse"},"geometry":{"type":"LineString","coordinates":[[126.8232,37.4922],[126.83746,37.48799],[126.84247,37.48283],[126.86646,37.47564],[126.88521,37.48114],[126.88626,37.48479],[126.8886,37.48756],[126.90331,37.49694],[126.90585,37.50016],[126.93026,37.49969],[126.93931,37.505],[126.94439,37.5052],[126.94641,37.50464],[126.95661,37.49281],[126.96623,37.48802],[126.96988,37.48511],[126.97545,37.48322],[126.9822,37.48537],[126.98962,37.4864],[126.998,37.48927],[127.00195,37.49539],[127.00299,37.50211],[127.00768,37.50483],[127.01003,37.50764],[127.04122,37.51714],[127.0569,37.51997],[127.062,37.52202],[127.07368,37.54638],[127.08606,37.56908],[127.08621,37.57294],[127.08894,37.58308],[127.08535,37.59689],[127.07969,37.60108],[127.07763,37.61144],[127.07302,37.62562],[127.06213,37.64913],[127.05555,37.67362],[127.05534,37.68203],[127.04647,37.6895],[127.04644,37.69341],[127.04986,37.69569],[127.05308,37.70018]]}},{"type":"Feature","properties":{"mode":"subway","kind":"route","lod":"coarse"},"geometry":{"type":"LineString","coordinates":[[126.8232,37.4922],[126.83746,37.48799],[126.84247,37.48283],[126.86646,37.47564],[126.88521,37.48114],[126.88626,37.48479],[126.8886,37.48756],[126.90331,37.49694],[126.90585,37.50016],[126.93026,37.49969],[126.93931,37.505],[126.94439,37.5052],[126.94641,37.50464],[126.95661,37.49281],[126.96623,37.48802],[126.96988,37.48511],[126.97545,37.48322],[126.9822,37.48537],[126.98962,37.4864],[126.998,37.48927],[127.00195,37.49539],[127.00299,37.50211],[127.00768,37.50483],[127.01003,37.50764],[127.04122,37.51714],[127.0569,37.51997],[127.062,37.52202],[127.07368,37.54638],[127.08606,37.56908],[127.08892,37.58345],[127.08535,37.59689],[127.07969,37.60108],[127.07763,37.61144],[127.07302,37.62562],[127.06213,37.64913],[127.05555,37.67362],[127.05534,37.68203],[127.04758,37.6879],[127.04633,37.69018]]}},{"type":"Feature","properties":{"mode":"subway","kind":"route","lod":"coarse"},"geometry":{"type":"LineString","coordinates":[[127.05497,37.92755],[127.05734,37.91251],[127.05511,37.8811],[127.05902,37.8742],[127.06127,37.86777],[127.06072,37.85061],[127.06293,37.83047],[127.0555,37.81606],[127.05047,37.80993],[127.05073,37.80399],[127.04918,37.7979],[127.05113,37.79015],[127.0509,37.78701],[127.05001,37.78443],[127.04533,37.77916],[127.04422,37.76721],[127.04243,37.76075],[127.04234,37.75377],[127.04507,37.74637],[127.04751,37.7259],[127.04643,37.71614],[127.04775,37.70705],[127.04566,37.69667],[127.04638,37.68432],[127.04422,37.67114]]}},{"type":"Feature","properties":{"mode":"subway","kind":"route","lod":"coarse"},"geometry":{"type":"LineString","coordinates":[[126.88479,37.41576],[126.89766,37.43988],[126.89866,37.4436],[126.88045,37.48673],[126.87903,37.49909],[126.88347,37.50396],[126.88921,37.5077],[126.90729,37.51545]]}},{"type":"Feature","properties":{"mode":"subway","kind":"route","lod":"coarse"},"geometry":{"type":"LineString","coordinates":[[126.78913,37.32703],[126.81357,37.31752],[126.84679,37.31536],[126.84931,37.31406],[126.8588,37.30464],[126.86316,37.3031],[126.87266,37.30242],[126.88566,37.30364],[126.89869,37.30743],[126.90447,37.3132],[126.92173,37.33409],[126.92398,37.34541],[126.92705,37.35424],[126.94552,37.36516],[126.94574,37.36689],[126.93888,37.37952],[126.93963,37.38298],[126.94819,37.38901],[126.97559,37.39867],[126.97676,37.40009],[126.98,37.41417],[126.98301,37.41997],[126.99528,37.43246],[127.0046,37.43362],[127.00833,37.43842],[127.00787,37.44379],[127.00439,37.44883],[127.0018,37.45201],[126.99539,37.4552],[126.98204,37.474],[126.98331,37.49903],[126.9802,37.50423],[126.98324,37.51582],[126.98323,37.5189],[126.9818,37.5201],[126.96986,37.5236],[126.96629,37.52653],[126.9668,37.5281],[126.97426,37.53602],[126.97197,37.54514],[126.9728,37.55552],[126.98253,37.56052],[126.99362,37.56107],[127.00738,37.56437],[127.00942,37.56711],[127.00993,37.5696],[127.00544,37.57525],[127.00248,37.57686],[127.00144,37.58567],[127.00298,37.58722],[127.01834,37.59384],[127.02105,37.59625],[127.02557,37.60443],[127.03028,37.60972],[127.02984,37.6172],[127.02365,37.63286],[127.02344,37.63574],[127.03198,37.64401],[127.03658,37.65106],[127.05625,37.65472],[127.07117,37.6587],[127.0755,37.66266],[127.07615,37.66669],[127.07972,37.67092]]}},{"type":"Feature","properties":{"mode":"subway","kind":"route","lod":"coarse"},"geometry":{"type":"LineString","coordinates":[[127.0449,37.77421],[127.0424,37.76084],[127.04219,37.75468],[127.04499,37.74649],[127.04712,37.72955],[127.04637,37.71614],[127.04773,37.70752],[127.04556,37.69602],[127.04635,37.68432],[127.04412,37.67054],[127.04483,37.66077],[127.05234,37.64243],[127.05846,37.63595],[127.05904,37.62992],[127.06205,37.6235]]}},{"type":"Feature","properties":{"mode":"subway","kind":"route","lod":"coarse"},"geometry":{"type":"LineString","coordinates":[[127.05497,37.92755],[127.05729,37.91251],[127.05507,37.88109],[127.05896,37.8742],[127.06122,37.86776],[127.06059,37.85228],[127.06288,37.83051],[127.05543,37.81605],[127.0504,37.80994],[127.05071,37.8043],[127.04913,37.7978],[127.05108,37.79013],[127.05085,37.78701],[127.04998,37.78447],[127.04519,37.77889],[127.04416,37.76714],[127.04234,37.76037],[127.04229,37.75377],[127.04499,37.74649],[127.04712,37.72955],[127.04637,37.71614],[127.04773,37.70752],[127.04561,37.69667],[127.04635,37.68432],[127.0441,37.6697],[127.04539,37.6586],[127.05234,37.64243],[127.05846,37.63595],[127.05904,37.62992],[127.06205,37.6235]]}},{"type":"Feature","properties":{"mode":"subway","kind":"route","lod":"coarse"},"geometry":{"type":"LineString","coordinates":[[127.04362,37.57958],[127.03807,37.57799],[127.03134,37.5779],[127.00831,37.57112],[126.9776,37.57005],[126.9768,37.56911],[126.97683,37.56375],[126.97237,37.55586],[126.97063,37.53464],[126.95787,37.52493],[126.94736,37.51556],[126.94497,37.51456],[126.93795,37.51378],[126.92541,37.51341],[126.91748,37.51712],[126.90999,37.51675],[126.89029,37.50845],[126.88279,37.50393],[126.879,37.50057],[126.87853,37.49889],[126.88045,37.48673],[126.90169,37.43837],[126.90421,37.42682],[126.90749,37.42098],[126.92464,37.3996],[126.93283,37.3918],[126.93672,37.38195],[126.94164,37.37612],[126.94842,37.36178],[126.94794,37.32472],[126.94893,37.31482],[126.95381,37.30757],[126.96103,37.30233],[126.96368,37.30125],[126.97657,37.29926],[126.98741,37.28776],[127.00613,37.25562],[127.01061,37.25025],[127.04348,37.18717],[127.04675,37.18377],[127.05989,37.1752],[127.0626,37.17135],[127.06744,37.1506],[127.06074,37.09606],[127.05437,37.08025],[127.05462,37.07126],[127.05253,37.04944],[127.0546,37.04634],[127.06569,37.03924],[127.06819,37.03637],[127.07268,37.00431],[127.12413,36.94951],[127.12793,36.90496],[127.14676,36.86433],[127.14546,36.85395],[127.15041,36.82755],[127.1467,36.81066]]}},{"type":"Feature","properties":{"mode":"subway","kind":"route","lod":"coarse"},"geometry":{"type":"LineString","coordinates":[[126.9157,37.59877],[126.91246,37.58671],[126.90074,37.5755],[126.89933,37.57015],[126.89974,37.56684],[126.91172,37.55425],[126.91368,37.54904],[126.91835,37.54795],[126.93412,37.54743],[126.94025,37.5486],[126.9614,37.53934],[126.97561,37.53469],[126.98566,37.53496],[126.98821,37.53414],[126.99714,37.53468],[127.00142,37.53802],[127.00238,37.5455],[127.00699,37.54866],[127.01596,37.5641],[127.01515,37.58044],[127.01579,37.58323],[127.02243,37.58632],[127.03289,37.5865],[127.03569,37.58929],[127.03631,37.59239],[127.04145,37.60195],[127.04315,37.6035],[127.0633,37.61424],[127.0837,37.61981],[127.08633,37.6196],[127.10465,37.6124]]}},{"type":"Feature","properties":{"mode":"subway","kind":"route","lod":"coarse"},"geometry":{"type":"LineString","coordinates":[[126.9157,37.59877],[126.92023,37.60107],[126.92339,37.60709],[126.93135,37.61202],[126.93319,37.61785],[126.93039,37.62129],[126.92692,37.62135],[126.92053,37.61863],[126.91797,37.61507],[126.9154,37.60778],[126.91615,37.60075],[126.91274,37.58742],[126.89974,37.57376],[126.89969,37.56682],[126.91167,37.55422],[126.91363,37.54902],[126.91834,37.54791],[126.93413,37.54739],[126.94024,37.54857],[126.96135,37.53931],[126.9758,37.53458],[126.98566,37.53492],[126.98822,37.5341],[126.99716,37.53464],[127.00147,37.53801],[127.00242,37.54532],[127.00714,37.54865],[127.01601,37.5641],[127.01519,37.58042],[127.01581,37.58319],[127.02244,37.58628],[127.03291,37.58647],[127.03573,37.58927],[127.03637,37.59238],[127.04149,37.60192],[127.04319,37.60345],[127.06332,37.6142],[127.08372,37.61976],[127.0863,37.61956],[127.10465,37.6124]]}},{"type":"Feature","properties":{"mode":"subway","kind":"route","lod":"coarse"},"geometry":{"type":"LineString","coordinates":[[127.11157,37.39476],[127.13132,37.39494],[127.16582,37.40289],[127.19658,37.40564],[127.21193,37.41333],[127.21563,37.41339],[127.22466,37.41092],[127.27274,37.39069],[127.28206,37.38491],[127.28487,37.38164],[127.29122,37.3772],[127.32654,37.36176],[127.33866,37.35281],[127.36964,37.34496],[127.39858,37.32661],[127.402,37.32308],[127.41333,37.29574],[127.41179,37.27917],[127.41224,37.27553],[127.41442,37.27215],[127.42098,37.26682],[127.42889,37.26426],[127.45459,37.26385],[127.46563,37.26162],[127.4767,37.25728],[127.48013,37.25751],[127.49031,37.26043]]}},{"type":"Feature","properties":{"mode":"subway","kind":"route","lod":"coarse"},"geometry":{"type":"LineString","coordinates":[[127.11157,37.3947],[127.12914,37.39461],[127.16673,37.40297],[127.19702,37.40565],[127.2123,37.41331],[127.21597,37.41328],[127.2242,37.41099],[127.27279,37.3906],[127.27903,37.38704],[127.28437,37.38196],[127.29154,37.37694],[127.32672,37.3616],[127.33792,37.3531],[127.3504,37.34932],[127.36951,37.34487],[127.39857,37.32658],[127.40191,37.32304],[127.41318,37.29603],[127.41174,37.27909],[127.41226,37.27531],[127.41429,37.27223],[127.42063,37.26698],[127.42808,37.26427],[127.45457,37.26382],[127.46565,37.26158],[127.47662,37.25724],[127.48014,37.25746],[127.49034,37.26038]]}},{"type":"Feature","properties":{"mode":"subway","kind":"route","lod":"coarse"},"geometry":{"type":"LineString","coordinates":[[126.81277,37.57738],[126.81099,37.57378],[126.80499,37.57122],[126.80127,37.56287],[126.80194,37.56085],[126.80556,37.55953],[126.81055,37.56141],[126.8269,37.56007],[126.83359,37.56093],[126.8363,37.55995],[126.83774,37.55756],[126.83639,37.55256],[126.83658,37.54598],[126.84154,37.54025],[126.85092,37.52502],[126.85286,37.52459],[126.86438,37.52616],[126.8778,37.52435],[126.8838,37.52601],[126.9078,37.52229],[126.91266,37.51836],[126.91596,37.51757],[126.91878,37.51829],[126.93306,37.52722],[126.94352,37.53772],[126.94977,37.54243],[126.95327,37.547],[126.95795,37.55598],[126.9627,37.56005],[126.96919,37.56834],[126.97454,37.57163],[126.98091,37.57163],[126.9864,37.57261],[126.99268,37.57249],[126.99672,37.57113],[126.99779,37.57005],[126.99883,37.56518],[127.00771,37.56411],[127.01562,37.55942],[127.01849,37.55507],[127.02137,37.55429],[127.02995,37.5576],[127.04895,37.5693],[127.05888,37.56241],[127.07231,37.56006],[127.08864,37.55343],[127.09194,37.54938],[127.10511,37.54484],[127.11759,37.54202],[127.12271,37.53886],[127.13678,37.53467],[127.13937,37.53622],[127.14315,37.54638],[127.14437,37.55371],[127.14573,37.55517],[127.14831,37.55559],[127.15188,37.55475],[127.1667,37.55689],[127.17427,37.5572],[127.18713,37.56006],[127.19058,37.56253],[127.19718,37.56378],[127.19871,37.56332],[127.206,37.55598],[127.2013,37.54907],[127.20133,37.54656],[127.20281,37.54398],[127.21241,37.53917],[127.21749,37.54078],[127.2237,37.53971]]}},{"type":"Feature","properties":{"mode":"subway","kind":"route","lod":"coarse"},"geometry":{"type":"LineString","coordinates":[[127.22368,37.53964],[127.21747,37.54068],[127.21241,37.5391],[127.20273,37.54394],[127.20125,37.54655],[127.20124,37.54908],[127.20594,37.55596],[127.19786,37.56364],[127.19058,37.56249],[127.18715,37.56003],[127.1743,37.55711],[127.15187,37.55467],[127.14599,37.55523],[127.14436,37.55355],[127.14321,37.54637],[127.13944,37.5362],[127.13822,37.53491],[127.13649,37.53462],[127.12269,37.53883],[127.11756,37.54197],[127.10508,37.5448],[127.09191,37.54933],[127.08859,37.55339],[127.07228,37.56001],[127.05884,37.56238],[127.0492,37.5692],[127.04736,37.5688],[127.02998,37.55756],[127.02138,37.55422],[127.01844,37.55503],[127.01557,37.55938],[127.00791,37.56393],[126.99878,37.56514],[126.99766,37.57021],[126.99664,37.57111],[126.99265,37.5724],[126.9864,37.57256],[126.98092,37.57159],[126.97455,37.5716],[126.96923,37.5683],[126.96268,37.55986],[126.958,37.55596],[126.95332,37.54699],[126.94982,37.54241],[126.94358,37.5377],[126.9331,37.5272],[126.91857,37.5181],[126.91544,37.51755],[126.91259,37.51831],[126.90759,37.52231],[126.88361,37.526],[126.8778,37.5243],[126.86438,37.52612],[126.85287,37.52455],[126.8509,37.52497],[126.84151,37.54022],[126.83644,37.54616],[126.83634,37.55256],[126.83768,37.55757],[126.83625,37.55991],[126.83358,37.56089],[126.82689,37.56003],[126.81055,37.56137],[126.80557,37.55949],[126.8019,37.56083],[126.80121,37.56287],[126.80493,37.57123],[126.81095,37.57382],[126.81269,37.5774]]}},{"type":"Feature","properties":{"mode":"subway","kind":"route","lod":"coarse"},"geometry":{"type":"LineString","coordinates":[[127.01615,37.57313],[127.00805,37.57109],[126.97717,37.56977],[126.97708,37.56447],[126.97237,37.55586],[126.97063,37.53464],[126.94665,37.51512],[126.93795,37.51378],[126.92541,37.51341],[126.91748,37.51712],[126.90999,37.51675],[126.89029,37.50845],[126.88353,37.50443],[126.87884,37.5005],[126.86471,37.49394],[126.85182,37.49577],[126.83911,37.49312],[126.826,37.49282],[126.82174,37.4915],[126.81435,37.48599],[126.80243,37.48239],[126.79142,37.48267],[126.76026,37.48713],[126.71816,37.48969],[126.7089,37.48434],[126.70412,37.48039],[126.70266,37.46761],[126.70112,37.4657],[126.69856,37.46489],[126.68679,37.46441],[126.66141,37.46674],[126.64644,37.46704],[126.6372,37.47134],[126.62954,37.47811],[126.6238,37.48124],[126.61896,37.48004],[126.61702,37.47642]]}},{"type":"Feature","properties":{"mode":"subway","kind":"route","lod":"coarse"},"geometry":{"type":"LineString","coordinates":[[126.88248,37.50326],[126.89102,37.50894],[126.90998,37.51679],[126.91827,37.51698],[126.92535,37.51344],[126.93794,37.51382],[126.9466,37.51515],[126.97057,37.53465],[126.97219,37.55582],[126.977,37.56448],[126.97711,37.56986],[127.0083,37.57115],[127.03093,37.57788],[127.03894,37.57822],[127.04537,37.58026],[127.0496,37.58301],[127.05374,37.58736],[127.06022,37.59132],[127.06669,37.60052],[127.06774,37.60342],[127.06752,37.6103],[127.05904,37.62992],[127.05853,37.63578],[127.05234,37.64243],[127.04483,37.66077],[127.04412,37.67054],[127.04635,37.68432],[127.04556,37.69602],[127.04773,37.70752],[127.04637,37.71614],[127.04712,37.72955],[127.04499,37.74649],[127.04219,37.75468],[127.0424,37.76084],[127.0449,37.77421]]}},{"type":"Feature","properties":{"mode":"subway","kind":"route","lod":"coarse"},"geometry":{"type":"LineString","coordinates":[[126.67318,37.5064],[126.68361,37.50592],[126.69549,37.50932],[126.75464,37.50583],[126.78032,37.50253],[126.80437,37.5068],[126.81386,37.5059],[126.81631,37.50361],[126.81618,37.49674],[126.81915,37.49357],[126.83558,37.48891],[126.83802,37.48768],[126.84035,37.48426],[126.84249,37.48286],[126.86621,37.47565],[126.88518,37.48117],[126.88622,37.48481],[126.88857,37.48759],[126.90334,37.49701],[126.90577,37.50018],[126.93052,37.49981],[126.93948,37.50508],[126.94639,37.50472],[126.95658,37.49288],[126.965,37.48881],[126.97341,37.48346],[126.97544,37.48326],[126.9822,37.48541],[126.98862,37.48619],[126.99804,37.48946],[127.0018,37.49546],[127.00291,37.50219],[127.00759,37.50484],[127.01,37.50767],[127.0413,37.5172],[127.05689,37.52001],[127.06113,37.52146],[127.06295,37.52331],[127.07364,37.54639],[127.08603,37.56909],[127.08881,37.58339],[127.08531,37.59688],[127.07966,37.60104],[127.07759,37.61144],[127.07299,37.62561],[127.06163,37.65013],[127.05542,37.6736],[127.05528,37.68201],[127.04643,37.68949],[127.04643,37.69346],[127.0497,37.6956],[127.05308,37.70018]]}},{"type":"Feature","properties":{"mode":"subway","kind":"route","lod":"coarse"},"geometry":{"type":"LineString","coordinates":[[127.04674,37.68881],[127.05528,37.68201],[127.05542,37.6736],[127.06163,37.65013],[127.07299,37.62561],[127.07759,37.61144],[127.07966,37.60104],[127.0855,37.59637],[127.08881,37.58339],[127.08616,37.57293],[127.08609,37.56923],[127.07364,37.54639],[127.06197,37.52204],[127.05689,37.52001],[127.0413,37.5172],[127.01,37.50767],[127.00759,37.50484],[127.00291,37.50219],[127.00138,37.49445],[126.99707,37.48885],[126.98862,37.48619],[126.97369,37.48336],[126.965,37.48881],[126.95658,37.49288],[126.94639,37.50472],[126.93948,37.50508],[126.93052,37.49981],[126.90577,37.50018],[126.90334,37.49701],[126.88857,37.48759],[126.88622,37.48481],[126.88518,37.48117],[126.86621,37.47565],[126.84249,37.48286],[126.84035,37.48426],[126.83802,37.48768],[126.83558,37.48891],[126.81915,37.49357],[126.81618,37.49674],[126.81631,37.50361],[126.81386,37.5059],[126.80437,37.5068],[126.78032,37.50253],[126.75464,37.50583],[126.69549,37.50932],[126.68361,37.50592],[126.67318,37.5064]]}},{"type":"Feature","properties":{"mode":"subway","kind":"route","lod":"coarse"},"geometry":{"type":"LineString","coordinates":[[126.6754,37.50624],[126.68436,37.50596],[126.69546,37.50918],[126.75464,37.50579],[126.78031,37.5025],[126.80437,37.50677],[126.81385,37.50587],[126.81609,37.50415],[126.81613,37.49673],[126.81893,37.49351],[126.83556,37.48888],[126.83799,37.48765],[126.8402,37.48436],[126.84247,37.48283],[126.86622,37.47562],[126.88521,37.48114],[126.88626,37.48479],[126.8886,37.48756],[126.90331,37.49694],[126.9058,37.50014],[126.93026,37.49969],[126.93955,37.50505],[126.94636,37.50469],[126.95661,37.49281],[126.96502,37.48872],[126.97339,37.48343],[126.97545,37.48322],[126.9822,37.48537],[126.98863,37.48616],[126.99839,37.48961],[127.00195,37.49539],[127.00299,37.50211],[127.00768,37.50483],[127.01003,37.50764],[127.04122,37.51714],[127.0569,37.51997],[127.06115,37.52143],[127.06299,37.52329],[127.07368,37.54638],[127.08606,37.56908],[127.08621,37.57294],[127.08894,37.58308],[127.08535,37.59689],[127.07969,37.60108],[127.07763,37.61144],[127.07302,37.62562],[127.06213,37.64913],[127.05555,37.67362],[127.05534,37.68203],[127.04647,37.6895],[127.04644,37.69341],[127.04986,37.69569],[127.05308,37.70018]]}},{"type":"Feature","properties":{"mode":"subway","kind":"route","lod":"coarse"},"geometry":{"type":"LineString","coordinates":[[126.6754,37.50624],[126.68436,37.50596],[126.69546,37.50918],[126.75464,37.50579],[126.78031,37.5025],[126.80437,37.50677],[126.81385,37.50587],[126.81609,37.50415],[126.81613,37.49673],[126.81893,37.49351],[126.83556,37.48888],[126.83799,37.48765],[126.8402,37.48436],[126.84247,37.48283],[126.86609,37.47562],[126.88521,37.48114],[126.88626,37.48479],[126.8886,37.48756],[126.90331,37.49694],[126.9058,37.50014],[126.93026,37.49969],[126.93955,37.50505],[126.94636,37.50469],[126.95661,37.49281],[126.97367,37.48333],[126.98863,37.48616],[126.9972,37.48878],[127.00195,37.49539],[127.00299,37.50211],[127.00768,37.50483],[127.01003,37.50764],[127.04122,37.51714],[127.0569,37.51997],[127.062,37.52202],[127.07368,37.54638],[127.08612,37.56923],[127.08621,37.57294],[127.08894,37.58308],[127.08554,37.59638],[127.07969,37.60108],[127.07763,37.61144],[127.07302,37.62562],[127.06213,37.64913],[127.05555,37.67362],[127.05534,37.68203],[127.04758,37.6879],[127.04633,37.69018]]}},{"type":"Feature","properties":{"mode":"subway","kind":"route","lod":"coarse"},"geometry":{"type":"LineString","coordinates":[[127.04476,37.30187],[127.04787,37.30004],[127.04981,37.29774],[127.04849,37.29099],[127.05472,37.28635],[127.05692,37.28607],[127.06297,37.29087],[127.06791,37.29325],[127.07035,37.30065],[127.07417,37.30347],[127.07696,37.31134],[127.08025,37.31345],[127.08231,37.31658],[127.08835,37.31901],[127.10214,37.32725],[127.10296,37.34133],[127.10786,37.34365],[127.10887,37.34525],[127.10833,37.37577],[127.11108,37.38417],[127.111,37.40322],[127.10862,37.40666],[127.08469,37.41874],[127.07433,37.42634],[127.06168,37.43912],[127.05733,37.44518],[127.03896,37.46576],[127.03788,37.4801],[127.03382,37.48469],[127.01959,37.51573]]}},{"type":"Feature","properties":{"mode":"subway","kind":"route","lod":"coarse"},"geometry":{"type":"LineString","coordinates":[[126.7704,35.12483],[126.77673,35.12576],[126.78761,35.13157],[126.79346,35.14021],[126.79683,35.14315],[126.81143,35.14412],[126.8343,35.14017],[126.85618,35.14992],[126.86456,35.15126],[126.87518,35.15163],[126.88635,35.1535],[126.89164,35.15052],[126.90003,35.15318],[126.90536,35.1565],[126.91917,35.14748],[126.92068,35.1419],[126.9281,35.13317],[126.93526,35.11452],[126.93404,35.10682]]}},{"type":"Feature","properties":{"mode":"subway","kind":"route","lod":"coarse"},"geometry":{"type":"LineString","coordinates":[[126.93404,35.10682],[126.93531,35.11451],[126.9282,35.13313],[126.92095,35.14174],[126.91942,35.14737],[126.9053,35.15661],[126.90007,35.1533],[126.89196,35.15063],[126.8862,35.15356],[126.87517,35.15172],[126.86398,35.1513],[126.85604,35.14998],[126.83366,35.14019],[126.81141,35.14421],[126.79714,35.14344],[126.79305,35.14001],[126.78789,35.13185],[126.77649,35.12571],[126.76878,35.12475]]}},{"type":"Feature","properties":{"mode":"subway","kind":"route","lod":"coarse"},"geometry":{"type":"LineString","coordinates":[[127.05497,37.92755],[127.05734,37.91251],[127.05511,37.8811],[127.05902,37.8742],[127.06127,37.86777],[127.06072,37.85061],[127.06293,37.83047],[127.0555,37.81606],[127.05032,37.8094],[127.05073,37.80399],[127.04918,37.7979],[127.05099,37.78759],[127.05001,37.78443],[127.04523,37.77884],[127.04224,37.75468],[127.04516,37.74588],[127.04751,37.7259],[127.04643,37.71614],[127.04775,37.70705],[127.04562,37.69619],[127.04636,37.68397],[127.04417,37.67045],[127.04491,37.66061],[127.05231,37.64258],[127.05846,37.63607],[127.05908,37.62997],[127.06771,37.60936],[127.06734,37.6017],[127.06057,37.59166],[127.05345,37.58708],[127.04757,37.58115],[127.03905,37.57816],[127.03134,37.5779],[127.00831,37.57112],[126.97738,37.56993],[126.97683,37.56375],[126.97237,37.55586],[126.97063,37.53464],[126.94567,37.51474],[126.92504,37.51343],[126.91826,37.51695],[126.90999,37.51675],[126.89029,37.50845],[126.88353,37.50443],[126.87884,37.5005],[126.86521,37.49407],[126.86212,37.49382],[126.85182,37.49577],[126.83911,37.49312],[126.826,37.49282],[126.82174,37.4915],[126.81475,37.48617],[126.8031,37.48243],[126.79142,37.48267],[126.76026,37.48713],[126.72451,37.48933]]}},{"type":"Feature","properties":{"mode":"subway","kind":"route","lod":"coarse"},"geometry":{"type":"LineString","coordinates":[[126.72451,37.48933],[126.76026,37.48713],[126.79142,37.48267],[126.8031,37.48243],[126.81475,37.48617],[126.82174,37.4915],[126.826,37.49282],[126.83911,37.49312],[126.85182,37.49577],[126.86212,37.49382],[126.86521,37.49407],[126.87884,37.5005],[126.88353,37.50443],[126.89029,37.50845],[126.90999,37.51675],[126.91826,37.51695],[126.92504,37.51343],[126.94567,37.51474],[126.97063,37.53464],[126.97237,37.55586],[126.97683,37.56375],[126.97738,37.56993],[127.00831,37.57112],[127.03134,37.5779],[127.03905,37.57816],[127.04757,37.58115],[127.05345,37.58708],[127.05995,37.591],[127.06742,37.6019],[127.06758,37.6103],[127.05908,37.62997],[127.05846,37.63607],[127.05231,37.64258],[127.04486,37.66103],[127.04417,37.67045],[127.0464,37.68493],[127.04562,37.69619],[127.04778,37.7078],[127.04644,37.71584],[127.04751,37.7259],[127.04646,37.73642],[127.04498,37.74677],[127.04224,37.75468],[127.04243,37.76075],[127.0449,37.77421]]}},{"type":"Feature","properties":{"mode":"subway","kind":"route","lod":"coarse"},"geometry":{"type":"LineString","coordinates":[[127.20316,37.7212],[127.20359,37.71393],[127.20142,37.71037],[127.19235,37.70573],[127.16642,37.69487],[127.14344,37.68055],[127.1137,37.6667],[127.11166,37.66612],[127.10888,37.66672],[127.08687,37.67856],[127.08376,37.6789],[127.08169,37.67738],[127.08152,37.67285],[127.07615,37.66669],[127.0755,37.66266],[127.07167,37.65897],[127.06619,37.65695],[127.03605,37.65068],[127.03198,37.64401],[127.02324,37.63524],[127.02984,37.6172],[127.02983,37.6086],[127.02568,37.60458],[127.02134,37.59665],[127.01834,37.59384],[127.00298,37.58722],[127.00144,37.58567],[127.00248,37.57686],[127.00544,37.57525],[127.00972,37.57026],[127.00868,37.56583],[127.00655,37.56392],[126.99362,37.56107],[126.98253,37.56052],[126.97272,37.55531],[126.97197,37.54514],[126.97426,37.53602],[126.9668,37.5281],[126.96629,37.52653],[126.96986,37.5236],[126.9818,37.5201],[126.98323,37.5189],[126.98324,37.51582],[126.9802,37.50423],[126.98331,37.49903],[126.98183,37.47841]]}},{"type":"Feature","properties":{"mode":"subway","kind":"route","lod":"coarse"},"geometry":{"type":"LineString","coordinates":[[127.20316,37.7212],[127.20359,37.71393],[127.20142,37.71037],[127.19235,37.70573],[127.16642,37.69487],[127.14344,37.68055],[127.11266,37.6663],[127.1085,37.66689],[127.08645,37.67875],[127.08314,37.67871],[127.08151,37.67687],[127.08152,37.67285],[127.07615,37.66669],[127.0755,37.66266],[127.07167,37.65897],[127.05625,37.65472],[127.03674,37.65114],[127.03198,37.64401],[127.02377,37.6362],[127.02365,37.63286],[127.02984,37.6172],[127.03028,37.60972],[127.02557,37.60443],[127.02105,37.59625],[127.01834,37.59384],[127.00298,37.58722],[127.00144,37.58567],[127.00236,37.57712],[127.00502,37.57563],[127.00942,37.57077],[127.00942,37.56711],[127.00655,37.56392],[126.99362,37.56107],[126.98253,37.56052],[126.97313,37.55605],[126.97183,37.54725],[126.97426,37.53602],[126.9663,37.52716],[126.96697,37.52529],[126.96986,37.5236],[126.9818,37.5201],[126.98323,37.5189],[126.98324,37.51582],[126.9802,37.50423],[126.98331,37.49903],[126.98168,37.4756],[126.9839,37.47054],[126.98812,37.46611]]}},{"type":"Feature","properties":{"mode":"subway","kind":"route","lod":"coarse"},"geometry":{"type":"LineString","coordinates":[[126.96346,37.5286],[126.95795,37.52488],[126.94676,37.51469],[126.9254,37.51329],[126.91744,37.51698],[126.91005,37.51664],[126.8904,37.50832],[126.88371,37.50429],[126.87908,37.50023],[126.86517,37.49415],[126.8627,37.49385],[126.85182,37.49581],[126.83911,37.49316],[126.82563,37.49285],[126.82171,37.49154],[126.8151,37.48642],[126.80373,37.48257],[126.79144,37.48275],[126.76027,37.48718],[126.71757,37.48961],[126.70818,37.48393],[126.70407,37.48041],[126.7026,37.46763],[126.70143,37.46599],[126.69894,37.46497],[126.68679,37.46444],[126.66142,37.46679],[126.64773,37.46686],[126.63754,37.47118],[126.63241,37.47568]]}},{"type":"Feature","properties":{"mode":"subway","kind":"route","lod":"coarse"},"geometry":{"type":"LineString","coordinates":[[126.96492,37.52974],[126.95791,37.5249],[126.94632,37.51468],[126.92541,37.51332],[126.91745,37.51701],[126.91002,37.51666],[126.89071,37.50861],[126.88362,37.50435],[126.8786,37.50006],[126.86514,37.49419],[126.86215,37.49397],[126.85182,37.49584],[126.8391,37.4932],[126.82563,37.49288],[126.8219,37.49171],[126.81468,37.48626],[126.80372,37.4826],[126.79144,37.48279],[126.76027,37.48721],[126.71755,37.48965],[126.70794,37.48379],[126.70403,37.48043],[126.70253,37.46765],[126.70138,37.46602],[126.69924,37.46506],[126.68679,37.46448],[126.66143,37.46683],[126.64774,37.46689],[126.63756,37.47121],[126.63375,37.47452]]}},{"type":"Feature","properties":{"mode":"subway","kind":"route","lod":"coarse"},"geometry":{"type":"LineString","coordinates":[[127.20331,37.71887],[127.20329,37.71309],[127.20046,37.70989],[127.16654,37.69498],[127.14341,37.68062],[127.11309,37.66652],[127.10893,37.66676],[127.08648,37.67883],[127.08359,37.67913],[127.08147,37.67778],[127.08158,37.67312],[127.0761,37.6667],[127.07546,37.66267],[127.07134,37.65881],[127.06618,37.65698],[127.03596,37.65069],[127.03192,37.64403],[127.02318,37.63525],[127.02979,37.61718],[127.02979,37.60862],[127.0254,37.60435],[127.0213,37.59667],[127.01782,37.59345],[127.00296,37.58725],[127.00137,37.5857],[127.00232,37.5771],[127.00499,37.5756],[127.00961,37.57039],[127.00887,37.56625],[127.00666,37.56399],[126.99365,37.56111],[126.98251,37.56055],[126.97271,37.5555],[126.97192,37.54514],[126.97418,37.53602],[126.96661,37.52798],[126.96623,37.52652],[126.9671,37.5251],[126.97029,37.52337],[126.98177,37.52006],[126.98318,37.51888],[126.98319,37.51581],[126.98015,37.50423],[126.98325,37.49906],[126.98158,37.47626]]}},{"type":"Feature","properties":{"mode":"subway","kind":"route","lod":"coarse"},"geometry":{"type":"LineString","coordinates":[[127.20331,37.71887],[127.20329,37.71309],[127.20046,37.70989],[127.16654,37.69498],[127.14341,37.68062],[127.11309,37.66652],[127.10893,37.66676],[127.08648,37.67883],[127.08267,37.67883],[127.08114,37.67688],[127.0815,37.67292],[127.0761,37.6667],[127.07537,37.66254],[127.07163,37.65899],[127.05624,37.65476],[127.03683,37.65126],[127.03139,37.64341],[127.02373,37.63622],[127.02359,37.63284],[127.02979,37.61718],[127.03023,37.60972],[127.0254,37.60435],[127.02101,37.59628],[127.01782,37.59345],[127.00296,37.58725],[127.00137,37.5857],[127.00242,37.57685],[127.00499,37.5756],[127.00914,37.57109],[127.00989,37.56944],[127.00935,37.56711],[127.00654,37.56395],[126.99365,37.56111],[126.98251,37.56055],[126.97313,37.55617],[126.97177,37.54725],[126.97418,37.53602],[126.96625,37.52717],[126.96698,37.5252],[126.96984,37.52358],[126.98177,37.52006],[126.98318,37.51888],[126.98319,37.51581],[126.98015,37.50423],[126.98325,37.49906],[126.98159,37.47562],[126.98349,37.47107],[126.98765,37.4667],[126.98892,37.46397]]}},{"type":"Feature","properties":{"mode":"subway","kind":"route","lod":"coarse"},"geometry":{"type":"LineString","coordinates":[[127.03351,37.20652],[127.04427,37.18608],[127.05909,37.17583],[127.06215,37.17234],[127.06741,37.15186],[127.06074,37.09606],[127.05427,37.07957],[127.05468,37.07228],[127.05253,37.04944],[127.0546,37.04634],[127.06569,37.03924],[127.06819,37.03637],[127.07268,37.00431],[127.12413,36.94951],[127.12793,36.90496],[127.14676,36.86433],[127.14546,36.85395],[127.15041,36.82755],[127.1467,36.81066]]}},{"type":"Feature","properties":{"mode":"subway","kind":"route","lod":"coarse"},"geometry":{"type":"LineString","coordinates":[[127.03351,37.20652],[127.04427,37.18608],[127.05909,37.17583],[127.06215,37.17234],[127.06741,37.15186],[127.06074,37.09606],[127.05427,37.07957],[127.05468,37.07228],[127.05253,37.04944],[127.0546,37.04634],[127.06569,37.03924],[127.06819,37.03637],[127.07268,37.00431],[127.12413,36.94951],[127.12779,36.90551],[127.14652,36.8653],[127.14689,36.86202],[127.14546,36.85395],[127.15038,36.82722],[127.14551,36.80583],[127.1296,36.79886],[127.11918,36.7928],[127.10832,36.79268],[127.08826,36.78934],[127.06228,36.7814],[127.03575,36.77094],[127.03008,36.77149],[127.01419,36.77898],[126.99997,36.78105],[126.9941,36.78316],[126.98631,36.7835],[126.98133,36.78247],[126.96096,36.77301],[126.95079,36.76942]]}},{"type":"Feature","properties":{"mode":"subway","kind":"route","lod":"coarse"},"geometry":{"type":"LineString","coordinates":[[126.95293,36.7702],[126.96094,36.77306],[126.98168,36.78265],[126.98656,36.78353],[126.9937,36.78326],[126.99999,36.78109],[127.01424,36.77902],[127.02995,36.77157],[127.03639,36.7711],[127.06226,36.78143],[127.0876,36.78921],[127.10554,36.79242],[127.11763,36.79256],[127.12035,36.79326],[127.12942,36.79881],[127.14527,36.80564],[127.14825,36.81759],[127.14928,36.82733],[127.14862,36.83637],[127.14518,36.8548],[127.14653,36.86426],[127.12768,36.90528],[127.12398,36.94912],[127.12207,36.952],[127.07253,37.00424],[127.0682,37.03598],[127.06578,37.03897],[127.05443,37.04631],[127.05237,37.04938],[127.05452,37.07221],[127.05409,37.0795],[127.0605,37.09602],[127.06722,37.15179],[127.06201,37.17228],[127.05971,37.17516],[127.04415,37.18602],[127.03258,37.20743]]}},{"type":"Feature","properties":{"mode":"subway","kind":"route","lod":"coarse"},"geometry":{"type":"LineString","coordinates":[[126.95293,36.7702],[126.96094,36.77306],[126.98168,36.78265],[126.98656,36.78353],[126.9937,36.78326],[126.99999,36.78109],[127.01424,36.77902],[127.02995,36.77157],[127.03573,36.77098],[127.06226,36.78143],[127.0876,36.78921],[127.10554,36.79242],[127.11763,36.79256],[127.12035,36.79326],[127.12942,36.79881],[127.1444,36.80504],[127.14592,36.8067],[127.14928,36.82733],[127.1484,36.83812],[127.14518,36.8548],[127.14665,36.8636],[127.12768,36.90528],[127.12376,36.94965],[127.07253,37.00424],[127.0682,37.03598],[127.06578,37.03897],[127.05443,37.04631],[127.05237,37.04938],[127.05452,37.07221],[127.05419,37.08018],[127.0605,37.09602],[127.06726,37.15053],[127.06247,37.17129],[127.05971,37.17516],[127.04684,37.18349],[127.04321,37.18735],[127.01044,37.25017],[127.00086,37.26355],[126.9869,37.28799],[126.97642,37.2991],[126.96325,37.30116],[126.96091,37.30218],[126.95325,37.30788],[126.94878,37.31471],[126.94772,37.32392],[126.94824,37.36173],[126.94117,37.37665],[126.93625,37.3823],[126.93258,37.39173],[126.92376,37.40035],[126.9075,37.42056],[126.90404,37.42676],[126.90116,37.43921],[126.88012,37.48716],[126.87869,37.49935],[126.88237,37.50335]]}},{"type":"Feature","properties":{"mode":"subway","kind":"route","lod":"coarse"},"geometry":{"type":"LineString","coordinates":[[126.88178,37.50241],[126.87898,37.49881],[126.8803,37.48718],[126.90169,37.43837],[126.90421,37.42682],[126.90749,37.42098],[126.92464,37.3996],[126.93283,37.3918],[126.93672,37.38195],[126.94164,37.37612],[126.94842,37.36178],[126.94794,37.32472],[126.94893,37.31482],[126.95381,37.30757],[126.96103,37.30233],[126.96368,37.30125],[126.97657,37.29926],[126.98741,37.28776],[127.00613,37.25562],[127.01061,37.25025],[127.04348,37.18717],[127.04675,37.18377],[127.05989,37.1752],[127.0626,37.17135],[127.06744,37.1506],[127.06074,37.09606],[127.05437,37.08025],[127.05462,37.07126],[127.05253,37.04944],[127.0546,37.04634],[127.06569,37.03924],[127.06819,37.03637],[127.07268,37.00431],[127.12413,36.94951],[127.12793,36.90496],[127.14676,36.86433],[127.14546,36.85395],[127.15041,36.82755],[127.1467,36.81066]]}},{"type":"Feature","properties":{"mode":"subway","kind":"route","lod":"coarse"},"geometry":{"type":"LineString","coordinates":[[126.88178,37.50241],[126.87898,37.49881],[126.8803,37.48718],[126.90169,37.43837],[126.90421,37.42682],[126.90749,37.42098],[126.92464,37.3996],[126.93283,37.3918],[126.93672,37.38195],[126.94164,37.37612],[126.94842,37.36178],[126.94794,37.32472],[126.94893,37.31482],[126.95381,37.30757],[126.96103,37.30233],[126.96368,37.30125],[126.97657,37.29926],[126.98741,37.28776],[127.00613,37.25562],[127.01061,37.25025],[127.04348,37.18717],[127.04675,37.18377],[127.05989,37.1752],[127.0626,37.17135],[127.06744,37.1506],[127.06074,37.09606],[127.05437,37.08025],[127.05462,37.07126],[127.05253,37.04944],[127.0546,37.04634],[127.06569,37.03924],[127.06819,37.03637],[127.07268,37.00431],[127.12413,36.94951],[127.12779,36.90551],[127.14652,36.8653],[127.14689,36.86202],[127.14546,36.85395],[127.15041,36.82796],[127.14551,36.80583],[127.1296,36.79886],[127.11918,36.7928],[127.10832,36.79268],[127.08826,36.78934],[127.06228,36.7814],[127.03575,36.77094],[127.03008,36.77149],[127.01419,36.77898],[126.99997,36.78105],[126.9941,36.78316],[126.98631,36.7835],[126.98133,36.78247],[126.96096,36.77301],[126.95079,36.76942]]}},{"type":"Feature","properties":{"mode":"subway","kind":"route","lod":"coarse"},"geometry":{"type":"LineString","coordinates":[[127.04615,37.73751],[127.04751,37.7259],[127.04644,37.71584],[127.04778,37.7078],[127.04562,37.69619],[127.0464,37.68493],[127.04417,37.67045],[127.04491,37.66061],[127.05231,37.64258],[127.05846,37.63607],[127.05908,37.62997],[127.06205,37.6235]]}},{"type":"Feature","properties":{"mode":"subway","kind":"route","lod":"coarse"},"geometry":{"type":"LineString","coordinates":[[127.04615,37.73751],[127.04733,37.726],[127.04638,37.71591],[127.04773,37.70752],[127.04556,37.69602],[127.04635,37.68432],[127.04412,37.67054],[127.04483,37.66077],[127.05234,37.64243],[127.05846,37.63595],[127.05904,37.62992],[127.06205,37.6235]]}},{"type":"Feature","properties":{"mode":"subway","kind":"route","lod":"coarse"},"geometry":{"type":"LineString","coordinates":[[127.0609,37.94887],[127.06019,37.9457],[127.05553,37.93996],[127.05361,37.93465],[127.05728,37.91364],[127.05507,37.88109],[127.05896,37.8742],[127.06122,37.86776],[127.06059,37.85228],[127.06288,37.83051],[127.05543,37.81605],[127.05025,37.80942],[127.05071,37.8043],[127.04913,37.7978],[127.05097,37.78778],[127.04998,37.78447],[127.04519,37.77889],[127.04219,37.75468],[127.04505,37.74618],[127.04732,37.72659],[127.04637,37.71614],[127.04773,37.70752],[127.04556,37.69602],[127.04635,37.68432],[127.04412,37.67054],[127.04483,37.66077],[127.05234,37.64243],[127.05846,37.63595],[127.05904,37.62992],[127.06205,37.6235]]}},{"type":"Feature","properties":{"mode":"subway","kind":"route","lod":"coarse"},"geometry":{"type":"LineString","coordinates":[[127.05497,37.92755],[127.05729,37.91251],[127.05507,37.88109],[127.05896,37.8742],[127.06122,37.86776],[127.06059,37.85228],[127.06288,37.83051],[127.05543,37.81605],[127.0504,37.80994],[127.05071,37.8043],[127.04913,37.7978],[127.05108,37.79013],[127.05085,37.78701],[127.04998,37.78447],[127.04519,37.77889],[127.04416,37.76714],[127.04234,37.76037],[127.04229,37.75377],[127.04499,37.74649],[127.04712,37.72955],[127.04637,37.71614],[127.04773,37.70752],[127.04561,37.69667],[127.04635,37.68432],[127.0441,37.6697],[127.04539,37.6586],[127.05234,37.64243],[127.05846,37.63595],[127.05904,37.62992],[127.06205,37.6235]]}},{"type":"Feature","properties":{"mode":"subway","kind":"route","lod":"coarse"},"geometry":{"type":"LineString","coordinates":[[127.05497,37.92755],[127.05734,37.91251],[127.05511,37.8811],[127.05902,37.8742],[127.06127,37.86777],[127.06072,37.85061],[127.06293,37.83047],[127.0555,37.81606],[127.05047,37.80993],[127.05073,37.80399],[127.04918,37.7979],[127.05113,37.79015],[127.0509,37.78701],[127.05001,37.78443],[127.04533,37.77916],[127.04422,37.76721],[127.04243,37.76075],[127.04234,37.75377],[127.04507,37.74637],[127.04751,37.7259],[127.04643,37.71614],[127.04775,37.70705],[127.04566,37.69667],[127.04638,37.68432],[127.04416,37.67007],[127.04535,37.65885],[127.05231,37.64258],[127.05846,37.63607],[127.05908,37.62997],[127.06205,37.6235]]}},{"type":"Feature","properties":{"mode":"subway","kind":"route","lod":"coarse"},"geometry":{"type":"LineString","coordinates":[[127.1467,36.81066],[127.15041,36.82755],[127.14546,36.85395],[127.14676,36.86433],[127.12793,36.90496],[127.12413,36.94951],[127.07268,37.00431],[127.06819,37.03637],[127.06569,37.03924],[127.0546,37.04634],[127.05253,37.04944],[127.05462,37.07126],[127.05437,37.08025],[127.06074,37.09606],[127.06744,37.1506],[127.0626,37.17135],[127.05989,37.1752],[127.04675,37.18377],[127.04348,37.18717],[127.01061,37.25025],[127.00613,37.25562],[126.98741,37.28776],[126.97657,37.29926],[126.96368,37.30125],[126.96103,37.30233],[126.95381,37.30757],[126.94893,37.31482],[126.94794,37.32472],[126.94842,37.36178],[126.94164,37.37612],[126.93672,37.38195],[126.93283,37.3918],[126.92464,37.3996],[126.90749,37.42098],[126.90421,37.42682],[126.90169,37.43837],[126.88045,37.48673],[126.87853,37.49889],[126.879,37.50057],[126.88279,37.50393],[126.89029,37.50845],[126.90999,37.51675],[126.91748,37.51712],[126.92541,37.51341],[126.93795,37.51378],[126.94497,37.51456],[126.94736,37.51556],[126.95787,37.52493],[126.97063,37.53464],[126.97237,37.55586],[126.97683,37.56375],[126.9768,37.56911],[126.9776,37.57005],[127.00857,37.57116],[127.03044,37.57768],[127.03886,37.57812],[127.04757,37.58115],[127.05345,37.58708],[127.06034,37.59138],[127.0676,37.60241],[127.06728,37.61154],[127.06172,37.62374]]}},{"type":"Feature","properties":{"mode":"subway","kind":"route","lod":"coarse"},"geometry":{"type":"LineString","coordinates":[[127.14643,36.8112],[127.14825,36.81759],[127.14928,36.82733],[127.1484,36.83812],[127.14518,36.8548],[127.14665,36.8636],[127.12768,36.90528],[127.12398,36.94912],[127.12207,36.952],[127.07253,37.00424],[127.0682,37.03598],[127.06578,37.03897],[127.05443,37.04631],[127.05237,37.04938],[127.05452,37.07221],[127.05419,37.08018],[127.0605,37.09602],[127.06726,37.15053],[127.06247,37.17129],[127.05971,37.17516],[127.04684,37.18349],[127.04321,37.18735],[127.01044,37.25017],[127.00086,37.26355],[126.9869,37.28799],[126.97642,37.2991],[126.96325,37.30116],[126.96091,37.30218],[126.95325,37.30788],[126.94878,37.31471],[126.94772,37.32392],[126.94824,37.36173],[126.94117,37.37665],[126.93625,37.3823],[126.93258,37.39173],[126.92376,37.40035],[126.9075,37.42056],[126.90404,37.42676],[126.90116,37.43921],[126.88012,37.48716],[126.87841,37.49915],[126.87907,37.50086],[126.88266,37.50402],[126.89035,37.5086],[126.90998,37.51679],[126.91827,37.51698],[126.92535,37.51344],[126.93794,37.51382],[126.9445,37.51452],[126.94732,37.51558],[126.95783,37.52495],[126.97057,37.53465],[126.97219,37.55582],[126.97666,37.56355],[126.97666,37.56911],[126.97744,37.57008],[127.0083,37.57115],[127.03093,37.57788],[127.03894,37.57822],[127.04758,37.58139],[127.05374,37.58736],[127.06022,37.59132],[127.06744,37.60209],[127.06726,37.61129],[127.06172,37.62374]]}},{"type":"Feature","properties":{"mode":"subway","kind":"route","lod":"coarse"},"geometry":{"type":"LineString","coordinates":[[127.14643,36.8112],[127.14825,36.81759],[127.14928,36.82733],[127.1484,36.83812],[127.14518,36.8548],[127.14665,36.8636],[127.12768,36.90528],[127.12398,36.94912],[127.12207,36.952],[127.07253,37.00424],[127.0682,37.03598],[127.06578,37.03897],[127.05443,37.04631],[127.05237,37.04938],[127.05452,37.07221],[127.05419,37.08018],[127.0605,37.09602],[127.06726,37.15053],[127.06247,37.17129],[127.05971,37.17516],[127.04684,37.18349],[127.04321,37.18735],[127.01044,37.25017],[127.00086,37.26355],[126.9869,37.28799],[126.97642,37.2991],[126.96325,37.30116],[126.96091,37.30218],[126.95325,37.30788],[126.94878,37.31471],[126.94772,37.32392],[126.94824,37.36173],[126.94117,37.37665],[126.93625,37.3823],[126.93258,37.39173],[126.92376,37.40035],[126.9075,37.42056],[126.90404,37.42676],[126.90116,37.43921],[126.88012,37.48716],[126.87844,37.4989],[126.87887,37.50062],[126.88266,37.50402],[126.89035,37.5086],[126.90998,37.51679],[126.91827,37.51698],[126.92535,37.51344],[126.93794,37.51382],[126.9445,37.51452],[126.94732,37.51558],[126.95783,37.52495],[126.97057,37.53465],[126.97219,37.55582],[126.97666,37.56355],[126.97666,37.56911],[126.97744,37.57008],[127.0083,37.57115],[127.03093,37.57788],[127.03894,37.57822],[127.04616,37.58061]]}},{"type":"Feature","properties":{"mode":"subway","kind":"route","lod":"coarse"},"geometry":{"type":"LineString","coordinates":[[127.07835,37.66957],[127.07974,37.671],[127.0761,37.6667],[127.07546,37.66267],[127.07134,37.65881],[127.06236,37.65612],[127.03632,37.65097],[127.03192,37.64403],[127.02339,37.63577],[127.02359,37.63284],[127.02979,37.61718],[127.03023,37.60972],[127.0254,37.60435],[127.02101,37.59628],[127.01782,37.59345],[127.00296,37.58725],[127.00137,37.5857],[127.00242,37.57685],[127.0054,37.57521],[127.00982,37.56981],[127.00957,37.56755],[127.0074,37.56443],[126.99365,37.56111],[126.98251,37.56055],[126.97271,37.5555],[126.97192,37.54514],[126.97418,37.53602],[126.96661,37.52798],[126.96623,37.52652],[126.9671,37.5251],[126.97029,37.52337],[126.98177,37.52006],[126.98318,37.51888],[126.98319,37.51581],[126.98015,37.50423],[126.98325,37.49906],[126.98197,37.474],[126.98428,37.46998],[126.98765,37.4667],[126.99245,37.45796],[127.00277,37.45116],[127.00791,37.44383],[127.00851,37.43868],[127.00468,37.43359],[126.99544,37.43247],[126.98308,37.41994],[126.98006,37.41418],[126.97679,37.40005],[126.97569,37.39858],[126.94821,37.38897],[126.93999,37.38314],[126.93922,37.37971],[126.94659,37.36618],[126.94531,37.36459],[126.93316,37.35796]]}},{"type":"Feature","properties":{"mode":"subway","kind":"route","lod":"coarse"},"geometry":{"type":"LineString","coordinates":[[127.07972,37.67092],[127.07615,37.66669],[127.0755,37.66266],[127.07117,37.6587],[127.05625,37.65472],[127.03658,37.65106],[127.03198,37.64401],[127.02344,37.63574],[127.02365,37.63286],[127.02984,37.6172],[127.03028,37.60972],[127.02557,37.60443],[127.02105,37.59625],[127.01834,37.59384],[127.00298,37.58722],[127.00144,37.58567],[127.00248,37.57686],[127.00544,37.57525],[127.00993,37.5696],[127.00942,37.56711],[127.00738,37.56437],[126.99362,37.56107],[126.98253,37.56052],[126.9728,37.55552],[126.97197,37.54514],[126.97426,37.53602],[126.9668,37.5281],[126.96629,37.52653],[126.96986,37.5236],[126.9818,37.5201],[126.98323,37.5189],[126.98324,37.51582],[126.9802,37.50423],[126.98331,37.49903],[126.98204,37.474],[126.99539,37.4552],[127.00257,37.45128],[127.00787,37.44379],[127.00839,37.43866],[127.0046,37.43362],[126.99528,37.43246],[126.98301,37.41997],[126.98,37.41417],[126.97676,37.40009],[126.97559,37.39867],[126.94819,37.38901],[126.93977,37.38313],[126.93888,37.37952],[126.94122,37.37633],[126.94581,37.36589],[126.94462,37.36427],[126.933,37.35816]]}},{"type":"Feature","properties":{"mode":"subway","kind":"route","lod":"coarse"},"geometry":{"type":"LineString","coordinates":[[126.97222,37.55482],[126.97289,37.55749],[126.97683,37.56375],[126.9768,37.56911],[126.9776,37.57005],[127.00831,37.57112],[127.03134,37.5779],[127.03854,37.57806],[127.04536,37.58013],[127.04823,37.58162],[127.05408,37.58756],[127.06034,37.59138],[127.0676,37.60241],[127.06728,37.61154],[127.05908,37.62997],[127.05867,37.63555],[127.05231,37.64258],[127.04489,37.66076],[127.04417,37.67045],[127.0464,37.68493],[127.04562,37.69619],[127.04778,37.7078],[127.04644,37.71584],[127.04751,37.7259],[127.04646,37.73642],[127.04498,37.74677],[127.04224,37.75468],[127.04243,37.76075],[127.0449,37.77421]]}},{"type":"Feature","properties":{"mode":"subway","kind":"route","lod":"coarse"},"geometry":{"type":"LineString","coordinates":[[126.97267,37.55725],[126.97666,37.56355],[126.97666,37.56911],[126.9777,37.57019],[127.0083,37.57115],[127.03093,37.57788],[127.03894,37.57822],[127.04649,37.58075],[127.05374,37.58736],[127.06022,37.59132],[127.06758,37.60251],[127.06726,37.61129],[127.05904,37.62992],[127.05853,37.63578],[127.05234,37.64243],[127.04483,37.66077],[127.04412,37.67054],[127.04635,37.68432],[127.04556,37.69602],[127.04773,37.70752],[127.04637,37.71614],[127.04712,37.72955],[127.04499,37.74649],[127.04219,37.75468],[127.0424,37.76084],[127.0449,37.77421]]}},{"type":"Feature","properties":{"mode":"subway","kind":"route","lod":"coarse"},"geometry":{"type":"LineString","coordinates":[[127.06072,37.94716],[127.05553,37.93996],[127.05361,37.93465],[127.05732,37.91367],[127.05511,37.8811],[127.05902,37.8742],[127.06127,37.86777],[127.06072,37.85061],[127.06293,37.83047],[127.0555,37.81606],[127.05032,37.8094],[127.05073,37.80399],[127.04918,37.7979],[127.05099,37.78759],[127.05001,37.78443],[127.04523,37.77884],[127.04224,37.75468],[127.04516,37.74588],[127.04751,37.7259],[127.04643,37.71614],[127.04775,37.70705],[127.04562,37.69619],[127.04636,37.68397],[127.04417,37.67045],[127.04491,37.66061],[127.05231,37.64258],[127.05846,37.63607],[127.05908,37.62997],[127.06205,37.6235]]}},{"type":"Feature","properties":{"mode":"subway","kind":"route","lod":"coarse"},"geometry":{"type":"LineString","coordinates":[[127.01615,37.57313],[127.00805,37.57109],[126.97717,37.56977],[126.97708,37.56447],[126.97237,37.55586],[126.97063,37.53464],[126.94665,37.51512],[126.93795,37.51378],[126.92541,37.51341],[126.91748,37.51712],[126.90999,37.51675],[126.89029,37.50845],[126.88279,37.50393],[126.879,37.50057],[126.87853,37.49889],[126.88045,37.48673],[126.90169,37.43837],[126.90421,37.42682],[126.90749,37.42098],[126.92464,37.3996],[126.93283,37.3918],[126.93672,37.38195],[126.94164,37.37612],[126.94842,37.36178],[126.94794,37.32472],[126.94893,37.31482],[126.95381,37.30757],[126.96103,37.30233],[126.96368,37.30125],[126.97657,37.29926],[126.98581,37.28965],[127.00613,37.25562],[127.01061,37.25025],[127.03589,37.20204],[127.03814,37.20052],[127.04669,37.19825],[127.05194,37.19578]]}},{"type":"Feature","properties":{"mode":"subway","kind":"route","lod":"coarse"},"geometry":{"type":"LineString","coordinates":[[127.04362,37.57958],[127.03807,37.57799],[127.03134,37.5779],[127.00831,37.57112],[126.9776,37.57005],[126.9768,37.56911],[126.97683,37.56375],[126.97237,37.55586],[126.97063,37.53464],[126.95787,37.52493],[126.94736,37.51556],[126.94497,37.51456],[126.93795,37.51378],[126.92541,37.51341],[126.91748,37.51712],[126.90999,37.51675],[126.89029,37.50845],[126.88279,37.50393],[126.879,37.50057],[126.87851,37.49915],[126.88045,37.48673],[126.90169,37.43837],[126.90421,37.42682],[126.90749,37.42098],[126.92464,37.3996],[126.93283,37.3918],[126.93672,37.38195],[126.94164,37.37612],[126.94842,37.36178],[126.94794,37.32472],[126.94893,37.31482],[126.95381,37.30757],[126.96103,37.30233],[126.96368,37.30125],[126.97657,37.29926],[126.98581,37.28965],[127.00613,37.25562],[127.01061,37.25025],[127.03589,37.20204],[127.03814,37.20052],[127.04669,37.19825],[127.05194,37.19578]]}},{"type":"Feature","properties":{"mode":"subway","kind":"route","lod":"coarse"},"geometry":{"type":"LineString","coordinates":[[127.04362,37.57958],[127.03807,37.57799],[127.03134,37.5779],[127.00831,37.57112],[126.9776,37.57005],[126.9768,37.56911],[126.97683,37.56375],[126.97237,37.55586],[126.97063,37.53464],[126.95787,37.52493],[126.94736,37.51556],[126.94497,37.51456],[126.93795,37.51378],[126.92541,37.51341],[126.91748,37.51712],[126.90999,37.51675],[126.89029,37.50845],[126.88248,37.50326]]}},{"type":"Feature","properties":{"mode":"subway","kind":"route","lod":"coarse"},"geometry":{"type":"LineString","coordinates":[[126.88248,37.50326],[126.89102,37.50894],[126.90998,37.51679],[126.91827,37.51698],[126.92535,37.51344],[126.93794,37.51382],[126.9445,37.51452],[126.94732,37.51558],[126.95783,37.52495],[126.97057,37.53465],[126.97219,37.55582],[126.97666,37.56355],[126.97666,37.56911],[126.97744,37.57008],[127.0083,37.57115],[127.03093,37.57788],[127.03894,37.57822],[127.04616,37.58061]]}},{"type":"Feature","properties":{"mode":"subway","kind":"route","lod":"coarse"},"geometry":{"type":"LineString","coordinates":[[127.05182,37.19567],[127.04659,37.19823],[127.03678,37.20081],[127.03517,37.20223],[127.01044,37.25017],[127.00086,37.26355],[126.98617,37.28885],[126.97642,37.2991],[126.96325,37.30116],[126.96091,37.30218],[126.95325,37.30788],[126.94878,37.31471],[126.94772,37.32392],[126.94824,37.36173],[126.94117,37.37665],[126.93625,37.3823],[126.93258,37.39173],[126.92376,37.40035],[126.9075,37.42056],[126.90404,37.42676],[126.90116,37.43921],[126.88012,37.48716],[126.87841,37.49915],[126.87907,37.50086],[126.88266,37.50402],[126.89035,37.5086],[126.90998,37.51679],[126.91827,37.51698],[126.92535,37.51344],[126.93794,37.51382],[126.9466,37.51515],[126.97057,37.53465],[126.97219,37.55582],[126.977,37.56448],[126.97711,37.56986],[127.0083,37.57115],[127.01813,37.57375]]}},{"type":"Feature","properties":{"mode":"subway","kind":"route","lod":"coarse"},"geometry":{"type":"LineString","coordinates":[[127.05182,37.19567],[127.04659,37.19823],[127.03678,37.20081],[127.03517,37.20223],[127.01044,37.25017],[127.00086,37.26355],[126.98617,37.28885],[126.97642,37.2991],[126.96325,37.30116],[126.96091,37.30218],[126.95325,37.30788],[126.94878,37.31471],[126.94772,37.32392],[126.94824,37.36173],[126.94117,37.37665],[126.93625,37.3823],[126.93258,37.39173],[126.92376,37.40035],[126.9075,37.42056],[126.90404,37.42676],[126.90116,37.43921],[126.88012,37.48716],[126.87841,37.49915],[126.87907,37.50086],[126.88266,37.50402],[126.89035,37.5086],[126.90998,37.51679],[126.91827,37.51698],[126.92535,37.51344],[126.93794,37.51382],[126.9445,37.51452],[126.94732,37.51558],[126.95783,37.52495],[126.97057,37.53465],[126.97219,37.55582],[126.97666,37.56355],[126.97666,37.56911],[126.97744,37.57008],[127.0083,37.57115],[127.03093,37.57788],[127.03894,37.57822],[127.04616,37.58061]]}},{"type":"Feature","properties":{"mode":"subway","kind":"route","lod":"coarse"},"geometry":{"type":"LineString","coordinates":[[127.05182,37.19567],[127.04659,37.19823],[127.03678,37.20081],[127.03517,37.20223],[127.01044,37.25017],[127.00086,37.26355],[126.98617,37.28885],[126.97642,37.2991],[126.96325,37.30116],[126.96091,37.30218],[126.95325,37.30788],[126.94878,37.31471],[126.94772,37.32392],[126.94824,37.36173],[126.94117,37.37665],[126.93625,37.3823],[126.93258,37.39173],[126.92376,37.40035],[126.9075,37.42056],[126.90404,37.42676],[126.90116,37.43921],[126.88012,37.48716],[126.87869,37.49935],[126.88237,37.50335]]}},{"type":"Feature","properties":{"mode":"subway","kind":"route","lod":"coarse"},"geometry":{"type":"LineString","coordinates":[[126.88178,37.50241],[126.87898,37.49881],[126.8803,37.48718],[126.90169,37.43837],[126.90421,37.42682],[126.90749,37.42098],[126.92464,37.3996],[126.93283,37.3918],[126.93672,37.38195],[126.94164,37.37612],[126.94842,37.36178],[126.94794,37.32472],[126.94893,37.31482],[126.95381,37.30757],[126.96103,37.30233],[126.96368,37.30125],[126.97657,37.29926],[126.98581,37.28965],[127.00613,37.25562],[127.01061,37.25025],[127.03589,37.20204],[127.03814,37.20052],[127.04669,37.19825],[127.05194,37.19578]]}},{"type":"Feature","properties":{"mode":"subway","kind":"route","lod":"coarse"},"geometry":{"type":"LineString","coordinates":[[127.00532,37.5882],[127.00266,37.58708],[127.00132,37.58553],[127.00221,37.57754],[127.00961,37.57039],[127.00887,37.56625],[127.00666,37.56399],[126.99365,37.56111],[126.98251,37.56055],[126.97313,37.55617],[126.97177,37.54725],[126.97418,37.53602],[126.96622,37.52673],[126.9671,37.5251],[126.97029,37.52337],[126.98305,37.51917],[126.98319,37.51581],[126.98015,37.50423],[126.98325,37.49906],[126.98197,37.474],[126.98428,37.46998],[126.98765,37.4667],[126.99164,37.45885],[127.00172,37.45215],[127.00385,37.44969],[127.00791,37.44383],[127.00825,37.43794],[127.00438,37.43346],[126.99544,37.43247],[126.98308,37.41994],[126.98006,37.41418],[126.97679,37.40005],[126.97569,37.39858],[126.94821,37.38897],[126.93979,37.38292],[126.93922,37.37971],[126.94639,37.36763],[126.94642,37.36571],[126.9271,37.35422],[126.92403,37.34541],[126.9215,37.33359],[126.90026,37.30835],[126.89699,37.30669],[126.8837,37.30311],[126.87266,37.30239],[126.86314,37.30306],[126.85877,37.30462],[126.84988,37.31349],[126.84677,37.31532],[126.81239,37.31781],[126.80191,37.32253],[126.79465,37.32439],[126.7766,37.33253],[126.76115,37.34078],[126.75451,37.34833],[126.73898,37.35308],[126.73659,37.35668],[126.73872,37.3628]]}},{"type":"Feature","properties":{"mode":"subway","kind":"route","lod":"coarse"},"geometry":{"type":"LineString","coordinates":[[126.73828,37.36109],[126.73668,37.35625],[126.73896,37.35314],[126.75478,37.34826],[126.7613,37.34074],[126.77686,37.33244],[126.79468,37.32442],[126.80126,37.32282],[126.81238,37.31785],[126.84679,37.31536],[126.84931,37.31406],[126.8588,37.30464],[126.86316,37.3031],[126.87266,37.30242],[126.88369,37.30316],[126.89697,37.30673],[126.90022,37.30838],[126.92173,37.33409],[126.92398,37.34541],[126.92705,37.35424],[126.94552,37.36516],[126.94574,37.36689],[126.93888,37.37952],[126.93963,37.38298],[126.94819,37.38901],[126.97559,37.39867],[126.97676,37.40009],[126.98,37.41417],[126.98301,37.41997],[126.99528,37.43246],[127.0046,37.43362],[127.00833,37.43842],[127.00787,37.44379],[127.00439,37.44883],[127.0018,37.45201],[126.99539,37.4552],[126.98204,37.474],[126.98331,37.49903],[126.9802,37.50423],[126.98324,37.51582],[126.9831,37.5192],[126.96986,37.5236],[126.96714,37.52514],[126.96628,37.52673],[126.97426,37.53602],[126.97183,37.54725],[126.97326,37.55617],[126.98253,37.56052],[126.99362,37.56107],[127.00655,37.56392],[127.00868,37.56583],[127.00972,37.57026],[127.00544,37.57525],[127.00248,37.57686],[127.00139,37.58526],[127.00298,37.58722],[127.00742,37.58899]]}},{"type":"Feature","properties":{"mode":"subway","kind":"route","lod":"coarse"},"geometry":{"type":"LineString","coordinates":[[127.14643,36.8112],[127.14825,36.81759],[127.14928,36.82733],[127.1484,36.83812],[127.14518,36.8548],[127.14665,36.8636],[127.12768,36.90528],[127.12398,36.94912],[127.12207,36.952],[127.07253,37.00424],[127.0682,37.03598],[127.06578,37.03897],[127.05443,37.04631],[127.05237,37.04938],[127.05452,37.07221],[127.05419,37.08018],[127.0605,37.09602],[127.06726,37.15053],[127.06247,37.17129],[127.05971,37.17516],[127.04684,37.18349],[127.04321,37.18735],[127.01044,37.25017],[127.00086,37.26355],[126.9869,37.28799],[126.97642,37.2991],[126.96325,37.30116],[126.96091,37.30218],[126.95325,37.30788],[126.94878,37.31471],[126.94772,37.32392],[126.94824,37.36173],[126.94117,37.37665],[126.93625,37.3823],[126.93258,37.39173],[126.92376,37.40035],[126.9075,37.42056],[126.90404,37.42676],[126.90116,37.43921],[126.88012,37.48716],[126.87869,37.49935],[126.88237,37.50335]]}},{"type":"Feature","properties":{"mode":"subway","kind":"route","lod":"coarse"},"geometry":{"type":"LineString","coordinates":[[127.14643,36.8112],[127.14825,36.81759],[127.14928,36.82733],[127.1484,36.83812],[127.14518,36.8548],[127.14665,36.8636],[127.12768,36.90528],[127.12398,36.94912],[127.12207,36.952],[127.07253,37.00424],[127.0682,37.03598],[127.06578,37.03897],[127.05443,37.04631],[127.05237,37.04938],[127.05452,37.07221],[127.05409,37.0795],[127.0605,37.09602],[127.06722,37.15179],[127.06201,37.17228],[127.05971,37.17516],[127.04415,37.18602],[127.03258,37.20743]]}},{"type":"Feature","properties":{"mode":"subway","kind":"route","lod":"coarse"},"geometry":{"type":"LineString","coordinates":[[126.88166,37.50246],[126.87863,37.49999],[126.86412,37.49391],[126.85182,37.49581],[126.83911,37.49312],[126.82566,37.49275],[126.82174,37.4915],[126.81475,37.48617],[126.80277,37.4824],[126.79142,37.48267],[126.76026,37.48713],[126.71758,37.48958],[126.7089,37.48434],[126.70412,37.48039],[126.70266,37.46761],[126.70112,37.4657],[126.69856,37.46489],[126.68679,37.46441],[126.66141,37.46674],[126.64644,37.46704],[126.6372,37.47134],[126.62954,37.47811],[126.6238,37.48124],[126.61896,37.48004],[126.61702,37.47642]]}},{"type":"Feature","properties":{"mode":"subway","kind":"route","lod":"coarse"},"geometry":{"type":"LineString","coordinates":[[126.61707,37.47746],[126.61943,37.48036],[126.62479,37.48107],[126.62966,37.47818],[126.63758,37.47124],[126.64776,37.46695],[126.66144,37.46688],[126.68679,37.46452],[126.69856,37.46502],[126.70101,37.46581],[126.70247,37.46767],[126.70398,37.48044],[126.70752,37.48362],[126.71812,37.48981],[126.76156,37.48715],[126.79145,37.48283],[126.80276,37.48253],[126.81462,37.48634],[126.82187,37.49175],[126.82536,37.49293],[126.83909,37.49324],[126.85182,37.49584],[126.86467,37.49406],[126.8786,37.50006],[126.88319,37.50401]]}},{"type":"Feature","properties":{"mode":"subway","kind":"route","lod":"coarse"},"geometry":{"type":"LineString","coordinates":[[127.04615,37.73751],[127.04751,37.7259],[127.04644,37.71584],[127.04778,37.7078],[127.04562,37.69619],[127.0464,37.68493],[127.04417,37.67045],[127.04486,37.66103],[127.05231,37.64258],[127.05846,37.63607],[127.05908,37.62997],[127.06758,37.6103],[127.06742,37.6019],[127.06081,37.59198],[127.05345,37.58708],[127.04757,37.58115],[127.03905,37.57816],[127.03134,37.5779],[127.00831,37.57112],[126.9776,37.57005],[126.9768,37.56911],[126.97683,37.56375],[126.97237,37.55586],[126.97063,37.53464],[126.95787,37.52493],[126.94736,37.51556],[126.94497,37.51456],[126.93795,37.51378],[126.92541,37.51341],[126.91748,37.51712],[126.90999,37.51675],[126.89029,37.50845],[126.88279,37.50393],[126.879,37.50057],[126.87851,37.49915],[126.88045,37.48673],[126.90169,37.43837],[126.90421,37.42682],[126.90749,37.42098],[126.92464,37.3996],[126.93283,37.3918],[126.93672,37.38195],[126.94164,37.37612],[126.94842,37.36178],[126.94794,37.32472],[126.94893,37.31482],[126.95381,37.30757],[126.96103,37.30233],[126.96368,37.30125],[126.97657,37.29926],[126.98581,37.28965],[127.00613,37.25562],[127.01061,37.25025],[127.03589,37.20204],[127.03814,37.20052],[127.04659,37.19823],[127.05182,37.19567]]}},{"type":"Feature","properties":{"mode":"subway","kind":"route","lod":"coarse"},"geometry":{"type":"LineString","coordinates":[[126.61702,37.47642],[126.61896,37.48004],[126.6238,37.48124],[126.62954,37.47811],[126.6372,37.47134],[126.64644,37.46704],[126.66141,37.46674],[126.68679,37.46441],[126.69894,37.46493],[126.70112,37.4657],[126.70266,37.46761],[126.70412,37.48039],[126.7089,37.48434],[126.71758,37.48958],[126.76026,37.48713],[126.79142,37.48267],[126.8031,37.48243],[126.81475,37.48617],[126.82174,37.4915],[126.826,37.49282],[126.83911,37.49312],[126.85182,37.49577],[126.86212,37.49382],[126.86521,37.49407],[126.87884,37.5005],[126.88353,37.50443],[126.89029,37.50845],[126.90729,37.51545]]}},{"type":"Feature","properties":{"mode":"subway","kind":"route","lod":"coarse"},"geometry":{"type":"LineString","coordinates":[[126.96346,37.5286],[126.95795,37.52488],[126.94676,37.51469],[126.9254,37.51329],[126.91744,37.51698],[126.91064,37.51675],[126.8904,37.50832],[126.88248,37.50326]]}},{"type":"Feature","properties":{"mode":"subway","kind":"route","lod":"coarse"},"geometry":{"type":"LineString","coordinates":[[126.88248,37.50326],[126.89071,37.50861],[126.91063,37.51679],[126.91745,37.51701],[126.92541,37.51332],[126.94632,37.51468],[126.95791,37.5249],[126.96492,37.52974]]}},{"type":"Feature","properties":{"mode":"subway","kind":"route","lod":"coarse"},"geometry":{"type":"LineString","coordinates":[[126.96492,37.52974],[126.95791,37.5249],[126.94597,37.51458],[126.92541,37.51332],[126.91745,37.51701],[126.91063,37.51679],[126.89071,37.50861],[126.88362,37.50435],[126.8786,37.50006],[126.86467,37.49406],[126.85182,37.49584],[126.8391,37.4932],[126.82563,37.49288],[126.8219,37.49171],[126.81468,37.48626],[126.80308,37.48251],[126.79144,37.48279],[126.78411,37.48393]]}},{"type":"Feature","properties":{"mode":"subway","kind":"route","lod":"coarse"},"geometry":{"type":"LineString","coordinates":[[126.78411,37.48393],[126.76155,37.4871],[126.71755,37.48965],[126.70794,37.48379],[126.70403,37.48043],[126.70253,37.46765],[126.70105,37.46578],[126.69856,37.46498],[126.68679,37.46448],[126.66143,37.46683],[126.64774,37.46689],[126.63756,37.47121],[126.63375,37.47452]]}},{"type":"Feature","properties":{"mode":"subway","kind":"route","lod":"coarse"},"geometry":{"type":"LineString","coordinates":[[126.88248,37.50326],[126.8786,37.50006],[126.86467,37.49406],[126.85182,37.49584],[126.8391,37.4932],[126.82563,37.49288],[126.8219,37.49171],[126.81468,37.48626],[126.80276,37.48248],[126.79144,37.48279],[126.76027,37.48721],[126.71755,37.48965],[126.70794,37.48379],[126.70403,37.48043],[126.70253,37.46765],[126.70138,37.46602],[126.69894,37.46502],[126.68679,37.46448],[126.66143,37.46683],[126.64774,37.46689],[126.63756,37.47121],[126.63375,37.47452]]}},{"type":"Feature","properties":{"mode":"subway","kind":"route","lod":"coarse"},"geometry":{"type":"LineString","coordinates":[[126.96492,37.52974],[126.95791,37.5249],[126.94632,37.51468],[126.92541,37.51332],[126.91745,37.51701],[126.91002,37.51666],[126.89071,37.50861],[126.88362,37.50435],[126.8786,37.50006],[126.86514,37.49419],[126.86215,37.49397],[126.85182,37.49584],[126.8391,37.4932],[126.82563,37.49288],[126.8219,37.49171],[126.81468,37.48626],[126.80372,37.4826],[126.79144,37.48279],[126.76155,37.4871],[126.72575,37.48941]]}},{"type":"Feature","properties":{"mode":"subway","kind":"route","lod":"coarse"},"geometry":{"type":"LineString","coordinates":[[126.88248,37.50326],[126.8786,37.50006],[126.86467,37.49406],[126.85182,37.49584],[126.8391,37.4932],[126.82563,37.49288],[126.8219,37.49171],[126.81468,37.48626],[126.80276,37.48248],[126.79144,37.48279],[126.76155,37.4871],[126.72575,37.48941]]}},{"type":"Feature","properties":{"mode":"subway","kind":"route","lod":"coarse"},"geometry":{"type":"LineString","coordinates":[[126.96346,37.5286],[126.95795,37.52488],[126.94676,37.51469],[126.9254,37.51329],[126.91744,37.51698],[126.91005,37.51664],[126.8904,37.50832],[126.88371,37.50429],[126.87908,37.50023],[126.86517,37.49415],[126.8627,37.49385],[126.85182,37.49581],[126.83911,37.49316],[126.82563,37.49285],[126.82171,37.49154],[126.8151,37.48642],[126.80373,37.48257],[126.79144,37.48275],[126.76027,37.48718],[126.72342,37.48951]]}},{"type":"Feature","properties":{"mode":"subway","kind":"route","lod":"coarse"},"geometry":{"type":"LineString","coordinates":[[126.72342,37.48951],[126.76027,37.48718],[126.79144,37.48275],[126.80277,37.48244],[126.81431,37.48606],[126.82194,37.49168],[126.82563,37.49285],[126.83911,37.49316],[126.85182,37.49581],[126.86468,37.49402],[126.87863,37.49999],[126.88248,37.50326]]}},{"type":"Feature","properties":{"mode":"subway","kind":"route","lod":"coarse"},"geometry":{"type":"LineString","coordinates":[[126.63241,37.47568],[126.63754,37.47118],[126.64773,37.46686],[126.66142,37.46679],[126.68679,37.46444],[126.69894,37.46497],[126.70143,37.46599],[126.7026,37.46763],[126.70407,37.48041],[126.70818,37.48393],[126.71814,37.48973],[126.76027,37.48718],[126.79144,37.48275],[126.80277,37.48244],[126.81431,37.48606],[126.82194,37.49168],[126.82563,37.49285],[126.83911,37.49316],[126.85182,37.49581],[126.86468,37.49402],[126.87863,37.49999],[126.88248,37.50326]]}},{"type":"Feature","properties":{"mode":"subway","kind":"route","lod":"coarse"},"geometry":{"type":"LineString","coordinates":[[127.07844,37.66958],[127.0761,37.6667],[127.07579,37.66392]]}},{"type":"Feature","properties":{"mode":"subway","kind":"route","lod":"coarse"},"geometry":{"type":"LineString","coordinates":[[126.94395,37.37159],[126.9443,37.37082]]}},{"type":"Feature","properties":{"mode":"subway","kind":"route","lod":"coarse"},"geometry":{"type":"LineString","coordinates":[[126.73828,37.36109],[126.73749,37.35956]]}},{"type":"Feature","properties":{"mode":"subway","kind":"route","lod":"coarse"},"geometry":{"type":"LineString","coordinates":[[127.08076,37.67193],[127.07972,37.67092]]}},{"type":"Feature","properties":{"mode":"subway","kind":"route","lod":"coarse"},"geometry":{"type":"LineString","coordinates":[[127.20331,37.71887],[127.20342,37.71357],[127.20201,37.71094],[127.19258,37.7059],[127.17989,37.70059]]}},{"type":"Feature","properties":{"mode":"subway","kind":"route","lod":"coarse"},"geometry":{"type":"LineString","coordinates":[[127.20331,37.71887],[127.20342,37.71357],[127.20201,37.71094],[127.19258,37.7059],[127.17989,37.70059]]}},{"type":"Feature","properties":{"mode":"subway","kind":"route","lod":"coarse"},"geometry":{"type":"LineString","coordinates":[[126.98883,37.56112],[126.98253,37.56052],[126.97926,37.55924],[126.97326,37.55617],[126.97282,37.55389]]}},{"type":"Feature","properties":{"mode":"subway","kind":"route","lod":"coarse"},"geometry":{"type":"LineString","coordinates":[[127.04666,37.65296],[127.04211,37.65189]]}},{"type":"Feature","properties":{"mode":"subway","kind":"route","lod":"coarse"},"geometry":{"type":"LineString","coordinates":[[127.04666,37.65296],[127.04211,37.65189]]}},{"type":"Feature","properties":{"mode":"subway","kind":"route","lod":"coarse"},"geometry":{"type":"LineString","coordinates":[[127.06236,37.65612],[127.04885,37.65348]]}},{"type":"Feature","properties":{"mode":"subway","kind":"route","lod":"coarse"},"geometry":{"type":"LineString","coordinates":[[126.73828,37.36109],[126.73664,37.35679],[126.73808,37.35379]]}},{"type":"Feature","properties":{"mode":"subway","kind":"route","lod":"coarse"},"geometry":{"type":"LineString","coordinates":[[127.06207,37.6232],[127.06728,37.61154],[127.0676,37.60241],[127.06034,37.59138],[127.05345,37.58708],[127.04757,37.58115],[127.03886,37.57812],[127.03044,37.57768],[127.00857,37.57116],[126.9776,37.57005],[126.9768,37.56911],[126.97683,37.56375],[126.97237,37.55586],[126.97063,37.53464],[126.95787,37.52493],[126.94736,37.51556],[126.94497,37.51456],[126.93795,37.51378],[126.92541,37.51341],[126.91748,37.51712],[126.91005,37.51664],[126.8904,37.50832],[126.88248,37.50326]]}},{"type":"Feature","properties":{"mode":"subway","kind":"route","lod":"coarse"},"geometry":{"type":"LineString","coordinates":[[127.06205,37.6235],[127.06758,37.6103]]}},{"type":"Feature","properties":{"mode":"subway","kind":"route","lod":"coarse"},"geometry":{"type":"LineString","coordinates":[[127.06485,37.61704],[127.06172,37.62374]]}},{"type":"Feature","properties":{"mode":"subway","kind":"route","lod":"coarse"},"geometry":{"type":"LineString","coordinates":[[126.97222,37.55482],[126.97204,37.55317]]}},{"type":"Feature","properties":{"mode":"subway","kind":"route","lod":"coarse"},"geometry":{"type":"LineString","coordinates":[[126.97267,37.55725],[126.97605,37.5621]]}},{"type":"Feature","properties":{"mode":"subway","kind":"route","lod":"coarse"},"geometry":{"type":"LineString","coordinates":[[126.97267,37.55725],[126.97605,37.5621]]}},{"type":"Feature","properties":{"mode":"subway","kind":"route","lod":"coarse"},"geometry":{"type":"LineString","coordinates":[[127.04362,37.57958],[127.03807,37.57799],[127.03134,37.5779],[127.01615,37.57313]]}},{"type":"Feature","properties":{"mode":"subway","kind":"route","lod":"coarse"},"geometry":{"type":"LineString","coordinates":[[126.97267,37.55725],[126.97605,37.5621]]}},{"type":"Feature","properties":{"mode":"subway","kind":"route","lod":"coarse"},"geometry":{"type":"LineString","coordinates":[[127.04511,37.19855],[127.05194,37.19578]]}},{"type":"Feature","properties":{"mode":"subway","kind":"route","lod":"coarse"},"geometry":{"type":"LineString","coordinates":[[127.07393,38.10145],[127.07366,38.09965],[127.07393,38.10145]]}},{"type":"Feature","properties":{"mode":"subway","kind":"route","lod":"coarse"},"geometry":{"type":"LineString","coordinates":[[126.61702,37.47642],[126.61896,37.48004],[126.6238,37.48124],[126.62954,37.47811],[126.6372,37.47134],[126.64644,37.46704],[126.66141,37.46674],[126.68679,37.46441],[126.69894,37.46493],[126.70112,37.4657],[126.70266,37.46761],[126.70412,37.48039],[126.7089,37.48434],[126.71758,37.48958],[126.76026,37.48713],[126.79142,37.48267],[126.8031,37.48243],[126.81475,37.48617],[126.82174,37.4915],[126.826,37.49282],[126.83911,37.49312],[126.85182,37.49577],[126.86212,37.49382],[126.86521,37.49407],[126.87884,37.5005],[126.88353,37.50443],[126.89029,37.50845],[126.90999,37.51675],[126.91826,37.51695],[126.92504,37.51343],[126.94567,37.51474],[126.97063,37.53464],[126.97237,37.55586],[126.97683,37.56375],[126.97738,37.56993],[127.00831,37.57112],[127.03134,37.5779],[127.03905,37.57816],[127.04757,37.58115],[127.05345,37.58708],[127.06081,37.59198],[127.06742,37.6019],[127.06771,37.60936],[127.05908,37.62997],[127.05846,37.63607],[127.05231,37.64258],[127.04491,37.66061],[127.04417,37.67045],[127.04636,37.68397],[127.04562,37.69619],[127.04775,37.70705],[127.04643,37.71614],[127.04751,37.7259],[127.04516,37.74588],[127.04249,37.7531],[127.04227,37.75763],[127.04523,37.77884],[127.05001,37.78443],[127.0509,37.78701],[127.05113,37.79015],[127.04918,37.7979],[127.05073,37.80399],[127.05047,37.80993],[127.0555,37.81606],[127.06293,37.83047],[127.06072,37.85061],[127.06127,37.86777],[127.05902,37.8742],[127.05511,37.8811],[127.05732,37.91367],[127.05363,37.93521],[127.05599,37.94072],[127.06046,37.94619],[127.06201,37.95722],[127.05792,37.97382],[127.05816,37.97862],[127.06291,37.98601],[127.07354,37.99419],[127.07555,37.99789],[127.07571,38.00229],[127.0743,38.00956],[127.0747,38.01867],[127.06873,38.03059],[127.06539,38.04598],[127.06962,38.06794],[127.07376,38.07602],[127.07161,38.08874],[127.07386,38.10046]]}},{"type":"Feature","properties":{"mode":"subway","kind":"route","lod":"coarse"},"geometry":{"type":"LineString","coordinates":[[127.07393,38.10145],[127.07366,38.09965],[127.07393,38.10145]]}},{"type":"Feature","properties":{"mode":"subway","kind":"route","lod":"coarse"},"geometry":{"type":"LineString","coordinates":[[126.88248,37.50326],[126.89029,37.50845],[126.90999,37.51675],[126.91748,37.51712],[126.92541,37.51341],[126.93795,37.51378],[126.94665,37.51512],[126.97063,37.53464],[126.97237,37.55586],[126.97683,37.56375],[126.97738,37.56993],[127.00831,37.57112],[127.03134,37.5779],[127.03854,37.57806],[127.04536,37.58013],[127.04823,37.58162],[127.05408,37.58756],[127.06034,37.59138],[127.0676,37.60241],[127.06728,37.61154],[127.05908,37.62997],[127.05867,37.63555],[127.05231,37.64258],[127.04491,37.66061],[127.04417,37.67045],[127.04636,37.68397],[127.04562,37.69619],[127.04775,37.70705],[127.04643,37.71614],[127.04751,37.7259],[127.04516,37.74588],[127.04249,37.7531],[127.04227,37.75763],[127.04523,37.77884],[127.05001,37.78443],[127.0509,37.78701],[127.05113,37.79015],[127.04918,37.7979],[127.05073,37.80399],[127.05047,37.80993],[127.0555,37.81606],[127.06293,37.83047],[127.06072,37.85061],[127.06127,37.86777],[127.05902,37.8742],[127.05511,37.8811],[127.05732,37.91367],[127.05363,37.93521],[127.05599,37.94072],[127.06046,37.94619],[127.06201,37.95722],[127.05792,37.97382],[127.05816,37.97862],[127.06291,37.98601],[127.07354,37.99419],[127.07555,37.99789],[127.07571,38.00229],[127.0743,38.00956],[127.0747,38.01867],[127.06873,38.03059],[127.06539,38.04598],[127.06962,38.06794],[127.07376,38.07602],[127.07161,38.08874],[127.07386,38.10046]]}},{"type":"Feature","properties":{"mode":"subway","kind":"route","lod":"coarse"},"geometry":{"type":"LineString","coordinates":[[127.07393,38.10145],[127.07366,38.09965],[127.07393,38.10145]]}},{"type":"Feature","properties":{"mode":"subway","kind":"route","lod":"coarse"},"geometry":{"type":"LineString","coordinates":[[127.06205,37.6235],[127.05908,37.62997],[127.05846,37.63607],[127.05231,37.64258],[127.04491,37.66061],[127.04417,37.67045],[127.04636,37.68397],[127.04562,37.69619],[127.04775,37.70705],[127.04643,37.71614],[127.04751,37.7259],[127.04516,37.74588],[127.04249,37.7531],[127.04227,37.75763],[127.04523,37.77884],[127.05001,37.78443],[127.0509,37.78701],[127.05113,37.79015],[127.04918,37.7979],[127.05073,37.80399],[127.05047,37.80993],[127.0555,37.81606],[127.06293,37.83047],[127.06072,37.85061],[127.06127,37.86777],[127.05902,37.8742],[127.05511,37.8811],[127.05732,37.91367],[127.05363,37.93521],[127.05599,37.94072],[127.06046,37.94619],[127.06201,37.95722],[127.05792,37.97382],[127.05816,37.97862],[127.06291,37.98601],[127.07354,37.99419],[127.07555,37.99789],[127.07571,38.00229],[127.0743,38.00956],[127.0747,38.01867],[127.06873,38.03059],[127.06539,38.04598],[127.06962,38.06794],[127.07376,38.07602],[127.07161,38.08874],[127.07386,38.10046]]}},{"type":"Feature","properties":{"mode":"subway","kind":"route","lod":"coarse"},"geometry":{"type":"LineString","coordinates":[[127.07393,38.10145],[127.07366,38.09965],[127.07393,38.10145]]}},{"type":"Feature","properties":{"mode":"subway","kind":"route","lod":"coarse"},"geometry":{"type":"LineString","coordinates":[[126.72451,37.48933],[126.76026,37.48713],[126.79142,37.48267],[126.8031,37.48243],[126.81475,37.48617],[126.82174,37.4915],[126.826,37.49282],[126.83911,37.49312],[126.85182,37.49577],[126.86212,37.49382],[126.86521,37.49407],[126.87884,37.5005],[126.88353,37.50443],[126.89029,37.50845],[126.90999,37.51675],[126.91826,37.51695],[126.92504,37.51343],[126.94567,37.51474],[126.97063,37.53464],[126.97237,37.55586],[126.97683,37.56375],[126.97738,37.56993],[127.00831,37.57112],[127.03134,37.5779],[127.03854,37.57806],[127.04499,37.58],[127.04823,37.58162],[127.05408,37.58756],[127.05995,37.591],[127.06698,37.60093],[127.06784,37.60412],[127.06747,37.61076],[127.05908,37.62997],[127.05867,37.63555],[127.05231,37.64258],[127.04491,37.66061],[127.04417,37.67045],[127.04636,37.68397],[127.04562,37.69619],[127.04775,37.70705],[127.04643,37.71614],[127.04751,37.7259],[127.04516,37.74588],[127.04249,37.7531],[127.04227,37.75763],[127.04523,37.77884],[127.05001,37.78443],[127.0509,37.78701],[127.05113,37.79015],[127.04918,37.7979],[127.05073,37.80399],[127.05047,37.80993],[127.0555,37.81606],[127.06293,37.83047],[127.06072,37.85061],[127.06127,37.86777],[127.05902,37.8742],[127.05511,37.8811],[127.05732,37.91367],[127.05363,37.93521],[127.05599,37.94072],[127.06046,37.94619],[127.06201,37.95722],[127.05792,37.97382],[127.05816,37.97862],[127.06291,37.98601],[127.07354,37.99419],[127.07555,37.99789],[127.07571,38.00229],[127.0743,38.00956],[127.0747,38.01867],[127.06873,38.03059],[127.06539,38.04598],[127.06962,38.06794],[127.07376,38.07602],[127.07161,38.08874],[127.07386,38.10046]]}},{"type":"Feature","properties":{"mode":"subway","kind":"route","lod":"coarse"},"geometry":{"type":"LineString","coordinates":[[127.06262,37.62236],[127.06168,37.62441],[127.06262,37.62236]]}},{"type":"Feature","properties":{"mode":"subway","kind":"route","lod":"coarse"},"geometry":{"type":"LineString","coordinates":[[127.07386,38.10046],[127.07161,38.08874],[127.07376,38.07602],[127.06962,38.06794],[127.06539,38.04598],[127.06873,38.03059],[127.0747,38.01867],[127.0743,38.00956],[127.07552,37.99832],[127.07368,37.9944],[127.06291,37.98601],[127.05816,37.97862],[127.05792,37.97382],[127.06201,37.95722],[127.06054,37.94657],[127.05599,37.94072],[127.05363,37.93521],[127.05728,37.91364],[127.05507,37.88109],[127.05896,37.8742],[127.06122,37.86776],[127.06059,37.85228],[127.06288,37.83051],[127.05543,37.81605],[127.05025,37.80942],[127.05071,37.8043],[127.04913,37.7978],[127.05108,37.79013],[127.05085,37.78701],[127.04998,37.78447],[127.04519,37.77889],[127.04416,37.76714],[127.04219,37.75846],[127.04232,37.76035],[127.04229,37.75377],[127.04505,37.74618],[127.04732,37.72659],[127.04637,37.71614],[127.04773,37.70752],[127.04556,37.69602],[127.04635,37.68432],[127.04412,37.67054],[127.04483,37.66077],[127.05234,37.64243],[127.05846,37.63595],[127.05904,37.62992],[127.06205,37.6235]]}},{"type":"Feature","properties":{"mode":"subway","kind":"route","lod":"coarse"},"geometry":{"type":"LineString","coordinates":[[127.05169,37.64382],[127.05095,37.64538],[127.05169,37.64382]]}},{"type":"Feature","properties":{"mode":"subway","kind":"route","lod":"coarse"},"geometry":{"type":"LineString","coordinates":[[127.04805,37.65213],[127.04715,37.65418],[127.04805,37.65213]]}},{"type":"Feature","properties":{"mode":"subway","kind":"route","lod":"coarse"},"geometry":{"type":"LineString","coordinates":[[127.04419,37.66855],[127.04431,37.66621],[127.04419,37.66855]]}},{"type":"Feature","properties":{"mode":"subway","kind":"route","lod":"coarse"},"geometry":{"type":"LineString","coordinates":[[127.04593,37.69054],[127.04613,37.68873],[127.04593,37.69054]]}},{"type":"Feature","properties":{"mode":"subway","kind":"route","lod":"coarse"},"geometry":{"type":"LineString","coordinates":[[127.04706,37.72282],[127.04719,37.7248],[127.04706,37.72282]]}},{"type":"Feature","properties":{"mode":"subway","kind":"route","lod":"coarse"},"geometry":{"type":"LineString","coordinates":[[127.06138,37.84417],[127.06163,37.84233],[127.06138,37.84417]]}},{"type":"Feature","properties":{"mode":"subway","kind":"route","lod":"coarse"},"geometry":{"type":"LineString","coordinates":[[127.05579,37.89327],[127.05569,37.89142],[127.05579,37.89327]]}},{"type":"Feature","properties":{"mode":"subway","kind":"route","lod":"coarse"},"geometry":{"type":"LineString","coordinates":[[127.0565,37.90264],[127.05637,37.9008],[127.0565,37.90264]]}},{"type":"Feature","properties":{"mode":"subway","kind":"route","lod":"coarse"},"geometry":{"type":"LineString","coordinates":[[127.05701,37.91498],[127.05726,37.91324],[127.05701,37.91498]]}},{"type":"Feature","properties":{"mode":"subway","kind":"route","lod":"coarse"},"geometry":{"type":"LineString","coordinates":[[127.05457,37.92848],[127.05492,37.92664],[127.05457,37.92848]]}},{"type":"Feature","properties":{"mode":"subway","kind":"route","lod":"coarse"},"geometry":{"type":"LineString","coordinates":[[127.07357,37.99433],[127.07474,37.9959],[127.07357,37.99433]]}},{"type":"Feature","properties":{"mode":"subway","kind":"route","lod":"coarse"},"geometry":{"type":"LineString","coordinates":[[127.07233,38.02369],[127.07147,38.0254],[127.07233,38.02369]]}},{"type":"Feature","properties":{"mode":"subway","kind":"route","lod":"coarse"},"geometry":{"type":"LineString","coordinates":[[127.07393,38.10145],[127.07366,38.09965],[127.07393,38.10145]]}},{"type":"Feature","properties":{"mode":"subway","kind":"route","lod":"coarse"},"geometry":{"type":"LineString","coordinates":[[127.06004,37.62769],[127.06009,37.62759]]}},{"type":"Feature","properties":{"mode":"subway","kind":"route","lod":"coarse"},"geometry":{"type":"LineString","coordinates":[[127.05879,37.63191],[127.05879,37.63203]]}},{"type":"Feature","properties":{"mode":"subway","kind":"route","lod":"coarse"},"geometry":{"type":"LineString","coordinates":[[126.8815,37.50249],[126.88333,37.50405],[126.8815,37.50249]]}},{"type":"Feature","properties":{"mode":"subway","kind":"route","lod":"coarse"},"geometry":{"type":"LineString","coordinates":[[126.88248,37.50326],[126.89102,37.50894],[126.90998,37.51679],[126.91827,37.51698],[126.92535,37.51344],[126.93794,37.51382],[126.9466,37.51515],[126.97057,37.53465],[126.97219,37.55582],[126.977,37.56448],[126.97711,37.56986],[127.0083,37.57115],[127.03093,37.57788],[127.03894,37.57822],[127.04537,37.58026],[127.0496,37.58301],[127.05374,37.58736],[127.06022,37.59132],[127.06758,37.60251],[127.06726,37.61129],[127.05904,37.62992],[127.05853,37.63578],[127.05234,37.64243],[127.04488,37.66046],[127.0441,37.67014],[127.04635,37.68432],[127.04561,37.69667],[127.04773,37.70752],[127.04637,37.71614],[127.04732,37.72659],[127.04505,37.74618],[127.04219,37.75468],[127.04519,37.77889],[127.04998,37.78447],[127.05097,37.78778],[127.04913,37.7978],[127.05071,37.8043],[127.05025,37.80942],[127.05543,37.81605],[127.06288,37.83051],[127.06059,37.85228],[127.06122,37.86776],[127.05896,37.8742],[127.05507,37.88109],[127.05728,37.91364],[127.05363,37.93521],[127.05599,37.94072],[127.06054,37.94657],[127.06201,37.95722],[127.05792,37.97382],[127.05816,37.97862],[127.06291,37.98601],[127.07368,37.9944],[127.07552,37.99832],[127.0743,38.00956],[127.0747,38.01867],[127.06873,38.03059],[127.06539,38.04598],[127.06962,38.06794],[127.07376,38.07602],[127.07161,38.08874],[127.07386,38.10046]]}},{"type":"Feature","properties":{"mode":"subway","kind":"route","lod":"coarse"},"geometry":{"type":"LineString","coordinates":[[126.61707,37.47746],[126.61943,37.48036],[126.62479,37.48107],[126.62966,37.47818],[126.63758,37.47124],[126.64776,37.46695],[126.66144,37.46688],[126.68679,37.46452],[126.69894,37.46506],[126.70134,37.46605],[126.70247,37.46767],[126.70398,37.48044],[126.70752,37.48362],[126.71812,37.48981],[126.76156,37.48715],[126.79145,37.48283],[126.80308,37.48256],[126.81462,37.48634],[126.82187,37.49175],[126.82536,37.49293],[126.83909,37.49324],[126.85182,37.49588],[126.86216,37.49406],[126.8651,37.49426],[126.8783,37.50033],[126.88313,37.5043],[126.89102,37.50894],[126.90998,37.51679],[126.91827,37.51698],[126.92535,37.51344],[126.94565,37.51477],[126.97057,37.53465],[126.97219,37.55582],[126.977,37.56448],[126.97731,37.57],[127.0083,37.57115],[127.03093,37.57788],[127.03894,37.57822],[127.04712,37.58109],[127.05341,37.5871],[127.06075,37.59197],[127.06744,37.60209],[127.06764,37.60962],[127.05904,37.62992],[127.05846,37.63595],[127.05234,37.64243],[127.04488,37.66046],[127.0441,37.67014],[127.04635,37.68432],[127.04561,37.69667],[127.04773,37.70752],[127.04637,37.71614],[127.04732,37.72659],[127.04516,37.74555],[127.04245,37.7531],[127.04223,37.75764],[127.04519,37.77889],[127.04998,37.78447],[127.05097,37.78778],[127.04913,37.7978],[127.05071,37.8043],[127.05025,37.80942],[127.05543,37.81605],[127.06288,37.83051],[127.06059,37.85228],[127.06122,37.86776],[127.05896,37.8742],[127.05507,37.88109],[127.05728,37.91364],[127.05363,37.93521],[127.05599,37.94072],[127.06054,37.94657],[127.06201,37.95722],[127.05792,37.97382],[127.05816,37.97862],[127.06291,37.98601],[127.07368,37.9944],[127.07552,37.99832],[127.0743,38.00956],[127.0747,38.01867],[127.06873,38.03059],[127.06539,38.04598],[127.06962,38.06794],[127.07376,38.07602],[127.07161,38.08874],[127.07386,38.10046]]}},{"type":"Feature","properties":{"mode":"subway","kind":"route","lod":"coarse"},"geometry":{"type":"LineString","coordinates":[[127.12707,37.549],[127.12045,37.53027],[127.11388,37.51876],[127.11244,37.51746],[127.10218,37.51377],[127.10153,37.5112],[127.12065,37.48956],[127.12689,37.47718],[127.12674,37.46783],[127.13894,37.46289],[127.14916,37.45703],[127.15792,37.45592],[127.16064,37.45367],[127.15638,37.44479],[127.14582,37.44031],[127.1366,37.43529],[127.13032,37.43403]]}},{"type":"Feature","properties":{"mode":"subway","kind":"route","lod":"coarse"},"geometry":{"type":"LineString","coordinates":[[127.13033,37.43399],[127.13662,37.43525],[127.14584,37.44028],[127.15641,37.44476],[127.16069,37.45367],[127.15747,37.45609],[127.14919,37.45706],[127.13867,37.46306],[127.12681,37.46789],[127.12694,37.47719],[127.1207,37.48958],[127.10159,37.51122],[127.10216,37.51368],[127.11269,37.51747],[127.11401,37.51875],[127.12049,37.53026],[127.1278,37.55067]]}},{"type":"Feature","properties":{"mode":"subway","kind":"route","lod":"coarse"},"geometry":{"type":"LineString","coordinates":[[127.1267,37.643],[127.13246,37.63831],[127.14606,37.63235],[127.14974,37.62935],[127.15031,37.62759],[127.14907,37.62019],[127.13906,37.61501],[127.13807,37.61283],[127.14043,37.60345],[127.14288,37.5984],[127.13797,37.59209],[127.13807,37.57973],[127.14069,37.5589],[127.13706,37.55693],[127.13039,37.55657],[127.1278,37.55067]]}},{"type":"Feature","properties":{"mode":"subway","kind":"route","lod":"coarse"},"geometry":{"type":"LineString","coordinates":[[127.12802,37.6418],[127.13247,37.63822],[127.14604,37.63227],[127.14971,37.62926],[127.15023,37.62762],[127.1489,37.62019],[127.13895,37.61514],[127.13796,37.61285],[127.14047,37.6031],[127.14279,37.59839],[127.13785,37.59211],[127.13794,37.57964],[127.14062,37.55893],[127.13709,37.55701],[127.13032,37.55661],[127.12707,37.549]]}},{"type":"Feature","properties":{"mode":"subway","kind":"route","lod":"coarse"},"geometry":{"type":"LineString","coordinates":[[126.68854,37.60242],[126.69984,37.60256],[126.7064,37.60151],[126.71196,37.5977],[126.71369,37.58997],[126.71725,37.58399],[126.71729,37.57274],[126.71892,37.57135],[126.72277,37.57057],[126.72958,37.57145],[126.7398,37.57103],[126.74248,37.56677],[126.74301,37.56239],[126.74579,37.55902],[126.74502,37.55364],[126.73723,37.54323],[126.72611,37.54347],[126.72372,37.54278],[126.72258,37.5415],[126.72248,37.5284],[126.72049,37.50745],[126.7238,37.48907],[126.72248,37.48734],[126.71181,37.48197],[126.7081,37.47159],[126.70769,37.46684],[126.70631,37.46543],[126.70216,37.46413],[126.70117,37.46272],[126.7022,37.4584],[126.69943,37.43993],[126.69771,37.43561],[126.69894,37.42775],[126.6969,37.42123],[126.67903,37.40303],[126.66507,37.39023],[126.66261,37.38904],[126.64974,37.3759],[126.64709,37.37623],[126.64445,37.37955],[126.62615,37.40684]]}},{"type":"Feature","properties":{"mode":"subway","kind":"route","lod":"coarse"},"geometry":{"type":"LineString","coordinates":[[126.62605,37.40679],[126.64605,37.37726],[126.64757,37.37593],[126.64958,37.37578],[126.6628,37.38897],[126.66517,37.39014],[126.67929,37.40312],[126.69736,37.42132],[126.69918,37.42839],[126.69786,37.43551],[126.69944,37.43954],[126.7023,37.45842],[126.70128,37.46266],[126.70224,37.46406],[126.70638,37.46537],[126.70787,37.46685],[126.70807,37.47121],[126.71215,37.48221],[126.7225,37.48727],[126.72391,37.48914],[126.72062,37.50753],[126.72254,37.52789],[126.72274,37.54127],[126.72548,37.54331],[126.73725,37.54317],[126.74523,37.554],[126.74586,37.55914],[126.74306,37.56241],[126.74257,37.56666],[126.73977,37.5711],[126.72957,37.5715],[126.72277,37.5706],[126.71896,37.57139],[126.71742,37.57275],[126.71736,37.584],[126.71379,37.59],[126.71204,37.59772],[126.70646,37.60154],[126.6985,37.6027],[126.68853,37.60246]]}},{"type":"Feature","properties":{"mode":"subway","kind":"route","lod":"coarse"},"geometry":{"type":"LineString","coordinates":[[126.81277,37.57738],[126.81099,37.57378],[126.80499,37.57122],[126.80127,37.56287],[126.80194,37.56085],[126.80556,37.55953],[126.81055,37.56141],[126.8269,37.56007],[126.83359,37.56093],[126.8363,37.55995],[126.83774,37.55756],[126.83639,37.55256],[126.83658,37.54598],[126.84154,37.54025],[126.85092,37.52502],[126.85286,37.52459],[126.86438,37.52616],[126.8778,37.52435],[126.8838,37.52601],[126.9078,37.52229],[126.91266,37.51836],[126.91596,37.51757],[126.91878,37.51829],[126.93306,37.52722],[126.94352,37.53772],[126.94977,37.54243],[126.95327,37.547],[126.95795,37.55598],[126.9627,37.56005],[126.96809,37.56732],[126.97364,37.57134],[126.9864,37.57261],[126.99268,37.57249],[126.99554,37.57166],[126.99771,37.57025],[126.99883,37.56518],[127.00771,37.56411],[127.01562,37.55942],[127.01849,37.55507],[127.02137,37.55429],[127.02995,37.5576],[127.04895,37.5693],[127.05888,37.56241],[127.07231,37.56006],[127.08864,37.55343],[127.09194,37.54938],[127.10511,37.54484],[127.11759,37.54202],[127.12271,37.53886],[127.13708,37.53431],[127.13818,37.53229],[127.13329,37.51975],[127.12467,37.50642],[127.12447,37.50489],[127.13084,37.50024],[127.14432,37.49309],[127.14925,37.49288],[127.15275,37.49499]]}},{"type":"Feature","properties":{"mode":"subway","kind":"route","lod":"coarse"},"geometry":{"type":"LineString","coordinates":[[127.15279,37.49496],[127.14926,37.49282],[127.14428,37.49304],[127.1308,37.5002],[127.12443,37.50487],[127.12461,37.50644],[127.13324,37.51976],[127.13797,37.53218],[127.13702,37.53409],[127.12269,37.53883],[127.11756,37.54197],[127.10508,37.5448],[127.09191,37.54933],[127.08859,37.55339],[127.07228,37.56001],[127.05884,37.56238],[127.0492,37.5692],[127.04736,37.5688],[127.02998,37.55756],[127.02138,37.55422],[127.01844,37.55503],[127.01557,37.55938],[127.00791,37.56393],[126.99878,37.56514],[126.99766,37.57021],[126.99552,37.57158],[126.99212,37.57246],[126.9864,37.57256],[126.97366,37.5713],[126.96813,37.56728],[126.96268,37.55986],[126.958,37.55596],[126.95332,37.54699],[126.94982,37.54241],[126.94358,37.5377],[126.9331,37.5272],[126.91902,37.51836],[126.91631,37.51749],[126.91259,37.51831],[126.90759,37.52231],[126.88361,37.526],[126.8778,37.5243],[126.86438,37.52612],[126.85287,37.52455],[126.8509,37.52497],[126.84151,37.54022],[126.83644,37.54616],[126.83634,37.55256],[126.83768,37.55757],[126.83625,37.55991],[126.83358,37.56089],[126.82689,37.56003],[126.81055,37.56137],[126.80557,37.55949],[126.8019,37.56083],[126.80121,37.56287],[126.80493,37.57123],[126.81095,37.57382],[126.81269,37.5774]]}}]}