{"type":"FeatureCollection","features":[{"type":"Feature","geometry":{"type":"Polygon","coordinates":[[[126.91411,37.51804],[126.90239,37.52341],[126.89067,37.51804],[126.89067,37.50731],[126.90239,37.50195],[126.91411,37.50731],[126.91411,37.51804]]]},"properties":{"row":7,"col":3,"walk_min":1.2,"nearest_station_id":"kr_282","nearest_station_name":"Mullae","nearest_station_name_ko":"문래","a":26,"c":29,"e":29,"g":38,"i":28,"k":42,"m":47,"o":22,"b":26,"d":29,"f":29,"h":38,"j":28,"l":42,"n":47,"p":22}},{"type":"Feature","geometry":{"type":"Polygon","coordinates":[[[126.90239,37.53414],[126.89067,37.53951],[126.87894,37.53414],[126.87894,37.52341],[126.89067,37.51804],[126.90239,37.52341],[126.90239,37.53414]]]},"properties":{"row":8,"col":2,"walk_min":0.9,"nearest_station_id":"kr_049","nearest_station_name":"Dangsan","nearest_station_name_ko":"당산","a":21,"c":21,"e":29,"g":34,"i":25,"k":42,"m":43,"o":11,"b":21,"d":21,"f":29,"h":34,"j":25,"l":42,"n":43,"p":11}},{"type":"Feature","geometry":{"type":"Polygon","coordinates":[[[126.92583,37.53414],[126.91411,37.53951],[126.90239,37.53414],[126.90239,37.52341],[126.91411,37.51804],[126.92583,37.52341],[126.92583,37.53414]]]},"properties":{"row":8,"col":3,"walk_min":3.5,"nearest_station_id":"kr_431","nearest_station_name":"National Assembly","nearest_station_name_ko":"국회의사당","a":21,"c":23,"e":27,"g":35,"i":23,"k":40,"m":44,"o":14,"b":21,"d":23,"f":27,"h":35,"j":23,"l":40,"n":44,"p":14}},{"type":"Feature","geometry":{"type":"Polygon","coordinates":[[[127.01961,37.50195],[127.00789,37.50731],[126.99617,37.50195],[126.99617,37.49122],[127.00789,37.48585],[127.01961,37.49122],[127.01961,37.50195]]]},"properties":{"row":6,"col":8,"walk_min":1.6,"nearest_station_id":"kr_002","nearest_station_name":"Express Bus Terminal","nearest_station_name_ko":"고속터미널","a":21,"c":24,"e":7,"g":26,"i":12,"k":21,"m":32,"o":30,"b":21,"d":24,"f":7,"h":26,"j":12,"l":21,"n":32,"p":30}},{"type":"Feature","geometry":{"type":"Polygon","coordinates":[[[127.00789,37.51804],[126.99617,37.52341],[126.98444,37.51804],[126.98444,37.50731],[126.99617,37.50195],[127.00789,37.50731],[127.00789,37.51804]]]},"properties":{"row":7,"col":7,"walk_min":7.8,"nearest_station_id":"kr_216","nearest_station_name":"Jamwon","nearest_station_name_ko":"잠원","a":23,"c":26,"e":18,"g":30,"i":19,"k":31,"m":39,"o":34,"b":23,"d":26,"f":18,"h":30,"j":19,"l":31,"n":39,"p":34}},{"type":"Feature","geometry":{"type":"Polygon","coordinates":[[[126.99617,37.50195],[126.98444,37.50731],[126.97272,37.50195],[126.97272,37.49122],[126.98444,37.48585],[126.99617,37.49122],[126.99617,37.50195]]]},"properties":{"row":6,"col":7,"walk_min":2.6,"nearest_station_id":"kr_400","nearest_station_name":"Gubanpo","nearest_station_name_ko":"구반포","a":19,"c":22,"e":13,"g":30,"i":12,"k":26,"m":37,"o":28,"b":19,"d":22,"f":13,"h":30,"j":12,"l":26,"n":37,"p":28}},{"type":"Feature","geometry":{"type":"Polygon","coordinates":[[[126.98444,37.51804],[126.97272,37.52341],[126.961,37.51804],[126.961,37.50731],[126.97272,37.50195],[126.98444,37.50731],[126.98444,37.51804]]]},"properties":{"row":7,"col":6,"walk_min":5.9,"nearest_station_id":"kr_219","nearest_station_name":"Ichon","nearest_station_name_ko":"이촌","a":16,"c":19,"e":20,"g":30,"i":16,"k":33,"m":38,"o":29,"b":16,"d":19,"f":20,"h":30,"j":16,"l":33,"n":38,"p":29}},{"type":"Feature","geometry":{"type":"Polygon","coordinates":[[[126.93755,37.51804],[126.92583,37.52341],[126.91411,37.51804],[126.91411,37.50731],[126.92583,37.50195],[126.93755,37.50731],[126.93755,37.51804]]]},"properties":{"row":7,"col":4,"walk_min":0.9,"nearest_station_id":"kr_095","nearest_station_name":"Singil","nearest_station_name_ko":"신길","a":23,"c":25,"e":23,"g":34,"i":22,"k":36,"m":43,"o":23,"b":23,"d":25,"f":23,"h":34,"j":22,"l":36,"n":43,"p":23}},{"type":"Feature","geometry":{"type":"Polygon","coordinates":[[[126.94928,37.53414],[126.93755,37.53951],[126.92583,37.53414],[126.92583,37.52341],[126.93755,37.51804],[126.94928,37.52341],[126.94928,37.53414]]]},"properties":{"row":8,"col":4,"walk_min":3.9,"nearest_station_id":"kr_180","nearest_station_name":"여의나루","nearest_station_name_ko":"여의나루","a":18,"c":21,"e":26,"g":32,"i":22,"k":39,"m":41,"o":19,"b":18,"d":21,"f":26,"h":32,"j":22,"l":39,"n":41,"p":19}},{"type":"Feature","geometry":{"type":"Polygon","coordinates":[[[126.961,37.51804],[126.94928,37.52341],[126.93755,37.51804],[126.93755,37.50731],[126.94928,37.50195],[126.961,37.50731],[126.961,37.51804]]]},"properties":{"row":7,"col":5,"walk_min":5.0,"nearest_station_id":"kr_399","nearest_station_name":"Nodeul","nearest_station_name_ko":"노들","a":24,"c":27,"e":23,"g":37,"i":22,"k":36,"m":45,"o":29,"b":24,"d":27,"f":23,"h":37,"j":22,"l":36,"n":45,"p":29}},{"type":"Feature","geometry":{"type":"Polygon","coordinates":[[[126.98444,37.55024],[126.97272,37.5556],[126.961,37.55024],[126.961,37.53951],[126.97272,37.53414],[126.98444,37.53951],[126.98444,37.55024]]]},"properties":{"row":9,"col":5,"walk_min":1.2,"nearest_station_id":"kr_005","nearest_station_name":"Seoul Station","nearest_station_name_ko":"서울역","a":4,"c":7,"e":23,"g":17,"i":20,"k":35,"m":26,"o":18,"b":4,"d":7,"f":23,"h":17,"j":20,"l":35,"n":26,"p":18}},{"type":"Feature","geometry":{"type":"Polygon","coordinates":[[[126.97272,37.56634],[126.961,37.5717],[126.94928,37.56634],[126.94928,37.5556],[126.961,37.55024],[126.97272,37.5556],[126.97272,37.56634]]]},"properties":{"row":10,"col":4,"walk_min":1.8,"nearest_station_id":"kr_005","nearest_station_name":"Seoul Station","nearest_station_name_ko":"서울역","a":12,"c":11,"e":30,"g":19,"i":28,"k":39,"m":28,"o":22,"b":12,"d":11,"f":30,"h":19,"j":28,"l":39,"n":28,"p":22}},{"type":"Feature","geometry":{"type":"Polygon","coordinates":[[[126.99617,37.56634],[126.98444,37.5717],[126.97272,37.56634],[126.97272,37.5556],[126.98444,37.55024],[126.99617,37.5556],[126.99617,37.56634]]]},"properties":{"row":10,"col":5,"walk_min":2.4,"nearest_station_id":"kr_018","nearest_station_name":"Jonggak","nearest_station_name_ko":"종각","a":7,"c":7,"e":27,"g":15,"i":27,"k":35,"m":24,"o":18,"b":7,"d":7,"f":27,"h":15,"j":27,"l":35,"n":24,"p":18}},{"type":"Feature","geometry":{"type":"Polygon","coordinates":[[[127.03133,37.51804],[127.01961,37.52341],[127.00789,37.51804],[127.00789,37.50731],[127.01961,37.50195],[127.03133,37.50731],[127.03133,37.51804]]]},"properties":{"row":7,"col":8,"walk_min":1.8,"nearest_station_id":"kr_056","nearest_station_name":"Sinsa","nearest_station_name_ko":"신사","a":23,"c":23,"e":6,"g":22,"i":16,"k":20,"m":30,"o":32,"b":23,"d":23,"f":6,"h":22,"j":16,"l":20,"n":30,"p":32}},{"type":"Feature","geometry":{"type":"Polygon","coordinates":[[[127.04305,37.50195],[127.03133,37.50731],[127.01961,37.50195],[127.01961,37.49122],[127.03133,37.48585],[127.04305,37.49122],[127.04305,37.50195]]]},"properties":{"row":6,"col":9,"walk_min":2.4,"nearest_station_id":"kr_252","nearest_station_name":"Yeoksam","nearest_station_name_ko":"역삼","a":27,"c":29,"e":5,"g":27,"i":15,"k":17,"m":28,"o":35,"b":27,"d":29,"f":5,"h":27,"j":15,"l":17,"n":28,"p":35}},{"type":"Feature","geometry":{"type":"Polygon","coordinates":[[[126.98444,37.58243],[126.97272,37.5878],[126.961,37.58243],[126.961,37.5717],[126.97272,37.56634],[126.98444,37.5717],[126.98444,37.58243]]]},"properties":{"row":11,"col":4,"walk_min":5.5,"nearest_station_id":"kr_260","nearest_station_name":"서대문","nearest_station_name_ko":"서대문","a":16,"c":13,"e":34,"g":20,"i":34,"k":40,"m":29,"o":25,"b":16,"d":13,"f":34,"h":20,"j":34,"l":40,"n":29,"p":25}},{"type":"Feature","geometry":{"type":"Polygon","coordinates":[[[127.00789,37.58243],[126.99617,37.5878],[126.98444,37.58243],[126.98444,37.5717],[126.99617,37.56634],[127.00789,37.5717],[127.00789,37.58243]]]},"properties":{"row":11,"col":5,"walk_min":1.9,"nearest_station_id":"kr_018","nearest_station_name":"Jonggak","nearest_station_name_ko":"종각","a":11,"c":9,"e":28,"g":14,"i":31,"k":34,"m":23,"o":20,"b":11,"d":9,"f":28,"h":14,"j":31,"l":34,"n":23,"p":20}},{"type":"Feature","geometry":{"type":"Polygon","coordinates":[[[126.91411,37.45366],[126.90239,37.45902],[126.89067,37.45366],[126.89067,37.44293],[126.90239,37.43756],[126.91411,37.44293],[126.91411,37.45366]]]},"properties":{"row":3,"col":5,"walk_min":9.2,"nearest_station_id":"kr_008","nearest_station_name":"Geumcheon-gu Office","nearest_station_name_ko":"금천구청","a":36,"c":39,"e":46,"g":51,"i":42,"k":59,"m":60,"o":37,"b":36,"d":39,"f":46,"h":51,"j":42,"l":59,"n":60,"p":37}},{"type":"Feature","geometry":{"type":"Polygon","coordinates":[[[127.01961,37.56634],[127.00789,37.5717],[126.99617,37.56634],[126.99617,37.5556],[127.00789,37.55024],[127.01961,37.5556],[127.01961,37.56634]]]},"properties":{"row":10,"col":6,"walk_min":1.2,"nearest_station_id":"kr_050","nearest_station_name":"Jongno 5(o)-ga","nearest_station_name_ko":"종로5가","a":13,"c":11,"e":22,"g":10,"i":28,"k":30,"m":19,"o":22,"b":13,"d":11,"f":22,"h":10,"j":28,"l":30,"n":19,"p":22}},{"type":"Feature","geometry":{"type":"Polygon","coordinates":[[[127.03133,37.58243],[127.01961,37.5878],[127.00789,37.58243],[127.00789,37.5717],[127.01961,37.56634],[127.03133,37.5717],[127.03133,37.58243]]]},"properties":{"row":11,"col":6,"walk_min":0.3,"nearest_station_id":"kr_069","nearest_station_name":"Sindang","nearest_station_name_ko":"신당","a":14,"c":12,"e":25,"g":9,"i":33,"k":29,"m":18,"o":24,"b":14,"d":12,"f":25,"h":9,"j":33,"l":29,"n":18,"p":24}},{"type":"Feature","geometry":{"type":"Polygon","coordinates":[[[126.92583,37.40537],[126.91411,37.41073],[126.90239,37.40537],[126.90239,37.39463],[126.91411,37.38927],[126.92583,37.39463],[126.92583,37.40537]]]},"properties":{"row":0,"col":7,"walk_min":19.8,"nearest_station_id":"kr_010","nearest_station_name":"Anyang","nearest_station_name_ko":"안양","a":58,"c":60,"e":67,"g":72,"i":59,"k":81,"m":81,"o":58,"b":58,"d":60,"f":67,"h":72,"j":59,"l":81,"n":81,"p":58}},{"type":"Feature","geometry":{"type":"Polygon","coordinates":[[[126.93755,37.38927],[126.92583,37.39463],[126.91411,37.38927],[126.91411,37.37854],[126.92583,37.37317],[126.93755,37.37854],[126.93755,37.38927]]]},"properties":{"row":-1,"col":8,"walk_min":14.1,"nearest_station_id":"kr_459","nearest_station_name":"Myeonghak","nearest_station_name_ko":"명학","a":56,"c":58,"e":61,"g":70,"i":50,"k":75,"m":79,"o":56,"b":56,"d":58,"f":61,"h":70,"j":50,"l":75,"n":79,"p":56}},{"type":"Feature","geometry":{"type":"Polygon","coordinates":[[[127.07822,37.51804],[127.0665,37.52341],[127.05478,37.51804],[127.05478,37.50731],[127.0665,37.50195],[127.07822,37.50731],[127.07822,37.51804]]]},"properties":{"row":7,"col":10,"walk_min":3.2,"nearest_station_id":"kr_012","nearest_station_name":"Sports Complex","nearest_station_name_ko":"종합운동장","a":34,"c":36,"e":15,"g":29,"i":24,"k":21,"m":29,"o":43,"b":34,"d":36,"f":15,"h":29,"j":24,"l":21,"n":29,"p":43}},{"type":"Feature","geometry":{"type":"Polygon","coordinates":[[[127.08994,37.53414],[127.07822,37.53951],[127.0665,37.53414],[127.0665,37.52341],[127.07822,37.51804],[127.08994,37.52341],[127.08994,37.53414]]]},"properties":{"row":8,"col":10,"walk_min":4.0,"nearest_station_id":"kr_181","nearest_station_name":"Jayang","nearest_station_name_ko":"자양","a":35,"c":35,"e":21,"g":23,"i":29,"k":22,"m":22,"o":45,"b":35,"d":35,"f":21,"h":23,"j":29,"l":22,"n":22,"p":45}},{"type":"Feature","geometry":{"type":"Polygon","coordinates":[[[127.10166,37.51804],[127.08994,37.52341],[127.07822,37.51804],[127.07822,37.50731],[127.08994,37.50195],[127.10166,37.50731],[127.10166,37.51804]]]},"properties":{"row":7,"col":11,"walk_min":6.4,"nearest_station_id":"kr_157","nearest_station_name":"Jamsilsaenae","nearest_station_name_ko":"잠실새내","a":40,"c":42,"e":18,"g":31,"i":29,"k":11,"m":22,"o":49,"b":40,"d":42,"f":18,"h":31,"j":29,"l":11,"n":22,"p":49}},{"type":"Feature","geometry":{"type":"Polygon","coordinates":[[[126.89067,37.51804],[126.87894,37.52341],[126.86722,37.51804],[126.86722,37.50731],[126.87894,37.50195],[126.89067,37.50731],[126.89067,37.51804]]]},"properties":{"row":7,"col":2,"walk_min":1.1,"nearest_station_id":"kr_151","nearest_station_name":"Dorimcheon","nearest_station_name_ko":"도림천","a":21,"c":24,"e":31,"g":36,"i":27,"k":44,"m":45,"o":18,"b":21,"d":24,"f":31,"h":36,"j":27,"l":44,"n":45,"p":18}},{"type":"Feature","geometry":{"type":"Polygon","coordinates":[[[126.87894,37.53414],[126.86722,37.53951],[126.8555,37.53414],[126.8555,37.52341],[126.86722,37.51804],[126.87894,37.52341],[126.87894,37.53414]]]},"properties":{"row":8,"col":1,"walk_min":4.0,"nearest_station_id":"kr_405","nearest_station_name":"Mok-dong","nearest_station_name_ko":"목동","a":28,"c":30,"e":36,"g":43,"i":32,"k":49,"m":52,"o":24,"b":28,"d":30,"f":36,"h":43,"j":32,"l":49,"n":52,"p":24}},{"type":"Feature","geometry":{"type":"Polygon","coordinates":[[[127.11339,37.50195],[127.10166,37.50731],[127.08994,37.50195],[127.08994,37.49122],[127.10166,37.48585],[127.11339,37.49122],[127.11339,37.50195]]]},"properties":{"row":6,"col":12,"walk_min":2.5,"nearest_station_id":"kr_066","nearest_station_name":"Songpa","nearest_station_name_ko":"송파","a":41,"c":43,"e":19,"g":34,"i":30,"k":15,"m":26,"o":49,"b":41,"d":43,"f":19,"h":34,"j":30,"l":15,"n":26,"p":49}},{"type":"Feature","geometry":{"type":"Polygon","coordinates":[[[127.12511,37.51804],[127.11339,37.52341],[127.10166,37.51804],[127.10166,37.50731],[127.11339,37.50195],[127.12511,37.50731],[127.12511,37.51804]]]},"properties":{"row":7,"col":12,"walk_min":0.9,"nearest_station_id":"kr_217","nearest_station_name":"Mongchontoseong","nearest_station_name_ko":"몽촌토성","a":41,"c":40,"e":21,"g":28,"i":32,"k":16,"m":27,"o":51,"b":41,"d":40,"f":21,"h":28,"j":32,"l":16,"n":27,"p":51}},{"type":"Feature","geometry":{"type":"Polygon","coordinates":[[[127.13683,37.50195],[127.12511,37.50731],[127.11339,37.50195],[127.11339,37.49122],[127.12511,37.48585],[127.13683,37.49122],[127.13683,37.50195]]]},"properties":{"row":6,"col":13,"walk_min":1.9,"nearest_station_id":"kr_253","nearest_station_name":"Ogeum","nearest_station_name_ko":"오금","a":46,"c":46,"e":25,"g":34,"i":35,"k":20,"m":31,"o":55,"b":46,"d":46,"f":25,"h":34,"j":35,"l":20,"n":31,"p":55}},{"type":"Feature","geometry":{"type":"Polygon","coordinates":[[[127.05478,37.51804],[127.04305,37.52341],[127.03133,37.51804],[127.03133,37.50731],[127.04305,37.50195],[127.05478,37.50731],[127.05478,37.51804]]]},"properties":{"row":7,"col":9,"walk_min":1.8,"nearest_station_id":"kr_155","nearest_station_name":"Gangnam-gu Office","nearest_station_name_ko":"강남구청","a":29,"c":31,"e":13,"g":26,"i":20,"k":25,"m":31,"o":37,"b":29,"d":31,"f":13,"h":26,"j":20,"l":25,"n":31,"p":37}},{"type":"Feature","geometry":{"type":"Polygon","coordinates":[[[127.04305,37.53414],[127.03133,37.53951],[127.01961,37.53414],[127.01961,37.52341],[127.03133,37.51804],[127.04305,37.52341],[127.04305,37.53414]]]},"properties":{"row":8,"col":8,"walk_min":5.3,"nearest_station_id":"kr_059","nearest_station_name":"Oksu","nearest_station_name_ko":"옥수","a":24,"c":24,"e":16,"g":22,"i":24,"k":29,"m":31,"o":34,"b":24,"d":24,"f":16,"h":22,"j":24,"l":29,"n":31,"p":34}},{"type":"Feature","geometry":{"type":"Polygon","coordinates":[[[127.0665,37.53414],[127.05478,37.53951],[127.04305,37.53414],[127.04305,37.52341],[127.05478,37.51804],[127.0665,37.52341],[127.0665,37.53414]]]},"properties":{"row":8,"col":9,"walk_min":4.0,"nearest_station_id":"kr_181","nearest_station_name":"Jayang","nearest_station_name_ko":"자양","a":33,"c":33,"e":21,"g":23,"i":27,"k":34,"m":32,"o":42,"b":33,"d":33,"f":21,"h":23,"j":27,"l":34,"n":32,"p":42}},{"type":"Feature","geometry":{"type":"Polygon","coordinates":[[[126.87894,37.50195],[126.86722,37.50731],[126.8555,37.50195],[126.8555,37.49122],[126.86722,37.48585],[126.87894,37.49122],[126.87894,37.50195]]]},"properties":{"row":6,"col":2,"walk_min":4.2,"nearest_station_id":"kr_450","nearest_station_name":"Guil","nearest_station_name_ko":"구일","a":29,"c":32,"e":37,"g":44,"i":35,"k":50,"m":53,"o":26,"b":29,"d":32,"f":37,"h":44,"j":35,"l":50,"n":53,"p":26}},{"type":"Feature","geometry":{"type":"Polygon","coordinates":[[[126.90239,37.50195],[126.89067,37.50731],[126.87894,37.50195],[126.87894,37.49122],[126.89067,37.48585],[126.90239,37.49122],[126.90239,37.50195]]]},"properties":{"row":6,"col":3,"walk_min":3.8,"nearest_station_id":"kr_019","nearest_station_name":"Guro","nearest_station_name_ko":"구로","a":32,"c":35,"e":33,"g":43,"i":32,"k":47,"m":52,"o":32,"b":32,"d":35,"f":33,"h":43,"j":32,"l":47,"n":52,"p":32}},{"type":"Feature","geometry":{"type":"Polygon","coordinates":[[[127.05478,37.48585],[127.04305,37.49122],[127.03133,37.48585],[127.03133,37.47512],[127.04305,37.46975],[127.05478,37.47512],[127.05478,37.48585]]]},"properties":{"row":5,"col":10,"walk_min":3.3,"nearest_station_id":"kr_020","nearest_station_name":"Yangjae","nearest_station_name_ko":"양재","a":32,"c":33,"e":8,"g":32,"i":18,"k":23,"m":34,"o":40,"b":32,"d":33,"f":8,"h":32,"j":18,"l":23,"n":34,"p":40}},{"type":"Feature","geometry":{"type":"Polygon","coordinates":[[[127.04305,37.56634],[127.03133,37.5717],[127.01961,37.56634],[127.01961,37.5556],[127.03133,37.55024],[127.04305,37.5556],[127.04305,37.56634]]]},"properties":{"row":10,"col":7,"walk_min":1.1,"nearest_station_id":"kr_069","nearest_station_name":"Sindang","nearest_station_name_ko":"신당","a":15,"c":14,"e":26,"g":7,"i":35,"k":23,"m":12,"o":25,"b":15,"d":14,"f":26,"h":7,"j":35,"l":23,"n":12,"p":25}},{"type":"Feature","geometry":{"type":"Polygon","coordinates":[[[126.94928,37.37317],[126.93755,37.37854],[126.92583,37.37317],[126.92583,37.36244],[126.93755,37.35707],[126.94928,37.36244],[126.94928,37.37317]]]},"properties":{"row":-2,"col":9,"walk_min":12.1,"nearest_station_id":"kr_081","nearest_station_name":"Sanbon","nearest_station_name_ko":"산본","a":60,"c":62,"e":59,"g":74,"i":48,"k":74,"m":83,"o":60,"b":60,"d":62,"f":59,"h":74,"j":48,"l":74,"n":83,"p":60}},{"type":"Feature","geometry":{"type":"Polygon","coordinates":[[[126.961,37.38927],[126.94928,37.39463],[126.93755,37.38927],[126.93755,37.37854],[126.94928,37.37317],[126.961,37.37854],[126.961,37.38927]]]},"properties":{"row":-1,"col":9,"walk_min":6.8,"nearest_station_id":"kr_023","nearest_station_name":"Geumjeong","nearest_station_name_ko":"금정","a":52,"c":55,"e":50,"g":66,"i":39,"k":65,"m":74,"o":54,"b":52,"d":55,"f":50,"h":66,"j":39,"l":65,"n":74,"p":54}},{"type":"Feature","geometry":{"type":"Polygon","coordinates":[[[126.97272,37.37317],[126.961,37.37854],[126.94928,37.37317],[126.94928,37.36244],[126.961,37.35707],[126.97272,37.36244],[126.97272,37.37317]]]},"properties":{"row":-2,"col":10,"walk_min":22.0,"nearest_station_id":"kr_072","nearest_station_name":"Gunpo","nearest_station_name_ko":"군포","a":71,"c":73,"e":67,"g":85,"i":56,"k":82,"m":93,"o":72,"b":71,"d":73,"f":67,"h":85,"j":56,"l":82,"n":93,"p":72}},{"type":"Feature","geometry":{"type":"Polygon","coordinates":[[[126.82033,37.48585],[126.80861,37.49122],[126.79689,37.48585],[126.79689,37.47512],[126.80861,37.46975],[126.82033,37.47512],[126.82033,37.48585]]]},"properties":{"row":5,"col":0,"walk_min":6.4,"nearest_station_id":"kr_024","nearest_station_name":"Yeokgok","nearest_station_name_ko":"역곡","a":39,"c":41,"e":48,"g":53,"i":44,"k":61,"m":62,"o":35,"b":39,"d":41,"f":48,"h":53,"j":44,"l":61,"n":62,"p":35}},{"type":"Feature","geometry":{"type":"Polygon","coordinates":[[[126.83206,37.50195],[126.82033,37.50731],[126.80861,37.50195],[126.80861,37.49122],[126.82033,37.48585],[126.83206,37.49122],[126.83206,37.50195]]]},"properties":{"row":6,"col":0,"walk_min":6.7,"nearest_station_id":"kr_177","nearest_station_name":"까치울","nearest_station_name_ko":"까치울","a":40,"c":42,"e":49,"g":54,"i":45,"k":62,"m":63,"o":36,"b":40,"d":42,"f":49,"h":54,"j":45,"l":62,"n":63,"p":36}},{"type":"Feature","geometry":{"type":"Polygon","coordinates":[[[127.05478,37.58243],[127.04305,37.5878],[127.03133,37.58243],[127.03133,37.5717],[127.04305,37.56634],[127.05478,37.5717],[127.05478,37.58243]]]},"properties":{"row":11,"col":7,"walk_min":1.1,"nearest_station_id":"kr_214","nearest_station_name":"용두","nearest_station_name_ko":"용두","a":20,"c":18,"e":30,"g":16,"i":39,"k":30,"m":19,"o":29,"b":20,"d":18,"f":30,"h":16,"j":39,"l":30,"n":19,"p":29}},{"type":"Feature","geometry":{"type":"Polygon","coordinates":[[[127.04305,37.59853],[127.03133,37.60389],[127.01961,37.59853],[127.01961,37.5878],[127.03133,37.58243],[127.04305,37.5878],[127.04305,37.59853]]]},"properties":{"row":12,"col":6,"walk_min":1.7,"nearest_station_id":"kr_131","nearest_station_name":"Korea Univ.","nearest_station_name_ko":"고려대","a":22,"c":21,"e":31,"g":18,"i":40,"k":39,"m":27,"o":33,"b":22,"d":21,"f":31,"h":18,"j":40,"l":39,"n":27,"p":33}},{"type":"Feature","geometry":{"type":"Polygon","coordinates":[[[127.0665,37.59853],[127.05478,37.60389],[127.04305,37.59853],[127.04305,37.5878],[127.05478,37.58243],[127.0665,37.5878],[127.0665,37.59853]]]},"properties":{"row":12,"col":7,"walk_min":2.5,"nearest_station_id":"kr_031","nearest_station_name":"Hoegi","nearest_station_name_ko":"회기","a":25,"c":24,"e":35,"g":22,"i":44,"k":39,"m":28,"o":35,"b":25,"d":24,"f":35,"h":22,"j":44,"l":39,"n":28,"p":35}},{"type":"Feature","geometry":{"type":"Polygon","coordinates":[[[127.03133,37.55024],[127.01961,37.5556],[127.00789,37.55024],[127.00789,37.53951],[127.01961,37.53414],[127.03133,37.53951],[127.03133,37.55024]]]},"properties":{"row":9,"col":7,"walk_min":3.0,"nearest_station_id":"kr_277","nearest_station_name":"신금호","nearest_station_name_ko":"신금호","a":15,"c":15,"e":21,"g":10,"i":29,"k":29,"m":19,"o":26,"b":15,"d":15,"f":21,"h":10,"j":29,"l":29,"n":19,"p":26}},{"type":"Feature","geometry":{"type":"Polygon","coordinates":[[[127.07822,37.58243],[127.0665,37.5878],[127.05478,37.58243],[127.05478,37.5717],[127.0665,37.56634],[127.07822,37.5717],[127.07822,37.58243]]]},"properties":{"row":11,"col":8,"walk_min":5.6,"nearest_station_id":"kr_098","nearest_station_name":"중곡","nearest_station_name_ko":"중곡","a":31,"c":30,"e":37,"g":18,"i":44,"k":38,"m":27,"o":41,"b":31,"d":30,"f":37,"h":18,"j":44,"l":38,"n":27,"p":41}},{"type":"Feature","geometry":{"type":"Polygon","coordinates":[[[126.961,37.32488],[126.94928,37.33025],[126.93755,37.32488],[126.93755,37.31415],[126.94928,37.30878],[126.961,37.31415],[126.961,37.32488]]]},"properties":{"row":-5,"col":11,"walk_min":24.0,"nearest_station_id":"kr_032","nearest_station_name":"Uiwang","nearest_station_name_ko":"의왕","a":81,"c":84,"e":78,"g":95,"i":67,"k":93,"m":104,"o":82,"b":81,"d":84,"f":78,"h":95,"j":67,"l":93,"n":104,"p":82}},{"type":"Feature","geometry":{"type":"Polygon","coordinates":[[[126.94928,37.34098],[126.93755,37.34634],[126.92583,37.34098],[126.92583,37.33025],[126.93755,37.32488],[126.94928,37.33025],[126.94928,37.34098]]]},"properties":{"row":-4,"col":10,"walk_min":15.4,"nearest_station_id":"kr_032","nearest_station_name":"Uiwang","nearest_station_name_ko":"의왕","a":70,"c":73,"e":67,"g":84,"i":56,"k":82,"m":93,"o":71,"b":70,"d":73,"f":67,"h":84,"j":56,"l":82,"n":93,"p":71}},{"type":"Feature","geometry":{"type":"Polygon","coordinates":[[[126.97272,37.34098],[126.961,37.34634],[126.94928,37.34098],[126.94928,37.33025],[126.961,37.32488],[126.97272,37.33025],[126.97272,37.34098]]]},"properties":{"row":-4,"col":11,"walk_min":26.2,"nearest_station_id":"kr_032","nearest_station_name":"Uiwang","nearest_station_name_ko":"의왕","a":81,"c":84,"e":78,"g":95,"i":67,"k":93,"m":104,"o":82,"b":81,"d":84,"f":78,"h":95,"j":67,"l":93,"n":104,"p":82}},{"type":"Feature","geometry":{"type":"Polygon","coordinates":[[[127.00789,37.55024],[126.99617,37.5556],[126.98444,37.55024],[126.98444,37.53951],[126.99617,37.53414],[127.00789,37.53951],[127.00789,37.55024]]]},"properties":{"row":9,"col":6,"walk_min":3.4,"nearest_station_id":"kr_035","nearest_station_name":"Myeong-dong","nearest_station_name_ko":"명동","a":13,"c":14,"e":24,"g":15,"i":26,"k":35,"m":24,"o":25,"b":13,"d":14,"f":24,"h":15,"j":26,"l":35,"n":24,"p":25}},{"type":"Feature","geometry":{"type":"Polygon","coordinates":[[[127.05478,37.61463],[127.04305,37.61999],[127.03133,37.61463],[127.03133,37.60389],[127.04305,37.59853],[127.05478,37.60389],[127.05478,37.61463]]]},"properties":{"row":13,"col":6,"walk_min":3.8,"nearest_station_id":"kr_142","nearest_station_name":"월곡","nearest_station_name_ko":"월곡","a":29,"c":27,"e":38,"g":25,"i":47,"k":45,"m":33,"o":39,"b":29,"d":27,"f":38,"h":25,"j":47,"l":45,"n":33,"p":39}},{"type":"Feature","geometry":{"type":"Polygon","coordinates":[[[127.07822,37.61463],[127.0665,37.61999],[127.05478,37.61463],[127.05478,37.60389],[127.0665,37.59853],[127.07822,37.60389],[127.07822,37.61463]]]},"properties":{"row":13,"col":7,"walk_min":1.5,"nearest_station_id":"kr_037","nearest_station_name":"Sinimun (Korea National University of Arts)","nearest_station_name_ko":"신이문(한국예술종합학교)","a":29,"c":27,"e":39,"g":25,"i":48,"k":43,"m":31,"o":38,"b":29,"d":27,"f":39,"h":25,"j":48,"l":43,"n":31,"p":38}},{"type":"Feature","geometry":{"type":"Polygon","coordinates":[[[127.08994,37.59853],[127.07822,37.60389],[127.0665,37.59853],[127.0665,37.5878],[127.07822,37.58243],[127.08994,37.5878],[127.08994,37.59853]]]},"properties":{"row":12,"col":8,"walk_min":4.5,"nearest_station_id":"kr_124","nearest_station_name":"면목","nearest_station_name_ko":"면목","a":36,"c":34,"e":41,"g":24,"i":47,"k":43,"m":32,"o":45,"b":36,"d":34,"f":41,"h":24,"j":47,"l":43,"n":32,"p":45}},{"type":"Feature","geometry":{"type":"Polygon","coordinates":[[[127.10166,37.61463],[127.08994,37.61999],[127.07822,37.61463],[127.07822,37.60389],[127.08994,37.59853],[127.10166,37.60389],[127.10166,37.61463]]]},"properties":{"row":13,"col":8,"walk_min":4.5,"nearest_station_id":"kr_141","nearest_station_name":"상봉","nearest_station_name_ko":"상봉","a":38,"c":37,"e":44,"g":28,"i":51,"k":47,"m":36,"o":48,"b":38,"d":37,"f":44,"h":28,"j":51,"l":47,"n":36,"p":48}},{"type":"Feature","geometry":{"type":"Polygon","coordinates":[[[127.04305,37.46975],[127.03133,37.47512],[127.01961,37.46975],[127.01961,37.45902],[127.03133,37.45366],[127.04305,37.45902],[127.04305,37.46975]]]},"properties":{"row":4,"col":10,"walk_min":12.7,"nearest_station_id":"kr_038","nearest_station_name":"Yangjae Citizen's Forest","nearest_station_name_ko":"양재시민의숲","a":44,"c":45,"e":20,"g":44,"i":30,"k":35,"m":46,"o":52,"b":44,"d":45,"f":20,"h":44,"j":30,"l":35,"n":46,"p":52}},{"type":"Feature","geometry":{"type":"Polygon","coordinates":[[[127.0665,37.46975],[127.05478,37.47512],[127.04305,37.46975],[127.04305,37.45902],[127.05478,37.45366],[127.0665,37.45902],[127.0665,37.46975]]]},"properties":{"row":4,"col":11,"walk_min":16.3,"nearest_station_id":"kr_038","nearest_station_name":"Yangjae Citizen's Forest","nearest_station_name_ko":"양재시민의숲","a":47,"c":48,"e":23,"g":47,"i":33,"k":38,"m":49,"o":55,"b":47,"d":48,"f":23,"h":47,"j":33,"l":38,"n":49,"p":55}},{"type":"Feature","geometry":{"type":"Polygon","coordinates":[[[127.08994,37.63072],[127.07822,37.63609],[127.0665,37.63072],[127.0665,37.61999],[127.07822,37.61463],[127.08994,37.61999],[127.08994,37.63072]]]},"properties":{"row":14,"col":7,"walk_min":3.5,"nearest_station_id":"kr_097","nearest_station_name":"태릉입구","nearest_station_name_ko":"태릉입구","a":38,"c":37,"e":46,"g":32,"i":55,"k":52,"m":41,"o":48,"b":38,"d":37,"f":46,"h":32,"j":55,"l":52,"n":41,"p":48}},{"type":"Feature","geometry":{"type":"Polygon","coordinates":[[[127.05478,37.45366],[127.04305,37.45902],[127.03133,37.45366],[127.03133,37.44293],[127.04305,37.43756],[127.05478,37.44293],[127.05478,37.45366]]]},"properties":{"row":3,"col":11,"walk_min":14.7,"nearest_station_id":"kr_040","nearest_station_name":"Cheonggyesan","nearest_station_name_ko":"청계산입구","a":51,"c":53,"e":27,"g":52,"i":38,"k":43,"m":54,"o":60,"b":51,"d":53,"f":27,"h":52,"j":38,"l":43,"n":54,"p":60}},{"type":"Feature","geometry":{"type":"Polygon","coordinates":[[[127.07822,37.45366],[127.0665,37.45902],[127.05478,37.45366],[127.05478,37.44293],[127.0665,37.43756],[127.07822,37.44293],[127.07822,37.45366]]]},"properties":{"row":3,"col":12,"walk_min":12.7,"nearest_station_id":"kr_040","nearest_station_name":"Cheonggyesan","nearest_station_name_ko":"청계산입구","a":49,"c":51,"e":25,"g":50,"i":36,"k":41,"m":52,"o":58,"b":49,"d":51,"f":25,"h":50,"j":36,"l":41,"n":52,"p":58}},{"type":"Feature","geometry":{"type":"Polygon","coordinates":[[[127.11339,37.40537],[127.10166,37.41073],[127.08994,37.40537],[127.08994,37.39463],[127.10166,37.38927],[127.11339,37.39463],[127.11339,37.40537]]]},"properties":{"row":0,"col":15,"walk_min":22.6,"nearest_station_id":"kr_041","nearest_station_name":"Pangyo","nearest_station_name_ko":"판교","a":74,"c":76,"e":50,"g":74,"i":60,"k":65,"m":76,"o":82,"b":74,"d":76,"f":50,"h":74,"j":60,"l":65,"n":76,"p":82}},{"type":"Feature","geometry":{"type":"Polygon","coordinates":[[[127.12511,37.38927],[127.11339,37.39463],[127.10166,37.38927],[127.10166,37.37854],[127.11339,37.37317],[127.12511,37.37854],[127.12511,37.38927]]]},"properties":{"row":-1,"col":16,"walk_min":13.3,"nearest_station_id":"kr_148","nearest_station_name":"Jeongja","nearest_station_name_ko":"정자","a":68,"c":70,"e":44,"g":68,"i":54,"k":59,"m":70,"o":76,"b":68,"d":70,"f":44,"h":68,"j":54,"l":59,"n":70,"p":76}},{"type":"Feature","geometry":{"type":"Polygon","coordinates":[[[127.13683,37.40537],[127.12511,37.41073],[127.11339,37.40537],[127.11339,37.39463],[127.12511,37.38927],[127.13683,37.39463],[127.13683,37.40537]]]},"properties":{"row":0,"col":16,"walk_min":10.1,"nearest_station_id":"kr_108","nearest_station_name":"Imae","nearest_station_name_ko":"이매","a":64,"c":66,"e":40,"g":64,"i":50,"k":55,"m":66,"o":72,"b":64,"d":66,"f":40,"h":64,"j":50,"l":55,"n":66,"p":72}},{"type":"Feature","geometry":{"type":"Polygon","coordinates":[[[127.0665,37.63072],[127.05478,37.63609],[127.04305,37.63072],[127.04305,37.61999],[127.05478,37.61463],[127.0665,37.61999],[127.0665,37.63072]]]},"properties":{"row":14,"col":6,"walk_min":3.9,"nearest_station_id":"kr_042","nearest_station_name":"Kwangwoon University","nearest_station_name_ko":"광운대","a":34,"c":32,"e":46,"g":32,"i":54,"k":47,"m":35,"o":43,"b":34,"d":32,"f":46,"h":32,"j":54,"l":47,"n":35,"p":43}},{"type":"Feature","geometry":{"type":"Polygon","coordinates":[[[127.00789,37.26049],[126.99617,37.26586],[126.98444,37.26049],[126.98444,37.24976],[126.99617,37.2444],[127.00789,37.24976],[127.00789,37.26049]]]},"properties":{"row":-9,"col":15,"walk_min":25.4,"nearest_station_id":"kr_043","nearest_station_name":"Suwon","nearest_station_name_ko":"수원","a":97,"c":99,"e":95,"g":110,"i":84,"k":108,"m":114,"o":97,"b":97,"d":99,"f":95,"h":110,"j":84,"l":108,"n":114,"p":97}},{"type":"Feature","geometry":{"type":"Polygon","coordinates":[[[127.01961,37.27659],[127.00789,37.28196],[126.99617,37.27659],[126.99617,37.26586],[127.00789,37.26049],[127.01961,37.26586],[127.01961,37.27659]]]},"properties":{"row":-8,"col":15,"walk_min":22.8,"nearest_station_id":"kr_043","nearest_station_name":"Suwon","nearest_station_name_ko":"수원","a":95,"c":97,"e":92,"g":108,"i":81,"k":107,"m":116,"o":95,"b":95,"d":97,"f":92,"h":108,"j":81,"l":107,"n":116,"p":95}},{"type":"Feature","geometry":{"type":"Polygon","coordinates":[[[127.03133,37.26049],[127.01961,37.26586],[127.00789,37.26049],[127.00789,37.24976],[127.01961,37.2444],[127.03133,37.24976],[127.03133,37.26049]]]},"properties":{"row":-9,"col":16,"walk_min":14.5,"nearest_station_id":"kr_462","nearest_station_name":"Seryu","nearest_station_name_ko":"세류","a":91,"c":93,"e":88,"g":105,"i":77,"k":103,"m":114,"o":91,"b":91,"d":93,"f":88,"h":105,"j":77,"l":103,"n":114,"p":91}},{"type":"Feature","geometry":{"type":"Polygon","coordinates":[[[127.04305,37.69511],[127.03133,37.70048],[127.01961,37.69511],[127.01961,37.68438],[127.03133,37.67901],[127.04305,37.68438],[127.04305,37.69511]]]},"properties":{"row":18,"col":3,"walk_min":16.6,"nearest_station_id":"kr_044","nearest_station_name":"Dobongsan","nearest_station_name_ko":"도봉산","a":62,"c":60,"e":74,"g":60,"i":82,"k":74,"m":63,"o":72,"b":62,"d":60,"f":74,"h":60,"j":82,"l":74,"n":63,"p":72}},{"type":"Feature","geometry":{"type":"Polygon","coordinates":[[[127.0665,37.69511],[127.05478,37.70048],[127.04305,37.69511],[127.04305,37.68438],[127.05478,37.67901],[127.0665,37.68438],[127.0665,37.69511]]]},"properties":{"row":18,"col":4,"walk_min":4.9,"nearest_station_id":"kr_044","nearest_station_name":"Dobongsan","nearest_station_name_ko":"도봉산","a":50,"c":48,"e":62,"g":48,"i":70,"k":62,"m":51,"o":60,"b":50,"d":48,"f":62,"h":48,"j":70,"l":62,"n":51,"p":60}},{"type":"Feature","geometry":{"type":"Polygon","coordinates":[[[127.05478,37.71121],[127.04305,37.71657],[127.03133,37.71121],[127.03133,37.70048],[127.04305,37.69511],[127.05478,37.70048],[127.05478,37.71121]]]},"properties":{"row":19,"col":3,"walk_min":6.9,"nearest_station_id":"kr_449","nearest_station_name":"Mangwolsa (Shinhan University)","nearest_station_name_ko":"망월사(신한대학교)","a":56,"c":54,"e":68,"g":54,"i":76,"k":68,"m":57,"o":66,"b":56,"d":54,"f":68,"h":54,"j":76,"l":68,"n":57,"p":66}},{"type":"Feature","geometry":{"type":"Polygon","coordinates":[[[127.04305,37.66292],[127.03133,37.66828],[127.01961,37.66292],[127.01961,37.65219],[127.03133,37.64682],[127.04305,37.65219],[127.04305,37.66292]]]},"properties":{"row":16,"col":4,"walk_min":9.4,"nearest_station_id":"kr_125","nearest_station_name":"Ssangmun","nearest_station_name_ko":"쌍문","a":44,"c":42,"e":56,"g":42,"i":64,"k":61,"m":50,"o":53,"b":44,"d":42,"f":56,"h":42,"j":64,"l":61,"n":50,"p":53}},{"type":"Feature","geometry":{"type":"Polygon","coordinates":[[[127.05478,37.64682],[127.04305,37.65219],[127.03133,37.64682],[127.03133,37.63609],[127.04305,37.63072],[127.05478,37.63609],[127.05478,37.64682]]]},"properties":{"row":15,"col":5,"walk_min":5.8,"nearest_station_id":"kr_116","nearest_station_name":"Suyu (Gangbuk-gu Office)","nearest_station_name_ko":"수유(강북구청)","a":37,"c":35,"e":49,"g":35,"i":57,"k":54,"m":42,"o":46,"b":37,"d":35,"f":49,"h":35,"j":57,"l":54,"n":42,"p":46}},{"type":"Feature","geometry":{"type":"Polygon","coordinates":[[[127.0665,37.66292],[127.05478,37.66828],[127.04305,37.66292],[127.04305,37.65219],[127.05478,37.64682],[127.0665,37.65219],[127.0665,37.66292]]]},"properties":{"row":16,"col":5,"walk_min":1.4,"nearest_station_id":"kr_224","nearest_station_name":"노원","nearest_station_name_ko":"노원","a":43,"c":42,"e":52,"g":38,"i":60,"k":58,"m":47,"o":53,"b":43,"d":42,"f":52,"h":38,"j":60,"l":58,"n":47,"p":53}},{"type":"Feature","geometry":{"type":"Polygon","coordinates":[[[127.07822,37.55024],[127.0665,37.5556],[127.05478,37.55024],[127.05478,37.53951],[127.0665,37.53414],[127.07822,37.53951],[127.07822,37.55024]]]},"properties":{"row":9,"col":9,"walk_min":2.2,"nearest_station_id":"kr_181","nearest_station_name":"Jayang","nearest_station_name_ko":"자양","a":29,"c":28,"e":26,"g":15,"i":33,"k":30,"m":21,"o":39,"b":29,"d":28,"f":26,"h":15,"j":33,"l":30,"n":21,"p":39}},{"type":"Feature","geometry":{"type":"Polygon","coordinates":[[[127.08994,37.56634],[127.07822,37.5717],[127.0665,37.56634],[127.0665,37.5556],[127.07822,37.55024],[127.08994,37.5556],[127.08994,37.56634]]]},"properties":{"row":10,"col":9,"walk_min":3.9,"nearest_station_id":"kr_098","nearest_station_name":"중곡","nearest_station_name_ko":"중곡","a":31,"c":30,"e":32,"g":16,"i":37,"k":37,"m":26,"o":41,"b":31,"d":30,"f":32,"h":16,"j":37,"l":37,"n":26,"p":41}},{"type":"Feature","geometry":{"type":"Polygon","coordinates":[[[127.10166,37.55024],[127.08994,37.5556],[127.07822,37.55024],[127.07822,37.53951],[127.08994,37.53414],[127.10166,37.53951],[127.10166,37.55024]]]},"properties":{"row":9,"col":10,"walk_min":3.8,"nearest_station_id":"kr_087","nearest_station_name":"아차산","nearest_station_name_ko":"아차산","a":32,"c":31,"e":30,"g":17,"i":37,"k":25,"m":20,"o":42,"b":32,"d":31,"f":30,"h":17,"j":37,"l":25,"n":20,"p":42}},{"type":"Feature","geometry":{"type":"Polygon","coordinates":[[[127.04305,37.2122],[127.03133,37.21757],[127.01961,37.2122],[127.01961,37.20147],[127.03133,37.19611],[127.04305,37.20147],[127.04305,37.2122]]]},"properties":{"row":-12,"col":18,"walk_min":25.5,"nearest_station_id":"kr_047","nearest_station_name":"Byeongjeom","nearest_station_name_ko":"병점","a":109,"c":110,"e":107,"g":117,"i":97,"k":115,"m":120,"o":109,"b":109,"d":110,"f":107,"h":117,"j":97,"l":115,"n":120,"p":109}},{"type":"Feature","geometry":{"type":"Polygon","coordinates":[[[127.05478,37.19611],[127.04305,37.20147],[127.03133,37.19611],[127.03133,37.18537],[127.04305,37.18001],[127.05478,37.18537],[127.05478,37.19611]]]},"properties":{"row":-13,"col":19,"walk_min":7.6,"nearest_station_id":"kr_388","nearest_station_name":"Sema","nearest_station_name_ko":"세마","a":97,"c":100,"e":94,"g":112,"i":83,"k":109,"m":120,"o":98,"b":97,"d":100,"f":94,"h":112,"j":83,"l":109,"n":120,"p":98}},{"type":"Feature","geometry":{"type":"Polygon","coordinates":[[[127.0665,37.2122],[127.05478,37.21757],[127.04305,37.2122],[127.04305,37.20147],[127.05478,37.19611],[127.0665,37.20147],[127.0665,37.2122]]]},"properties":{"row":-12,"col":19,"walk_min":12.2,"nearest_station_id":"kr_466","nearest_station_name":"Seodongtan","nearest_station_name_ko":"서동탄","a":101,"c":103,"e":98,"g":115,"i":87,"k":113,"m":120,"o":101,"b":101,"d":103,"f":98,"h":115,"j":87,"l":113,"n":120,"p":101}},{"type":"Feature","geometry":{"type":"Polygon","coordinates":[[[127.13683,37.53414],[127.12511,37.53951],[127.11339,37.53414],[127.11339,37.52341],[127.12511,37.51804],[127.13683,37.52341],[127.13683,37.53414]]]},"properties":{"row":8,"col":12,"walk_min":2.0,"nearest_station_id":"kr_055","nearest_station_name":"Cheonho","nearest_station_name_ko":"천호","a":38,"c":37,"e":26,"g":23,"i":37,"k":20,"m":28,"o":48,"b":38,"d":37,"f":26,"h":23,"j":37,"l":20,"n":28,"p":48}},{"type":"Feature","geometry":{"type":"Polygon","coordinates":[[[127.14855,37.51804],[127.13683,37.52341],[127.12511,37.51804],[127.12511,37.50731],[127.13683,37.50195],[127.14855,37.50731],[127.14855,37.51804]]]},"properties":{"row":7,"col":13,"walk_min":4.2,"nearest_station_id":"kr_436","nearest_station_name":"둔촌오륜","nearest_station_name_ko":"둔촌오륜","a":48,"c":47,"e":27,"g":34,"i":38,"k":22,"m":33,"o":57,"b":48,"d":47,"f":27,"h":34,"j":38,"l":22,"n":33,"p":57}},{"type":"Feature","geometry":{"type":"Polygon","coordinates":[[[126.91411,37.55024],[126.90239,37.5556],[126.89067,37.55024],[126.89067,37.53951],[126.90239,37.53414],[126.91411,37.53951],[126.91411,37.55024]]]},"properties":{"row":9,"col":2,"walk_min":4.9,"nearest_station_id":"kr_240","nearest_station_name":"망원","nearest_station_name_ko":"망원","a":24,"c":25,"e":35,"g":37,"i":31,"k":48,"m":46,"o":23,"b":24,"d":25,"f":35,"h":37,"j":31,"l":48,"n":46,"p":23}},{"type":"Feature","geometry":{"type":"Polygon","coordinates":[[[127.12511,37.55024],[127.11339,37.5556],[127.10166,37.55024],[127.10166,37.53951],[127.11339,37.53414],[127.12511,37.53951],[127.12511,37.55024]]]},"properties":{"row":9,"col":11,"walk_min":11.1,"nearest_station_id":"kr_088","nearest_station_name":"광나루","nearest_station_name_ko":"광나루","a":43,"c":42,"e":38,"g":28,"i":48,"k":30,"m":32,"o":53,"b":43,"d":42,"f":38,"h":28,"j":48,"l":30,"n":32,"p":53}},{"type":"Feature","geometry":{"type":"Polygon","coordinates":[[[127.14855,37.55024],[127.13683,37.5556],[127.12511,37.55024],[127.12511,37.53951],[127.13683,37.53414],[127.14855,37.53951],[127.14855,37.55024]]]},"properties":{"row":9,"col":12,"walk_min":1.4,"nearest_station_id":"kr_128","nearest_station_name":"명일","nearest_station_name_ko":"명일","a":41,"c":39,"e":31,"g":26,"i":42,"k":26,"m":35,"o":51,"b":41,"d":39,"f":31,"h":26,"j":42,"l":26,"n":35,"p":51}},{"type":"Feature","geometry":{"type":"Polygon","coordinates":[[[127.01961,37.53414],[127.00789,37.53951],[126.99617,37.53414],[126.99617,37.52341],[127.00789,37.51804],[127.01961,37.52341],[127.01961,37.53414]]]},"properties":{"row":8,"col":7,"walk_min":5.3,"nearest_station_id":"kr_334","nearest_station_name":"한강진","nearest_station_name_ko":"한강진","a":20,"c":22,"e":20,"g":20,"i":24,"k":32,"m":29,"o":32,"b":20,"d":22,"f":20,"h":20,"j":24,"l":32,"n":29,"p":32}},{"type":"Feature","geometry":{"type":"Polygon","coordinates":[[[127.01961,37.59853],[127.00789,37.60389],[126.99617,37.59853],[126.99617,37.5878],[127.00789,37.58243],[127.01961,37.5878],[127.01961,37.59853]]]},"properties":{"row":12,"col":5,"walk_min":5.6,"nearest_station_id":"kr_061","nearest_station_name":"Hansung Univ. (Samseongyo)","nearest_station_name_ko":"한성대입구(삼선교)","a":22,"c":20,"e":33,"g":20,"i":42,"k":40,"m":29,"o":32,"b":22,"d":20,"f":33,"h":20,"j":42,"l":40,"n":29,"p":32}},{"type":"Feature","geometry":{"type":"Polygon","coordinates":[[[126.77344,37.48585],[126.76172,37.49122],[126.75,37.48585],[126.75,37.47512],[126.76172,37.46975],[126.77344,37.47512],[126.77344,37.48585]]]},"properties":{"row":5,"col":-2,"walk_min":5.6,"nearest_station_id":"kr_452","nearest_station_name":"Jung-dong","nearest_station_name_ko":"중동","a":46,"c":49,"e":56,"g":61,"i":52,"k":69,"m":70,"o":43,"b":46,"d":49,"f":56,"h":61,"j":52,"l":69,"n":70,"p":43}},{"type":"Feature","geometry":{"type":"Polygon","coordinates":[[[126.78517,37.50195],[126.77344,37.50731],[126.76172,37.50195],[126.76172,37.49122],[126.77344,37.48585],[126.78517,37.49122],[126.78517,37.50195]]]},"properties":{"row":6,"col":-2,"walk_min":3.3,"nearest_station_id":"kr_254","nearest_station_name":"신중동","nearest_station_name_ko":"신중동","a":45,"c":47,"e":54,"g":59,"i":50,"k":68,"m":68,"o":41,"b":45,"d":47,"f":54,"h":59,"j":50,"l":68,"n":68,"p":41}},{"type":"Feature","geometry":{"type":"Polygon","coordinates":[[[126.79689,37.48585],[126.78517,37.49122],[126.77344,37.48585],[126.77344,37.47512],[126.78517,37.46975],[126.79689,37.47512],[126.79689,37.48585]]]},"properties":{"row":5,"col":-1,"walk_min":5.5,"nearest_station_id":"kr_060","nearest_station_name":"Bucheon","nearest_station_name_ko":"부천","a":42,"c":44,"e":51,"g":56,"i":47,"k":65,"m":65,"o":39,"b":42,"d":44,"f":51,"h":56,"j":47,"l":65,"n":65,"p":39}},{"type":"Feature","geometry":{"type":"Polygon","coordinates":[[[127.04305,37.7273],[127.03133,37.73267],[127.01961,37.7273],[127.01961,37.71657],[127.03133,37.71121],[127.04305,37.71657],[127.04305,37.7273]]]},"properties":{"row":20,"col":2,"walk_min":17.3,"nearest_station_id":"kr_062","nearest_station_name":"Hoeryong","nearest_station_name_ko":"회룡","a":70,"c":68,"e":82,"g":68,"i":90,"k":81,"m":70,"o":79,"b":70,"d":68,"f":82,"h":68,"j":90,"l":81,"n":70,"p":79}},{"type":"Feature","geometry":{"type":"Polygon","coordinates":[[[127.05478,37.7434],[127.04305,37.74877],[127.03133,37.7434],[127.03133,37.73267],[127.04305,37.7273],[127.05478,37.73267],[127.05478,37.7434]]]},"properties":{"row":21,"col":2,"walk_min":7.6,"nearest_station_id":"kr_448","nearest_station_name":"Ganeung","nearest_station_name_ko":"가능","a":65,"c":63,"e":77,"g":63,"i":85,"k":76,"m":65,"o":74,"b":65,"d":63,"f":77,"h":63,"j":85,"l":76,"n":65,"p":74}},{"type":"Feature","geometry":{"type":"Polygon","coordinates":[[[127.0665,37.7273],[127.05478,37.73267],[127.04305,37.7273],[127.04305,37.71657],[127.05478,37.71121],[127.0665,37.71657],[127.0665,37.7273]]]},"properties":{"row":20,"col":3,"walk_min":6.8,"nearest_station_id":"kr_062","nearest_station_name":"Hoeryong","nearest_station_name_ko":"회룡","a":59,"c":57,"e":71,"g":57,"i":79,"k":70,"m":59,"o":68,"b":59,"d":57,"f":71,"h":57,"j":79,"l":70,"n":59,"p":68}},{"type":"Feature","geometry":{"type":"Polygon","coordinates":[[[126.94928,37.56634],[126.93755,37.5717],[126.92583,37.56634],[126.92583,37.5556],[126.93755,37.55024],[126.94928,37.5556],[126.94928,37.56634]]]},"properties":{"row":10,"col":3,"walk_min":6.7,"nearest_station_id":"kr_376","nearest_station_name":"Sinchon","nearest_station_name_ko":"신촌","a":18,"c":16,"e":40,"g":28,"i":37,"k":48,"m":37,"o":13,"b":18,"d":16,"f":40,"h":28,"j":37,"l":48,"n":37,"p":13}},{"type":"Feature","geometry":{"type":"Polygon","coordinates":[[[126.961,37.58243],[126.94928,37.5878],[126.93755,37.58243],[126.93755,37.5717],[126.94928,37.56634],[126.961,37.5717],[126.961,37.58243]]]},"properties":{"row":11,"col":3,"walk_min":6.9,"nearest_station_id":"kr_083","nearest_station_name":"Dongnimmun","nearest_station_name_ko":"독립문","a":22,"c":19,"e":40,"g":26,"i":42,"k":46,"m":35,"o":29,"b":22,"d":19,"f":40,"h":26,"j":42,"l":46,"n":35,"p":29}},{"type":"Feature","geometry":{"type":"Polygon","coordinates":[[[127.04305,37.7595],[127.03133,37.76486],[127.01961,37.7595],[127.01961,37.74877],[127.03133,37.7434],[127.04305,37.74877],[127.04305,37.7595]]]},"properties":{"row":22,"col":1,"walk_min":15.0,"nearest_station_id":"kr_421","nearest_station_name":"Nogyang","nearest_station_name_ko":"녹양","a":75,"c":73,"e":87,"g":73,"i":95,"k":86,"m":75,"o":84,"b":75,"d":73,"f":87,"h":73,"j":95,"l":86,"n":75,"p":84}},{"type":"Feature","geometry":{"type":"Polygon","coordinates":[[[126.94928,37.59853],[126.93755,37.60389],[126.92583,37.59853],[126.92583,37.5878],[126.93755,37.58243],[126.94928,37.5878],[126.94928,37.59853]]]},"properties":{"row":12,"col":2,"walk_min":8.2,"nearest_station_id":"kr_110","nearest_station_name":"Hongje (Seoul Culture Arts Univ.)","nearest_station_name_ko":"홍제(서울문화예술대)","a":28,"c":25,"e":45,"g":31,"i":48,"k":52,"m":41,"o":36,"b":28,"d":25,"f":45,"h":31,"j":48,"l":52,"n":41,"p":36}},{"type":"Feature","geometry":{"type":"Polygon","coordinates":[[[126.97272,37.59853],[126.961,37.60389],[126.94928,37.59853],[126.94928,37.5878],[126.961,37.58243],[126.97272,37.5878],[126.97272,37.59853]]]},"properties":{"row":12,"col":3,"walk_min":17.8,"nearest_station_id":"kr_058","nearest_station_name":"경복궁","nearest_station_name_ko":"경복궁","a":34,"c":31,"e":51,"g":37,"i":54,"k":58,"m":46,"o":42,"b":34,"d":31,"f":51,"h":37,"j":54,"l":58,"n":46,"p":42}},{"type":"Feature","geometry":{"type":"Polygon","coordinates":[[[127.0665,37.56634],[127.05478,37.5717],[127.04305,37.56634],[127.04305,37.5556],[127.05478,37.55024],[127.0665,37.5556],[127.0665,37.56634]]]},"properties":{"row":10,"col":8,"walk_min":3.0,"nearest_station_id":"kr_099","nearest_station_name":"답십리","nearest_station_name_ko":"답십리","a":22,"c":21,"e":31,"g":8,"i":41,"k":23,"m":12,"o":32,"b":22,"d":21,"f":31,"h":8,"j":41,"l":23,"n":12,"p":32}},{"type":"Feature","geometry":{"type":"Polygon","coordinates":[[[126.961,37.35707],[126.94928,37.36244],[126.93755,37.35707],[126.93755,37.34634],[126.94928,37.34098],[126.961,37.34634],[126.961,37.35707]]]},"properties":{"row":-3,"col":10,"walk_min":12.7,"nearest_station_id":"kr_460","nearest_station_name":"Dangjeong","nearest_station_name_ko":"당정","a":64,"c":66,"e":61,"g":78,"i":50,"k":76,"m":87,"o":64,"b":64,"d":66,"f":61,"h":78,"j":50,"l":76,"n":87,"p":64}},{"type":"Feature","geometry":{"type":"Polygon","coordinates":[[[126.89067,37.55024],[126.87894,37.5556],[126.86722,37.55024],[126.86722,37.53951],[126.87894,37.53414],[126.89067,37.53951],[126.89067,37.55024]]]},"properties":{"row":9,"col":1,"walk_min":7.1,"nearest_station_id":"kr_073","nearest_station_name":"Yeomchang","nearest_station_name_ko":"염창","a":33,"c":31,"e":38,"g":44,"i":34,"k":51,"m":53,"o":20,"b":33,"d":31,"f":38,"h":44,"j":34,"l":51,"n":53,"p":20}},{"type":"Feature","geometry":{"type":"Polygon","coordinates":[[[126.87894,37.56634],[126.86722,37.5717],[126.8555,37.56634],[126.8555,37.5556],[126.86722,37.55024],[126.87894,37.5556],[126.87894,37.56634]]]},"properties":{"row":10,"col":0,"walk_min":18.3,"nearest_station_id":"kr_102","nearest_station_name":"Gayang","nearest_station_name_ko":"가양","a":47,"c":45,"e":53,"g":58,"i":49,"k":66,"m":68,"o":36,"b":47,"d":45,"f":53,"h":58,"j":49,"l":66,"n":68,"p":36}},{"type":"Feature","geometry":{"type":"Polygon","coordinates":[[[126.90239,37.56634],[126.89067,37.5717],[126.87894,37.56634],[126.87894,37.5556],[126.89067,37.55024],[126.90239,37.5556],[126.90239,37.56634]]]},"properties":{"row":10,"col":1,"walk_min":14.0,"nearest_station_id":"kr_293","nearest_station_name":"월드컵경기장","nearest_station_name_ko":"월드컵경기장","a":38,"c":39,"e":49,"g":50,"i":46,"k":63,"m":59,"o":41,"b":38,"d":39,"f":49,"h":50,"j":46,"l":63,"n":59,"p":41}},{"type":"Feature","geometry":{"type":"Polygon","coordinates":[[[127.16028,37.53414],[127.14855,37.53951],[127.13683,37.53414],[127.13683,37.52341],[127.14855,37.51804],[127.16028,37.52341],[127.16028,37.53414]]]},"properties":{"row":8,"col":13,"walk_min":9.7,"nearest_station_id":"kr_437","nearest_station_name":"VHS Medical Center","nearest_station_name_ko":"보훈병원","a":52,"c":51,"e":35,"g":37,"i":46,"k":30,"m":41,"o":62,"b":52,"d":51,"f":35,"h":37,"j":46,"l":30,"n":41,"p":62}},{"type":"Feature","geometry":{"type":"Polygon","coordinates":[[[126.84378,37.51804],[126.83206,37.52341],[126.82033,37.51804],[126.82033,37.50731],[126.83206,37.50195],[126.84378,37.50731],[126.84378,37.51804]]]},"properties":{"row":7,"col":0,"walk_min":15.3,"nearest_station_id":"kr_208","nearest_station_name":"Sinjeongnegeori","nearest_station_name_ko":"신정네거리","a":43,"c":45,"e":52,"g":57,"i":48,"k":65,"m":66,"o":39,"b":43,"d":45,"f":52,"h":57,"j":48,"l":65,"n":66,"p":39}},{"type":"Feature","geometry":{"type":"Polygon","coordinates":[[[126.8555,37.50195],[126.84378,37.50731],[126.83206,37.50195],[126.83206,37.49122],[126.84378,37.48585],[126.8555,37.49122],[126.8555,37.50195]]]},"properties":{"row":6,"col":1,"walk_min":7.9,"nearest_station_id":"kr_412","nearest_station_name":"Oryu-dong","nearest_station_name_ko":"오류동","a":37,"c":40,"e":46,"g":52,"i":43,"k":60,"m":61,"o":34,"b":37,"d":40,"f":46,"h":52,"j":43,"l":60,"n":61,"p":34}},{"type":"Feature","geometry":{"type":"Polygon","coordinates":[[[126.93755,37.61463],[126.92583,37.61999],[126.91411,37.61463],[126.91411,37.60389],[126.92583,37.59853],[126.93755,37.60389],[126.93755,37.61463]]]},"properties":{"row":13,"col":1,"walk_min":2.0,"nearest_station_id":"kr_080","nearest_station_name":"녹번","nearest_station_name_ko":"녹번","a":27,"c":24,"e":44,"g":31,"i":47,"k":51,"m":40,"o":36,"b":27,"d":24,"f":44,"h":31,"j":47,"l":51,"n":40,"p":36}},{"type":"Feature","geometry":{"type":"Polygon","coordinates":[[[126.961,37.61463],[126.94928,37.61999],[126.93755,37.61463],[126.93755,37.60389],[126.94928,37.59853],[126.961,37.60389],[126.961,37.61463]]]},"properties":{"row":13,"col":2,"walk_min":21.5,"nearest_station_id":"kr_080","nearest_station_name":"녹번","nearest_station_name_ko":"녹번","a":45,"c":42,"e":62,"g":49,"i":65,"k":69,"m":58,"o":54,"b":45,"d":42,"f":62,"h":49,"j":65,"l":69,"n":58,"p":54}},{"type":"Feature","geometry":{"type":"Polygon","coordinates":[[[126.93755,37.35707],[126.92583,37.36244],[126.91411,37.35707],[126.91411,37.34634],[126.92583,37.34098],[126.93755,37.34634],[126.93755,37.35707]]]},"properties":{"row":-3,"col":9,"walk_min":11.8,"nearest_station_id":"kr_364","nearest_station_name":"Surisan","nearest_station_name_ko":"수리산","a":63,"c":66,"e":60,"g":78,"i":49,"k":75,"m":86,"o":64,"b":63,"d":66,"f":60,"h":78,"j":49,"l":75,"n":86,"p":64}},{"type":"Feature","geometry":{"type":"Polygon","coordinates":[[[127.03133,37.61463],[127.01961,37.61999],[127.00789,37.61463],[127.00789,37.60389],[127.01961,37.59853],[127.03133,37.60389],[127.03133,37.61463]]]},"properties":{"row":13,"col":5,"walk_min":6.4,"nearest_station_id":"kr_082","nearest_station_name":"Gireum","nearest_station_name_ko":"길음","a":28,"c":26,"e":40,"g":26,"i":48,"k":47,"m":36,"o":38,"b":28,"d":26,"f":40,"h":26,"j":48,"l":47,"n":36,"p":38}},{"type":"Feature","geometry":{"type":"Polygon","coordinates":[[[126.98444,37.29269],[126.97272,37.29805],[126.961,37.29269],[126.961,37.28196],[126.97272,37.27659],[126.98444,37.28196],[126.98444,37.29269]]]},"properties":{"row":-7,"col":13,"walk_min":11.3,"nearest_station_id":"kr_086","nearest_station_name":"Sungkyunkwan University","nearest_station_name_ko":"성균관대","a":77,"c":79,"e":74,"g":91,"i":63,"k":89,"m":100,"o":77,"b":77,"d":79,"f":74,"h":91,"j":63,"l":89,"n":100,"p":77}},{"type":"Feature","geometry":{"type":"Polygon","coordinates":[[[126.97272,37.30878],[126.961,37.31415],[126.94928,37.30878],[126.94928,37.29805],[126.961,37.29269],[126.97272,37.29805],[126.97272,37.30878]]]},"properties":{"row":-6,"col":12,"walk_min":15.5,"nearest_station_id":"kr_086","nearest_station_name":"Sungkyunkwan University","nearest_station_name_ko":"성균관대","a":77,"c":79,"e":74,"g":91,"i":63,"k":89,"m":100,"o":77,"b":77,"d":79,"f":74,"h":91,"j":63,"l":89,"n":100,"p":77}},{"type":"Feature","geometry":{"type":"Polygon","coordinates":[[[126.99617,37.30878],[126.98444,37.31415],[126.97272,37.30878],[126.97272,37.29805],[126.98444,37.29269],[126.99617,37.29805],[126.99617,37.30878]]]},"properties":{"row":-6,"col":13,"walk_min":14.1,"nearest_station_id":"kr_085","nearest_station_name":"Sungkyunkwan Univ","nearest_station_name_ko":"성균관대","a":78,"c":81,"e":75,"g":93,"i":64,"k":90,"m":101,"o":79,"b":78,"d":81,"f":75,"h":93,"j":64,"l":90,"n":101,"p":79}},{"type":"Feature","geometry":{"type":"Polygon","coordinates":[[[127.11339,37.56634],[127.10166,37.5717],[127.08994,37.56634],[127.08994,37.5556],[127.10166,37.55024],[127.11339,37.5556],[127.11339,37.56634]]]},"properties":{"row":10,"col":10,"walk_min":16.3,"nearest_station_id":"kr_111","nearest_station_name":"용마산","nearest_station_name_ko":"용마산","a":45,"c":44,"e":47,"g":30,"i":53,"k":47,"m":40,"o":55,"b":45,"d":44,"f":47,"h":30,"j":53,"l":47,"n":40,"p":55}},{"type":"Feature","geometry":{"type":"Polygon","coordinates":[[[127.13683,37.56634],[127.12511,37.5717],[127.11339,37.56634],[127.11339,37.5556],[127.12511,37.55024],[127.13683,37.5556],[127.13683,37.56634]]]},"properties":{"row":10,"col":11,"walk_min":14.7,"nearest_station_id":"kr_200","nearest_station_name":"Amsa History Park","nearest_station_name_ko":"암사역사공원","a":52,"c":51,"e":46,"g":37,"i":55,"k":41,"m":46,"o":62,"b":52,"d":51,"f":46,"h":37,"j":55,"l":41,"n":46,"p":62}},{"type":"Feature","geometry":{"type":"Polygon","coordinates":[[[127.04305,37.63072],[127.03133,37.63609],[127.01961,37.63072],[127.01961,37.61999],[127.03133,37.61463],[127.04305,37.61999],[127.04305,37.63072]]]},"properties":{"row":14,"col":5,"walk_min":6.8,"nearest_station_id":"kr_091","nearest_station_name":"Miasageori","nearest_station_name_ko":"미아사거리","a":32,"c":30,"e":44,"g":30,"i":52,"k":51,"m":39,"o":41,"b":32,"d":30,"f":44,"h":30,"j":52,"l":51,"n":39,"p":41}},{"type":"Feature","geometry":{"type":"Polygon","coordinates":[[[127.05478,37.7756],[127.04305,37.78096],[127.03133,37.7756],[127.03133,37.76486],[127.04305,37.7595],[127.05478,37.76486],[127.05478,37.7756]]]},"properties":{"row":23,"col":1,"walk_min":7.5,"nearest_station_id":"kr_092","nearest_station_name":"Yangju","nearest_station_name_ko":"양주","a":70,"c":68,"e":82,"g":68,"i":90,"k":81,"m":70,"o":79,"b":70,"d":68,"f":82,"h":68,"j":90,"l":81,"n":70,"p":79}},{"type":"Feature","geometry":{"type":"Polygon","coordinates":[[[127.04305,37.79169],[127.03133,37.79706],[127.01961,37.79169],[127.01961,37.78096],[127.03133,37.7756],[127.04305,37.78096],[127.04305,37.79169]]]},"properties":{"row":24,"col":0,"walk_min":25.7,"nearest_station_id":"kr_092","nearest_station_name":"Yangju","nearest_station_name_ko":"양주","a":90,"c":88,"e":102,"g":88,"i":109,"k":101,"m":90,"o":99,"b":90,"d":88,"f":102,"h":88,"j":109,"l":101,"n":90,"p":99}},{"type":"Feature","geometry":{"type":"Polygon","coordinates":[[[127.0665,37.79169],[127.05478,37.79706],[127.04305,37.79169],[127.04305,37.78096],[127.05478,37.7756],[127.0665,37.78096],[127.0665,37.79169]]]},"properties":{"row":24,"col":1,"walk_min":18.2,"nearest_station_id":"kr_092","nearest_station_name":"Yangju","nearest_station_name_ko":"양주","a":82,"c":80,"e":94,"g":80,"i":102,"k":93,"m":82,"o":91,"b":82,"d":80,"f":94,"h":80,"j":102,"l":93,"n":82,"p":91}},{"type":"Feature","geometry":{"type":"Polygon","coordinates":[[[127.10166,37.58243],[127.08994,37.5878],[127.07822,37.58243],[127.07822,37.5717],[127.08994,37.56634],[127.10166,37.5717],[127.10166,37.58243]]]},"properties":{"row":11,"col":9,"walk_min":3.5,"nearest_station_id":"kr_111","nearest_station_name":"용마산","nearest_station_name_ko":"용마산","a":34,"c":33,"e":37,"g":19,"i":42,"k":40,"m":29,"o":44,"b":34,"d":33,"f":37,"h":19,"j":42,"l":40,"n":29,"p":44}},{"type":"Feature","geometry":{"type":"Polygon","coordinates":[[[126.961,37.55024],[126.94928,37.5556],[126.93755,37.55024],[126.93755,37.53951],[126.94928,37.53414],[126.961,37.53951],[126.961,37.55024]]]},"properties":{"row":9,"col":4,"walk_min":2.3,"nearest_station_id":"kr_257","nearest_station_name":"애오개","nearest_station_name_ko":"애오개","a":15,"c":16,"e":29,"g":24,"i":25,"k":42,"m":33,"o":20,"b":15,"d":16,"f":29,"h":24,"j":25,"l":42,"n":33,"p":20}},{"type":"Feature","geometry":{"type":"Polygon","coordinates":[[[126.8555,37.56634],[126.84378,37.5717],[126.83206,37.56634],[126.83206,37.5556],[126.84378,37.55024],[126.8555,37.5556],[126.8555,37.56634]]]},"properties":{"row":10,"col":-1,"walk_min":3.7,"nearest_station_id":"kr_342","nearest_station_name":"Ujangsan","nearest_station_name_ko":"우장산","a":37,"c":38,"e":45,"g":50,"i":41,"k":58,"m":59,"o":28,"b":37,"d":38,"f":45,"h":50,"j":41,"l":58,"n":59,"p":28}},{"type":"Feature","geometry":{"type":"Polygon","coordinates":[[[126.84378,37.58243],[126.83206,37.5878],[126.82033,37.58243],[126.82033,37.5717],[126.83206,37.56634],[126.84378,37.5717],[126.84378,37.58243]]]},"properties":{"row":11,"col":-2,"walk_min":23.8,"nearest_station_id":"kr_132","nearest_station_name":"마곡나루","nearest_station_name_ko":"마곡나루","a":63,"c":60,"e":68,"g":74,"i":64,"k":81,"m":82,"o":49,"b":63,"d":60,"f":68,"h":74,"j":64,"l":81,"n":82,"p":49}},{"type":"Feature","geometry":{"type":"Polygon","coordinates":[[[126.86722,37.58243],[126.8555,37.5878],[126.84378,37.58243],[126.84378,37.5717],[126.8555,37.56634],[126.86722,37.5717],[126.86722,37.58243]]]},"properties":{"row":11,"col":-1,"walk_min":36.9,"nearest_station_id":"kr_430","nearest_station_name":"Yangcheon Hyanggyo","nearest_station_name_ko":"양천향교","a":70,"c":68,"e":75,"g":81,"i":71,"k":87,"m":89,"o":56,"b":70,"d":68,"f":75,"h":81,"j":71,"l":87,"n":89,"p":56}},{"type":"Feature","geometry":{"type":"Polygon","coordinates":[[[126.92583,37.66292],[126.91411,37.66828],[126.90239,37.66292],[126.90239,37.65219],[126.91411,37.64682],[126.92583,37.65219],[126.92583,37.66292]]]},"properties":{"row":16,"col":-1,"walk_min":8.7,"nearest_station_id":"kr_104","nearest_station_name":"Jichuk","nearest_station_name_ko":"지축","a":43,"c":41,"e":60,"g":47,"i":63,"k":67,"m":56,"o":52,"b":43,"d":41,"f":60,"h":47,"j":63,"l":67,"n":56,"p":52}},{"type":"Feature","geometry":{"type":"Polygon","coordinates":[[[126.93755,37.64682],[126.92583,37.65219],[126.91411,37.64682],[126.91411,37.63609],[126.92583,37.63072],[126.93755,37.63609],[126.93755,37.64682]]]},"properties":{"row":15,"col":0,"walk_min":10.6,"nearest_station_id":"kr_188","nearest_station_name":"Gupabal","nearest_station_name_ko":"구파발","a":42,"c":40,"e":59,"g":46,"i":62,"k":66,"m":55,"o":51,"b":42,"d":40,"f":59,"h":46,"j":62,"l":66,"n":55,"p":51}},{"type":"Feature","geometry":{"type":"Polygon","coordinates":[[[126.72656,37.48585],[126.71483,37.49122],[126.70311,37.48585],[126.70311,37.47512],[126.71483,37.46975],[126.72656,37.47512],[126.72656,37.48585]]]},"properties":{"row":5,"col":-4,"walk_min":5.1,"nearest_station_id":"kr_454","nearest_station_name":"Baegun","nearest_station_name_ko":"백운","a":56,"c":58,"e":65,"g":70,"i":61,"k":79,"m":80,"o":53,"b":56,"d":58,"f":65,"h":70,"j":61,"l":79,"n":80,"p":53}},{"type":"Feature","geometry":{"type":"Polygon","coordinates":[[[126.73828,37.50195],[126.72656,37.50731],[126.71483,37.50195],[126.71483,37.49122],[126.72656,37.48585],[126.73828,37.49122],[126.73828,37.50195]]]},"properties":{"row":6,"col":-4,"walk_min":5.1,"nearest_station_id":"kr_316","nearest_station_name":"굴포천","nearest_station_name_ko":"굴포천","a":56,"c":59,"e":66,"g":71,"i":62,"k":79,"m":80,"o":53,"b":56,"d":59,"f":66,"h":71,"j":62,"l":79,"n":80,"p":53}},{"type":"Feature","geometry":{"type":"Polygon","coordinates":[[[126.75,37.48585],[126.73828,37.49122],[126.72656,37.48585],[126.72656,37.47512],[126.73828,37.46975],[126.75,37.47512],[126.75,37.48585]]]},"properties":{"row":5,"col":-3,"walk_min":10.3,"nearest_station_id":"kr_105","nearest_station_name":"Bupyeong","nearest_station_name_ko":"부평","a":56,"c":59,"e":66,"g":71,"i":62,"k":79,"m":80,"o":53,"b":56,"d":59,"f":66,"h":71,"j":62,"l":79,"n":80,"p":53}},{"type":"Feature","geometry":{"type":"Polygon","coordinates":[[[127.01961,37.63072],[127.00789,37.63609],[126.99617,37.63072],[126.99617,37.61999],[127.00789,37.61463],[127.01961,37.61999],[127.01961,37.63072]]]},"properties":{"row":14,"col":4,"walk_min":20.5,"nearest_station_id":"kr_106","nearest_station_name":"Mia","nearest_station_name_ko":"미아","a":47,"c":45,"e":59,"g":45,"i":67,"k":66,"m":55,"o":57,"b":47,"d":45,"f":59,"h":45,"j":67,"l":66,"n":55,"p":57}},{"type":"Feature","geometry":{"type":"Polygon","coordinates":[[[127.14855,37.38927],[127.13683,37.39463],[127.12511,37.38927],[127.12511,37.37854],[127.13683,37.37317],[127.14855,37.37854],[127.14855,37.38927]]]},"properties":{"row":-1,"col":17,"walk_min":23.1,"nearest_station_id":"kr_108","nearest_station_name":"Imae","nearest_station_name_ko":"이매","a":77,"c":79,"e":53,"g":77,"i":63,"k":68,"m":79,"o":85,"b":77,"d":79,"f":53,"h":77,"j":63,"l":68,"n":79,"p":85}},{"type":"Feature","geometry":{"type":"Polygon","coordinates":[[[126.87894,37.30878],[126.86722,37.31415],[126.8555,37.30878],[126.8555,37.29805],[126.86722,37.29269],[126.87894,37.29805],[126.87894,37.30878]]]},"properties":{"row":-6,"col":8,"walk_min":10.5,"nearest_station_id":"kr_114","nearest_station_name":"Sangnoksu","nearest_station_name_ko":"상록수","a":77,"c":79,"e":74,"g":91,"i":63,"k":89,"m":100,"o":77,"b":77,"d":79,"f":74,"h":91,"j":63,"l":89,"n":100,"p":77}},{"type":"Feature","geometry":{"type":"Polygon","coordinates":[[[126.86722,37.32488],[126.8555,37.33025],[126.84378,37.32488],[126.84378,37.31415],[126.8555,37.30878],[126.86722,37.31415],[126.86722,37.32488]]]},"properties":{"row":-5,"col":7,"walk_min":17.2,"nearest_station_id":"kr_425","nearest_station_name":"Hanyang University at Ansan","nearest_station_name_ko":"한대앞","a":86,"c":88,"e":83,"g":100,"i":72,"k":98,"m":107,"o":86,"b":86,"d":88,"f":83,"h":100,"j":72,"l":98,"n":107,"p":86}},{"type":"Feature","geometry":{"type":"Polygon","coordinates":[[[126.89067,37.32488],[126.87894,37.33025],[126.86722,37.32488],[126.86722,37.31415],[126.87894,37.30878],[126.89067,37.31415],[126.89067,37.32488]]]},"properties":{"row":-5,"col":8,"walk_min":27.5,"nearest_station_id":"kr_114","nearest_station_name":"Sangnoksu","nearest_station_name_ko":"상록수","a":92,"c":94,"e":89,"g":106,"i":78,"k":104,"m":114,"o":92,"b":92,"d":94,"f":89,"h":106,"j":78,"l":104,"n":114,"p":92}},{"type":"Feature","geometry":{"type":"Polygon","coordinates":[[[126.90239,37.66292],[126.89067,37.66828],[126.87894,37.66292],[126.87894,37.65219],[126.89067,37.64682],[126.90239,37.65219],[126.90239,37.66292]]]},"properties":{"row":16,"col":-2,"walk_min":6.8,"nearest_station_id":"kr_115","nearest_station_name":"Samsong","nearest_station_name_ko":"삼송","a":47,"c":44,"e":64,"g":51,"i":67,"k":71,"m":60,"o":56,"b":47,"d":44,"f":64,"h":51,"j":67,"l":71,"n":60,"p":56}},{"type":"Feature","geometry":{"type":"Polygon","coordinates":[[[126.91411,37.64682],[126.90239,37.65219],[126.89067,37.64682],[126.89067,37.63609],[126.90239,37.63072],[126.91411,37.63609],[126.91411,37.64682]]]},"properties":{"row":15,"col":-1,"walk_min":9.4,"nearest_station_id":"kr_104","nearest_station_name":"Jichuk","nearest_station_name_ko":"지축","a":44,"c":41,"e":61,"g":48,"i":64,"k":68,"m":57,"o":53,"b":44,"d":41,"f":61,"h":48,"j":64,"l":68,"n":57,"p":53}},{"type":"Feature","geometry":{"type":"Polygon","coordinates":[[[127.03133,37.64682],[127.01961,37.65219],[127.00789,37.64682],[127.00789,37.63609],[127.01961,37.63072],[127.03133,37.63609],[127.03133,37.64682]]]},"properties":{"row":15,"col":4,"walk_min":8.7,"nearest_station_id":"kr_116","nearest_station_name":"Suyu (Gangbuk-gu Office)","nearest_station_name_ko":"수유(강북구청)","a":38,"c":36,"e":50,"g":36,"i":58,"k":57,"m":45,"o":47,"b":38,"d":36,"f":50,"h":36,"j":58,"l":57,"n":45,"p":47}},{"type":"Feature","geometry":{"type":"Polygon","coordinates":[[[127.12511,37.48585],[127.11339,37.49122],[127.10166,37.48585],[127.10166,37.47512],[127.11339,37.46975],[127.12511,37.47512],[127.12511,37.48585]]]},"properties":{"row":5,"col":13,"walk_min":5.5,"nearest_station_id":"kr_286","nearest_station_name":"Suseo","nearest_station_name_ko":"수서","a":50,"c":52,"e":27,"g":42,"i":37,"k":23,"m":34,"o":58,"b":50,"d":52,"f":27,"h":42,"j":37,"l":23,"n":34,"p":58}},{"type":"Feature","geometry":{"type":"Polygon","coordinates":[[[127.14855,37.48585],[127.13683,37.49122],[127.12511,37.48585],[127.12511,37.47512],[127.13683,37.46975],[127.14855,37.47512],[127.14855,37.48585]]]},"properties":{"row":5,"col":14,"walk_min":9.4,"nearest_station_id":"kr_355","nearest_station_name":"거여","nearest_station_name_ko":"거여","a":58,"c":58,"e":36,"g":45,"i":47,"k":31,"m":42,"o":67,"b":58,"d":58,"f":36,"h":45,"j":47,"l":31,"n":42,"p":67}},{"type":"Feature","geometry":{"type":"Polygon","coordinates":[[[127.16028,37.56634],[127.14855,37.5717],[127.13683,37.56634],[127.13683,37.5556],[127.14855,37.55024],[127.16028,37.5556],[127.16028,37.56634]]]},"properties":{"row":10,"col":12,"walk_min":8.7,"nearest_station_id":"kr_128","nearest_station_name":"명일","nearest_station_name_ko":"명일","a":51,"c":50,"e":42,"g":37,"i":52,"k":37,"m":46,"o":61,"b":51,"d":50,"f":42,"h":37,"j":52,"l":37,"n":46,"p":61}},{"type":"Feature","geometry":{"type":"Polygon","coordinates":[[[127.11339,37.59853],[127.10166,37.60389],[127.08994,37.59853],[127.08994,37.5878],[127.10166,37.58243],[127.11339,37.5878],[127.11339,37.59853]]]},"properties":{"row":12,"col":9,"walk_min":11.3,"nearest_station_id":"kr_124","nearest_station_name":"면목","nearest_station_name_ko":"면목","a":46,"c":45,"e":50,"g":32,"i":55,"k":53,"m":42,"o":56,"b":46,"d":45,"f":50,"h":32,"j":55,"l":53,"n":42,"p":56}},{"type":"Feature","geometry":{"type":"Polygon","coordinates":[[[126.86722,37.64682],[126.8555,37.65219],[126.84378,37.64682],[126.84378,37.63609],[126.8555,37.63072],[126.86722,37.63609],[126.86722,37.64682]]]},"properties":{"row":15,"col":-3,"walk_min":17.4,"nearest_station_id":"kr_126","nearest_station_name":"Wonheung","nearest_station_name_ko":"원흥","a":64,"c":61,"e":81,"g":68,"i":84,"k":88,"m":77,"o":73,"b":64,"d":61,"f":81,"h":68,"j":84,"l":88,"n":77,"p":73}},{"type":"Feature","geometry":{"type":"Polygon","coordinates":[[[126.87894,37.66292],[126.86722,37.66828],[126.8555,37.66292],[126.8555,37.65219],[126.86722,37.64682],[126.87894,37.65219],[126.87894,37.66292]]]},"properties":{"row":16,"col":-3,"walk_min":13.9,"nearest_station_id":"kr_126","nearest_station_name":"Wonheung","nearest_station_name_ko":"원흥","a":56,"c":53,"e":73,"g":60,"i":76,"k":80,"m":69,"o":65,"b":56,"d":53,"f":73,"h":60,"j":76,"l":80,"n":69,"p":65}},{"type":"Feature","geometry":{"type":"Polygon","coordinates":[[[126.83206,37.56634],[126.82033,37.5717],[126.80861,37.56634],[126.80861,37.5556],[126.82033,37.55024],[126.83206,37.5556],[126.83206,37.56634]]]},"properties":{"row":10,"col":-2,"walk_min":5.1,"nearest_station_id":"kr_132","nearest_station_name":"마곡나루","nearest_station_name_ko":"마곡나루","a":42,"c":41,"e":49,"g":55,"i":45,"k":62,"m":64,"o":31,"b":42,"d":41,"f":49,"h":55,"j":45,"l":62,"n":64,"p":31}},{"type":"Feature","geometry":{"type":"Polygon","coordinates":[[[126.98444,37.48585],[126.97272,37.49122],[126.961,37.48585],[126.961,37.47512],[126.97272,37.46975],[126.98444,37.47512],[126.98444,37.48585]]]},"properties":{"row":5,"col":7,"walk_min":3.6,"nearest_station_id":"kr_182","nearest_station_name":"남성","nearest_station_name_ko":"남성","a":30,"c":33,"e":18,"g":36,"i":22,"k":31,"m":42,"o":39,"b":30,"d":33,"f":18,"h":36,"j":22,"l":31,"n":42,"p":39}},{"type":"Feature","geometry":{"type":"Polygon","coordinates":[[[127.00789,37.48585],[126.99617,37.49122],[126.98444,37.48585],[126.98444,37.47512],[126.99617,37.46975],[127.00789,37.47512],[127.00789,37.48585]]]},"properties":{"row":5,"col":8,"walk_min":3.2,"nearest_station_id":"kr_153","nearest_station_name":"Isu","nearest_station_name_ko":"이수","a":27,"c":30,"e":14,"g":34,"i":13,"k":28,"m":39,"o":36,"b":27,"d":30,"f":14,"h":34,"j":13,"l":28,"n":39,"p":36}},{"type":"Feature","geometry":{"type":"Polygon","coordinates":[[[126.91411,37.61463],[126.90239,37.61999],[126.89067,37.61463],[126.89067,37.60389],[126.90239,37.59853],[126.91411,37.60389],[126.91411,37.61463]]]},"properties":{"row":13,"col":0,"walk_min":13.7,"nearest_station_id":"kr_318","nearest_station_name":"응암","nearest_station_name_ko":"응암","a":42,"c":39,"e":59,"g":46,"i":58,"k":66,"m":55,"o":51,"b":42,"d":39,"f":59,"h":46,"j":58,"l":66,"n":55,"p":51}},{"type":"Feature","geometry":{"type":"Polygon","coordinates":[[[126.92583,37.63072],[126.91411,37.63609],[126.90239,37.63072],[126.90239,37.61999],[126.91411,37.61463],[126.92583,37.61999],[126.92583,37.63072]]]},"properties":{"row":14,"col":0,"walk_min":6.1,"nearest_station_id":"kr_162","nearest_station_name":"연신내","nearest_station_name_ko":"연신내","a":34,"c":32,"e":51,"g":38,"i":54,"k":58,"m":47,"o":43,"b":34,"d":32,"f":51,"h":38,"j":54,"l":58,"n":47,"p":43}},{"type":"Feature","geometry":{"type":"Polygon","coordinates":[[[126.97272,37.53414],[126.961,37.53951],[126.94928,37.53414],[126.94928,37.52341],[126.961,37.51804],[126.97272,37.52341],[126.97272,37.53414]]]},"properties":{"row":8,"col":5,"walk_min":3.8,"nearest_station_id":"kr_136","nearest_station_name":"Samgakji","nearest_station_name_ko":"삼각지","a":13,"c":16,"e":24,"g":27,"i":20,"k":37,"m":36,"o":23,"b":13,"d":16,"f":24,"h":27,"j":20,"l":37,"n":36,"p":23}},{"type":"Feature","geometry":{"type":"Polygon","coordinates":[[[126.99617,37.53414],[126.98444,37.53951],[126.97272,37.53414],[126.97272,37.52341],[126.98444,37.51804],[126.99617,37.52341],[126.99617,37.53414]]]},"properties":{"row":8,"col":6,"walk_min":3.7,"nearest_station_id":"kr_295","nearest_station_name":"녹사평","nearest_station_name_ko":"녹사평","a":12,"c":14,"e":22,"g":23,"i":19,"k":36,"m":32,"o":25,"b":12,"d":14,"f":22,"h":23,"j":19,"l":36,"n":32,"p":25}},{"type":"Feature","geometry":{"type":"Polygon","coordinates":[[[126.93755,37.55024],[126.92583,37.5556],[126.91411,37.55024],[126.91411,37.53951],[126.92583,37.53414],[126.93755,37.53951],[126.93755,37.55024]]]},"properties":{"row":9,"col":3,"walk_min":2.4,"nearest_station_id":"kr_323","nearest_station_name":"Hapjeong","nearest_station_name_ko":"합정","a":17,"c":17,"e":31,"g":29,"i":27,"k":42,"m":38,"o":9,"b":17,"d":17,"f":31,"h":29,"j":27,"l":42,"n":38,"p":9}},{"type":"Feature","geometry":{"type":"Polygon","coordinates":[[[126.8555,37.66292],[126.84378,37.66828],[126.83206,37.66292],[126.83206,37.65219],[126.84378,37.64682],[126.8555,37.65219],[126.8555,37.66292]]]},"properties":{"row":16,"col":-4,"walk_min":10.0,"nearest_station_id":"kr_145","nearest_station_name":"Wondang","nearest_station_name_ko":"원당","a":57,"c":55,"e":74,"g":61,"i":77,"k":81,"m":70,"o":66,"b":57,"d":55,"f":74,"h":61,"j":77,"l":81,"n":70,"p":66}},{"type":"Feature","geometry":{"type":"Polygon","coordinates":[[[127.13683,37.46975],[127.12511,37.47512],[127.11339,37.46975],[127.11339,37.45902],[127.12511,37.45366],[127.13683,37.45902],[127.13683,37.46975]]]},"properties":{"row":4,"col":14,"walk_min":9.4,"nearest_station_id":"kr_146","nearest_station_name":"Bokjeong","nearest_station_name_ko":"복정","a":59,"c":61,"e":37,"g":51,"i":48,"k":32,"m":43,"o":67,"b":59,"d":61,"f":37,"h":51,"j":48,"l":32,"n":43,"p":67}},{"type":"Feature","geometry":{"type":"Polygon","coordinates":[[[127.172,37.55024],[127.16028,37.5556],[127.14855,37.55024],[127.14855,37.53951],[127.16028,37.53414],[127.172,37.53951],[127.172,37.55024]]]},"properties":{"row":9,"col":13,"walk_min":10.1,"nearest_station_id":"kr_147","nearest_station_name":"Godeok","nearest_station_name_ko":"고덕","a":55,"c":54,"e":42,"g":41,"i":53,"k":37,"m":47,"o":65,"b":55,"d":54,"f":42,"h":41,"j":53,"l":37,"n":47,"p":65}},{"type":"Feature","geometry":{"type":"Polygon","coordinates":[[[127.18372,37.56634],[127.172,37.5717],[127.16028,37.56634],[127.16028,37.5556],[127.172,37.55024],[127.18372,37.5556],[127.18372,37.56634]]]},"properties":{"row":10,"col":13,"walk_min":10.5,"nearest_station_id":"kr_205","nearest_station_name":"Gangil","nearest_station_name_ko":"강일","a":58,"c":57,"e":48,"g":44,"i":59,"k":43,"m":53,"o":69,"b":58,"d":57,"f":48,"h":44,"j":59,"l":43,"n":53,"p":69}},{"type":"Feature","geometry":{"type":"Polygon","coordinates":[[[127.12511,37.35707],[127.11339,37.36244],[127.10166,37.35707],[127.10166,37.34634],[127.11339,37.34098],[127.12511,37.34634],[127.12511,37.35707]]]},"properties":{"row":-3,"col":17,"walk_min":14.1,"nearest_station_id":"kr_172","nearest_station_name":"Migeum","nearest_station_name_ko":"미금","a":73,"c":75,"e":49,"g":73,"i":59,"k":64,"m":75,"o":81,"b":73,"d":75,"f":49,"h":73,"j":59,"l":64,"n":75,"p":81}},{"type":"Feature","geometry":{"type":"Polygon","coordinates":[[[127.11339,37.37317],[127.10166,37.37854],[127.08994,37.37317],[127.08994,37.36244],[127.10166,37.35707],[127.11339,37.36244],[127.11339,37.37317]]]},"properties":{"row":-2,"col":16,"walk_min":22.4,"nearest_station_id":"kr_148","nearest_station_name":"Jeongja","nearest_station_name_ko":"정자","a":79,"c":81,"e":55,"g":79,"i":65,"k":70,"m":81,"o":87,"b":79,"d":81,"f":55,"h":79,"j":65,"l":70,"n":81,"p":87}},{"type":"Feature","geometry":{"type":"Polygon","coordinates":[[[127.13683,37.37317],[127.12511,37.37854],[127.11339,37.37317],[127.11339,37.36244],[127.12511,37.35707],[127.13683,37.36244],[127.13683,37.37317]]]},"properties":{"row":-2,"col":17,"walk_min":25.7,"nearest_station_id":"kr_148","nearest_station_name":"Jeongja","nearest_station_name_ko":"정자","a":82,"c":84,"e":58,"g":82,"i":68,"k":73,"m":84,"o":90,"b":82,"d":84,"f":58,"h":82,"j":68,"l":73,"n":84,"p":90}},{"type":"Feature","geometry":{"type":"Polygon","coordinates":[[[127.03133,37.48585],[127.01961,37.49122],[127.00789,37.48585],[127.00789,37.47512],[127.01961,37.46975],[127.03133,37.47512],[127.03133,37.48585]]]},"properties":{"row":5,"col":9,"walk_min":5.8,"nearest_station_id":"kr_152","nearest_station_name":"Nambu Bus Terminal (Seoul Arts Center)","nearest_station_name_ko":"남부터미널(예술의전당)","a":30,"c":32,"e":12,"g":35,"i":15,"k":27,"m":38,"o":38,"b":30,"d":32,"f":12,"h":35,"j":15,"l":27,"n":38,"p":38}},{"type":"Feature","geometry":{"type":"Polygon","coordinates":[[[127.11339,37.53414],[127.10166,37.53951],[127.08994,37.53414],[127.08994,37.52341],[127.10166,37.51804],[127.11339,37.52341],[127.11339,37.53414]]]},"properties":{"row":8,"col":11,"walk_min":6.3,"nearest_station_id":"kr_196","nearest_station_name":"Gangbyeon(Dongseoul Bus Terminal)","nearest_station_name_ko":"강변(동서울터미널)","a":38,"c":38,"e":25,"g":24,"i":36,"k":13,"m":17,"o":48,"b":38,"d":38,"f":25,"h":24,"j":36,"l":13,"n":17,"p":48}},{"type":"Feature","geometry":{"type":"Polygon","coordinates":[[[126.76172,37.50195],[126.75,37.50731],[126.73828,37.50195],[126.73828,37.49122],[126.75,37.48585],[126.76172,37.49122],[126.76172,37.50195]]]},"properties":{"row":6,"col":-3,"walk_min":3.1,"nearest_station_id":"kr_315","nearest_station_name":"삼산체육관","nearest_station_name_ko":"삼산체육관","a":49,"c":52,"e":59,"g":64,"i":55,"k":72,"m":73,"o":46,"b":49,"d":52,"f":59,"h":64,"j":55,"l":72,"n":73,"p":46}},{"type":"Feature","geometry":{"type":"Polygon","coordinates":[[[127.0665,37.50195],[127.05478,37.50731],[127.04305,37.50195],[127.04305,37.49122],[127.05478,37.48585],[127.0665,37.49122],[127.0665,37.50195]]]},"properties":{"row":6,"col":10,"walk_min":3.2,"nearest_station_id":"kr_275","nearest_station_name":"Seolleung","nearest_station_name_ko":"선릉","a":32,"c":34,"e":8,"g":32,"i":18,"k":16,"m":28,"o":40,"b":32,"d":34,"f":8,"h":32,"j":18,"l":16,"n":28,"p":40}},{"type":"Feature","geometry":{"type":"Polygon","coordinates":[[[127.07822,37.48585],[127.0665,37.49122],[127.05478,37.48585],[127.05478,37.47512],[127.0665,37.46975],[127.07822,37.47512],[127.07822,37.48585]]]},"properties":{"row":5,"col":11,"walk_min":9.2,"nearest_station_id":"kr_298","nearest_station_name":"Irwon","nearest_station_name_ko":"일원","a":46,"c":48,"e":22,"g":46,"i":32,"k":32,"m":43,"o":54,"b":46,"d":48,"f":22,"h":46,"j":32,"l":32,"n":43,"p":54}},{"type":"Feature","geometry":{"type":"Polygon","coordinates":[[[126.83206,37.63072],[126.82033,37.63609],[126.80861,37.63072],[126.80861,37.61999],[126.82033,37.61463],[126.83206,37.61999],[126.83206,37.63072]]]},"properties":{"row":14,"col":-4,"walk_min":16.8,"nearest_station_id":"kr_198","nearest_station_name":"Daegok","nearest_station_name_ko":"대곡","a":71,"c":68,"e":88,"g":75,"i":91,"k":95,"m":84,"o":80,"b":71,"d":68,"f":88,"h":75,"j":91,"l":95,"n":84,"p":80}},{"type":"Feature","geometry":{"type":"Polygon","coordinates":[[[126.84378,37.64682],[126.83206,37.65219],[126.82033,37.64682],[126.82033,37.63609],[126.83206,37.63072],[126.84378,37.63609],[126.84378,37.64682]]]},"properties":{"row":15,"col":-4,"walk_min":7.9,"nearest_station_id":"kr_167","nearest_station_name":"Hwajeong","nearest_station_name_ko":"화정","a":59,"c":56,"e":76,"g":63,"i":79,"k":83,"m":72,"o":68,"b":59,"d":56,"f":76,"h":63,"j":79,"l":83,"n":72,"p":68}},{"type":"Feature","geometry":{"type":"Polygon","coordinates":[[[126.8555,37.63072],[126.84378,37.63609],[126.83206,37.63072],[126.83206,37.61999],[126.84378,37.61463],[126.8555,37.61999],[126.8555,37.63072]]]},"properties":{"row":14,"col":-3,"walk_min":20.8,"nearest_station_id":"kr_167","nearest_station_name":"Hwajeong","nearest_station_name_ko":"화정","a":73,"c":70,"e":90,"g":77,"i":93,"k":97,"m":86,"o":82,"b":73,"d":70,"f":90,"h":77,"j":93,"l":97,"n":86,"p":82}},{"type":"Feature","geometry":{"type":"Polygon","coordinates":[[[126.83206,37.30878],[126.82033,37.31415],[126.80861,37.30878],[126.80861,37.29805],[126.82033,37.29269],[126.83206,37.29805],[126.83206,37.30878]]]},"properties":{"row":-6,"col":6,"walk_min":22.3,"nearest_station_id":"kr_426","nearest_station_name":"Gojan","nearest_station_name_ko":"고잔","a":95,"c":97,"e":92,"g":107,"i":82,"k":105,"m":113,"o":95,"b":95,"d":97,"f":92,"h":107,"j":82,"l":105,"n":113,"p":95}},{"type":"Feature","geometry":{"type":"Polygon","coordinates":[[[126.84378,37.32488],[126.83206,37.33025],[126.82033,37.32488],[126.82033,37.31415],[126.83206,37.30878],[126.84378,37.31415],[126.84378,37.32488]]]},"properties":{"row":-5,"col":6,"walk_min":13.5,"nearest_station_id":"kr_168","nearest_station_name":"Jungang","nearest_station_name_ko":"중앙","a":87,"c":89,"e":83,"g":101,"i":73,"k":99,"m":110,"o":87,"b":87,"d":89,"f":83,"h":101,"j":73,"l":99,"n":110,"p":87}},{"type":"Feature","geometry":{"type":"Polygon","coordinates":[[[126.8555,37.30878],[126.84378,37.31415],[126.83206,37.30878],[126.83206,37.29805],[126.84378,37.29269],[126.8555,37.29805],[126.8555,37.30878]]]},"properties":{"row":-6,"col":7,"walk_min":11.6,"nearest_station_id":"kr_425","nearest_station_name":"Hanyang University at Ansan","nearest_station_name_ko":"한대앞","a":81,"c":83,"e":78,"g":95,"i":67,"k":93,"m":104,"o":81,"b":81,"d":83,"f":78,"h":95,"j":67,"l":93,"n":104,"p":81}},{"type":"Feature","geometry":{"type":"Polygon","coordinates":[[[127.16028,37.46975],[127.14855,37.47512],[127.13683,37.46975],[127.13683,37.45902],[127.14855,37.45366],[127.16028,37.45902],[127.16028,37.46975]]]},"properties":{"row":4,"col":15,"walk_min":8.1,"nearest_station_id":"kr_170","nearest_station_name":"Namwirye","nearest_station_name_ko":"남위례","a":61,"c":63,"e":39,"g":53,"i":50,"k":34,"m":45,"o":70,"b":61,"d":63,"f":39,"h":53,"j":50,"l":34,"n":45,"p":70}},{"type":"Feature","geometry":{"type":"Polygon","coordinates":[[[127.11339,37.34098],[127.10166,37.34634],[127.08994,37.34098],[127.08994,37.33025],[127.10166,37.32488],[127.11339,37.33025],[127.11339,37.34098]]]},"properties":{"row":-4,"col":17,"walk_min":9.2,"nearest_station_id":"kr_233","nearest_station_name":"Suji-gu Office","nearest_station_name_ko":"수지구청","a":74,"c":76,"e":50,"g":74,"i":61,"k":65,"m":77,"o":83,"b":74,"d":76,"f":50,"h":74,"j":61,"l":65,"n":77,"p":83}},{"type":"Feature","geometry":{"type":"Polygon","coordinates":[[[127.13683,37.34098],[127.12511,37.34634],[127.11339,37.34098],[127.11339,37.33025],[127.12511,37.32488],[127.13683,37.33025],[127.13683,37.34098]]]},"properties":{"row":-4,"col":18,"walk_min":32.7,"nearest_station_id":"kr_172","nearest_station_name":"Migeum","nearest_station_name_ko":"미금","a":95,"c":97,"e":72,"g":95,"i":82,"k":87,"m":97,"o":102,"b":95,"d":97,"f":72,"h":95,"j":82,"l":87,"n":97,"p":102}},{"type":"Feature","geometry":{"type":"Polygon","coordinates":[[[126.80861,37.50195],[126.79689,37.50731],[126.78517,37.50195],[126.78517,37.49122],[126.79689,37.48585],[126.80861,37.49122],[126.80861,37.50195]]]},"properties":{"row":6,"col":-1,"walk_min":3.6,"nearest_station_id":"kr_206","nearest_station_name":"부천종합운동장","nearest_station_name_ko":"부천종합운동장","a":40,"c":42,"e":49,"g":54,"i":45,"k":63,"m":63,"o":37,"b":40,"d":42,"f":49,"h":54,"j":45,"l":63,"n":63,"p":37}},{"type":"Feature","geometry":{"type":"Polygon","coordinates":[[[126.82033,37.51804],[126.80861,37.52341],[126.79689,37.51804],[126.79689,37.50731],[126.80861,37.50195],[126.82033,37.50731],[126.82033,37.51804]]]},"properties":{"row":7,"col":-1,"walk_min":10.3,"nearest_station_id":"kr_177","nearest_station_name":"까치울","nearest_station_name_ko":"까치울","a":46,"c":48,"e":55,"g":60,"i":51,"k":68,"m":69,"o":42,"b":46,"d":48,"f":55,"h":60,"j":51,"l":68,"n":69,"p":42}},{"type":"Feature","geometry":{"type":"Polygon","coordinates":[[[126.86722,37.51804],[126.8555,37.52341],[126.84378,37.51804],[126.84378,37.50731],[126.8555,37.50195],[126.86722,37.50731],[126.86722,37.51804]]]},"properties":{"row":7,"col":1,"walk_min":3.9,"nearest_station_id":"kr_179","nearest_station_name":"Yangcheon-gu Office","nearest_station_name_ko":"양천구청","a":28,"c":31,"e":38,"g":43,"i":34,"k":51,"m":52,"o":25,"b":28,"d":31,"f":38,"h":43,"j":34,"l":51,"n":52,"p":25}},{"type":"Feature","geometry":{"type":"Polygon","coordinates":[[[126.97272,37.50195],[126.961,37.50731],[126.94928,37.50195],[126.94928,37.49122],[126.961,37.48585],[126.97272,37.49122],[126.97272,37.50195]]]},"properties":{"row":6,"col":6,"walk_min":3.9,"nearest_station_id":"kr_003","nearest_station_name":"Dongjak","nearest_station_name_ko":"동작","a":27,"c":30,"e":19,"g":37,"i":18,"k":32,"m":43,"o":35,"b":27,"d":30,"f":19,"h":37,"j":18,"l":32,"n":43,"p":35}},{"type":"Feature","geometry":{"type":"Polygon","coordinates":[[[126.92583,37.56634],[126.91411,37.5717],[126.90239,37.56634],[126.90239,37.5556],[126.91411,37.55024],[126.92583,37.5556],[126.92583,37.56634]]]},"properties":{"row":10,"col":2,"walk_min":5.2,"nearest_station_id":"kr_259","nearest_station_name":"마포구청","nearest_station_name_ko":"마포구청","a":25,"c":26,"e":39,"g":37,"i":35,"k":52,"m":46,"o":25,"b":25,"d":26,"f":39,"h":37,"j":35,"l":52,"n":46,"p":25}},{"type":"Feature","geometry":{"type":"Polygon","coordinates":[[[127.05478,37.55024],[127.04305,37.5556],[127.03133,37.55024],[127.03133,37.53951],[127.04305,37.53414],[127.05478,37.53951],[127.05478,37.55024]]]},"properties":{"row":9,"col":8,"walk_min":4.9,"nearest_station_id":"kr_272","nearest_station_name":"Hanyang University","nearest_station_name_ko":"한양대","a":24,"c":23,"e":25,"g":14,"i":35,"k":25,"m":19,"o":34,"b":24,"d":23,"f":25,"h":14,"j":35,"l":25,"n":19,"p":34}},{"type":"Feature","geometry":{"type":"Polygon","coordinates":[[[126.80861,37.56634],[126.79689,37.5717],[126.78517,37.56634],[126.78517,37.5556],[126.79689,37.55024],[126.80861,37.5556],[126.80861,37.56634]]]},"properties":{"row":10,"col":-3,"walk_min":20.4,"nearest_station_id":"kr_189","nearest_station_name":"Gimpo Int'l Airport","nearest_station_name_ko":"김포공항","a":60,"c":58,"e":66,"g":72,"i":62,"k":79,"m":81,"o":47,"b":60,"d":58,"f":66,"h":72,"j":62,"l":79,"n":81,"p":47}},{"type":"Feature","geometry":{"type":"Polygon","coordinates":[[[126.79689,37.58243],[126.78517,37.5878],[126.77344,37.58243],[126.77344,37.5717],[126.78517,37.56634],[126.79689,37.5717],[126.79689,37.58243]]]},"properties":{"row":11,"col":-4,"walk_min":24.2,"nearest_station_id":"kr_429","nearest_station_name":"Gaehwa","nearest_station_name_ko":"개화","a":67,"c":65,"e":73,"g":79,"i":69,"k":86,"m":88,"o":54,"b":67,"d":65,"f":73,"h":79,"j":69,"l":86,"n":88,"p":54}},{"type":"Feature","geometry":{"type":"Polygon","coordinates":[[[126.82033,37.58243],[126.80861,37.5878],[126.79689,37.58243],[126.79689,37.5717],[126.80861,37.56634],[126.82033,37.5717],[126.82033,37.58243]]]},"properties":{"row":11,"col":-3,"walk_min":4.8,"nearest_station_id":"kr_384","nearest_station_name":"Sinbanghwa","nearest_station_name_ko":"신방화","a":46,"c":44,"e":52,"g":57,"i":48,"k":65,"m":66,"o":33,"b":46,"d":44,"f":52,"h":57,"j":48,"l":65,"n":66,"p":33}},{"type":"Feature","geometry":{"type":"Polygon","coordinates":[[[126.84378,37.48585],[126.83206,37.49122],[126.82033,37.48585],[126.82033,37.47512],[126.83206,37.46975],[126.84378,37.47512],[126.84378,37.48585]]]},"properties":{"row":5,"col":1,"walk_min":9.7,"nearest_station_id":"kr_194","nearest_station_name":"천왕","nearest_station_name_ko":"천왕","a":44,"c":47,"e":54,"g":58,"i":49,"k":67,"m":68,"o":41,"b":44,"d":47,"f":54,"h":58,"j":49,"l":67,"n":68,"p":41}},{"type":"Feature","geometry":{"type":"Polygon","coordinates":[[[127.05478,37.67901],[127.04305,37.68438],[127.03133,37.67901],[127.03133,37.66828],[127.04305,37.66292],[127.05478,37.66828],[127.05478,37.67901]]]},"properties":{"row":17,"col":4,"walk_min":3.5,"nearest_station_id":"kr_395","nearest_station_name":"Banghak (Dobong-gu Office)","nearest_station_name_ko":"방학(도봉구청)","a":46,"c":45,"e":57,"g":43,"i":66,"k":58,"m":47,"o":56,"b":46,"d":45,"f":57,"h":43,"j":66,"l":58,"n":47,"p":56}},{"type":"Feature","geometry":{"type":"Polygon","coordinates":[[[127.07822,37.67901],[127.0665,37.68438],[127.05478,37.67901],[127.05478,37.66828],[127.0665,37.66292],[127.07822,37.66828],[127.07822,37.67901]]]},"properties":{"row":17,"col":5,"walk_min":3.6,"nearest_station_id":"kr_262","nearest_station_name":"Buramsan","nearest_station_name_ko":"불암산","a":49,"c":47,"e":59,"g":45,"i":68,"k":64,"m":53,"o":58,"b":49,"d":47,"f":59,"h":45,"j":68,"l":64,"n":53,"p":58}},{"type":"Feature","geometry":{"type":"Polygon","coordinates":[[[127.07822,37.64682],[127.0665,37.65219],[127.05478,37.64682],[127.05478,37.63609],[127.0665,37.63072],[127.07822,37.63609],[127.07822,37.64682]]]},"properties":{"row":15,"col":6,"walk_min":3.1,"nearest_station_id":"kr_197","nearest_station_name":"하계","nearest_station_name_ko":"하계","a":39,"c":37,"e":49,"g":35,"i":57,"k":53,"m":42,"o":49,"b":39,"d":37,"f":49,"h":35,"j":57,"l":53,"n":42,"p":49}},{"type":"Feature","geometry":{"type":"Polygon","coordinates":[[[127.10166,37.64682],[127.08994,37.65219],[127.07822,37.64682],[127.07822,37.63609],[127.08994,37.63072],[127.10166,37.63609],[127.10166,37.64682]]]},"properties":{"row":15,"col":7,"walk_min":19.2,"nearest_station_id":"kr_197","nearest_station_name":"하계","nearest_station_name_ko":"하계","a":57,"c":55,"e":66,"g":52,"i":74,"k":72,"m":61,"o":67,"b":57,"d":55,"f":66,"h":52,"j":74,"l":72,"n":61,"p":67}},{"type":"Feature","geometry":{"type":"Polygon","coordinates":[[[126.82033,37.64682],[126.80861,37.65219],[126.79689,37.64682],[126.79689,37.63609],[126.80861,37.63072],[126.82033,37.63609],[126.82033,37.64682]]]},"properties":{"row":15,"col":-5,"walk_min":10.3,"nearest_station_id":"kr_198","nearest_station_name":"Daegok","nearest_station_name_ko":"대곡","a":66,"c":64,"e":83,"g":70,"i":86,"k":90,"m":79,"o":75,"b":66,"d":64,"f":83,"h":70,"j":86,"l":90,"n":79,"p":75}},{"type":"Feature","geometry":{"type":"Polygon","coordinates":[[[127.19544,37.55024],[127.18372,37.5556],[127.172,37.55024],[127.172,37.53951],[127.18372,37.53414],[127.19544,37.53951],[127.19544,37.55024]]]},"properties":{"row":9,"col":14,"walk_min":16.4,"nearest_station_id":"kr_205","nearest_station_name":"Gangil","nearest_station_name_ko":"강일","a":68,"c":67,"e":58,"g":53,"i":69,"k":53,"m":63,"o":78,"b":68,"d":67,"f":58,"h":53,"j":69,"l":53,"n":63,"p":78}},{"type":"Feature","geometry":{"type":"Polygon","coordinates":[[[126.79689,37.51804],[126.78517,37.52341],[126.77344,37.51804],[126.77344,37.50731],[126.78517,37.50195],[126.79689,37.50731],[126.79689,37.51804]]]},"properties":{"row":7,"col":-2,"walk_min":11.5,"nearest_station_id":"kr_254","nearest_station_name":"신중동","nearest_station_name_ko":"신중동","a":51,"c":54,"e":61,"g":66,"i":57,"k":74,"m":75,"o":48,"b":51,"d":54,"f":61,"h":66,"j":57,"l":74,"n":75,"p":48}},{"type":"Feature","geometry":{"type":"Polygon","coordinates":[[[126.8555,37.53414],[126.84378,37.53951],[126.83206,37.53414],[126.83206,37.52341],[126.84378,37.51804],[126.8555,37.52341],[126.8555,37.53414]]]},"properties":{"row":8,"col":0,"walk_min":5.9,"nearest_station_id":"kr_225","nearest_station_name":"Kkachisan","nearest_station_name_ko":"까치산","a":34,"c":36,"e":43,"g":48,"i":39,"k":56,"m":57,"o":30,"b":34,"d":36,"f":43,"h":48,"j":39,"l":56,"n":57,"p":30}},{"type":"Feature","geometry":{"type":"Polygon","coordinates":[[[126.89067,37.48585],[126.87894,37.49122],[126.86722,37.48585],[126.86722,37.47512],[126.87894,37.46975],[126.89067,37.47512],[126.89067,37.48585]]]},"properties":{"row":5,"col":3,"walk_min":2.7,"nearest_station_id":"kr_212","nearest_station_name":"Gasan Digital Complex","nearest_station_name_ko":"가산디지털단지","a":30,"c":33,"e":38,"g":45,"i":36,"k":51,"m":54,"o":27,"b":30,"d":33,"f":38,"h":45,"j":36,"l":51,"n":54,"p":27}},{"type":"Feature","geometry":{"type":"Polygon","coordinates":[[[126.94928,37.50195],[126.93755,37.50731],[126.92583,37.50195],[126.92583,37.49122],[126.93755,37.48585],[126.94928,37.49122],[126.94928,37.50195]]]},"properties":{"row":6,"col":5,"walk_min":2.0,"nearest_station_id":"kr_299","nearest_station_name":"신대방삼거리","nearest_station_name_ko":"신대방삼거리","a":38,"c":41,"e":26,"g":44,"i":29,"k":40,"m":51,"o":45,"b":38,"d":41,"f":26,"h":44,"j":29,"l":40,"n":51,"p":45}},{"type":"Feature","geometry":{"type":"Polygon","coordinates":[[[126.86722,37.48585],[126.8555,37.49122],[126.84378,37.48585],[126.84378,37.47512],[126.8555,37.46975],[126.86722,37.47512],[126.86722,37.48585]]]},"properties":{"row":5,"col":2,"walk_min":5.8,"nearest_station_id":"kr_220","nearest_station_name":"광명사거리","nearest_station_name_ko":"광명사거리","a":44,"c":47,"e":47,"g":59,"i":50,"k":60,"m":68,"o":41,"b":44,"d":47,"f":47,"h":59,"j":50,"l":60,"n":68,"p":41}},{"type":"Feature","geometry":{"type":"Polygon","coordinates":[[[126.84378,37.55024],[126.83206,37.5556],[126.82033,37.55024],[126.82033,37.53951],[126.83206,37.53414],[126.84378,37.53951],[126.84378,37.55024]]]},"properties":{"row":9,"col":-1,"walk_min":5.0,"nearest_station_id":"kr_342","nearest_station_name":"Ujangsan","nearest_station_name_ko":"우장산","a":37,"c":40,"e":47,"g":52,"i":43,"k":60,"m":61,"o":34,"b":37,"d":40,"f":47,"h":52,"j":43,"l":60,"n":61,"p":34}},{"type":"Feature","geometry":{"type":"Polygon","coordinates":[[[126.86722,37.55024],[126.8555,37.5556],[126.84378,37.55024],[126.84378,37.53951],[126.8555,37.53414],[126.86722,37.53951],[126.86722,37.55024]]]},"properties":{"row":9,"col":0,"walk_min":3.9,"nearest_station_id":"kr_342","nearest_station_name":"Ujangsan","nearest_station_name_ko":"우장산","a":34,"c":35,"e":42,"g":47,"i":38,"k":55,"m":57,"o":28,"b":34,"d":35,"f":42,"h":47,"j":38,"l":55,"n":57,"p":28}},{"type":"Feature","geometry":{"type":"Polygon","coordinates":[[[126.80861,37.63072],[126.79689,37.63609],[126.78517,37.63072],[126.78517,37.61999],[126.79689,37.61463],[126.80861,37.61999],[126.80861,37.63072]]]},"properties":{"row":14,"col":-5,"walk_min":23.0,"nearest_station_id":"kr_198","nearest_station_name":"Daegok","nearest_station_name_ko":"대곡","a":80,"c":77,"e":97,"g":84,"i":100,"k":104,"m":93,"o":89,"b":80,"d":77,"f":97,"h":84,"j":100,"l":104,"n":93,"p":89}},{"type":"Feature","geometry":{"type":"Polygon","coordinates":[[[126.79689,37.64682],[126.78517,37.65219],[126.77344,37.64682],[126.77344,37.63609],[126.78517,37.63072],[126.79689,37.63609],[126.79689,37.64682]]]},"properties":{"row":15,"col":-6,"walk_min":8.7,"nearest_station_id":"kr_228","nearest_station_name":"Baekseok","nearest_station_name_ko":"백석","a":70,"c":67,"e":87,"g":74,"i":90,"k":94,"m":83,"o":79,"b":70,"d":67,"f":87,"h":74,"j":90,"l":94,"n":83,"p":79}},{"type":"Feature","geometry":{"type":"Polygon","coordinates":[[[127.08994,37.66292],[127.07822,37.66828],[127.0665,37.66292],[127.0665,37.65219],[127.07822,37.64682],[127.08994,37.65219],[127.08994,37.66292]]]},"properties":{"row":16,"col":6,"walk_min":7.1,"nearest_station_id":"kr_229","nearest_station_name":"Sanggye","nearest_station_name_ko":"상계","a":48,"c":45,"e":59,"g":46,"i":67,"k":66,"m":55,"o":57,"b":48,"d":45,"f":59,"h":46,"j":67,"l":66,"n":55,"p":57}},{"type":"Feature","geometry":{"type":"Polygon","coordinates":[[[126.82033,37.32488],[126.80861,37.33025],[126.79689,37.32488],[126.79689,37.31415],[126.80861,37.30878],[126.82033,37.31415],[126.82033,37.32488]]]},"properties":{"row":-5,"col":5,"walk_min":13.7,"nearest_station_id":"kr_230","nearest_station_name":"Choji","nearest_station_name_ko":"초지","a":91,"c":93,"e":87,"g":105,"i":77,"k":103,"m":114,"o":91,"b":91,"d":93,"f":87,"h":105,"j":77,"l":103,"n":114,"p":91}},{"type":"Feature","geometry":{"type":"Polygon","coordinates":[[[126.80861,37.34098],[126.79689,37.34634],[126.78517,37.34098],[126.78517,37.33025],[126.79689,37.32488],[126.80861,37.33025],[126.80861,37.34098]]]},"properties":{"row":-4,"col":4,"walk_min":22.4,"nearest_station_id":"kr_263","nearest_station_name":"Ansan","nearest_station_name_ko":"안산","a":103,"c":106,"e":100,"g":111,"i":89,"k":110,"m":116,"o":103,"b":103,"d":106,"f":100,"h":111,"j":89,"l":110,"n":116,"p":103}},{"type":"Feature","geometry":{"type":"Polygon","coordinates":[[[126.83206,37.34098],[126.82033,37.34634],[126.80861,37.34098],[126.80861,37.33025],[126.82033,37.32488],[126.83206,37.33025],[126.83206,37.34098]]]},"properties":{"row":-4,"col":5,"walk_min":27.4,"nearest_station_id":"kr_230","nearest_station_name":"Choji","nearest_station_name_ko":"초지","a":103,"c":106,"e":100,"g":113,"i":89,"k":112,"m":118,"o":104,"b":103,"d":106,"f":100,"h":113,"j":89,"l":112,"n":118,"p":104}},{"type":"Feature","geometry":{"type":"Polygon","coordinates":[[[127.14855,37.58243],[127.13683,37.5878],[127.12511,37.58243],[127.12511,37.5717],[127.13683,37.56634],[127.14855,37.5717],[127.14855,37.58243]]]},"properties":{"row":11,"col":11,"walk_min":12.7,"nearest_station_id":"kr_200","nearest_station_name":"Amsa History Park","nearest_station_name_ko":"암사역사공원","a":55,"c":54,"e":47,"g":40,"i":58,"k":42,"m":50,"o":65,"b":55,"d":54,"f":47,"h":40,"j":58,"l":42,"n":50,"p":65}},{"type":"Feature","geometry":{"type":"Polygon","coordinates":[[[127.13683,37.59853],[127.12511,37.60389],[127.11339,37.59853],[127.11339,37.5878],[127.12511,37.58243],[127.13683,37.5878],[127.13683,37.59853]]]},"properties":{"row":12,"col":10,"walk_min":15.0,"nearest_station_id":"kr_231","nearest_station_name":"Jangja Lake Park","nearest_station_name_ko":"장자호수공원","a":61,"c":60,"e":55,"g":47,"i":66,"k":52,"m":57,"o":71,"b":61,"d":60,"f":55,"h":47,"j":66,"l":52,"n":57,"p":71}},{"type":"Feature","geometry":{"type":"Polygon","coordinates":[[[127.16028,37.59853],[127.14855,37.60389],[127.13683,37.59853],[127.13683,37.5878],[127.14855,37.58243],[127.16028,37.5878],[127.16028,37.59853]]]},"properties":{"row":12,"col":11,"walk_min":12.1,"nearest_station_id":"kr_231","nearest_station_name":"Jangja Lake Park","nearest_station_name_ko":"장자호수공원","a":60,"c":58,"e":52,"g":45,"i":63,"k":47,"m":54,"o":70,"b":60,"d":58,"f":52,"h":45,"j":63,"l":47,"n":54,"p":70}},{"type":"Feature","geometry":{"type":"Polygon","coordinates":[[[127.172,37.45366],[127.16028,37.45902],[127.14855,37.45366],[127.14855,37.44293],[127.16028,37.43756],[127.172,37.44293],[127.172,37.45366]]]},"properties":{"row":3,"col":16,"walk_min":5.3,"nearest_station_id":"kr_232","nearest_station_name":"Namhansanseong","nearest_station_name_ko":"남한산성입구","a":61,"c":63,"e":39,"g":53,"i":50,"k":34,"m":45,"o":70,"b":61,"d":63,"f":39,"h":53,"j":50,"l":34,"n":45,"p":70}},{"type":"Feature","geometry":{"type":"Polygon","coordinates":[[[127.10166,37.32488],[127.08994,37.33025],[127.07822,37.32488],[127.07822,37.31415],[127.08994,37.30878],[127.10166,37.31415],[127.10166,37.32488]]]},"properties":{"row":-5,"col":17,"walk_min":8.0,"nearest_station_id":"kr_233","nearest_station_name":"Suji-gu Office","nearest_station_name_ko":"수지구청","a":77,"c":79,"e":54,"g":78,"i":64,"k":69,"m":80,"o":86,"b":77,"d":79,"f":54,"h":78,"j":64,"l":69,"n":80,"p":86}},{"type":"Feature","geometry":{"type":"Polygon","coordinates":[[[127.08994,37.34098],[127.07822,37.34634],[127.0665,37.34098],[127.0665,37.33025],[127.07822,37.32488],[127.08994,37.33025],[127.08994,37.34098]]]},"properties":{"row":-4,"col":16,"walk_min":23.0,"nearest_station_id":"kr_202","nearest_station_name":"Dongcheon","nearest_station_name_ko":"동천","a":90,"c":92,"e":67,"g":91,"i":77,"k":82,"m":93,"o":99,"b":90,"d":92,"f":67,"h":91,"j":77,"l":82,"n":93,"p":99}},{"type":"Feature","geometry":{"type":"Polygon","coordinates":[[[127.21889,37.42146],[127.20716,37.42683],[127.19544,37.42146],[127.19544,37.41073],[127.20716,37.40537],[127.21889,37.41073],[127.21889,37.42146]]]},"properties":{"row":1,"col":19,"walk_min":14.5,"nearest_station_id":"kr_237","nearest_station_name":"삼동","nearest_station_name_ko":"삼동","a":81,"c":83,"e":57,"g":81,"i":67,"k":72,"m":83,"o":89,"b":81,"d":83,"f":57,"h":81,"j":67,"l":72,"n":83,"p":89}},{"type":"Feature","geometry":{"type":"Polygon","coordinates":[[[127.23061,37.40537],[127.21889,37.41073],[127.20716,37.40537],[127.20716,37.39463],[127.21889,37.38927],[127.23061,37.39463],[127.23061,37.40537]]]},"properties":{"row":0,"col":20,"walk_min":32.5,"nearest_station_id":"kr_237","nearest_station_name":"삼동","nearest_station_name_ko":"삼동","a":103,"c":105,"e":79,"g":103,"i":89,"k":94,"m":105,"o":109,"b":103,"d":105,"f":79,"h":103,"j":89,"l":94,"n":105,"p":109}},{"type":"Feature","geometry":{"type":"Polygon","coordinates":[[[126.99617,37.46975],[126.98444,37.47512],[126.97272,37.46975],[126.97272,37.45902],[126.98444,37.45366],[126.99617,37.45902],[126.99617,37.46975]]]},"properties":{"row":4,"col":8,"walk_min":9.7,"nearest_station_id":"kr_247","nearest_station_name":"Namtaeryeong","nearest_station_name_ko":"남태령","a":33,"c":36,"e":24,"g":47,"i":13,"k":39,"m":50,"o":42,"b":33,"d":36,"f":24,"h":47,"j":13,"l":39,"n":50,"p":42}},{"type":"Feature","geometry":{"type":"Polygon","coordinates":[[[126.69139,37.46975],[126.67967,37.47512],[126.66794,37.46975],[126.66794,37.45902],[126.67967,37.45366],[126.69139,37.45902],[126.69139,37.46975]]]},"properties":{"row":4,"col":-5,"walk_min":1.6,"nearest_station_id":"kr_248","nearest_station_name":"Juan","nearest_station_name_ko":"주안","a":58,"c":60,"e":67,"g":72,"i":63,"k":80,"m":81,"o":54,"b":58,"d":60,"f":67,"h":72,"j":63,"l":80,"n":81,"p":54}},{"type":"Feature","geometry":{"type":"Polygon","coordinates":[[[126.67967,37.48585],[126.66794,37.49122],[126.65622,37.48585],[126.65622,37.47512],[126.66794,37.46975],[126.67967,37.47512],[126.67967,37.48585]]]},"properties":{"row":5,"col":-6,"walk_min":19.6,"nearest_station_id":"kr_379","nearest_station_name":"Jemulpo","nearest_station_name_ko":"제물포","a":79,"c":81,"e":88,"g":93,"i":84,"k":102,"m":102,"o":75,"b":79,"d":81,"f":88,"h":93,"j":84,"l":102,"n":102,"p":75}},{"type":"Feature","geometry":{"type":"Polygon","coordinates":[[[126.94928,37.40537],[126.93755,37.41073],[126.92583,37.40537],[126.92583,37.39463],[126.93755,37.38927],[126.94928,37.39463],[126.94928,37.40537]]]},"properties":{"row":0,"col":8,"walk_min":15.4,"nearest_station_id":"kr_010","nearest_station_name":"Anyang","nearest_station_name_ko":"안양","a":56,"c":58,"e":62,"g":70,"i":52,"k":76,"m":78,"o":57,"b":56,"d":58,"f":62,"h":70,"j":52,"l":76,"n":78,"p":57}},{"type":"Feature","geometry":{"type":"Polygon","coordinates":[[[126.97272,37.40537],[126.961,37.41073],[126.94928,37.40537],[126.94928,37.39463],[126.961,37.38927],[126.97272,37.39463],[126.97272,37.40537]]]},"properties":{"row":0,"col":9,"walk_min":8.3,"nearest_station_id":"kr_284","nearest_station_name":"Pyeongchon","nearest_station_name_ko":"평촌","a":54,"c":57,"e":45,"g":68,"i":34,"k":60,"m":71,"o":60,"b":54,"d":57,"f":45,"h":68,"j":34,"l":60,"n":71,"p":60}},{"type":"Feature","geometry":{"type":"Polygon","coordinates":[[[126.92583,37.50195],[126.91411,37.50731],[126.90239,37.50195],[126.90239,37.49122],[126.91411,37.48585],[126.92583,37.49122],[126.92583,37.50195]]]},"properties":{"row":6,"col":4,"walk_min":2.2,"nearest_station_id":"kr_337","nearest_station_name":"보라매","nearest_station_name_ko":"보라매","a":40,"c":43,"e":29,"g":47,"i":32,"k":43,"m":54,"o":45,"b":40,"d":43,"f":29,"h":47,"j":32,"l":43,"n":54,"p":45}},{"type":"Feature","geometry":{"type":"Polygon","coordinates":[[[126.71483,37.50195],[126.70311,37.50731],[126.69139,37.50195],[126.69139,37.49122],[126.70311,37.48585],[126.71483,37.49122],[126.71483,37.50195]]]},"properties":{"row":6,"col":-5,"walk_min":10.8,"nearest_station_id":"kr_258","nearest_station_name":"Sangok","nearest_station_name_ko":"산곡","a":66,"c":69,"e":76,"g":81,"i":72,"k":89,"m":90,"o":63,"b":66,"d":69,"f":76,"h":81,"j":72,"l":89,"n":90,"p":63}},{"type":"Feature","geometry":{"type":"Polygon","coordinates":[[[126.72656,37.51804],[126.71483,37.52341],[126.70311,37.51804],[126.70311,37.50731],[126.71483,37.50195],[126.72656,37.50731],[126.72656,37.51804]]]},"properties":{"row":7,"col":-5,"walk_min":8.4,"nearest_station_id":"kr_258","nearest_station_name":"Sangok","nearest_station_name_ko":"산곡","a":63,"c":66,"e":73,"g":78,"i":69,"k":86,"m":87,"o":60,"b":63,"d":66,"f":73,"h":78,"j":69,"l":86,"n":87,"p":60}},{"type":"Feature","geometry":{"type":"Polygon","coordinates":[[[126.91411,37.58243],[126.90239,37.5878],[126.89067,37.58243],[126.89067,37.5717],[126.90239,37.56634],[126.91411,37.5717],[126.91411,37.58243]]]},"properties":{"row":11,"col":1,"walk_min":5.3,"nearest_station_id":"kr_293","nearest_station_name":"월드컵경기장","nearest_station_name_ko":"월드컵경기장","a":32,"c":33,"e":46,"g":42,"i":42,"k":59,"m":51,"o":41,"b":32,"d":33,"f":46,"h":42,"j":42,"l":59,"n":51,"p":41}},{"type":"Feature","geometry":{"type":"Polygon","coordinates":[[[126.78517,37.66292],[126.77344,37.66828],[126.76172,37.66292],[126.76172,37.65219],[126.77344,37.64682],[126.78517,37.65219],[126.78517,37.66292]]]},"properties":{"row":16,"col":-7,"walk_min":5.9,"nearest_station_id":"kr_261","nearest_station_name":"Madu","nearest_station_name_ko":"마두","a":71,"c":68,"e":88,"g":74,"i":91,"k":95,"m":84,"o":79,"b":71,"d":68,"f":88,"h":74,"j":91,"l":95,"n":84,"p":79}},{"type":"Feature","geometry":{"type":"Polygon","coordinates":[[[127.10166,37.67901],[127.08994,37.68438],[127.07822,37.67901],[127.07822,37.66828],[127.08994,37.66292],[127.10166,37.66828],[127.10166,37.67901]]]},"properties":{"row":17,"col":6,"walk_min":9.5,"nearest_station_id":"kr_262","nearest_station_name":"Buramsan","nearest_station_name_ko":"불암산","a":53,"c":51,"e":65,"g":51,"i":73,"k":71,"m":60,"o":62,"b":53,"d":51,"f":65,"h":51,"j":73,"l":71,"n":60,"p":62}},{"type":"Feature","geometry":{"type":"Polygon","coordinates":[[[126.79689,37.32488],[126.78517,37.33025],[126.77344,37.32488],[126.77344,37.31415],[126.78517,37.30878],[126.79689,37.31415],[126.79689,37.32488]]]},"properties":{"row":-5,"col":4,"walk_min":14.4,"nearest_station_id":"kr_263","nearest_station_name":"Ansan","nearest_station_name_ko":"안산","a":95,"c":98,"e":92,"g":108,"i":81,"k":106,"m":115,"o":95,"b":95,"d":98,"f":92,"h":108,"j":81,"l":106,"n":115,"p":95}},{"type":"Feature","geometry":{"type":"Polygon","coordinates":[[[127.14855,37.61463],[127.13683,37.61999],[127.12511,37.61463],[127.12511,37.60389],[127.13683,37.59853],[127.14855,37.60389],[127.14855,37.61463]]]},"properties":{"row":13,"col":10,"walk_min":8.1,"nearest_station_id":"kr_264","nearest_station_name":"Guri","nearest_station_name_ko":"구리","a":60,"c":58,"e":52,"g":45,"i":63,"k":47,"m":54,"o":70,"b":60,"d":58,"f":52,"h":45,"j":63,"l":47,"n":54,"p":70}},{"type":"Feature","geometry":{"type":"Polygon","coordinates":[[[127.08994,37.30878],[127.07822,37.31415],[127.0665,37.30878],[127.0665,37.29805],[127.07822,37.29269],[127.08994,37.29805],[127.08994,37.30878]]]},"properties":{"row":-6,"col":17,"walk_min":9.4,"nearest_station_id":"kr_266","nearest_station_name":"Seongbok","nearest_station_name_ko":"성복","a":82,"c":84,"e":59,"g":83,"i":69,"k":74,"m":85,"o":91,"b":82,"d":84,"f":59,"h":83,"j":69,"l":74,"n":85,"p":91}},{"type":"Feature","geometry":{"type":"Polygon","coordinates":[[[127.07822,37.32488],[127.0665,37.33025],[127.05478,37.32488],[127.05478,37.31415],[127.0665,37.30878],[127.07822,37.31415],[127.07822,37.32488]]]},"properties":{"row":-5,"col":16,"walk_min":19.8,"nearest_station_id":"kr_266","nearest_station_name":"Seongbok","nearest_station_name_ko":"성복","a":93,"c":95,"e":70,"g":94,"i":80,"k":85,"m":96,"o":102,"b":93,"d":95,"f":70,"h":94,"j":80,"l":85,"n":96,"p":102}},{"type":"Feature","geometry":{"type":"Polygon","coordinates":[[[126.77344,37.51804],[126.76172,37.52341],[126.75,37.51804],[126.75,37.50731],[126.76172,37.50195],[126.77344,37.50731],[126.77344,37.51804]]]},"properties":{"row":7,"col":-3,"walk_min":10.8,"nearest_station_id":"kr_280","nearest_station_name":"부천시청","nearest_station_name_ko":"부천시청","a":55,"c":58,"e":65,"g":70,"i":61,"k":78,"m":79,"o":52,"b":55,"d":58,"f":65,"h":70,"j":61,"l":78,"n":79,"p":52}},{"type":"Feature","geometry":{"type":"Polygon","coordinates":[[[127.00789,37.45366],[126.99617,37.45902],[126.98444,37.45366],[126.98444,37.44293],[126.99617,37.43756],[127.00789,37.44293],[127.00789,37.45366]]]},"properties":{"row":3,"col":9,"walk_min":12.0,"nearest_station_id":"kr_281","nearest_station_name":"Seonbawi","nearest_station_name_ko":"선바위","a":39,"c":42,"e":30,"g":53,"i":19,"k":45,"m":56,"o":48,"b":39,"d":42,"f":30,"h":53,"j":19,"l":45,"n":56,"p":48}},{"type":"Feature","geometry":{"type":"Polygon","coordinates":[[[127.03133,37.45366],[127.01961,37.45902],[127.00789,37.45366],[127.00789,37.44293],[127.01961,37.43756],[127.03133,37.44293],[127.03133,37.45366]]]},"properties":{"row":3,"col":10,"walk_min":12.8,"nearest_station_id":"kr_317","nearest_station_name":"Seoul Racecourse park","nearest_station_name_ko":"경마공원","a":41,"c":44,"e":32,"g":55,"i":21,"k":47,"m":59,"o":50,"b":41,"d":44,"f":32,"h":55,"j":21,"l":47,"n":59,"p":50}},{"type":"Feature","geometry":{"type":"Polygon","coordinates":[[[126.98444,37.38927],[126.97272,37.39463],[126.961,37.38927],[126.961,37.37854],[126.97272,37.37317],[126.98444,37.37854],[126.98444,37.38927]]]},"properties":{"row":-1,"col":10,"walk_min":18.2,"nearest_station_id":"kr_284","nearest_station_name":"Pyeongchon","nearest_station_name_ko":"평촌","a":62,"c":65,"e":53,"g":76,"i":42,"k":68,"m":79,"o":70,"b":62,"d":65,"f":53,"h":76,"j":42,"l":68,"n":79,"p":70}},{"type":"Feature","geometry":{"type":"Polygon","coordinates":[[[126.99617,37.40537],[126.98444,37.41073],[126.97272,37.40537],[126.97272,37.39463],[126.98444,37.38927],[126.99617,37.39463],[126.99617,37.40537]]]},"properties":{"row":0,"col":10,"walk_min":14.0,"nearest_station_id":"kr_325","nearest_station_name":"Indeogwon","nearest_station_name_ko":"인덕원","a":55,"c":58,"e":46,"g":69,"i":35,"k":61,"m":72,"o":63,"b":55,"d":58,"f":46,"h":69,"j":35,"l":61,"n":72,"p":63}},{"type":"Feature","geometry":{"type":"Polygon","coordinates":[[[126.75,37.51804],[126.73828,37.52341],[126.72656,37.51804],[126.72656,37.50731],[126.73828,37.50195],[126.75,37.50731],[126.75,37.51804]]]},"properties":{"row":7,"col":-4,"walk_min":8.3,"nearest_station_id":"kr_315","nearest_station_name":"삼산체육관","nearest_station_name_ko":"삼산체육관","a":58,"c":61,"e":68,"g":73,"i":63,"k":81,"m":82,"o":55,"b":58,"d":61,"f":68,"h":73,"j":63,"l":81,"n":82,"p":55}},{"type":"Feature","geometry":{"type":"Polygon","coordinates":[[[126.91411,37.48585],[126.90239,37.49122],[126.89067,37.48585],[126.89067,37.47512],[126.90239,37.46975],[126.91411,37.47512],[126.91411,37.48585]]]},"properties":{"row":5,"col":4,"walk_min":5.8,"nearest_station_id":"kr_288","nearest_station_name":"Guro Digital Complex","nearest_station_name_ko":"구로디지털단지","a":30,"c":33,"e":33,"g":45,"i":23,"k":48,"m":54,"o":27,"b":30,"d":33,"f":33,"h":45,"j":23,"l":48,"n":54,"p":27}},{"type":"Feature","geometry":{"type":"Polygon","coordinates":[[[126.92583,37.59853],[126.91411,37.60389],[126.90239,37.59853],[126.90239,37.5878],[126.91411,37.58243],[126.92583,37.5878],[126.92583,37.59853]]]},"properties":{"row":12,"col":1,"walk_min":5.0,"nearest_station_id":"kr_340","nearest_station_name":"Saejeol","nearest_station_name_ko":"새절","a":34,"c":32,"e":49,"g":39,"i":47,"k":59,"m":48,"o":43,"b":34,"d":32,"f":49,"h":39,"j":47,"l":59,"n":48,"p":43}},{"type":"Feature","geometry":{"type":"Polygon","coordinates":[[[127.10166,37.48585],[127.08994,37.49122],[127.07822,37.48585],[127.07822,37.47512],[127.08994,37.46975],[127.10166,37.47512],[127.10166,37.48585]]]},"properties":{"row":5,"col":12,"walk_min":7.1,"nearest_station_id":"kr_298","nearest_station_name":"Irwon","nearest_station_name_ko":"일원","a":47,"c":49,"e":23,"g":47,"i":34,"k":29,"m":40,"o":56,"b":47,"d":49,"f":23,"h":47,"j":34,"l":29,"n":40,"p":56}},{"type":"Feature","geometry":{"type":"Polygon","coordinates":[[[127.21889,37.55024],[127.20716,37.5556],[127.19544,37.55024],[127.19544,37.53951],[127.20716,37.53414],[127.21889,37.53951],[127.21889,37.55024]]]},"properties":{"row":9,"col":15,"walk_min":12.3,"nearest_station_id":"kr_301","nearest_station_name":"하남풍산","nearest_station_name_ko":"하남풍산","a":68,"c":67,"e":58,"g":53,"i":69,"k":53,"m":63,"o":78,"b":68,"d":67,"f":58,"h":53,"j":69,"l":53,"n":63,"p":78}},{"type":"Feature","geometry":{"type":"Polygon","coordinates":[[[127.20716,37.56634],[127.19544,37.5717],[127.18372,37.56634],[127.18372,37.5556],[127.19544,37.55024],[127.20716,37.5556],[127.20716,37.56634]]]},"properties":{"row":10,"col":14,"walk_min":11.6,"nearest_station_id":"kr_331","nearest_station_name":"Misa","nearest_station_name_ko":"미사","a":65,"c":64,"e":55,"g":50,"i":66,"k":50,"m":59,"o":75,"b":65,"d":64,"f":55,"h":50,"j":66,"l":50,"n":59,"p":75}},{"type":"Feature","geometry":{"type":"Polygon","coordinates":[[[127.23061,37.56634],[127.21889,37.5717],[127.20716,37.56634],[127.20716,37.5556],[127.21889,37.55024],[127.23061,37.5556],[127.23061,37.56634]]]},"properties":{"row":10,"col":15,"walk_min":28.4,"nearest_station_id":"kr_469","nearest_station_name":"Hanam Geomdansan","nearest_station_name_ko":"하남검단산","a":85,"c":84,"e":75,"g":70,"i":86,"k":70,"m":80,"o":95,"b":85,"d":84,"f":75,"h":70,"j":86,"l":70,"n":80,"p":95}},{"type":"Feature","geometry":{"type":"Polygon","coordinates":[[[127.14855,37.45366],[127.13683,37.45902],[127.12511,37.45366],[127.12511,37.44293],[127.13683,37.43756],[127.14855,37.44293],[127.14855,37.45366]]]},"properties":{"row":3,"col":15,"walk_min":8.8,"nearest_station_id":"kr_304","nearest_station_name":"Sinheung","nearest_station_name_ko":"신흥","a":70,"c":72,"e":48,"g":62,"i":59,"k":43,"m":54,"o":79,"b":70,"d":72,"f":48,"h":62,"j":59,"l":43,"n":54,"p":79}},{"type":"Feature","geometry":{"type":"Polygon","coordinates":[[[127.16028,37.43756],[127.14855,37.44293],[127.13683,37.43756],[127.13683,37.42683],[127.14855,37.42146],[127.16028,37.42683],[127.16028,37.43756]]]},"properties":{"row":2,"col":16,"walk_min":9.7,"nearest_station_id":"kr_304","nearest_station_name":"Sinheung","nearest_station_name_ko":"신흥","a":71,"c":73,"e":49,"g":63,"i":60,"k":44,"m":55,"o":79,"b":71,"d":73,"f":49,"h":63,"j":60,"l":44,"n":55,"p":79}},{"type":"Feature","geometry":{"type":"Polygon","coordinates":[[[127.11339,37.63072],[127.10166,37.63609],[127.08994,37.63072],[127.08994,37.61999],[127.10166,37.61463],[127.11339,37.61999],[127.11339,37.63072]]]},"properties":{"row":14,"col":8,"walk_min":16.0,"nearest_station_id":"kr_468","nearest_station_name":"Sinnae","nearest_station_name_ko":"신내","a":58,"c":57,"e":63,"g":51,"i":72,"k":68,"m":60,"o":68,"b":58,"d":57,"f":63,"h":51,"j":72,"l":68,"n":60,"p":68}},{"type":"Feature","geometry":{"type":"Polygon","coordinates":[[[127.16028,37.50195],[127.14855,37.50731],[127.13683,37.50195],[127.13683,37.49122],[127.14855,37.48585],[127.16028,37.49122],[127.16028,37.50195]]]},"properties":{"row":6,"col":14,"walk_min":7.3,"nearest_station_id":"kr_306","nearest_station_name":"개롱","nearest_station_name_ko":"개롱","a":56,"c":55,"e":35,"g":42,"i":45,"k":30,"m":41,"o":65,"b":56,"d":55,"f":35,"h":42,"j":45,"l":30,"n":41,"p":65}},{"type":"Feature","geometry":{"type":"Polygon","coordinates":[[[127.07822,37.29269],[127.0665,37.29805],[127.05478,37.29269],[127.05478,37.28196],[127.0665,37.27659],[127.07822,37.28196],[127.07822,37.29269]]]},"properties":{"row":-7,"col":17,"walk_min":16.2,"nearest_station_id":"kr_357","nearest_station_name":"Gwanggyo Jungang","nearest_station_name_ko":"광교중앙","a":94,"c":96,"e":71,"g":95,"i":81,"k":86,"m":97,"o":103,"b":94,"d":96,"f":71,"h":95,"j":81,"l":86,"n":97,"p":103}},{"type":"Feature","geometry":{"type":"Polygon","coordinates":[[[127.10166,37.29269],[127.08994,37.29805],[127.07822,37.29269],[127.07822,37.28196],[127.08994,37.27659],[127.10166,37.28196],[127.10166,37.29269]]]},"properties":{"row":-7,"col":18,"walk_min":32.5,"nearest_station_id":"kr_307","nearest_station_name":"Sanghyeon","nearest_station_name_ko":"상현","a":106,"c":107,"e":85,"g":106,"i":95,"k":100,"m":108,"o":112,"b":106,"d":107,"f":85,"h":106,"j":95,"l":100,"n":108,"p":112}},{"type":"Feature","geometry":{"type":"Polygon","coordinates":[[[127.11339,37.66292],[127.10166,37.66828],[127.08994,37.66292],[127.08994,37.65219],[127.10166,37.64682],[127.11339,37.65219],[127.11339,37.66292]]]},"properties":{"row":16,"col":7,"walk_min":16.6,"nearest_station_id":"kr_310","nearest_station_name":"Byeollaebyeolgaram","nearest_station_name_ko":"별내별가람","a":63,"c":60,"e":74,"g":61,"i":82,"k":81,"m":70,"o":72,"b":63,"d":60,"f":74,"h":61,"j":82,"l":81,"n":70,"p":72}},{"type":"Feature","geometry":{"type":"Polygon","coordinates":[[[127.12511,37.67901],[127.11339,37.68438],[127.10166,37.67901],[127.10166,37.66828],[127.11339,37.66292],[127.12511,37.66828],[127.12511,37.67901]]]},"properties":{"row":17,"col":7,"walk_min":12.1,"nearest_station_id":"kr_310","nearest_station_name":"Byeollaebyeolgaram","nearest_station_name_ko":"별내별가람","a":62,"c":60,"e":73,"g":60,"i":81,"k":80,"m":69,"o":71,"b":62,"d":60,"f":73,"h":60,"j":81,"l":80,"n":69,"p":71}},{"type":"Feature","geometry":{"type":"Polygon","coordinates":[[[127.08994,37.50195],[127.07822,37.50731],[127.0665,37.50195],[127.0665,37.49122],[127.07822,37.48585],[127.08994,37.49122],[127.08994,37.50195]]]},"properties":{"row":6,"col":11,"walk_min":3.5,"nearest_station_id":"kr_322","nearest_station_name":"학여울","nearest_station_name_ko":"학여울","a":39,"c":41,"e":16,"g":39,"i":27,"k":25,"m":36,"o":48,"b":39,"d":41,"f":16,"h":39,"j":27,"l":25,"n":36,"p":48}},{"type":"Feature","geometry":{"type":"Polygon","coordinates":[[[126.65622,37.48585],[126.6445,37.49122],[126.63278,37.48585],[126.63278,37.47512],[126.6445,37.46975],[126.65622,37.47512],[126.65622,37.48585]]]},"properties":{"row":5,"col":-7,"walk_min":11.9,"nearest_station_id":"kr_330","nearest_station_name":"Dongincheon","nearest_station_name_ko":"동인천","a":76,"c":78,"e":85,"g":90,"i":81,"k":98,"m":99,"o":72,"b":76,"d":78,"f":85,"h":90,"j":81,"l":98,"n":99,"p":72}},{"type":"Feature","geometry":{"type":"Polygon","coordinates":[[[126.6445,37.50195],[126.63278,37.50731],[126.62106,37.50195],[126.62106,37.49122],[126.63278,37.48585],[126.6445,37.49122],[126.6445,37.50195]]]},"properties":{"row":6,"col":-8,"walk_min":42.9,"nearest_station_id":"kr_330","nearest_station_name":"Dongincheon","nearest_station_name_ko":"동인천","a":108,"c":110,"e":114,"g":114,"i":111,"k":116,"m":116,"o":105,"b":108,"d":110,"f":114,"h":114,"j":111,"l":116,"n":116,"p":105}},{"type":"Feature","geometry":{"type":"Polygon","coordinates":[[[127.19544,37.58243],[127.18372,37.5878],[127.172,37.58243],[127.172,37.5717],[127.18372,37.56634],[127.19544,37.5717],[127.19544,37.58243]]]},"properties":{"row":11,"col":13,"walk_min":24.6,"nearest_station_id":"kr_331","nearest_station_name":"Misa","nearest_station_name_ko":"미사","a":76,"c":75,"e":66,"g":61,"i":77,"k":61,"m":70,"o":86,"b":76,"d":75,"f":66,"h":61,"j":77,"l":61,"n":70,"p":86}},{"type":"Feature","geometry":{"type":"Polygon","coordinates":[[[127.21889,37.58243],[127.20716,37.5878],[127.19544,37.58243],[127.19544,37.5717],[127.20716,37.56634],[127.21889,37.5717],[127.21889,37.58243]]]},"properties":{"row":11,"col":14,"walk_min":55.2,"nearest_station_id":"kr_331","nearest_station_name":"Misa","nearest_station_name_ko":"미사","a":105,"c":104,"e":97,"g":92,"i":105,"k":92,"m":101,"o":111,"b":105,"d":104,"f":97,"h":92,"j":105,"l":92,"n":101,"p":111}},{"type":"Feature","geometry":{"type":"Polygon","coordinates":[[[126.93755,37.48585],[126.92583,37.49122],[126.91411,37.48585],[126.91411,37.47512],[126.92583,37.46975],[126.93755,37.47512],[126.93755,37.48585]]]},"properties":{"row":5,"col":5,"walk_min":6.7,"nearest_station_id":"kr_336","nearest_station_name":"Sindaebang","nearest_station_name_ko":"신대방","a":34,"c":36,"e":30,"g":48,"i":20,"k":46,"m":55,"o":31,"b":34,"d":36,"f":30,"h":48,"j":20,"l":46,"n":55,"p":31}},{"type":"Feature","geometry":{"type":"Polygon","coordinates":[[[126.93755,37.58243],[126.92583,37.5878],[126.91411,37.58243],[126.91411,37.5717],[126.92583,37.56634],[126.93755,37.5717],[126.93755,37.58243]]]},"properties":{"row":11,"col":2,"walk_min":9.8,"nearest_station_id":"kr_259","nearest_station_name":"마포구청","nearest_station_name_ko":"마포구청","a":30,"c":29,"e":47,"g":38,"i":45,"k":57,"m":48,"o":34,"b":30,"d":29,"f":47,"h":38,"j":45,"l":57,"n":48,"p":34}},{"type":"Feature","geometry":{"type":"Polygon","coordinates":[[[127.00789,37.42146],[126.99617,37.42683],[126.98444,37.42146],[126.98444,37.41073],[126.99617,37.40537],[127.00789,37.41073],[127.00789,37.42146]]]},"properties":{"row":1,"col":10,"walk_min":23.8,"nearest_station_id":"kr_367","nearest_station_name":"Government Complex Gwacheon","nearest_station_name_ko":"정부과천청사","a":59,"c":62,"e":50,"g":73,"i":39,"k":65,"m":76,"o":67,"b":59,"d":62,"f":50,"h":73,"j":39,"l":65,"n":76,"p":67}},{"type":"Feature","geometry":{"type":"Polygon","coordinates":[[[127.01961,37.43756],[127.00789,37.44293],[126.99617,37.43756],[126.99617,37.42683],[127.00789,37.42146],[127.01961,37.42683],[127.01961,37.43756]]]},"properties":{"row":2,"col":10,"walk_min":7.3,"nearest_station_id":"kr_346","nearest_station_name":"Seoul Grand park","nearest_station_name_ko":"대공원","a":39,"c":41,"e":29,"g":52,"i":19,"k":45,"m":56,"o":47,"b":39,"d":41,"f":29,"h":52,"j":19,"l":45,"n":56,"p":47}},{"type":"Feature","geometry":{"type":"Polygon","coordinates":[[[126.77344,37.67901],[126.76172,37.68438],[126.75,37.67901],[126.75,37.66828],[126.76172,37.66292],[126.77344,37.66828],[126.77344,37.67901]]]},"properties":{"row":17,"col":-8,"walk_min":5.3,"nearest_station_id":"kr_350","nearest_station_name":"Juyeop","nearest_station_name_ko":"주엽","a":74,"c":72,"e":91,"g":78,"i":94,"k":98,"m":87,"o":83,"b":74,"d":72,"f":91,"h":78,"j":94,"l":98,"n":87,"p":83}},{"type":"Feature","geometry":{"type":"Polygon","coordinates":[[[126.76172,37.34098],[126.75,37.34634],[126.73828,37.34098],[126.73828,37.33025],[126.75,37.32488],[126.76172,37.33025],[126.76172,37.34098]]]},"properties":{"row":-4,"col":2,"walk_min":23.6,"nearest_station_id":"kr_427","nearest_station_name":"Singiloncheon","nearest_station_name_ko":"신길온천","a":109,"c":111,"e":107,"g":117,"i":97,"k":116,"m":120,"o":109,"b":109,"d":111,"f":107,"h":117,"j":97,"l":116,"n":120,"p":109}},{"type":"Feature","geometry":{"type":"Polygon","coordinates":[[[126.75,37.35707],[126.73828,37.36244],[126.72656,37.35707],[126.72656,37.34634],[126.73828,37.34098],[126.75,37.34634],[126.75,37.35707]]]},"properties":{"row":-3,"col":1,"walk_min":11.0,"nearest_station_id":"kr_351","nearest_station_name":"Jeongwang","nearest_station_name_ko":"정왕","a":102,"c":105,"e":99,"g":116,"i":88,"k":114,"m":120,"o":103,"b":102,"d":105,"f":99,"h":116,"j":88,"l":114,"n":120,"p":103}},{"type":"Feature","geometry":{"type":"Polygon","coordinates":[[[126.77344,37.35707],[126.76172,37.36244],[126.75,37.35707],[126.75,37.34634],[126.76172,37.34098],[126.77344,37.34634],[126.77344,37.35707]]]},"properties":{"row":-3,"col":2,"walk_min":18.0,"nearest_station_id":"kr_427","nearest_station_name":"Singiloncheon","nearest_station_name_ko":"신길온천","a":105,"c":108,"e":102,"g":116,"i":92,"k":115,"m":120,"o":106,"b":105,"d":108,"f":102,"h":116,"j":92,"l":115,"n":120,"p":106}},{"type":"Feature","geometry":{"type":"Polygon","coordinates":[[[127.13683,37.63072],[127.12511,37.63609],[127.11339,37.63072],[127.11339,37.61999],[127.12511,37.61463],[127.13683,37.61999],[127.13683,37.63072]]]},"properties":{"row":14,"col":9,"walk_min":19.9,"nearest_station_id":"kr_303","nearest_station_name":"Donggureung","nearest_station_name_ko":"동구릉","a":73,"c":72,"e":67,"g":59,"i":78,"k":64,"m":69,"o":83,"b":73,"d":72,"f":67,"h":59,"j":78,"l":64,"n":69,"p":83}},{"type":"Feature","geometry":{"type":"Polygon","coordinates":[[[127.16028,37.63072],[127.14855,37.63609],[127.13683,37.63072],[127.13683,37.61999],[127.14855,37.61463],[127.16028,37.61999],[127.16028,37.63072]]]},"properties":{"row":14,"col":10,"walk_min":10.6,"nearest_station_id":"kr_352","nearest_station_name":"Dasan","nearest_station_name_ko":"다산","a":67,"c":66,"e":59,"g":53,"i":70,"k":54,"m":62,"o":77,"b":67,"d":66,"f":59,"h":53,"j":70,"l":54,"n":62,"p":77}},{"type":"Feature","geometry":{"type":"Polygon","coordinates":[[[127.14855,37.42146],[127.13683,37.42683],[127.12511,37.42146],[127.12511,37.41073],[127.13683,37.40537],[127.14855,37.41073],[127.14855,37.42146]]]},"properties":{"row":1,"col":16,"walk_min":27.0,"nearest_station_id":"kr_108","nearest_station_name":"Imae","nearest_station_name_ko":"이매","a":82,"c":84,"e":58,"g":81,"i":68,"k":71,"m":82,"o":90,"b":82,"d":84,"f":58,"h":81,"j":68,"l":71,"n":82,"p":90}},{"type":"Feature","geometry":{"type":"Polygon","coordinates":[[[127.13683,37.43756],[127.12511,37.44293],[127.11339,37.43756],[127.11339,37.42683],[127.12511,37.42146],[127.13683,37.42683],[127.13683,37.43756]]]},"properties":{"row":2,"col":15,"walk_min":20.6,"nearest_station_id":"kr_439","nearest_station_name":"Moran","nearest_station_name_ko":"모란","a":84,"c":86,"e":62,"g":76,"i":73,"k":57,"m":69,"o":93,"b":84,"d":86,"f":62,"h":76,"j":73,"l":57,"n":69,"p":93}},{"type":"Feature","geometry":{"type":"Polygon","coordinates":[[[127.05478,37.29269],[127.04305,37.29805],[127.03133,37.29269],[127.03133,37.28196],[127.04305,37.27659],[127.05478,37.28196],[127.05478,37.29269]]]},"properties":{"row":-7,"col":16,"walk_min":37.9,"nearest_station_id":"kr_444","nearest_station_name":"Gwanggyo","nearest_station_name_ko":"광교","a":114,"c":115,"e":96,"g":114,"i":106,"k":111,"m":115,"o":116,"b":114,"d":115,"f":96,"h":114,"j":106,"l":111,"n":115,"p":116}},{"type":"Feature","geometry":{"type":"Polygon","coordinates":[[[127.0665,37.30878],[127.05478,37.31415],[127.04305,37.30878],[127.04305,37.29805],[127.05478,37.29269],[127.0665,37.29805],[127.0665,37.30878]]]},"properties":{"row":-6,"col":16,"walk_min":25.0,"nearest_station_id":"kr_444","nearest_station_name":"Gwanggyo","nearest_station_name_ko":"광교","a":106,"c":108,"e":83,"g":106,"i":93,"k":98,"m":108,"o":113,"b":106,"d":108,"f":83,"h":106,"j":93,"l":98,"n":108,"p":113}},{"type":"Feature","geometry":{"type":"Polygon","coordinates":[[[127.20716,37.53414],[127.19544,37.53951],[127.18372,37.53414],[127.18372,37.52341],[127.19544,37.51804],[127.20716,37.52341],[127.20716,37.53414]]]},"properties":{"row":8,"col":15,"walk_min":34.7,"nearest_station_id":"kr_360","nearest_station_name":"Hanam City Hall (Deokpung·Sinjang)","nearest_station_name_ko":"하남시청(덕풍·신장)","a":93,"c":92,"e":83,"g":78,"i":94,"k":78,"m":87,"o":102,"b":93,"d":92,"f":83,"h":78,"j":94,"l":78,"n":87,"p":102}},{"type":"Feature","geometry":{"type":"Polygon","coordinates":[[[127.23061,37.53414],[127.21889,37.53951],[127.20716,37.53414],[127.20716,37.52341],[127.21889,37.51804],[127.23061,37.52341],[127.23061,37.53414]]]},"properties":{"row":8,"col":16,"walk_min":47.8,"nearest_station_id":"kr_469","nearest_station_name":"Hanam Geomdansan","nearest_station_name_ko":"하남검단산","a":103,"c":102,"e":96,"g":93,"i":103,"k":93,"m":99,"o":108,"b":103,"d":102,"f":96,"h":93,"j":103,"l":93,"n":99,"p":108}},{"type":"Feature","geometry":{"type":"Polygon","coordinates":[[[127.19544,37.71121],[127.18372,37.71657],[127.172,37.71121],[127.172,37.70048],[127.18372,37.69511],[127.19544,37.70048],[127.19544,37.71121]]]},"properties":{"row":19,"col":9,"walk_min":12.7,"nearest_station_id":"kr_361","nearest_station_name":"Onam","nearest_station_name_ko":"오남","a":77,"c":75,"e":89,"g":75,"i":97,"k":96,"m":84,"o":86,"b":77,"d":75,"f":89,"h":75,"j":97,"l":96,"n":84,"p":86}},{"type":"Feature","geometry":{"type":"Polygon","coordinates":[[[127.20716,37.7273],[127.19544,37.73267],[127.18372,37.7273],[127.18372,37.71657],[127.19544,37.71121],[127.20716,37.71657],[127.20716,37.7273]]]},"properties":{"row":20,"col":9,"walk_min":8.7,"nearest_station_id":"kr_470","nearest_station_name":"Jinjeop","nearest_station_name_ko":"진접","a":76,"c":74,"e":88,"g":74,"i":96,"k":95,"m":84,"o":86,"b":76,"d":74,"f":88,"h":74,"j":96,"l":95,"n":84,"p":86}},{"type":"Feature","geometry":{"type":"Polygon","coordinates":[[[127.21889,37.71121],[127.20716,37.71657],[127.19544,37.71121],[127.19544,37.70048],[127.20716,37.69511],[127.21889,37.70048],[127.21889,37.71121]]]},"properties":{"row":19,"col":10,"walk_min":14.9,"nearest_station_id":"kr_470","nearest_station_name":"Jinjeop","nearest_station_name_ko":"진접","a":82,"c":80,"e":94,"g":80,"i":102,"k":101,"m":90,"o":92,"b":82,"d":80,"f":94,"h":80,"j":102,"l":101,"n":90,"p":92}},{"type":"Feature","geometry":{"type":"Polygon","coordinates":[[[126.92583,37.34098],[126.91411,37.34634],[126.90239,37.34098],[126.90239,37.33025],[126.91411,37.32488],[126.92583,37.33025],[126.92583,37.34098]]]},"properties":{"row":-4,"col":9,"walk_min":8.6,"nearest_station_id":"kr_423","nearest_station_name":"Daeyami","nearest_station_name_ko":"대야미","a":64,"c":67,"e":61,"g":79,"i":50,"k":76,"m":87,"o":65,"b":64,"d":67,"f":61,"h":79,"j":50,"l":76,"n":87,"p":65}},{"type":"Feature","geometry":{"type":"Polygon","coordinates":[[[126.91411,37.35707],[126.90239,37.36244],[126.89067,37.35707],[126.89067,37.34634],[126.90239,37.34098],[126.91411,37.34634],[126.91411,37.35707]]]},"properties":{"row":-3,"col":8,"walk_min":33.6,"nearest_station_id":"kr_364","nearest_station_name":"Surisan","nearest_station_name_ko":"수리산","a":89,"c":91,"e":85,"g":103,"i":75,"k":101,"m":112,"o":89,"b":89,"d":91,"f":85,"h":103,"j":75,"l":101,"n":112,"p":89}},{"type":"Feature","geometry":{"type":"Polygon","coordinates":[[[126.99617,37.43756],[126.98444,37.44293],[126.97272,37.43756],[126.97272,37.42683],[126.98444,37.42146],[126.99617,37.42683],[126.99617,37.43756]]]},"properties":{"row":2,"col":9,"walk_min":12.7,"nearest_station_id":"kr_367","nearest_station_name":"Government Complex Gwacheon","nearest_station_name_ko":"정부과천청사","a":49,"c":52,"e":40,"g":63,"i":29,"k":55,"m":66,"o":57,"b":49,"d":52,"f":40,"h":63,"j":29,"l":55,"n":66,"p":57}},{"type":"Feature","geometry":{"type":"Polygon","coordinates":[[[126.961,37.48585],[126.94928,37.49122],[126.93755,37.48585],[126.93755,37.47512],[126.94928,37.46975],[126.961,37.47512],[126.961,37.48585]]]},"properties":{"row":5,"col":6,"walk_min":6.2,"nearest_station_id":"kr_370","nearest_station_name":"Seoul Nat'l University (Gwanak-gu Office)","nearest_station_name_ko":"서울대입구(관악구청)","a":32,"c":34,"e":23,"g":46,"i":13,"k":39,"m":50,"o":36,"b":32,"d":34,"f":23,"h":46,"j":13,"l":39,"n":50,"p":36}},{"type":"Feature","geometry":{"type":"Polygon","coordinates":[[[126.71483,37.46975],[126.70311,37.47512],[126.69139,37.46975],[126.69139,37.45902],[126.70311,37.45366],[126.71483,37.45902],[126.71483,37.46975]]]},"properties":{"row":4,"col":-4,"walk_min":6.4,"nearest_station_id":"kr_378","nearest_station_name":"Dongam","nearest_station_name_ko":"동암","a":60,"c":63,"e":70,"g":75,"i":66,"k":83,"m":84,"o":57,"b":60,"d":63,"f":70,"h":75,"j":66,"l":83,"n":84,"p":57}},{"type":"Feature","geometry":{"type":"Polygon","coordinates":[[[126.73828,37.46975],[126.72656,37.47512],[126.71483,37.46975],[126.71483,37.45902],[126.72656,37.45366],[126.73828,37.45902],[126.73828,37.46975]]]},"properties":{"row":4,"col":-3,"walk_min":26.7,"nearest_station_id":"kr_378","nearest_station_name":"Dongam","nearest_station_name_ko":"동암","a":80,"c":83,"e":90,"g":94,"i":85,"k":103,"m":104,"o":77,"b":80,"d":83,"f":90,"h":94,"j":85,"l":103,"n":104,"p":77}},{"type":"Feature","geometry":{"type":"Polygon","coordinates":[[[126.66794,37.46975],[126.65622,37.47512],[126.6445,37.46975],[126.6445,37.45902],[126.65622,37.45366],[126.66794,37.45902],[126.66794,37.46975]]]},"properties":{"row":4,"col":-6,"walk_min":5.2,"nearest_station_id":"kr_379","nearest_station_name":"Jemulpo","nearest_station_name_ko":"제물포","a":66,"c":69,"e":76,"g":81,"i":72,"k":89,"m":90,"o":63,"b":66,"d":69,"f":76,"h":81,"j":72,"l":89,"n":90,"p":63}},{"type":"Feature","geometry":{"type":"Polygon","coordinates":[[[127.04305,37.18001],[127.03133,37.18537],[127.01961,37.18001],[127.01961,37.16928],[127.03133,37.16391],[127.04305,37.16928],[127.04305,37.18001]]]},"properties":{"row":-14,"col":19,"walk_min":17.8,"nearest_station_id":"kr_388","nearest_station_name":"Sema","nearest_station_name_ko":"세마","a":108,"c":110,"e":105,"g":116,"i":94,"k":114,"m":120,"o":109,"b":108,"d":110,"f":105,"h":116,"j":94,"l":114,"n":120,"p":109}},{"type":"Feature","geometry":{"type":"Polygon","coordinates":[[[126.90239,37.43756],[126.89067,37.44293],[126.87894,37.43756],[126.87894,37.42683],[126.89067,37.42146],[126.90239,37.42683],[126.90239,37.43756]]]},"properties":{"row":2,"col":5,"walk_min":11.6,"nearest_station_id":"kr_442","nearest_station_name":"Gwangmyeong","nearest_station_name_ko":"광명","a":45,"c":48,"e":55,"g":59,"i":51,"k":68,"m":69,"o":46,"b":39,"d":42,"f":55,"h":54,"j":51,"l":68,"n":63,"p":46}},{"type":"Feature","geometry":{"type":"Polygon","coordinates":[[[126.91411,37.42146],[126.90239,37.42683],[126.89067,37.42146],[126.89067,37.41073],[126.90239,37.40537],[126.91411,37.41073],[126.91411,37.42146]]]},"properties":{"row":1,"col":6,"walk_min":11.1,"nearest_station_id":"kr_413","nearest_station_name":"Gwanak","nearest_station_name_ko":"관악","a":45,"c":48,"e":55,"g":60,"i":51,"k":68,"m":69,"o":46,"b":45,"d":48,"f":55,"h":60,"j":51,"l":68,"n":69,"p":46}},{"type":"Feature","geometry":{"type":"Polygon","coordinates":[[[126.92583,37.43756],[126.91411,37.44293],[126.90239,37.43756],[126.90239,37.42683],[126.91411,37.42146],[126.92583,37.42683],[126.92583,37.43756]]]},"properties":{"row":2,"col":6,"walk_min":16.7,"nearest_station_id":"kr_392","nearest_station_name":"Seoksu","nearest_station_name_ko":"석수","a":48,"c":51,"e":58,"g":63,"i":54,"k":71,"m":72,"o":49,"b":48,"d":51,"f":58,"h":63,"j":54,"l":71,"n":72,"p":49}},{"type":"Feature","geometry":{"type":"Polygon","coordinates":[[[126.94928,37.63072],[126.93755,37.63609],[126.92583,37.63072],[126.92583,37.61999],[126.93755,37.61463],[126.94928,37.61999],[126.94928,37.63072]]]},"properties":{"row":14,"col":1,"walk_min":10.7,"nearest_station_id":"kr_409","nearest_station_name":"독바위","nearest_station_name_ko":"독바위","a":38,"c":36,"e":55,"g":42,"i":58,"k":62,"m":51,"o":47,"b":38,"d":36,"f":55,"h":42,"j":58,"l":62,"n":51,"p":47}},{"type":"Feature","geometry":{"type":"Polygon","coordinates":[[[126.93755,37.42146],[126.92583,37.42683],[126.91411,37.42146],[126.91411,37.41073],[126.92583,37.40537],[126.93755,37.41073],[126.93755,37.42146]]]},"properties":{"row":1,"col":7,"walk_min":23.7,"nearest_station_id":"kr_413","nearest_station_name":"Gwanak","nearest_station_name_ko":"관악","a":60,"c":63,"e":70,"g":74,"i":64,"k":83,"m":84,"o":61,"b":60,"d":63,"f":70,"h":74,"j":64,"l":83,"n":84,"p":61}},{"type":"Feature","geometry":{"type":"Polygon","coordinates":[[[126.90239,37.30878],[126.89067,37.31415],[126.87894,37.30878],[126.87894,37.29805],[126.89067,37.29269],[126.90239,37.29805],[126.90239,37.30878]]]},"properties":{"row":-6,"col":9,"walk_min":19.7,"nearest_station_id":"kr_114","nearest_station_name":"Sangnoksu","nearest_station_name_ko":"상록수","a":84,"c":86,"e":81,"g":98,"i":70,"k":96,"m":106,"o":84,"b":84,"d":86,"f":81,"h":98,"j":70,"l":96,"n":106,"p":84}},{"type":"Feature","geometry":{"type":"Polygon","coordinates":[[[126.91411,37.32488],[126.90239,37.33025],[126.89067,37.32488],[126.89067,37.31415],[126.90239,37.30878],[126.91411,37.31415],[126.91411,37.32488]]]},"properties":{"row":-5,"col":9,"walk_min":10.2,"nearest_station_id":"kr_423","nearest_station_name":"Daeyami","nearest_station_name_ko":"대야미","a":70,"c":72,"e":66,"g":84,"i":56,"k":82,"m":93,"o":70,"b":70,"d":72,"f":66,"h":84,"j":56,"l":82,"n":93,"p":70}},{"type":"Feature","geometry":{"type":"Polygon","coordinates":[[[126.92583,37.30878],[126.91411,37.31415],[126.90239,37.30878],[126.90239,37.29805],[126.91411,37.29269],[126.92583,37.29805],[126.92583,37.30878]]]},"properties":{"row":-6,"col":10,"walk_min":30.6,"nearest_station_id":"kr_415","nearest_station_name":"Banwol","nearest_station_name_ko":"반월","a":89,"c":90,"e":86,"g":99,"i":78,"k":98,"m":106,"o":89,"b":89,"d":90,"f":86,"h":99,"j":78,"l":98,"n":106,"p":89}},{"type":"Feature","geometry":{"type":"Polygon","coordinates":[[[127.0665,37.7595],[127.05478,37.76486],[127.04305,37.7595],[127.04305,37.74877],[127.05478,37.7434],[127.0665,37.74877],[127.0665,37.7595]]]},"properties":{"row":22,"col":2,"walk_min":11.4,"nearest_station_id":"kr_421","nearest_station_name":"Nogyang","nearest_station_name_ko":"녹양","a":71,"c":69,"e":83,"g":69,"i":91,"k":82,"m":71,"o":80,"b":71,"d":69,"f":83,"h":69,"j":91,"l":82,"n":71,"p":80}},{"type":"Feature","geometry":{"type":"Polygon","coordinates":[[[126.93755,37.32488],[126.92583,37.33025],[126.91411,37.32488],[126.91411,37.31415],[126.92583,37.30878],[126.93755,37.31415],[126.93755,37.32488]]]},"properties":{"row":-5,"col":10,"walk_min":17.2,"nearest_station_id":"kr_032","nearest_station_name":"Uiwang","nearest_station_name_ko":"의왕","a":75,"c":78,"e":72,"g":89,"i":61,"k":87,"m":98,"o":76,"b":75,"d":78,"f":72,"h":89,"j":61,"l":87,"n":98,"p":76}},{"type":"Feature","geometry":{"type":"Polygon","coordinates":[[[126.75,37.67901],[126.73828,37.68438],[126.72656,37.67901],[126.72656,37.66828],[126.73828,37.66292],[126.75,37.66828],[126.75,37.67901]]]},"properties":{"row":17,"col":-9,"walk_min":13.5,"nearest_station_id":"kr_424","nearest_station_name":"Daehwa","nearest_station_name_ko":"대화","a":86,"c":84,"e":103,"g":90,"i":106,"k":110,"m":99,"o":95,"b":86,"d":84,"f":103,"h":90,"j":106,"l":110,"n":99,"p":95}},{"type":"Feature","geometry":{"type":"Polygon","coordinates":[[[126.76172,37.66292],[126.75,37.66828],[126.73828,37.66292],[126.73828,37.65219],[126.75,37.64682],[126.76172,37.65219],[126.76172,37.66292]]]},"properties":{"row":16,"col":-8,"walk_min":20.7,"nearest_station_id":"kr_350","nearest_station_name":"Juyeop","nearest_station_name_ko":"주엽","a":89,"c":86,"e":106,"g":93,"i":109,"k":112,"m":102,"o":98,"b":89,"d":86,"f":106,"h":93,"j":109,"l":112,"n":102,"p":98}},{"type":"Feature","geometry":{"type":"Polygon","coordinates":[[[126.78517,37.34098],[126.77344,37.34634],[126.76172,37.34098],[126.76172,37.33025],[126.77344,37.32488],[126.78517,37.33025],[126.78517,37.34098]]]},"properties":{"row":-4,"col":3,"walk_min":13.1,"nearest_station_id":"kr_427","nearest_station_name":"Singiloncheon","nearest_station_name_ko":"신길온천","a":97,"c":100,"e":94,"g":110,"i":83,"k":108,"m":117,"o":97,"b":97,"d":100,"f":94,"h":110,"j":83,"l":108,"n":117,"p":97}},{"type":"Feature","geometry":{"type":"Polygon","coordinates":[[[126.76172,37.37317],[126.75,37.37854],[126.73828,37.37317],[126.73828,37.36244],[126.75,37.35707],[126.76172,37.36244],[126.76172,37.37317]]]},"properties":{"row":-2,"col":1,"walk_min":18.2,"nearest_station_id":"kr_428","nearest_station_name":"Oido","nearest_station_name_ko":"오이도","a":109,"c":111,"e":106,"g":116,"i":96,"k":116,"m":120,"o":110,"b":109,"d":111,"f":106,"h":116,"j":96,"l":116,"n":120,"p":110}},{"type":"Feature","geometry":{"type":"Polygon","coordinates":[[[126.80861,37.59853],[126.79689,37.60389],[126.78517,37.59853],[126.78517,37.5878],[126.79689,37.58243],[126.80861,37.5878],[126.80861,37.59853]]]},"properties":{"row":12,"col":-4,"walk_min":32.6,"nearest_station_id":"kr_429","nearest_station_name":"Gaehwa","nearest_station_name_ko":"개화","a":77,"c":75,"e":83,"g":87,"i":79,"k":93,"m":94,"o":64,"b":77,"d":75,"f":83,"h":87,"j":79,"l":93,"n":94,"p":64}},{"type":"Feature","geometry":{"type":"Polygon","coordinates":[[[127.12511,37.64682],[127.11339,37.65219],[127.10166,37.64682],[127.10166,37.63609],[127.11339,37.63072],[127.12511,37.63609],[127.12511,37.64682]]]},"properties":{"row":15,"col":8,"walk_min":19.8,"nearest_station_id":"kr_438","nearest_station_name":"Byeollae","nearest_station_name_ko":"별내","a":80,"c":79,"e":73,"g":67,"i":84,"k":69,"m":76,"o":90,"b":80,"d":79,"f":73,"h":67,"j":84,"l":69,"n":76,"p":90}},{"type":"Feature","geometry":{"type":"Polygon","coordinates":[[[127.14855,37.64682],[127.13683,37.65219],[127.12511,37.64682],[127.12511,37.63609],[127.13683,37.63072],[127.14855,37.63609],[127.14855,37.64682]]]},"properties":{"row":15,"col":9,"walk_min":17.3,"nearest_station_id":"kr_438","nearest_station_name":"Byeollae","nearest_station_name_ko":"별내","a":78,"c":77,"e":70,"g":64,"i":81,"k":65,"m":73,"o":88,"b":78,"d":77,"f":70,"h":64,"j":81,"l":65,"n":73,"p":88}},{"type":"Feature","geometry":{"type":"Polygon","coordinates":[[[127.172,37.51804],[127.16028,37.52341],[127.14855,37.51804],[127.14855,37.50731],[127.16028,37.50195],[127.172,37.50731],[127.172,37.51804]]]},"properties":{"row":7,"col":14,"walk_min":22.5,"nearest_station_id":"kr_437","nearest_station_name":"VHS Medical Center","nearest_station_name_ko":"보훈병원","a":69,"c":68,"e":49,"g":55,"i":60,"k":44,"m":55,"o":79,"b":69,"d":68,"f":49,"h":55,"j":60,"l":44,"n":55,"p":79}},{"type":"Feature","geometry":{"type":"Polygon","coordinates":[[[127.18372,37.50195],[127.172,37.50731],[127.16028,37.50195],[127.16028,37.49122],[127.172,37.48585],[127.18372,37.49122],[127.18372,37.50195]]]},"properties":{"row":6,"col":15,"walk_min":28.9,"nearest_station_id":"kr_440","nearest_station_name":"Macheon","nearest_station_name_ko":"마천","a":80,"c":79,"e":59,"g":66,"i":69,"k":54,"m":65,"o":89,"b":80,"d":79,"f":59,"h":66,"j":69,"l":54,"n":65,"p":89}},{"type":"Feature","geometry":{"type":"Polygon","coordinates":[[[126.89067,37.42146],[126.87894,37.42683],[126.86722,37.42146],[126.86722,37.41073],[126.87894,37.40537],[126.89067,37.41073],[126.89067,37.42146]]]},"properties":{"row":1,"col":5,"walk_min":8.3,"nearest_station_id":"kr_442","nearest_station_name":"Gwangmyeong","nearest_station_name_ko":"광명","a":43,"c":46,"e":53,"g":57,"i":49,"k":66,"m":67,"o":44,"b":32,"d":35,"f":53,"h":47,"j":49,"l":66,"n":56,"p":44}},{"type":"Feature","geometry":{"type":"Polygon","coordinates":[[[126.90239,37.40537],[126.89067,37.41073],[126.87894,37.40537],[126.87894,37.39463],[126.89067,37.38927],[126.90239,37.39463],[126.90239,37.40537]]]},"properties":{"row":0,"col":6,"walk_min":30.2,"nearest_station_id":"kr_442","nearest_station_name":"Gwangmyeong","nearest_station_name_ko":"광명","a":67,"c":69,"e":76,"g":81,"i":70,"k":90,"m":90,"o":67,"b":61,"d":63,"f":76,"h":75,"j":70,"l":90,"n":84,"p":67}},{"type":"Feature","geometry":{"type":"Polygon","coordinates":[[[126.87894,37.46975],[126.86722,37.47512],[126.8555,37.46975],[126.8555,37.45902],[126.86722,37.45366],[126.87894,37.45902],[126.87894,37.46975]]]},"properties":{"row":4,"col":3,"walk_min":10.6,"nearest_station_id":"kr_256","nearest_station_name":"Cheolsan","nearest_station_name_ko":"철산","a":48,"c":51,"e":50,"g":63,"i":53,"k":63,"m":72,"o":45,"b":48,"d":51,"f":50,"h":63,"j":53,"l":63,"n":72,"p":45}},{"type":"Feature","geometry":{"type":"Polygon","coordinates":[[[126.90239,37.46975],[126.89067,37.47512],[126.87894,37.46975],[126.87894,37.45902],[126.89067,37.45366],[126.90239,37.45902],[126.90239,37.46975]]]},"properties":{"row":4,"col":4,"walk_min":7.9,"nearest_station_id":"kr_443","nearest_station_name":"Doksan","nearest_station_name_ko":"독산","a":36,"c":39,"e":46,"g":51,"i":41,"k":59,"m":60,"o":33,"b":36,"d":39,"f":46,"h":51,"j":41,"l":59,"n":60,"p":33}},{"type":"Feature","geometry":{"type":"Polygon","coordinates":[[[127.04305,37.30878],[127.03133,37.31415],[127.01961,37.30878],[127.01961,37.29805],[127.03133,37.29269],[127.04305,37.29805],[127.04305,37.30878]]]},"properties":{"row":-6,"col":15,"walk_min":44.3,"nearest_station_id":"kr_444","nearest_station_name":"Gwanggyo","nearest_station_name_ko":"광교","a":120,"c":120,"e":103,"g":120,"i":112,"k":116,"m":120,"o":120,"b":120,"d":120,"f":103,"h":120,"j":112,"l":116,"n":120,"p":120}},{"type":"Feature","geometry":{"type":"Polygon","coordinates":[[[127.05478,37.32488],[127.04305,37.33025],[127.03133,37.32488],[127.03133,37.31415],[127.04305,37.30878],[127.05478,37.31415],[127.05478,37.32488]]]},"properties":{"row":-5,"col":15,"walk_min":42.5,"nearest_station_id":"kr_444","nearest_station_name":"Gwanggyo","nearest_station_name_ko":"광교","a":117,"c":118,"e":101,"g":118,"i":110,"k":113,"m":118,"o":119,"b":117,"d":118,"f":101,"h":118,"j":110,"l":113,"n":118,"p":119}},{"type":"Feature","geometry":{"type":"Polygon","coordinates":[[[127.05478,37.80779],[127.04305,37.81316],[127.03133,37.80779],[127.03133,37.79706],[127.04305,37.79169],[127.05478,37.79706],[127.05478,37.80779]]]},"properties":{"row":25,"col":0,"walk_min":23.5,"nearest_station_id":"kr_092","nearest_station_name":"Yangju","nearest_station_name_ko":"양주","a":92,"c":90,"e":104,"g":90,"i":112,"k":103,"m":92,"o":101,"b":92,"d":90,"f":104,"h":90,"j":112,"l":103,"n":92,"p":101}},{"type":"Feature","geometry":{"type":"Polygon","coordinates":[[[127.0665,37.82389],[127.05478,37.82925],[127.04305,37.82389],[127.04305,37.81316],[127.05478,37.80779],[127.0665,37.81316],[127.0665,37.82389]]]},"properties":{"row":26,"col":0,"walk_min":8.6,"nearest_station_id":"kr_447","nearest_station_name":"Deokgye","nearest_station_name_ko":"덕계","a":83,"c":81,"e":95,"g":81,"i":102,"k":94,"m":83,"o":92,"b":83,"d":81,"f":95,"h":81,"j":102,"l":94,"n":83,"p":92}},{"type":"Feature","geometry":{"type":"Polygon","coordinates":[[[127.07822,37.80779],[127.0665,37.81316],[127.05478,37.80779],[127.05478,37.79706],[127.0665,37.79169],[127.07822,37.79706],[127.07822,37.80779]]]},"properties":{"row":25,"col":1,"walk_min":25.7,"nearest_station_id":"kr_447","nearest_station_name":"Deokgye","nearest_station_name_ko":"덕계","a":97,"c":95,"e":109,"g":95,"i":113,"k":108,"m":97,"o":106,"b":97,"d":95,"f":109,"h":95,"j":113,"l":108,"n":97,"p":106}},{"type":"Feature","geometry":{"type":"Polygon","coordinates":[[[126.70311,37.48585],[126.69139,37.49122],[126.67967,37.48585],[126.67967,37.47512],[126.69139,37.46975],[126.70311,37.47512],[126.70311,37.48585]]]},"properties":{"row":5,"col":-5,"walk_min":18.1,"nearest_station_id":"kr_454","nearest_station_name":"Baegun","nearest_station_name_ko":"백운","a":71,"c":73,"e":80,"g":85,"i":76,"k":94,"m":95,"o":68,"b":71,"d":73,"f":80,"h":85,"j":76,"l":94,"n":95,"p":68}},{"type":"Feature","geometry":{"type":"Polygon","coordinates":[[[126.6445,37.46975],[126.63278,37.47512],[126.62106,37.46975],[126.62106,37.45902],[126.63278,37.45366],[126.6445,37.45902],[126.6445,37.46975]]]},"properties":{"row":4,"col":-7,"walk_min":9.1,"nearest_station_id":"kr_457","nearest_station_name":"Dowon","nearest_station_name_ko":"도원","a":73,"c":76,"e":83,"g":88,"i":79,"k":96,"m":97,"o":70,"b":73,"d":76,"f":83,"h":88,"j":79,"l":96,"n":97,"p":70}},{"type":"Feature","geometry":{"type":"Polygon","coordinates":[[[126.63278,37.48585],[126.62106,37.49122],[126.60933,37.48585],[126.60933,37.47512],[126.62106,37.46975],[126.63278,37.47512],[126.63278,37.48585]]]},"properties":{"row":5,"col":-8,"walk_min":10.9,"nearest_station_id":"kr_458","nearest_station_name":"Incheon","nearest_station_name_ko":"인천","a":79,"c":81,"e":88,"g":93,"i":84,"k":102,"m":102,"o":75,"b":79,"d":81,"f":88,"h":93,"j":84,"l":102,"n":102,"p":75}},{"type":"Feature","geometry":{"type":"Polygon","coordinates":[[[127.00789,37.29269],[126.99617,37.29805],[126.98444,37.29269],[126.98444,37.28196],[126.99617,37.27659],[127.00789,37.28196],[127.00789,37.29269]]]},"properties":{"row":-7,"col":14,"walk_min":14.9,"nearest_station_id":"kr_461","nearest_station_name":"Hwaseo","nearest_station_name_ko":"화서","a":84,"c":86,"e":81,"g":98,"i":70,"k":96,"m":107,"o":84,"b":84,"d":86,"f":81,"h":98,"j":70,"l":96,"n":107,"p":84}},{"type":"Feature","geometry":{"type":"Polygon","coordinates":[[[127.01961,37.2444],[127.00789,37.24976],[126.99617,37.2444],[126.99617,37.23366],[127.00789,37.2283],[127.01961,37.23366],[127.01961,37.2444]]]},"properties":{"row":-10,"col":16,"walk_min":19.9,"nearest_station_id":"kr_462","nearest_station_name":"Seryu","nearest_station_name_ko":"세류","a":97,"c":100,"e":94,"g":112,"i":83,"k":109,"m":117,"o":98,"b":97,"d":100,"f":94,"h":112,"j":83,"l":109,"n":117,"p":98}},{"type":"Feature","geometry":{"type":"Polygon","coordinates":[[[127.04305,37.2444],[127.03133,37.24976],[127.01961,37.2444],[127.01961,37.23366],[127.03133,37.2283],[127.04305,37.23366],[127.04305,37.2444]]]},"properties":{"row":-10,"col":17,"walk_min":21.4,"nearest_station_id":"kr_462","nearest_station_name":"Seryu","nearest_station_name_ko":"세류","a":99,"c":102,"e":96,"g":111,"i":85,"k":110,"m":114,"o":100,"b":99,"d":102,"f":96,"h":111,"j":85,"l":110,"n":114,"p":100}},{"type":"Feature","geometry":{"type":"Polygon","coordinates":[[[127.0665,37.18001],[127.05478,37.18537],[127.04305,37.18001],[127.04305,37.16928],[127.05478,37.16391],[127.0665,37.16928],[127.0665,37.18001]]]},"properties":{"row":-14,"col":20,"walk_min":42.2,"nearest_station_id":"kr_416","nearest_station_name":"Osan College","nearest_station_name_ko":"오산대","a":111,"c":112,"e":110,"g":117,"i":106,"k":116,"m":120,"o":111,"b":111,"d":112,"f":110,"h":117,"j":106,"l":116,"n":120,"p":111}},{"type":"Feature","geometry":{"type":"Polygon","coordinates":[[[127.07822,37.19611],[127.0665,37.20147],[127.05478,37.19611],[127.05478,37.18537],[127.0665,37.18001],[127.07822,37.18537],[127.07822,37.19611]]]},"properties":{"row":-13,"col":20,"walk_min":20.4,"nearest_station_id":"kr_466","nearest_station_name":"Seodongtan","nearest_station_name_ko":"서동탄","a":110,"c":111,"e":107,"g":117,"i":96,"k":116,"m":120,"o":110,"b":110,"d":111,"f":107,"h":117,"j":96,"l":116,"n":120,"p":110}},{"type":"Feature","geometry":{"type":"Polygon","coordinates":[[[127.07822,37.71121],[127.0665,37.71657],[127.05478,37.71121],[127.05478,37.70048],[127.0665,37.69511],[127.07822,37.70048],[127.07822,37.71121]]]},"properties":{"row":19,"col":4,"walk_min":15.6,"nearest_station_id":"kr_467","nearest_station_name":"Jangam","nearest_station_name_ko":"장암","a":64,"c":62,"e":76,"g":62,"i":84,"k":76,"m":65,"o":74,"b":64,"d":62,"f":76,"h":62,"j":84,"l":76,"n":65,"p":74}},{"type":"Feature","geometry":{"type":"Polygon","coordinates":[[[127.12511,37.61463],[127.11339,37.61999],[127.10166,37.61463],[127.10166,37.60389],[127.11339,37.59853],[127.12511,37.60389],[127.12511,37.61463]]]},"properties":{"row":13,"col":9,"walk_min":17.8,"nearest_station_id":"kr_468","nearest_station_name":"Sinnae","nearest_station_name_ko":"신내","a":62,"c":61,"e":64,"g":52,"i":73,"k":66,"m":62,"o":72,"b":62,"d":61,"f":64,"h":52,"j":73,"l":66,"n":62,"p":72}},{"type":"Feature","geometry":{"type":"Polygon","coordinates":[[[127.21889,37.7434],[127.20716,37.74877],[127.19544,37.7434],[127.19544,37.73267],[127.20716,37.7273],[127.21889,37.73267],[127.21889,37.7434]]]},"properties":{"row":21,"col":9,"walk_min":26.6,"nearest_station_id":"kr_470","nearest_station_name":"Jinjeop","nearest_station_name_ko":"진접","a":95,"c":93,"e":107,"g":93,"i":113,"k":112,"m":103,"o":105,"b":95,"d":93,"f":107,"h":93,"j":113,"l":112,"n":103,"p":105}},{"type":"Feature","geometry":{"type":"Polygon","coordinates":[[[127.23061,37.7273],[127.21889,37.73267],[127.20716,37.7273],[127.20716,37.71657],[127.21889,37.71121],[127.23061,37.71657],[127.23061,37.7273]]]},"properties":{"row":20,"col":10,"walk_min":22.6,"nearest_station_id":"kr_470","nearest_station_name":"Jinjeop","nearest_station_name_ko":"진접","a":91,"c":89,"e":103,"g":89,"i":108,"k":108,"m":99,"o":101,"b":91,"d":89,"f":103,"h":89,"j":108,"l":108,"n":99,"p":101}},{"type":"Feature","geometry":{"type":"Polygon","coordinates":[[[126.71483,37.53414],[126.70311,37.53951],[126.69139,37.53414],[126.69139,37.52341],[126.70311,37.51804],[126.71483,37.52341],[126.71483,37.53414]]]},"properties":{"row":8,"col":-6,"walk_min":28.6,"nearest_station_id":"kr_258","nearest_station_name":"Sangok","nearest_station_name_ko":"산곡","a":85,"c":88,"e":95,"g":100,"i":91,"k":107,"m":108,"o":82,"b":85,"d":88,"f":95,"h":100,"j":91,"l":107,"n":108,"p":82}},{"type":"Feature","geometry":{"type":"Polygon","coordinates":[[[126.73828,37.53414],[126.72656,37.53951],[126.71483,37.53414],[126.71483,37.52341],[126.72656,37.51804],[126.73828,37.52341],[126.73828,37.53414]]]},"properties":{"row":8,"col":-5,"walk_min":24.4,"nearest_station_id":"kr_287","nearest_station_name":"Bupyeong-gu Office","nearest_station_name_ko":"부평구청","a":77,"c":80,"e":87,"g":92,"i":83,"k":100,"m":101,"o":74,"b":77,"d":80,"f":87,"h":92,"j":83,"l":100,"n":101,"p":74}},{"type":"Feature","geometry":{"type":"Polygon","coordinates":[[[126.83206,37.59853],[126.82033,37.60389],[126.80861,37.59853],[126.80861,37.5878],[126.82033,37.58243],[126.83206,37.5878],[126.83206,37.59853]]]},"properties":{"row":12,"col":-3,"walk_min":32.3,"nearest_station_id":"kr_441","nearest_station_name":"방화","nearest_station_name_ko":"방화","a":77,"c":75,"e":83,"g":88,"i":79,"k":96,"m":97,"o":64,"b":77,"d":75,"f":83,"h":88,"j":79,"l":96,"n":97,"p":64}},{"type":"Feature","geometry":{"type":"Polygon","coordinates":[[[127.13683,37.66292],[127.12511,37.66828],[127.11339,37.66292],[127.11339,37.65219],[127.12511,37.64682],[127.13683,37.65219],[127.13683,37.66292]]]},"properties":{"row":16,"col":8,"walk_min":13.0,"nearest_station_id":"kr_438","nearest_station_name":"Byeollae","nearest_station_name_ko":"별내","a":72,"c":70,"e":68,"g":60,"i":78,"k":65,"m":69,"o":81,"b":72,"d":70,"f":68,"h":60,"j":78,"l":65,"n":69,"p":81}},{"type":"Feature","geometry":{"type":"Polygon","coordinates":[[[127.14855,37.67901],[127.13683,37.68438],[127.12511,37.67901],[127.12511,37.66828],[127.13683,37.66292],[127.14855,37.66828],[127.14855,37.67901]]]},"properties":{"row":17,"col":8,"walk_min":38.1,"nearest_station_id":"kr_310","nearest_station_name":"Byeollaebyeolgaram","nearest_station_name_ko":"별내별가람","a":88,"c":86,"e":99,"g":86,"i":107,"k":106,"m":95,"o":97,"b":88,"d":86,"f":99,"h":86,"j":107,"l":106,"n":95,"p":97}},{"type":"Feature","geometry":{"type":"Polygon","coordinates":[[[126.99617,37.27659],[126.98444,37.28196],[126.97272,37.27659],[126.97272,37.26586],[126.98444,37.26049],[126.99617,37.26586],[126.99617,37.27659]]]},"properties":{"row":-8,"col":14,"walk_min":16.8,"nearest_station_id":"kr_461","nearest_station_name":"Hwaseo","nearest_station_name_ko":"화서","a":86,"c":88,"e":83,"g":99,"i":72,"k":98,"m":107,"o":86,"b":86,"d":88,"f":83,"h":99,"j":72,"l":98,"n":107,"p":86}},{"type":"Feature","geometry":{"type":"Polygon","coordinates":[[[126.78517,37.63072],[126.77344,37.63609],[126.76172,37.63072],[126.76172,37.61999],[126.77344,37.61463],[126.78517,37.61999],[126.78517,37.63072]]]},"properties":{"row":14,"col":-6,"walk_min":64.6,"nearest_station_id":"kr_228","nearest_station_name":"Baekseok","nearest_station_name_ko":"백석","a":109,"c":108,"e":113,"g":110,"i":114,"k":115,"m":112,"o":111,"b":109,"d":108,"f":113,"h":110,"j":114,"l":115,"n":112,"p":111}},{"type":"Feature","geometry":{"type":"Polygon","coordinates":[[[126.77344,37.64682],[126.76172,37.65219],[126.75,37.64682],[126.75,37.63609],[126.76172,37.63072],[126.77344,37.63609],[126.77344,37.64682]]]},"properties":{"row":15,"col":-7,"walk_min":32.8,"nearest_station_id":"kr_261","nearest_station_name":"Madu","nearest_station_name_ko":"마두","a":91,"c":88,"e":105,"g":94,"i":107,"k":111,"m":102,"o":98,"b":91,"d":88,"f":105,"h":94,"j":107,"l":111,"n":102,"p":98}},{"type":"Feature","geometry":{"type":"Polygon","coordinates":[[[127.07822,37.7434],[127.0665,37.74877],[127.05478,37.7434],[127.05478,37.73267],[127.0665,37.7273],[127.07822,37.73267],[127.07822,37.7434]]]},"properties":{"row":21,"col":3,"walk_min":24.1,"nearest_station_id":"kr_065","nearest_station_name":"Uijeongbu","nearest_station_name_ko":"의정부","a":79,"c":77,"e":91,"g":77,"i":99,"k":91,"m":79,"o":88,"b":79,"d":77,"f":91,"h":77,"j":99,"l":91,"n":79,"p":88}},{"type":"Feature","geometry":{"type":"Polygon","coordinates":[[[127.19544,37.7434],[127.18372,37.74877],[127.172,37.7434],[127.172,37.73267],[127.18372,37.7273],[127.19544,37.73267],[127.19544,37.7434]]]},"properties":{"row":21,"col":8,"walk_min":47.0,"nearest_station_id":"kr_470","nearest_station_name":"Jinjeop","nearest_station_name_ko":"진접","a":109,"c":108,"e":116,"g":108,"i":118,"k":117,"m":113,"o":115,"b":109,"d":108,"f":116,"h":108,"j":118,"l":117,"n":113,"p":115}},{"type":"Feature","geometry":{"type":"Polygon","coordinates":[[[127.19544,37.42146],[127.18372,37.42683],[127.172,37.42146],[127.172,37.41073],[127.18372,37.40537],[127.19544,37.41073],[127.19544,37.42146]]]},"properties":{"row":1,"col":18,"walk_min":29.3,"nearest_station_id":"kr_236","nearest_station_name":"Samdong","nearest_station_name_ko":"삼동","a":95,"c":97,"e":72,"g":95,"i":82,"k":85,"m":96,"o":102,"b":95,"d":97,"f":72,"h":95,"j":82,"l":85,"n":96,"p":102}},{"type":"Feature","geometry":{"type":"Polygon","coordinates":[[[127.20716,37.40537],[127.19544,37.41073],[127.18372,37.40537],[127.18372,37.39463],[127.19544,37.38927],[127.20716,37.39463],[127.20716,37.40537]]]},"properties":{"row":0,"col":19,"walk_min":30.5,"nearest_station_id":"kr_237","nearest_station_name":"삼동","nearest_station_name_ko":"삼동","a":98,"c":100,"e":74,"g":98,"i":84,"k":89,"m":100,"o":106,"b":98,"d":100,"f":74,"h":98,"j":84,"l":89,"n":100,"p":106}},{"type":"Feature","geometry":{"type":"Polygon","coordinates":[[[126.90239,37.59853],[126.89067,37.60389],[126.87894,37.59853],[126.87894,37.5878],[126.89067,37.58243],[126.90239,37.5878],[126.90239,37.59853]]]},"properties":{"row":12,"col":0,"walk_min":23.2,"nearest_station_id":"kr_318","nearest_station_name":"응암","nearest_station_name_ko":"응암","a":51,"c":51,"e":66,"g":59,"i":63,"k":77,"m":68,"o":60,"b":51,"d":51,"f":66,"h":59,"j":63,"l":77,"n":68,"p":60}},{"type":"Feature","geometry":{"type":"Polygon","coordinates":[[[127.172,37.61463],[127.16028,37.61999],[127.14855,37.61463],[127.14855,37.60389],[127.16028,37.59853],[127.172,37.60389],[127.172,37.61463]]]},"properties":{"row":13,"col":11,"walk_min":22.9,"nearest_station_id":"kr_264","nearest_station_name":"Guri","nearest_station_name_ko":"구리","a":75,"c":73,"e":67,"g":60,"i":78,"k":62,"m":69,"o":85,"b":75,"d":73,"f":67,"h":60,"j":78,"l":62,"n":69,"p":85}},{"type":"Feature","geometry":{"type":"Polygon","coordinates":[[[127.18372,37.63072],[127.172,37.63609],[127.16028,37.63072],[127.16028,37.61999],[127.172,37.61463],[127.18372,37.61999],[127.18372,37.63072]]]},"properties":{"row":14,"col":11,"walk_min":31.2,"nearest_station_id":"kr_352","nearest_station_name":"Dasan","nearest_station_name_ko":"다산","a":87,"c":86,"e":79,"g":72,"i":90,"k":74,"m":81,"o":97,"b":87,"d":86,"f":79,"h":72,"j":90,"l":74,"n":81,"p":97}},{"type":"Feature","geometry":{"type":"Polygon","coordinates":[[[126.89067,37.64682],[126.87894,37.65219],[126.86722,37.64682],[126.86722,37.63609],[126.87894,37.63072],[126.89067,37.63609],[126.89067,37.64682]]]},"properties":{"row":15,"col":-2,"walk_min":15.7,"nearest_station_id":"kr_126","nearest_station_name":"Wonheung","nearest_station_name_ko":"원흥","a":58,"c":55,"e":75,"g":62,"i":78,"k":82,"m":71,"o":67,"b":58,"d":55,"f":75,"h":62,"j":78,"l":82,"n":71,"p":67}},{"type":"Feature","geometry":{"type":"Polygon","coordinates":[[[126.79689,37.55024],[126.78517,37.5556],[126.77344,37.55024],[126.77344,37.53951],[126.78517,37.53414],[126.79689,37.53951],[126.79689,37.55024]]]},"properties":{"row":9,"col":-3,"walk_min":52.1,"nearest_station_id":"kr_189","nearest_station_name":"Gimpo Int'l Airport","nearest_station_name_ko":"김포공항","a":92,"c":90,"e":98,"g":104,"i":94,"k":108,"m":109,"o":79,"b":92,"d":90,"f":98,"h":104,"j":94,"l":108,"n":109,"p":79}},{"type":"Feature","geometry":{"type":"Polygon","coordinates":[[[126.82033,37.55024],[126.80861,37.5556],[126.79689,37.55024],[126.79689,37.53951],[126.80861,37.53414],[126.82033,37.53951],[126.82033,37.55024]]]},"properties":{"row":9,"col":-2,"walk_min":24.7,"nearest_station_id":"kr_341","nearest_station_name":"Songjeong","nearest_station_name_ko":"송정","a":62,"c":62,"e":70,"g":76,"i":66,"k":83,"m":85,"o":53,"b":62,"d":62,"f":70,"h":76,"j":66,"l":83,"n":85,"p":53}},{"type":"Feature","geometry":{"type":"Polygon","coordinates":[[[126.83206,37.53414],[126.82033,37.53951],[126.80861,37.53414],[126.80861,37.52341],[126.82033,37.51804],[126.83206,37.52341],[126.83206,37.53414]]]},"properties":{"row":8,"col":-1,"walk_min":20.0,"nearest_station_id":"kr_297","nearest_station_name":"Hwagok","nearest_station_name_ko":"화곡","a":51,"c":53,"e":60,"g":65,"i":56,"k":73,"m":74,"o":47,"b":51,"d":53,"f":60,"h":65,"j":56,"l":73,"n":74,"p":47}},{"type":"Feature","geometry":{"type":"Polygon","coordinates":[[[126.98444,37.32488],[126.97272,37.33025],[126.961,37.32488],[126.961,37.31415],[126.97272,37.30878],[126.98444,37.31415],[126.98444,37.32488]]]},"properties":{"row":-5,"col":12,"walk_min":27.0,"nearest_station_id":"kr_032","nearest_station_name":"Uiwang","nearest_station_name_ko":"의왕","a":87,"c":90,"e":84,"g":101,"i":73,"k":99,"m":109,"o":88,"b":87,"d":90,"f":84,"h":101,"j":73,"l":99,"n":109,"p":88}},{"type":"Feature","geometry":{"type":"Polygon","coordinates":[[[126.77344,37.32488],[126.76172,37.33025],[126.75,37.32488],[126.75,37.31415],[126.76172,37.30878],[126.77344,37.31415],[126.77344,37.32488]]]},"properties":{"row":-5,"col":3,"walk_min":35.5,"nearest_station_id":"kr_427","nearest_station_name":"Singiloncheon","nearest_station_name_ko":"신길온천","a":115,"c":117,"e":113,"g":119,"i":104,"k":119,"m":119,"o":115,"b":115,"d":117,"f":113,"h":119,"j":104,"l":119,"n":119,"p":115}},{"type":"Feature","geometry":{"type":"Polygon","coordinates":[[[126.92583,37.46975],[126.91411,37.47512],[126.90239,37.46975],[126.90239,37.45902],[126.91411,37.45366],[126.92583,37.45902],[126.92583,37.46975]]]},"properties":{"row":4,"col":5,"walk_min":19.4,"nearest_station_id":"kr_008","nearest_station_name":"Geumcheon-gu Office","nearest_station_name_ko":"금천구청","a":46,"c":49,"e":56,"g":61,"i":52,"k":69,"m":70,"o":46,"b":46,"d":49,"f":56,"h":61,"j":52,"l":69,"n":70,"p":46}},{"type":"Feature","geometry":{"type":"Polygon","coordinates":[[[126.99617,37.59853],[126.98444,37.60389],[126.97272,37.59853],[126.97272,37.5878],[126.98444,37.58243],[126.99617,37.5878],[126.99617,37.59853]]]},"properties":{"row":12,"col":4,"walk_min":17.2,"nearest_station_id":"kr_022","nearest_station_name":"Anguk","nearest_station_name_ko":"안국","a":28,"c":26,"e":45,"g":31,"i":48,"k":51,"m":40,"o":37,"b":28,"d":26,"f":45,"h":31,"j":48,"l":51,"n":40,"p":37}},{"type":"Feature","geometry":{"type":"Polygon","coordinates":[[[126.86722,37.29269],[126.8555,37.29805],[126.84378,37.29269],[126.84378,37.28196],[126.8555,37.27659],[126.86722,37.28196],[126.86722,37.29269]]]},"properties":{"row":-7,"col":8,"walk_min":29.4,"nearest_station_id":"kr_114","nearest_station_name":"Sangnoksu","nearest_station_name_ko":"상록수","a":93,"c":95,"e":91,"g":103,"i":82,"k":102,"m":110,"o":93,"b":93,"d":95,"f":91,"h":103,"j":82,"l":102,"n":110,"p":93}},{"type":"Feature","geometry":{"type":"Polygon","coordinates":[[[126.89067,37.29269],[126.87894,37.29805],[126.86722,37.29269],[126.86722,37.28196],[126.87894,37.27659],[126.89067,37.28196],[126.89067,37.29269]]]},"properties":{"row":-7,"col":9,"walk_min":31.2,"nearest_station_id":"kr_114","nearest_station_name":"Sangnoksu","nearest_station_name_ko":"상록수","a":96,"c":98,"e":93,"g":107,"i":83,"k":105,"m":113,"o":96,"b":96,"d":98,"f":93,"h":107,"j":83,"l":105,"n":113,"p":96}},{"type":"Feature","geometry":{"type":"Polygon","coordinates":[[[127.11339,37.30878],[127.10166,37.31415],[127.08994,37.30878],[127.08994,37.29805],[127.10166,37.29269],[127.11339,37.29805],[127.11339,37.30878]]]},"properties":{"row":-6,"col":18,"walk_min":25.9,"nearest_station_id":"kr_266","nearest_station_name":"Seongbok","nearest_station_name_ko":"성복","a":97,"c":98,"e":73,"g":97,"i":83,"k":88,"m":99,"o":104,"b":97,"d":98,"f":73,"h":97,"j":83,"l":88,"n":99,"p":104}},{"type":"Feature","geometry":{"type":"Polygon","coordinates":[[[126.80861,37.53414],[126.79689,37.53951],[126.78517,37.53414],[126.78517,37.52341],[126.79689,37.51804],[126.80861,37.52341],[126.80861,37.53414]]]},"properties":{"row":8,"col":-2,"walk_min":30.2,"nearest_station_id":"kr_189","nearest_station_name":"Gimpo Int'l Airport","nearest_station_name_ko":"김포공항","a":68,"c":68,"e":76,"g":81,"i":72,"k":89,"m":90,"o":60,"b":68,"d":68,"f":76,"h":81,"j":72,"l":89,"n":90,"p":60}},{"type":"Feature","geometry":{"type":"Polygon","coordinates":[[[126.89067,37.58243],[126.87894,37.5878],[126.86722,37.58243],[126.86722,37.5717],[126.87894,37.56634],[126.89067,37.5717],[126.89067,37.58243]]]},"properties":{"row":11,"col":0,"walk_min":31.1,"nearest_station_id":"kr_293","nearest_station_name":"월드컵경기장","nearest_station_name_ko":"월드컵경기장","a":58,"c":59,"e":70,"g":70,"i":66,"k":83,"m":79,"o":63,"b":58,"d":59,"f":70,"h":70,"j":66,"l":83,"n":79,"p":63}},{"type":"Feature","geometry":{"type":"Polygon","coordinates":[[[126.62106,37.46975],[126.60933,37.47512],[126.59761,37.46975],[126.59761,37.45902],[126.60933,37.45366],[126.62106,37.45902],[126.62106,37.46975]]]},"properties":{"row":4,"col":-8,"walk_min":29.8,"nearest_station_id":"kr_458","nearest_station_name":"Incheon","nearest_station_name_ko":"인천","a":97,"c":99,"e":106,"g":111,"i":102,"k":115,"m":115,"o":93,"b":97,"d":99,"f":106,"h":111,"j":102,"l":115,"n":115,"p":93}},{"type":"Feature","geometry":{"type":"Polygon","coordinates":[[[127.05478,37.83998],[127.04305,37.84535],[127.03133,37.83998],[127.03133,37.82925],[127.04305,37.82389],[127.05478,37.82925],[127.05478,37.83998]]]},"properties":{"row":27,"col":-1,"walk_min":25.1,"nearest_station_id":"kr_447","nearest_station_name":"Deokgye","nearest_station_name_ko":"덕계","a":99,"c":97,"e":111,"g":97,"i":115,"k":110,"m":99,"o":108,"b":99,"d":97,"f":111,"h":97,"j":115,"l":110,"n":99,"p":108}},{"type":"Feature","geometry":{"type":"Polygon","coordinates":[[[127.07822,37.83998],[127.0665,37.84535],[127.05478,37.83998],[127.05478,37.82925],[127.0665,37.82389],[127.07822,37.82925],[127.07822,37.83998]]]},"properties":{"row":27,"col":0,"walk_min":48.3,"nearest_station_id":"kr_447","nearest_station_name":"Deokgye","nearest_station_name_ko":"덕계","a":112,"c":112,"e":114,"g":112,"i":116,"k":114,"m":112,"o":114,"b":112,"d":112,"f":114,"h":112,"j":116,"l":114,"n":112,"p":114}},{"type":"Feature","geometry":{"type":"Polygon","coordinates":[[[126.70311,37.51804],[126.69139,37.52341],[126.67967,37.51804],[126.67967,37.50731],[126.69139,37.50195],[126.70311,37.50731],[126.70311,37.51804]]]},"properties":{"row":7,"col":-6,"walk_min":19.4,"nearest_station_id":"kr_258","nearest_station_name":"Sangok","nearest_station_name_ko":"산곡","a":75,"c":78,"e":85,"g":90,"i":81,"k":98,"m":99,"o":72,"b":75,"d":78,"f":85,"h":90,"j":81,"l":98,"n":99,"p":72}},{"type":"Feature","geometry":{"type":"Polygon","coordinates":[[[126.69139,37.53414],[126.67967,37.53951],[126.66794,37.53414],[126.66794,37.52341],[126.67967,37.51804],[126.69139,37.52341],[126.69139,37.53414]]]},"properties":{"row":8,"col":-7,"walk_min":45.8,"nearest_station_id":"kr_258","nearest_station_name":"Sangok","nearest_station_name_ko":"산곡","a":102,"c":105,"e":111,"g":113,"i":108,"k":117,"m":117,"o":99,"b":102,"d":105,"f":111,"h":113,"j":108,"l":117,"n":117,"p":99}},{"type":"Feature","geometry":{"type":"Polygon","coordinates":[[[127.07822,37.7756],[127.0665,37.78096],[127.05478,37.7756],[127.05478,37.76486],[127.0665,37.7595],[127.07822,37.76486],[127.07822,37.7756]]]},"properties":{"row":23,"col":2,"walk_min":24.9,"nearest_station_id":"kr_092","nearest_station_name":"Yangju","nearest_station_name_ko":"양주","a":88,"c":86,"e":100,"g":86,"i":108,"k":99,"m":88,"o":97,"b":88,"d":86,"f":100,"h":86,"j":108,"l":99,"n":88,"p":97}},{"type":"Feature","geometry":{"type":"Polygon","coordinates":[[[126.83206,37.66292],[126.82033,37.66828],[126.80861,37.66292],[126.80861,37.65219],[126.82033,37.64682],[126.83206,37.65219],[126.83206,37.66292]]]},"properties":{"row":16,"col":-5,"walk_min":22.0,"nearest_station_id":"kr_145","nearest_station_name":"Wondang","nearest_station_name_ko":"원당","a":69,"c":67,"e":86,"g":73,"i":89,"k":93,"m":82,"o":78,"b":69,"d":67,"f":86,"h":73,"j":89,"l":93,"n":82,"p":78}},{"type":"Feature","geometry":{"type":"Polygon","coordinates":[[[126.76172,37.53414],[126.75,37.53951],[126.73828,37.53414],[126.73828,37.52341],[126.75,37.51804],[126.76172,37.52341],[126.76172,37.53414]]]},"properties":{"row":8,"col":-4,"walk_min":31.0,"nearest_station_id":"kr_315","nearest_station_name":"삼산체육관","nearest_station_name_ko":"삼산체육관","a":79,"c":81,"e":88,"g":93,"i":84,"k":102,"m":102,"o":75,"b":79,"d":81,"f":88,"h":93,"j":84,"l":102,"n":102,"p":75}},{"type":"Feature","geometry":{"type":"Polygon","coordinates":[[[127.00789,37.38927],[126.99617,37.39463],[126.98444,37.38927],[126.98444,37.37854],[126.99617,37.37317],[127.00789,37.37854],[127.00789,37.38927]]]},"properties":{"row":-1,"col":11,"walk_min":38.0,"nearest_station_id":"kr_325","nearest_station_name":"Indeogwon","nearest_station_name_ko":"인덕원","a":80,"c":83,"e":71,"g":93,"i":60,"k":86,"m":97,"o":88,"b":80,"d":83,"f":71,"h":93,"j":60,"l":86,"n":97,"p":88}},{"type":"Feature","geometry":{"type":"Polygon","coordinates":[[[127.12511,37.32488],[127.11339,37.33025],[127.10166,37.32488],[127.10166,37.31415],[127.11339,37.30878],[127.12511,37.31415],[127.12511,37.32488]]]},"properties":{"row":-5,"col":18,"walk_min":27.4,"nearest_station_id":"kr_233","nearest_station_name":"Suji-gu Office","nearest_station_name_ko":"수지구청","a":95,"c":96,"e":71,"g":95,"i":81,"k":86,"m":96,"o":102,"b":95,"d":96,"f":71,"h":95,"j":81,"l":86,"n":96,"p":102}},{"type":"Feature","geometry":{"type":"Polygon","coordinates":[[[126.78517,37.53414],[126.77344,37.53951],[126.76172,37.53414],[126.76172,37.52341],[126.77344,37.51804],[126.78517,37.52341],[126.78517,37.53414]]]},"properties":{"row":8,"col":-3,"walk_min":31.3,"nearest_station_id":"kr_222","nearest_station_name":"춘의","nearest_station_name_ko":"춘의","a":72,"c":75,"e":82,"g":87,"i":78,"k":95,"m":96,"o":69,"b":72,"d":75,"f":82,"h":87,"j":78,"l":95,"n":96,"p":69}},{"type":"Feature","geometry":{"type":"Polygon","coordinates":[[[126.92583,37.37317],[126.91411,37.37854],[126.90239,37.37317],[126.90239,37.36244],[126.91411,37.35707],[126.92583,37.36244],[126.92583,37.37317]]]},"properties":{"row":-2,"col":8,"walk_min":24.7,"nearest_station_id":"kr_364","nearest_station_name":"Surisan","nearest_station_name_ko":"수리산","a":74,"c":77,"e":73,"g":89,"i":62,"k":88,"m":97,"o":75,"b":74,"d":77,"f":73,"h":89,"j":62,"l":88,"n":97,"p":75}},{"type":"Feature","geometry":{"type":"Polygon","coordinates":[[[127.10166,37.35707],[127.08994,37.36244],[127.07822,37.35707],[127.07822,37.34634],[127.08994,37.34098],[127.10166,37.34634],[127.10166,37.35707]]]},"properties":{"row":-3,"col":16,"walk_min":25.0,"nearest_station_id":"kr_202","nearest_station_name":"Dongcheon","nearest_station_name_ko":"동천","a":86,"c":88,"e":62,"g":86,"i":73,"k":77,"m":89,"o":95,"b":86,"d":88,"f":62,"h":86,"j":73,"l":77,"n":89,"p":95}},{"type":"Feature","geometry":{"type":"Polygon","coordinates":[[[126.69139,37.50195],[126.67967,37.50731],[126.66794,37.50195],[126.66794,37.49122],[126.67967,37.48585],[126.69139,37.49122],[126.69139,37.50195]]]},"properties":{"row":6,"col":-6,"walk_min":28.0,"nearest_station_id":"kr_258","nearest_station_name":"Sangok","nearest_station_name_ko":"산곡","a":85,"c":87,"e":94,"g":99,"i":90,"k":108,"m":108,"o":81,"b":85,"d":87,"f":94,"h":99,"j":90,"l":108,"n":108,"p":81}},{"type":"Feature","geometry":{"type":"Polygon","coordinates":[[[127.12511,37.58243],[127.11339,37.5878],[127.10166,37.58243],[127.10166,37.5717],[127.11339,37.56634],[127.12511,37.5717],[127.12511,37.58243]]]},"properties":{"row":11,"col":10,"walk_min":23.4,"nearest_station_id":"kr_111","nearest_station_name":"용마산","nearest_station_name_ko":"용마산","a":58,"c":57,"e":57,"g":43,"i":64,"k":57,"m":53,"o":68,"b":58,"d":57,"f":57,"h":43,"j":64,"l":57,"n":53,"p":68}},{"type":"Feature","geometry":{"type":"Polygon","coordinates":[[[126.72656,37.35707],[126.71483,37.36244],[126.70311,37.35707],[126.70311,37.34634],[126.71483,37.34098],[126.72656,37.34634],[126.72656,37.35707]]]},"properties":{"row":-3,"col":0,"walk_min":34.6,"nearest_station_id":"kr_351","nearest_station_name":"Jeongwang","nearest_station_name_ko":"정왕","a":117,"c":118,"e":116,"g":120,"i":112,"k":120,"m":120,"o":117,"b":117,"d":118,"f":116,"h":120,"j":112,"l":120,"n":120,"p":117}},{"type":"Feature","geometry":{"type":"Polygon","coordinates":[[[126.73828,37.37317],[126.72656,37.37854],[126.71483,37.37317],[126.71483,37.36244],[126.72656,37.35707],[126.73828,37.36244],[126.73828,37.37317]]]},"properties":{"row":-2,"col":0,"walk_min":26.5,"nearest_station_id":"kr_428","nearest_station_name":"Oido","nearest_station_name_ko":"오이도","a":111,"c":113,"e":110,"g":119,"i":101,"k":118,"m":120,"o":112,"b":111,"d":113,"f":110,"h":119,"j":101,"l":118,"n":120,"p":112}},{"type":"Feature","geometry":{"type":"Polygon","coordinates":[[[126.97272,37.46975],[126.961,37.47512],[126.94928,37.46975],[126.94928,37.45902],[126.961,37.45366],[126.97272,37.45902],[126.97272,37.46975]]]},"properties":{"row":4,"col":7,"walk_min":16.4,"nearest_station_id":"kr_319","nearest_station_name":"Nakseongdae","nearest_station_name_ko":"낙성대","a":39,"c":42,"e":30,"g":53,"i":19,"k":45,"m":56,"o":48,"b":39,"d":42,"f":30,"h":53,"j":19,"l":45,"n":56,"p":48}},{"type":"Feature","geometry":{"type":"Polygon","coordinates":[[[126.80861,37.30878],[126.79689,37.31415],[126.78517,37.30878],[126.78517,37.29805],[126.79689,37.29269],[126.80861,37.29805],[126.80861,37.30878]]]},"properties":{"row":-6,"col":5,"walk_min":30.4,"nearest_station_id":"kr_230","nearest_station_name":"Choji","nearest_station_name_ko":"초지","a":104,"c":106,"e":102,"g":114,"i":93,"k":112,"m":119,"o":105,"b":104,"d":106,"f":102,"h":114,"j":93,"l":112,"n":119,"p":105}},{"type":"Feature","geometry":{"type":"Polygon","coordinates":[[[126.79689,37.35707],[126.78517,37.36244],[126.77344,37.35707],[126.77344,37.34634],[126.78517,37.34098],[126.79689,37.34634],[126.79689,37.35707]]]},"properties":{"row":-3,"col":3,"walk_min":32.0,"nearest_station_id":"kr_427","nearest_station_name":"Singiloncheon","nearest_station_name_ko":"신길온천","a":112,"c":114,"e":111,"g":118,"i":102,"k":117,"m":120,"o":113,"b":112,"d":114,"f":111,"h":118,"j":102,"l":117,"n":120,"p":113}},{"type":"Feature","geometry":{"type":"Polygon","coordinates":[[[127.172,37.48585],[127.16028,37.49122],[127.14855,37.48585],[127.14855,37.47512],[127.16028,37.46975],[127.172,37.47512],[127.172,37.48585]]]},"properties":{"row":5,"col":15,"walk_min":21.8,"nearest_station_id":"kr_440","nearest_station_name":"Macheon","nearest_station_name_ko":"마천","a":73,"c":72,"e":52,"g":60,"i":62,"k":47,"m":58,"o":82,"b":73,"d":72,"f":52,"h":60,"j":62,"l":47,"n":58,"p":82}},{"type":"Feature","geometry":{"type":"Polygon","coordinates":[[[127.18372,37.46975],[127.172,37.47512],[127.16028,37.46975],[127.16028,37.45902],[127.172,37.45366],[127.18372,37.45902],[127.18372,37.46975]]]},"properties":{"row":4,"col":16,"walk_min":26.1,"nearest_station_id":"kr_232","nearest_station_name":"Namhansanseong","nearest_station_name_ko":"남한산성입구","a":82,"c":83,"e":60,"g":73,"i":71,"k":55,"m":66,"o":90,"b":82,"d":83,"f":60,"h":73,"j":71,"l":55,"n":66,"p":90}},{"type":"Feature","geometry":{"type":"Polygon","coordinates":[[[127.172,37.58243],[127.16028,37.5878],[127.14855,37.58243],[127.14855,37.5717],[127.16028,37.56634],[127.172,37.5717],[127.172,37.58243]]]},"properties":{"row":11,"col":12,"walk_min":20.4,"nearest_station_id":"kr_171","nearest_station_name":"Sangil-dong","nearest_station_name_ko":"상일동","a":67,"c":66,"e":58,"g":53,"i":69,"k":53,"m":62,"o":77,"b":67,"d":66,"f":58,"h":53,"j":69,"l":53,"n":62,"p":77}},{"type":"Feature","geometry":{"type":"Polygon","coordinates":[[[127.01961,37.66292],[127.00789,37.66828],[126.99617,37.66292],[126.99617,37.65219],[127.00789,37.64682],[127.01961,37.65219],[127.01961,37.66292]]]},"properties":{"row":16,"col":3,"walk_min":32.6,"nearest_station_id":"kr_116","nearest_station_name":"Suyu (Gangbuk-gu Office)","nearest_station_name_ko":"수유(강북구청)","a":63,"c":61,"e":75,"g":61,"i":83,"k":81,"m":70,"o":72,"b":63,"d":61,"f":75,"h":61,"j":83,"l":81,"n":70,"p":72}},{"type":"Feature","geometry":{"type":"Polygon","coordinates":[[[126.90239,37.63072],[126.89067,37.63609],[126.87894,37.63072],[126.87894,37.61999],[126.89067,37.61463],[126.90239,37.61999],[126.90239,37.63072]]]},"properties":{"row":14,"col":-1,"walk_min":27.9,"nearest_station_id":"kr_134","nearest_station_name":"Yeonsinnae","nearest_station_name_ko":"연신내","a":58,"c":56,"e":75,"g":62,"i":77,"k":82,"m":71,"o":67,"b":58,"d":56,"f":75,"h":62,"j":77,"l":82,"n":71,"p":67}},{"type":"Feature","geometry":{"type":"Polygon","coordinates":[[[126.94928,37.46975],[126.93755,37.47512],[126.92583,37.46975],[126.92583,37.45902],[126.93755,37.45366],[126.94928,37.45902],[126.94928,37.46975]]]},"properties":{"row":4,"col":6,"walk_min":21.2,"nearest_station_id":"kr_377","nearest_station_name":"Bongcheon","nearest_station_name_ko":"봉천","a":48,"c":51,"e":39,"g":62,"i":28,"k":54,"m":65,"o":50,"b":48,"d":51,"f":39,"h":62,"j":28,"l":54,"n":65,"p":50}},{"type":"Feature","geometry":{"type":"Polygon","coordinates":[[[126.84378,37.61463],[126.83206,37.61999],[126.82033,37.61463],[126.82033,37.60389],[126.83206,37.59853],[126.84378,37.60389],[126.84378,37.61463]]]},"properties":{"row":13,"col":-3,"walk_min":38.0,"nearest_station_id":"kr_441","nearest_station_name":"방화","nearest_station_name_ko":"방화","a":86,"c":84,"e":97,"g":94,"i":96,"k":106,"m":103,"o":83,"b":86,"d":84,"f":97,"h":94,"j":96,"l":106,"n":103,"p":83}},{"type":"Feature","geometry":{"type":"Polygon","coordinates":[[[126.80861,37.66292],[126.79689,37.66828],[126.78517,37.66292],[126.78517,37.65219],[126.79689,37.64682],[126.80861,37.65219],[126.80861,37.66292]]]},"properties":{"row":16,"col":-6,"walk_min":18.7,"nearest_station_id":"kr_228","nearest_station_name":"Baekseok","nearest_station_name_ko":"백석","a":78,"c":75,"e":95,"g":82,"i":98,"k":102,"m":91,"o":87,"b":78,"d":75,"f":95,"h":82,"j":98,"l":102,"n":91,"p":87}},{"type":"Feature","geometry":{"type":"Polygon","coordinates":[[[127.04305,37.27659],[127.03133,37.28196],[127.01961,37.27659],[127.01961,37.26586],[127.03133,37.26049],[127.04305,37.26586],[127.04305,37.27659]]]},"properties":{"row":-8,"col":16,"walk_min":38.8,"nearest_station_id":"kr_357","nearest_station_name":"Gwanggyo Jungang","nearest_station_name_ko":"광교중앙","a":113,"c":115,"e":103,"g":119,"i":101,"k":117,"m":120,"o":113,"b":113,"d":115,"f":103,"h":119,"j":101,"l":117,"n":120,"p":113}},{"type":"Feature","geometry":{"type":"Polygon","coordinates":[[[126.89067,37.45366],[126.87894,37.45902],[126.86722,37.45366],[126.86722,37.44293],[126.87894,37.43756],[126.89067,37.44293],[126.89067,37.45366]]]},"properties":{"row":3,"col":4,"walk_min":20.2,"nearest_station_id":"kr_008","nearest_station_name":"Geumcheon-gu Office","nearest_station_name_ko":"금천구청","a":46,"c":49,"e":56,"g":61,"i":52,"k":69,"m":70,"o":47,"b":46,"d":49,"f":56,"h":61,"j":52,"l":69,"n":70,"p":47}},{"type":"Feature","geometry":{"type":"Polygon","coordinates":[[[126.87894,37.63072],[126.86722,37.63609],[126.8555,37.63072],[126.8555,37.61999],[126.86722,37.61463],[126.87894,37.61999],[126.87894,37.63072]]]},"properties":{"row":14,"col":-2,"walk_min":38.4,"nearest_station_id":"kr_167","nearest_station_name":"Hwajeong","nearest_station_name_ko":"화정","a":85,"c":82,"e":102,"g":88,"i":104,"k":109,"m":97,"o":93,"b":85,"d":82,"f":102,"h":88,"j":104,"l":109,"n":97,"p":93}},{"type":"Feature","geometry":{"type":"Polygon","coordinates":[[[126.60933,37.48585],[126.59761,37.49122],[126.58589,37.48585],[126.58589,37.47512],[126.59761,37.46975],[126.60933,37.47512],[126.60933,37.48585]]]},"properties":{"row":5,"col":-9,"walk_min":29.4,"nearest_station_id":"kr_458","nearest_station_name":"Incheon","nearest_station_name_ko":"인천","a":97,"c":99,"e":106,"g":111,"i":102,"k":118,"m":118,"o":93,"b":97,"d":99,"f":106,"h":111,"j":102,"l":118,"n":118,"p":93}},{"type":"Feature","geometry":{"type":"Polygon","coordinates":[[[126.62106,37.50195],[126.60933,37.50731],[126.59761,37.50195],[126.59761,37.49122],[126.60933,37.48585],[126.62106,37.49122],[126.62106,37.50195]]]},"properties":{"row":6,"col":-9,"walk_min":76.0,"nearest_station_id":"kr_458","nearest_station_name":"Incheon","nearest_station_name_ko":"인천","a":115,"c":115,"e":116,"g":117,"i":116,"k":119,"m":119,"o":114,"b":115,"d":115,"f":116,"h":117,"j":116,"l":119,"n":119,"p":114}},{"type":"Feature","geometry":{"type":"Polygon","coordinates":[[[126.8555,37.46975],[126.84378,37.47512],[126.83206,37.46975],[126.83206,37.45902],[126.84378,37.45366],[126.8555,37.45902],[126.8555,37.46975]]]},"properties":{"row":4,"col":2,"walk_min":20.0,"nearest_station_id":"kr_220","nearest_station_name":"광명사거리","nearest_station_name_ko":"광명사거리","a":56,"c":59,"e":63,"g":71,"i":62,"k":76,"m":80,"o":53,"b":56,"d":59,"f":63,"h":71,"j":62,"l":76,"n":80,"p":53}},{"type":"Feature","geometry":{"type":"Polygon","coordinates":[[[127.00789,37.61463],[126.99617,37.61999],[126.98444,37.61463],[126.98444,37.60389],[126.99617,37.59853],[127.00789,37.60389],[127.00789,37.61463]]]},"properties":{"row":13,"col":4,"walk_min":28.1,"nearest_station_id":"kr_061","nearest_station_name":"Hansung Univ. (Samseongyo)","nearest_station_name_ko":"한성대입구(삼선교)","a":47,"c":45,"e":59,"g":45,"i":67,"k":66,"m":55,"o":57,"b":47,"d":45,"f":59,"h":45,"j":67,"l":66,"n":55,"p":57}},{"type":"Feature","geometry":{"type":"Polygon","coordinates":[[[127.03133,37.42146],[127.01961,37.42683],[127.00789,37.42146],[127.00789,37.41073],[127.01961,37.40537],[127.03133,37.41073],[127.03133,37.42146]]]},"properties":{"row":1,"col":11,"walk_min":33.1,"nearest_station_id":"kr_346","nearest_station_name":"Seoul Grand park","nearest_station_name_ko":"대공원","a":66,"c":68,"e":56,"g":79,"i":46,"k":72,"m":83,"o":74,"b":66,"d":68,"f":56,"h":79,"j":46,"l":72,"n":83,"p":74}},{"type":"Feature","geometry":{"type":"Polygon","coordinates":[[[127.04305,37.43756],[127.03133,37.44293],[127.01961,37.43756],[127.01961,37.42683],[127.03133,37.42146],[127.04305,37.42683],[127.04305,37.43756]]]},"properties":{"row":2,"col":11,"walk_min":25.6,"nearest_station_id":"kr_040","nearest_station_name":"Cheonggyesan","nearest_station_name_ko":"청계산입구","a":60,"c":62,"e":42,"g":66,"i":44,"k":58,"m":69,"o":68,"b":60,"d":62,"f":42,"h":66,"j":44,"l":58,"n":69,"p":68}},{"type":"Feature","geometry":{"type":"Polygon","coordinates":[[[127.01961,37.46975],[127.00789,37.47512],[126.99617,37.46975],[126.99617,37.45902],[127.00789,37.45366],[127.01961,37.45902],[127.01961,37.46975]]]},"properties":{"row":4,"col":9,"walk_min":15.7,"nearest_station_id":"kr_247","nearest_station_name":"Namtaeryeong","nearest_station_name_ko":"남태령","a":41,"c":43,"e":28,"g":51,"i":22,"k":43,"m":54,"o":50,"b":41,"d":43,"f":28,"h":51,"j":22,"l":43,"n":54,"p":50}},{"type":"Feature","geometry":{"type":"Polygon","coordinates":[[[126.78517,37.37317],[126.77344,37.37854],[126.76172,37.37317],[126.76172,37.36244],[126.77344,37.35707],[126.78517,37.36244],[126.78517,37.37317]]]},"properties":{"row":-2,"col":2,"walk_min":42.8,"nearest_station_id":"kr_427","nearest_station_name":"Singiloncheon","nearest_station_name_ko":"신길온천","a":119,"c":120,"e":119,"g":120,"i":113,"k":120,"m":120,"o":119,"b":119,"d":120,"f":119,"h":120,"j":113,"l":120,"n":120,"p":119}},{"type":"Feature","geometry":{"type":"Polygon","coordinates":[[[126.78517,37.56634],[126.77344,37.5717],[126.76172,37.56634],[126.76172,37.5556],[126.77344,37.55024],[126.78517,37.5556],[126.78517,37.56634]]]},"properties":{"row":10,"col":-4,"walk_min":49.7,"nearest_station_id":"kr_429","nearest_station_name":"Gaehwa","nearest_station_name_ko":"개화","a":92,"c":90,"e":98,"g":104,"i":94,"k":109,"m":110,"o":79,"b":92,"d":90,"f":98,"h":104,"j":94,"l":109,"n":110,"p":79}},{"type":"Feature","geometry":{"type":"Polygon","coordinates":[[[126.77344,37.58243],[126.76172,37.5878],[126.75,37.58243],[126.75,37.5717],[126.76172,37.56634],[126.77344,37.5717],[126.77344,37.58243]]]},"properties":{"row":11,"col":-5,"walk_min":56.7,"nearest_station_id":"kr_429","nearest_station_name":"Gaehwa","nearest_station_name_ko":"개화","a":100,"c":98,"e":105,"g":110,"i":101,"k":116,"m":117,"o":88,"b":100,"d":98,"f":105,"h":110,"j":101,"l":116,"n":117,"p":88}},{"type":"Feature","geometry":{"type":"Polygon","coordinates":[[[126.90239,37.34098],[126.89067,37.34634],[126.87894,37.34098],[126.87894,37.33025],[126.89067,37.32488],[126.90239,37.33025],[126.90239,37.34098]]]},"properties":{"row":-4,"col":8,"walk_min":36.1,"nearest_station_id":"kr_423","nearest_station_name":"Daeyami","nearest_station_name_ko":"대야미","a":95,"c":97,"e":91,"g":106,"i":81,"k":104,"m":112,"o":95,"b":95,"d":97,"f":91,"h":106,"j":81,"l":104,"n":112,"p":95}},{"type":"Feature","geometry":{"type":"Polygon","coordinates":[[[126.79689,37.67901],[126.78517,37.68438],[126.77344,37.67901],[126.77344,37.66828],[126.78517,37.66292],[126.79689,37.66828],[126.79689,37.67901]]]},"properties":{"row":17,"col":-7,"walk_min":23.8,"nearest_station_id":"kr_302","nearest_station_name":"Jeongbalsan","nearest_station_name_ko":"정발산","a":90,"c":87,"e":107,"g":94,"i":110,"k":113,"m":103,"o":99,"b":90,"d":87,"f":107,"h":94,"j":110,"l":113,"n":103,"p":99}},{"type":"Feature","geometry":{"type":"Polygon","coordinates":[[[127.18372,37.53414],[127.172,37.53951],[127.16028,37.53414],[127.16028,37.52341],[127.172,37.51804],[127.18372,37.52341],[127.18372,37.53414]]]},"properties":{"row":8,"col":14,"walk_min":32.1,"nearest_station_id":"kr_437","nearest_station_name":"VHS Medical Center","nearest_station_name_ko":"보훈병원","a":78,"c":77,"e":63,"g":64,"i":74,"k":58,"m":69,"o":89,"b":78,"d":77,"f":63,"h":64,"j":74,"l":58,"n":69,"p":89}},{"type":"Feature","geometry":{"type":"Polygon","coordinates":[[[127.16028,37.40537],[127.14855,37.41073],[127.13683,37.40537],[127.13683,37.39463],[127.14855,37.38927],[127.16028,37.39463],[127.16028,37.40537]]]},"properties":{"row":0,"col":17,"walk_min":29.4,"nearest_station_id":"kr_108","nearest_station_name":"Imae","nearest_station_name_ko":"이매","a":84,"c":86,"e":60,"g":83,"i":70,"k":74,"m":85,"o":92,"b":84,"d":86,"f":60,"h":83,"j":70,"l":74,"n":85,"p":92}},{"type":"Feature","geometry":{"type":"Polygon","coordinates":[[[126.76172,37.69511],[126.75,37.70048],[126.73828,37.69511],[126.73828,37.68438],[126.75,37.67901],[126.76172,37.68438],[126.76172,37.69511]]]},"properties":{"row":18,"col":-9,"walk_min":19.4,"nearest_station_id":"kr_424","nearest_station_name":"Daehwa","nearest_station_name_ko":"대화","a":91,"c":89,"e":108,"g":95,"i":111,"k":115,"m":104,"o":100,"b":91,"d":89,"f":108,"h":95,"j":111,"l":115,"n":104,"p":100}},{"type":"Feature","geometry":{"type":"Polygon","coordinates":[[[126.75,37.71121],[126.73828,37.71657],[126.72656,37.71121],[126.72656,37.70048],[126.73828,37.69511],[126.75,37.70048],[126.75,37.71121]]]},"properties":{"row":19,"col":-10,"walk_min":46.8,"nearest_station_id":"kr_424","nearest_station_name":"Daehwa","nearest_station_name_ko":"대화","a":117,"c":116,"e":119,"g":118,"i":119,"k":120,"m":119,"o":118,"b":117,"d":116,"f":119,"h":118,"j":119,"l":120,"n":119,"p":118}},{"type":"Feature","geometry":{"type":"Polygon","coordinates":[[[127.172,37.42146],[127.16028,37.42683],[127.14855,37.42146],[127.14855,37.41073],[127.16028,37.40537],[127.172,37.41073],[127.172,37.42146]]]},"properties":{"row":1,"col":17,"walk_min":39.5,"nearest_station_id":"kr_353","nearest_station_name":"Sujin","nearest_station_name_ko":"수진","a":102,"c":104,"e":80,"g":96,"i":91,"k":79,"m":90,"o":110,"b":102,"d":104,"f":80,"h":96,"j":91,"l":79,"n":90,"p":110}},{"type":"Feature","geometry":{"type":"Polygon","coordinates":[[[127.18372,37.43756],[127.172,37.44293],[127.16028,37.43756],[127.16028,37.42683],[127.172,37.42146],[127.18372,37.42683],[127.18372,37.43756]]]},"properties":{"row":2,"col":17,"walk_min":25.3,"nearest_station_id":"kr_265","nearest_station_name":"Dandaeogeori","nearest_station_name_ko":"단대오거리","a":84,"c":86,"e":62,"g":76,"i":73,"k":57,"m":68,"o":92,"b":84,"d":86,"f":62,"h":76,"j":73,"l":57,"n":68,"p":92}},{"type":"Feature","geometry":{"type":"Polygon","coordinates":[[[126.8555,37.34098],[126.84378,37.34634],[126.83206,37.34098],[126.83206,37.33025],[126.84378,37.32488],[126.8555,37.33025],[126.8555,37.34098]]]},"properties":{"row":-4,"col":6,"walk_min":31.9,"nearest_station_id":"kr_168","nearest_station_name":"Jungang","nearest_station_name_ko":"중앙","a":104,"c":106,"e":100,"g":113,"i":90,"k":112,"m":118,"o":104,"b":104,"d":106,"f":100,"h":113,"j":90,"l":112,"n":118,"p":104}},{"type":"Feature","geometry":{"type":"Polygon","coordinates":[[[126.99617,37.37317],[126.98444,37.37854],[126.97272,37.37317],[126.97272,37.36244],[126.98444,37.35707],[126.99617,37.36244],[126.99617,37.37317]]]},"properties":{"row":-2,"col":11,"walk_min":41.9,"nearest_station_id":"kr_072","nearest_station_name":"Gunpo","nearest_station_name_ko":"군포","a":90,"c":92,"e":85,"g":103,"i":74,"k":100,"m":107,"o":92,"b":90,"d":92,"f":85,"h":103,"j":74,"l":100,"n":107,"p":92}},{"type":"Feature","geometry":{"type":"Polygon","coordinates":[[[127.12511,37.45366],[127.11339,37.45902],[127.10166,37.45366],[127.10166,37.44293],[127.11339,37.43756],[127.12511,37.44293],[127.12511,37.45366]]]},"properties":{"row":3,"col":14,"walk_min":55.2,"nearest_station_id":"kr_439","nearest_station_name":"Moran","nearest_station_name_ko":"모란","a":106,"c":107,"e":97,"g":103,"i":102,"k":92,"m":101,"o":110,"b":106,"d":107,"f":97,"h":103,"j":102,"l":92,"n":101,"p":110}},{"type":"Feature","geometry":{"type":"Polygon","coordinates":[[[127.20716,37.69511],[127.19544,37.70048],[127.18372,37.69511],[127.18372,37.68438],[127.19544,37.67901],[127.20716,37.68438],[127.20716,37.69511]]]},"properties":{"row":18,"col":10,"walk_min":19.5,"nearest_station_id":"kr_361","nearest_station_name":"Onam","nearest_station_name_ko":"오남","a":83,"c":81,"e":95,"g":81,"i":103,"k":102,"m":90,"o":92,"b":83,"d":81,"f":95,"h":81,"j":103,"l":102,"n":90,"p":92}},{"type":"Feature","geometry":{"type":"Polygon","coordinates":[[[127.172,37.71121],[127.16028,37.71657],[127.14855,37.71121],[127.14855,37.70048],[127.16028,37.69511],[127.172,37.70048],[127.172,37.71121]]]},"properties":{"row":19,"col":8,"walk_min":39.9,"nearest_station_id":"kr_361","nearest_station_name":"Onam","nearest_station_name_ko":"오남","a":104,"c":102,"e":115,"g":102,"i":117,"k":117,"m":111,"o":113,"b":104,"d":102,"f":115,"h":102,"j":117,"l":117,"n":111,"p":113}},{"type":"Feature","geometry":{"type":"Polygon","coordinates":[[[127.18372,37.7273],[127.172,37.73267],[127.16028,37.7273],[127.16028,37.71657],[127.172,37.71121],[127.18372,37.71657],[127.18372,37.7273]]]},"properties":{"row":20,"col":8,"walk_min":33.3,"nearest_station_id":"kr_470","nearest_station_name":"Jinjeop","nearest_station_name_ko":"진접","a":99,"c":97,"e":109,"g":97,"i":115,"k":114,"m":105,"o":107,"b":99,"d":97,"f":109,"h":97,"j":115,"l":114,"n":105,"p":107}},{"type":"Feature","geometry":{"type":"Polygon","coordinates":[[[126.98444,37.45366],[126.97272,37.45902],[126.961,37.45366],[126.961,37.44293],[126.97272,37.43756],[126.98444,37.44293],[126.98444,37.45366]]]},"properties":{"row":3,"col":8,"walk_min":31.4,"nearest_station_id":"kr_247","nearest_station_name":"Namtaeryeong","nearest_station_name_ko":"남태령","a":55,"c":58,"e":46,"g":69,"i":35,"k":61,"m":72,"o":64,"b":55,"d":58,"f":46,"h":69,"j":35,"l":61,"n":72,"p":64}},{"type":"Feature","geometry":{"type":"Polygon","coordinates":[[[126.961,37.64682],[126.94928,37.65219],[126.93755,37.64682],[126.93755,37.63609],[126.94928,37.63072],[126.961,37.63609],[126.961,37.64682]]]},"properties":{"row":15,"col":1,"walk_min":36.8,"nearest_station_id":"kr_409","nearest_station_name":"독바위","nearest_station_name_ko":"독바위","a":66,"c":63,"e":83,"g":69,"i":86,"k":90,"m":79,"o":74,"b":66,"d":63,"f":83,"h":69,"j":86,"l":90,"n":79,"p":74}},{"type":"Feature","geometry":{"type":"Polygon","coordinates":[[[127.00789,37.32488],[126.99617,37.33025],[126.98444,37.32488],[126.98444,37.31415],[126.99617,37.30878],[127.00789,37.31415],[127.00789,37.32488]]]},"properties":{"row":-5,"col":13,"walk_min":41.3,"nearest_station_id":"kr_085","nearest_station_name":"Sungkyunkwan Univ","nearest_station_name_ko":"성균관대","a":104,"c":106,"e":101,"g":115,"i":90,"k":113,"m":117,"o":105,"b":104,"d":106,"f":101,"h":115,"j":90,"l":113,"n":117,"p":105}},{"type":"Feature","geometry":{"type":"Polygon","coordinates":[[[126.87894,37.43756],[126.86722,37.44293],[126.8555,37.43756],[126.8555,37.42683],[126.86722,37.42146],[126.87894,37.42683],[126.87894,37.43756]]]},"properties":{"row":2,"col":4,"walk_min":32.1,"nearest_station_id":"kr_442","nearest_station_name":"Gwangmyeong","nearest_station_name_ko":"광명","a":67,"c":70,"e":77,"g":81,"i":73,"k":90,"m":91,"o":68,"b":56,"d":59,"f":77,"h":71,"j":73,"l":90,"n":80,"p":68}},{"type":"Feature","geometry":{"type":"Polygon","coordinates":[[[127.08994,37.82389],[127.07822,37.82925],[127.0665,37.82389],[127.0665,37.81316],[127.07822,37.80779],[127.08994,37.81316],[127.08994,37.82389]]]},"properties":{"row":26,"col":1,"walk_min":49.5,"nearest_station_id":"kr_447","nearest_station_name":"Deokgye","nearest_station_name_ko":"덕계","a":114,"c":113,"e":119,"g":113,"i":120,"k":118,"m":114,"o":118,"b":114,"d":113,"f":119,"h":113,"j":120,"l":118,"n":114,"p":118}},{"type":"Feature","geometry":{"type":"Polygon","coordinates":[[[127.10166,37.80779],[127.08994,37.81316],[127.07822,37.80779],[127.07822,37.79706],[127.08994,37.79169],[127.10166,37.79706],[127.10166,37.80779]]]},"properties":{"row":25,"col":2,"walk_min":51.6,"nearest_station_id":"kr_447","nearest_station_name":"Deokgye","nearest_station_name_ko":"덕계","a":118,"c":117,"e":120,"g":117,"i":120,"k":120,"m":118,"o":119,"b":118,"d":117,"f":120,"h":117,"j":120,"l":120,"n":118,"p":119}},{"type":"Feature","geometry":{"type":"Polygon","coordinates":[[[127.172,37.64682],[127.16028,37.65219],[127.14855,37.64682],[127.14855,37.63609],[127.16028,37.63072],[127.172,37.63609],[127.172,37.64682]]]},"properties":{"row":15,"col":10,"walk_min":29.0,"nearest_station_id":"kr_352","nearest_station_name":"Dasan","nearest_station_name_ko":"다산","a":85,"c":84,"e":77,"g":71,"i":88,"k":72,"m":80,"o":95,"b":85,"d":84,"f":77,"h":71,"j":88,"l":72,"n":80,"p":95}},{"type":"Feature","geometry":{"type":"Polygon","coordinates":[[[127.01961,37.30878],[127.00789,37.31415],[126.99617,37.30878],[126.99617,37.29805],[127.00789,37.29269],[127.01961,37.29805],[127.01961,37.30878]]]},"properties":{"row":-6,"col":14,"walk_min":36.8,"nearest_station_id":"kr_085","nearest_station_name":"Sungkyunkwan Univ","nearest_station_name_ko":"성균관대","a":103,"c":105,"e":98,"g":114,"i":92,"k":111,"m":118,"o":104,"b":103,"d":105,"f":98,"h":114,"j":92,"l":111,"n":118,"p":104}},{"type":"Feature","geometry":{"type":"Polygon","coordinates":[[[127.03133,37.29269],[127.01961,37.29805],[127.00789,37.29269],[127.00789,37.28196],[127.01961,37.27659],[127.03133,37.28196],[127.03133,37.29269]]]},"properties":{"row":-7,"col":15,"walk_min":36.2,"nearest_station_id":"kr_444","nearest_station_name":"Gwanggyo","nearest_station_name_ko":"광교","a":112,"c":113,"e":99,"g":117,"i":99,"k":114,"m":119,"o":112,"b":112,"d":113,"f":99,"h":117,"j":99,"l":114,"n":119,"p":112}},{"type":"Feature","geometry":{"type":"Polygon","coordinates":[[[127.10166,37.83998],[127.08994,37.84535],[127.07822,37.83998],[127.07822,37.82925],[127.08994,37.82389],[127.10166,37.82925],[127.10166,37.83998]]]},"properties":{"row":27,"col":1,"walk_min":68.9,"nearest_station_id":"kr_447","nearest_station_name":"Deokgye","nearest_station_name_ko":"덕계","a":120,"c":120,"e":120,"g":120,"i":120,"k":120,"m":120,"o":120,"b":120,"d":120,"f":120,"h":120,"j":120,"l":120,"n":120,"p":120}},{"type":"Feature","geometry":{"type":"Polygon","coordinates":[[[126.73828,37.34098],[126.72656,37.34634],[126.71483,37.34098],[126.71483,37.33025],[126.72656,37.32488],[126.73828,37.33025],[126.73828,37.34098]]]},"properties":{"row":-4,"col":1,"walk_min":33.7,"nearest_station_id":"kr_351","nearest_station_name":"Jeongwang","nearest_station_name_ko":"정왕","a":116,"c":117,"e":115,"g":120,"i":109,"k":120,"m":120,"o":117,"b":116,"d":117,"f":115,"h":120,"j":109,"l":120,"n":120,"p":117}},{"type":"Feature","geometry":{"type":"Polygon","coordinates":[[[127.19544,37.45366],[127.18372,37.45902],[127.172,37.45366],[127.172,37.44293],[127.18372,37.43756],[127.19544,37.44293],[127.19544,37.45366]]]},"properties":{"row":3,"col":17,"walk_min":31.7,"nearest_station_id":"kr_232","nearest_station_name":"Namhansanseong","nearest_station_name_ko":"남한산성입구","a":88,"c":90,"e":66,"g":80,"i":77,"k":61,"m":72,"o":97,"b":88,"d":90,"f":66,"h":80,"j":77,"l":61,"n":72,"p":97}},{"type":"Feature","geometry":{"type":"Polygon","coordinates":[[[126.86722,37.42146],[126.8555,37.42683],[126.84378,37.42146],[126.84378,37.41073],[126.8555,37.40537],[126.86722,37.41073],[126.86722,37.42146]]]},"properties":{"row":1,"col":4,"walk_min":35.9,"nearest_station_id":"kr_442","nearest_station_name":"Gwangmyeong","nearest_station_name_ko":"광명","a":71,"c":74,"e":81,"g":85,"i":77,"k":94,"m":95,"o":72,"b":60,"d":63,"f":81,"h":75,"j":77,"l":94,"n":84,"p":72}},{"type":"Feature","geometry":{"type":"Polygon","coordinates":[[[126.87894,37.40537],[126.86722,37.41073],[126.8555,37.40537],[126.8555,37.39463],[126.86722,37.38927],[126.87894,37.39463],[126.87894,37.40537]]]},"properties":{"row":0,"col":5,"walk_min":40.7,"nearest_station_id":"kr_442","nearest_station_name":"Gwangmyeong","nearest_station_name_ko":"광명","a":76,"c":79,"e":86,"g":90,"i":82,"k":99,"m":100,"o":77,"b":65,"d":68,"f":86,"h":80,"j":82,"l":99,"n":89,"p":77}},{"type":"Feature","geometry":{"type":"Polygon","coordinates":[[[126.94928,37.30878],[126.93755,37.31415],[126.92583,37.30878],[126.92583,37.29805],[126.93755,37.29269],[126.94928,37.29805],[126.94928,37.30878]]]},"properties":{"row":-6,"col":11,"walk_min":34.9,"nearest_station_id":"kr_032","nearest_station_name":"Uiwang","nearest_station_name_ko":"의왕","a":94,"c":97,"e":91,"g":108,"i":80,"k":106,"m":115,"o":95,"b":94,"d":97,"f":91,"h":108,"j":80,"l":106,"n":115,"p":95}},{"type":"Feature","geometry":{"type":"Polygon","coordinates":[[[126.77344,37.71121],[126.76172,37.71657],[126.75,37.71121],[126.75,37.70048],[126.76172,37.69511],[126.77344,37.70048],[126.77344,37.71121]]]},"properties":{"row":19,"col":-9,"walk_min":47.6,"nearest_station_id":"kr_424","nearest_station_name":"Daehwa","nearest_station_name_ko":"대화","a":118,"c":116,"e":119,"g":118,"i":120,"k":120,"m":119,"o":119,"b":118,"d":116,"f":119,"h":118,"j":120,"l":120,"n":119,"p":119}},{"type":"Feature","geometry":{"type":"Polygon","coordinates":[[[126.78517,37.69511],[126.77344,37.70048],[126.76172,37.69511],[126.76172,37.68438],[126.77344,37.67901],[126.78517,37.68438],[126.78517,37.69511]]]},"properties":{"row":18,"col":-8,"walk_min":31.7,"nearest_station_id":"kr_350","nearest_station_name":"Juyeop","nearest_station_name_ko":"주엽","a":102,"c":100,"e":117,"g":106,"i":118,"k":119,"m":115,"o":111,"b":102,"d":100,"f":117,"h":106,"j":118,"l":119,"n":115,"p":111}},{"type":"Feature","geometry":{"type":"Polygon","coordinates":[[[126.66794,37.50195],[126.65622,37.50731],[126.6445,37.50195],[126.6445,37.49122],[126.65622,37.48585],[126.66794,37.49122],[126.66794,37.50195]]]},"properties":{"row":6,"col":-7,"walk_min":39.8,"nearest_station_id":"kr_330","nearest_station_name":"Dongincheon","nearest_station_name_ko":"동인천","a":104,"c":106,"e":113,"g":115,"i":109,"k":117,"m":117,"o":100,"b":104,"d":106,"f":113,"h":115,"j":109,"l":117,"n":117,"p":100}},{"type":"Feature","geometry":{"type":"Polygon","coordinates":[[[126.91411,37.38927],[126.90239,37.39463],[126.89067,37.38927],[126.89067,37.37854],[126.90239,37.37317],[126.91411,37.37854],[126.91411,37.38927]]]},"properties":{"row":-1,"col":7,"walk_min":38.7,"nearest_station_id":"kr_459","nearest_station_name":"Myeonghak","nearest_station_name_ko":"명학","a":81,"c":83,"e":85,"g":95,"i":75,"k":100,"m":104,"o":81,"b":81,"d":83,"f":85,"h":95,"j":75,"l":100,"n":104,"p":81}},{"type":"Feature","geometry":{"type":"Polygon","coordinates":[[[127.13683,37.30878],[127.12511,37.31415],[127.11339,37.30878],[127.11339,37.29805],[127.12511,37.29269],[127.13683,37.29805],[127.13683,37.30878]]]},"properties":{"row":-6,"col":19,"walk_min":57.1,"nearest_station_id":"kr_233","nearest_station_name":"Suji-gu Office","nearest_station_name_ko":"수지구청","a":118,"c":118,"e":101,"g":118,"i":109,"k":113,"m":118,"o":119,"b":118,"d":118,"f":101,"h":118,"j":109,"l":113,"n":118,"p":119}},{"type":"Feature","geometry":{"type":"Polygon","coordinates":[[[127.21889,37.38927],[127.20716,37.39463],[127.19544,37.38927],[127.19544,37.37854],[127.20716,37.37317],[127.21889,37.37854],[127.21889,37.38927]]]},"properties":{"row":-1,"col":20,"walk_min":57.4,"nearest_station_id":"kr_237","nearest_station_name":"삼동","nearest_station_name_ko":"삼동","a":114,"c":115,"e":100,"g":114,"i":110,"k":112,"m":115,"o":117,"b":114,"d":115,"f":100,"h":114,"j":110,"l":112,"n":115,"p":117}},{"type":"Feature","geometry":{"type":"Polygon","coordinates":[[[126.67967,37.45366],[126.66794,37.45902],[126.65622,37.45366],[126.65622,37.44293],[126.66794,37.43756],[126.67967,37.44293],[126.67967,37.45366]]]},"properties":{"row":3,"col":-5,"walk_min":24.3,"nearest_station_id":"kr_248","nearest_station_name":"Juan","nearest_station_name_ko":"주안","a":83,"c":85,"e":92,"g":97,"i":88,"k":105,"m":106,"o":79,"b":83,"d":85,"f":92,"h":97,"j":88,"l":105,"n":106,"p":79}},{"type":"Feature","geometry":{"type":"Polygon","coordinates":[[[126.70311,37.45366],[126.69139,37.45902],[126.67967,37.45366],[126.67967,37.44293],[126.69139,37.43756],[126.70311,37.44293],[126.70311,37.45366]]]},"properties":{"row":3,"col":-4,"walk_min":21.5,"nearest_station_id":"kr_455","nearest_station_name":"Ganseok","nearest_station_name_ko":"간석","a":77,"c":80,"e":87,"g":92,"i":83,"k":100,"m":101,"o":74,"b":77,"d":80,"f":87,"h":92,"j":83,"l":100,"n":101,"p":74}},{"type":"Feature","geometry":{"type":"Polygon","coordinates":[[[127.04305,37.82389],[127.03133,37.82925],[127.01961,37.82389],[127.01961,37.81316],[127.03133,37.80779],[127.04305,37.81316],[127.04305,37.82389]]]},"properties":{"row":26,"col":-1,"walk_min":41.2,"nearest_station_id":"kr_447","nearest_station_name":"Deokgye","nearest_station_name_ko":"덕계","a":108,"c":107,"e":116,"g":107,"i":119,"k":115,"m":108,"o":114,"b":108,"d":107,"f":116,"h":107,"j":119,"l":115,"n":108,"p":114}},{"type":"Feature","geometry":{"type":"Polygon","coordinates":[[[126.80861,37.46975],[126.79689,37.47512],[126.78517,37.46975],[126.78517,37.45902],[126.79689,37.45366],[126.80861,37.45902],[126.80861,37.46975]]]},"properties":{"row":4,"col":0,"walk_min":25.9,"nearest_station_id":"kr_451","nearest_station_name":"Sosa","nearest_station_name_ko":"소사","a":60,"c":62,"e":69,"g":74,"i":65,"k":83,"m":83,"o":57,"b":60,"d":62,"f":69,"h":74,"j":65,"l":83,"n":83,"p":57}},{"type":"Feature","geometry":{"type":"Polygon","coordinates":[[[127.0665,37.43756],[127.05478,37.44293],[127.04305,37.43756],[127.04305,37.42683],[127.05478,37.42146],[127.0665,37.42683],[127.0665,37.43756]]]},"properties":{"row":2,"col":12,"walk_min":27.7,"nearest_station_id":"kr_040","nearest_station_name":"Cheonggyesan","nearest_station_name_ko":"청계산입구","a":64,"c":66,"e":40,"g":65,"i":51,"k":56,"m":67,"o":73,"b":64,"d":66,"f":40,"h":65,"j":51,"l":56,"n":67,"p":73}},{"type":"Feature","geometry":{"type":"Polygon","coordinates":[[[126.75,37.64682],[126.73828,37.65219],[126.72656,37.64682],[126.72656,37.63609],[126.73828,37.63072],[126.75,37.63609],[126.75,37.64682]]]},"properties":{"row":15,"col":-8,"walk_min":109.3,"nearest_station_id":"kr_261","nearest_station_name":"Madu","nearest_station_name_ko":"마두","a":118,"c":118,"e":119,"g":118,"i":120,"k":120,"m":119,"o":119,"b":118,"d":118,"f":119,"h":118,"j":120,"l":120,"n":119,"p":119}},{"type":"Feature","geometry":{"type":"Polygon","coordinates":[[[127.16028,37.66292],[127.14855,37.66828],[127.13683,37.66292],[127.13683,37.65219],[127.14855,37.64682],[127.16028,37.65219],[127.16028,37.66292]]]},"properties":{"row":16,"col":9,"walk_min":36.6,"nearest_station_id":"kr_438","nearest_station_name":"Byeollae","nearest_station_name_ko":"별내","a":97,"c":96,"e":90,"g":84,"i":101,"k":86,"m":93,"o":107,"b":97,"d":96,"f":90,"h":84,"j":101,"l":86,"n":93,"p":107}},{"type":"Feature","geometry":{"type":"Polygon","coordinates":[[[126.97272,37.27659],[126.961,37.28196],[126.94928,37.27659],[126.94928,37.26586],[126.961,37.26049],[126.97272,37.26586],[126.97272,37.27659]]]},"properties":{"row":-8,"col":13,"walk_min":36.8,"nearest_station_id":"kr_086","nearest_station_name":"Sungkyunkwan University","nearest_station_name_ko":"성균관대","a":102,"c":104,"e":100,"g":114,"i":90,"k":112,"m":118,"o":103,"b":102,"d":104,"f":100,"h":114,"j":90,"l":112,"n":118,"p":103}},{"type":"Feature","geometry":{"type":"Polygon","coordinates":[[[127.19544,37.48585],[127.18372,37.49122],[127.172,37.48585],[127.172,37.47512],[127.18372,37.46975],[127.19544,37.47512],[127.19544,37.48585]]]},"properties":{"row":5,"col":16,"walk_min":42.2,"nearest_station_id":"kr_440","nearest_station_name":"Macheon","nearest_station_name_ko":"마천","a":94,"c":93,"e":73,"g":80,"i":83,"k":68,"m":79,"o":103,"b":94,"d":93,"f":73,"h":80,"j":83,"l":68,"n":79,"p":103}},{"type":"Feature","geometry":{"type":"Polygon","coordinates":[[[126.86722,37.61463],[126.8555,37.61999],[126.84378,37.61463],[126.84378,37.60389],[126.8555,37.59853],[126.86722,37.60389],[126.86722,37.61463]]]},"properties":{"row":13,"col":-2,"walk_min":48.5,"nearest_station_id":"kr_167","nearest_station_name":"Hwajeong","nearest_station_name_ko":"화정","a":91,"c":90,"e":106,"g":98,"i":106,"k":113,"m":107,"o":100,"b":91,"d":90,"f":106,"h":98,"j":106,"l":113,"n":107,"p":100}},{"type":"Feature","geometry":{"type":"Polygon","coordinates":[[[127.18372,37.59853],[127.172,37.60389],[127.16028,37.59853],[127.16028,37.5878],[127.172,37.58243],[127.18372,37.5878],[127.18372,37.59853]]]},"properties":{"row":12,"col":12,"walk_min":34.8,"nearest_station_id":"kr_331","nearest_station_name":"Misa","nearest_station_name_ko":"미사","a":85,"c":84,"e":76,"g":70,"i":87,"k":71,"m":79,"o":95,"b":85,"d":84,"f":76,"h":70,"j":87,"l":71,"n":79,"p":95}},{"type":"Feature","geometry":{"type":"Polygon","coordinates":[[[126.75,37.38927],[126.73828,37.39463],[126.72656,37.38927],[126.72656,37.37854],[126.73828,37.37317],[126.75,37.37854],[126.75,37.38927]]]},"properties":{"row":-1,"col":0,"walk_min":39.5,"nearest_station_id":"kr_428","nearest_station_name":"Oido","nearest_station_name_ko":"오이도","a":119,"c":120,"e":118,"g":120,"i":110,"k":120,"m":120,"o":120,"b":119,"d":120,"f":118,"h":120,"j":110,"l":120,"n":120,"p":120}},{"type":"Feature","geometry":{"type":"Polygon","coordinates":[[[126.77344,37.38927],[126.76172,37.39463],[126.75,37.38927],[126.75,37.37854],[126.76172,37.37317],[126.77344,37.37854],[126.77344,37.38927]]]},"properties":{"row":-1,"col":1,"walk_min":55.2,"nearest_station_id":"kr_428","nearest_station_name":"Oido","nearest_station_name_ko":"오이도","a":120,"c":120,"e":119,"g":120,"i":118,"k":120,"m":120,"o":120,"b":120,"d":120,"f":119,"h":120,"j":118,"l":120,"n":120,"p":120}},{"type":"Feature","geometry":{"type":"Polygon","coordinates":[[[127.08994,37.7273],[127.07822,37.73267],[127.0665,37.7273],[127.0665,37.71657],[127.07822,37.71121],[127.08994,37.71657],[127.08994,37.7273]]]},"properties":{"row":20,"col":4,"walk_min":34.9,"nearest_station_id":"kr_062","nearest_station_name":"Hoeryong","nearest_station_name_ko":"회룡","a":87,"c":85,"e":98,"g":85,"i":104,"k":97,"m":87,"o":96,"b":87,"d":85,"f":98,"h":85,"j":104,"l":97,"n":87,"p":96}},{"type":"Feature","geometry":{"type":"Polygon","coordinates":[[[127.10166,37.71121],[127.08994,37.71657],[127.07822,37.71121],[127.07822,37.70048],[127.08994,37.69511],[127.10166,37.70048],[127.10166,37.71121]]]},"properties":{"row":19,"col":5,"walk_min":39.2,"nearest_station_id":"kr_467","nearest_station_name":"Jangam","nearest_station_name_ko":"장암","a":87,"c":85,"e":99,"g":85,"i":107,"k":99,"m":88,"o":97,"b":87,"d":85,"f":99,"h":85,"j":107,"l":99,"n":88,"p":97}},{"type":"Feature","geometry":{"type":"Polygon","coordinates":[[[126.961,37.29269],[126.94928,37.29805],[126.93755,37.29269],[126.93755,37.28196],[126.94928,37.27659],[126.961,37.28196],[126.961,37.29269]]]},"properties":{"row":-7,"col":12,"walk_min":34.6,"nearest_station_id":"kr_086","nearest_station_name":"Sungkyunkwan University","nearest_station_name_ko":"성균관대","a":97,"c":99,"e":95,"g":110,"i":84,"k":108,"m":115,"o":97,"b":97,"d":99,"f":95,"h":110,"j":84,"l":108,"n":115,"p":97}},{"type":"Feature","geometry":{"type":"Polygon","coordinates":[[[126.84378,37.29269],[126.83206,37.29805],[126.82033,37.29269],[126.82033,37.28196],[126.83206,37.27659],[126.84378,37.28196],[126.84378,37.29269]]]},"properties":{"row":-7,"col":7,"walk_min":40.6,"nearest_station_id":"kr_168","nearest_station_name":"Jungang","nearest_station_name_ko":"중앙","a":106,"c":108,"e":103,"g":116,"i":96,"k":115,"m":119,"o":106,"b":106,"d":108,"f":103,"h":116,"j":96,"l":115,"n":119,"p":106}},{"type":"Feature","geometry":{"type":"Polygon","coordinates":[[[127.18372,37.69511],[127.172,37.70048],[127.16028,37.69511],[127.16028,37.68438],[127.172,37.67901],[127.18372,37.68438],[127.18372,37.69511]]]},"properties":{"row":18,"col":9,"walk_min":34.2,"nearest_station_id":"kr_361","nearest_station_name":"Onam","nearest_station_name_ko":"오남","a":98,"c":96,"e":109,"g":96,"i":114,"k":114,"m":105,"o":106,"b":98,"d":96,"f":109,"h":96,"j":114,"l":114,"n":105,"p":106}},{"type":"Feature","geometry":{"type":"Polygon","coordinates":[[[126.98444,37.42146],[126.97272,37.42683],[126.961,37.42146],[126.961,37.41073],[126.97272,37.40537],[126.98444,37.41073],[126.98444,37.42146]]]},"properties":{"row":1,"col":9,"walk_min":24.4,"nearest_station_id":"kr_325","nearest_station_name":"Indeogwon","nearest_station_name_ko":"인덕원","a":64,"c":67,"e":55,"g":78,"i":44,"k":70,"m":81,"o":72,"b":64,"d":67,"f":55,"h":78,"j":44,"l":70,"n":81,"p":72}},{"type":"Feature","geometry":{"type":"Polygon","coordinates":[[[127.11339,37.46975],[127.10166,37.47512],[127.08994,37.46975],[127.08994,37.45902],[127.10166,37.45366],[127.11339,37.45902],[127.11339,37.46975]]]},"properties":{"row":4,"col":13,"walk_min":28.6,"nearest_station_id":"kr_146","nearest_station_name":"Bokjeong","nearest_station_name_ko":"복정","a":73,"c":75,"e":52,"g":69,"i":62,"k":51,"m":62,"o":81,"b":73,"d":75,"f":52,"h":69,"j":62,"l":51,"n":62,"p":81}},{"type":"Feature","geometry":{"type":"Polygon","coordinates":[[[126.73828,37.69511],[126.72656,37.70048],[126.71483,37.69511],[126.71483,37.68438],[126.72656,37.67901],[126.73828,37.68438],[126.73828,37.69511]]]},"properties":{"row":18,"col":-10,"walk_min":30.4,"nearest_station_id":"kr_424","nearest_station_name":"Daehwa","nearest_station_name_ko":"대화","a":102,"c":100,"e":117,"g":106,"i":119,"k":120,"m":114,"o":110,"b":102,"d":100,"f":117,"h":106,"j":119,"l":120,"n":114,"p":110}},{"type":"Feature","geometry":{"type":"Polygon","coordinates":[[[126.78517,37.30878],[126.77344,37.31415],[126.76172,37.30878],[126.76172,37.29805],[126.77344,37.29269],[126.78517,37.29805],[126.78517,37.30878]]]},"properties":{"row":-6,"col":4,"walk_min":41.5,"nearest_station_id":"kr_263","nearest_station_name":"Ansan","nearest_station_name_ko":"안산","a":116,"c":117,"e":115,"g":120,"i":107,"k":120,"m":120,"o":116,"b":116,"d":117,"f":115,"h":120,"j":107,"l":120,"n":120,"p":116}},{"type":"Feature","geometry":{"type":"Polygon","coordinates":[[[126.87894,37.59853],[126.86722,37.60389],[126.8555,37.59853],[126.8555,37.5878],[126.86722,37.58243],[126.87894,37.5878],[126.87894,37.59853]]]},"properties":{"row":12,"col":-1,"walk_min":47.3,"nearest_station_id":"kr_430","nearest_station_name":"Yangcheon Hyanggyo","nearest_station_name_ko":"양천향교","a":78,"c":78,"e":87,"g":89,"i":83,"k":100,"m":98,"o":75,"b":78,"d":78,"f":87,"h":89,"j":83,"l":100,"n":98,"p":75}},{"type":"Feature","geometry":{"type":"Polygon","coordinates":[[[127.12511,37.42146],[127.11339,37.42683],[127.10166,37.42146],[127.10166,37.41073],[127.11339,37.40537],[127.12511,37.41073],[127.12511,37.42146]]]},"properties":{"row":1,"col":15,"walk_min":28.5,"nearest_station_id":"kr_041","nearest_station_name":"Pangyo","nearest_station_name_ko":"판교","a":82,"c":84,"e":58,"g":81,"i":68,"k":71,"m":82,"o":89,"b":82,"d":84,"f":58,"h":81,"j":68,"l":71,"n":82,"p":89}},{"type":"Feature","geometry":{"type":"Polygon","coordinates":[[[126.71483,37.43756],[126.70311,37.44293],[126.69139,37.43756],[126.69139,37.42683],[126.70311,37.42146],[126.71483,37.42683],[126.71483,37.43756]]]},"properties":{"row":2,"col":-3,"walk_min":48.3,"nearest_station_id":"kr_455","nearest_station_name":"Ganseok","nearest_station_name_ko":"간석","a":103,"c":106,"e":113,"g":117,"i":109,"k":119,"m":119,"o":100,"b":103,"d":106,"f":113,"h":117,"j":109,"l":119,"n":119,"p":100}},{"type":"Feature","geometry":{"type":"Polygon","coordinates":[[[126.72656,37.45366],[126.71483,37.45902],[126.70311,37.45366],[126.70311,37.44293],[126.71483,37.43756],[126.72656,37.44293],[126.72656,37.45366]]]},"properties":{"row":3,"col":-3,"walk_min":31.7,"nearest_station_id":"kr_455","nearest_station_name":"Ganseok","nearest_station_name_ko":"간석","a":86,"c":89,"e":96,"g":101,"i":92,"k":109,"m":110,"o":83,"b":86,"d":89,"f":96,"h":101,"j":92,"l":109,"n":110,"p":83}},{"type":"Feature","geometry":{"type":"Polygon","coordinates":[[[126.93755,37.45366],[126.92583,37.45902],[126.91411,37.45366],[126.91411,37.44293],[126.92583,37.43756],[126.93755,37.44293],[126.93755,37.45366]]]},"properties":{"row":3,"col":6,"walk_min":32.6,"nearest_station_id":"kr_392","nearest_station_name":"Seoksu","nearest_station_name_ko":"석수","a":64,"c":67,"e":74,"g":79,"i":70,"k":87,"m":88,"o":65,"b":64,"d":67,"f":74,"h":79,"j":70,"l":87,"n":88,"p":65}},{"type":"Feature","geometry":{"type":"Polygon","coordinates":[[[126.78517,37.46975],[126.77344,37.47512],[126.76172,37.46975],[126.76172,37.45902],[126.77344,37.45366],[126.78517,37.45902],[126.78517,37.46975]]]},"properties":{"row":4,"col":-1,"walk_min":28.2,"nearest_station_id":"kr_060","nearest_station_name":"Bucheon","nearest_station_name_ko":"부천","a":66,"c":68,"e":75,"g":80,"i":71,"k":89,"m":90,"o":63,"b":66,"d":68,"f":75,"h":80,"j":71,"l":89,"n":90,"p":63}},{"type":"Feature","geometry":{"type":"Polygon","coordinates":[[[126.78517,37.59853],[126.77344,37.60389],[126.76172,37.59853],[126.76172,37.5878],[126.77344,37.58243],[126.78517,37.5878],[126.78517,37.59853]]]},"properties":{"row":12,"col":-5,"walk_min":53.2,"nearest_station_id":"kr_429","nearest_station_name":"Gaehwa","nearest_station_name_ko":"개화","a":97,"c":95,"e":102,"g":106,"i":99,"k":110,"m":111,"o":84,"b":97,"d":95,"f":102,"h":106,"j":99,"l":110,"n":111,"p":84}},{"type":"Feature","geometry":{"type":"Polygon","coordinates":[[[127.01961,37.7595],[127.00789,37.76486],[126.99617,37.7595],[126.99617,37.74877],[127.00789,37.7434],[127.01961,37.74877],[127.01961,37.7595]]]},"properties":{"row":22,"col":0,"walk_min":44.9,"nearest_station_id":"kr_421","nearest_station_name":"Nogyang","nearest_station_name_ko":"녹양","a":105,"c":103,"e":114,"g":103,"i":116,"k":114,"m":105,"o":113,"b":105,"d":103,"f":114,"h":103,"j":116,"l":114,"n":105,"p":113}},{"type":"Feature","geometry":{"type":"Polygon","coordinates":[[[127.03133,37.7756],[127.01961,37.78096],[127.00789,37.7756],[127.00789,37.76486],[127.01961,37.7595],[127.03133,37.76486],[127.03133,37.7756]]]},"properties":{"row":23,"col":0,"walk_min":31.3,"nearest_station_id":"kr_092","nearest_station_name":"Yangju","nearest_station_name_ko":"양주","a":94,"c":92,"e":105,"g":92,"i":112,"k":104,"m":94,"o":103,"b":94,"d":92,"f":105,"h":92,"j":112,"l":104,"n":94,"p":103}},{"type":"Feature","geometry":{"type":"Polygon","coordinates":[[[126.94928,37.66292],[126.93755,37.66828],[126.92583,37.66292],[126.92583,37.65219],[126.93755,37.64682],[126.94928,37.65219],[126.94928,37.66292]]]},"properties":{"row":16,"col":0,"walk_min":30.9,"nearest_station_id":"kr_104","nearest_station_name":"Jichuk","nearest_station_name_ko":"지축","a":65,"c":63,"e":82,"g":69,"i":85,"k":89,"m":78,"o":74,"b":65,"d":63,"f":82,"h":69,"j":85,"l":89,"n":78,"p":74}},{"type":"Feature","geometry":{"type":"Polygon","coordinates":[[[127.08994,37.43756],[127.07822,37.44293],[127.0665,37.43756],[127.0665,37.42683],[127.07822,37.42146],[127.08994,37.42683],[127.08994,37.43756]]]},"properties":{"row":2,"col":13,"walk_min":35.4,"nearest_station_id":"kr_040","nearest_station_name":"Cheonggyesan","nearest_station_name_ko":"청계산입구","a":78,"c":80,"e":55,"g":77,"i":66,"k":66,"m":77,"o":86,"b":78,"d":80,"f":55,"h":77,"j":66,"l":66,"n":77,"p":86}},{"type":"Feature","geometry":{"type":"Polygon","coordinates":[[[127.10166,37.45366],[127.08994,37.45902],[127.07822,37.45366],[127.07822,37.44293],[127.08994,37.43756],[127.10166,37.44293],[127.10166,37.45366]]]},"properties":{"row":3,"col":13,"walk_min":44.8,"nearest_station_id":"kr_040","nearest_station_name":"Cheonggyesan","nearest_station_name_ko":"청계산입구","a":81,"c":83,"e":57,"g":82,"i":68,"k":73,"m":84,"o":90,"b":81,"d":83,"f":57,"h":82,"j":68,"l":73,"n":84,"p":90}},{"type":"Feature","geometry":{"type":"Polygon","coordinates":[[[126.72656,37.67901],[126.71483,37.68438],[126.70311,37.67901],[126.70311,37.66828],[126.71483,37.66292],[126.72656,37.66828],[126.72656,37.67901]]]},"properties":{"row":17,"col":-10,"walk_min":41.0,"nearest_station_id":"kr_424","nearest_station_name":"Daehwa","nearest_station_name_ko":"대화","a":113,"c":111,"e":118,"g":114,"i":119,"k":120,"m":117,"o":116,"b":113,"d":111,"f":118,"h":114,"j":119,"l":120,"n":117,"p":116}},{"type":"Feature","geometry":{"type":"Polygon","coordinates":[[[126.73828,37.66292],[126.72656,37.66828],[126.71483,37.66292],[126.71483,37.65219],[126.72656,37.64682],[126.73828,37.65219],[126.73828,37.66292]]]},"properties":{"row":16,"col":-9,"walk_min":46.0,"nearest_station_id":"kr_424","nearest_station_name":"Daehwa","nearest_station_name_ko":"대화","a":107,"c":105,"e":119,"g":110,"i":120,"k":120,"m":118,"o":115,"b":107,"d":105,"f":119,"h":110,"j":120,"l":120,"n":118,"p":115}},{"type":"Feature","geometry":{"type":"Polygon","coordinates":[[[127.00789,37.64682],[126.99617,37.65219],[126.98444,37.64682],[126.98444,37.63609],[126.99617,37.63072],[127.00789,37.63609],[127.00789,37.64682]]]},"properties":{"row":15,"col":3,"walk_min":37.8,"nearest_station_id":"kr_116","nearest_station_name":"Suyu (Gangbuk-gu Office)","nearest_station_name_ko":"수유(강북구청)","a":67,"c":65,"e":79,"g":65,"i":87,"k":86,"m":74,"o":76,"b":67,"d":65,"f":79,"h":65,"j":87,"l":86,"n":74,"p":76}},{"type":"Feature","geometry":{"type":"Polygon","coordinates":[[[126.98444,37.61463],[126.97272,37.61999],[126.961,37.61463],[126.961,37.60389],[126.97272,37.59853],[126.98444,37.60389],[126.98444,37.61463]]]},"properties":{"row":13,"col":3,"walk_min":42.1,"nearest_station_id":"kr_075","nearest_station_name":"홍제","nearest_station_name_ko":"홍제","a":63,"c":60,"e":79,"g":65,"i":83,"k":86,"m":74,"o":71,"b":63,"d":60,"f":79,"h":65,"j":83,"l":86,"n":74,"p":71}},{"type":"Feature","geometry":{"type":"Polygon","coordinates":[[[127.03133,37.2283],[127.01961,37.23366],[127.00789,37.2283],[127.00789,37.21757],[127.01961,37.2122],[127.03133,37.21757],[127.03133,37.2283]]]},"properties":{"row":-11,"col":17,"walk_min":33.4,"nearest_station_id":"kr_047","nearest_station_name":"Byeongjeom","nearest_station_name_ko":"병점","a":115,"c":117,"e":112,"g":120,"i":102,"k":120,"m":120,"o":115,"b":115,"d":117,"f":112,"h":120,"j":102,"l":120,"n":120,"p":115}},{"type":"Feature","geometry":{"type":"Polygon","coordinates":[[[126.961,37.42146],[126.94928,37.42683],[126.93755,37.42146],[126.93755,37.41073],[126.94928,37.40537],[126.961,37.41073],[126.961,37.42146]]]},"properties":{"row":1,"col":8,"walk_min":33.4,"nearest_station_id":"kr_284","nearest_station_name":"Pyeongchon","nearest_station_name_ko":"평촌","a":76,"c":79,"e":70,"g":90,"i":59,"k":85,"m":94,"o":83,"b":76,"d":79,"f":70,"h":90,"j":59,"l":85,"n":94,"p":83}},{"type":"Feature","geometry":{"type":"Polygon","coordinates":[[[127.08994,37.2122],[127.07822,37.21757],[127.0665,37.2122],[127.0665,37.20147],[127.07822,37.19611],[127.08994,37.20147],[127.08994,37.2122]]]},"properties":{"row":-12,"col":20,"walk_min":34.0,"nearest_station_id":"kr_466","nearest_station_name":"Seodongtan","nearest_station_name_ko":"서동탄","a":118,"c":120,"e":116,"g":120,"i":108,"k":120,"m":120,"o":118,"b":118,"d":120,"f":116,"h":120,"j":108,"l":120,"n":120,"p":118}},{"type":"Feature","geometry":{"type":"Polygon","coordinates":[[[127.23061,37.69511],[127.21889,37.70048],[127.20716,37.69511],[127.20716,37.68438],[127.21889,37.67901],[127.23061,37.68438],[127.23061,37.69511]]]},"properties":{"row":18,"col":11,"walk_min":37.6,"nearest_station_id":"kr_361","nearest_station_name":"Onam","nearest_station_name_ko":"오남","a":102,"c":100,"e":111,"g":100,"i":116,"k":115,"m":108,"o":110,"b":102,"d":100,"f":111,"h":100,"j":116,"l":115,"n":108,"p":110}},{"type":"Feature","geometry":{"type":"Polygon","coordinates":[[[127.08994,37.69511],[127.07822,37.70048],[127.0665,37.69511],[127.0665,37.68438],[127.07822,37.67901],[127.08994,37.68438],[127.08994,37.69511]]]},"properties":{"row":18,"col":5,"walk_min":25.6,"nearest_station_id":"kr_467","nearest_station_name":"Jangam","nearest_station_name_ko":"장암","a":72,"c":70,"e":84,"g":70,"i":92,"k":86,"m":75,"o":82,"b":72,"d":70,"f":84,"h":70,"j":92,"l":86,"n":75,"p":82}},{"type":"Feature","geometry":{"type":"Polygon","coordinates":[[[126.97272,37.63072],[126.961,37.63609],[126.94928,37.63072],[126.94928,37.61999],[126.961,37.61463],[126.97272,37.61999],[126.97272,37.63072]]]},"properties":{"row":14,"col":2,"walk_min":41.3,"nearest_station_id":"kr_409","nearest_station_name":"독바위","nearest_station_name_ko":"독바위","a":68,"c":65,"e":85,"g":71,"i":88,"k":92,"m":81,"o":76,"b":68,"d":65,"f":85,"h":71,"j":88,"l":92,"n":81,"p":76}},{"type":"Feature","geometry":{"type":"Polygon","coordinates":[[[126.91411,37.29269],[126.90239,37.29805],[126.89067,37.29269],[126.89067,37.28196],[126.90239,37.27659],[126.91411,37.28196],[126.91411,37.29269]]]},"properties":{"row":-7,"col":10,"walk_min":56.6,"nearest_station_id":"kr_415","nearest_station_name":"Banwol","nearest_station_name_ko":"반월","a":109,"c":110,"e":108,"g":116,"i":102,"k":115,"m":120,"o":109,"b":109,"d":110,"f":108,"h":116,"j":102,"l":115,"n":120,"p":109}},{"type":"Feature","geometry":{"type":"Polygon","coordinates":[[[126.82033,37.61463],[126.80861,37.61999],[126.79689,37.61463],[126.79689,37.60389],[126.80861,37.59853],[126.82033,37.60389],[126.82033,37.61463]]]},"properties":{"row":13,"col":-4,"walk_min":50.2,"nearest_station_id":"kr_441","nearest_station_name":"방화","nearest_station_name_ko":"방화","a":97,"c":95,"e":105,"g":106,"i":103,"k":115,"m":113,"o":89,"b":97,"d":95,"f":105,"h":106,"j":103,"l":115,"n":113,"p":89}},{"type":"Feature","geometry":{"type":"Polygon","coordinates":[[[126.8555,37.59853],[126.84378,37.60389],[126.83206,37.59853],[126.83206,37.5878],[126.84378,37.58243],[126.8555,37.5878],[126.8555,37.59853]]]},"properties":{"row":12,"col":-2,"walk_min":58.6,"nearest_station_id":"kr_430","nearest_station_name":"Yangcheon Hyanggyo","nearest_station_name_ko":"양천향교","a":101,"c":98,"e":109,"g":110,"i":106,"k":117,"m":116,"o":93,"b":101,"d":98,"f":109,"h":110,"j":106,"l":117,"n":116,"p":93}},{"type":"Feature","geometry":{"type":"Polygon","coordinates":[[[127.03133,37.7434],[127.01961,37.74877],[127.00789,37.7434],[127.00789,37.73267],[127.01961,37.7273],[127.03133,37.73267],[127.03133,37.7434]]]},"properties":{"row":21,"col":1,"walk_min":35.1,"nearest_station_id":"kr_448","nearest_station_name":"Ganeung","nearest_station_name_ko":"가능","a":92,"c":90,"e":103,"g":90,"i":109,"k":102,"m":92,"o":100,"b":92,"d":90,"f":103,"h":90,"j":109,"l":102,"n":92,"p":100}},{"type":"Feature","geometry":{"type":"Polygon","coordinates":[[[127.14855,37.35707],[127.13683,37.36244],[127.12511,37.35707],[127.12511,37.34634],[127.13683,37.34098],[127.14855,37.34634],[127.14855,37.35707]]]},"properties":{"row":-3,"col":18,"walk_min":46.6,"nearest_station_id":"kr_172","nearest_station_name":"Migeum","nearest_station_name_ko":"미금","a":106,"c":108,"e":82,"g":106,"i":92,"k":97,"m":108,"o":112,"b":106,"d":108,"f":82,"h":106,"j":92,"l":97,"n":108,"p":112}},{"type":"Feature","geometry":{"type":"Polygon","coordinates":[[[126.76172,37.63072],[126.75,37.63609],[126.73828,37.63072],[126.73828,37.61999],[126.75,37.61463],[126.76172,37.61999],[126.76172,37.63072]]]},"properties":{"row":14,"col":-7,"walk_min":102.2,"nearest_station_id":"kr_261","nearest_station_name":"Madu","nearest_station_name_ko":"마두","a":118,"c":118,"e":119,"g":118,"i":119,"k":120,"m":119,"o":118,"b":118,"d":118,"f":119,"h":118,"j":119,"l":120,"n":119,"p":118}},{"type":"Feature","geometry":{"type":"Polygon","coordinates":[[[127.03133,37.67901],[127.01961,37.68438],[127.00789,37.67901],[127.00789,37.66828],[127.01961,37.66292],[127.03133,37.66828],[127.03133,37.67901]]]},"properties":{"row":17,"col":3,"walk_min":31.1,"nearest_station_id":"kr_395","nearest_station_name":"Banghak (Dobong-gu Office)","nearest_station_name_ko":"방학(도봉구청)","a":72,"c":70,"e":84,"g":70,"i":92,"k":83,"m":72,"o":81,"b":72,"d":70,"f":84,"h":70,"j":92,"l":83,"n":72,"p":81}},{"type":"Feature","geometry":{"type":"Polygon","coordinates":[[[126.72656,37.38927],[126.71483,37.39463],[126.70311,37.38927],[126.70311,37.37854],[126.71483,37.37317],[126.72656,37.37854],[126.72656,37.38927]]]},"properties":{"row":-1,"col":-1,"walk_min":86.1,"nearest_station_id":"kr_428","nearest_station_name":"Oido","nearest_station_name_ko":"오이도","a":120,"c":120,"e":120,"g":120,"i":118,"k":120,"m":120,"o":120,"b":120,"d":120,"f":120,"h":120,"j":118,"l":120,"n":120,"p":120}},{"type":"Feature","geometry":{"type":"Polygon","coordinates":[[[126.76172,37.46975],[126.75,37.47512],[126.73828,37.46975],[126.73828,37.45902],[126.75,37.45366],[126.76172,37.45902],[126.76172,37.46975]]]},"properties":{"row":4,"col":-2,"walk_min":31.1,"nearest_station_id":"kr_159","nearest_station_name":"Songnae","nearest_station_name_ko":"송내","a":73,"c":76,"e":83,"g":88,"i":79,"k":95,"m":96,"o":70,"b":73,"d":76,"f":83,"h":88,"j":79,"l":95,"n":96,"p":70}},{"type":"Feature","geometry":{"type":"Polygon","coordinates":[[[127.08994,37.46975],[127.07822,37.47512],[127.0665,37.46975],[127.0665,37.45902],[127.07822,37.45366],[127.08994,37.45902],[127.08994,37.46975]]]},"properties":{"row":4,"col":12,"walk_min":28.6,"nearest_station_id":"kr_298","nearest_station_name":"Irwon","nearest_station_name_ko":"일원","a":69,"c":71,"e":45,"g":69,"i":56,"k":51,"m":62,"o":78,"b":69,"d":71,"f":45,"h":69,"j":56,"l":51,"n":62,"p":78}},{"type":"Feature","geometry":{"type":"Polygon","coordinates":[[[127.19544,37.38927],[127.18372,37.39463],[127.172,37.38927],[127.172,37.37854],[127.18372,37.37317],[127.19544,37.37854],[127.19544,37.38927]]]},"properties":{"row":-1,"col":19,"walk_min":66.1,"nearest_station_id":"kr_237","nearest_station_name":"삼동","nearest_station_name_ko":"삼동","a":118,"c":119,"e":109,"g":118,"i":115,"k":116,"m":119,"o":119,"b":118,"d":119,"f":109,"h":118,"j":115,"l":116,"n":119,"p":119}},{"type":"Feature","geometry":{"type":"Polygon","coordinates":[[[127.07822,37.42146],[127.0665,37.42683],[127.05478,37.42146],[127.05478,37.41073],[127.0665,37.40537],[127.07822,37.41073],[127.07822,37.42146]]]},"properties":{"row":1,"col":13,"walk_min":60.9,"nearest_station_id":"kr_040","nearest_station_name":"Cheonggyesan","nearest_station_name_ko":"청계산입구","a":104,"c":106,"e":80,"g":104,"i":90,"k":95,"m":106,"o":112,"b":104,"d":106,"f":80,"h":104,"j":90,"l":95,"n":106,"p":112}},{"type":"Feature","geometry":{"type":"Polygon","coordinates":[[[127.01961,37.40537],[127.00789,37.41073],[126.99617,37.40537],[126.99617,37.39463],[127.00789,37.38927],[127.01961,37.39463],[127.01961,37.40537]]]},"properties":{"row":0,"col":11,"walk_min":49.7,"nearest_station_id":"kr_325","nearest_station_name":"Indeogwon","nearest_station_name_ko":"인덕원","a":91,"c":94,"e":82,"g":103,"i":71,"k":97,"m":106,"o":99,"b":91,"d":94,"f":82,"h":103,"j":71,"l":97,"n":106,"p":99}},{"type":"Feature","geometry":{"type":"Polygon","coordinates":[[[127.11339,37.69511],[127.10166,37.70048],[127.08994,37.69511],[127.08994,37.68438],[127.10166,37.67901],[127.11339,37.68438],[127.11339,37.69511]]]},"properties":{"row":18,"col":6,"walk_min":32.8,"nearest_station_id":"kr_310","nearest_station_name":"Byeollaebyeolgaram","nearest_station_name_ko":"별내별가람","a":80,"c":78,"e":91,"g":78,"i":99,"k":98,"m":87,"o":89,"b":80,"d":78,"f":91,"h":78,"j":99,"l":98,"n":87,"p":89}},{"type":"Feature","geometry":{"type":"Polygon","coordinates":[[[126.65622,37.45366],[126.6445,37.45902],[126.63278,37.45366],[126.63278,37.44293],[126.6445,37.43756],[126.65622,37.44293],[126.65622,37.45366]]]},"properties":{"row":3,"col":-6,"walk_min":28.8,"nearest_station_id":"kr_457","nearest_station_name":"Dowon","nearest_station_name_ko":"도원","a":91,"c":94,"e":101,"g":106,"i":97,"k":114,"m":115,"o":88,"b":91,"d":94,"f":101,"h":106,"j":97,"l":114,"n":115,"p":88}},{"type":"Feature","geometry":{"type":"Polygon","coordinates":[[[127.24233,37.38927],[127.23061,37.39463],[127.21889,37.38927],[127.21889,37.37854],[127.23061,37.37317],[127.24233,37.37854],[127.24233,37.38927]]]},"properties":{"row":-1,"col":21,"walk_min":66.9,"nearest_station_id":"kr_149","nearest_station_name":"경기광주","nearest_station_name_ko":"경기광주","a":119,"c":119,"e":111,"g":119,"i":114,"k":116,"m":119,"o":120,"b":119,"d":119,"f":111,"h":119,"j":114,"l":116,"n":119,"p":120}},{"type":"Feature","geometry":{"type":"Polygon","coordinates":[[[127.25405,37.40537],[127.24233,37.41073],[127.23061,37.40537],[127.23061,37.39463],[127.24233,37.38927],[127.25405,37.39463],[127.25405,37.40537]]]},"properties":{"row":0,"col":21,"walk_min":40.5,"nearest_station_id":"kr_149","nearest_station_name":"경기광주","nearest_station_name_ko":"경기광주","a":116,"c":118,"e":92,"g":116,"i":102,"k":108,"m":118,"o":120,"b":116,"d":118,"f":92,"h":116,"j":102,"l":108,"n":118,"p":120}},{"type":"Feature","geometry":{"type":"Polygon","coordinates":[[[127.08994,37.18001],[127.07822,37.18537],[127.0665,37.18001],[127.0665,37.16928],[127.07822,37.16391],[127.08994,37.16928],[127.08994,37.18001]]]},"properties":{"row":-14,"col":21,"walk_min":56.1,"nearest_station_id":"kr_416","nearest_station_name":"Osan College","nearest_station_name_ko":"오산대","a":120,"c":120,"e":119,"g":120,"i":117,"k":120,"m":120,"o":120,"b":120,"d":120,"f":119,"h":120,"j":117,"l":120,"n":120,"p":120}},{"type":"Feature","geometry":{"type":"Polygon","coordinates":[[[127.10166,37.19611],[127.08994,37.20147],[127.07822,37.19611],[127.07822,37.18537],[127.08994,37.18001],[127.10166,37.18537],[127.10166,37.19611]]]},"properties":{"row":-13,"col":21,"walk_min":45.5,"nearest_station_id":"kr_416","nearest_station_name":"Osan College","nearest_station_name_ko":"오산대","a":120,"c":120,"e":120,"g":120,"i":118,"k":120,"m":120,"o":120,"b":120,"d":120,"f":120,"h":120,"j":118,"l":120,"n":120,"p":120}},{"type":"Feature","geometry":{"type":"Polygon","coordinates":[[[127.01961,37.79169],[127.00789,37.79706],[126.99617,37.79169],[126.99617,37.78096],[127.00789,37.7756],[127.01961,37.78096],[127.01961,37.79169]]]},"properties":{"row":24,"col":-1,"walk_min":50.6,"nearest_station_id":"kr_092","nearest_station_name":"Yangju","nearest_station_name_ko":"양주","a":115,"c":113,"e":118,"g":113,"i":119,"k":118,"m":115,"o":118,"b":115,"d":113,"f":118,"h":113,"j":119,"l":118,"n":115,"p":118}},{"type":"Feature","geometry":{"type":"Polygon","coordinates":[[[127.0665,37.34098],[127.05478,37.34634],[127.04305,37.34098],[127.04305,37.33025],[127.05478,37.32488],[127.0665,37.33025],[127.0665,37.34098]]]},"properties":{"row":-4,"col":15,"walk_min":43.8,"nearest_station_id":"kr_266","nearest_station_name":"Seongbok","nearest_station_name_ko":"성복","a":112,"c":113,"e":93,"g":113,"i":102,"k":106,"m":114,"o":116,"b":112,"d":113,"f":93,"h":113,"j":102,"l":106,"n":114,"p":116}},{"type":"Feature","geometry":{"type":"Polygon","coordinates":[[[126.83206,37.46975],[126.82033,37.47512],[126.80861,37.46975],[126.80861,37.45902],[126.82033,37.45366],[126.83206,37.45902],[126.83206,37.46975]]]},"properties":{"row":4,"col":1,"walk_min":29.7,"nearest_station_id":"kr_024","nearest_station_name":"Yeokgok","nearest_station_name_ko":"역곡","a":63,"c":65,"e":72,"g":77,"i":68,"k":85,"m":86,"o":59,"b":63,"d":65,"f":72,"h":77,"j":68,"l":85,"n":86,"p":59}},{"type":"Feature","geometry":{"type":"Polygon","coordinates":[[[127.05478,37.42146],[127.04305,37.42683],[127.03133,37.42146],[127.03133,37.41073],[127.04305,37.40537],[127.05478,37.41073],[127.05478,37.42146]]]},"properties":{"row":1,"col":12,"walk_min":54.5,"nearest_station_id":"kr_346","nearest_station_name":"Seoul Grand park","nearest_station_name_ko":"대공원","a":88,"c":90,"e":74,"g":97,"i":70,"k":90,"m":101,"o":96,"b":88,"d":90,"f":74,"h":97,"j":70,"l":90,"n":101,"p":96}},{"type":"Feature","geometry":{"type":"Polygon","coordinates":[[[126.84378,37.67901],[126.83206,37.68438],[126.82033,37.67901],[126.82033,37.66828],[126.83206,37.66292],[126.84378,37.66828],[126.84378,37.67901]]]},"properties":{"row":17,"col":-5,"walk_min":34.4,"nearest_station_id":"kr_145","nearest_station_name":"Wondang","nearest_station_name_ko":"원당","a":81,"c":79,"e":98,"g":85,"i":101,"k":105,"m":94,"o":90,"b":81,"d":79,"f":98,"h":85,"j":101,"l":105,"n":94,"p":90}},{"type":"Feature","geometry":{"type":"Polygon","coordinates":[[[127.03133,37.19611],[127.01961,37.20147],[127.00789,37.19611],[127.00789,37.18537],[127.01961,37.18001],[127.03133,37.18537],[127.03133,37.19611]]]},"properties":{"row":-13,"col":18,"walk_min":35.5,"nearest_station_id":"kr_388","nearest_station_name":"Sema","nearest_station_name_ko":"세마","a":119,"c":120,"e":117,"g":120,"i":108,"k":120,"m":120,"o":120,"b":119,"d":120,"f":117,"h":120,"j":108,"l":120,"n":120,"p":120}},{"type":"Feature","geometry":{"type":"Polygon","coordinates":[[[127.0665,37.2444],[127.05478,37.24976],[127.04305,37.2444],[127.04305,37.23366],[127.05478,37.2283],[127.0665,37.23366],[127.0665,37.2444]]]},"properties":{"row":-10,"col":18,"walk_min":46.6,"nearest_station_id":"kr_462","nearest_station_name":"Seryu","nearest_station_name_ko":"세류","a":118,"c":118,"e":117,"g":120,"i":110,"k":120,"m":120,"o":118,"b":118,"d":118,"f":117,"h":120,"j":110,"l":120,"n":120,"p":118}},{"type":"Feature","geometry":{"type":"Polygon","coordinates":[[[127.05478,37.26049],[127.04305,37.26586],[127.03133,37.26049],[127.03133,37.24976],[127.04305,37.2444],[127.05478,37.24976],[127.05478,37.26049]]]},"properties":{"row":-9,"col":17,"walk_min":39.9,"nearest_station_id":"kr_462","nearest_station_name":"Seryu","nearest_station_name_ko":"세류","a":115,"c":117,"e":111,"g":120,"i":103,"k":120,"m":120,"o":116,"b":115,"d":117,"f":111,"h":120,"j":103,"l":120,"n":120,"p":116}},{"type":"Feature","geometry":{"type":"Polygon","coordinates":[[[127.20716,37.7595],[127.19544,37.76486],[127.18372,37.7595],[127.18372,37.74877],[127.19544,37.7434],[127.20716,37.74877],[127.20716,37.7595]]]},"properties":{"row":22,"col":8,"walk_min":56.8,"nearest_station_id":"kr_470","nearest_station_name":"Jinjeop","nearest_station_name_ko":"진접","a":115,"c":114,"e":119,"g":114,"i":120,"k":120,"m":118,"o":118,"b":115,"d":114,"f":119,"h":114,"j":120,"l":120,"n":118,"p":118}},{"type":"Feature","geometry":{"type":"Polygon","coordinates":[[[127.23061,37.7595],[127.21889,37.76486],[127.20716,37.7595],[127.20716,37.74877],[127.21889,37.7434],[127.23061,37.74877],[127.23061,37.7595]]]},"properties":{"row":22,"col":9,"walk_min":50.3,"nearest_station_id":"kr_470","nearest_station_name":"Jinjeop","nearest_station_name_ko":"진접","a":113,"c":112,"e":118,"g":112,"i":120,"k":119,"m":117,"o":117,"b":113,"d":112,"f":118,"h":112,"j":120,"l":119,"n":117,"p":117}},{"type":"Feature","geometry":{"type":"Polygon","coordinates":[[[127.01961,37.69511],[127.00789,37.70048],[126.99617,37.69511],[126.99617,37.68438],[127.00789,37.67901],[127.01961,37.68438],[127.01961,37.69511]]]},"properties":{"row":18,"col":2,"walk_min":46.0,"nearest_station_id":"kr_044","nearest_station_name":"Dobongsan","nearest_station_name_ko":"도봉산","a":91,"c":89,"e":103,"g":89,"i":111,"k":103,"m":92,"o":101,"b":91,"d":89,"f":103,"h":89,"j":111,"l":103,"n":92,"p":101}},{"type":"Feature","geometry":{"type":"Polygon","coordinates":[[[127.03133,37.71121],[127.01961,37.71657],[127.00789,37.71121],[127.00789,37.70048],[127.01961,37.69511],[127.03133,37.70048],[127.03133,37.71121]]]},"properties":{"row":19,"col":2,"walk_min":35.7,"nearest_station_id":"kr_449","nearest_station_name":"Mangwolsa (Shinhan University)","nearest_station_name_ko":"망월사(신한대학교)","a":85,"c":83,"e":97,"g":83,"i":104,"k":97,"m":85,"o":94,"b":85,"d":83,"f":97,"h":83,"j":104,"l":97,"n":85,"p":94}},{"type":"Feature","geometry":{"type":"Polygon","coordinates":[[[126.86722,37.67901],[126.8555,37.68438],[126.84378,37.67901],[126.84378,37.66828],[126.8555,37.66292],[126.86722,37.66828],[126.86722,37.67901]]]},"properties":{"row":17,"col":-4,"walk_min":37.6,"nearest_station_id":"kr_145","nearest_station_name":"Wondang","nearest_station_name_ko":"원당","a":82,"c":80,"e":99,"g":86,"i":102,"k":106,"m":95,"o":91,"b":82,"d":80,"f":99,"h":86,"j":102,"l":106,"n":95,"p":91}},{"type":"Feature","geometry":{"type":"Polygon","coordinates":[[[126.67967,37.51804],[126.66794,37.52341],[126.65622,37.51804],[126.65622,37.50731],[126.66794,37.50195],[126.67967,37.50731],[126.67967,37.51804]]]},"properties":{"row":7,"col":-7,"walk_min":44.0,"nearest_station_id":"kr_258","nearest_station_name":"Sangok","nearest_station_name_ko":"산곡","a":101,"c":104,"e":110,"g":113,"i":107,"k":117,"m":118,"o":98,"b":101,"d":104,"f":110,"h":113,"j":107,"l":117,"n":118,"p":98}},{"type":"Feature","geometry":{"type":"Polygon","coordinates":[[[127.24233,37.55024],[127.23061,37.5556],[127.21889,37.55024],[127.21889,37.53951],[127.23061,37.53414],[127.24233,37.53951],[127.24233,37.55024]]]},"properties":{"row":9,"col":16,"walk_min":29.1,"nearest_station_id":"kr_469","nearest_station_name":"Hanam Geomdansan","nearest_station_name_ko":"하남검단산","a":90,"c":89,"e":80,"g":75,"i":91,"k":75,"m":85,"o":100,"b":90,"d":89,"f":80,"h":75,"j":91,"l":75,"n":85,"p":100}},{"type":"Feature","geometry":{"type":"Polygon","coordinates":[[[126.89067,37.38927],[126.87894,37.39463],[126.86722,37.38927],[126.86722,37.37854],[126.87894,37.37317],[126.89067,37.37854],[126.89067,37.38927]]]},"properties":{"row":-1,"col":6,"walk_min":59.4,"nearest_station_id":"kr_442","nearest_station_name":"Gwangmyeong","nearest_station_name_ko":"광명","a":94,"c":97,"e":104,"g":108,"i":100,"k":114,"m":114,"o":95,"b":83,"d":86,"f":104,"h":98,"j":100,"l":114,"n":107,"p":95}},{"type":"Feature","geometry":{"type":"Polygon","coordinates":[[[127.01961,37.7273],[127.00789,37.73267],[126.99617,37.7273],[126.99617,37.71657],[127.00789,37.71121],[127.01961,37.71657],[127.01961,37.7273]]]},"properties":{"row":20,"col":1,"walk_min":53.2,"nearest_station_id":"kr_062","nearest_station_name":"Hoeryong","nearest_station_name_ko":"회룡","a":106,"c":104,"e":116,"g":104,"i":117,"k":116,"m":106,"o":115,"b":106,"d":104,"f":116,"h":104,"j":117,"l":116,"n":106,"p":115}},{"type":"Feature","geometry":{"type":"Polygon","coordinates":[[[127.10166,37.38927],[127.08994,37.39463],[127.07822,37.38927],[127.07822,37.37854],[127.08994,37.37317],[127.10166,37.37854],[127.10166,37.38927]]]},"properties":{"row":-1,"col":15,"walk_min":44.0,"nearest_station_id":"kr_148","nearest_station_name":"Jeongja","nearest_station_name_ko":"정자","a":99,"c":101,"e":75,"g":99,"i":85,"k":90,"m":101,"o":105,"b":99,"d":101,"f":75,"h":99,"j":85,"l":90,"n":101,"p":105}},{"type":"Feature","geometry":{"type":"Polygon","coordinates":[[[127.08994,37.40537],[127.07822,37.41073],[127.0665,37.40537],[127.0665,37.39463],[127.07822,37.38927],[127.08994,37.39463],[127.08994,37.40537]]]},"properties":{"row":0,"col":14,"walk_min":53.7,"nearest_station_id":"kr_041","nearest_station_name":"Pangyo","nearest_station_name_ko":"판교","a":105,"c":107,"e":81,"g":105,"i":91,"k":96,"m":107,"o":113,"b":105,"d":107,"f":81,"h":105,"j":91,"l":96,"n":107,"p":113}},{"type":"Feature","geometry":{"type":"Polygon","coordinates":[[[127.16028,37.37317],[127.14855,37.37854],[127.13683,37.37317],[127.13683,37.36244],[127.14855,37.35707],[127.16028,37.36244],[127.16028,37.37317]]]},"properties":{"row":-2,"col":18,"walk_min":52.7,"nearest_station_id":"kr_148","nearest_station_name":"Jeongja","nearest_station_name_ko":"정자","a":106,"c":107,"e":85,"g":106,"i":95,"k":99,"m":107,"o":112,"b":106,"d":107,"f":85,"h":106,"j":95,"l":99,"n":107,"p":112}},{"type":"Feature","geometry":{"type":"Polygon","coordinates":[[[127.19544,37.51804],[127.18372,37.52341],[127.172,37.51804],[127.172,37.50731],[127.18372,37.50195],[127.19544,37.50731],[127.19544,37.51804]]]},"properties":{"row":7,"col":15,"walk_min":47.5,"nearest_station_id":"kr_360","nearest_station_name":"Hanam City Hall (Deokpung·Sinjang)","nearest_station_name_ko":"하남시청(덕풍·신장)","a":99,"c":98,"e":82,"g":85,"i":93,"k":77,"m":88,"o":108,"b":99,"d":98,"f":82,"h":85,"j":93,"l":77,"n":88,"p":108}},{"type":"Feature","geometry":{"type":"Polygon","coordinates":[[[127.13683,37.69511],[127.12511,37.70048],[127.11339,37.69511],[127.11339,37.68438],[127.12511,37.67901],[127.13683,37.68438],[127.13683,37.69511]]]},"properties":{"row":18,"col":7,"walk_min":52.6,"nearest_station_id":"kr_310","nearest_station_name":"Byeollaebyeolgaram","nearest_station_name_ko":"별내별가람","a":101,"c":99,"e":110,"g":99,"i":117,"k":116,"m":107,"o":108,"b":101,"d":99,"f":110,"h":99,"j":117,"l":116,"n":107,"p":108}},{"type":"Feature","geometry":{"type":"Polygon","coordinates":[[[127.12511,37.71121],[127.11339,37.71657],[127.10166,37.71121],[127.10166,37.70048],[127.11339,37.69511],[127.12511,37.70048],[127.12511,37.71121]]]},"properties":{"row":19,"col":6,"walk_min":63.5,"nearest_station_id":"kr_310","nearest_station_name":"Byeollaebyeolgaram","nearest_station_name_ko":"별내별가람","a":111,"c":110,"e":118,"g":110,"i":119,"k":119,"m":115,"o":117,"b":111,"d":110,"f":118,"h":110,"j":119,"l":119,"n":115,"p":117}},{"type":"Feature","geometry":{"type":"Polygon","coordinates":[[[126.82033,37.67901],[126.80861,37.68438],[126.79689,37.67901],[126.79689,37.66828],[126.80861,37.66292],[126.82033,37.66828],[126.82033,37.67901]]]},"properties":{"row":17,"col":-6,"walk_min":41.5,"nearest_station_id":"kr_145","nearest_station_name":"Wondang","nearest_station_name_ko":"원당","a":94,"c":91,"e":111,"g":98,"i":114,"k":117,"m":107,"o":103,"b":94,"d":91,"f":111,"h":98,"j":114,"l":117,"n":107,"p":103}},{"type":"Feature","geometry":{"type":"Polygon","coordinates":[[[126.72656,37.55024],[126.71483,37.5556],[126.70311,37.55024],[126.70311,37.53951],[126.71483,37.53414],[126.72656,37.53951],[126.72656,37.55024]]]},"properties":{"row":9,"col":-6,"walk_min":49.3,"nearest_station_id":"kr_258","nearest_station_name":"Sangok","nearest_station_name_ko":"산곡","a":105,"c":107,"e":111,"g":113,"i":109,"k":117,"m":117,"o":102,"b":105,"d":107,"f":111,"h":113,"j":109,"l":117,"n":117,"p":102}},{"type":"Feature","geometry":{"type":"Polygon","coordinates":[[[127.24233,37.71121],[127.23061,37.71657],[127.21889,37.71121],[127.21889,37.70048],[127.23061,37.69511],[127.24233,37.70048],[127.24233,37.71121]]]},"properties":{"row":19,"col":11,"walk_min":41.1,"nearest_station_id":"kr_470","nearest_station_name":"Jinjeop","nearest_station_name_ko":"진접","a":108,"c":106,"e":116,"g":106,"i":120,"k":120,"m":113,"o":114,"b":108,"d":106,"f":116,"h":106,"j":120,"l":120,"n":113,"p":114}},{"type":"Feature","geometry":{"type":"Polygon","coordinates":[[[127.24233,37.7434],[127.23061,37.74877],[127.21889,37.7434],[127.21889,37.73267],[127.23061,37.7273],[127.24233,37.73267],[127.24233,37.7434]]]},"properties":{"row":21,"col":10,"walk_min":43.3,"nearest_station_id":"kr_470","nearest_station_name":"Jinjeop","nearest_station_name_ko":"진접","a":111,"c":109,"e":119,"g":109,"i":120,"k":120,"m":118,"o":119,"b":111,"d":109,"f":119,"h":109,"j":120,"l":120,"n":118,"p":119}},{"type":"Feature","geometry":{"type":"Polygon","coordinates":[[[127.25405,37.7273],[127.24233,37.73267],[127.23061,37.7273],[127.23061,37.71657],[127.24233,37.71121],[127.25405,37.71657],[127.25405,37.7273]]]},"properties":{"row":20,"col":11,"walk_min":48.6,"nearest_station_id":"kr_470","nearest_station_name":"Jinjeop","nearest_station_name_ko":"진접","a":114,"c":114,"e":119,"g":114,"i":120,"k":120,"m":118,"o":118,"b":114,"d":114,"f":119,"h":114,"j":120,"l":120,"n":118,"p":118}},{"type":"Feature","geometry":{"type":"Polygon","coordinates":[[[126.75,37.55024],[126.73828,37.5556],[126.72656,37.55024],[126.72656,37.53951],[126.73828,37.53414],[126.75,37.53951],[126.75,37.55024]]]},"properties":{"row":9,"col":-5,"walk_min":49.3,"nearest_station_id":"kr_315","nearest_station_name":"삼산체육관","nearest_station_name_ko":"삼산체육관","a":100,"c":102,"e":109,"g":112,"i":105,"k":115,"m":115,"o":96,"b":100,"d":102,"f":109,"h":112,"j":105,"l":115,"n":115,"p":96}},{"type":"Feature","geometry":{"type":"Polygon","coordinates":[[[127.08994,37.27659],[127.07822,37.28196],[127.0665,37.27659],[127.0665,37.26586],[127.07822,37.26049],[127.08994,37.26586],[127.08994,37.27659]]]},"properties":{"row":-8,"col":18,"walk_min":43.9,"nearest_station_id":"kr_357","nearest_station_name":"Gwanggyo Jungang","nearest_station_name_ko":"광교중앙","a":115,"c":116,"e":99,"g":116,"i":107,"k":110,"m":117,"o":120,"b":115,"d":116,"f":99,"h":116,"j":107,"l":110,"n":117,"p":120}},{"type":"Feature","geometry":{"type":"Polygon","coordinates":[[[126.77344,37.55024],[126.76172,37.5556],[126.75,37.55024],[126.75,37.53951],[126.76172,37.53414],[126.77344,37.53951],[126.77344,37.55024]]]},"properties":{"row":9,"col":-4,"walk_min":57.4,"nearest_station_id":"kr_189","nearest_station_name":"Gimpo Int'l Airport","nearest_station_name_ko":"김포공항","a":101,"c":101,"e":109,"g":112,"i":105,"k":116,"m":116,"o":93,"b":101,"d":101,"f":109,"h":112,"j":105,"l":116,"n":116,"p":93}},{"type":"Feature","geometry":{"type":"Polygon","coordinates":[[[127.19544,37.61463],[127.18372,37.61999],[127.172,37.61463],[127.172,37.60389],[127.18372,37.59853],[127.19544,37.60389],[127.19544,37.61463]]]},"properties":{"row":13,"col":12,"walk_min":50.9,"nearest_station_id":"kr_352","nearest_station_name":"Dasan","nearest_station_name_ko":"다산","a":104,"c":103,"e":97,"g":90,"i":106,"k":92,"m":99,"o":110,"b":104,"d":103,"f":97,"h":90,"j":106,"l":92,"n":99,"p":110}},{"type":"Feature","geometry":{"type":"Polygon","coordinates":[[[126.98444,37.35707],[126.97272,37.36244],[126.961,37.35707],[126.961,37.34634],[126.97272,37.34098],[126.98444,37.34634],[126.98444,37.35707]]]},"properties":{"row":-3,"col":11,"walk_min":39.3,"nearest_station_id":"kr_460","nearest_station_name":"Dangjeong","nearest_station_name_ko":"당정","a":91,"c":93,"e":88,"g":105,"i":77,"k":103,"m":112,"o":91,"b":91,"d":93,"f":88,"h":105,"j":77,"l":103,"n":112,"p":91}},{"type":"Feature","geometry":{"type":"Polygon","coordinates":[[[126.99617,37.34098],[126.98444,37.34634],[126.97272,37.34098],[126.97272,37.33025],[126.98444,37.32488],[126.99617,37.33025],[126.99617,37.34098]]]},"properties":{"row":-4,"col":12,"walk_min":46.9,"nearest_station_id":"kr_460","nearest_station_name":"Dangjeong","nearest_station_name_ko":"당정","a":104,"c":107,"e":101,"g":117,"i":90,"k":116,"m":119,"o":105,"b":104,"d":107,"f":101,"h":117,"j":90,"l":116,"n":119,"p":105}},{"type":"Feature","geometry":{"type":"Polygon","coordinates":[[[127.0665,37.27659],[127.05478,37.28196],[127.04305,37.27659],[127.04305,37.26586],[127.05478,37.26049],[127.0665,37.26586],[127.0665,37.27659]]]},"properties":{"row":-8,"col":17,"walk_min":39.3,"nearest_station_id":"kr_357","nearest_station_name":"Gwanggyo Jungang","nearest_station_name_ko":"광교중앙","a":115,"c":116,"e":95,"g":116,"i":105,"k":109,"m":117,"o":120,"b":115,"d":116,"f":95,"h":116,"j":105,"l":109,"n":117,"p":120}},{"type":"Feature","geometry":{"type":"Polygon","coordinates":[[[126.79689,37.71121],[126.78517,37.71657],[126.77344,37.71121],[126.77344,37.70048],[126.78517,37.69511],[126.79689,37.70048],[126.79689,37.71121]]]},"properties":{"row":19,"col":-8,"walk_min":64.7,"nearest_station_id":"kr_350","nearest_station_name":"Juyeop","nearest_station_name_ko":"주엽","a":119,"c":119,"e":120,"g":119,"i":120,"k":120,"m":120,"o":119,"b":119,"d":119,"f":120,"h":119,"j":120,"l":120,"n":120,"p":119}},{"type":"Feature","geometry":{"type":"Polygon","coordinates":[[[126.63278,37.45366],[126.62106,37.45902],[126.60933,37.45366],[126.60933,37.44293],[126.62106,37.43756],[126.63278,37.44293],[126.63278,37.45366]]]},"properties":{"row":3,"col":-7,"walk_min":43.0,"nearest_station_id":"kr_457","nearest_station_name":"Dowon","nearest_station_name_ko":"도원","a":105,"c":107,"e":112,"g":116,"i":109,"k":120,"m":120,"o":103,"b":105,"d":107,"f":112,"h":116,"j":109,"l":120,"n":120,"p":103}},{"type":"Feature","geometry":{"type":"Polygon","coordinates":[[[126.79689,37.61463],[126.78517,37.61999],[126.77344,37.61463],[126.77344,37.60389],[126.78517,37.59853],[126.79689,37.60389],[126.79689,37.61463]]]},"properties":{"row":13,"col":-5,"walk_min":72.0,"nearest_station_id":"kr_429","nearest_station_name":"Gaehwa","nearest_station_name_ko":"개화","a":116,"c":115,"e":120,"g":120,"i":118,"k":120,"m":120,"o":106,"b":116,"d":115,"f":120,"h":120,"j":118,"l":120,"n":120,"p":106}},{"type":"Feature","geometry":{"type":"Polygon","coordinates":[[[126.87894,37.34098],[126.86722,37.34634],[126.8555,37.34098],[126.8555,37.33025],[126.86722,37.32488],[126.87894,37.33025],[126.87894,37.34098]]]},"properties":{"row":-4,"col":7,"walk_min":46.7,"nearest_station_id":"kr_168","nearest_station_name":"Jungang","nearest_station_name_ko":"중앙","a":112,"c":113,"e":110,"g":119,"i":101,"k":118,"m":120,"o":112,"b":112,"d":113,"f":110,"h":119,"j":101,"l":118,"n":120,"p":112}},{"type":"Feature","geometry":{"type":"Polygon","coordinates":[[[127.04305,37.40537],[127.03133,37.41073],[127.01961,37.40537],[127.01961,37.39463],[127.03133,37.38927],[127.04305,37.39463],[127.04305,37.40537]]]},"properties":{"row":0,"col":12,"walk_min":71.7,"nearest_station_id":"kr_346","nearest_station_name":"Seoul Grand park","nearest_station_name_ko":"대공원","a":107,"c":110,"e":98,"g":115,"i":87,"k":112,"m":115,"o":113,"b":107,"d":110,"f":98,"h":115,"j":87,"l":112,"n":115,"p":113}},{"type":"Feature","geometry":{"type":"Polygon","coordinates":[[[127.07822,37.35707],[127.0665,37.36244],[127.05478,37.35707],[127.05478,37.34634],[127.0665,37.34098],[127.07822,37.34634],[127.07822,37.35707]]]},"properties":{"row":-3,"col":15,"walk_min":46.7,"nearest_station_id":"kr_148","nearest_station_name":"Jeongja","nearest_station_name_ko":"정자","a":109,"c":110,"e":86,"g":109,"i":96,"k":101,"m":110,"o":114,"b":109,"d":110,"f":86,"h":109,"j":96,"l":101,"n":110,"p":114}},{"type":"Feature","geometry":{"type":"Polygon","coordinates":[[[126.71483,37.37317],[126.70311,37.37854],[126.69139,37.37317],[126.69139,37.36244],[126.70311,37.35707],[126.71483,37.36244],[126.71483,37.37317]]]},"properties":{"row":-2,"col":-1,"walk_min":71.3,"nearest_station_id":"kr_428","nearest_station_name":"Oido","nearest_station_name_ko":"오이도","a":120,"c":120,"e":120,"g":120,"i":118,"k":120,"m":120,"o":120,"b":120,"d":120,"f":120,"h":120,"j":118,"l":120,"n":120,"p":120}},{"type":"Feature","geometry":{"type":"Polygon","coordinates":[[[127.10166,37.42146],[127.08994,37.42683],[127.07822,37.42146],[127.07822,37.41073],[127.08994,37.40537],[127.10166,37.41073],[127.10166,37.42146]]]},"properties":{"row":1,"col":14,"walk_min":59.8,"nearest_station_id":"kr_041","nearest_station_name":"Pangyo","nearest_station_name_ko":"판교","a":112,"c":114,"e":88,"g":111,"i":98,"k":101,"m":112,"o":119,"b":112,"d":114,"f":88,"h":111,"j":98,"l":101,"n":112,"p":119}},{"type":"Feature","geometry":{"type":"Polygon","coordinates":[[[127.08994,37.7595],[127.07822,37.76486],[127.0665,37.7595],[127.0665,37.74877],[127.07822,37.7434],[127.08994,37.74877],[127.08994,37.7595]]]},"properties":{"row":22,"col":3,"walk_min":40.5,"nearest_station_id":"kr_421","nearest_station_name":"Nogyang","nearest_station_name_ko":"녹양","a":100,"c":98,"e":110,"g":98,"i":115,"k":109,"m":100,"o":107,"b":100,"d":98,"f":110,"h":98,"j":115,"l":109,"n":100,"p":107}},{"type":"Feature","geometry":{"type":"Polygon","coordinates":[[[127.10166,37.7434],[127.08994,37.74877],[127.07822,37.7434],[127.07822,37.73267],[127.08994,37.7273],[127.10166,37.73267],[127.10166,37.7434]]]},"properties":{"row":21,"col":4,"walk_min":54.3,"nearest_station_id":"kr_065","nearest_station_name":"Uijeongbu","nearest_station_name_ko":"의정부","a":110,"c":108,"e":117,"g":108,"i":118,"k":117,"m":110,"o":116,"b":110,"d":108,"f":117,"h":108,"j":118,"l":117,"n":110,"p":116}},{"type":"Feature","geometry":{"type":"Polygon","coordinates":[[[126.82033,37.35707],[126.80861,37.36244],[126.79689,37.35707],[126.79689,37.34634],[126.80861,37.34098],[126.82033,37.34634],[126.82033,37.35707]]]},"properties":{"row":-3,"col":4,"walk_min":47.4,"nearest_station_id":"kr_263","nearest_station_name":"Ansan","nearest_station_name_ko":"안산","a":117,"c":119,"e":115,"g":120,"i":109,"k":120,"m":120,"o":118,"b":117,"d":119,"f":115,"h":120,"j":109,"l":120,"n":120,"p":118}},{"type":"Feature","geometry":{"type":"Polygon","coordinates":[[[126.89067,37.67901],[126.87894,37.68438],[126.86722,37.67901],[126.86722,37.66828],[126.87894,37.66292],[126.89067,37.66828],[126.89067,37.67901]]]},"properties":{"row":17,"col":-3,"walk_min":38.7,"nearest_station_id":"kr_115","nearest_station_name":"Samsong","nearest_station_name_ko":"삼송","a":78,"c":75,"e":95,"g":82,"i":98,"k":102,"m":91,"o":87,"b":78,"d":75,"f":95,"h":82,"j":98,"l":102,"n":91,"p":87}},{"type":"Feature","geometry":{"type":"Polygon","coordinates":[[[127.20716,37.59853],[127.19544,37.60389],[127.18372,37.59853],[127.18372,37.5878],[127.19544,37.58243],[127.20716,37.5878],[127.20716,37.59853]]]},"properties":{"row":12,"col":13,"walk_min":57.1,"nearest_station_id":"kr_331","nearest_station_name":"Misa","nearest_station_name_ko":"미사","a":108,"c":107,"e":100,"g":95,"i":108,"k":96,"m":103,"o":113,"b":108,"d":107,"f":100,"h":95,"j":108,"l":96,"n":103,"p":113}},{"type":"Feature","geometry":{"type":"Polygon","coordinates":[[[126.97272,37.43756],[126.961,37.44293],[126.94928,37.43756],[126.94928,37.42683],[126.961,37.42146],[126.97272,37.42683],[126.97272,37.43756]]]},"properties":{"row":2,"col":8,"walk_min":43.2,"nearest_station_id":"kr_367","nearest_station_name":"Government Complex Gwacheon","nearest_station_name_ko":"정부과천청사","a":79,"c":82,"e":70,"g":93,"i":59,"k":85,"m":96,"o":87,"b":79,"d":82,"f":70,"h":93,"j":59,"l":85,"n":96,"p":87}},{"type":"Feature","geometry":{"type":"Polygon","coordinates":[[[127.10166,37.7756],[127.08994,37.78096],[127.07822,37.7756],[127.07822,37.76486],[127.08994,37.7595],[127.10166,37.76486],[127.10166,37.7756]]]},"properties":{"row":23,"col":3,"walk_min":53.8,"nearest_station_id":"kr_092","nearest_station_name":"Yangju","nearest_station_name_ko":"양주","a":116,"c":115,"e":118,"g":115,"i":120,"k":118,"m":116,"o":118,"b":116,"d":115,"f":118,"h":115,"j":120,"l":118,"n":116,"p":118}},{"type":"Feature","geometry":{"type":"Polygon","coordinates":[[[127.08994,37.37317],[127.07822,37.37854],[127.0665,37.37317],[127.0665,37.36244],[127.07822,37.35707],[127.08994,37.36244],[127.08994,37.37317]]]},"properties":{"row":-2,"col":15,"walk_min":49.4,"nearest_station_id":"kr_148","nearest_station_name":"Jeongja","nearest_station_name_ko":"정자","a":106,"c":107,"e":82,"g":106,"i":92,"k":97,"m":107,"o":111,"b":106,"d":107,"f":82,"h":106,"j":92,"l":97,"n":107,"p":111}},{"type":"Feature","geometry":{"type":"Polygon","coordinates":[[[126.63278,37.51804],[126.62106,37.52341],[126.60933,37.51804],[126.60933,37.50731],[126.62106,37.50195],[126.63278,37.50731],[126.63278,37.51804]]]},"properties":{"row":7,"col":-9,"walk_min":81.5,"nearest_station_id":"kr_458","nearest_station_name":"Incheon","nearest_station_name_ko":"인천","a":120,"c":120,"e":120,"g":120,"i":120,"k":120,"m":120,"o":120,"b":120,"d":120,"f":120,"h":120,"j":120,"l":120,"n":120,"p":120}},{"type":"Feature","geometry":{"type":"Polygon","coordinates":[[[126.98444,37.26049],[126.97272,37.26586],[126.961,37.26049],[126.961,37.24976],[126.97272,37.2444],[126.98444,37.24976],[126.98444,37.26049]]]},"properties":{"row":-9,"col":14,"walk_min":49.5,"nearest_station_id":"kr_043","nearest_station_name":"Suwon","nearest_station_name_ko":"수원","a":117,"c":118,"e":115,"g":120,"i":106,"k":120,"m":120,"o":117,"b":117,"d":118,"f":115,"h":120,"j":106,"l":120,"n":120,"p":117}},{"type":"Feature","geometry":{"type":"Polygon","coordinates":[[[127.20716,37.43756],[127.19544,37.44293],[127.18372,37.43756],[127.18372,37.42683],[127.19544,37.42146],[127.20716,37.42683],[127.20716,37.43756]]]},"properties":{"row":2,"col":18,"walk_min":38.9,"nearest_station_id":"kr_236","nearest_station_name":"Samdong","nearest_station_name_ko":"삼동","a":106,"c":108,"e":82,"g":106,"i":92,"k":97,"m":108,"o":114,"b":106,"d":108,"f":82,"h":106,"j":92,"l":97,"n":108,"p":114}},{"type":"Feature","geometry":{"type":"Polygon","coordinates":[[[127.05478,37.2283],[127.04305,37.23366],[127.03133,37.2283],[127.03133,37.21757],[127.04305,37.2122],[127.05478,37.21757],[127.05478,37.2283]]]},"properties":{"row":-11,"col":18,"walk_min":37.4,"nearest_station_id":"kr_047","nearest_station_name":"Byeongjeom","nearest_station_name_ko":"병점","a":120,"c":120,"e":119,"g":120,"i":108,"k":120,"m":120,"o":120,"b":120,"d":120,"f":119,"h":120,"j":108,"l":120,"n":120,"p":120}},{"type":"Feature","geometry":{"type":"Polygon","coordinates":[[[127.07822,37.2283],[127.0665,37.23366],[127.05478,37.2283],[127.05478,37.21757],[127.0665,37.2122],[127.07822,37.21757],[127.07822,37.2283]]]},"properties":{"row":-11,"col":19,"walk_min":45.7,"nearest_station_id":"kr_466","nearest_station_name":"Seodongtan","nearest_station_name_ko":"서동탄","a":120,"c":120,"e":119,"g":120,"i":114,"k":120,"m":120,"o":120,"b":120,"d":120,"f":119,"h":120,"j":114,"l":120,"n":120,"p":120}},{"type":"Feature","geometry":{"type":"Polygon","coordinates":[[[126.87894,37.27659],[126.86722,37.28196],[126.8555,37.27659],[126.8555,37.26586],[126.86722,37.26049],[126.87894,37.26586],[126.87894,37.27659]]]},"properties":{"row":-8,"col":9,"walk_min":70.6,"nearest_station_id":"kr_114","nearest_station_name":"Sangnoksu","nearest_station_name_ko":"상록수","a":119,"c":120,"e":119,"g":120,"i":117,"k":120,"m":120,"o":119,"b":119,"d":120,"f":119,"h":120,"j":117,"l":120,"n":120,"p":119}},{"type":"Feature","geometry":{"type":"Polygon","coordinates":[[[127.08994,37.79169],[127.07822,37.79706],[127.0665,37.79169],[127.0665,37.78096],[127.07822,37.7756],[127.08994,37.78096],[127.08994,37.79169]]]},"properties":{"row":24,"col":2,"walk_min":39.4,"nearest_station_id":"kr_447","nearest_station_name":"Deokgye","nearest_station_name_ko":"덕계","a":108,"c":106,"e":117,"g":106,"i":120,"k":117,"m":108,"o":115,"b":108,"d":106,"f":117,"h":106,"j":120,"l":117,"n":108,"p":115}},{"type":"Feature","geometry":{"type":"Polygon","coordinates":[[[126.75,37.32488],[126.73828,37.33025],[126.72656,37.32488],[126.72656,37.31415],[126.73828,37.30878],[126.75,37.31415],[126.75,37.32488]]]},"properties":{"row":-5,"col":2,"walk_min":52.8,"nearest_station_id":"kr_427","nearest_station_name":"Singiloncheon","nearest_station_name_ko":"신길온천","a":120,"c":120,"e":120,"g":120,"i":116,"k":120,"m":120,"o":120,"b":120,"d":120,"f":120,"h":120,"j":116,"l":120,"n":120,"p":120}},{"type":"Feature","geometry":{"type":"Polygon","coordinates":[[[126.91411,37.67901],[126.90239,37.68438],[126.89067,37.67901],[126.89067,37.66828],[126.90239,37.66292],[126.91411,37.66828],[126.91411,37.67901]]]},"properties":{"row":17,"col":-2,"walk_min":44.1,"nearest_station_id":"kr_115","nearest_station_name":"Samsong","nearest_station_name_ko":"삼송","a":81,"c":78,"e":98,"g":85,"i":101,"k":105,"m":94,"o":90,"b":81,"d":78,"f":98,"h":85,"j":101,"l":105,"n":94,"p":90}},{"type":"Feature","geometry":{"type":"Polygon","coordinates":[[[126.93755,37.67901],[126.92583,37.68438],[126.91411,37.67901],[126.91411,37.66828],[126.92583,37.66292],[126.93755,37.66828],[126.93755,37.67901]]]},"properties":{"row":17,"col":-1,"walk_min":42.0,"nearest_station_id":"kr_104","nearest_station_name":"Jichuk","nearest_station_name_ko":"지축","a":76,"c":74,"e":93,"g":80,"i":96,"k":100,"m":89,"o":85,"b":76,"d":74,"f":93,"h":80,"j":96,"l":100,"n":89,"p":85}},{"type":"Feature","geometry":{"type":"Polygon","coordinates":[[[126.86722,37.45366],[126.8555,37.45902],[126.84378,37.45366],[126.84378,37.44293],[126.8555,37.43756],[126.86722,37.44293],[126.86722,37.45366]]]},"properties":{"row":3,"col":3,"walk_min":38.1,"nearest_station_id":"kr_008","nearest_station_name":"Geumcheon-gu Office","nearest_station_name_ko":"금천구청","a":70,"c":73,"e":78,"g":85,"i":76,"k":91,"m":94,"o":69,"b":70,"d":73,"f":78,"h":85,"j":76,"l":91,"n":94,"p":69}},{"type":"Feature","geometry":{"type":"Polygon","coordinates":[[[127.23061,37.43756],[127.21889,37.44293],[127.20716,37.43756],[127.20716,37.42683],[127.21889,37.42146],[127.23061,37.42683],[127.23061,37.43756]]]},"properties":{"row":2,"col":19,"walk_min":58.9,"nearest_station_id":"kr_236","nearest_station_name":"Samdong","nearest_station_name_ko":"삼동","a":116,"c":117,"e":102,"g":116,"i":109,"k":111,"m":117,"o":120,"b":116,"d":117,"f":102,"h":116,"j":109,"l":111,"n":117,"p":120}},{"type":"Feature","geometry":{"type":"Polygon","coordinates":[[[127.03133,37.80779],[127.01961,37.81316],[127.00789,37.80779],[127.00789,37.79706],[127.01961,37.79169],[127.03133,37.79706],[127.03133,37.80779]]]},"properties":{"row":25,"col":-1,"walk_min":49.6,"nearest_station_id":"kr_092","nearest_station_name":"Yangju","nearest_station_name_ko":"양주","a":113,"c":112,"e":118,"g":112,"i":120,"k":118,"m":113,"o":117,"b":113,"d":112,"f":118,"h":112,"j":120,"l":118,"n":113,"p":117}},{"type":"Feature","geometry":{"type":"Polygon","coordinates":[[[126.72656,37.32488],[126.71483,37.33025],[126.70311,37.32488],[126.70311,37.31415],[126.71483,37.30878],[126.72656,37.31415],[126.72656,37.32488]]]},"properties":{"row":-5,"col":1,"walk_min":58.1,"nearest_station_id":"kr_351","nearest_station_name":"Jeongwang","nearest_station_name_ko":"정왕","a":120,"c":120,"e":120,"g":120,"i":119,"k":120,"m":120,"o":120,"b":120,"d":120,"f":120,"h":120,"j":119,"l":120,"n":120,"p":120}},{"type":"Feature","geometry":{"type":"Polygon","coordinates":[[[127.03133,37.32488],[127.01961,37.33025],[127.00789,37.32488],[127.00789,37.31415],[127.01961,37.30878],[127.03133,37.31415],[127.03133,37.32488]]]},"properties":{"row":-5,"col":14,"walk_min":65.3,"nearest_station_id":"kr_444","nearest_station_name":"Gwanggyo","nearest_station_name_ko":"광교","a":118,"c":119,"e":116,"g":120,"i":116,"k":119,"m":120,"o":118,"b":118,"d":119,"f":116,"h":120,"j":116,"l":119,"n":120,"p":118}},{"type":"Feature","geometry":{"type":"Polygon","coordinates":[[[126.70311,37.55024],[126.69139,37.5556],[126.67967,37.55024],[126.67967,37.53951],[126.69139,37.53414],[126.70311,37.53951],[126.70311,37.55024]]]},"properties":{"row":9,"col":-7,"walk_min":60.8,"nearest_station_id":"kr_258","nearest_station_name":"Sangok","nearest_station_name_ko":"산곡","a":113,"c":114,"e":117,"g":118,"i":115,"k":120,"m":120,"o":111,"b":113,"d":114,"f":117,"h":118,"j":115,"l":120,"n":120,"p":111}},{"type":"Feature","geometry":{"type":"Polygon","coordinates":[[[127.14855,37.32488],[127.13683,37.33025],[127.12511,37.32488],[127.12511,37.31415],[127.13683,37.30878],[127.14855,37.31415],[127.14855,37.32488]]]},"properties":{"row":-5,"col":19,"walk_min":59.8,"nearest_station_id":"kr_202","nearest_station_name":"Dongcheon","nearest_station_name_ko":"동천","a":117,"c":117,"e":101,"g":117,"i":110,"k":113,"m":117,"o":118,"b":117,"d":117,"f":101,"h":117,"j":110,"l":113,"n":117,"p":118}},{"type":"Feature","geometry":{"type":"Polygon","coordinates":[[[126.89067,37.61463],[126.87894,37.61999],[126.86722,37.61463],[126.86722,37.60389],[126.87894,37.59853],[126.89067,37.60389],[126.89067,37.61463]]]},"properties":{"row":13,"col":-1,"walk_min":47.5,"nearest_station_id":"kr_318","nearest_station_name":"응암","nearest_station_name_ko":"응암","a":78,"c":76,"e":95,"g":83,"i":92,"k":103,"m":92,"o":87,"b":78,"d":76,"f":95,"h":83,"j":92,"l":103,"n":92,"p":87}},{"type":"Feature","geometry":{"type":"Polygon","coordinates":[[[126.59761,37.46975],[126.58589,37.47512],[126.57417,37.46975],[126.57417,37.45902],[126.58589,37.45366],[126.59761,37.45902],[126.59761,37.46975]]]},"properties":{"row":4,"col":-9,"walk_min":51.6,"nearest_station_id":"kr_458","nearest_station_name":"Incheon","nearest_station_name_ko":"인천","a":120,"c":120,"e":120,"g":120,"i":120,"k":120,"m":120,"o":116,"b":120,"d":120,"f":120,"h":120,"j":120,"l":120,"n":120,"p":116}},{"type":"Feature","geometry":{"type":"Polygon","coordinates":[[[126.82033,37.29269],[126.80861,37.29805],[126.79689,37.29269],[126.79689,37.28196],[126.80861,37.27659],[126.82033,37.28196],[126.82033,37.29269]]]},"properties":{"row":-7,"col":6,"walk_min":56.8,"nearest_station_id":"kr_426","nearest_station_name":"Gojan","nearest_station_name_ko":"고잔","a":120,"c":120,"e":120,"g":120,"i":113,"k":120,"m":120,"o":120,"b":120,"d":120,"f":120,"h":120,"j":113,"l":120,"n":120,"p":120}},{"type":"Feature","geometry":{"type":"Polygon","coordinates":[[[126.8555,37.40537],[126.84378,37.41073],[126.83206,37.40537],[126.83206,37.39463],[126.84378,37.38927],[126.8555,37.39463],[126.8555,37.40537]]]},"properties":{"row":0,"col":4,"walk_min":72.5,"nearest_station_id":"kr_442","nearest_station_name":"Gwangmyeong","nearest_station_name_ko":"광명","a":106,"c":109,"e":115,"g":115,"i":111,"k":117,"m":117,"o":107,"b":97,"d":100,"f":115,"h":110,"j":111,"l":117,"n":115,"p":107}},{"type":"Feature","geometry":{"type":"Polygon","coordinates":[[[126.84378,37.42146],[126.83206,37.42683],[126.82033,37.42146],[126.82033,37.41073],[126.83206,37.40537],[126.84378,37.41073],[126.84378,37.42146]]]},"properties":{"row":1,"col":3,"walk_min":67.7,"nearest_station_id":"kr_442","nearest_station_name":"Gwangmyeong","nearest_station_name_ko":"광명","a":103,"c":106,"e":113,"g":115,"i":109,"k":117,"m":117,"o":104,"b":92,"d":95,"f":113,"h":107,"j":109,"l":117,"n":115,"p":104}},{"type":"Feature","geometry":{"type":"Polygon","coordinates":[[[127.01961,37.2122],[127.00789,37.21757],[126.99617,37.2122],[126.99617,37.20147],[127.00789,37.19611],[127.01961,37.20147],[127.01961,37.2122]]]},"properties":{"row":-12,"col":17,"walk_min":57.1,"nearest_station_id":"kr_047","nearest_station_name":"Byeongjeom","nearest_station_name_ko":"병점","a":120,"c":120,"e":120,"g":120,"i":117,"k":120,"m":120,"o":120,"b":120,"d":120,"f":120,"h":120,"j":117,"l":120,"n":120,"p":120}},{"type":"Feature","geometry":{"type":"Polygon","coordinates":[[[126.90239,37.27659],[126.89067,37.28196],[126.87894,37.27659],[126.87894,37.26586],[126.89067,37.26049],[126.90239,37.26586],[126.90239,37.27659]]]},"properties":{"row":-8,"col":10,"walk_min":65.1,"nearest_station_id":"kr_114","nearest_station_name":"Sangnoksu","nearest_station_name_ko":"상록수","a":118,"c":119,"e":117,"g":120,"i":112,"k":120,"m":120,"o":118,"b":118,"d":119,"f":117,"h":120,"j":112,"l":120,"n":120,"p":118}},{"type":"Feature","geometry":{"type":"Polygon","coordinates":[[[126.84378,37.45366],[126.83206,37.45902],[126.82033,37.45366],[126.82033,37.44293],[126.83206,37.43756],[126.84378,37.44293],[126.84378,37.45366]]]},"properties":{"row":3,"col":2,"walk_min":50.0,"nearest_station_id":"kr_220","nearest_station_name":"광명사거리","nearest_station_name_ko":"광명사거리","a":87,"c":90,"e":93,"g":102,"i":93,"k":106,"m":111,"o":84,"b":87,"d":90,"f":93,"h":102,"j":93,"l":106,"n":111,"p":84}},{"type":"Feature","geometry":{"type":"Polygon","coordinates":[[[126.73828,37.43756],[126.72656,37.44293],[126.71483,37.43756],[126.71483,37.42683],[126.72656,37.42146],[126.73828,37.42683],[126.73828,37.43756]]]},"properties":{"row":2,"col":-2,"walk_min":63.5,"nearest_station_id":"kr_455","nearest_station_name":"Ganseok","nearest_station_name_ko":"간석","a":116,"c":117,"e":118,"g":119,"i":117,"k":120,"m":120,"o":115,"b":116,"d":117,"f":118,"h":119,"j":117,"l":120,"n":120,"p":115}},{"type":"Feature","geometry":{"type":"Polygon","coordinates":[[[126.75,37.45366],[126.73828,37.45902],[126.72656,37.45366],[126.72656,37.44293],[126.73828,37.43756],[126.75,37.44293],[126.75,37.45366]]]},"properties":{"row":3,"col":-2,"walk_min":49.5,"nearest_station_id":"kr_378","nearest_station_name":"Dongam","nearest_station_name_ko":"동암","a":102,"c":105,"e":112,"g":116,"i":107,"k":120,"m":120,"o":99,"b":102,"d":105,"f":112,"h":116,"j":107,"l":120,"n":120,"p":99}},{"type":"Feature","geometry":{"type":"Polygon","coordinates":[[[126.94928,37.43756],[126.93755,37.44293],[126.92583,37.43756],[126.92583,37.42683],[126.93755,37.42146],[126.94928,37.42683],[126.94928,37.43756]]]},"properties":{"row":2,"col":7,"walk_min":45.1,"nearest_station_id":"kr_413","nearest_station_name":"Gwanak","nearest_station_name_ko":"관악","a":80,"c":83,"e":87,"g":94,"i":81,"k":100,"m":103,"o":83,"b":80,"d":83,"f":87,"h":94,"j":81,"l":100,"n":103,"p":83}},{"type":"Feature","geometry":{"type":"Polygon","coordinates":[[[126.94928,37.27659],[126.93755,37.28196],[126.92583,37.27659],[126.92583,37.26586],[126.93755,37.26049],[126.94928,37.26586],[126.94928,37.27659]]]},"properties":{"row":-8,"col":12,"walk_min":58.6,"nearest_station_id":"kr_086","nearest_station_name":"Sungkyunkwan University","nearest_station_name_ko":"성균관대","a":117,"c":117,"e":115,"g":120,"i":107,"k":119,"m":120,"o":117,"b":117,"d":117,"f":115,"h":120,"j":107,"l":119,"n":120,"p":117}},{"type":"Feature","geometry":{"type":"Polygon","coordinates":[[[126.961,37.45366],[126.94928,37.45902],[126.93755,37.45366],[126.93755,37.44293],[126.94928,37.43756],[126.961,37.44293],[126.961,37.45366]]]},"properties":{"row":3,"col":7,"walk_min":41.1,"nearest_station_id":"kr_319","nearest_station_name":"Nakseongdae","nearest_station_name_ko":"낙성대","a":66,"c":69,"e":62,"g":80,"i":53,"k":76,"m":85,"o":73,"b":66,"d":69,"f":62,"h":80,"j":53,"l":76,"n":85,"p":73}},{"type":"Feature","geometry":{"type":"Polygon","coordinates":[[[126.90239,37.37317],[126.89067,37.37854],[126.87894,37.37317],[126.87894,37.36244],[126.89067,37.35707],[126.90239,37.36244],[126.90239,37.37317]]]},"properties":{"row":-2,"col":7,"walk_min":57.4,"nearest_station_id":"kr_364","nearest_station_name":"Surisan","nearest_station_name_ko":"수리산","a":104,"c":106,"e":105,"g":114,"i":95,"k":114,"m":119,"o":105,"b":102,"d":104,"f":105,"h":112,"j":95,"l":114,"n":118,"p":105}},{"type":"Feature","geometry":{"type":"Polygon","coordinates":[[[126.71483,37.34098],[126.70311,37.34634],[126.69139,37.34098],[126.69139,37.33025],[126.70311,37.32488],[126.71483,37.33025],[126.71483,37.34098]]]},"properties":{"row":-4,"col":0,"walk_min":56.4,"nearest_station_id":"kr_351","nearest_station_name":"Jeongwang","nearest_station_name_ko":"정왕","a":120,"c":120,"e":120,"g":120,"i":120,"k":120,"m":120,"o":120,"b":120,"d":120,"f":120,"h":120,"j":120,"l":120,"n":120,"p":120}},{"type":"Feature","geometry":{"type":"Polygon","coordinates":[[[127.01961,37.37317],[127.00789,37.37854],[126.99617,37.37317],[126.99617,37.36244],[127.00789,37.35707],[127.01961,37.36244],[127.01961,37.37317]]]},"properties":{"row":-2,"col":12,"walk_min":64.4,"nearest_station_id":"kr_072","nearest_station_name":"Gunpo","nearest_station_name_ko":"군포","a":110,"c":111,"e":104,"g":115,"i":93,"k":112,"m":116,"o":112,"b":110,"d":111,"f":104,"h":115,"j":93,"l":112,"n":116,"p":112}},{"type":"Feature","geometry":{"type":"Polygon","coordinates":[[[127.03133,37.38927],[127.01961,37.39463],[127.00789,37.38927],[127.00789,37.37854],[127.01961,37.37317],[127.03133,37.37854],[127.03133,37.38927]]]},"properties":{"row":-1,"col":12,"walk_min":62.1,"nearest_station_id":"kr_325","nearest_station_name":"Indeogwon","nearest_station_name_ko":"인덕원","a":104,"c":107,"e":95,"g":116,"i":84,"k":110,"m":117,"o":112,"b":104,"d":107,"f":95,"h":116,"j":84,"l":110,"n":117,"p":112}},{"type":"Feature","geometry":{"type":"Polygon","coordinates":[[[126.76172,37.30878],[126.75,37.31415],[126.73828,37.30878],[126.73828,37.29805],[126.75,37.29269],[126.76172,37.29805],[126.76172,37.30878]]]},"properties":{"row":-6,"col":3,"walk_min":98.4,"nearest_station_id":"kr_427","nearest_station_name":"Singiloncheon","nearest_station_name_ko":"신길온천","a":120,"c":120,"e":120,"g":120,"i":118,"k":120,"m":120,"o":120,"b":120,"d":120,"f":120,"h":120,"j":118,"l":120,"n":120,"p":120}},{"type":"Feature","geometry":{"type":"Polygon","coordinates":[[[126.84378,37.35707],[126.83206,37.36244],[126.82033,37.35707],[126.82033,37.34634],[126.83206,37.34098],[126.84378,37.34634],[126.84378,37.35707]]]},"properties":{"row":-3,"col":5,"walk_min":57.0,"nearest_station_id":"kr_426","nearest_station_name":"Gojan","nearest_station_name_ko":"고잔","a":120,"c":120,"e":117,"g":120,"i":112,"k":120,"m":120,"o":120,"b":120,"d":120,"f":117,"h":120,"j":112,"l":120,"n":120,"p":120}},{"type":"Feature","geometry":{"type":"Polygon","coordinates":[[[126.86722,37.35707],[126.8555,37.36244],[126.84378,37.35707],[126.84378,37.34634],[126.8555,37.34098],[126.86722,37.34634],[126.86722,37.35707]]]},"properties":{"row":-3,"col":6,"walk_min":64.9,"nearest_station_id":"kr_168","nearest_station_name":"Jungang","nearest_station_name_ko":"중앙","a":120,"c":120,"e":118,"g":120,"i":113,"k":120,"m":120,"o":120,"b":120,"d":120,"f":118,"h":120,"j":113,"l":120,"n":120,"p":120}},{"type":"Feature","geometry":{"type":"Polygon","coordinates":[[[126.65622,37.51804],[126.6445,37.52341],[126.63278,37.51804],[126.63278,37.50731],[126.6445,37.50195],[126.65622,37.50731],[126.65622,37.51804]]]},"properties":{"row":7,"col":-8,"walk_min":60.6,"nearest_station_id":"kr_330","nearest_station_name":"Dongincheon","nearest_station_name_ko":"동인천","a":116,"c":117,"e":120,"g":120,"i":119,"k":120,"m":120,"o":115,"b":116,"d":117,"f":120,"h":120,"j":119,"l":120,"n":120,"p":115}},{"type":"Feature","geometry":{"type":"Polygon","coordinates":[[[127.172,37.38927],[127.16028,37.39463],[127.14855,37.38927],[127.14855,37.37854],[127.16028,37.37317],[127.172,37.37854],[127.172,37.38927]]]},"properties":{"row":-1,"col":18,"walk_min":54.6,"nearest_station_id":"kr_108","nearest_station_name":"Imae","nearest_station_name_ko":"이매","a":106,"c":108,"e":87,"g":106,"i":95,"k":99,"m":108,"o":113,"b":106,"d":108,"f":87,"h":106,"j":95,"l":99,"n":108,"p":113}},{"type":"Feature","geometry":{"type":"Polygon","coordinates":[[[127.18372,37.40537],[127.172,37.41073],[127.16028,37.40537],[127.16028,37.39463],[127.172,37.38927],[127.18372,37.39463],[127.18372,37.40537]]]},"properties":{"row":0,"col":18,"walk_min":49.8,"nearest_station_id":"kr_236","nearest_station_name":"Samdong","nearest_station_name_ko":"삼동","a":114,"c":115,"e":90,"g":114,"i":100,"k":105,"m":115,"o":117,"b":114,"d":115,"f":90,"h":114,"j":100,"l":105,"n":115,"p":117}},{"type":"Feature","geometry":{"type":"Polygon","coordinates":[[[126.8555,37.27659],[126.84378,37.28196],[126.83206,37.27659],[126.83206,37.26586],[126.84378,37.26049],[126.8555,37.26586],[126.8555,37.27659]]]},"properties":{"row":-8,"col":8,"walk_min":74.9,"nearest_station_id":"kr_114","nearest_station_name":"Sangnoksu","nearest_station_name_ko":"상록수","a":120,"c":120,"e":120,"g":120,"i":118,"k":120,"m":120,"o":120,"b":120,"d":120,"f":120,"h":120,"j":118,"l":120,"n":120,"p":120}},{"type":"Feature","geometry":{"type":"Polygon","coordinates":[[[126.961,37.67901],[126.94928,37.68438],[126.93755,37.67901],[126.93755,37.66828],[126.94928,37.66292],[126.961,37.66828],[126.961,37.67901]]]},"properties":{"row":17,"col":0,"walk_min":57.9,"nearest_station_id":"kr_104","nearest_station_name":"Jichuk","nearest_station_name_ko":"지축","a":92,"c":90,"e":109,"g":96,"i":112,"k":116,"m":105,"o":101,"b":92,"d":90,"f":109,"h":96,"j":112,"l":116,"n":105,"p":101}},{"type":"Feature","geometry":{"type":"Polygon","coordinates":[[[126.99617,37.2444],[126.98444,37.24976],[126.97272,37.2444],[126.97272,37.23366],[126.98444,37.2283],[126.99617,37.23366],[126.99617,37.2444]]]},"properties":{"row":-10,"col":15,"walk_min":57.3,"nearest_station_id":"kr_462","nearest_station_name":"Seryu","nearest_station_name_ko":"세류","a":120,"c":120,"e":120,"g":120,"i":117,"k":120,"m":120,"o":120,"b":120,"d":120,"f":120,"h":120,"j":117,"l":120,"n":120,"p":120}},{"type":"Feature","geometry":{"type":"Polygon","coordinates":[[[127.01961,37.82389],[127.00789,37.82925],[126.99617,37.82389],[126.99617,37.81316],[127.00789,37.80779],[127.01961,37.81316],[127.01961,37.82389]]]},"properties":{"row":26,"col":-2,"walk_min":84.1,"nearest_station_id":"kr_447","nearest_station_name":"Deokgye","nearest_station_name_ko":"덕계","a":120,"c":120,"e":120,"g":120,"i":120,"k":120,"m":120,"o":120,"b":120,"d":120,"f":120,"h":120,"j":120,"l":120,"n":120,"p":120}},{"type":"Feature","geometry":{"type":"Polygon","coordinates":[[[127.23061,37.59853],[127.21889,37.60389],[127.20716,37.59853],[127.20716,37.5878],[127.21889,37.58243],[127.23061,37.5878],[127.23061,37.59853]]]},"properties":{"row":12,"col":14,"walk_min":94.1,"nearest_station_id":"kr_331","nearest_station_name":"Misa","nearest_station_name_ko":"미사","a":120,"c":120,"e":119,"g":118,"i":120,"k":118,"m":120,"o":120,"b":120,"d":120,"f":119,"h":118,"j":120,"l":118,"n":120,"p":120}},{"type":"Feature","geometry":{"type":"Polygon","coordinates":[[[126.93755,37.29269],[126.92583,37.29805],[126.91411,37.29269],[126.91411,37.28196],[126.92583,37.27659],[126.93755,37.28196],[126.93755,37.29269]]]},"properties":{"row":-7,"col":11,"walk_min":64.1,"nearest_station_id":"kr_086","nearest_station_name":"Sungkyunkwan University","nearest_station_name_ko":"성균관대","a":115,"c":116,"e":114,"g":120,"i":109,"k":119,"m":120,"o":115,"b":115,"d":116,"f":114,"h":120,"j":109,"l":119,"n":120,"p":115}},{"type":"Feature","geometry":{"type":"Polygon","coordinates":[[[127.18372,37.66292],[127.172,37.66828],[127.16028,37.66292],[127.16028,37.65219],[127.172,37.64682],[127.18372,37.65219],[127.18372,37.66292]]]},"properties":{"row":16,"col":10,"walk_min":60.0,"nearest_station_id":"kr_352","nearest_station_name":"Dasan","nearest_station_name_ko":"다산","a":117,"c":116,"e":110,"g":104,"i":118,"k":105,"m":112,"o":119,"b":117,"d":116,"f":110,"h":104,"j":118,"l":105,"n":112,"p":119}},{"type":"Feature","geometry":{"type":"Polygon","coordinates":[[[126.71483,37.69511],[126.70311,37.70048],[126.69139,37.69511],[126.69139,37.68438],[126.70311,37.67901],[126.71483,37.68438],[126.71483,37.69511]]]},"properties":{"row":18,"col":-11,"walk_min":55.2,"nearest_station_id":"kr_424","nearest_station_name":"Daehwa","nearest_station_name_ko":"대화","a":119,"c":117,"e":120,"g":120,"i":120,"k":120,"m":120,"o":120,"b":119,"d":117,"f":120,"h":120,"j":120,"l":120,"n":120,"p":120}},{"type":"Feature","geometry":{"type":"Polygon","coordinates":[[[126.72656,37.71121],[126.71483,37.71657],[126.70311,37.71121],[126.70311,37.70048],[126.71483,37.69511],[126.72656,37.70048],[126.72656,37.71121]]]},"properties":{"row":19,"col":-11,"walk_min":57.9,"nearest_station_id":"kr_424","nearest_station_name":"Daehwa","nearest_station_name_ko":"대화","a":120,"c":120,"e":120,"g":120,"i":120,"k":120,"m":120,"o":120,"b":120,"d":120,"f":120,"h":120,"j":120,"l":120,"n":120,"p":120}},{"type":"Feature","geometry":{"type":"Polygon","coordinates":[[[127.19544,37.64682],[127.18372,37.65219],[127.172,37.64682],[127.172,37.63609],[127.18372,37.63072],[127.19544,37.63609],[127.19544,37.64682]]]},"properties":{"row":15,"col":11,"walk_min":56.3,"nearest_station_id":"kr_352","nearest_station_name":"Dasan","nearest_station_name_ko":"다산","a":110,"c":109,"e":104,"g":97,"i":111,"k":99,"m":106,"o":115,"b":110,"d":109,"f":104,"h":97,"j":111,"l":99,"n":106,"p":115}},{"type":"Feature","geometry":{"type":"Polygon","coordinates":[[[126.79689,37.29269],[126.78517,37.29805],[126.77344,37.29269],[126.77344,37.28196],[126.78517,37.27659],[126.79689,37.28196],[126.79689,37.29269]]]},"properties":{"row":-7,"col":5,"walk_min":49.5,"nearest_station_id":"kr_230","nearest_station_name":"Choji","nearest_station_name_ko":"초지","a":120,"c":120,"e":120,"g":120,"i":114,"k":120,"m":120,"o":120,"b":120,"d":120,"f":120,"h":120,"j":114,"l":120,"n":120,"p":120}},{"type":"Feature","geometry":{"type":"Polygon","coordinates":[[[126.76172,37.7273],[126.75,37.73267],[126.73828,37.7273],[126.73828,37.71657],[126.75,37.71121],[126.76172,37.71657],[126.76172,37.7273]]]},"properties":{"row":20,"col":-10,"walk_min":70.9,"nearest_station_id":"kr_424","nearest_station_name":"Daehwa","nearest_station_name_ko":"대화","a":120,"c":120,"e":120,"g":120,"i":120,"k":120,"m":120,"o":120,"b":120,"d":120,"f":120,"h":120,"j":120,"l":120,"n":120,"p":120}},{"type":"Feature","geometry":{"type":"Polygon","coordinates":[[[126.86722,37.38927],[126.8555,37.39463],[126.84378,37.38927],[126.84378,37.37854],[126.8555,37.37317],[126.86722,37.37854],[126.86722,37.38927]]]},"properties":{"row":-1,"col":5,"walk_min":72.8,"nearest_station_id":"kr_442","nearest_station_name":"Gwangmyeong","nearest_station_name_ko":"광명","a":108,"c":111,"e":116,"g":118,"i":113,"k":119,"m":119,"o":109,"b":97,"d":100,"f":116,"h":112,"j":113,"l":119,"n":117,"p":109}},{"type":"Feature","geometry":{"type":"Polygon","coordinates":[[[126.76172,37.59853],[126.75,37.60389],[126.73828,37.59853],[126.73828,37.5878],[126.75,37.58243],[126.76172,37.5878],[126.76172,37.59853]]]},"properties":{"row":12,"col":-6,"walk_min":78.6,"nearest_station_id":"kr_429","nearest_station_name":"Gaehwa","nearest_station_name_ko":"개화","a":116,"c":115,"e":117,"g":119,"i":116,"k":120,"m":120,"o":109,"b":116,"d":115,"f":117,"h":119,"j":116,"l":120,"n":120,"p":109}},{"type":"Feature","geometry":{"type":"Polygon","coordinates":[[[127.12511,37.29269],[127.11339,37.29805],[127.10166,37.29269],[127.10166,37.28196],[127.11339,37.27659],[127.12511,37.28196],[127.12511,37.29269]]]},"properties":{"row":-7,"col":19,"walk_min":61.3,"nearest_station_id":"kr_266","nearest_station_name":"Seongbok","nearest_station_name_ko":"성복","a":119,"c":120,"e":105,"g":120,"i":113,"k":116,"m":120,"o":120,"b":119,"d":120,"f":105,"h":120,"j":113,"l":116,"n":120,"p":120}},{"type":"Feature","geometry":{"type":"Polygon","coordinates":[[[126.67967,37.42146],[126.66794,37.42683],[126.65622,37.42146],[126.65622,37.41073],[126.66794,37.40537],[126.67967,37.41073],[126.67967,37.42146]]]},"properties":{"row":1,"col":-4,"walk_min":72.3,"nearest_station_id":"kr_313","nearest_station_name":"주안","nearest_station_name_ko":"주안","a":118,"c":119,"e":119,"g":120,"i":119,"k":120,"m":120,"o":118,"b":118,"d":119,"f":119,"h":120,"j":119,"l":120,"n":120,"p":118}},{"type":"Feature","geometry":{"type":"Polygon","coordinates":[[[126.69139,37.43756],[126.67967,37.44293],[126.66794,37.43756],[126.66794,37.42683],[126.67967,37.42146],[126.69139,37.42683],[126.69139,37.43756]]]},"properties":{"row":2,"col":-4,"walk_min":46.6,"nearest_station_id":"kr_248","nearest_station_name":"Juan","nearest_station_name_ko":"주안","a":103,"c":105,"e":112,"g":117,"i":108,"k":120,"m":120,"o":99,"b":103,"d":105,"f":112,"h":117,"j":108,"l":120,"n":120,"p":99}},{"type":"Feature","geometry":{"type":"Polygon","coordinates":[[[127.00789,37.7756],[126.99617,37.78096],[126.98444,37.7756],[126.98444,37.76486],[126.99617,37.7595],[127.00789,37.76486],[127.00789,37.7756]]]},"properties":{"row":23,"col":-1,"walk_min":63.0,"nearest_station_id":"kr_092","nearest_station_name":"Yangju","nearest_station_name_ko":"양주","a":117,"c":116,"e":120,"g":116,"i":120,"k":120,"m":117,"o":120,"b":117,"d":116,"f":120,"h":116,"j":120,"l":120,"n":117,"p":120}},{"type":"Feature","geometry":{"type":"Polygon","coordinates":[[[126.71483,37.66292],[126.70311,37.66828],[126.69139,37.66292],[126.69139,37.65219],[126.70311,37.64682],[126.71483,37.65219],[126.71483,37.66292]]]},"properties":{"row":16,"col":-10,"walk_min":143.2,"nearest_station_id":"kr_424","nearest_station_name":"Daehwa","nearest_station_name_ko":"대화","a":120,"c":120,"e":120,"g":120,"i":120,"k":120,"m":120,"o":120,"b":120,"d":120,"f":120,"h":120,"j":120,"l":120,"n":120,"p":120}},{"type":"Feature","geometry":{"type":"Polygon","coordinates":[[[127.21889,37.45366],[127.20716,37.45902],[127.19544,37.45366],[127.19544,37.44293],[127.20716,37.43756],[127.21889,37.44293],[127.21889,37.45366]]]},"properties":{"row":3,"col":18,"walk_min":60.7,"nearest_station_id":"kr_236","nearest_station_name":"Samdong","nearest_station_name_ko":"삼동","a":115,"c":115,"e":101,"g":113,"i":112,"k":108,"m":111,"o":117,"b":115,"d":115,"f":101,"h":113,"j":112,"l":108,"n":111,"p":117}},{"type":"Feature","geometry":{"type":"Polygon","coordinates":[[[126.79689,37.45366],[126.78517,37.45902],[126.77344,37.45366],[126.77344,37.44293],[126.78517,37.43756],[126.79689,37.44293],[126.79689,37.45366]]]},"properties":{"row":3,"col":0,"walk_min":52.4,"nearest_station_id":"kr_060","nearest_station_name":"Bucheon","nearest_station_name_ko":"부천","a":89,"c":91,"e":98,"g":103,"i":94,"k":112,"m":112,"o":86,"b":89,"d":91,"f":98,"h":103,"j":94,"l":112,"n":112,"p":86}},{"type":"Feature","geometry":{"type":"Polygon","coordinates":[[[126.80861,37.43756],[126.79689,37.44293],[126.78517,37.43756],[126.78517,37.42683],[126.79689,37.42146],[126.80861,37.42683],[126.80861,37.43756]]]},"properties":{"row":2,"col":1,"walk_min":77.4,"nearest_station_id":"kr_451","nearest_station_name":"Sosa","nearest_station_name_ko":"소사","a":112,"c":114,"e":118,"g":118,"i":117,"k":119,"m":119,"o":109,"b":112,"d":114,"f":118,"h":118,"j":117,"l":119,"n":119,"p":109}},{"type":"Feature","geometry":{"type":"Polygon","coordinates":[[[126.82033,37.45366],[126.80861,37.45902],[126.79689,37.45366],[126.79689,37.44293],[126.80861,37.43756],[126.82033,37.44293],[126.82033,37.45366]]]},"properties":{"row":3,"col":1,"walk_min":52.3,"nearest_station_id":"kr_024","nearest_station_name":"Yeokgok","nearest_station_name_ko":"역곡","a":85,"c":87,"e":94,"g":99,"i":90,"k":107,"m":108,"o":81,"b":85,"d":87,"f":94,"h":99,"j":90,"l":107,"n":108,"p":81}},{"type":"Feature","geometry":{"type":"Polygon","coordinates":[[[126.70311,37.42146],[126.69139,37.42683],[126.67967,37.42146],[126.67967,37.41073],[126.69139,37.40537],[126.70311,37.41073],[126.70311,37.42146]]]},"properties":{"row":1,"col":-3,"walk_min":71.3,"nearest_station_id":"kr_455","nearest_station_name":"Ganseok","nearest_station_name_ko":"간석","a":118,"c":119,"e":119,"g":120,"i":119,"k":120,"m":120,"o":118,"b":118,"d":119,"f":119,"h":120,"j":119,"l":120,"n":120,"p":118}},{"type":"Feature","geometry":{"type":"Polygon","coordinates":[[[127.25405,37.69511],[127.24233,37.70048],[127.23061,37.69511],[127.23061,37.68438],[127.24233,37.67901],[127.25405,37.68438],[127.25405,37.69511]]]},"properties":{"row":18,"col":12,"walk_min":49.3,"nearest_station_id":"kr_361","nearest_station_name":"Onam","nearest_station_name_ko":"오남","a":113,"c":111,"e":120,"g":111,"i":120,"k":120,"m":120,"o":120,"b":113,"d":111,"f":120,"h":111,"j":120,"l":120,"n":120,"p":120}},{"type":"Feature","geometry":{"type":"Polygon","coordinates":[[[126.97272,37.66292],[126.961,37.66828],[126.94928,37.66292],[126.94928,37.65219],[126.961,37.64682],[126.97272,37.65219],[126.97272,37.66292]]]},"properties":{"row":16,"col":1,"walk_min":58.8,"nearest_station_id":"kr_104","nearest_station_name":"Jichuk","nearest_station_name_ko":"지축","a":91,"c":89,"e":108,"g":95,"i":111,"k":113,"m":104,"o":100,"b":91,"d":89,"f":108,"h":95,"j":111,"l":113,"n":104,"p":100}},{"type":"Feature","geometry":{"type":"Polygon","coordinates":[[[127.21889,37.67901],[127.20716,37.68438],[127.19544,37.67901],[127.19544,37.66828],[127.20716,37.66292],[127.21889,37.66828],[127.21889,37.67901]]]},"properties":{"row":17,"col":11,"walk_min":53.6,"nearest_station_id":"kr_361","nearest_station_name":"Onam","nearest_station_name_ko":"오남","a":117,"c":116,"e":120,"g":116,"i":120,"k":120,"m":120,"o":120,"b":117,"d":116,"f":120,"h":116,"j":120,"l":120,"n":120,"p":120}},{"type":"Feature","geometry":{"type":"Polygon","coordinates":[[[127.23061,37.66292],[127.21889,37.66828],[127.20716,37.66292],[127.20716,37.65219],[127.21889,37.64682],[127.23061,37.65219],[127.23061,37.66292]]]},"properties":{"row":16,"col":12,"walk_min":106.2,"nearest_station_id":"kr_361","nearest_station_name":"Onam","nearest_station_name_ko":"오남","a":120,"c":120,"e":120,"g":120,"i":120,"k":120,"m":120,"o":120,"b":120,"d":120,"f":120,"h":120,"j":120,"l":120,"n":120,"p":120}},{"type":"Feature","geometry":{"type":"Polygon","coordinates":[[[126.83206,37.43756],[126.82033,37.44293],[126.80861,37.43756],[126.80861,37.42683],[126.82033,37.42146],[126.83206,37.42683],[126.83206,37.43756]]]},"properties":{"row":2,"col":2,"walk_min":75.7,"nearest_station_id":"kr_451","nearest_station_name":"Sosa","nearest_station_name_ko":"소사","a":110,"c":112,"e":116,"g":118,"i":114,"k":119,"m":119,"o":109,"b":106,"d":108,"f":116,"h":114,"j":114,"l":119,"n":118,"p":109}},{"type":"Feature","geometry":{"type":"Polygon","coordinates":[[[127.16028,37.7273],[127.14855,37.73267],[127.13683,37.7273],[127.13683,37.71657],[127.14855,37.71121],[127.16028,37.71657],[127.16028,37.7273]]]},"properties":{"row":20,"col":7,"walk_min":76.0,"nearest_station_id":"kr_361","nearest_station_name":"Onam","nearest_station_name_ko":"오남","a":120,"c":120,"e":120,"g":120,"i":120,"k":120,"m":120,"o":120,"b":120,"d":120,"f":120,"h":120,"j":120,"l":120,"n":120,"p":120}},{"type":"Feature","geometry":{"type":"Polygon","coordinates":[[[127.172,37.7434],[127.16028,37.74877],[127.14855,37.7434],[127.14855,37.73267],[127.16028,37.7273],[127.172,37.73267],[127.172,37.7434]]]},"properties":{"row":21,"col":7,"walk_min":82.7,"nearest_station_id":"kr_470","nearest_station_name":"Jinjeop","nearest_station_name_ko":"진접","a":120,"c":120,"e":120,"g":120,"i":120,"k":120,"m":120,"o":120,"b":120,"d":120,"f":120,"h":120,"j":120,"l":120,"n":120,"p":120}},{"type":"Feature","geometry":{"type":"Polygon","coordinates":[[[127.16028,37.69511],[127.14855,37.70048],[127.13683,37.69511],[127.13683,37.68438],[127.14855,37.67901],[127.16028,37.68438],[127.16028,37.69511]]]},"properties":{"row":18,"col":8,"walk_min":67.3,"nearest_station_id":"kr_310","nearest_station_name":"Byeollaebyeolgaram","nearest_station_name_ko":"별내별가람","a":117,"c":116,"e":120,"g":116,"i":120,"k":120,"m":120,"o":120,"b":117,"d":116,"f":120,"h":116,"j":120,"l":120,"n":120,"p":120}},{"type":"Feature","geometry":{"type":"Polygon","coordinates":[[[126.99617,37.63072],[126.98444,37.63609],[126.97272,37.63072],[126.97272,37.61999],[126.98444,37.61463],[126.99617,37.61999],[126.99617,37.63072]]]},"properties":{"row":14,"col":3,"walk_min":51.4,"nearest_station_id":"kr_106","nearest_station_name":"Mia","nearest_station_name_ko":"미아","a":78,"c":76,"e":91,"g":77,"i":98,"k":98,"m":87,"o":88,"b":78,"d":76,"f":91,"h":77,"j":98,"l":98,"n":87,"p":88}},{"type":"Feature","geometry":{"type":"Polygon","coordinates":[[[126.98444,37.64682],[126.97272,37.65219],[126.961,37.64682],[126.961,37.63609],[126.97272,37.63072],[126.98444,37.63609],[126.98444,37.64682]]]},"properties":{"row":15,"col":2,"walk_min":58.6,"nearest_station_id":"kr_409","nearest_station_name":"독바위","nearest_station_name_ko":"독바위","a":87,"c":84,"e":103,"g":89,"i":106,"k":109,"m":99,"o":95,"b":87,"d":84,"f":103,"h":89,"j":106,"l":109,"n":99,"p":95}},{"type":"Feature","geometry":{"type":"Polygon","coordinates":[[[126.8555,37.43756],[126.84378,37.44293],[126.83206,37.43756],[126.83206,37.42683],[126.84378,37.42146],[126.8555,37.42683],[126.8555,37.43756]]]},"properties":{"row":2,"col":3,"walk_min":56.4,"nearest_station_id":"kr_442","nearest_station_name":"Gwangmyeong","nearest_station_name_ko":"광명","a":91,"c":94,"e":101,"g":105,"i":97,"k":112,"m":113,"o":92,"b":80,"d":83,"f":101,"h":95,"j":97,"l":112,"n":104,"p":92}},{"type":"Feature","geometry":{"type":"Polygon","coordinates":[[[127.25405,37.7595],[127.24233,37.76486],[127.23061,37.7595],[127.23061,37.74877],[127.24233,37.7434],[127.25405,37.74877],[127.25405,37.7595]]]},"properties":{"row":22,"col":10,"walk_min":46.0,"nearest_station_id":"kr_470","nearest_station_name":"Jinjeop","nearest_station_name_ko":"진접","a":114,"c":112,"e":120,"g":112,"i":120,"k":120,"m":120,"o":120,"b":114,"d":112,"f":120,"h":112,"j":120,"l":120,"n":120,"p":120}},{"type":"Feature","geometry":{"type":"Polygon","coordinates":[[[127.03133,37.83998],[127.01961,37.84535],[127.00789,37.83998],[127.00789,37.82925],[127.01961,37.82389],[127.03133,37.82925],[127.03133,37.83998]]]},"properties":{"row":27,"col":-2,"walk_min":84.1,"nearest_station_id":"kr_447","nearest_station_name":"Deokgye","nearest_station_name_ko":"덕계","a":120,"c":120,"e":120,"g":120,"i":120,"k":120,"m":120,"o":120,"b":120,"d":120,"f":120,"h":120,"j":120,"l":120,"n":120,"p":120}},{"type":"Feature","geometry":{"type":"Polygon","coordinates":[[[126.76172,37.56634],[126.75,37.5717],[126.73828,37.56634],[126.73828,37.5556],[126.75,37.55024],[126.76172,37.5556],[126.76172,37.56634]]]},"properties":{"row":10,"col":-5,"walk_min":67.6,"nearest_station_id":"kr_429","nearest_station_name":"Gaehwa","nearest_station_name_ko":"개화","a":111,"c":111,"e":116,"g":118,"i":113,"k":120,"m":120,"o":103,"b":111,"d":111,"f":116,"h":118,"j":113,"l":120,"n":120,"p":103}},{"type":"Feature","geometry":{"type":"Polygon","coordinates":[[[127.11339,37.18001],[127.10166,37.18537],[127.08994,37.18001],[127.08994,37.16928],[127.10166,37.16391],[127.11339,37.16928],[127.11339,37.18001]]]},"properties":{"row":-14,"col":22,"walk_min":58.5,"nearest_station_id":"kr_416","nearest_station_name":"Osan College","nearest_station_name_ko":"오산대","a":120,"c":120,"e":120,"g":120,"i":120,"k":120,"m":120,"o":120,"b":120,"d":120,"f":120,"h":120,"j":120,"l":120,"n":120,"p":120}},{"type":"Feature","geometry":{"type":"Polygon","coordinates":[[[126.78517,37.43756],[126.77344,37.44293],[126.76172,37.43756],[126.76172,37.42683],[126.77344,37.42146],[126.78517,37.42683],[126.78517,37.43756]]]},"properties":{"row":2,"col":0,"walk_min":79.3,"nearest_station_id":"kr_060","nearest_station_name":"Bucheon","nearest_station_name_ko":"부천","a":116,"c":117,"e":118,"g":119,"i":118,"k":119,"m":120,"o":113,"b":116,"d":117,"f":118,"h":119,"j":118,"l":119,"n":120,"p":113}},{"type":"Feature","geometry":{"type":"Polygon","coordinates":[[[126.77344,37.45366],[126.76172,37.45902],[126.75,37.45366],[126.75,37.44293],[126.76172,37.43756],[126.77344,37.44293],[126.77344,37.45366]]]},"properties":{"row":3,"col":-1,"walk_min":55.8,"nearest_station_id":"kr_452","nearest_station_name":"Jung-dong","nearest_station_name_ko":"중동","a":97,"c":100,"e":107,"g":111,"i":102,"k":119,"m":120,"o":94,"b":97,"d":100,"f":107,"h":111,"j":102,"l":119,"n":120,"p":94}},{"type":"Feature","geometry":{"type":"Polygon","coordinates":[[[126.73828,37.7273],[126.72656,37.73267],[126.71483,37.7273],[126.71483,37.71657],[126.72656,37.71121],[126.73828,37.71657],[126.73828,37.7273]]]},"properties":{"row":20,"col":-11,"walk_min":77.2,"nearest_station_id":"kr_424","nearest_station_name":"Daehwa","nearest_station_name_ko":"대화","a":120,"c":120,"e":120,"g":120,"i":120,"k":120,"m":120,"o":120,"b":120,"d":120,"f":120,"h":120,"j":120,"l":120,"n":120,"p":120}},{"type":"Feature","geometry":{"type":"Polygon","coordinates":[[[127.04305,37.34098],[127.03133,37.34634],[127.01961,37.34098],[127.01961,37.33025],[127.03133,37.32488],[127.04305,37.33025],[127.04305,37.34098]]]},"properties":{"row":-4,"col":14,"walk_min":71.0,"nearest_station_id":"kr_444","nearest_station_name":"Gwanggyo","nearest_station_name_ko":"광교","a":120,"c":120,"e":117,"g":120,"i":120,"k":120,"m":120,"o":120,"b":120,"d":120,"f":117,"h":120,"j":120,"l":120,"n":120,"p":120}},{"type":"Feature","geometry":{"type":"Polygon","coordinates":[[[127.05478,37.35707],[127.04305,37.36244],[127.03133,37.35707],[127.03133,37.34634],[127.04305,37.34098],[127.05478,37.34634],[127.05478,37.35707]]]},"properties":{"row":-3,"col":14,"walk_min":71.1,"nearest_station_id":"kr_148","nearest_station_name":"Jeongja","nearest_station_name_ko":"정자","a":120,"c":120,"e":114,"g":120,"i":117,"k":118,"m":120,"o":120,"b":120,"d":120,"f":114,"h":120,"j":117,"l":118,"n":120,"p":120}},{"type":"Feature","geometry":{"type":"Polygon","coordinates":[[[127.18372,37.37317],[127.172,37.37854],[127.16028,37.37317],[127.16028,37.36244],[127.172,37.35707],[127.18372,37.36244],[127.18372,37.37317]]]},"properties":{"row":-2,"col":19,"walk_min":86.9,"nearest_station_id":"kr_108","nearest_station_name":"Imae","nearest_station_name_ko":"이매","a":119,"c":119,"e":114,"g":119,"i":117,"k":118,"m":119,"o":120,"b":119,"d":119,"f":114,"h":119,"j":117,"l":118,"n":119,"p":120}},{"type":"Feature","geometry":{"type":"Polygon","coordinates":[[[126.80861,37.69511],[126.79689,37.70048],[126.78517,37.69511],[126.78517,37.68438],[126.79689,37.67901],[126.80861,37.68438],[126.80861,37.69511]]]},"properties":{"row":18,"col":-7,"walk_min":55.4,"nearest_station_id":"kr_350","nearest_station_name":"Juyeop","nearest_station_name_ko":"주엽","a":119,"c":118,"e":120,"g":120,"i":120,"k":120,"m":120,"o":120,"b":119,"d":118,"f":120,"h":120,"j":120,"l":120,"n":120,"p":120}},{"type":"Feature","geometry":{"type":"Polygon","coordinates":[[[127.19544,37.67901],[127.18372,37.68438],[127.172,37.67901],[127.172,37.66828],[127.18372,37.66292],[127.19544,37.66828],[127.19544,37.67901]]]},"properties":{"row":17,"col":10,"walk_min":60.6,"nearest_station_id":"kr_361","nearest_station_name":"Onam","nearest_station_name_ko":"오남","a":120,"c":119,"e":120,"g":119,"i":120,"k":120,"m":120,"o":120,"b":120,"d":119,"f":120,"h":119,"j":120,"l":120,"n":120,"p":120}},{"type":"Feature","geometry":{"type":"Polygon","coordinates":[[[127.20716,37.66292],[127.19544,37.66828],[127.18372,37.66292],[127.18372,37.65219],[127.19544,37.64682],[127.20716,37.65219],[127.20716,37.66292]]]},"properties":{"row":16,"col":11,"walk_min":77.6,"nearest_station_id":"kr_352","nearest_station_name":"Dasan","nearest_station_name_ko":"다산","a":120,"c":120,"e":120,"g":119,"i":120,"k":120,"m":120,"o":120,"b":120,"d":120,"f":120,"h":119,"j":120,"l":120,"n":120,"p":120}},{"type":"Feature","geometry":{"type":"Polygon","coordinates":[[[126.80861,37.37317],[126.79689,37.37854],[126.78517,37.37317],[126.78517,37.36244],[126.79689,37.35707],[126.80861,37.36244],[126.80861,37.37317]]]},"properties":{"row":-2,"col":3,"walk_min":60.1,"nearest_station_id":"kr_427","nearest_station_name":"Singiloncheon","nearest_station_name_ko":"신길온천","a":120,"c":120,"e":120,"g":120,"i":120,"k":120,"m":120,"o":120,"b":120,"d":120,"f":120,"h":120,"j":120,"l":120,"n":120,"p":120}},{"type":"Feature","geometry":{"type":"Polygon","coordinates":[[[127.00789,37.67901],[126.99617,37.68438],[126.98444,37.67901],[126.98444,37.66828],[126.99617,37.66292],[127.00789,37.66828],[127.00789,37.67901]]]},"properties":{"row":17,"col":2,"walk_min":61.9,"nearest_station_id":"kr_125","nearest_station_name":"Ssangmun","nearest_station_name_ko":"쌍문","a":98,"c":96,"e":110,"g":96,"i":116,"k":112,"m":102,"o":107,"b":98,"d":96,"f":110,"h":96,"j":116,"l":112,"n":102,"p":107}},{"type":"Feature","geometry":{"type":"Polygon","coordinates":[[[127.00789,37.2283],[126.99617,37.23366],[126.98444,37.2283],[126.98444,37.21757],[126.99617,37.2122],[127.00789,37.21757],[127.00789,37.2283]]]},"properties":{"row":-11,"col":16,"walk_min":68.4,"nearest_station_id":"kr_462","nearest_station_name":"Seryu","nearest_station_name_ko":"세류","a":120,"c":120,"e":120,"g":120,"i":117,"k":120,"m":120,"o":120,"b":120,"d":120,"f":120,"h":120,"j":117,"l":120,"n":120,"p":120}},{"type":"Feature","geometry":{"type":"Polygon","coordinates":[[[126.72656,37.42146],[126.71483,37.42683],[126.70311,37.42146],[126.70311,37.41073],[126.71483,37.40537],[126.72656,37.41073],[126.72656,37.42146]]]},"properties":{"row":1,"col":-2,"walk_min":77.1,"nearest_station_id":"kr_455","nearest_station_name":"Ganseok","nearest_station_name_ko":"간석","a":119,"c":119,"e":120,"g":120,"i":119,"k":120,"m":120,"o":119,"b":119,"d":119,"f":120,"h":120,"j":119,"l":120,"n":120,"p":119}},{"type":"Feature","geometry":{"type":"Polygon","coordinates":[[[127.21889,37.51804],[127.20716,37.52341],[127.19544,37.51804],[127.19544,37.50731],[127.20716,37.50195],[127.21889,37.50731],[127.21889,37.51804]]]},"properties":{"row":7,"col":16,"walk_min":60.8,"nearest_station_id":"kr_469","nearest_station_name":"Hanam Geomdansan","nearest_station_name_ko":"하남검단산","a":116,"c":116,"e":107,"g":104,"i":116,"k":103,"m":111,"o":120,"b":116,"d":116,"f":107,"h":104,"j":116,"l":103,"n":111,"p":120}},{"type":"Feature","geometry":{"type":"Polygon","coordinates":[[[127.11339,37.43756],[127.10166,37.44293],[127.08994,37.43756],[127.08994,37.42683],[127.10166,37.42146],[127.11339,37.42683],[127.11339,37.43756]]]},"properties":{"row":2,"col":14,"walk_min":54.1,"nearest_station_id":"kr_439","nearest_station_name":"Moran","nearest_station_name_ko":"모란","a":116,"c":118,"e":96,"g":109,"i":106,"k":91,"m":103,"o":120,"b":116,"d":118,"f":96,"h":109,"j":106,"l":91,"n":103,"p":120}},{"type":"Feature","geometry":{"type":"Polygon","coordinates":[[[127.10166,37.2283],[127.08994,37.23366],[127.07822,37.2283],[127.07822,37.21757],[127.08994,37.2122],[127.10166,37.21757],[127.10166,37.2283]]]},"properties":{"row":-11,"col":20,"walk_min":62.9,"nearest_station_id":"kr_466","nearest_station_name":"Seodongtan","nearest_station_name_ko":"서동탄","a":120,"c":120,"e":120,"g":120,"i":120,"k":120,"m":120,"o":120,"b":120,"d":120,"f":120,"h":120,"j":120,"l":120,"n":120,"p":120}},{"type":"Feature","geometry":{"type":"Polygon","coordinates":[[[127.08994,37.2444],[127.07822,37.24976],[127.0665,37.2444],[127.0665,37.23366],[127.07822,37.2283],[127.08994,37.23366],[127.08994,37.2444]]]},"properties":{"row":-10,"col":19,"walk_min":72.4,"nearest_station_id":"kr_047","nearest_station_name":"Byeongjeom","nearest_station_name_ko":"병점","a":120,"c":120,"e":120,"g":120,"i":120,"k":120,"m":120,"o":120,"b":120,"d":120,"f":120,"h":120,"j":120,"l":120,"n":120,"p":120}},{"type":"Feature","geometry":{"type":"Polygon","coordinates":[[[127.11339,37.2122],[127.10166,37.21757],[127.08994,37.2122],[127.08994,37.20147],[127.10166,37.19611],[127.11339,37.20147],[127.11339,37.2122]]]},"properties":{"row":-12,"col":21,"walk_min":62.1,"nearest_station_id":"kr_466","nearest_station_name":"Seodongtan","nearest_station_name_ko":"서동탄","a":120,"c":120,"e":120,"g":120,"i":120,"k":120,"m":120,"o":120,"b":120,"d":120,"f":120,"h":120,"j":120,"l":120,"n":120,"p":120}},{"type":"Feature","geometry":{"type":"Polygon","coordinates":[[[127.20716,37.46975],[127.19544,37.47512],[127.18372,37.46975],[127.18372,37.45902],[127.19544,37.45366],[127.20716,37.45902],[127.20716,37.46975]]]},"properties":{"row":4,"col":17,"walk_min":56.4,"nearest_station_id":"kr_232","nearest_station_name":"Namhansanseong","nearest_station_name_ko":"남한산성입구","a":111,"c":112,"e":90,"g":104,"i":101,"k":85,"m":96,"o":118,"b":111,"d":112,"f":90,"h":104,"j":101,"l":85,"n":96,"p":118}},{"type":"Feature","geometry":{"type":"Polygon","coordinates":[[[127.00789,37.71121],[126.99617,37.71657],[126.98444,37.71121],[126.98444,37.70048],[126.99617,37.69511],[127.00789,37.70048],[127.00789,37.71121]]]},"properties":{"row":19,"col":1,"walk_min":67.9,"nearest_station_id":"kr_449","nearest_station_name":"Mangwolsa (Shinhan University)","nearest_station_name_ko":"망월사(신한대학교)","a":113,"c":112,"e":119,"g":112,"i":120,"k":119,"m":113,"o":118,"b":113,"d":112,"f":119,"h":112,"j":120,"l":119,"n":113,"p":118}},{"type":"Feature","geometry":{"type":"Polygon","coordinates":[[[126.67967,37.55024],[126.66794,37.5556],[126.65622,37.55024],[126.65622,37.53951],[126.66794,37.53414],[126.67967,37.53951],[126.67967,37.55024]]]},"properties":{"row":9,"col":-8,"walk_min":78.1,"nearest_station_id":"kr_258","nearest_station_name":"Sangok","nearest_station_name_ko":"산곡","a":119,"c":119,"e":120,"g":120,"i":120,"k":120,"m":120,"o":118,"b":119,"d":119,"f":120,"h":120,"j":120,"l":120,"n":120,"p":118}},{"type":"Feature","geometry":{"type":"Polygon","coordinates":[[[127.18372,37.7595],[127.172,37.76486],[127.16028,37.7595],[127.16028,37.74877],[127.172,37.7434],[127.18372,37.74877],[127.18372,37.7595]]]},"properties":{"row":22,"col":7,"walk_min":91.5,"nearest_station_id":"kr_470","nearest_station_name":"Jinjeop","nearest_station_name_ko":"진접","a":120,"c":120,"e":120,"g":120,"i":120,"k":120,"m":120,"o":120,"b":120,"d":120,"f":120,"h":120,"j":120,"l":120,"n":120,"p":120}},{"type":"Feature","geometry":{"type":"Polygon","coordinates":[[[126.66794,37.53414],[126.65622,37.53951],[126.6445,37.53414],[126.6445,37.52341],[126.65622,37.51804],[126.66794,37.52341],[126.66794,37.53414]]]},"properties":{"row":8,"col":-8,"walk_min":71.2,"nearest_station_id":"kr_258","nearest_station_name":"Sangok","nearest_station_name_ko":"산곡","a":118,"c":119,"e":120,"g":120,"i":120,"k":120,"m":120,"o":117,"b":118,"d":119,"f":120,"h":120,"j":120,"l":120,"n":120,"p":117}},{"type":"Feature","geometry":{"type":"Polygon","coordinates":[[[127.00789,37.35707],[126.99617,37.36244],[126.98444,37.35707],[126.98444,37.34634],[126.99617,37.34098],[127.00789,37.34634],[127.00789,37.35707]]]},"properties":{"row":-3,"col":12,"walk_min":63.6,"nearest_station_id":"kr_460","nearest_station_name":"Dangjeong","nearest_station_name_ko":"당정","a":113,"c":114,"e":111,"g":119,"i":101,"k":119,"m":120,"o":113,"b":113,"d":114,"f":111,"h":119,"j":101,"l":119,"n":120,"p":113}},{"type":"Feature","geometry":{"type":"Polygon","coordinates":[[[126.89067,37.35707],[126.87894,37.36244],[126.86722,37.35707],[126.86722,37.34634],[126.87894,37.34098],[126.89067,37.34634],[126.89067,37.35707]]]},"properties":{"row":-3,"col":7,"walk_min":65.4,"nearest_station_id":"kr_423","nearest_station_name":"Daeyami","nearest_station_name_ko":"대야미","a":119,"c":120,"e":117,"g":120,"i":108,"k":120,"m":120,"o":119,"b":119,"d":120,"f":117,"h":120,"j":108,"l":120,"n":120,"p":119}},{"type":"Feature","geometry":{"type":"Polygon","coordinates":[[[127.11339,37.7273],[127.10166,37.73267],[127.08994,37.7273],[127.08994,37.71657],[127.10166,37.71121],[127.11339,37.71657],[127.11339,37.7273]]]},"properties":{"row":20,"col":5,"walk_min":69.9,"nearest_station_id":"kr_062","nearest_station_name":"Hoeryong","nearest_station_name_ko":"회룡","a":117,"c":116,"e":120,"g":116,"i":120,"k":120,"m":117,"o":120,"b":117,"d":116,"f":120,"h":116,"j":120,"l":120,"n":117,"p":120}},{"type":"Feature","geometry":{"type":"Polygon","coordinates":[[[126.66794,37.43756],[126.65622,37.44293],[126.6445,37.43756],[126.6445,37.42683],[126.65622,37.42146],[126.66794,37.42683],[126.66794,37.43756]]]},"properties":{"row":2,"col":-5,"walk_min":54.9,"nearest_station_id":"kr_379","nearest_station_name":"Jemulpo","nearest_station_name_ko":"제물포","a":115,"c":118,"e":120,"g":120,"i":120,"k":120,"m":120,"o":112,"b":115,"d":118,"f":120,"h":120,"j":120,"l":120,"n":120,"p":112}},{"type":"Feature","geometry":{"type":"Polygon","coordinates":[[[127.11339,37.7595],[127.10166,37.76486],[127.08994,37.7595],[127.08994,37.74877],[127.10166,37.7434],[127.11339,37.74877],[127.11339,37.7595]]]},"properties":{"row":22,"col":4,"walk_min":73.3,"nearest_station_id":"kr_421","nearest_station_name":"Nogyang","nearest_station_name_ko":"녹양","a":119,"c":118,"e":120,"g":118,"i":120,"k":120,"m":119,"o":120,"b":119,"d":118,"f":120,"h":118,"j":120,"l":120,"n":119,"p":120}},{"type":"Feature","geometry":{"type":"Polygon","coordinates":[[[126.76172,37.43756],[126.75,37.44293],[126.73828,37.43756],[126.73828,37.42683],[126.75,37.42146],[126.76172,37.42683],[126.76172,37.43756]]]},"properties":{"row":2,"col":-1,"walk_min":80.5,"nearest_station_id":"kr_378","nearest_station_name":"Dongam","nearest_station_name_ko":"동암","a":119,"c":119,"e":120,"g":120,"i":119,"k":120,"m":120,"o":118,"b":119,"d":119,"f":120,"h":120,"j":119,"l":120,"n":120,"p":118}},{"type":"Feature","geometry":{"type":"Polygon","coordinates":[[[127.11339,37.27659],[127.10166,37.28196],[127.08994,37.27659],[127.08994,37.26586],[127.10166,37.26049],[127.11339,37.26586],[127.11339,37.27659]]]},"properties":{"row":-8,"col":19,"walk_min":71.6,"nearest_station_id":"kr_307","nearest_station_name":"Sanghyeon","nearest_station_name_ko":"상현","a":120,"c":120,"e":115,"g":120,"i":118,"k":120,"m":120,"o":120,"b":120,"d":120,"f":115,"h":120,"j":118,"l":120,"n":120,"p":120}},{"type":"Feature","geometry":{"type":"Polygon","coordinates":[[[126.72656,37.64682],[126.71483,37.65219],[126.70311,37.64682],[126.70311,37.63609],[126.71483,37.63072],[126.72656,37.63609],[126.72656,37.64682]]]},"properties":{"row":15,"col":-9,"walk_min":157.0,"nearest_station_id":"kr_424","nearest_station_name":"Daehwa","nearest_station_name_ko":"대화","a":120,"c":120,"e":120,"g":120,"i":120,"k":120,"m":120,"o":120,"b":120,"d":120,"f":120,"h":120,"j":120,"l":120,"n":120,"p":120}},{"type":"Feature","geometry":{"type":"Polygon","coordinates":[[[127.00789,37.7434],[126.99617,37.74877],[126.98444,37.7434],[126.98444,37.73267],[126.99617,37.7273],[127.00789,37.73267],[127.00789,37.7434]]]},"properties":{"row":21,"col":0,"walk_min":72.4,"nearest_station_id":"kr_448","nearest_station_name":"Ganeung","nearest_station_name_ko":"가능","a":118,"c":117,"e":120,"g":117,"i":120,"k":120,"m":118,"o":120,"b":118,"d":117,"f":120,"h":117,"j":120,"l":120,"n":118,"p":120}},{"type":"Feature","geometry":{"type":"Polygon","coordinates":[[[127.11339,37.82389],[127.10166,37.82925],[127.08994,37.82389],[127.08994,37.81316],[127.10166,37.80779],[127.11339,37.81316],[127.11339,37.82389]]]},"properties":{"row":26,"col":2,"walk_min":75.1,"nearest_station_id":"kr_447","nearest_station_name":"Deokgye","nearest_station_name_ko":"덕계","a":120,"c":120,"e":120,"g":120,"i":120,"k":120,"m":120,"o":120,"b":120,"d":120,"f":120,"h":120,"j":120,"l":120,"n":120,"p":120}},{"type":"Feature","geometry":{"type":"Polygon","coordinates":[[[127.20716,37.50195],[127.19544,37.50731],[127.18372,37.50195],[127.18372,37.49122],[127.19544,37.48585],[127.20716,37.49122],[127.20716,37.50195]]]},"properties":{"row":6,"col":16,"walk_min":64.2,"nearest_station_id":"kr_440","nearest_station_name":"Macheon","nearest_station_name_ko":"마천","a":113,"c":112,"e":96,"g":102,"i":104,"k":92,"m":101,"o":119,"b":113,"d":112,"f":96,"h":102,"j":104,"l":92,"n":101,"p":119}},{"type":"Feature","geometry":{"type":"Polygon","coordinates":[[[127.21889,37.48585],[127.20716,37.49122],[127.19544,37.48585],[127.19544,37.47512],[127.20716,37.46975],[127.21889,37.47512],[127.21889,37.48585]]]},"properties":{"row":5,"col":17,"walk_min":70.3,"nearest_station_id":"kr_440","nearest_station_name":"Macheon","nearest_station_name_ko":"마천","a":117,"c":117,"e":101,"g":108,"i":111,"k":96,"m":107,"o":119,"b":117,"d":117,"f":101,"h":108,"j":111,"l":96,"n":107,"p":119}},{"type":"Feature","geometry":{"type":"Polygon","coordinates":[[[126.6445,37.43756],[126.63278,37.44293],[126.62106,37.43756],[126.62106,37.42683],[126.63278,37.42146],[126.6445,37.42683],[126.6445,37.43756]]]},"properties":{"row":2,"col":-6,"walk_min":60.2,"nearest_station_id":"kr_457","nearest_station_name":"Dowon","nearest_station_name_ko":"도원","a":120,"c":120,"e":120,"g":120,"i":120,"k":120,"m":120,"o":119,"b":120,"d":120,"f":120,"h":120,"j":120,"l":120,"n":120,"p":119}},{"type":"Feature","geometry":{"type":"Polygon","coordinates":[[[126.65622,37.42146],[126.6445,37.42683],[126.63278,37.42146],[126.63278,37.41073],[126.6445,37.40537],[126.65622,37.41073],[126.65622,37.42146]]]},"properties":{"row":1,"col":-5,"walk_min":81.6,"nearest_station_id":"kr_379","nearest_station_name":"Jemulpo","nearest_station_name_ko":"제물포","a":120,"c":120,"e":120,"g":120,"i":120,"k":120,"m":120,"o":120,"b":120,"d":120,"f":120,"h":120,"j":120,"l":120,"n":120,"p":120}},{"type":"Feature","geometry":{"type":"Polygon","coordinates":[[[127.11339,37.79169],[127.10166,37.79706],[127.08994,37.79169],[127.08994,37.78096],[127.10166,37.7756],[127.11339,37.78096],[127.11339,37.79169]]]},"properties":{"row":24,"col":3,"walk_min":69.2,"nearest_station_id":"kr_447","nearest_station_name":"Deokgye","nearest_station_name_ko":"덕계","a":120,"c":120,"e":120,"g":120,"i":120,"k":120,"m":120,"o":120,"b":120,"d":120,"f":120,"h":120,"j":120,"l":120,"n":120,"p":120}},{"type":"Feature","geometry":{"type":"Polygon","coordinates":[[[127.16028,37.34098],[127.14855,37.34634],[127.13683,37.34098],[127.13683,37.33025],[127.14855,37.32488],[127.16028,37.33025],[127.16028,37.34098]]]},"properties":{"row":-4,"col":19,"walk_min":67.2,"nearest_station_id":"kr_172","nearest_station_name":"Migeum","nearest_station_name_ko":"미금","a":119,"c":120,"e":105,"g":119,"i":112,"k":115,"m":120,"o":120,"b":119,"d":120,"f":105,"h":119,"j":112,"l":115,"n":120,"p":120}},{"type":"Feature","geometry":{"type":"Polygon","coordinates":[[[127.00789,37.19611],[126.99617,37.20147],[126.98444,37.19611],[126.98444,37.18537],[126.99617,37.18001],[127.00789,37.18537],[127.00789,37.19611]]]},"properties":{"row":-13,"col":17,"walk_min":70.4,"nearest_station_id":"kr_047","nearest_station_name":"Byeongjeom","nearest_station_name_ko":"병점","a":120,"c":120,"e":120,"g":120,"i":120,"k":120,"m":120,"o":120,"b":120,"d":120,"f":120,"h":120,"j":120,"l":120,"n":120,"p":120}},{"type":"Feature","geometry":{"type":"Polygon","coordinates":[[[127.01961,37.18001],[127.00789,37.18537],[126.99617,37.18001],[126.99617,37.16928],[127.00789,37.16391],[127.01961,37.16928],[127.01961,37.18001]]]},"properties":{"row":-14,"col":18,"walk_min":58.9,"nearest_station_id":"kr_047","nearest_station_name":"Byeongjeom","nearest_station_name_ko":"병점","a":120,"c":120,"e":120,"g":120,"i":120,"k":120,"m":120,"o":120,"b":120,"d":120,"f":120,"h":120,"j":120,"l":120,"n":120,"p":120}},{"type":"Feature","geometry":{"type":"Polygon","coordinates":[[[126.78517,37.7273],[126.77344,37.73267],[126.76172,37.7273],[126.76172,37.71657],[126.77344,37.71121],[126.78517,37.71657],[126.78517,37.7273]]]},"properties":{"row":20,"col":-9,"walk_min":78.2,"nearest_station_id":"kr_424","nearest_station_name":"Daehwa","nearest_station_name_ko":"대화","a":120,"c":120,"e":120,"g":120,"i":120,"k":120,"m":120,"o":120,"b":120,"d":120,"f":120,"h":120,"j":120,"l":120,"n":120,"p":120}},{"type":"Feature","geometry":{"type":"Polygon","coordinates":[[[126.99617,37.66292],[126.98444,37.66828],[126.97272,37.66292],[126.97272,37.65219],[126.98444,37.64682],[126.99617,37.65219],[126.99617,37.66292]]]},"properties":{"row":16,"col":2,"walk_min":63.5,"nearest_station_id":"kr_116","nearest_station_name":"Suyu (Gangbuk-gu Office)","nearest_station_name_ko":"수유(강북구청)","a":93,"c":91,"e":106,"g":92,"i":113,"k":112,"m":101,"o":102,"b":93,"d":91,"f":106,"h":92,"j":113,"l":112,"n":101,"p":102}},{"type":"Feature","geometry":{"type":"Polygon","coordinates":[[[126.961,37.26049],[126.94928,37.26586],[126.93755,37.26049],[126.93755,37.24976],[126.94928,37.2444],[126.961,37.24976],[126.961,37.26049]]]},"properties":{"row":-9,"col":13,"walk_min":67.8,"nearest_station_id":"kr_043","nearest_station_name":"Suwon","nearest_station_name_ko":"수원","a":120,"c":120,"e":120,"g":120,"i":119,"k":120,"m":120,"o":120,"b":120,"d":120,"f":120,"h":120,"j":119,"l":120,"n":120,"p":120}},{"type":"Feature","geometry":{"type":"Polygon","coordinates":[[[127.01961,37.34098],[127.00789,37.34634],[126.99617,37.34098],[126.99617,37.33025],[127.00789,37.32488],[127.01961,37.33025],[127.01961,37.34098]]]},"properties":{"row":-4,"col":13,"walk_min":69.4,"nearest_station_id":"kr_085","nearest_station_name":"Sungkyunkwan Univ","nearest_station_name_ko":"성균관대","a":120,"c":120,"e":119,"g":120,"i":112,"k":120,"m":120,"o":120,"b":120,"d":120,"f":119,"h":120,"j":112,"l":120,"n":120,"p":120}},{"type":"Feature","geometry":{"type":"Polygon","coordinates":[[[126.60933,37.45366],[126.59761,37.45902],[126.58589,37.45366],[126.58589,37.44293],[126.59761,37.43756],[126.60933,37.44293],[126.60933,37.45366]]]},"properties":{"row":3,"col":-8,"walk_min":69.9,"nearest_station_id":"kr_458","nearest_station_name":"Incheon","nearest_station_name_ko":"인천","a":120,"c":120,"e":120,"g":120,"i":120,"k":120,"m":120,"o":120,"b":120,"d":120,"f":120,"h":120,"j":120,"l":120,"n":120,"p":120}},{"type":"Feature","geometry":{"type":"Polygon","coordinates":[[[126.76172,37.40537],[126.75,37.41073],[126.73828,37.40537],[126.73828,37.39463],[126.75,37.38927],[126.76172,37.39463],[126.76172,37.40537]]]},"properties":{"row":0,"col":0,"walk_min":77.3,"nearest_station_id":"kr_428","nearest_station_name":"Oido","nearest_station_name_ko":"오이도","a":120,"c":120,"e":120,"g":120,"i":120,"k":120,"m":120,"o":120,"b":120,"d":120,"f":120,"h":120,"j":120,"l":120,"n":120,"p":120}},{"type":"Feature","geometry":{"type":"Polygon","coordinates":[[[126.79689,37.38927],[126.78517,37.39463],[126.77344,37.38927],[126.77344,37.37854],[126.78517,37.37317],[126.79689,37.37854],[126.79689,37.38927]]]},"properties":{"row":-1,"col":2,"walk_min":73.9,"nearest_station_id":"kr_428","nearest_station_name":"Oido","nearest_station_name_ko":"오이도","a":120,"c":120,"e":120,"g":120,"i":120,"k":120,"m":120,"o":120,"b":120,"d":120,"f":120,"h":120,"j":120,"l":120,"n":120,"p":120}},{"type":"Feature","geometry":{"type":"Polygon","coordinates":[[[127.00789,37.80779],[126.99617,37.81316],[126.98444,37.80779],[126.98444,37.79706],[126.99617,37.79169],[127.00789,37.79706],[127.00789,37.80779]]]},"properties":{"row":25,"col":-2,"walk_min":71.8,"nearest_station_id":"kr_092","nearest_station_name":"Yangju","nearest_station_name_ko":"양주","a":120,"c":119,"e":120,"g":119,"i":120,"k":120,"m":120,"o":120,"b":120,"d":119,"f":120,"h":119,"j":120,"l":120,"n":120,"p":120}},{"type":"Feature","geometry":{"type":"Polygon","coordinates":[[[127.07822,37.26049],[127.0665,37.26586],[127.05478,37.26049],[127.05478,37.24976],[127.0665,37.2444],[127.07822,37.24976],[127.07822,37.26049]]]},"properties":{"row":-9,"col":18,"walk_min":59.4,"nearest_station_id":"kr_357","nearest_station_name":"Gwanggyo Jungang","nearest_station_name_ko":"광교중앙","a":120,"c":120,"e":115,"g":120,"i":120,"k":120,"m":120,"o":120,"b":120,"d":120,"f":115,"h":120,"j":120,"l":120,"n":120,"p":120}},{"type":"Feature","geometry":{"type":"Polygon","coordinates":[[[126.8555,37.69511],[126.84378,37.70048],[126.83206,37.69511],[126.83206,37.68438],[126.84378,37.67901],[126.8555,37.68438],[126.8555,37.69511]]]},"properties":{"row":18,"col":-5,"walk_min":68.8,"nearest_station_id":"kr_145","nearest_station_name":"Wondang","nearest_station_name_ko":"원당","a":116,"c":114,"e":120,"g":120,"i":120,"k":120,"m":120,"o":120,"b":116,"d":114,"f":120,"h":120,"j":120,"l":120,"n":120,"p":120}},{"type":"Feature","geometry":{"type":"Polygon","coordinates":[[[126.86722,37.71121],[126.8555,37.71657],[126.84378,37.71121],[126.84378,37.70048],[126.8555,37.69511],[126.86722,37.70048],[126.86722,37.71121]]]},"properties":{"row":19,"col":-5,"walk_min":92.0,"nearest_station_id":"kr_145","nearest_station_name":"Wondang","nearest_station_name_ko":"원당","a":120,"c":119,"e":120,"g":120,"i":120,"k":120,"m":120,"o":120,"b":120,"d":119,"f":120,"h":120,"j":120,"l":120,"n":120,"p":120}},{"type":"Feature","geometry":{"type":"Polygon","coordinates":[[[126.71483,37.7273],[126.70311,37.73267],[126.69139,37.7273],[126.69139,37.71657],[126.70311,37.71121],[126.71483,37.71657],[126.71483,37.7273]]]},"properties":{"row":20,"col":-12,"walk_min":87.3,"nearest_station_id":"kr_424","nearest_station_name":"Daehwa","nearest_station_name_ko":"대화","a":120,"c":120,"e":120,"g":120,"i":120,"k":120,"m":120,"o":120,"b":120,"d":120,"f":120,"h":120,"j":120,"l":120,"n":120,"p":120}},{"type":"Feature","geometry":{"type":"Polygon","coordinates":[[[126.73828,37.56634],[126.72656,37.5717],[126.71483,37.56634],[126.71483,37.5556],[126.72656,37.55024],[126.73828,37.5556],[126.73828,37.56634]]]},"properties":{"row":10,"col":-6,"walk_min":75.3,"nearest_station_id":"kr_287","nearest_station_name":"Bupyeong-gu Office","nearest_station_name_ko":"부평구청","a":117,"c":118,"e":120,"g":120,"i":119,"k":120,"m":120,"o":115,"b":117,"d":118,"f":120,"h":120,"j":119,"l":120,"n":120,"p":115}},{"type":"Feature","geometry":{"type":"Polygon","coordinates":[[[126.63278,37.42146],[126.62106,37.42683],[126.60933,37.42146],[126.60933,37.41073],[126.62106,37.40537],[126.63278,37.41073],[126.63278,37.42146]]]},"properties":{"row":1,"col":-6,"walk_min":83.2,"nearest_station_id":"kr_457","nearest_station_name":"Dowon","nearest_station_name_ko":"도원","a":120,"c":120,"e":120,"g":120,"i":120,"k":120,"m":120,"o":120,"b":120,"d":120,"f":120,"h":120,"j":120,"l":120,"n":120,"p":120}},{"type":"Feature","geometry":{"type":"Polygon","coordinates":[[[126.62106,37.43756],[126.60933,37.44293],[126.59761,37.43756],[126.59761,37.42683],[126.60933,37.42146],[126.62106,37.42683],[126.62106,37.43756]]]},"properties":{"row":2,"col":-7,"walk_min":72.4,"nearest_station_id":"kr_458","nearest_station_name":"Incheon","nearest_station_name_ko":"인천","a":120,"c":120,"e":120,"g":120,"i":120,"k":120,"m":120,"o":120,"b":120,"d":120,"f":120,"h":120,"j":120,"l":120,"n":120,"p":120}},{"type":"Feature","geometry":{"type":"Polygon","coordinates":[[[127.14855,37.71121],[127.13683,37.71657],[127.12511,37.71121],[127.12511,37.70048],[127.13683,37.69511],[127.14855,37.70048],[127.14855,37.71121]]]},"properties":{"row":19,"col":7,"walk_min":78.2,"nearest_station_id":"kr_361","nearest_station_name":"Onam","nearest_station_name_ko":"오남","a":120,"c":120,"e":120,"g":120,"i":120,"k":120,"m":120,"o":120,"b":120,"d":120,"f":120,"h":120,"j":120,"l":120,"n":120,"p":120}},{"type":"Feature","geometry":{"type":"Polygon","coordinates":[[[127.07822,37.38927],[127.0665,37.39463],[127.05478,37.38927],[127.05478,37.37854],[127.0665,37.37317],[127.07822,37.37854],[127.07822,37.38927]]]},"properties":{"row":-1,"col":14,"walk_min":71.2,"nearest_station_id":"kr_148","nearest_station_name":"Jeongja","nearest_station_name_ko":"정자","a":118,"c":118,"e":103,"g":118,"i":111,"k":114,"m":118,"o":119,"b":118,"d":118,"f":103,"h":118,"j":111,"l":114,"n":118,"p":119}},{"type":"Feature","geometry":{"type":"Polygon","coordinates":[[[127.172,37.67901],[127.16028,37.68438],[127.14855,37.67901],[127.14855,37.66828],[127.16028,37.66292],[127.172,37.66828],[127.172,37.67901]]]},"properties":{"row":17,"col":9,"walk_min":61.9,"nearest_station_id":"kr_310","nearest_station_name":"Byeollaebyeolgaram","nearest_station_name_ko":"별내별가람","a":113,"c":111,"e":120,"g":111,"i":120,"k":120,"m":119,"o":120,"b":113,"d":111,"f":120,"h":111,"j":120,"l":120,"n":119,"p":120}},{"type":"Feature","geometry":{"type":"Polygon","coordinates":[[[126.71483,37.56634],[126.70311,37.5717],[126.69139,37.56634],[126.69139,37.5556],[126.70311,37.55024],[126.71483,37.5556],[126.71483,37.56634]]]},"properties":{"row":10,"col":-7,"walk_min":82.0,"nearest_station_id":"kr_258","nearest_station_name":"Sangok","nearest_station_name_ko":"산곡","a":119,"c":120,"e":120,"g":120,"i":120,"k":120,"m":120,"o":118,"b":119,"d":120,"f":120,"h":120,"j":120,"l":120,"n":120,"p":118}},{"type":"Feature","geometry":{"type":"Polygon","coordinates":[[[126.83206,37.27659],[126.82033,37.28196],[126.80861,37.27659],[126.80861,37.26586],[126.82033,37.26049],[126.83206,37.26586],[126.83206,37.27659]]]},"properties":{"row":-8,"col":7,"walk_min":88.0,"nearest_station_id":"kr_426","nearest_station_name":"Gojan","nearest_station_name_ko":"고잔","a":120,"c":120,"e":120,"g":120,"i":120,"k":120,"m":120,"o":120,"b":120,"d":120,"f":120,"h":120,"j":120,"l":120,"n":120,"p":120}},{"type":"Feature","geometry":{"type":"Polygon","coordinates":[[[127.26577,37.71121],[127.25405,37.71657],[127.24233,37.71121],[127.24233,37.70048],[127.25405,37.69511],[127.26577,37.70048],[127.26577,37.71121]]]},"properties":{"row":19,"col":12,"walk_min":55.8,"nearest_station_id":"kr_470","nearest_station_name":"Jinjeop","nearest_station_name_ko":"진접","a":120,"c":120,"e":120,"g":120,"i":120,"k":120,"m":120,"o":120,"b":120,"d":120,"f":120,"h":120,"j":120,"l":120,"n":120,"p":120}},{"type":"Feature","geometry":{"type":"Polygon","coordinates":[[[127.10166,37.26049],[127.08994,37.26586],[127.07822,37.26049],[127.07822,37.24976],[127.08994,37.2444],[127.10166,37.24976],[127.10166,37.26049]]]},"properties":{"row":-9,"col":19,"walk_min":70.3,"nearest_station_id":"kr_307","nearest_station_name":"Sanghyeon","nearest_station_name_ko":"상현","a":120,"c":120,"e":120,"g":120,"i":120,"k":120,"m":120,"o":120,"b":120,"d":120,"f":120,"h":120,"j":120,"l":120,"n":120,"p":120}},{"type":"Feature","geometry":{"type":"Polygon","coordinates":[[[126.87894,37.69511],[126.86722,37.70048],[126.8555,37.69511],[126.8555,37.68438],[126.86722,37.67901],[126.87894,37.68438],[126.87894,37.69511]]]},"properties":{"row":18,"col":-4,"walk_min":66.2,"nearest_station_id":"kr_126","nearest_station_name":"Wonheung","nearest_station_name_ko":"원흥","a":107,"c":104,"e":120,"g":111,"i":120,"k":120,"m":120,"o":116,"b":107,"d":104,"f":120,"h":111,"j":120,"l":120,"n":120,"p":116}},{"type":"Feature","geometry":{"type":"Polygon","coordinates":[[[126.89067,37.71121],[126.87894,37.71657],[126.86722,37.71121],[126.86722,37.70048],[126.87894,37.69511],[126.89067,37.70048],[126.89067,37.71121]]]},"properties":{"row":19,"col":-4,"walk_min":101.5,"nearest_station_id":"kr_115","nearest_station_name":"Samsong","nearest_station_name_ko":"삼송","a":119,"c":119,"e":120,"g":119,"i":120,"k":120,"m":120,"o":120,"b":119,"d":119,"f":120,"h":119,"j":120,"l":120,"n":120,"p":120}},{"type":"Feature","geometry":{"type":"Polygon","coordinates":[[[126.90239,37.69511],[126.89067,37.70048],[126.87894,37.69511],[126.87894,37.68438],[126.89067,37.67901],[126.90239,37.68438],[126.90239,37.69511]]]},"properties":{"row":18,"col":-3,"walk_min":71.8,"nearest_station_id":"kr_115","nearest_station_name":"Samsong","nearest_station_name_ko":"삼송","a":110,"c":107,"e":120,"g":114,"i":120,"k":120,"m":120,"o":118,"b":110,"d":107,"f":120,"h":114,"j":120,"l":120,"n":120,"p":118}},{"type":"Feature","geometry":{"type":"Polygon","coordinates":[[[126.69139,37.34098],[126.67967,37.34634],[126.66794,37.34098],[126.66794,37.33025],[126.67967,37.32488],[126.69139,37.33025],[126.69139,37.34098]]]},"properties":{"row":-4,"col":-1,"walk_min":89.8,"nearest_station_id":"kr_351","nearest_station_name":"Jeongwang","nearest_station_name_ko":"정왕","a":120,"c":120,"e":120,"g":120,"i":120,"k":120,"m":120,"o":120,"b":120,"d":120,"f":120,"h":120,"j":120,"l":120,"n":120,"p":120}},{"type":"Feature","geometry":{"type":"Polygon","coordinates":[[[126.70311,37.35707],[126.69139,37.36244],[126.67967,37.35707],[126.67967,37.34634],[126.69139,37.34098],[126.70311,37.34634],[126.70311,37.35707]]]},"properties":{"row":-3,"col":-1,"walk_min":67.8,"nearest_station_id":"kr_428","nearest_station_name":"Oido","nearest_station_name_ko":"오이도","a":120,"c":120,"e":120,"g":120,"i":120,"k":120,"m":120,"o":120,"b":120,"d":120,"f":120,"h":120,"j":120,"l":120,"n":120,"p":120}},{"type":"Feature","geometry":{"type":"Polygon","coordinates":[[[127.20716,37.63072],[127.19544,37.63609],[127.18372,37.63072],[127.18372,37.61999],[127.19544,37.61463],[127.20716,37.61999],[127.20716,37.63072]]]},"properties":{"row":14,"col":12,"walk_min":68.7,"nearest_station_id":"kr_352","nearest_station_name":"Dasan","nearest_station_name_ko":"다산","a":119,"c":118,"e":114,"g":108,"i":120,"k":110,"m":116,"o":120,"b":119,"d":118,"f":114,"h":108,"j":120,"l":110,"n":116,"p":120}},{"type":"Feature","geometry":{"type":"Polygon","coordinates":[[[127.21889,37.61463],[127.20716,37.61999],[127.19544,37.61463],[127.19544,37.60389],[127.20716,37.59853],[127.21889,37.60389],[127.21889,37.61463]]]},"properties":{"row":13,"col":13,"walk_min":80.3,"nearest_station_id":"kr_331","nearest_station_name":"Misa","nearest_station_name_ko":"미사","a":120,"c":120,"e":118,"g":116,"i":120,"k":116,"m":118,"o":120,"b":120,"d":120,"f":118,"h":116,"j":120,"l":116,"n":118,"p":120}},{"type":"Feature","geometry":{"type":"Polygon","coordinates":[[[126.92583,37.69511],[126.91411,37.70048],[126.90239,37.69511],[126.90239,37.68438],[126.91411,37.67901],[126.92583,37.68438],[126.92583,37.69511]]]},"properties":{"row":18,"col":-2,"walk_min":72.7,"nearest_station_id":"kr_115","nearest_station_name":"Samsong","nearest_station_name_ko":"삼송","a":111,"c":108,"e":120,"g":115,"i":120,"k":120,"m":120,"o":119,"b":111,"d":108,"f":120,"h":115,"j":120,"l":120,"n":120,"p":119}},{"type":"Feature","geometry":{"type":"Polygon","coordinates":[[[127.20716,37.37317],[127.19544,37.37854],[127.18372,37.37317],[127.18372,37.36244],[127.19544,37.35707],[127.20716,37.36244],[127.20716,37.37317]]]},"properties":{"row":-2,"col":20,"walk_min":99.3,"nearest_station_id":"kr_237","nearest_station_name":"삼동","nearest_station_name_ko":"삼동","a":120,"c":120,"e":117,"g":120,"i":120,"k":120,"m":120,"o":120,"b":120,"d":120,"f":117,"h":120,"j":120,"l":120,"n":120,"p":120}},{"type":"Feature","geometry":{"type":"Polygon","coordinates":[[[127.04305,37.37317],[127.03133,37.37854],[127.01961,37.37317],[127.01961,37.36244],[127.03133,37.35707],[127.04305,37.36244],[127.04305,37.37317]]]},"properties":{"row":-2,"col":13,"walk_min":81.4,"nearest_station_id":"kr_325","nearest_station_name":"Indeogwon","nearest_station_name_ko":"인덕원","a":118,"c":118,"e":114,"g":120,"i":108,"k":119,"m":120,"o":119,"b":118,"d":118,"f":114,"h":120,"j":108,"l":119,"n":120,"p":119}},{"type":"Feature","geometry":{"type":"Polygon","coordinates":[[[126.6445,37.53414],[126.63278,37.53951],[126.62106,37.53414],[126.62106,37.52341],[126.63278,37.51804],[126.6445,37.52341],[126.6445,37.53414]]]},"properties":{"row":8,"col":-9,"walk_min":91.3,"nearest_station_id":"kr_458","nearest_station_name":"Incheon","nearest_station_name_ko":"인천","a":120,"c":120,"e":120,"g":120,"i":120,"k":120,"m":120,"o":120,"b":120,"d":120,"f":120,"h":120,"j":120,"l":120,"n":120,"p":120}},{"type":"Feature","geometry":{"type":"Polygon","coordinates":[[[126.77344,37.29269],[126.76172,37.29805],[126.75,37.29269],[126.75,37.28196],[126.76172,37.27659],[126.77344,37.28196],[126.77344,37.29269]]]},"properties":{"row":-7,"col":4,"walk_min":121.3,"nearest_station_id":"kr_263","nearest_station_name":"Ansan","nearest_station_name_ko":"안산","a":120,"c":120,"e":120,"g":120,"i":120,"k":120,"m":120,"o":120,"b":120,"d":120,"f":120,"h":120,"j":120,"l":120,"n":120,"p":120}},{"type":"Feature","geometry":{"type":"Polygon","coordinates":[[[126.82033,37.38927],[126.80861,37.39463],[126.79689,37.38927],[126.79689,37.37854],[126.80861,37.37317],[126.82033,37.37854],[126.82033,37.38927]]]},"properties":{"row":-1,"col":3,"walk_min":89.0,"nearest_station_id":"kr_427","nearest_station_name":"Singiloncheon","nearest_station_name_ko":"신길온천","a":120,"c":120,"e":120,"g":120,"i":120,"k":120,"m":120,"o":120,"b":120,"d":120,"f":120,"h":120,"j":120,"l":120,"n":120,"p":120}},{"type":"Feature","geometry":{"type":"Polygon","coordinates":[[[127.21889,37.7756],[127.20716,37.78096],[127.19544,37.7756],[127.19544,37.76486],[127.20716,37.7595],[127.21889,37.76486],[127.21889,37.7756]]]},"properties":{"row":23,"col":8,"walk_min":88.2,"nearest_station_id":"kr_470","nearest_station_name":"Jinjeop","nearest_station_name_ko":"진접","a":120,"c":120,"e":120,"g":120,"i":120,"k":120,"m":120,"o":120,"b":120,"d":120,"f":120,"h":120,"j":120,"l":120,"n":120,"p":120}},{"type":"Feature","geometry":{"type":"Polygon","coordinates":[[[126.83206,37.40537],[126.82033,37.41073],[126.80861,37.40537],[126.80861,37.39463],[126.82033,37.38927],[126.83206,37.39463],[126.83206,37.40537]]]},"properties":{"row":0,"col":3,"walk_min":103.4,"nearest_station_id":"kr_442","nearest_station_name":"Gwangmyeong","nearest_station_name_ko":"광명","a":119,"c":119,"e":120,"g":120,"i":119,"k":120,"m":120,"o":119,"b":116,"d":118,"f":120,"h":119,"j":119,"l":120,"n":120,"p":119}},{"type":"Feature","geometry":{"type":"Polygon","coordinates":[[[127.23061,37.37317],[127.21889,37.37854],[127.20716,37.37317],[127.20716,37.36244],[127.21889,37.35707],[127.23061,37.36244],[127.23061,37.37317]]]},"properties":{"row":-2,"col":21,"walk_min":104.2,"nearest_station_id":"kr_149","nearest_station_name":"경기광주","nearest_station_name_ko":"경기광주","a":120,"c":120,"e":118,"g":120,"i":120,"k":120,"m":120,"o":120,"b":120,"d":120,"f":118,"h":120,"j":120,"l":120,"n":120,"p":120}},{"type":"Feature","geometry":{"type":"Polygon","coordinates":[[[126.73828,37.40537],[126.72656,37.41073],[126.71483,37.40537],[126.71483,37.39463],[126.72656,37.38927],[126.73828,37.39463],[126.73828,37.40537]]]},"properties":{"row":0,"col":-1,"walk_min":96.9,"nearest_station_id":"kr_428","nearest_station_name":"Oido","nearest_station_name_ko":"오이도","a":120,"c":120,"e":120,"g":120,"i":120,"k":120,"m":120,"o":120,"b":120,"d":120,"f":120,"h":120,"j":120,"l":120,"n":120,"p":120}},{"type":"Feature","geometry":{"type":"Polygon","coordinates":[[[127.0665,37.37317],[127.05478,37.37854],[127.04305,37.37317],[127.04305,37.36244],[127.05478,37.35707],[127.0665,37.36244],[127.0665,37.37317]]]},"properties":{"row":-2,"col":14,"walk_min":73.4,"nearest_station_id":"kr_148","nearest_station_name":"Jeongja","nearest_station_name_ko":"정자","a":120,"c":120,"e":106,"g":120,"i":112,"k":116,"m":120,"o":120,"b":120,"d":120,"f":106,"h":120,"j":112,"l":116,"n":120,"p":120}},{"type":"Feature","geometry":{"type":"Polygon","coordinates":[[[126.83206,37.37317],[126.82033,37.37854],[126.80861,37.37317],[126.80861,37.36244],[126.82033,37.35707],[126.83206,37.36244],[126.83206,37.37317]]]},"properties":{"row":-2,"col":4,"walk_min":74.9,"nearest_station_id":"kr_263","nearest_station_name":"Ansan","nearest_station_name_ko":"안산","a":120,"c":120,"e":120,"g":120,"i":120,"k":120,"m":120,"o":120,"b":119,"d":120,"f":120,"h":120,"j":120,"l":120,"n":120,"p":120}},{"type":"Feature","geometry":{"type":"Polygon","coordinates":[[[126.8555,37.37317],[126.84378,37.37854],[126.83206,37.37317],[126.83206,37.36244],[126.84378,37.35707],[126.8555,37.36244],[126.8555,37.37317]]]},"properties":{"row":-2,"col":5,"walk_min":82.9,"nearest_station_id":"kr_168","nearest_station_name":"Jungang","nearest_station_name_ko":"중앙","a":119,"c":120,"e":120,"g":120,"i":120,"k":120,"m":120,"o":119,"b":115,"d":116,"f":120,"h":120,"j":120,"l":120,"n":120,"p":119}},{"type":"Feature","geometry":{"type":"Polygon","coordinates":[[[126.69139,37.69511],[126.67967,37.70048],[126.66794,37.69511],[126.66794,37.68438],[126.67967,37.67901],[126.69139,37.68438],[126.69139,37.69511]]]},"properties":{"row":18,"col":-12,"walk_min":78.8,"nearest_station_id":"kr_424","nearest_station_name":"Daehwa","nearest_station_name_ko":"대화","a":120,"c":120,"e":120,"g":120,"i":120,"k":120,"m":120,"o":120,"b":120,"d":120,"f":120,"h":120,"j":120,"l":120,"n":120,"p":120}},{"type":"Feature","geometry":{"type":"Polygon","coordinates":[[[126.70311,37.71121],[126.69139,37.71657],[126.67967,37.71121],[126.67967,37.70048],[126.69139,37.69511],[126.70311,37.70048],[126.70311,37.71121]]]},"properties":{"row":19,"col":-12,"walk_min":80.3,"nearest_station_id":"kr_424","nearest_station_name":"Daehwa","nearest_station_name_ko":"대화","a":120,"c":120,"e":120,"g":120,"i":120,"k":120,"m":120,"o":120,"b":120,"d":120,"f":120,"h":120,"j":120,"l":120,"n":120,"p":120}},{"type":"Feature","geometry":{"type":"Polygon","coordinates":[[[126.60933,37.42146],[126.59761,37.42683],[126.58589,37.42146],[126.58589,37.41073],[126.59761,37.40537],[126.60933,37.41073],[126.60933,37.42146]]]},"properties":{"row":1,"col":-7,"walk_min":94.5,"nearest_station_id":"kr_458","nearest_station_name":"Incheon","nearest_station_name_ko":"인천","a":120,"c":120,"e":120,"g":120,"i":120,"k":120,"m":120,"o":120,"b":120,"d":120,"f":120,"h":120,"j":120,"l":120,"n":120,"p":120}},{"type":"Feature","geometry":{"type":"Polygon","coordinates":[[[126.83206,37.69511],[126.82033,37.70048],[126.80861,37.69511],[126.80861,37.68438],[126.82033,37.67901],[126.83206,37.68438],[126.83206,37.69511]]]},"properties":{"row":18,"col":-6,"walk_min":67.5,"nearest_station_id":"kr_145","nearest_station_name":"Wondang","nearest_station_name_ko":"원당","a":115,"c":113,"e":120,"g":119,"i":120,"k":120,"m":120,"o":120,"b":115,"d":113,"f":120,"h":119,"j":120,"l":120,"n":120,"p":120}},{"type":"Feature","geometry":{"type":"Polygon","coordinates":[[[126.84378,37.71121],[126.83206,37.71657],[126.82033,37.71121],[126.82033,37.70048],[126.83206,37.69511],[126.84378,37.70048],[126.84378,37.71121]]]},"properties":{"row":19,"col":-6,"walk_min":94.0,"nearest_station_id":"kr_145","nearest_station_name":"Wondang","nearest_station_name_ko":"원당","a":119,"c":119,"e":120,"g":120,"i":120,"k":120,"m":120,"o":120,"b":119,"d":119,"f":120,"h":120,"j":120,"l":120,"n":120,"p":120}},{"type":"Feature","geometry":{"type":"Polygon","coordinates":[[[126.87894,37.37317],[126.86722,37.37854],[126.8555,37.37317],[126.8555,37.36244],[126.86722,37.35707],[126.87894,37.36244],[126.87894,37.37317]]]},"properties":{"row":-2,"col":6,"walk_min":74.4,"nearest_station_id":"kr_364","nearest_station_name":"Surisan","nearest_station_name_ko":"수리산","a":115,"c":116,"e":118,"g":119,"i":113,"k":120,"m":120,"o":115,"b":111,"d":112,"f":118,"h":116,"j":113,"l":120,"n":119,"p":115}},{"type":"Feature","geometry":{"type":"Polygon","coordinates":[[[127.19544,37.7756],[127.18372,37.78096],[127.172,37.7756],[127.172,37.76486],[127.18372,37.7595],[127.19544,37.76486],[127.19544,37.7756]]]},"properties":{"row":23,"col":7,"walk_min":109.5,"nearest_station_id":"kr_470","nearest_station_name":"Jinjeop","nearest_station_name_ko":"진접","a":120,"c":120,"e":120,"g":120,"i":120,"k":120,"m":120,"o":120,"b":120,"d":120,"f":120,"h":120,"j":120,"l":120,"n":120,"p":120}},{"type":"Feature","geometry":{"type":"Polygon","coordinates":[[[127.21889,37.64682],[127.20716,37.65219],[127.19544,37.64682],[127.19544,37.63609],[127.20716,37.63072],[127.21889,37.63609],[127.21889,37.64682]]]},"properties":{"row":15,"col":12,"walk_min":88.2,"nearest_station_id":"kr_352","nearest_station_name":"Dasan","nearest_station_name_ko":"다산","a":120,"c":120,"e":120,"g":119,"i":120,"k":119,"m":120,"o":120,"b":120,"d":120,"f":120,"h":119,"j":120,"l":119,"n":120,"p":120}},{"type":"Feature","geometry":{"type":"Polygon","coordinates":[[[126.82033,37.71121],[126.80861,37.71657],[126.79689,37.71121],[126.79689,37.70048],[126.80861,37.69511],[126.82033,37.70048],[126.82033,37.71121]]]},"properties":{"row":19,"col":-7,"walk_min":85.9,"nearest_station_id":"kr_350","nearest_station_name":"Juyeop","nearest_station_name_ko":"주엽","a":120,"c":119,"e":120,"g":120,"i":120,"k":120,"m":120,"o":120,"b":120,"d":119,"f":120,"h":120,"j":120,"l":120,"n":120,"p":120}},{"type":"Feature","geometry":{"type":"Polygon","coordinates":[[[127.14855,37.29269],[127.13683,37.29805],[127.12511,37.29269],[127.12511,37.28196],[127.13683,37.27659],[127.14855,37.28196],[127.14855,37.29269]]]},"properties":{"row":-7,"col":20,"walk_min":85.3,"nearest_station_id":"kr_233","nearest_station_name":"Suji-gu Office","nearest_station_name_ko":"수지구청","a":120,"c":120,"e":118,"g":120,"i":120,"k":120,"m":120,"o":120,"b":120,"d":120,"f":118,"h":120,"j":120,"l":120,"n":120,"p":120}},{"type":"Feature","geometry":{"type":"Polygon","coordinates":[[[126.78517,37.40537],[126.77344,37.41073],[126.76172,37.40537],[126.76172,37.39463],[126.77344,37.38927],[126.78517,37.39463],[126.78517,37.40537]]]},"properties":{"row":0,"col":1,"walk_min":100.6,"nearest_station_id":"kr_428","nearest_station_name":"Oido","nearest_station_name_ko":"오이도","a":120,"c":120,"e":120,"g":120,"i":120,"k":120,"m":120,"o":120,"b":120,"d":120,"f":120,"h":120,"j":120,"l":120,"n":120,"p":120}},{"type":"Feature","geometry":{"type":"Polygon","coordinates":[[[127.03133,37.35707],[127.01961,37.36244],[127.00789,37.35707],[127.00789,37.34634],[127.01961,37.34098],[127.03133,37.34634],[127.03133,37.35707]]]},"properties":{"row":-3,"col":13,"walk_min":83.2,"nearest_station_id":"kr_444","nearest_station_name":"Gwanggyo","nearest_station_name_ko":"광교","a":120,"c":120,"e":118,"g":120,"i":114,"k":120,"m":120,"o":120,"b":120,"d":120,"f":118,"h":120,"j":114,"l":120,"n":120,"p":120}},{"type":"Feature","geometry":{"type":"Polygon","coordinates":[[[126.70311,37.67901],[126.69139,37.68438],[126.67967,37.67901],[126.67967,37.66828],[126.69139,37.66292],[126.70311,37.66828],[126.70311,37.67901]]]},"properties":{"row":17,"col":-11,"walk_min":91.0,"nearest_station_id":"kr_424","nearest_station_name":"Daehwa","nearest_station_name_ko":"대화","a":120,"c":120,"e":120,"g":120,"i":120,"k":120,"m":120,"o":120,"b":120,"d":120,"f":120,"h":120,"j":120,"l":120,"n":120,"p":120}},{"type":"Feature","geometry":{"type":"Polygon","coordinates":[[[126.65622,37.55024],[126.6445,37.5556],[126.63278,37.55024],[126.63278,37.53951],[126.6445,37.53414],[126.65622,37.53951],[126.65622,37.55024]]]},"properties":{"row":9,"col":-9,"walk_min":99.5,"nearest_station_id":"kr_258","nearest_station_name":"Sangok","nearest_station_name_ko":"산곡","a":120,"c":120,"e":120,"g":120,"i":120,"k":120,"m":120,"o":120,"b":120,"d":120,"f":120,"h":120,"j":120,"l":120,"n":120,"p":120}},{"type":"Feature","geometry":{"type":"Polygon","coordinates":[[[127.0665,37.40537],[127.05478,37.41073],[127.04305,37.40537],[127.04305,37.39463],[127.05478,37.38927],[127.0665,37.39463],[127.0665,37.40537]]]},"properties":{"row":0,"col":13,"walk_min":77.5,"nearest_station_id":"kr_041","nearest_station_name":"Pangyo","nearest_station_name_ko":"판교","a":116,"c":117,"e":101,"g":117,"i":107,"k":115,"m":117,"o":118,"b":116,"d":117,"f":101,"h":117,"j":107,"l":115,"n":117,"p":118}},{"type":"Feature","geometry":{"type":"Polygon","coordinates":[[[127.12511,37.19611],[127.11339,37.20147],[127.10166,37.19611],[127.10166,37.18537],[127.11339,37.18001],[127.12511,37.18537],[127.12511,37.19611]]]},"properties":{"row":-13,"col":22,"walk_min":76.3,"nearest_station_id":"kr_416","nearest_station_name":"Osan College","nearest_station_name_ko":"오산대","a":120,"c":120,"e":120,"g":120,"i":120,"k":120,"m":120,"o":120,"b":120,"d":120,"f":120,"h":120,"j":120,"l":120,"n":120,"p":120}},{"type":"Feature","geometry":{"type":"Polygon","coordinates":[[[126.69139,37.56634],[126.67967,37.5717],[126.66794,37.56634],[126.66794,37.5556],[126.67967,37.55024],[126.69139,37.5556],[126.69139,37.56634]]]},"properties":{"row":10,"col":-8,"walk_min":92.0,"nearest_station_id":"kr_258","nearest_station_name":"Sangok","nearest_station_name_ko":"산곡","a":120,"c":120,"e":120,"g":120,"i":120,"k":120,"m":120,"o":120,"b":120,"d":120,"f":120,"h":120,"j":120,"l":120,"n":120,"p":120}},{"type":"Feature","geometry":{"type":"Polygon","coordinates":[[[126.97272,37.2444],[126.961,37.24976],[126.94928,37.2444],[126.94928,37.23366],[126.961,37.2283],[126.97272,37.23366],[126.97272,37.2444]]]},"properties":{"row":-10,"col":14,"walk_min":79.9,"nearest_station_id":"kr_043","nearest_station_name":"Suwon","nearest_station_name_ko":"수원","a":120,"c":120,"e":120,"g":120,"i":120,"k":120,"m":120,"o":120,"b":120,"d":120,"f":120,"h":120,"j":120,"l":120,"n":120,"p":120}},{"type":"Feature","geometry":{"type":"Polygon","coordinates":[[[127.16028,37.30878],[127.14855,37.31415],[127.13683,37.30878],[127.13683,37.29805],[127.14855,37.29269],[127.16028,37.29805],[127.16028,37.30878]]]},"properties":{"row":-6,"col":20,"walk_min":89.4,"nearest_station_id":"kr_233","nearest_station_name":"Suji-gu Office","nearest_station_name_ko":"수지구청","a":120,"c":120,"e":119,"g":120,"i":120,"k":120,"m":120,"o":120,"b":120,"d":120,"f":119,"h":120,"j":120,"l":120,"n":120,"p":120}},{"type":"Feature","geometry":{"type":"Polygon","coordinates":[[[126.80861,37.7273],[126.79689,37.73267],[126.78517,37.7273],[126.78517,37.71657],[126.79689,37.71121],[126.80861,37.71657],[126.80861,37.7273]]]},"properties":{"row":20,"col":-8,"walk_min":102.9,"nearest_station_id":"kr_350","nearest_station_name":"Juyeop","nearest_station_name_ko":"주엽","a":120,"c":120,"e":120,"g":120,"i":120,"k":120,"m":120,"o":120,"b":120,"d":120,"f":120,"h":120,"j":120,"l":120,"n":120,"p":120}},{"type":"Feature","geometry":{"type":"Polygon","coordinates":[[[126.73828,37.30878],[126.72656,37.31415],[126.71483,37.30878],[126.71483,37.29805],[126.72656,37.29269],[126.73828,37.29805],[126.73828,37.30878]]]},"properties":{"row":-6,"col":2,"walk_min":84.7,"nearest_station_id":"kr_427","nearest_station_name":"Singiloncheon","nearest_station_name_ko":"신길온천","a":120,"c":120,"e":120,"g":120,"i":120,"k":120,"m":120,"o":120,"b":120,"d":120,"f":120,"h":120,"j":120,"l":120,"n":120,"p":120}},{"type":"Feature","geometry":{"type":"Polygon","coordinates":[[[126.94928,37.69511],[126.93755,37.70048],[126.92583,37.69511],[126.92583,37.68438],[126.93755,37.67901],[126.94928,37.68438],[126.94928,37.69511]]]},"properties":{"row":18,"col":-1,"walk_min":74.7,"nearest_station_id":"kr_104","nearest_station_name":"Jichuk","nearest_station_name_ko":"지축","a":109,"c":107,"e":120,"g":113,"i":120,"k":120,"m":119,"o":116,"b":109,"d":107,"f":120,"h":113,"j":120,"l":120,"n":119,"p":116}},{"type":"Feature","geometry":{"type":"Polygon","coordinates":[[[126.69139,37.40537],[126.67967,37.41073],[126.66794,37.40537],[126.66794,37.39463],[126.67967,37.38927],[126.69139,37.39463],[126.69139,37.40537]]]},"properties":{"row":0,"col":-3,"walk_min":96.5,"nearest_station_id":"kr_428","nearest_station_name":"Oido","nearest_station_name_ko":"오이도","a":120,"c":120,"e":120,"g":120,"i":120,"k":120,"m":120,"o":120,"b":120,"d":120,"f":120,"h":120,"j":120,"l":120,"n":120,"p":120}},{"type":"Feature","geometry":{"type":"Polygon","coordinates":[[[126.91411,37.71121],[126.90239,37.71657],[126.89067,37.71121],[126.89067,37.70048],[126.90239,37.69511],[126.91411,37.70048],[126.91411,37.71121]]]},"properties":{"row":19,"col":-3,"walk_min":99.5,"nearest_station_id":"kr_115","nearest_station_name":"Samsong","nearest_station_name_ko":"삼송","a":119,"c":119,"e":120,"g":120,"i":120,"k":120,"m":120,"o":120,"b":119,"d":119,"f":120,"h":120,"j":120,"l":120,"n":120,"p":120}},{"type":"Feature","geometry":{"type":"Polygon","coordinates":[[[126.71483,37.40537],[126.70311,37.41073],[126.69139,37.40537],[126.69139,37.39463],[126.70311,37.38927],[126.71483,37.39463],[126.71483,37.40537]]]},"properties":{"row":0,"col":-2,"walk_min":100.0,"nearest_station_id":"kr_428","nearest_station_name":"Oido","nearest_station_name_ko":"오이도","a":120,"c":120,"e":120,"g":120,"i":120,"k":120,"m":120,"o":120,"b":120,"d":120,"f":120,"h":120,"j":120,"l":120,"n":120,"p":120}},{"type":"Feature","geometry":{"type":"Polygon","coordinates":[[[126.77344,37.61463],[126.76172,37.61999],[126.75,37.61463],[126.75,37.60389],[126.76172,37.59853],[126.77344,37.60389],[126.77344,37.61463]]]},"properties":{"row":13,"col":-6,"walk_min":84.4,"nearest_station_id":"kr_429","nearest_station_name":"Gaehwa","nearest_station_name_ko":"개화","a":119,"c":118,"e":120,"g":120,"i":120,"k":120,"m":120,"o":111,"b":119,"d":118,"f":120,"h":120,"j":120,"l":120,"n":120,"p":111}},{"type":"Feature","geometry":{"type":"Polygon","coordinates":[[[127.23061,37.46975],[127.21889,37.47512],[127.20716,37.46975],[127.20716,37.45902],[127.21889,37.45366],[127.23061,37.45902],[127.23061,37.46975]]]},"properties":{"row":4,"col":18,"walk_min":82.9,"nearest_station_id":"kr_232","nearest_station_name":"Namhansanseong","nearest_station_name_ko":"남한산성입구","a":120,"c":120,"e":113,"g":120,"i":119,"k":110,"m":116,"o":120,"b":120,"d":120,"f":113,"h":120,"j":119,"l":110,"n":116,"p":120}},{"type":"Feature","geometry":{"type":"Polygon","coordinates":[[[126.71483,37.30878],[126.70311,37.31415],[126.69139,37.30878],[126.69139,37.29805],[126.70311,37.29269],[126.71483,37.29805],[126.71483,37.30878]]]},"properties":{"row":-6,"col":1,"walk_min":73.0,"nearest_station_id":"kr_351","nearest_station_name":"Jeongwang","nearest_station_name_ko":"정왕","a":120,"c":120,"e":120,"g":120,"i":120,"k":120,"m":120,"o":120,"b":120,"d":120,"f":120,"h":120,"j":120,"l":120,"n":120,"p":120}},{"type":"Feature","geometry":{"type":"Polygon","coordinates":[[[126.75,37.7434],[126.73828,37.74877],[126.72656,37.7434],[126.72656,37.73267],[126.73828,37.7273],[126.75,37.73267],[126.75,37.7434]]]},"properties":{"row":21,"col":-11,"walk_min":95.5,"nearest_station_id":"kr_424","nearest_station_name":"Daehwa","nearest_station_name_ko":"대화","a":120,"c":120,"e":120,"g":120,"i":120,"k":120,"m":120,"o":120,"b":120,"d":120,"f":120,"h":120,"j":120,"l":120,"n":120,"p":120}},{"type":"Feature","geometry":{"type":"Polygon","coordinates":[[[126.77344,37.7434],[126.76172,37.74877],[126.75,37.7434],[126.75,37.73267],[126.76172,37.7273],[126.77344,37.73267],[126.77344,37.7434]]]},"properties":{"row":21,"col":-10,"walk_min":96.1,"nearest_station_id":"kr_424","nearest_station_name":"Daehwa","nearest_station_name_ko":"대화","a":120,"c":120,"e":120,"g":120,"i":120,"k":120,"m":120,"o":120,"b":120,"d":120,"f":120,"h":120,"j":120,"l":120,"n":120,"p":120}},{"type":"Feature","geometry":{"type":"Polygon","coordinates":[[[126.82033,37.42146],[126.80861,37.42683],[126.79689,37.42146],[126.79689,37.41073],[126.80861,37.40537],[126.82033,37.41073],[126.82033,37.42146]]]},"properties":{"row":1,"col":2,"walk_min":107.2,"nearest_station_id":"kr_442","nearest_station_name":"Gwangmyeong","nearest_station_name_ko":"광명","a":120,"c":120,"e":120,"g":120,"i":120,"k":120,"m":120,"o":120,"b":120,"d":120,"f":120,"h":120,"j":120,"l":120,"n":120,"p":120}},{"type":"Feature","geometry":{"type":"Polygon","coordinates":[[[127.12511,37.7434],[127.11339,37.74877],[127.10166,37.7434],[127.10166,37.73267],[127.11339,37.7273],[127.12511,37.73267],[127.12511,37.7434]]]},"properties":{"row":21,"col":5,"walk_min":89.1,"nearest_station_id":"kr_065","nearest_station_name":"Uijeongbu","nearest_station_name_ko":"의정부","a":120,"c":120,"e":120,"g":120,"i":120,"k":120,"m":120,"o":120,"b":120,"d":120,"f":120,"h":120,"j":120,"l":120,"n":120,"p":120}},{"type":"Feature","geometry":{"type":"Polygon","coordinates":[[[127.13683,37.7273],[127.12511,37.73267],[127.11339,37.7273],[127.11339,37.71657],[127.12511,37.71121],[127.13683,37.71657],[127.13683,37.7273]]]},"properties":{"row":20,"col":6,"walk_min":89.4,"nearest_station_id":"kr_361","nearest_station_name":"Onam","nearest_station_name_ko":"오남","a":120,"c":120,"e":120,"g":120,"i":120,"k":120,"m":120,"o":120,"b":120,"d":120,"f":120,"h":120,"j":120,"l":120,"n":120,"p":120}},{"type":"Feature","geometry":{"type":"Polygon","coordinates":[[[126.93755,37.26049],[126.92583,37.26586],[126.91411,37.26049],[126.91411,37.24976],[126.92583,37.2444],[126.93755,37.24976],[126.93755,37.26049]]]},"properties":{"row":-9,"col":12,"walk_min":90.2,"nearest_station_id":"kr_086","nearest_station_name":"Sungkyunkwan University","nearest_station_name_ko":"성균관대","a":120,"c":120,"e":120,"g":120,"i":120,"k":120,"m":120,"o":120,"b":120,"d":120,"f":120,"h":120,"j":120,"l":120,"n":120,"p":120}},{"type":"Feature","geometry":{"type":"Polygon","coordinates":[[[126.92583,37.27659],[126.91411,37.28196],[126.90239,37.27659],[126.90239,37.26586],[126.91411,37.26049],[126.92583,37.26586],[126.92583,37.27659]]]},"properties":{"row":-8,"col":11,"walk_min":88.9,"nearest_station_id":"kr_415","nearest_station_name":"Banwol","nearest_station_name_ko":"반월","a":120,"c":120,"e":120,"g":120,"i":120,"k":120,"m":120,"o":120,"b":120,"d":120,"f":120,"h":120,"j":120,"l":120,"n":120,"p":120}},{"type":"Feature","geometry":{"type":"Polygon","coordinates":[[[126.70311,37.32488],[126.69139,37.33025],[126.67967,37.32488],[126.67967,37.31415],[126.69139,37.30878],[126.70311,37.31415],[126.70311,37.32488]]]},"properties":{"row":-5,"col":0,"walk_min":81.3,"nearest_station_id":"kr_351","nearest_station_name":"Jeongwang","nearest_station_name_ko":"정왕","a":120,"c":120,"e":120,"g":120,"i":120,"k":120,"m":120,"o":120,"b":120,"d":120,"f":120,"h":120,"j":120,"l":120,"n":120,"p":120}},{"type":"Feature","geometry":{"type":"Polygon","coordinates":[[[127.172,37.35707],[127.16028,37.36244],[127.14855,37.35707],[127.14855,37.34634],[127.16028,37.34098],[127.172,37.34634],[127.172,37.35707]]]},"properties":{"row":-3,"col":19,"walk_min":81.7,"nearest_station_id":"kr_172","nearest_station_name":"Migeum","nearest_station_name_ko":"미금","a":120,"c":120,"e":114,"g":120,"i":119,"k":120,"m":120,"o":120,"b":120,"d":120,"f":114,"h":120,"j":119,"l":120,"n":120,"p":120}},{"type":"Feature","geometry":{"type":"Polygon","coordinates":[[[126.98444,37.67901],[126.97272,37.68438],[126.961,37.67901],[126.961,37.66828],[126.97272,37.66292],[126.98444,37.66828],[126.98444,37.67901]]]},"properties":{"row":17,"col":1,"walk_min":80.7,"nearest_station_id":"kr_104","nearest_station_name":"Jichuk","nearest_station_name_ko":"지축","a":114,"c":112,"e":119,"g":116,"i":120,"k":120,"m":118,"o":118,"b":114,"d":112,"f":119,"h":116,"j":120,"l":120,"n":118,"p":118}},{"type":"Feature","geometry":{"type":"Polygon","coordinates":[[[126.66794,37.40537],[126.65622,37.41073],[126.6445,37.40537],[126.6445,37.39463],[126.65622,37.38927],[126.66794,37.39463],[126.66794,37.40537]]]},"properties":{"row":0,"col":-4,"walk_min":96.8,"nearest_station_id":"kr_456","nearest_station_name":"Dohwa","nearest_station_name_ko":"도화","a":120,"c":120,"e":120,"g":120,"i":120,"k":120,"m":120,"o":120,"b":120,"d":120,"f":120,"h":120,"j":120,"l":120,"n":120,"p":120}},{"type":"Feature","geometry":{"type":"Polygon","coordinates":[[[127.12511,37.80779],[127.11339,37.81316],[127.10166,37.80779],[127.10166,37.79706],[127.11339,37.79169],[127.12511,37.79706],[127.12511,37.80779]]]},"properties":{"row":25,"col":3,"walk_min":86.0,"nearest_station_id":"kr_447","nearest_station_name":"Deokgye","nearest_station_name_ko":"덕계","a":120,"c":120,"e":120,"g":120,"i":120,"k":120,"m":120,"o":120,"b":120,"d":120,"f":120,"h":120,"j":120,"l":120,"n":120,"p":120}},{"type":"Feature","geometry":{"type":"Polygon","coordinates":[[[127.13683,37.82389],[127.12511,37.82925],[127.11339,37.82389],[127.11339,37.81316],[127.12511,37.80779],[127.13683,37.81316],[127.13683,37.82389]]]},"properties":{"row":26,"col":3,"walk_min":107.8,"nearest_station_id":"kr_447","nearest_station_name":"Deokgye","nearest_station_name_ko":"덕계","a":120,"c":120,"e":120,"g":120,"i":120,"k":120,"m":120,"o":120,"b":120,"d":120,"f":120,"h":120,"j":120,"l":120,"n":120,"p":120}},{"type":"Feature","geometry":{"type":"Polygon","coordinates":[[[127.13683,37.2122],[127.12511,37.21757],[127.11339,37.2122],[127.11339,37.20147],[127.12511,37.19611],[127.13683,37.20147],[127.13683,37.2122]]]},"properties":{"row":-12,"col":22,"walk_min":95.2,"nearest_station_id":"kr_466","nearest_station_name":"Seodongtan","nearest_station_name_ko":"서동탄","a":120,"c":120,"e":120,"g":120,"i":120,"k":120,"m":120,"o":120,"b":120,"d":120,"f":120,"h":120,"j":120,"l":120,"n":120,"p":120}},{"type":"Feature","geometry":{"type":"Polygon","coordinates":[[[127.25405,37.43756],[127.24233,37.44293],[127.23061,37.43756],[127.23061,37.42683],[127.24233,37.42146],[127.25405,37.42683],[127.25405,37.43756]]]},"properties":{"row":2,"col":20,"walk_min":73.0,"nearest_station_id":"kr_236","nearest_station_name":"Samdong","nearest_station_name_ko":"삼동","a":120,"c":120,"e":116,"g":120,"i":120,"k":120,"m":120,"o":120,"b":120,"d":120,"f":116,"h":120,"j":120,"l":120,"n":120,"p":120}},{"type":"Feature","geometry":{"type":"Polygon","coordinates":[[[126.98444,37.7756],[126.97272,37.78096],[126.961,37.7756],[126.961,37.76486],[126.97272,37.7595],[126.98444,37.76486],[126.98444,37.7756]]]},"properties":{"row":23,"col":-2,"walk_min":94.1,"nearest_station_id":"kr_092","nearest_station_name":"Yangju","nearest_station_name_ko":"양주","a":120,"c":120,"e":120,"g":120,"i":120,"k":120,"m":120,"o":120,"b":120,"d":120,"f":120,"h":120,"j":120,"l":120,"n":120,"p":120}},{"type":"Feature","geometry":{"type":"Polygon","coordinates":[[[126.99617,37.79169],[126.98444,37.79706],[126.97272,37.79169],[126.97272,37.78096],[126.98444,37.7756],[126.99617,37.78096],[126.99617,37.79169]]]},"properties":{"row":24,"col":-2,"walk_min":79.2,"nearest_station_id":"kr_092","nearest_station_name":"Yangju","nearest_station_name_ko":"양주","a":120,"c":120,"e":120,"g":120,"i":120,"k":120,"m":120,"o":120,"b":120,"d":120,"f":120,"h":120,"j":120,"l":120,"n":120,"p":120}},{"type":"Feature","geometry":{"type":"Polygon","coordinates":[[[126.75,37.42146],[126.73828,37.42683],[126.72656,37.42146],[126.72656,37.41073],[126.73828,37.40537],[126.75,37.41073],[126.75,37.42146]]]},"properties":{"row":1,"col":-1,"walk_min":90.8,"nearest_station_id":"kr_428","nearest_station_name":"Oido","nearest_station_name_ko":"오이도","a":120,"c":120,"e":120,"g":120,"i":120,"k":120,"m":120,"o":120,"b":120,"d":120,"f":120,"h":120,"j":120,"l":120,"n":120,"p":120}},{"type":"Feature","geometry":{"type":"Polygon","coordinates":[[[127.14855,37.7434],[127.13683,37.74877],[127.12511,37.7434],[127.12511,37.73267],[127.13683,37.7273],[127.14855,37.73267],[127.14855,37.7434]]]},"properties":{"row":21,"col":6,"walk_min":105.1,"nearest_station_id":"kr_470","nearest_station_name":"Jinjeop","nearest_station_name_ko":"진접","a":120,"c":120,"e":120,"g":120,"i":120,"k":120,"m":120,"o":120,"b":120,"d":120,"f":120,"h":120,"j":120,"l":120,"n":120,"p":120}},{"type":"Feature","geometry":{"type":"Polygon","coordinates":[[[127.23061,37.50195],[127.21889,37.50731],[127.20716,37.50195],[127.20716,37.49122],[127.21889,37.48585],[127.23061,37.49122],[127.23061,37.50195]]]},"properties":{"row":6,"col":17,"walk_min":89.5,"nearest_station_id":"kr_469","nearest_station_name":"Hanam Geomdansan","nearest_station_name_ko":"하남검단산","a":120,"c":120,"e":118,"g":119,"i":119,"k":118,"m":119,"o":120,"b":120,"d":120,"f":118,"h":119,"j":119,"l":118,"n":119,"p":120}},{"type":"Feature","geometry":{"type":"Polygon","coordinates":[[[126.98444,37.80779],[126.97272,37.81316],[126.961,37.80779],[126.961,37.79706],[126.97272,37.79169],[126.98444,37.79706],[126.98444,37.80779]]]},"properties":{"row":25,"col":-3,"walk_min":97.3,"nearest_station_id":"kr_092","nearest_station_name":"Yangju","nearest_station_name_ko":"양주","a":120,"c":120,"e":120,"g":120,"i":120,"k":120,"m":120,"o":120,"b":120,"d":120,"f":120,"h":120,"j":120,"l":120,"n":120,"p":120}},{"type":"Feature","geometry":{"type":"Polygon","coordinates":[[[126.99617,37.69511],[126.98444,37.70048],[126.97272,37.69511],[126.97272,37.68438],[126.98444,37.67901],[126.99617,37.68438],[126.99617,37.69511]]]},"properties":{"row":18,"col":1,"walk_min":80.8,"nearest_station_id":"kr_044","nearest_station_name":"Dobongsan","nearest_station_name_ko":"도봉산","a":120,"c":120,"e":120,"g":120,"i":120,"k":120,"m":120,"o":120,"b":120,"d":120,"f":120,"h":120,"j":120,"l":120,"n":120,"p":120}},{"type":"Feature","geometry":{"type":"Polygon","coordinates":[[[127.13683,37.79169],[127.12511,37.79706],[127.11339,37.79169],[127.11339,37.78096],[127.12511,37.7756],[127.13683,37.78096],[127.13683,37.79169]]]},"properties":{"row":24,"col":4,"walk_min":116.9,"nearest_station_id":"kr_447","nearest_station_name":"Deokgye","nearest_station_name_ko":"덕계","a":120,"c":120,"e":120,"g":120,"i":120,"k":120,"m":120,"o":120,"b":120,"d":120,"f":120,"h":120,"j":120,"l":120,"n":120,"p":120}},{"type":"Feature","geometry":{"type":"Polygon","coordinates":[[[126.80861,37.27659],[126.79689,37.28196],[126.78517,37.27659],[126.78517,37.26586],[126.79689,37.26049],[126.80861,37.26586],[126.80861,37.27659]]]},"properties":{"row":-8,"col":6,"walk_min":120.1,"nearest_station_id":"kr_230","nearest_station_name":"Choji","nearest_station_name_ko":"초지","a":120,"c":120,"e":120,"g":120,"i":120,"k":120,"m":120,"o":120,"b":120,"d":120,"f":120,"h":120,"j":120,"l":120,"n":120,"p":120}},{"type":"Feature","geometry":{"type":"Polygon","coordinates":[[[127.13683,37.27659],[127.12511,37.28196],[127.11339,37.27659],[127.11339,37.26586],[127.12511,37.26049],[127.13683,37.26586],[127.13683,37.27659]]]},"properties":{"row":-8,"col":20,"walk_min":97.8,"nearest_station_id":"kr_307","nearest_station_name":"Sanghyeon","nearest_station_name_ko":"상현","a":120,"c":120,"e":120,"g":120,"i":120,"k":120,"m":120,"o":120,"b":120,"d":120,"f":120,"h":120,"j":120,"l":120,"n":120,"p":120}},{"type":"Feature","geometry":{"type":"Polygon","coordinates":[[[126.62106,37.53414],[126.60933,37.53951],[126.59761,37.53414],[126.59761,37.52341],[126.60933,37.51804],[126.62106,37.52341],[126.62106,37.53414]]]},"properties":{"row":8,"col":-10,"walk_min":114.1,"nearest_station_id":"kr_458","nearest_station_name":"Incheon","nearest_station_name_ko":"인천","a":120,"c":120,"e":120,"g":120,"i":120,"k":120,"m":120,"o":120,"b":120,"d":120,"f":120,"h":120,"j":120,"l":120,"n":120,"p":120}},{"type":"Feature","geometry":{"type":"Polygon","coordinates":[[[126.98444,37.71121],[126.97272,37.71657],[126.961,37.71121],[126.961,37.70048],[126.97272,37.69511],[126.98444,37.70048],[126.98444,37.71121]]]},"properties":{"row":19,"col":0,"walk_min":97.6,"nearest_station_id":"kr_449","nearest_station_name":"Mangwolsa (Shinhan University)","nearest_station_name_ko":"망월사(신한대학교)","a":120,"c":120,"e":120,"g":120,"i":120,"k":120,"m":120,"o":120,"b":120,"d":120,"f":120,"h":120,"j":120,"l":120,"n":120,"p":120}},{"type":"Feature","geometry":{"type":"Polygon","coordinates":[[[126.99617,37.7273],[126.98444,37.73267],[126.97272,37.7273],[126.97272,37.71657],[126.98444,37.71121],[126.99617,37.71657],[126.99617,37.7273]]]},"properties":{"row":20,"col":0,"walk_min":87.5,"nearest_station_id":"kr_062","nearest_station_name":"Hoeryong","nearest_station_name_ko":"회룡","a":120,"c":120,"e":120,"g":120,"i":120,"k":120,"m":120,"o":120,"b":120,"d":120,"f":120,"h":120,"j":120,"l":120,"n":120,"p":120}},{"type":"Feature","geometry":{"type":"Polygon","coordinates":[[[127.24233,37.67901],[127.23061,37.68438],[127.21889,37.67901],[127.21889,37.66828],[127.23061,37.66292],[127.24233,37.66828],[127.24233,37.67901]]]},"properties":{"row":17,"col":12,"walk_min":75.1,"nearest_station_id":"kr_361","nearest_station_name":"Onam","nearest_station_name_ko":"오남","a":120,"c":120,"e":120,"g":120,"i":120,"k":120,"m":120,"o":120,"b":120,"d":120,"f":120,"h":120,"j":120,"l":120,"n":120,"p":120}},{"type":"Feature","geometry":{"type":"Polygon","coordinates":[[[126.99617,37.7595],[126.98444,37.76486],[126.97272,37.7595],[126.97272,37.74877],[126.98444,37.7434],[126.99617,37.74877],[126.99617,37.7595]]]},"properties":{"row":22,"col":-1,"walk_min":88.5,"nearest_station_id":"kr_421","nearest_station_name":"Nogyang","nearest_station_name_ko":"녹양","a":120,"c":120,"e":120,"g":120,"i":120,"k":120,"m":120,"o":120,"b":120,"d":120,"f":120,"h":120,"j":120,"l":120,"n":120,"p":120}},{"type":"Feature","geometry":{"type":"Polygon","coordinates":[[[126.6445,37.40537],[126.63278,37.41073],[126.62106,37.40537],[126.62106,37.39463],[126.63278,37.38927],[126.6445,37.39463],[126.6445,37.40537]]]},"properties":{"row":0,"col":-5,"walk_min":106.8,"nearest_station_id":"kr_379","nearest_station_name":"Jemulpo","nearest_station_name_ko":"제물포","a":120,"c":120,"e":120,"g":120,"i":120,"k":120,"m":120,"o":120,"b":120,"d":120,"f":120,"h":120,"j":120,"l":120,"n":120,"p":120}},{"type":"Feature","geometry":{"type":"Polygon","coordinates":[[[126.79689,37.42146],[126.78517,37.42683],[126.77344,37.42146],[126.77344,37.41073],[126.78517,37.40537],[126.79689,37.41073],[126.79689,37.42146]]]},"properties":{"row":1,"col":1,"walk_min":103.2,"nearest_station_id":"kr_428","nearest_station_name":"Oido","nearest_station_name_ko":"오이도","a":120,"c":120,"e":120,"g":120,"i":120,"k":120,"m":120,"o":119,"b":120,"d":120,"f":120,"h":120,"j":120,"l":120,"n":120,"p":119}},{"type":"Feature","geometry":{"type":"Polygon","coordinates":[[[126.84378,37.38927],[126.83206,37.39463],[126.82033,37.38927],[126.82033,37.37854],[126.83206,37.37317],[126.84378,37.37854],[126.84378,37.38927]]]},"properties":{"row":-1,"col":4,"walk_min":89.7,"nearest_station_id":"kr_442","nearest_station_name":"Gwangmyeong","nearest_station_name_ko":"광명","a":119,"c":120,"e":120,"g":120,"i":120,"k":120,"m":120,"o":119,"b":114,"d":117,"f":120,"h":120,"j":120,"l":120,"n":120,"p":119}},{"type":"Feature","geometry":{"type":"Polygon","coordinates":[[[126.79689,37.7434],[126.78517,37.74877],[126.77344,37.7434],[126.77344,37.73267],[126.78517,37.7273],[126.79689,37.73267],[126.79689,37.7434]]]},"properties":{"row":21,"col":-9,"walk_min":108.2,"nearest_station_id":"kr_424","nearest_station_name":"Daehwa","nearest_station_name_ko":"대화","a":120,"c":120,"e":120,"g":120,"i":120,"k":120,"m":120,"o":120,"b":120,"d":120,"f":120,"h":120,"j":120,"l":120,"n":120,"p":120}},{"type":"Feature","geometry":{"type":"Polygon","coordinates":[[[127.12511,37.2283],[127.11339,37.23366],[127.10166,37.2283],[127.10166,37.21757],[127.11339,37.2122],[127.12511,37.21757],[127.12511,37.2283]]]},"properties":{"row":-11,"col":21,"walk_min":89.8,"nearest_station_id":"kr_466","nearest_station_name":"Seodongtan","nearest_station_name_ko":"서동탄","a":120,"c":120,"e":120,"g":120,"i":120,"k":120,"m":120,"o":120,"b":120,"d":120,"f":120,"h":120,"j":120,"l":120,"n":120,"p":120}},{"type":"Feature","geometry":{"type":"Polygon","coordinates":[[[127.11339,37.2444],[127.10166,37.24976],[127.08994,37.2444],[127.08994,37.23366],[127.10166,37.2283],[127.11339,37.23366],[127.11339,37.2444]]]},"properties":{"row":-10,"col":20,"walk_min":93.0,"nearest_station_id":"kr_466","nearest_station_name":"Seodongtan","nearest_station_name_ko":"서동탄","a":120,"c":120,"e":120,"g":120,"i":120,"k":120,"m":120,"o":120,"b":120,"d":120,"f":120,"h":120,"j":120,"l":120,"n":120,"p":120}},{"type":"Feature","geometry":{"type":"Polygon","coordinates":[[[127.05478,37.38927],[127.04305,37.39463],[127.03133,37.38927],[127.03133,37.37854],[127.04305,37.37317],[127.05478,37.37854],[127.05478,37.38927]]]},"properties":{"row":-1,"col":13,"walk_min":86.3,"nearest_station_id":"kr_325","nearest_station_name":"Indeogwon","nearest_station_name_ko":"인덕원","a":119,"c":120,"e":115,"g":120,"i":111,"k":120,"m":120,"o":120,"b":119,"d":120,"f":115,"h":120,"j":111,"l":120,"n":120,"p":120}},{"type":"Feature","geometry":{"type":"Polygon","coordinates":[[[127.24233,37.51804],[127.23061,37.52341],[127.21889,37.51804],[127.21889,37.50731],[127.23061,37.50195],[127.24233,37.50731],[127.24233,37.51804]]]},"properties":{"row":7,"col":17,"walk_min":86.1,"nearest_station_id":"kr_469","nearest_station_name":"Hanam Geomdansan","nearest_station_name_ko":"하남검단산","a":120,"c":120,"e":120,"g":119,"i":120,"k":119,"m":120,"o":120,"b":120,"d":120,"f":120,"h":119,"j":120,"l":119,"n":120,"p":120}},{"type":"Feature","geometry":{"type":"Polygon","coordinates":[[[126.72656,37.7434],[126.71483,37.74877],[126.70311,37.7434],[126.70311,37.73267],[126.71483,37.7273],[126.72656,37.73267],[126.72656,37.7434]]]},"properties":{"row":21,"col":-12,"walk_min":103.6,"nearest_station_id":"kr_424","nearest_station_name":"Daehwa","nearest_station_name_ko":"대화","a":120,"c":120,"e":120,"g":120,"i":120,"k":120,"m":120,"o":120,"b":120,"d":120,"f":120,"h":120,"j":120,"l":120,"n":120,"p":120}},{"type":"Feature","geometry":{"type":"Polygon","coordinates":[[[126.97272,37.69511],[126.961,37.70048],[126.94928,37.69511],[126.94928,37.68438],[126.961,37.67901],[126.97272,37.68438],[126.97272,37.69511]]]},"properties":{"row":18,"col":0,"walk_min":87.6,"nearest_station_id":"kr_044","nearest_station_name":"Dobongsan","nearest_station_name_ko":"도봉산","a":118,"c":117,"e":120,"g":120,"i":120,"k":120,"m":120,"o":120,"b":118,"d":117,"f":120,"h":120,"j":120,"l":120,"n":120,"p":120}},{"type":"Feature","geometry":{"type":"Polygon","coordinates":[[[127.172,37.7756],[127.16028,37.78096],[127.14855,37.7756],[127.14855,37.76486],[127.16028,37.7595],[127.172,37.76486],[127.172,37.7756]]]},"properties":{"row":23,"col":6,"walk_min":124.0,"nearest_station_id":"kr_470","nearest_station_name":"Jinjeop","nearest_station_name_ko":"진접","a":120,"c":120,"e":120,"g":120,"i":120,"k":120,"m":120,"o":120,"b":120,"d":120,"f":120,"h":120,"j":120,"l":120,"n":120,"p":120}},{"type":"Feature","geometry":{"type":"Polygon","coordinates":[[[127.18372,37.34098],[127.172,37.34634],[127.16028,37.34098],[127.16028,37.33025],[127.172,37.32488],[127.18372,37.33025],[127.18372,37.34098]]]},"properties":{"row":-4,"col":20,"walk_min":104.8,"nearest_station_id":"kr_172","nearest_station_name":"Migeum","nearest_station_name_ko":"미금","a":120,"c":120,"e":120,"g":120,"i":120,"k":120,"m":120,"o":120,"b":120,"d":120,"f":120,"h":120,"j":120,"l":120,"n":120,"p":120}},{"type":"Feature","geometry":{"type":"Polygon","coordinates":[[[126.99617,37.18001],[126.98444,37.18537],[126.97272,37.18001],[126.97272,37.16928],[126.98444,37.16391],[126.99617,37.16928],[126.99617,37.18001]]]},"properties":{"row":-14,"col":17,"walk_min":83.3,"nearest_station_id":"kr_047","nearest_station_name":"Byeongjeom","nearest_station_name_ko":"병점","a":120,"c":120,"e":120,"g":120,"i":120,"k":120,"m":120,"o":120,"b":120,"d":120,"f":120,"h":120,"j":120,"l":120,"n":120,"p":120}},{"type":"Feature","geometry":{"type":"Polygon","coordinates":[[[126.98444,37.19611],[126.97272,37.20147],[126.961,37.19611],[126.961,37.18537],[126.97272,37.18001],[126.98444,37.18537],[126.98444,37.19611]]]},"properties":{"row":-13,"col":16,"walk_min":104.6,"nearest_station_id":"kr_047","nearest_station_name":"Byeongjeom","nearest_station_name_ko":"병점","a":120,"c":120,"e":120,"g":120,"i":120,"k":120,"m":120,"o":120,"b":120,"d":120,"f":120,"h":120,"j":120,"l":120,"n":120,"p":120}},{"type":"Feature","geometry":{"type":"Polygon","coordinates":[[[126.98444,37.7434],[126.97272,37.74877],[126.961,37.7434],[126.961,37.73267],[126.97272,37.7273],[126.98444,37.73267],[126.98444,37.7434]]]},"properties":{"row":21,"col":-1,"walk_min":108.1,"nearest_station_id":"kr_448","nearest_station_name":"Ganeung","nearest_station_name_ko":"가능","a":120,"c":120,"e":120,"g":120,"i":120,"k":120,"m":120,"o":120,"b":120,"d":120,"f":120,"h":120,"j":120,"l":120,"n":120,"p":120}},{"type":"Feature","geometry":{"type":"Polygon","coordinates":[[[126.89067,37.26049],[126.87894,37.26586],[126.86722,37.26049],[126.86722,37.24976],[126.87894,37.2444],[126.89067,37.24976],[126.89067,37.26049]]]},"properties":{"row":-9,"col":10,"walk_min":92.9,"nearest_station_id":"kr_114","nearest_station_name":"Sangnoksu","nearest_station_name_ko":"상록수","a":120,"c":120,"e":120,"g":120,"i":120,"k":120,"m":120,"o":120,"b":120,"d":120,"f":120,"h":120,"j":120,"l":120,"n":120,"p":120}},{"type":"Feature","geometry":{"type":"Polygon","coordinates":[[[126.75,37.58243],[126.73828,37.5878],[126.72656,37.58243],[126.72656,37.5717],[126.73828,37.56634],[126.75,37.5717],[126.75,37.58243]]]},"properties":{"row":11,"col":-6,"walk_min":88.9,"nearest_station_id":"kr_429","nearest_station_name":"Gaehwa","nearest_station_name_ko":"개화","a":120,"c":120,"e":120,"g":120,"i":120,"k":120,"m":120,"o":116,"b":120,"d":120,"f":120,"h":120,"j":120,"l":120,"n":120,"p":116}},{"type":"Feature","geometry":{"type":"Polygon","coordinates":[[[127.172,37.32488],[127.16028,37.33025],[127.14855,37.32488],[127.14855,37.31415],[127.16028,37.30878],[127.172,37.31415],[127.172,37.32488]]]},"properties":{"row":-5,"col":20,"walk_min":97.0,"nearest_station_id":"kr_172","nearest_station_name":"Migeum","nearest_station_name_ko":"미금","a":120,"c":120,"e":120,"g":120,"i":120,"k":120,"m":120,"o":120,"b":120,"d":120,"f":120,"h":120,"j":120,"l":120,"n":120,"p":120}},{"type":"Feature","geometry":{"type":"Polygon","coordinates":[[[127.12511,37.7756],[127.11339,37.78096],[127.10166,37.7756],[127.10166,37.76486],[127.11339,37.7595],[127.12511,37.76486],[127.12511,37.7756]]]},"properties":{"row":23,"col":4,"walk_min":97.3,"nearest_station_id":"kr_092","nearest_station_name":"Yangju","nearest_station_name_ko":"양주","a":120,"c":120,"e":120,"g":120,"i":120,"k":120,"m":120,"o":120,"b":120,"d":120,"f":120,"h":120,"j":120,"l":120,"n":120,"p":120}},{"type":"Feature","geometry":{"type":"Polygon","coordinates":[[[127.13683,37.7595],[127.12511,37.76486],[127.11339,37.7595],[127.11339,37.74877],[127.12511,37.7434],[127.13683,37.74877],[127.13683,37.7595]]]},"properties":{"row":22,"col":5,"walk_min":106.0,"nearest_station_id":"kr_448","nearest_station_name":"Ganeung","nearest_station_name_ko":"가능","a":120,"c":120,"e":120,"g":120,"i":120,"k":120,"m":120,"o":120,"b":120,"d":120,"f":120,"h":120,"j":120,"l":120,"n":120,"p":120}},{"type":"Feature","geometry":{"type":"Polygon","coordinates":[[[126.77344,37.42146],[126.76172,37.42683],[126.75,37.42146],[126.75,37.41073],[126.76172,37.40537],[126.77344,37.41073],[126.77344,37.42146]]]},"properties":{"row":1,"col":0,"walk_min":98.9,"nearest_station_id":"kr_428","nearest_station_name":"Oido","nearest_station_name_ko":"오이도","a":120,"c":120,"e":120,"g":120,"i":120,"k":120,"m":120,"o":120,"b":120,"d":120,"f":120,"h":120,"j":120,"l":120,"n":120,"p":120}},{"type":"Feature","geometry":{"type":"Polygon","coordinates":[[[127.23061,37.63072],[127.21889,37.63609],[127.20716,37.63072],[127.20716,37.61999],[127.21889,37.61463],[127.23061,37.61999],[127.23061,37.63072]]]},"properties":{"row":14,"col":13,"walk_min":101.0,"nearest_station_id":"kr_352","nearest_station_name":"Dasan","nearest_station_name_ko":"다산","a":120,"c":120,"e":120,"g":120,"i":120,"k":120,"m":120,"o":120,"b":120,"d":120,"f":120,"h":120,"j":120,"l":120,"n":120,"p":120}},{"type":"Feature","geometry":{"type":"Polygon","coordinates":[[[127.13683,37.18001],[127.12511,37.18537],[127.11339,37.18001],[127.11339,37.16928],[127.12511,37.16391],[127.13683,37.16928],[127.13683,37.18001]]]},"properties":{"row":-14,"col":23,"walk_min":90.0,"nearest_station_id":"kr_416","nearest_station_name":"Osan College","nearest_station_name_ko":"오산대","a":120,"c":120,"e":120,"g":120,"i":120,"k":120,"m":120,"o":120,"b":120,"d":120,"f":120,"h":120,"j":120,"l":120,"n":120,"p":120}},{"type":"Feature","geometry":{"type":"Polygon","coordinates":[[[127.14855,37.19611],[127.13683,37.20147],[127.12511,37.19611],[127.12511,37.18537],[127.13683,37.18001],[127.14855,37.18537],[127.14855,37.19611]]]},"properties":{"row":-13,"col":23,"walk_min":109.9,"nearest_station_id":"kr_416","nearest_station_name":"Osan College","nearest_station_name_ko":"오산대","a":120,"c":120,"e":120,"g":120,"i":120,"k":120,"m":120,"o":120,"b":120,"d":120,"f":120,"h":120,"j":120,"l":120,"n":120,"p":120}},{"type":"Feature","geometry":{"type":"Polygon","coordinates":[[[126.94928,37.2444],[126.93755,37.24976],[126.92583,37.2444],[126.92583,37.23366],[126.93755,37.2283],[126.94928,37.23366],[126.94928,37.2444]]]},"properties":{"row":-10,"col":13,"walk_min":100.2,"nearest_station_id":"kr_043","nearest_station_name":"Suwon","nearest_station_name_ko":"수원","a":120,"c":120,"e":120,"g":120,"i":120,"k":120,"m":120,"o":120,"b":120,"d":120,"f":120,"h":120,"j":120,"l":120,"n":120,"p":120}},{"type":"Feature","geometry":{"type":"Polygon","coordinates":[[[126.91411,37.26049],[126.90239,37.26586],[126.89067,37.26049],[126.89067,37.24976],[126.90239,37.2444],[126.91411,37.24976],[126.91411,37.26049]]]},"properties":{"row":-9,"col":11,"walk_min":95.1,"nearest_station_id":"kr_114","nearest_station_name":"Sangnoksu","nearest_station_name_ko":"상록수","a":120,"c":120,"e":120,"g":120,"i":120,"k":120,"m":120,"o":120,"b":120,"d":120,"f":120,"h":120,"j":120,"l":120,"n":120,"p":120}},{"type":"Feature","geometry":{"type":"Polygon","coordinates":[[[126.75,37.61463],[126.73828,37.61999],[126.72656,37.61463],[126.72656,37.60389],[126.73828,37.59853],[126.75,37.60389],[126.75,37.61463]]]},"properties":{"row":13,"col":-7,"walk_min":105.7,"nearest_station_id":"kr_429","nearest_station_name":"Gaehwa","nearest_station_name_ko":"개화","a":120,"c":120,"e":120,"g":120,"i":120,"k":120,"m":120,"o":120,"b":120,"d":120,"f":120,"h":120,"j":120,"l":120,"n":120,"p":120}},{"type":"Feature","geometry":{"type":"Polygon","coordinates":[[[126.99617,37.82389],[126.98444,37.82925],[126.97272,37.82389],[126.97272,37.81316],[126.98444,37.80779],[126.99617,37.81316],[126.99617,37.82389]]]},"properties":{"row":26,"col":-3,"walk_min":98.0,"nearest_station_id":"kr_447","nearest_station_name":"Deokgye","nearest_station_name_ko":"덕계","a":120,"c":120,"e":120,"g":120,"i":120,"k":120,"m":120,"o":120,"b":120,"d":120,"f":120,"h":120,"j":120,"l":120,"n":120,"p":120}},{"type":"Feature","geometry":{"type":"Polygon","coordinates":[[[126.62106,37.40537],[126.60933,37.41073],[126.59761,37.40537],[126.59761,37.39463],[126.60933,37.38927],[126.62106,37.39463],[126.62106,37.40537]]]},"properties":{"row":0,"col":-6,"walk_min":106.8,"nearest_station_id":"kr_457","nearest_station_name":"Dowon","nearest_station_name_ko":"도원","a":120,"c":120,"e":120,"g":120,"i":120,"k":120,"m":120,"o":120,"b":120,"d":120,"f":120,"h":120,"j":120,"l":120,"n":120,"p":120}},{"type":"Feature","geometry":{"type":"Polygon","coordinates":[[[126.98444,37.2283],[126.97272,37.23366],[126.961,37.2283],[126.961,37.21757],[126.97272,37.2122],[126.98444,37.21757],[126.98444,37.2283]]]},"properties":{"row":-11,"col":15,"walk_min":96.8,"nearest_station_id":"kr_462","nearest_station_name":"Seryu","nearest_station_name_ko":"세류","a":120,"c":120,"e":120,"g":120,"i":120,"k":120,"m":120,"o":120,"b":120,"d":120,"f":120,"h":120,"j":120,"l":120,"n":120,"p":120}},{"type":"Feature","geometry":{"type":"Polygon","coordinates":[[[126.67967,37.67901],[126.66794,37.68438],[126.65622,37.67901],[126.65622,37.66828],[126.66794,37.66292],[126.67967,37.66828],[126.67967,37.67901]]]},"properties":{"row":17,"col":-12,"walk_min":210.4,"nearest_station_id":"kr_424","nearest_station_name":"Daehwa","nearest_station_name_ko":"대화","a":120,"c":120,"e":120,"g":120,"i":120,"k":120,"m":120,"o":120,"b":120,"d":120,"f":120,"h":120,"j":120,"l":120,"n":120,"p":120}},{"type":"Feature","geometry":{"type":"Polygon","coordinates":[[[126.69139,37.66292],[126.67967,37.66828],[126.66794,37.66292],[126.66794,37.65219],[126.67967,37.64682],[126.69139,37.65219],[126.69139,37.66292]]]},"properties":{"row":16,"col":-11,"walk_min":206.4,"nearest_station_id":"kr_424","nearest_station_name":"Daehwa","nearest_station_name_ko":"대화","a":120,"c":120,"e":120,"g":120,"i":120,"k":120,"m":120,"o":120,"b":120,"d":120,"f":120,"h":120,"j":120,"l":120,"n":120,"p":120}},{"type":"Feature","geometry":{"type":"Polygon","coordinates":[[[126.8555,37.7273],[126.84378,37.73267],[126.83206,37.7273],[126.83206,37.71657],[126.84378,37.71121],[126.8555,37.71657],[126.8555,37.7273]]]},"properties":{"row":20,"col":-6,"walk_min":146.2,"nearest_station_id":"kr_145","nearest_station_name":"Wondang","nearest_station_name_ko":"원당","a":120,"c":120,"e":120,"g":120,"i":120,"k":120,"m":120,"o":120,"b":120,"d":120,"f":120,"h":120,"j":120,"l":120,"n":120,"p":120}},{"type":"Feature","geometry":{"type":"Polygon","coordinates":[[[126.99617,37.2122],[126.98444,37.21757],[126.97272,37.2122],[126.97272,37.20147],[126.98444,37.19611],[126.99617,37.20147],[126.99617,37.2122]]]},"properties":{"row":-12,"col":16,"walk_min":90.8,"nearest_station_id":"kr_047","nearest_station_name":"Byeongjeom","nearest_station_name_ko":"병점","a":120,"c":120,"e":120,"g":120,"i":120,"k":120,"m":120,"o":120,"b":120,"d":120,"f":120,"h":120,"j":120,"l":120,"n":120,"p":120}},{"type":"Feature","geometry":{"type":"Polygon","coordinates":[[[126.72656,37.58243],[126.71483,37.5878],[126.70311,37.58243],[126.70311,37.5717],[126.71483,37.56634],[126.72656,37.5717],[126.72656,37.58243]]]},"properties":{"row":11,"col":-7,"walk_min":101.7,"nearest_station_id":"kr_429","nearest_station_name":"Gaehwa","nearest_station_name_ko":"개화","a":120,"c":120,"e":120,"g":120,"i":120,"k":120,"m":120,"o":120,"b":120,"d":120,"f":120,"h":120,"j":120,"l":120,"n":120,"p":120}},{"type":"Feature","geometry":{"type":"Polygon","coordinates":[[[126.75,37.29269],[126.73828,37.29805],[126.72656,37.29269],[126.72656,37.28196],[126.73828,37.27659],[126.75,37.28196],[126.75,37.29269]]]},"properties":{"row":-7,"col":3,"walk_min":267.7,"nearest_station_id":"kr_427","nearest_station_name":"Singiloncheon","nearest_station_name_ko":"신길온천","a":120,"c":120,"e":120,"g":120,"i":120,"k":120,"m":120,"o":120,"b":120,"d":120,"f":120,"h":120,"j":120,"l":120,"n":120,"p":120}},{"type":"Feature","geometry":{"type":"Polygon","coordinates":[[[127.19544,37.35707],[127.18372,37.36244],[127.172,37.35707],[127.172,37.34634],[127.18372,37.34098],[127.19544,37.34634],[127.19544,37.35707]]]},"properties":{"row":-3,"col":20,"walk_min":110.7,"nearest_station_id":"kr_237","nearest_station_name":"삼동","nearest_station_name_ko":"삼동","a":120,"c":120,"e":120,"g":120,"i":120,"k":120,"m":120,"o":120,"b":120,"d":120,"f":120,"h":120,"j":120,"l":120,"n":120,"p":120}},{"type":"Feature","geometry":{"type":"Polygon","coordinates":[[[126.93755,37.71121],[126.92583,37.71657],[126.91411,37.71121],[126.91411,37.70048],[126.92583,37.69511],[126.93755,37.70048],[126.93755,37.71121]]]},"properties":{"row":19,"col":-2,"walk_min":98.3,"nearest_station_id":"kr_104","nearest_station_name":"Jichuk","nearest_station_name_ko":"지축","a":120,"c":120,"e":120,"g":120,"i":120,"k":120,"m":120,"o":120,"b":120,"d":120,"f":120,"h":120,"j":120,"l":120,"n":120,"p":120}},{"type":"Feature","geometry":{"type":"Polygon","coordinates":[[[126.94928,37.7273],[126.93755,37.73267],[126.92583,37.7273],[126.92583,37.71657],[126.93755,37.71121],[126.94928,37.71657],[126.94928,37.7273]]]},"properties":{"row":20,"col":-2,"walk_min":116.1,"nearest_station_id":"kr_115","nearest_station_name":"Samsong","nearest_station_name_ko":"삼송","a":120,"c":120,"e":120,"g":120,"i":120,"k":120,"m":120,"o":120,"b":120,"d":120,"f":120,"h":120,"j":120,"l":120,"n":120,"p":120}},{"type":"Feature","geometry":{"type":"Polygon","coordinates":[[[126.961,37.71121],[126.94928,37.71657],[126.93755,37.71121],[126.93755,37.70048],[126.94928,37.69511],[126.961,37.70048],[126.961,37.71121]]]},"properties":{"row":19,"col":-1,"walk_min":105.1,"nearest_station_id":"kr_104","nearest_station_name":"Jichuk","nearest_station_name_ko":"지축","a":120,"c":120,"e":120,"g":120,"i":120,"k":120,"m":120,"o":120,"b":120,"d":120,"f":120,"h":120,"j":120,"l":120,"n":120,"p":120}},{"type":"Feature","geometry":{"type":"Polygon","coordinates":[[[126.87894,37.7273],[126.86722,37.73267],[126.8555,37.7273],[126.8555,37.71657],[126.86722,37.71121],[126.87894,37.71657],[126.87894,37.7273]]]},"properties":{"row":20,"col":-5,"walk_min":161.1,"nearest_station_id":"kr_145","nearest_station_name":"Wondang","nearest_station_name_ko":"원당","a":120,"c":120,"e":120,"g":120,"i":120,"k":120,"m":120,"o":120,"b":120,"d":120,"f":120,"h":120,"j":120,"l":120,"n":120,"p":120}},{"type":"Feature","geometry":{"type":"Polygon","coordinates":[[[126.80861,37.40537],[126.79689,37.41073],[126.78517,37.40537],[126.78517,37.39463],[126.79689,37.38927],[126.80861,37.39463],[126.80861,37.40537]]]},"properties":{"row":0,"col":2,"walk_min":101.7,"nearest_station_id":"kr_428","nearest_station_name":"Oido","nearest_station_name_ko":"오이도","a":120,"c":120,"e":120,"g":120,"i":120,"k":120,"m":120,"o":120,"b":120,"d":120,"f":120,"h":120,"j":120,"l":120,"n":120,"p":120}},{"type":"Feature","geometry":{"type":"Polygon","coordinates":[[[127.24233,37.45366],[127.23061,37.45902],[127.21889,37.45366],[127.21889,37.44293],[127.23061,37.43756],[127.24233,37.44293],[127.24233,37.45366]]]},"properties":{"row":3,"col":19,"walk_min":91.8,"nearest_station_id":"kr_236","nearest_station_name":"Samdong","nearest_station_name_ko":"삼동","a":120,"c":120,"e":120,"g":120,"i":120,"k":120,"m":120,"o":120,"b":120,"d":120,"f":120,"h":120,"j":120,"l":120,"n":120,"p":120}},{"type":"Feature","geometry":{"type":"Polygon","coordinates":[[[127.12511,37.83998],[127.11339,37.84535],[127.10166,37.83998],[127.10166,37.82925],[127.11339,37.82389],[127.12511,37.82925],[127.12511,37.83998]]]},"properties":{"row":27,"col":2,"walk_min":121.1,"nearest_station_id":"kr_119","nearest_station_name":"Deokjeong (Seojeong College)","nearest_station_name_ko":"덕정(서정대학)","a":120,"c":120,"e":120,"g":120,"i":120,"k":120,"m":120,"o":120,"b":120,"d":120,"f":120,"h":120,"j":120,"l":120,"n":120,"p":120}},{"type":"Feature","geometry":{"type":"Polygon","coordinates":[[[126.86722,37.26049],[126.8555,37.26586],[126.84378,37.26049],[126.84378,37.24976],[126.8555,37.2444],[126.86722,37.24976],[126.86722,37.26049]]]},"properties":{"row":-9,"col":9,"walk_min":109.4,"nearest_station_id":"kr_114","nearest_station_name":"Sangnoksu","nearest_station_name_ko":"상록수","a":120,"c":120,"e":120,"g":120,"i":120,"k":120,"m":120,"o":120,"b":120,"d":120,"f":120,"h":120,"j":120,"l":120,"n":120,"p":120}},{"type":"Feature","geometry":{"type":"Polygon","coordinates":[[[126.83206,37.7273],[126.82033,37.73267],[126.80861,37.7273],[126.80861,37.71657],[126.82033,37.71121],[126.83206,37.71657],[126.83206,37.7273]]]},"properties":{"row":20,"col":-7,"walk_min":114.1,"nearest_station_id":"kr_350","nearest_station_name":"Juyeop","nearest_station_name_ko":"주엽","a":120,"c":120,"e":120,"g":120,"i":120,"k":120,"m":120,"o":120,"b":120,"d":120,"f":120,"h":120,"j":120,"l":120,"n":120,"p":120}},{"type":"Feature","geometry":{"type":"Polygon","coordinates":[[[127.14855,37.80779],[127.13683,37.81316],[127.12511,37.80779],[127.12511,37.79706],[127.13683,37.79169],[127.14855,37.79706],[127.14855,37.80779]]]},"properties":{"row":25,"col":4,"walk_min":122.4,"nearest_station_id":"kr_447","nearest_station_name":"Deokgye","nearest_station_name_ko":"덕계","a":120,"c":120,"e":120,"g":120,"i":120,"k":120,"m":120,"o":120,"b":120,"d":120,"f":120,"h":120,"j":120,"l":120,"n":120,"p":120}},{"type":"Feature","geometry":{"type":"Polygon","coordinates":[[[127.12511,37.26049],[127.11339,37.26586],[127.10166,37.26049],[127.10166,37.24976],[127.11339,37.2444],[127.12511,37.24976],[127.12511,37.26049]]]},"properties":{"row":-9,"col":20,"walk_min":103.1,"nearest_station_id":"kr_307","nearest_station_name":"Sanghyeon","nearest_station_name_ko":"상현","a":120,"c":120,"e":120,"g":120,"i":120,"k":120,"m":120,"o":120,"b":120,"d":120,"f":120,"h":120,"j":120,"l":120,"n":120,"p":120}},{"type":"Feature","geometry":{"type":"Polygon","coordinates":[[[126.66794,37.56634],[126.65622,37.5717],[126.6445,37.56634],[126.6445,37.5556],[126.65622,37.55024],[126.66794,37.5556],[126.66794,37.56634]]]},"properties":{"row":10,"col":-9,"walk_min":111.8,"nearest_station_id":"kr_258","nearest_station_name":"Sangok","nearest_station_name_ko":"산곡","a":120,"c":120,"e":120,"g":120,"i":120,"k":120,"m":120,"o":120,"b":120,"d":120,"f":120,"h":120,"j":120,"l":120,"n":120,"p":120}},{"type":"Feature","geometry":{"type":"Polygon","coordinates":[[[127.24233,37.48585],[127.23061,37.49122],[127.21889,37.48585],[127.21889,37.47512],[127.23061,37.46975],[127.24233,37.47512],[127.24233,37.48585]]]},"properties":{"row":5,"col":18,"walk_min":103.7,"nearest_station_id":"kr_232","nearest_station_name":"Namhansanseong","nearest_station_name_ko":"남한산성입구","a":120,"c":120,"e":120,"g":120,"i":120,"k":120,"m":120,"o":120,"b":120,"d":120,"f":120,"h":120,"j":120,"l":120,"n":120,"p":120}},{"type":"Feature","geometry":{"type":"Polygon","coordinates":[[[127.25405,37.46975],[127.24233,37.47512],[127.23061,37.46975],[127.23061,37.45902],[127.24233,37.45366],[127.25405,37.45902],[127.25405,37.46975]]]},"properties":{"row":4,"col":19,"walk_min":109.8,"nearest_station_id":"kr_236","nearest_station_name":"Samdong","nearest_station_name_ko":"삼동","a":120,"c":120,"e":120,"g":120,"i":120,"k":120,"m":120,"o":120,"b":120,"d":120,"f":120,"h":120,"j":120,"l":120,"n":120,"p":120}},{"type":"Feature","geometry":{"type":"Polygon","coordinates":[[[126.59761,37.43756],[126.58589,37.44293],[126.57417,37.43756],[126.57417,37.42683],[126.58589,37.42146],[126.59761,37.42683],[126.59761,37.43756]]]},"properties":{"row":2,"col":-8,"walk_min":99.2,"nearest_station_id":"kr_458","nearest_station_name":"Incheon","nearest_station_name_ko":"인천","a":120,"c":120,"e":120,"g":120,"i":120,"k":120,"m":120,"o":120,"b":120,"d":120,"f":120,"h":120,"j":120,"l":120,"n":120,"p":120}},{"type":"Feature","geometry":{"type":"Polygon","coordinates":[[[126.67967,37.32488],[126.66794,37.33025],[126.65622,37.32488],[126.65622,37.31415],[126.66794,37.30878],[126.67967,37.31415],[126.67967,37.32488]]]},"properties":{"row":-5,"col":-1,"walk_min":108.2,"nearest_station_id":"kr_351","nearest_station_name":"Jeongwang","nearest_station_name_ko":"정왕","a":120,"c":120,"e":120,"g":120,"i":120,"k":120,"m":120,"o":120,"b":120,"d":120,"f":120,"h":120,"j":120,"l":120,"n":120,"p":120}},{"type":"Feature","geometry":{"type":"Polygon","coordinates":[[[126.60933,37.51804],[126.59761,37.52341],[126.58589,37.51804],[126.58589,37.50731],[126.59761,37.50195],[126.60933,37.50731],[126.60933,37.51804]]]},"properties":{"row":7,"col":-10,"walk_min":104.6,"nearest_station_id":"kr_458","nearest_station_name":"Incheon","nearest_station_name_ko":"인천","a":120,"c":120,"e":120,"g":120,"i":120,"k":120,"m":120,"o":120,"b":120,"d":120,"f":120,"h":120,"j":120,"l":120,"n":120,"p":120}},{"type":"Feature","geometry":{"type":"Polygon","coordinates":[[[127.20716,37.79169],[127.19544,37.79706],[127.18372,37.79169],[127.18372,37.78096],[127.19544,37.7756],[127.20716,37.78096],[127.20716,37.79169]]]},"properties":{"row":24,"col":7,"walk_min":144.5,"nearest_station_id":"kr_470","nearest_station_name":"Jinjeop","nearest_station_name_ko":"진접","a":120,"c":120,"e":120,"g":120,"i":120,"k":120,"m":120,"o":120,"b":120,"d":120,"f":120,"h":120,"j":120,"l":120,"n":120,"p":120}},{"type":"Feature","geometry":{"type":"Polygon","coordinates":[[[126.65622,37.38927],[126.6445,37.39463],[126.63278,37.38927],[126.63278,37.37854],[126.6445,37.37317],[126.65622,37.37854],[126.65622,37.38927]]]},"properties":{"row":-1,"col":-4,"walk_min":123.0,"nearest_station_id":"kr_428","nearest_station_name":"Oido","nearest_station_name_ko":"오이도","a":120,"c":120,"e":120,"g":120,"i":120,"k":120,"m":120,"o":120,"b":120,"d":120,"f":120,"h":120,"j":120,"l":120,"n":120,"p":120}},{"type":"Feature","geometry":{"type":"Polygon","coordinates":[[[126.67967,37.38927],[126.66794,37.39463],[126.65622,37.38927],[126.65622,37.37854],[126.66794,37.37317],[126.67967,37.37854],[126.67967,37.38927]]]},"properties":{"row":-1,"col":-3,"walk_min":123.2,"nearest_station_id":"kr_428","nearest_station_name":"Oido","nearest_station_name_ko":"오이도","a":120,"c":120,"e":120,"g":120,"i":120,"k":120,"m":120,"o":120,"b":120,"d":120,"f":120,"h":120,"j":120,"l":120,"n":120,"p":120}},{"type":"Feature","geometry":{"type":"Polygon","coordinates":[[[127.25405,37.50195],[127.24233,37.50731],[127.23061,37.50195],[127.23061,37.49122],[127.24233,37.48585],[127.25405,37.49122],[127.25405,37.50195]]]},"properties":{"row":6,"col":18,"walk_min":104.0,"nearest_station_id":"kr_469","nearest_station_name":"Hanam Geomdansan","nearest_station_name_ko":"하남검단산","a":120,"c":120,"e":120,"g":120,"i":120,"k":120,"m":120,"o":120,"b":120,"d":120,"f":120,"h":120,"j":120,"l":120,"n":120,"p":120}},{"type":"Feature","geometry":{"type":"Polygon","coordinates":[[[126.97272,37.79169],[126.961,37.79706],[126.94928,37.79169],[126.94928,37.78096],[126.961,37.7756],[126.97272,37.78096],[126.97272,37.79169]]]},"properties":{"row":24,"col":-3,"walk_min":108.4,"nearest_station_id":"kr_092","nearest_station_name":"Yangju","nearest_station_name_ko":"양주","a":120,"c":120,"e":120,"g":120,"i":120,"k":120,"m":120,"o":120,"b":120,"d":120,"f":120,"h":120,"j":120,"l":120,"n":120,"p":120}},{"type":"Feature","geometry":{"type":"Polygon","coordinates":[[[126.69139,37.7273],[126.67967,37.73267],[126.66794,37.7273],[126.66794,37.71657],[126.67967,37.71121],[126.69139,37.71657],[126.69139,37.7273]]]},"properties":{"row":20,"col":-13,"walk_min":216.3,"nearest_station_id":"kr_424","nearest_station_name":"Daehwa","nearest_station_name_ko":"대화","a":120,"c":120,"e":120,"g":120,"i":120,"k":120,"m":120,"o":120,"b":120,"d":120,"f":120,"h":120,"j":120,"l":120,"n":120,"p":120}},{"type":"Feature","geometry":{"type":"Polygon","coordinates":[[[126.70311,37.7434],[126.69139,37.74877],[126.67967,37.7434],[126.67967,37.73267],[126.69139,37.7273],[126.70311,37.73267],[126.70311,37.7434]]]},"properties":{"row":21,"col":-13,"walk_min":116.0,"nearest_station_id":"kr_424","nearest_station_name":"Daehwa","nearest_station_name_ko":"대화","a":120,"c":120,"e":120,"g":120,"i":120,"k":120,"m":120,"o":120,"b":120,"d":120,"f":120,"h":120,"j":120,"l":120,"n":120,"p":120}},{"type":"Feature","geometry":{"type":"Polygon","coordinates":[[[126.67967,37.71121],[126.66794,37.71657],[126.65622,37.71121],[126.65622,37.70048],[126.66794,37.69511],[126.67967,37.70048],[126.67967,37.71121]]]},"properties":{"row":19,"col":-13,"walk_min":204.2,"nearest_station_id":"kr_424","nearest_station_name":"Daehwa","nearest_station_name_ko":"대화","a":120,"c":120,"e":120,"g":120,"i":120,"k":120,"m":120,"o":120,"b":120,"d":120,"f":120,"h":120,"j":120,"l":120,"n":120,"p":120}},{"type":"Feature","geometry":{"type":"Polygon","coordinates":[[[127.18372,37.30878],[127.172,37.31415],[127.16028,37.30878],[127.16028,37.29805],[127.172,37.29269],[127.18372,37.29805],[127.18372,37.30878]]]},"properties":{"row":-6,"col":21,"walk_min":131.9,"nearest_station_id":"kr_233","nearest_station_name":"Suji-gu Office","nearest_station_name_ko":"수지구청","a":120,"c":120,"e":120,"g":120,"i":120,"k":120,"m":120,"o":120,"b":120,"d":120,"f":120,"h":120,"j":120,"l":120,"n":120,"p":120}},{"type":"Feature","geometry":{"type":"Polygon","coordinates":[[[127.16028,37.27659],[127.14855,37.28196],[127.13683,37.27659],[127.13683,37.26586],[127.14855,37.26049],[127.16028,37.26586],[127.16028,37.27659]]]},"properties":{"row":-8,"col":21,"walk_min":113.7,"nearest_station_id":"kr_233","nearest_station_name":"Suji-gu Office","nearest_station_name_ko":"수지구청","a":120,"c":120,"e":120,"g":120,"i":120,"k":120,"m":120,"o":120,"b":120,"d":120,"f":120,"h":120,"j":120,"l":120,"n":120,"p":120}},{"type":"Feature","geometry":{"type":"Polygon","coordinates":[[[126.92583,37.7273],[126.91411,37.73267],[126.90239,37.7273],[126.90239,37.71657],[126.91411,37.71121],[126.92583,37.71657],[126.92583,37.7273]]]},"properties":{"row":20,"col":-3,"walk_min":128.1,"nearest_station_id":"kr_115","nearest_station_name":"Samsong","nearest_station_name_ko":"삼송","a":120,"c":120,"e":120,"g":120,"i":120,"k":120,"m":120,"o":120,"b":120,"d":120,"f":120,"h":120,"j":120,"l":120,"n":120,"p":120}},{"type":"Feature","geometry":{"type":"Polygon","coordinates":[[[126.76172,37.7595],[126.75,37.76486],[126.73828,37.7595],[126.73828,37.74877],[126.75,37.7434],[126.76172,37.74877],[126.76172,37.7595]]]},"properties":{"row":22,"col":-11,"walk_min":124.0,"nearest_station_id":"kr_424","nearest_station_name":"Daehwa","nearest_station_name_ko":"대화","a":120,"c":120,"e":120,"g":120,"i":120,"k":120,"m":120,"o":120,"b":120,"d":120,"f":120,"h":120,"j":120,"l":120,"n":120,"p":120}},{"type":"Feature","geometry":{"type":"Polygon","coordinates":[[[127.13683,37.2444],[127.12511,37.24976],[127.11339,37.2444],[127.11339,37.23366],[127.12511,37.2283],[127.13683,37.23366],[127.13683,37.2444]]]},"properties":{"row":-10,"col":21,"walk_min":118.7,"nearest_station_id":"kr_307","nearest_station_name":"Sanghyeon","nearest_station_name_ko":"상현","a":120,"c":120,"e":120,"g":120,"i":120,"k":120,"m":120,"o":120,"b":120,"d":120,"f":120,"h":120,"j":120,"l":120,"n":120,"p":120}},{"type":"Feature","geometry":{"type":"Polygon","coordinates":[[[126.90239,37.7273],[126.89067,37.73267],[126.87894,37.7273],[126.87894,37.71657],[126.89067,37.71121],[126.90239,37.71657],[126.90239,37.7273]]]},"properties":{"row":20,"col":-4,"walk_min":124.9,"nearest_station_id":"kr_115","nearest_station_name":"Samsong","nearest_station_name_ko":"삼송","a":120,"c":120,"e":120,"g":120,"i":120,"k":120,"m":120,"o":120,"b":120,"d":120,"f":120,"h":120,"j":120,"l":120,"n":120,"p":120}},{"type":"Feature","geometry":{"type":"Polygon","coordinates":[[[126.78517,37.7595],[126.77344,37.76486],[126.76172,37.7595],[126.76172,37.74877],[126.77344,37.7434],[126.78517,37.74877],[126.78517,37.7595]]]},"properties":{"row":22,"col":-10,"walk_min":137.1,"nearest_station_id":"kr_424","nearest_station_name":"Daehwa","nearest_station_name_ko":"대화","a":120,"c":120,"e":120,"g":120,"i":120,"k":120,"m":120,"o":120,"b":120,"d":120,"f":120,"h":120,"j":120,"l":120,"n":120,"p":120}},{"type":"Feature","geometry":{"type":"Polygon","coordinates":[[[127.24233,37.35707],[127.23061,37.36244],[127.21889,37.35707],[127.21889,37.34634],[127.23061,37.34098],[127.24233,37.34634],[127.24233,37.35707]]]},"properties":{"row":-3,"col":22,"walk_min":150.6,"nearest_station_id":"kr_149","nearest_station_name":"경기광주","nearest_station_name_ko":"경기광주","a":120,"c":120,"e":120,"g":120,"i":120,"k":120,"m":120,"o":120,"b":120,"d":120,"f":120,"h":120,"j":120,"l":120,"n":120,"p":120}},{"type":"Feature","geometry":{"type":"Polygon","coordinates":[[[127.25405,37.37317],[127.24233,37.37854],[127.23061,37.37317],[127.23061,37.36244],[127.24233,37.35707],[127.25405,37.36244],[127.25405,37.37317]]]},"properties":{"row":-2,"col":22,"walk_min":113.1,"nearest_station_id":"kr_149","nearest_station_name":"경기광주","nearest_station_name_ko":"경기광주","a":120,"c":120,"e":120,"g":120,"i":120,"k":120,"m":120,"o":120,"b":120,"d":120,"f":120,"h":120,"j":120,"l":120,"n":120,"p":120}},{"type":"Feature","geometry":{"type":"Polygon","coordinates":[[[126.82033,37.7434],[126.80861,37.74877],[126.79689,37.7434],[126.79689,37.73267],[126.80861,37.7273],[126.82033,37.73267],[126.82033,37.7434]]]},"properties":{"row":21,"col":-8,"walk_min":129.3,"nearest_station_id":"kr_350","nearest_station_name":"Juyeop","nearest_station_name_ko":"주엽","a":120,"c":120,"e":120,"g":120,"i":120,"k":120,"m":120,"o":120,"b":120,"d":120,"f":120,"h":120,"j":120,"l":120,"n":120,"p":120}},{"type":"Feature","geometry":{"type":"Polygon","coordinates":[[[127.14855,37.2283],[127.13683,37.23366],[127.12511,37.2283],[127.12511,37.21757],[127.13683,37.2122],[127.14855,37.21757],[127.14855,37.2283]]]},"properties":{"row":-11,"col":22,"walk_min":124.2,"nearest_station_id":"kr_466","nearest_station_name":"Seodongtan","nearest_station_name_ko":"서동탄","a":120,"c":120,"e":120,"g":120,"i":120,"k":120,"m":120,"o":120,"b":120,"d":120,"f":120,"h":120,"j":120,"l":120,"n":120,"p":120}},{"type":"Feature","geometry":{"type":"Polygon","coordinates":[[[126.70311,37.38927],[126.69139,37.39463],[126.67967,37.38927],[126.67967,37.37854],[126.69139,37.37317],[126.70311,37.37854],[126.70311,37.38927]]]},"properties":{"row":-1,"col":-2,"walk_min":123.9,"nearest_station_id":"kr_428","nearest_station_name":"Oido","nearest_station_name_ko":"오이도","a":120,"c":120,"e":120,"g":120,"i":120,"k":120,"m":120,"o":120,"b":120,"d":120,"f":120,"h":120,"j":120,"l":120,"n":120,"p":120}},{"type":"Feature","geometry":{"type":"Polygon","coordinates":[[[126.97272,37.7273],[126.961,37.73267],[126.94928,37.7273],[126.94928,37.71657],[126.961,37.71121],[126.97272,37.71657],[126.97272,37.7273]]]},"properties":{"row":20,"col":-1,"walk_min":114.6,"nearest_station_id":"kr_062","nearest_station_name":"Hoeryong","nearest_station_name_ko":"회룡","a":120,"c":120,"e":120,"g":120,"i":120,"k":120,"m":120,"o":120,"b":120,"d":120,"f":120,"h":120,"j":120,"l":120,"n":120,"p":120}},{"type":"Feature","geometry":{"type":"Polygon","coordinates":[[[126.97272,37.7595],[126.961,37.76486],[126.94928,37.7595],[126.94928,37.74877],[126.961,37.7434],[126.97272,37.74877],[126.97272,37.7595]]]},"properties":{"row":22,"col":-2,"walk_min":122.5,"nearest_station_id":"kr_421","nearest_station_name":"Nogyang","nearest_station_name_ko":"녹양","a":120,"c":120,"e":120,"g":120,"i":120,"k":120,"m":120,"o":120,"b":120,"d":120,"f":120,"h":120,"j":120,"l":120,"n":120,"p":120}},{"type":"Feature","geometry":{"type":"Polygon","coordinates":[[[126.70311,37.58243],[126.69139,37.5878],[126.67967,37.58243],[126.67967,37.5717],[126.69139,37.56634],[126.70311,37.5717],[126.70311,37.58243]]]},"properties":{"row":11,"col":-8,"walk_min":116.1,"nearest_station_id":"kr_258","nearest_station_name":"Sangok","nearest_station_name_ko":"산곡","a":120,"c":120,"e":120,"g":120,"i":120,"k":120,"m":120,"o":120,"b":120,"d":120,"f":120,"h":120,"j":120,"l":120,"n":120,"p":120}},{"type":"Feature","geometry":{"type":"Polygon","coordinates":[[[127.23061,37.79169],[127.21889,37.79706],[127.20716,37.79169],[127.20716,37.78096],[127.21889,37.7756],[127.23061,37.78096],[127.23061,37.79169]]]},"properties":{"row":24,"col":8,"walk_min":126.4,"nearest_station_id":"kr_470","nearest_station_name":"Jinjeop","nearest_station_name_ko":"진접","a":120,"c":120,"e":120,"g":120,"i":120,"k":120,"m":120,"o":120,"b":120,"d":120,"f":120,"h":120,"j":120,"l":120,"n":120,"p":120}},{"type":"Feature","geometry":{"type":"Polygon","coordinates":[[[127.14855,37.7756],[127.13683,37.78096],[127.12511,37.7756],[127.12511,37.76486],[127.13683,37.7595],[127.14855,37.76486],[127.14855,37.7756]]]},"properties":{"row":23,"col":5,"walk_min":130.9,"nearest_station_id":"kr_470","nearest_station_name":"Jinjeop","nearest_station_name_ko":"진접","a":120,"c":120,"e":120,"g":120,"i":120,"k":120,"m":120,"o":120,"b":120,"d":120,"f":120,"h":120,"j":120,"l":120,"n":120,"p":120}},{"type":"Feature","geometry":{"type":"Polygon","coordinates":[[[126.67967,37.58243],[126.66794,37.5878],[126.65622,37.58243],[126.65622,37.5717],[126.66794,37.56634],[126.67967,37.5717],[126.67967,37.58243]]]},"properties":{"row":11,"col":-9,"walk_min":121.8,"nearest_station_id":"kr_258","nearest_station_name":"Sangok","nearest_station_name_ko":"산곡","a":120,"c":120,"e":120,"g":120,"i":120,"k":120,"m":120,"o":120,"b":120,"d":120,"f":120,"h":120,"j":120,"l":120,"n":120,"p":120}},{"type":"Feature","geometry":{"type":"Polygon","coordinates":[[[127.24233,37.61463],[127.23061,37.61999],[127.21889,37.61463],[127.21889,37.60389],[127.23061,37.59853],[127.24233,37.60389],[127.24233,37.61463]]]},"properties":{"row":13,"col":14,"walk_min":106.5,"nearest_station_id":"kr_331","nearest_station_name":"Misa","nearest_station_name_ko":"미사","a":120,"c":120,"e":120,"g":120,"i":120,"k":120,"m":120,"o":120,"b":120,"d":120,"f":120,"h":120,"j":120,"l":120,"n":120,"p":120}},{"type":"Feature","geometry":{"type":"Polygon","coordinates":[[[126.63278,37.55024],[126.62106,37.5556],[126.60933,37.55024],[126.60933,37.53951],[126.62106,37.53414],[126.63278,37.53951],[126.63278,37.55024]]]},"properties":{"row":9,"col":-10,"walk_min":123.9,"nearest_station_id":"kr_458","nearest_station_name":"Incheon","nearest_station_name_ko":"인천","a":120,"c":120,"e":120,"g":120,"i":120,"k":120,"m":120,"o":120,"b":120,"d":120,"f":120,"h":120,"j":120,"l":120,"n":120,"p":120}},{"type":"Feature","geometry":{"type":"Polygon","coordinates":[[[127.16028,37.7595],[127.14855,37.76486],[127.13683,37.7595],[127.13683,37.74877],[127.14855,37.7434],[127.16028,37.74877],[127.16028,37.7595]]]},"properties":{"row":22,"col":6,"walk_min":113.8,"nearest_station_id":"kr_470","nearest_station_name":"Jinjeop","nearest_station_name_ko":"진접","a":120,"c":120,"e":120,"g":120,"i":120,"k":120,"m":120,"o":120,"b":120,"d":120,"f":120,"h":120,"j":120,"l":120,"n":120,"p":120}},{"type":"Feature","geometry":{"type":"Polygon","coordinates":[[[127.00789,37.83998],[126.99617,37.84535],[126.98444,37.83998],[126.98444,37.82925],[126.99617,37.82389],[127.00789,37.82925],[127.00789,37.83998]]]},"properties":{"row":27,"col":-3,"walk_min":99.6,"nearest_station_id":"kr_447","nearest_station_name":"Deokgye","nearest_station_name_ko":"덕계","a":120,"c":120,"e":120,"g":120,"i":120,"k":120,"m":120,"o":120,"b":120,"d":120,"f":120,"h":120,"j":120,"l":120,"n":120,"p":120}},{"type":"Feature","geometry":{"type":"Polygon","coordinates":[[[126.73828,37.7595],[126.72656,37.76486],[126.71483,37.7595],[126.71483,37.74877],[126.72656,37.7434],[126.73828,37.74877],[126.73828,37.7595]]]},"properties":{"row":22,"col":-12,"walk_min":132.4,"nearest_station_id":"kr_424","nearest_station_name":"Daehwa","nearest_station_name_ko":"대화","a":120,"c":120,"e":120,"g":120,"i":120,"k":120,"m":120,"o":120,"b":120,"d":120,"f":120,"h":120,"j":120,"l":120,"n":120,"p":120}},{"type":"Feature","geometry":{"type":"Polygon","coordinates":[[[126.97272,37.82389],[126.961,37.82925],[126.94928,37.82389],[126.94928,37.81316],[126.961,37.80779],[126.97272,37.81316],[126.97272,37.82389]]]},"properties":{"row":26,"col":-4,"walk_min":121.7,"nearest_station_id":"kr_447","nearest_station_name":"Deokgye","nearest_station_name_ko":"덕계","a":120,"c":120,"e":120,"g":120,"i":120,"k":120,"m":120,"o":120,"b":120,"d":120,"f":120,"h":120,"j":120,"l":120,"n":120,"p":120}},{"type":"Feature","geometry":{"type":"Polygon","coordinates":[[[127.14855,37.83998],[127.13683,37.84535],[127.12511,37.83998],[127.12511,37.82925],[127.13683,37.82389],[127.14855,37.82925],[127.14855,37.83998]]]},"properties":{"row":27,"col":3,"walk_min":128.1,"nearest_station_id":"kr_119","nearest_station_name":"Deokjeong (Seojeong College)","nearest_station_name_ko":"덕정(서정대학)","a":120,"c":120,"e":120,"g":120,"i":120,"k":120,"m":120,"o":120,"b":120,"d":120,"f":120,"h":120,"j":120,"l":120,"n":120,"p":120}},{"type":"Feature","geometry":{"type":"Polygon","coordinates":[[[127.24233,37.58243],[127.23061,37.5878],[127.21889,37.58243],[127.21889,37.5717],[127.23061,37.56634],[127.24233,37.5717],[127.24233,37.58243]]]},"properties":{"row":11,"col":15,"walk_min":116.1,"nearest_station_id":"kr_301","nearest_station_name":"하남풍산","nearest_station_name_ko":"하남풍산","a":120,"c":120,"e":120,"g":120,"i":120,"k":120,"m":120,"o":120,"b":120,"d":120,"f":120,"h":120,"j":120,"l":120,"n":120,"p":120}},{"type":"Feature","geometry":{"type":"Polygon","coordinates":[[[126.71483,37.7595],[126.70311,37.76486],[126.69139,37.7595],[126.69139,37.74877],[126.70311,37.7434],[126.71483,37.74877],[126.71483,37.7595]]]},"properties":{"row":22,"col":-13,"walk_min":144.9,"nearest_station_id":"kr_424","nearest_station_name":"Daehwa","nearest_station_name_ko":"대화","a":120,"c":120,"e":120,"g":120,"i":120,"k":120,"m":120,"o":120,"b":120,"d":120,"f":120,"h":120,"j":120,"l":120,"n":120,"p":120}},{"type":"Feature","geometry":{"type":"Polygon","coordinates":[[[126.84378,37.26049],[126.83206,37.26586],[126.82033,37.26049],[126.82033,37.24976],[126.83206,37.2444],[126.84378,37.24976],[126.84378,37.26049]]]},"properties":{"row":-9,"col":8,"walk_min":121.5,"nearest_station_id":"kr_114","nearest_station_name":"Sangnoksu","nearest_station_name_ko":"상록수","a":120,"c":120,"e":120,"g":120,"i":120,"k":120,"m":120,"o":120,"b":120,"d":120,"f":120,"h":120,"j":120,"l":120,"n":120,"p":120}},{"type":"Feature","geometry":{"type":"Polygon","coordinates":[[[127.172,37.29269],[127.16028,37.29805],[127.14855,37.29269],[127.14855,37.28196],[127.16028,37.27659],[127.172,37.28196],[127.172,37.29269]]]},"properties":{"row":-7,"col":21,"walk_min":116.3,"nearest_station_id":"kr_233","nearest_station_name":"Suji-gu Office","nearest_station_name_ko":"수지구청","a":120,"c":120,"e":120,"g":120,"i":120,"k":120,"m":120,"o":120,"b":120,"d":120,"f":120,"h":120,"j":120,"l":120,"n":120,"p":120}},{"type":"Feature","geometry":{"type":"Polygon","coordinates":[[[126.73828,37.59853],[126.72656,37.60389],[126.71483,37.59853],[126.71483,37.5878],[126.72656,37.58243],[126.73828,37.5878],[126.73828,37.59853]]]},"properties":{"row":12,"col":-7,"walk_min":111.6,"nearest_station_id":"kr_429","nearest_station_name":"Gaehwa","nearest_station_name_ko":"개화","a":120,"c":120,"e":120,"g":120,"i":120,"k":120,"m":120,"o":120,"b":120,"d":120,"f":120,"h":120,"j":120,"l":120,"n":120,"p":120}},{"type":"Feature","geometry":{"type":"Polygon","coordinates":[[[126.72656,37.61463],[126.71483,37.61999],[126.70311,37.61463],[126.70311,37.60389],[126.71483,37.59853],[126.72656,37.60389],[126.72656,37.61463]]]},"properties":{"row":13,"col":-8,"walk_min":128.7,"nearest_station_id":"kr_261","nearest_station_name":"Madu","nearest_station_name_ko":"마두","a":120,"c":120,"e":120,"g":120,"i":120,"k":120,"m":120,"o":120,"b":120,"d":120,"f":120,"h":120,"j":120,"l":120,"n":120,"p":120}},{"type":"Feature","geometry":{"type":"Polygon","coordinates":[[[126.961,37.2283],[126.94928,37.23366],[126.93755,37.2283],[126.93755,37.21757],[126.94928,37.2122],[126.961,37.21757],[126.961,37.2283]]]},"properties":{"row":-11,"col":14,"walk_min":117.3,"nearest_station_id":"kr_462","nearest_station_name":"Seryu","nearest_station_name_ko":"세류","a":120,"c":120,"e":120,"g":120,"i":120,"k":120,"m":120,"o":120,"b":120,"d":120,"f":120,"h":120,"j":120,"l":120,"n":120,"p":120}},{"type":"Feature","geometry":{"type":"Polygon","coordinates":[[[127.24233,37.64682],[127.23061,37.65219],[127.21889,37.64682],[127.21889,37.63609],[127.23061,37.63072],[127.24233,37.63609],[127.24233,37.64682]]]},"properties":{"row":15,"col":13,"walk_min":117.7,"nearest_station_id":"kr_352","nearest_station_name":"Dasan","nearest_station_name_ko":"다산","a":120,"c":120,"e":120,"g":120,"i":120,"k":120,"m":120,"o":120,"b":120,"d":120,"f":120,"h":120,"j":120,"l":120,"n":120,"p":120}},{"type":"Feature","geometry":{"type":"Polygon","coordinates":[[[126.6445,37.56634],[126.63278,37.5717],[126.62106,37.56634],[126.62106,37.5556],[126.63278,37.55024],[126.6445,37.5556],[126.6445,37.56634]]]},"properties":{"row":10,"col":-10,"walk_min":135.9,"nearest_station_id":"kr_258","nearest_station_name":"Sangok","nearest_station_name_ko":"산곡","a":120,"c":120,"e":120,"g":120,"i":120,"k":120,"m":120,"o":120,"b":120,"d":120,"f":120,"h":120,"j":120,"l":120,"n":120,"p":120}},{"type":"Feature","geometry":{"type":"Polygon","coordinates":[[[126.92583,37.2444],[126.91411,37.24976],[126.90239,37.2444],[126.90239,37.23366],[126.91411,37.2283],[126.92583,37.23366],[126.92583,37.2444]]]},"properties":{"row":-10,"col":12,"walk_min":116.2,"nearest_station_id":"kr_043","nearest_station_name":"Suwon","nearest_station_name_ko":"수원","a":120,"c":120,"e":120,"g":120,"i":120,"k":120,"m":120,"o":120,"b":120,"d":120,"f":120,"h":120,"j":120,"l":120,"n":120,"p":120}},{"type":"Feature","geometry":{"type":"Polygon","coordinates":[[[126.97272,37.18001],[126.961,37.18537],[126.94928,37.18001],[126.94928,37.16928],[126.961,37.16391],[126.97272,37.16928],[126.97272,37.18001]]]},"properties":{"row":-14,"col":16,"walk_min":126.7,"nearest_station_id":"kr_047","nearest_station_name":"Byeongjeom","nearest_station_name_ko":"병점","a":120,"c":120,"e":120,"g":120,"i":120,"k":120,"m":120,"o":120,"b":120,"d":120,"f":120,"h":120,"j":120,"l":120,"n":120,"p":120}},{"type":"Feature","geometry":{"type":"Polygon","coordinates":[[[126.97272,37.2122],[126.961,37.21757],[126.94928,37.2122],[126.94928,37.20147],[126.961,37.19611],[126.97272,37.20147],[126.97272,37.2122]]]},"properties":{"row":-12,"col":15,"walk_min":119.4,"nearest_station_id":"kr_047","nearest_station_name":"Byeongjeom","nearest_station_name_ko":"병점","a":120,"c":120,"e":120,"g":120,"i":120,"k":120,"m":120,"o":120,"b":120,"d":120,"f":120,"h":120,"j":120,"l":120,"n":120,"p":120}},{"type":"Feature","geometry":{"type":"Polygon","coordinates":[[[126.63278,37.38927],[126.62106,37.39463],[126.60933,37.38927],[126.60933,37.37854],[126.62106,37.37317],[126.63278,37.37854],[126.63278,37.38927]]]},"properties":{"row":-1,"col":-5,"walk_min":128.3,"nearest_station_id":"kr_457","nearest_station_name":"Dowon","nearest_station_name_ko":"도원","a":120,"c":120,"e":120,"g":120,"i":120,"k":120,"m":120,"o":120,"b":120,"d":120,"f":120,"h":120,"j":120,"l":120,"n":120,"p":120}},{"type":"Feature","geometry":{"type":"Polygon","coordinates":[[[126.87894,37.2444],[126.86722,37.24976],[126.8555,37.2444],[126.8555,37.23366],[126.86722,37.2283],[126.87894,37.23366],[126.87894,37.2444]]]},"properties":{"row":-10,"col":10,"walk_min":115.6,"nearest_station_id":"kr_114","nearest_station_name":"Sangnoksu","nearest_station_name_ko":"상록수","a":120,"c":120,"e":120,"g":120,"i":120,"k":120,"m":120,"o":120,"b":120,"d":120,"f":120,"h":120,"j":120,"l":120,"n":120,"p":120}},{"type":"Feature","geometry":{"type":"Polygon","coordinates":[[[126.82033,37.26049],[126.80861,37.26586],[126.79689,37.26049],[126.79689,37.24976],[126.80861,37.2444],[126.82033,37.24976],[126.82033,37.26049]]]},"properties":{"row":-9,"col":7,"walk_min":121.7,"nearest_station_id":"kr_426","nearest_station_name":"Gojan","nearest_station_name_ko":"고잔","a":120,"c":120,"e":120,"g":120,"i":120,"k":120,"m":120,"o":120,"b":120,"d":120,"f":120,"h":120,"j":120,"l":120,"n":120,"p":120}},{"type":"Feature","geometry":{"type":"Polygon","coordinates":[[[127.21889,37.35707],[127.20716,37.36244],[127.19544,37.35707],[127.19544,37.34634],[127.20716,37.34098],[127.21889,37.34634],[127.21889,37.35707]]]},"properties":{"row":-3,"col":21,"walk_min":136.3,"nearest_station_id":"kr_237","nearest_station_name":"삼동","nearest_station_name_ko":"삼동","a":120,"c":120,"e":120,"g":120,"i":120,"k":120,"m":120,"o":120,"b":120,"d":120,"f":120,"h":120,"j":120,"l":120,"n":120,"p":120}},{"type":"Feature","geometry":{"type":"Polygon","coordinates":[[[127.16028,37.18001],[127.14855,37.18537],[127.13683,37.18001],[127.13683,37.16928],[127.14855,37.16391],[127.16028,37.16928],[127.16028,37.18001]]]},"properties":{"row":-14,"col":24,"walk_min":131.7,"nearest_station_id":"kr_416","nearest_station_name":"Osan College","nearest_station_name_ko":"오산대","a":120,"c":120,"e":120,"g":120,"i":120,"k":120,"m":120,"o":120,"b":120,"d":120,"f":120,"h":120,"j":120,"l":120,"n":120,"p":120}},{"type":"Feature","geometry":{"type":"Polygon","coordinates":[[[127.18372,37.27659],[127.172,37.28196],[127.16028,37.27659],[127.16028,37.26586],[127.172,37.26049],[127.18372,37.26586],[127.18372,37.27659]]]},"properties":{"row":-8,"col":22,"walk_min":141.6,"nearest_station_id":"kr_233","nearest_station_name":"Suji-gu Office","nearest_station_name_ko":"수지구청","a":120,"c":120,"e":120,"g":120,"i":120,"k":120,"m":120,"o":120,"b":120,"d":120,"f":120,"h":120,"j":120,"l":120,"n":120,"p":120}},{"type":"Feature","geometry":{"type":"Polygon","coordinates":[[[127.16028,37.82389],[127.14855,37.82925],[127.13683,37.82389],[127.13683,37.81316],[127.14855,37.80779],[127.16028,37.81316],[127.16028,37.82389]]]},"properties":{"row":26,"col":4,"walk_min":131.6,"nearest_station_id":"kr_119","nearest_station_name":"Deokjeong (Seojeong College)","nearest_station_name_ko":"덕정(서정대학)","a":120,"c":120,"e":120,"g":120,"i":120,"k":120,"m":120,"o":120,"b":120,"d":120,"f":120,"h":120,"j":120,"l":120,"n":120,"p":120}},{"type":"Feature","geometry":{"type":"Polygon","coordinates":[[[126.90239,37.2444],[126.89067,37.24976],[126.87894,37.2444],[126.87894,37.23366],[126.89067,37.2283],[126.90239,37.23366],[126.90239,37.2444]]]},"properties":{"row":-10,"col":11,"walk_min":119.2,"nearest_station_id":"kr_114","nearest_station_name":"Sangnoksu","nearest_station_name_ko":"상록수","a":120,"c":120,"e":120,"g":120,"i":120,"k":120,"m":120,"o":120,"b":120,"d":120,"f":120,"h":120,"j":120,"l":120,"n":120,"p":120}},{"type":"Feature","geometry":{"type":"Polygon","coordinates":[[[127.16028,37.2122],[127.14855,37.21757],[127.13683,37.2122],[127.13683,37.20147],[127.14855,37.19611],[127.16028,37.20147],[127.16028,37.2122]]]},"properties":{"row":-12,"col":23,"walk_min":128.1,"nearest_station_id":"kr_466","nearest_station_name":"Seodongtan","nearest_station_name_ko":"서동탄","a":120,"c":120,"e":120,"g":120,"i":120,"k":120,"m":120,"o":120,"b":120,"d":120,"f":120,"h":120,"j":120,"l":120,"n":120,"p":120}},{"type":"Feature","geometry":{"type":"Polygon","coordinates":[[[126.65622,37.32488],[126.6445,37.33025],[126.63278,37.32488],[126.63278,37.31415],[126.6445,37.30878],[126.65622,37.31415],[126.65622,37.32488]]]},"properties":{"row":-5,"col":-2,"walk_min":132.9,"nearest_station_id":"kr_351","nearest_station_name":"Jeongwang","nearest_station_name_ko":"정왕","a":120,"c":120,"e":120,"g":120,"i":120,"k":120,"m":120,"o":120,"b":120,"d":120,"f":120,"h":120,"j":120,"l":120,"n":120,"p":120}},{"type":"Feature","geometry":{"type":"Polygon","coordinates":[[[126.66794,37.34098],[126.65622,37.34634],[126.6445,37.34098],[126.6445,37.33025],[126.65622,37.32488],[126.66794,37.33025],[126.66794,37.34098]]]},"properties":{"row":-4,"col":-2,"walk_min":129.9,"nearest_station_id":"kr_351","nearest_station_name":"Jeongwang","nearest_station_name_ko":"정왕","a":120,"c":120,"e":120,"g":120,"i":120,"k":120,"m":120,"o":120,"b":120,"d":120,"f":120,"h":120,"j":120,"l":120,"n":120,"p":120}},{"type":"Feature","geometry":{"type":"Polygon","coordinates":[[[126.65622,37.58243],[126.6445,37.5878],[126.63278,37.58243],[126.63278,37.5717],[126.6445,37.56634],[126.65622,37.5717],[126.65622,37.58243]]]},"properties":{"row":11,"col":-10,"walk_min":144.8,"nearest_station_id":"kr_258","nearest_station_name":"Sangok","nearest_station_name_ko":"산곡","a":120,"c":120,"e":120,"g":120,"i":120,"k":120,"m":120,"o":120,"b":120,"d":120,"f":120,"h":120,"j":120,"l":120,"n":120,"p":120}},{"type":"Feature","geometry":{"type":"Polygon","coordinates":[[[126.80861,37.7595],[126.79689,37.76486],[126.78517,37.7595],[126.78517,37.74877],[126.79689,37.7434],[126.80861,37.74877],[126.80861,37.7595]]]},"properties":{"row":22,"col":-9,"walk_min":152.8,"nearest_station_id":"kr_424","nearest_station_name":"Daehwa","nearest_station_name_ko":"대화","a":120,"c":120,"e":120,"g":120,"i":120,"k":120,"m":120,"o":120,"b":120,"d":120,"f":120,"h":120,"j":120,"l":120,"n":120,"p":120}},{"type":"Feature","geometry":{"type":"Polygon","coordinates":[[[126.60933,37.55024],[126.59761,37.5556],[126.58589,37.55024],[126.58589,37.53951],[126.59761,37.53414],[126.60933,37.53951],[126.60933,37.55024]]]},"properties":{"row":9,"col":-11,"walk_min":136.4,"nearest_station_id":"kr_458","nearest_station_name":"Incheon","nearest_station_name_ko":"인천","a":120,"c":120,"e":120,"g":120,"i":120,"k":120,"m":120,"o":120,"b":120,"d":120,"f":120,"h":120,"j":120,"l":120,"n":120,"p":120}},{"type":"Feature","geometry":{"type":"Polygon","coordinates":[[[127.16028,37.79169],[127.14855,37.79706],[127.13683,37.79169],[127.13683,37.78096],[127.14855,37.7756],[127.16028,37.78096],[127.16028,37.79169]]]},"properties":{"row":24,"col":5,"walk_min":139.4,"nearest_station_id":"kr_470","nearest_station_name":"Jinjeop","nearest_station_name_ko":"진접","a":120,"c":120,"e":120,"g":120,"i":120,"k":120,"m":120,"o":120,"b":120,"d":120,"f":120,"h":120,"j":120,"l":120,"n":120,"p":120}},{"type":"Feature","geometry":{"type":"Polygon","coordinates":[[[126.69139,37.30878],[126.67967,37.31415],[126.66794,37.30878],[126.66794,37.29805],[126.67967,37.29269],[126.69139,37.29805],[126.69139,37.30878]]]},"properties":{"row":-6,"col":0,"walk_min":109.8,"nearest_station_id":"kr_351","nearest_station_name":"Jeongwang","nearest_station_name_ko":"정왕","a":120,"c":120,"e":120,"g":120,"i":120,"k":120,"m":120,"o":120,"b":120,"d":120,"f":120,"h":120,"j":120,"l":120,"n":120,"p":120}},{"type":"Feature","geometry":{"type":"Polygon","coordinates":[[[127.19544,37.32488],[127.18372,37.33025],[127.172,37.32488],[127.172,37.31415],[127.18372,37.30878],[127.19544,37.31415],[127.19544,37.32488]]]},"properties":{"row":-5,"col":21,"walk_min":135.0,"nearest_station_id":"kr_172","nearest_station_name":"Migeum","nearest_station_name_ko":"미금","a":120,"c":120,"e":120,"g":120,"i":120,"k":120,"m":120,"o":120,"b":120,"d":120,"f":120,"h":120,"j":120,"l":120,"n":120,"p":120}},{"type":"Feature","geometry":{"type":"Polygon","coordinates":[[[126.93755,37.7434],[126.92583,37.74877],[126.91411,37.7434],[126.91411,37.73267],[126.92583,37.7273],[126.93755,37.73267],[126.93755,37.7434]]]},"properties":{"row":21,"col":-3,"walk_min":149.9,"nearest_station_id":"kr_115","nearest_station_name":"Samsong","nearest_station_name_ko":"삼송","a":120,"c":120,"e":120,"g":120,"i":120,"k":120,"m":120,"o":120,"b":120,"d":120,"f":120,"h":120,"j":120,"l":120,"n":120,"p":120}},{"type":"Feature","geometry":{"type":"Polygon","coordinates":[[[126.93755,37.2283],[126.92583,37.23366],[126.91411,37.2283],[126.91411,37.21757],[126.92583,37.2122],[126.93755,37.21757],[126.93755,37.2283]]]},"properties":{"row":-11,"col":13,"walk_min":137.2,"nearest_station_id":"kr_043","nearest_station_name":"Suwon","nearest_station_name_ko":"수원","a":120,"c":120,"e":120,"g":120,"i":120,"k":120,"m":120,"o":120,"b":120,"d":120,"f":120,"h":120,"j":120,"l":120,"n":120,"p":120}},{"type":"Feature","geometry":{"type":"Polygon","coordinates":[[[126.94928,37.79169],[126.93755,37.79706],[126.92583,37.79169],[126.92583,37.78096],[126.93755,37.7756],[126.94928,37.78096],[126.94928,37.79169]]]},"properties":{"row":24,"col":-4,"walk_min":144.0,"nearest_station_id":"kr_092","nearest_station_name":"Yangju","nearest_station_name_ko":"양주","a":120,"c":120,"e":120,"g":120,"i":120,"k":120,"m":120,"o":120,"b":120,"d":120,"f":120,"h":120,"j":120,"l":120,"n":120,"p":120}},{"type":"Feature","geometry":{"type":"Polygon","coordinates":[[[126.961,37.80779],[126.94928,37.81316],[126.93755,37.80779],[126.93755,37.79706],[126.94928,37.79169],[126.961,37.79706],[126.961,37.80779]]]},"properties":{"row":25,"col":-4,"walk_min":128.2,"nearest_station_id":"kr_092","nearest_station_name":"Yangju","nearest_station_name_ko":"양주","a":120,"c":120,"e":120,"g":120,"i":120,"k":120,"m":120,"o":120,"b":120,"d":120,"f":120,"h":120,"j":120,"l":120,"n":120,"p":120}},{"type":"Feature","geometry":{"type":"Polygon","coordinates":[[[126.84378,37.7434],[126.83206,37.74877],[126.82033,37.7434],[126.82033,37.73267],[126.83206,37.7273],[126.84378,37.73267],[126.84378,37.7434]]]},"properties":{"row":21,"col":-7,"walk_min":168.3,"nearest_station_id":"kr_145","nearest_station_name":"Wondang","nearest_station_name_ko":"원당","a":120,"c":120,"e":120,"g":120,"i":120,"k":120,"m":120,"o":120,"b":120,"d":120,"f":120,"h":120,"j":120,"l":120,"n":120,"p":120}},{"type":"Feature","geometry":{"type":"Polygon","coordinates":[[[126.71483,37.59853],[126.70311,37.60389],[126.69139,37.59853],[126.69139,37.5878],[126.70311,37.58243],[126.71483,37.5878],[126.71483,37.59853]]]},"properties":{"row":12,"col":-8,"walk_min":130.6,"nearest_station_id":"kr_261","nearest_station_name":"Madu","nearest_station_name_ko":"마두","a":120,"c":120,"e":120,"g":120,"i":120,"k":120,"m":120,"o":120,"b":120,"d":120,"f":120,"h":120,"j":120,"l":120,"n":120,"p":120}},{"type":"Feature","geometry":{"type":"Polygon","coordinates":[[[126.98444,37.83998],[126.97272,37.84535],[126.961,37.83998],[126.961,37.82925],[126.97272,37.82389],[126.98444,37.82925],[126.98444,37.83998]]]},"properties":{"row":27,"col":-4,"walk_min":117.2,"nearest_station_id":"kr_447","nearest_station_name":"Deokgye","nearest_station_name_ko":"덕계","a":120,"c":120,"e":120,"g":120,"i":120,"k":120,"m":120,"o":120,"b":120,"d":120,"f":120,"h":120,"j":120,"l":120,"n":120,"p":120}},{"type":"Feature","geometry":{"type":"Polygon","coordinates":[[[126.961,37.7756],[126.94928,37.78096],[126.93755,37.7756],[126.93755,37.76486],[126.94928,37.7595],[126.961,37.76486],[126.961,37.7756]]]},"properties":{"row":23,"col":-3,"walk_min":130.7,"nearest_station_id":"kr_092","nearest_station_name":"Yangju","nearest_station_name_ko":"양주","a":120,"c":120,"e":120,"g":120,"i":120,"k":120,"m":120,"o":120,"b":120,"d":120,"f":120,"h":120,"j":120,"l":120,"n":120,"p":120}},{"type":"Feature","geometry":{"type":"Polygon","coordinates":[[[126.69139,37.7595],[126.67967,37.76486],[126.66794,37.7595],[126.66794,37.74877],[126.67967,37.7434],[126.69139,37.74877],[126.69139,37.7595]]]},"properties":{"row":22,"col":-14,"walk_min":224.4,"nearest_station_id":"kr_424","nearest_station_name":"Daehwa","nearest_station_name_ko":"대화","a":120,"c":120,"e":120,"g":120,"i":120,"k":120,"m":120,"o":120,"b":120,"d":120,"f":120,"h":120,"j":120,"l":120,"n":120,"p":120}},{"type":"Feature","geometry":{"type":"Polygon","coordinates":[[[127.14855,37.26049],[127.13683,37.26586],[127.12511,37.26049],[127.12511,37.24976],[127.13683,37.2444],[127.14855,37.24976],[127.14855,37.26049]]]},"properties":{"row":-9,"col":21,"walk_min":129.8,"nearest_station_id":"kr_307","nearest_station_name":"Sanghyeon","nearest_station_name_ko":"상현","a":120,"c":120,"e":120,"g":120,"i":120,"k":120,"m":120,"o":120,"b":120,"d":120,"f":120,"h":120,"j":120,"l":120,"n":120,"p":120}},{"type":"Feature","geometry":{"type":"Polygon","coordinates":[[[127.26577,37.48585],[127.25405,37.49122],[127.24233,37.48585],[127.24233,37.47512],[127.25405,37.46975],[127.26577,37.47512],[127.26577,37.48585]]]},"properties":{"row":5,"col":19,"walk_min":114.7,"nearest_station_id":"kr_469","nearest_station_name":"Hanam Geomdansan","nearest_station_name_ko":"하남검단산","a":120,"c":120,"e":120,"g":120,"i":120,"k":120,"m":120,"o":120,"b":120,"d":120,"f":120,"h":120,"j":120,"l":120,"n":120,"p":120}},{"type":"Feature","geometry":{"type":"Polygon","coordinates":[[[127.21889,37.80779],[127.20716,37.81316],[127.19544,37.80779],[127.19544,37.79706],[127.20716,37.79169],[127.21889,37.79706],[127.21889,37.80779]]]},"properties":{"row":25,"col":7,"walk_min":139.6,"nearest_station_id":"kr_470","nearest_station_name":"Jinjeop","nearest_station_name_ko":"진접","a":120,"c":120,"e":120,"g":120,"i":120,"k":120,"m":120,"o":120,"b":120,"d":120,"f":120,"h":120,"j":120,"l":120,"n":120,"p":120}},{"type":"Feature","geometry":{"type":"Polygon","coordinates":[[[126.91411,37.7434],[126.90239,37.74877],[126.89067,37.7434],[126.89067,37.73267],[126.90239,37.7273],[126.91411,37.73267],[126.91411,37.7434]]]},"properties":{"row":21,"col":-4,"walk_min":153.0,"nearest_station_id":"kr_115","nearest_station_name":"Samsong","nearest_station_name_ko":"삼송","a":120,"c":120,"e":120,"g":120,"i":120,"k":120,"m":120,"o":120,"b":120,"d":120,"f":120,"h":120,"j":120,"l":120,"n":120,"p":120}},{"type":"Feature","geometry":{"type":"Polygon","coordinates":[[[126.94928,37.82389],[126.93755,37.82925],[126.92583,37.82389],[126.92583,37.81316],[126.93755,37.80779],[126.94928,37.81316],[126.94928,37.82389]]]},"properties":{"row":26,"col":-5,"walk_min":154.7,"nearest_station_id":"kr_092","nearest_station_name":"Yangju","nearest_station_name_ko":"양주","a":120,"c":120,"e":120,"g":120,"i":120,"k":120,"m":120,"o":120,"b":120,"d":120,"f":120,"h":120,"j":120,"l":120,"n":120,"p":120}},{"type":"Feature","geometry":{"type":"Polygon","coordinates":[[[126.79689,37.26049],[126.78517,37.26586],[126.77344,37.26049],[126.77344,37.24976],[126.78517,37.2444],[126.79689,37.24976],[126.79689,37.26049]]]},"properties":{"row":-9,"col":6,"walk_min":160.8,"nearest_station_id":"kr_230","nearest_station_name":"Choji","nearest_station_name_ko":"초지","a":120,"c":120,"e":120,"g":120,"i":120,"k":120,"m":120,"o":120,"b":120,"d":120,"f":120,"h":120,"j":120,"l":120,"n":120,"p":120}},{"type":"Feature","geometry":{"type":"Polygon","coordinates":[[[126.94928,37.7595],[126.93755,37.76486],[126.92583,37.7595],[126.92583,37.74877],[126.93755,37.7434],[126.94928,37.74877],[126.94928,37.7595]]]},"properties":{"row":22,"col":-3,"walk_min":148.2,"nearest_station_id":"kr_421","nearest_station_name":"Nogyang","nearest_station_name_ko":"녹양","a":120,"c":120,"e":120,"g":120,"i":120,"k":120,"m":120,"o":120,"b":120,"d":120,"f":120,"h":120,"j":120,"l":120,"n":120,"p":120}},{"type":"Feature","geometry":{"type":"Polygon","coordinates":[[[126.66794,37.37317],[126.65622,37.37854],[126.6445,37.37317],[126.6445,37.36244],[126.65622,37.35707],[126.66794,37.36244],[126.66794,37.37317]]]},"properties":{"row":-2,"col":-3,"walk_min":151.0,"nearest_station_id":"kr_428","nearest_station_name":"Oido","nearest_station_name_ko":"오이도","a":120,"c":120,"e":120,"g":120,"i":120,"k":120,"m":120,"o":120,"b":120,"d":120,"f":120,"h":120,"j":120,"l":120,"n":120,"p":120}},{"type":"Feature","geometry":{"type":"Polygon","coordinates":[[[126.6445,37.37317],[126.63278,37.37854],[126.62106,37.37317],[126.62106,37.36244],[126.63278,37.35707],[126.6445,37.36244],[126.6445,37.37317]]]},"properties":{"row":-2,"col":-4,"walk_min":167.0,"nearest_station_id":"kr_428","nearest_station_name":"Oido","nearest_station_name_ko":"오이도","a":120,"c":120,"e":120,"g":120,"i":120,"k":120,"m":120,"o":120,"b":120,"d":120,"f":120,"h":120,"j":120,"l":120,"n":120,"p":120}},{"type":"Feature","geometry":{"type":"Polygon","coordinates":[[[126.62106,37.56634],[126.60933,37.5717],[126.59761,37.56634],[126.59761,37.5556],[126.60933,37.55024],[126.62106,37.5556],[126.62106,37.56634]]]},"properties":{"row":10,"col":-11,"walk_min":161.1,"nearest_station_id":"kr_458","nearest_station_name":"Incheon","nearest_station_name_ko":"인천","a":120,"c":120,"e":120,"g":120,"i":120,"k":120,"m":120,"o":120,"b":120,"d":120,"f":120,"h":120,"j":120,"l":120,"n":120,"p":120}},{"type":"Feature","geometry":{"type":"Polygon","coordinates":[[[127.20716,37.34098],[127.19544,37.34634],[127.18372,37.34098],[127.18372,37.33025],[127.19544,37.32488],[127.20716,37.33025],[127.20716,37.34098]]]},"properties":{"row":-4,"col":21,"walk_min":135.4,"nearest_station_id":"kr_172","nearest_station_name":"Migeum","nearest_station_name_ko":"미금","a":120,"c":120,"e":120,"g":120,"i":120,"k":120,"m":120,"o":120,"b":120,"d":120,"f":120,"h":120,"j":120,"l":120,"n":120,"p":120}},{"type":"Feature","geometry":{"type":"Polygon","coordinates":[[[126.75,37.7756],[126.73828,37.78096],[126.72656,37.7756],[126.72656,37.76486],[126.73828,37.7595],[126.75,37.76486],[126.75,37.7756]]]},"properties":{"row":23,"col":-12,"walk_min":153.7,"nearest_station_id":"kr_424","nearest_station_name":"Daehwa","nearest_station_name_ko":"대화","a":120,"c":120,"e":120,"g":120,"i":120,"k":120,"m":120,"o":120,"b":120,"d":120,"f":120,"h":120,"j":120,"l":120,"n":120,"p":120}},{"type":"Feature","geometry":{"type":"Polygon","coordinates":[[[126.77344,37.7756],[126.76172,37.78096],[126.75,37.7756],[126.75,37.76486],[126.76172,37.7595],[126.77344,37.76486],[126.77344,37.7756]]]},"properties":{"row":23,"col":-11,"walk_min":152.9,"nearest_station_id":"kr_424","nearest_station_name":"Daehwa","nearest_station_name_ko":"대화","a":120,"c":120,"e":120,"g":120,"i":120,"k":120,"m":120,"o":120,"b":120,"d":120,"f":120,"h":120,"j":120,"l":120,"n":120,"p":120}},{"type":"Feature","geometry":{"type":"Polygon","coordinates":[[[127.18372,37.79169],[127.172,37.79706],[127.16028,37.79169],[127.16028,37.78096],[127.172,37.7756],[127.18372,37.78096],[127.18372,37.79169]]]},"properties":{"row":24,"col":6,"walk_min":157.1,"nearest_station_id":"kr_470","nearest_station_name":"Jinjeop","nearest_station_name_ko":"진접","a":120,"c":120,"e":120,"g":120,"i":120,"k":120,"m":120,"o":120,"b":120,"d":120,"f":120,"h":120,"j":120,"l":120,"n":120,"p":120}},{"type":"Feature","geometry":{"type":"Polygon","coordinates":[[[126.69139,37.59853],[126.67967,37.60389],[126.66794,37.59853],[126.66794,37.5878],[126.67967,37.58243],[126.69139,37.5878],[126.69139,37.59853]]]},"properties":{"row":12,"col":-9,"walk_min":138.7,"nearest_station_id":"kr_258","nearest_station_name":"Sangok","nearest_station_name_ko":"산곡","a":120,"c":120,"e":120,"g":120,"i":120,"k":120,"m":120,"o":120,"b":120,"d":120,"f":120,"h":120,"j":120,"l":120,"n":120,"p":120}},{"type":"Feature","geometry":{"type":"Polygon","coordinates":[[[127.16028,37.2444],[127.14855,37.24976],[127.13683,37.2444],[127.13683,37.23366],[127.14855,37.2283],[127.16028,37.23366],[127.16028,37.2444]]]},"properties":{"row":-10,"col":22,"walk_min":154.2,"nearest_station_id":"kr_307","nearest_station_name":"Sanghyeon","nearest_station_name_ko":"상현","a":120,"c":120,"e":120,"g":120,"i":120,"k":120,"m":120,"o":120,"b":120,"d":120,"f":120,"h":120,"j":120,"l":120,"n":120,"p":120}},{"type":"Feature","geometry":{"type":"Polygon","coordinates":[[[126.69139,37.37317],[126.67967,37.37854],[126.66794,37.37317],[126.66794,37.36244],[126.67967,37.35707],[126.69139,37.36244],[126.69139,37.37317]]]},"properties":{"row":-2,"col":-2,"walk_min":149.8,"nearest_station_id":"kr_428","nearest_station_name":"Oido","nearest_station_name_ko":"오이도","a":120,"c":120,"e":120,"g":120,"i":120,"k":120,"m":120,"o":120,"b":120,"d":120,"f":120,"h":120,"j":120,"l":120,"n":120,"p":120}},{"type":"Feature","geometry":{"type":"Polygon","coordinates":[[[126.961,37.7434],[126.94928,37.74877],[126.93755,37.7434],[126.93755,37.73267],[126.94928,37.7273],[126.961,37.73267],[126.961,37.7434]]]},"properties":{"row":21,"col":-2,"walk_min":146.6,"nearest_station_id":"kr_448","nearest_station_name":"Ganeung","nearest_station_name_ko":"가능","a":120,"c":120,"e":120,"g":120,"i":120,"k":120,"m":120,"o":120,"b":120,"d":120,"f":120,"h":120,"j":120,"l":120,"n":120,"p":120}},{"type":"Feature","geometry":{"type":"Polygon","coordinates":[[[127.19544,37.29269],[127.18372,37.29805],[127.172,37.29269],[127.172,37.28196],[127.18372,37.27659],[127.19544,37.28196],[127.19544,37.29269]]]},"properties":{"row":-7,"col":22,"walk_min":163.7,"nearest_station_id":"kr_233","nearest_station_name":"Suji-gu Office","nearest_station_name_ko":"수지구청","a":120,"c":120,"e":120,"g":120,"i":120,"k":120,"m":120,"o":120,"b":120,"d":120,"f":120,"h":120,"j":120,"l":120,"n":120,"p":120}},{"type":"Feature","geometry":{"type":"Polygon","coordinates":[[[126.73828,37.63072],[126.72656,37.63609],[126.71483,37.63072],[126.71483,37.61999],[126.72656,37.61463],[126.73828,37.61999],[126.73828,37.63072]]]},"properties":{"row":14,"col":-8,"walk_min":139.4,"nearest_station_id":"kr_261","nearest_station_name":"Madu","nearest_station_name_ko":"마두","a":120,"c":120,"e":120,"g":120,"i":120,"k":120,"m":120,"o":120,"b":120,"d":120,"f":120,"h":120,"j":120,"l":120,"n":120,"p":120}},{"type":"Feature","geometry":{"type":"Polygon","coordinates":[[[126.86722,37.7434],[126.8555,37.74877],[126.84378,37.7434],[126.84378,37.73267],[126.8555,37.7273],[126.86722,37.73267],[126.86722,37.7434]]]},"properties":{"row":21,"col":-6,"walk_min":182.6,"nearest_station_id":"kr_145","nearest_station_name":"Wondang","nearest_station_name_ko":"원당","a":120,"c":120,"e":120,"g":120,"i":120,"k":120,"m":120,"o":120,"b":120,"d":120,"f":120,"h":120,"j":120,"l":120,"n":120,"p":120}},{"type":"Feature","geometry":{"type":"Polygon","coordinates":[[[126.94928,37.2122],[126.93755,37.21757],[126.92583,37.2122],[126.92583,37.20147],[126.93755,37.19611],[126.94928,37.20147],[126.94928,37.2122]]]},"properties":{"row":-12,"col":14,"walk_min":149.0,"nearest_station_id":"kr_462","nearest_station_name":"Seryu","nearest_station_name_ko":"세류","a":120,"c":120,"e":120,"g":120,"i":120,"k":120,"m":120,"o":120,"b":120,"d":120,"f":120,"h":120,"j":120,"l":120,"n":120,"p":120}},{"type":"Feature","geometry":{"type":"Polygon","coordinates":[[[126.961,37.19611],[126.94928,37.20147],[126.93755,37.19611],[126.93755,37.18537],[126.94928,37.18001],[126.961,37.18537],[126.961,37.19611]]]},"properties":{"row":-13,"col":15,"walk_min":145.8,"nearest_station_id":"kr_047","nearest_station_name":"Byeongjeom","nearest_station_name_ko":"병점","a":120,"c":120,"e":120,"g":120,"i":120,"k":120,"m":120,"o":120,"b":120,"d":120,"f":120,"h":120,"j":120,"l":120,"n":120,"p":120}},{"type":"Feature","geometry":{"type":"Polygon","coordinates":[[[127.172,37.19611],[127.16028,37.20147],[127.14855,37.19611],[127.14855,37.18537],[127.16028,37.18001],[127.172,37.18537],[127.172,37.19611]]]},"properties":{"row":-13,"col":24,"walk_min":152.3,"nearest_station_id":"kr_416","nearest_station_name":"Osan College","nearest_station_name_ko":"오산대","a":120,"c":120,"e":120,"g":120,"i":120,"k":120,"m":120,"o":120,"b":120,"d":120,"f":120,"h":120,"j":120,"l":120,"n":120,"p":120}},{"type":"Feature","geometry":{"type":"Polygon","coordinates":[[[126.72656,37.7756],[126.71483,37.78096],[126.70311,37.7756],[126.70311,37.76486],[126.71483,37.7595],[126.72656,37.76486],[126.72656,37.7756]]]},"properties":{"row":23,"col":-13,"walk_min":160.6,"nearest_station_id":"kr_424","nearest_station_name":"Daehwa","nearest_station_name_ko":"대화","a":120,"c":120,"e":120,"g":120,"i":120,"k":120,"m":120,"o":120,"b":120,"d":120,"f":120,"h":120,"j":120,"l":120,"n":120,"p":120}},{"type":"Feature","geometry":{"type":"Polygon","coordinates":[[[126.62106,37.37317],[126.60933,37.37854],[126.59761,37.37317],[126.59761,37.36244],[126.60933,37.35707],[126.62106,37.36244],[126.62106,37.37317]]]},"properties":{"row":-2,"col":-5,"walk_min":203.0,"nearest_station_id":"kr_428","nearest_station_name":"Oido","nearest_station_name_ko":"오이도","a":120,"c":120,"e":120,"g":120,"i":120,"k":120,"m":120,"o":120,"b":120,"d":120,"f":120,"h":120,"j":120,"l":120,"n":120,"p":120}},{"type":"Feature","geometry":{"type":"Polygon","coordinates":[[[126.8555,37.2444],[126.84378,37.24976],[126.83206,37.2444],[126.83206,37.23366],[126.84378,37.2283],[126.8555,37.23366],[126.8555,37.2444]]]},"properties":{"row":-10,"col":9,"walk_min":140.6,"nearest_station_id":"kr_114","nearest_station_name":"Sangnoksu","nearest_station_name_ko":"상록수","a":120,"c":120,"e":120,"g":120,"i":120,"k":120,"m":120,"o":120,"b":120,"d":120,"f":120,"h":120,"j":120,"l":120,"n":120,"p":120}},{"type":"Feature","geometry":{"type":"Polygon","coordinates":[[[127.21889,37.32488],[127.20716,37.33025],[127.19544,37.32488],[127.19544,37.31415],[127.20716,37.30878],[127.21889,37.31415],[127.21889,37.32488]]]},"properties":{"row":-5,"col":22,"walk_min":165.5,"nearest_station_id":"kr_149","nearest_station_name":"경기광주","nearest_station_name_ko":"경기광주","a":120,"c":120,"e":120,"g":120,"i":120,"k":120,"m":120,"o":120,"b":120,"d":120,"f":120,"h":120,"j":120,"l":120,"n":120,"p":120}},{"type":"Feature","geometry":{"type":"Polygon","coordinates":[[[127.172,37.80779],[127.16028,37.81316],[127.14855,37.80779],[127.14855,37.79706],[127.16028,37.79169],[127.172,37.79706],[127.172,37.80779]]]},"properties":{"row":25,"col":5,"walk_min":146.6,"nearest_station_id":"kr_470","nearest_station_name":"Jinjeop","nearest_station_name_ko":"진접","a":120,"c":120,"e":120,"g":120,"i":120,"k":120,"m":120,"o":120,"b":120,"d":120,"f":120,"h":120,"j":120,"l":120,"n":120,"p":120}},{"type":"Feature","geometry":{"type":"Polygon","coordinates":[[[127.18372,37.82389],[127.172,37.82925],[127.16028,37.82389],[127.16028,37.81316],[127.172,37.80779],[127.18372,37.81316],[127.18372,37.82389]]]},"properties":{"row":26,"col":5,"walk_min":158.6,"nearest_station_id":"kr_470","nearest_station_name":"Jinjeop","nearest_station_name_ko":"진접","a":120,"c":120,"e":120,"g":120,"i":120,"k":120,"m":120,"o":120,"b":120,"d":120,"f":120,"h":120,"j":120,"l":120,"n":120,"p":120}},{"type":"Feature","geometry":{"type":"Polygon","coordinates":[[[126.89067,37.7434],[126.87894,37.74877],[126.86722,37.7434],[126.86722,37.73267],[126.87894,37.7273],[126.89067,37.73267],[126.89067,37.7434]]]},"properties":{"row":21,"col":-5,"walk_min":158.1,"nearest_station_id":"kr_115","nearest_station_name":"Samsong","nearest_station_name_ko":"삼송","a":120,"c":120,"e":120,"g":120,"i":120,"k":120,"m":120,"o":120,"b":120,"d":120,"f":120,"h":120,"j":120,"l":120,"n":120,"p":120}},{"type":"Feature","geometry":{"type":"Polygon","coordinates":[[[126.89067,37.2283],[126.87894,37.23366],[126.86722,37.2283],[126.86722,37.21757],[126.87894,37.2122],[126.89067,37.21757],[126.89067,37.2283]]]},"properties":{"row":-11,"col":11,"walk_min":144.6,"nearest_station_id":"kr_114","nearest_station_name":"Sangnoksu","nearest_station_name_ko":"상록수","a":120,"c":120,"e":120,"g":120,"i":120,"k":120,"m":120,"o":120,"b":120,"d":120,"f":120,"h":120,"j":120,"l":120,"n":120,"p":120}},{"type":"Feature","geometry":{"type":"Polygon","coordinates":[[[126.91411,37.2283],[126.90239,37.23366],[126.89067,37.2283],[126.89067,37.21757],[126.90239,37.2122],[126.91411,37.21757],[126.91411,37.2283]]]},"properties":{"row":-11,"col":12,"walk_min":150.0,"nearest_station_id":"kr_114","nearest_station_name":"Sangnoksu","nearest_station_name_ko":"상록수","a":120,"c":120,"e":120,"g":120,"i":120,"k":120,"m":120,"o":120,"b":120,"d":120,"f":120,"h":120,"j":120,"l":120,"n":120,"p":120}},{"type":"Feature","geometry":{"type":"Polygon","coordinates":[[[127.25405,37.63072],[127.24233,37.63609],[127.23061,37.63072],[127.23061,37.61999],[127.24233,37.61463],[127.25405,37.61999],[127.25405,37.63072]]]},"properties":{"row":14,"col":14,"walk_min":139.1,"nearest_station_id":"kr_352","nearest_station_name":"Dasan","nearest_station_name_ko":"다산","a":120,"c":120,"e":120,"g":120,"i":120,"k":120,"m":120,"o":120,"b":120,"d":120,"f":120,"h":120,"j":120,"l":120,"n":120,"p":120}},{"type":"Feature","geometry":{"type":"Polygon","coordinates":[[[127.26577,37.64682],[127.25405,37.65219],[127.24233,37.64682],[127.24233,37.63609],[127.25405,37.63072],[127.26577,37.63609],[127.26577,37.64682]]]},"properties":{"row":15,"col":14,"walk_min":150.6,"nearest_station_id":"kr_361","nearest_station_name":"Onam","nearest_station_name_ko":"오남","a":120,"c":120,"e":120,"g":120,"i":120,"k":120,"m":120,"o":120,"b":120,"d":120,"f":120,"h":120,"j":120,"l":120,"n":120,"p":120}},{"type":"Feature","geometry":{"type":"Polygon","coordinates":[[[127.24233,37.80779],[127.23061,37.81316],[127.21889,37.80779],[127.21889,37.79706],[127.23061,37.79169],[127.24233,37.79706],[127.24233,37.80779]]]},"properties":{"row":25,"col":8,"walk_min":161.1,"nearest_station_id":"kr_470","nearest_station_name":"Jinjeop","nearest_station_name_ko":"진접","a":120,"c":120,"e":120,"g":120,"i":120,"k":120,"m":120,"o":120,"b":120,"d":120,"f":120,"h":120,"j":120,"l":120,"n":120,"p":120}},{"type":"Feature","geometry":{"type":"Polygon","coordinates":[[[126.60933,37.38927],[126.59761,37.39463],[126.58589,37.38927],[126.58589,37.37854],[126.59761,37.37317],[126.60933,37.37854],[126.60933,37.38927]]]},"properties":{"row":-1,"col":-6,"walk_min":129.5,"nearest_station_id":"kr_457","nearest_station_name":"Dowon","nearest_station_name_ko":"도원","a":120,"c":120,"e":120,"g":120,"i":120,"k":120,"m":120,"o":120,"b":120,"d":120,"f":120,"h":120,"j":120,"l":120,"n":120,"p":120}},{"type":"Feature","geometry":{"type":"Polygon","coordinates":[[[126.86722,37.2283],[126.8555,37.23366],[126.84378,37.2283],[126.84378,37.21757],[126.8555,37.2122],[126.86722,37.21757],[126.86722,37.2283]]]},"properties":{"row":-11,"col":10,"walk_min":152.1,"nearest_station_id":"kr_114","nearest_station_name":"Sangnoksu","nearest_station_name_ko":"상록수","a":120,"c":120,"e":120,"g":120,"i":120,"k":120,"m":120,"o":120,"b":120,"d":120,"f":120,"h":120,"j":120,"l":120,"n":120,"p":120}},{"type":"Feature","geometry":{"type":"Polygon","coordinates":[[[126.961,37.83998],[126.94928,37.84535],[126.93755,37.83998],[126.93755,37.82925],[126.94928,37.82389],[126.961,37.82925],[126.961,37.83998]]]},"properties":{"row":27,"col":-5,"walk_min":159.4,"nearest_station_id":"kr_447","nearest_station_name":"Deokgye","nearest_station_name_ko":"덕계","a":120,"c":120,"e":120,"g":120,"i":120,"k":120,"m":120,"o":120,"b":120,"d":120,"f":120,"h":120,"j":120,"l":120,"n":120,"p":120}},{"type":"Feature","geometry":{"type":"Polygon","coordinates":[[[127.13683,37.85608],[127.12511,37.86145],[127.11339,37.85608],[127.11339,37.84535],[127.12511,37.83998],[127.13683,37.84535],[127.13683,37.85608]]]},"properties":{"row":28,"col":2,"walk_min":130.9,"nearest_station_id":"kr_119","nearest_station_name":"Deokjeong (Seojeong College)","nearest_station_name_ko":"덕정(서정대학)","a":120,"c":120,"e":120,"g":120,"i":120,"k":120,"m":120,"o":120,"b":120,"d":120,"f":120,"h":120,"j":120,"l":120,"n":120,"p":120}},{"type":"Feature","geometry":{"type":"Polygon","coordinates":[[[126.80861,37.2444],[126.79689,37.24976],[126.78517,37.2444],[126.78517,37.23366],[126.79689,37.2283],[126.80861,37.23366],[126.80861,37.2444]]]},"properties":{"row":-10,"col":7,"walk_min":150.8,"nearest_station_id":"kr_426","nearest_station_name":"Gojan","nearest_station_name_ko":"고잔","a":120,"c":120,"e":120,"g":120,"i":120,"k":120,"m":120,"o":120,"b":120,"d":120,"f":120,"h":120,"j":120,"l":120,"n":120,"p":120}},{"type":"Feature","geometry":{"type":"Polygon","coordinates":[[[126.83206,37.2444],[126.82033,37.24976],[126.80861,37.2444],[126.80861,37.23366],[126.82033,37.2283],[126.83206,37.23366],[126.83206,37.2444]]]},"properties":{"row":-10,"col":8,"walk_min":148.0,"nearest_station_id":"kr_114","nearest_station_name":"Sangnoksu","nearest_station_name_ko":"상록수","a":120,"c":120,"e":120,"g":120,"i":120,"k":120,"m":120,"o":120,"b":120,"d":120,"f":120,"h":120,"j":120,"l":120,"n":120,"p":120}},{"type":"Feature","geometry":{"type":"Polygon","coordinates":[[[127.11339,37.85608],[127.10166,37.86145],[127.08994,37.85608],[127.08994,37.84535],[127.10166,37.83998],[127.11339,37.84535],[127.11339,37.85608]]]},"properties":{"row":28,"col":1,"walk_min":131.5,"nearest_station_id":"kr_119","nearest_station_name":"Deokjeong (Seojeong College)","nearest_station_name_ko":"덕정(서정대학)","a":120,"c":120,"e":120,"g":120,"i":120,"k":120,"m":120,"o":120,"b":120,"d":120,"f":120,"h":120,"j":120,"l":120,"n":120,"p":120}},{"type":"Feature","geometry":{"type":"Polygon","coordinates":[[[127.18372,37.2122],[127.172,37.21757],[127.16028,37.2122],[127.16028,37.20147],[127.172,37.19611],[127.18372,37.20147],[127.18372,37.2122]]]},"properties":{"row":-12,"col":24,"walk_min":172.9,"nearest_station_id":"kr_416","nearest_station_name":"Osan College","nearest_station_name_ko":"오산대","a":120,"c":120,"e":120,"g":120,"i":120,"k":120,"m":120,"o":120,"b":120,"d":120,"f":120,"h":120,"j":120,"l":120,"n":120,"p":120}},{"type":"Feature","geometry":{"type":"Polygon","coordinates":[[[126.66794,37.59853],[126.65622,37.60389],[126.6445,37.59853],[126.6445,37.5878],[126.65622,37.58243],[126.66794,37.5878],[126.66794,37.59853]]]},"properties":{"row":12,"col":-10,"walk_min":151.8,"nearest_station_id":"kr_258","nearest_station_name":"Sangok","nearest_station_name_ko":"산곡","a":120,"c":120,"e":120,"g":120,"i":120,"k":120,"m":120,"o":120,"b":120,"d":120,"f":120,"h":120,"j":120,"l":120,"n":120,"p":120}},{"type":"Feature","geometry":{"type":"Polygon","coordinates":[[[126.83206,37.7595],[126.82033,37.76486],[126.80861,37.7595],[126.80861,37.74877],[126.82033,37.7434],[126.83206,37.74877],[126.83206,37.7595]]]},"properties":{"row":22,"col":-8,"walk_min":196.1,"nearest_station_id":"kr_350","nearest_station_name":"Juyeop","nearest_station_name_ko":"주엽","a":120,"c":120,"e":120,"g":120,"i":120,"k":120,"m":120,"o":120,"b":120,"d":120,"f":120,"h":120,"j":120,"l":120,"n":120,"p":120}},{"type":"Feature","geometry":{"type":"Polygon","coordinates":[[[127.172,37.26049],[127.16028,37.26586],[127.14855,37.26049],[127.14855,37.24976],[127.16028,37.2444],[127.172,37.24976],[127.172,37.26049]]]},"properties":{"row":-9,"col":22,"walk_min":146.3,"nearest_station_id":"kr_307","nearest_station_name":"Sanghyeon","nearest_station_name_ko":"상현","a":120,"c":120,"e":120,"g":120,"i":120,"k":120,"m":120,"o":120,"b":120,"d":120,"f":120,"h":120,"j":120,"l":120,"n":120,"p":120}},{"type":"Feature","geometry":{"type":"Polygon","coordinates":[[[126.71483,37.63072],[126.70311,37.63609],[126.69139,37.63072],[126.69139,37.61999],[126.70311,37.61463],[126.71483,37.61999],[126.71483,37.63072]]]},"properties":{"row":14,"col":-9,"walk_min":158.1,"nearest_station_id":"kr_424","nearest_station_name":"Daehwa","nearest_station_name_ko":"대화","a":120,"c":120,"e":120,"g":120,"i":120,"k":120,"m":120,"o":120,"b":120,"d":120,"f":120,"h":120,"j":120,"l":120,"n":120,"p":120}},{"type":"Feature","geometry":{"type":"Polygon","coordinates":[[[127.172,37.83998],[127.16028,37.84535],[127.14855,37.83998],[127.14855,37.82925],[127.16028,37.82389],[127.172,37.82925],[127.172,37.83998]]]},"properties":{"row":27,"col":4,"walk_min":155.5,"nearest_station_id":"kr_119","nearest_station_name":"Deokjeong (Seojeong College)","nearest_station_name_ko":"덕정(서정대학)","a":120,"c":120,"e":120,"g":120,"i":120,"k":120,"m":120,"o":120,"b":120,"d":120,"f":120,"h":120,"j":120,"l":120,"n":120,"p":120}},{"type":"Feature","geometry":{"type":"Polygon","coordinates":[[[127.23061,37.34098],[127.21889,37.34634],[127.20716,37.34098],[127.20716,37.33025],[127.21889,37.32488],[127.23061,37.33025],[127.23061,37.34098]]]},"properties":{"row":-4,"col":22,"walk_min":164.0,"nearest_station_id":"kr_149","nearest_station_name":"경기광주","nearest_station_name_ko":"경기광주","a":120,"c":120,"e":120,"g":120,"i":120,"k":120,"m":120,"o":120,"b":120,"d":120,"f":120,"h":120,"j":120,"l":120,"n":120,"p":120}},{"type":"Feature","geometry":{"type":"Polygon","coordinates":[[[126.79689,37.7756],[126.78517,37.78096],[126.77344,37.7756],[126.77344,37.76486],[126.78517,37.7595],[126.79689,37.76486],[126.79689,37.7756]]]},"properties":{"row":23,"col":-10,"walk_min":169.0,"nearest_station_id":"kr_424","nearest_station_name":"Daehwa","nearest_station_name_ko":"대화","a":120,"c":120,"e":120,"g":120,"i":120,"k":120,"m":120,"o":120,"b":120,"d":120,"f":120,"h":120,"j":120,"l":120,"n":120,"p":120}},{"type":"Feature","geometry":{"type":"Polygon","coordinates":[[[126.82033,37.7756],[126.80861,37.78096],[126.79689,37.7756],[126.79689,37.76486],[126.80861,37.7595],[126.82033,37.76486],[126.82033,37.7756]]]},"properties":{"row":23,"col":-9,"walk_min":199.7,"nearest_station_id":"kr_424","nearest_station_name":"Daehwa","nearest_station_name_ko":"대화","a":120,"c":120,"e":120,"g":120,"i":120,"k":120,"m":120,"o":120,"b":120,"d":120,"f":120,"h":120,"j":120,"l":120,"n":120,"p":120}},{"type":"Feature","geometry":{"type":"Polygon","coordinates":[[[126.63278,37.58243],[126.62106,37.5878],[126.60933,37.58243],[126.60933,37.5717],[126.62106,37.56634],[126.63278,37.5717],[126.63278,37.58243]]]},"properties":{"row":11,"col":-11,"walk_min":176.7,"nearest_station_id":"kr_258","nearest_station_name":"Sangok","nearest_station_name_ko":"산곡","a":120,"c":120,"e":120,"g":120,"i":120,"k":120,"m":120,"o":120,"b":120,"d":120,"f":120,"h":120,"j":120,"l":120,"n":120,"p":120}},{"type":"Feature","geometry":{"type":"Polygon","coordinates":[[[126.93755,37.80779],[126.92583,37.81316],[126.91411,37.80779],[126.91411,37.79706],[126.92583,37.79169],[126.93755,37.79706],[126.93755,37.80779]]]},"properties":{"row":25,"col":-5,"walk_min":163.1,"nearest_station_id":"kr_092","nearest_station_name":"Yangju","nearest_station_name_ko":"양주","a":120,"c":120,"e":120,"g":120,"i":120,"k":120,"m":120,"o":120,"b":120,"d":120,"f":120,"h":120,"j":120,"l":120,"n":120,"p":120}},{"type":"Feature","geometry":{"type":"Polygon","coordinates":[[[126.8555,37.7595],[126.84378,37.76486],[126.83206,37.7595],[126.83206,37.74877],[126.84378,37.7434],[126.8555,37.74877],[126.8555,37.7595]]]},"properties":{"row":22,"col":-7,"walk_min":205.9,"nearest_station_id":"kr_145","nearest_station_name":"Wondang","nearest_station_name_ko":"원당","a":120,"c":120,"e":120,"g":120,"i":120,"k":120,"m":120,"o":120,"b":120,"d":120,"f":120,"h":120,"j":120,"l":120,"n":120,"p":120}},{"type":"Feature","geometry":{"type":"Polygon","coordinates":[[[126.70311,37.7756],[126.69139,37.78096],[126.67967,37.7756],[126.67967,37.76486],[126.69139,37.7595],[126.70311,37.76486],[126.70311,37.7756]]]},"properties":{"row":23,"col":-14,"walk_min":182.5,"nearest_station_id":"kr_424","nearest_station_name":"Daehwa","nearest_station_name_ko":"대화","a":120,"c":120,"e":120,"g":120,"i":120,"k":120,"m":120,"o":120,"b":120,"d":120,"f":120,"h":120,"j":120,"l":120,"n":120,"p":120}},{"type":"Feature","geometry":{"type":"Polygon","coordinates":[[[127.20716,37.82389],[127.19544,37.82925],[127.18372,37.82389],[127.18372,37.81316],[127.19544,37.80779],[127.20716,37.81316],[127.20716,37.82389]]]},"properties":{"row":26,"col":6,"walk_min":170.4,"nearest_station_id":"kr_470","nearest_station_name":"Jinjeop","nearest_station_name_ko":"진접","a":120,"c":120,"e":120,"g":120,"i":120,"k":120,"m":120,"o":120,"b":120,"d":120,"f":120,"h":120,"j":120,"l":120,"n":120,"p":120}},{"type":"Feature","geometry":{"type":"Polygon","coordinates":[[[127.23061,37.82389],[127.21889,37.82925],[127.20716,37.82389],[127.20716,37.81316],[127.21889,37.80779],[127.23061,37.81316],[127.23061,37.82389]]]},"properties":{"row":26,"col":7,"walk_min":168.0,"nearest_station_id":"kr_470","nearest_station_name":"Jinjeop","nearest_station_name_ko":"진접","a":120,"c":120,"e":120,"g":120,"i":120,"k":120,"m":120,"o":120,"b":120,"d":120,"f":120,"h":120,"j":120,"l":120,"n":120,"p":120}},{"type":"Feature","geometry":{"type":"Polygon","coordinates":[[[126.93755,37.7756],[126.92583,37.78096],[126.91411,37.7756],[126.91411,37.76486],[126.92583,37.7595],[126.93755,37.76486],[126.93755,37.7756]]]},"properties":{"row":23,"col":-4,"walk_min":163.0,"nearest_station_id":"kr_421","nearest_station_name":"Nogyang","nearest_station_name_ko":"녹양","a":120,"c":120,"e":120,"g":120,"i":120,"k":120,"m":120,"o":120,"b":120,"d":120,"f":120,"h":120,"j":120,"l":120,"n":120,"p":120}},{"type":"Feature","geometry":{"type":"Polygon","coordinates":[[[126.67967,37.61463],[126.66794,37.61999],[126.65622,37.61463],[126.65622,37.60389],[126.66794,37.59853],[126.67967,37.60389],[126.67967,37.61463]]]},"properties":{"row":13,"col":-10,"walk_min":166.5,"nearest_station_id":"kr_424","nearest_station_name":"Daehwa","nearest_station_name_ko":"대화","a":120,"c":120,"e":120,"g":120,"i":120,"k":120,"m":120,"o":120,"b":120,"d":120,"f":120,"h":120,"j":120,"l":120,"n":120,"p":120}},{"type":"Feature","geometry":{"type":"Polygon","coordinates":[[[126.70311,37.61463],[126.69139,37.61999],[126.67967,37.61463],[126.67967,37.60389],[126.69139,37.59853],[126.70311,37.60389],[126.70311,37.61463]]]},"properties":{"row":13,"col":-9,"walk_min":155.4,"nearest_station_id":"kr_261","nearest_station_name":"Madu","nearest_station_name_ko":"마두","a":120,"c":120,"e":120,"g":120,"i":120,"k":120,"m":120,"o":120,"b":120,"d":120,"f":120,"h":120,"j":120,"l":120,"n":120,"p":120}},{"type":"Feature","geometry":{"type":"Polygon","coordinates":[[[126.92583,37.7595],[126.91411,37.76486],[126.90239,37.7595],[126.90239,37.74877],[126.91411,37.7434],[126.92583,37.74877],[126.92583,37.7595]]]},"properties":{"row":22,"col":-4,"walk_min":169.6,"nearest_station_id":"kr_115","nearest_station_name":"Samsong","nearest_station_name_ko":"삼송","a":120,"c":120,"e":120,"g":120,"i":120,"k":120,"m":120,"o":120,"b":120,"d":120,"f":120,"h":120,"j":120,"l":120,"n":120,"p":120}},{"type":"Feature","geometry":{"type":"Polygon","coordinates":[[[126.65622,37.35707],[126.6445,37.36244],[126.63278,37.35707],[126.63278,37.34634],[126.6445,37.34098],[126.65622,37.34634],[126.65622,37.35707]]]},"properties":{"row":-3,"col":-3,"walk_min":185.6,"nearest_station_id":"kr_428","nearest_station_name":"Oido","nearest_station_name_ko":"오이도","a":120,"c":120,"e":120,"g":120,"i":120,"k":120,"m":120,"o":120,"b":120,"d":120,"f":120,"h":120,"j":120,"l":120,"n":120,"p":120}},{"type":"Feature","geometry":{"type":"Polygon","coordinates":[[[126.93755,37.83998],[126.92583,37.84535],[126.91411,37.83998],[126.91411,37.82925],[126.92583,37.82389],[126.93755,37.82925],[126.93755,37.83998]]]},"properties":{"row":27,"col":-6,"walk_min":207.1,"nearest_station_id":"kr_447","nearest_station_name":"Deokgye","nearest_station_name_ko":"덕계","a":120,"c":120,"e":120,"g":120,"i":120,"k":120,"m":120,"o":120,"b":120,"d":120,"f":120,"h":120,"j":120,"l":120,"n":120,"p":120}},{"type":"Feature","geometry":{"type":"Polygon","coordinates":[[[126.84378,37.2283],[126.83206,37.23366],[126.82033,37.2283],[126.82033,37.21757],[126.83206,37.2122],[126.84378,37.21757],[126.84378,37.2283]]]},"properties":{"row":-11,"col":9,"walk_min":172.9,"nearest_station_id":"kr_114","nearest_station_name":"Sangnoksu","nearest_station_name_ko":"상록수","a":120,"c":120,"e":120,"g":120,"i":120,"k":120,"m":120,"o":120,"b":120,"d":120,"f":120,"h":120,"j":120,"l":120,"n":120,"p":120}},{"type":"Feature","geometry":{"type":"Polygon","coordinates":[[[126.87894,37.7595],[126.86722,37.76486],[126.8555,37.7595],[126.8555,37.74877],[126.86722,37.7434],[126.87894,37.74877],[126.87894,37.7595]]]},"properties":{"row":22,"col":-6,"walk_min":182.6,"nearest_station_id":"kr_145","nearest_station_name":"Wondang","nearest_station_name_ko":"원당","a":120,"c":120,"e":120,"g":120,"i":120,"k":120,"m":120,"o":120,"b":120,"d":120,"f":120,"h":120,"j":120,"l":120,"n":120,"p":120}},{"type":"Feature","geometry":{"type":"Polygon","coordinates":[[[126.90239,37.7595],[126.89067,37.76486],[126.87894,37.7595],[126.87894,37.74877],[126.89067,37.7434],[126.90239,37.74877],[126.90239,37.7595]]]},"properties":{"row":22,"col":-5,"walk_min":176.4,"nearest_station_id":"kr_115","nearest_station_name":"Samsong","nearest_station_name_ko":"삼송","a":120,"c":120,"e":120,"g":120,"i":120,"k":120,"m":120,"o":120,"b":120,"d":120,"f":120,"h":120,"j":120,"l":120,"n":120,"p":120}},{"type":"Feature","geometry":{"type":"Polygon","coordinates":[[[127.172,37.2283],[127.16028,37.23366],[127.14855,37.2283],[127.14855,37.21757],[127.16028,37.2122],[127.172,37.21757],[127.172,37.2283]]]},"properties":{"row":-11,"col":23,"walk_min":163.1,"nearest_station_id":"kr_466","nearest_station_name":"Seodongtan","nearest_station_name_ko":"서동탄","a":120,"c":120,"e":120,"g":120,"i":120,"k":120,"m":120,"o":120,"b":120,"d":120,"f":120,"h":120,"j":120,"l":120,"n":120,"p":120}},{"type":"Feature","geometry":{"type":"Polygon","coordinates":[[[127.19544,37.26049],[127.18372,37.26586],[127.172,37.26049],[127.172,37.24976],[127.18372,37.2444],[127.19544,37.24976],[127.19544,37.26049]]]},"properties":{"row":-9,"col":23,"walk_min":165.3,"nearest_station_id":"kr_233","nearest_station_name":"Suji-gu Office","nearest_station_name_ko":"수지구청","a":120,"c":120,"e":120,"g":120,"i":120,"k":120,"m":120,"o":120,"b":120,"d":120,"f":120,"h":120,"j":120,"l":120,"n":120,"p":120}},{"type":"Feature","geometry":{"type":"Polygon","coordinates":[[[126.63278,37.32488],[126.62106,37.33025],[126.60933,37.32488],[126.60933,37.31415],[126.62106,37.30878],[126.63278,37.31415],[126.63278,37.32488]]]},"properties":{"row":-5,"col":-3,"walk_min":158.8,"nearest_station_id":"kr_351","nearest_station_name":"Jeongwang","nearest_station_name_ko":"정왕","a":120,"c":120,"e":120,"g":120,"i":120,"k":120,"m":120,"o":120,"b":120,"d":120,"f":120,"h":120,"j":120,"l":120,"n":120,"p":120}},{"type":"Feature","geometry":{"type":"Polygon","coordinates":[[[126.6445,37.30878],[126.63278,37.31415],[126.62106,37.30878],[126.62106,37.29805],[126.63278,37.29269],[126.6445,37.29805],[126.6445,37.30878]]]},"properties":{"row":-6,"col":-2,"walk_min":355.1,"nearest_station_id":"kr_351","nearest_station_name":"Jeongwang","nearest_station_name_ko":"정왕","a":120,"c":120,"e":120,"g":120,"i":120,"k":120,"m":120,"o":120,"b":120,"d":120,"f":120,"h":120,"j":120,"l":120,"n":120,"p":120}},{"type":"Feature","geometry":{"type":"Polygon","coordinates":[[[126.67967,37.35707],[126.66794,37.36244],[126.65622,37.35707],[126.65622,37.34634],[126.66794,37.34098],[126.67967,37.34634],[126.67967,37.35707]]]},"properties":{"row":-3,"col":-2,"walk_min":181.1,"nearest_station_id":"kr_428","nearest_station_name":"Oido","nearest_station_name_ko":"오이도","a":120,"c":120,"e":120,"g":120,"i":120,"k":120,"m":120,"o":120,"b":120,"d":120,"f":120,"h":120,"j":120,"l":120,"n":120,"p":120}},{"type":"Feature","geometry":{"type":"Polygon","coordinates":[[[126.93755,37.19611],[126.92583,37.20147],[126.91411,37.19611],[126.91411,37.18537],[126.92583,37.18001],[126.93755,37.18537],[126.93755,37.19611]]]},"properties":{"row":-13,"col":14,"walk_min":173.8,"nearest_station_id":"kr_047","nearest_station_name":"Byeongjeom","nearest_station_name_ko":"병점","a":120,"c":120,"e":120,"g":120,"i":120,"k":120,"m":120,"o":120,"b":120,"d":120,"f":120,"h":120,"j":120,"l":120,"n":120,"p":120}},{"type":"Feature","geometry":{"type":"Polygon","coordinates":[[[126.94928,37.18001],[126.93755,37.18537],[126.92583,37.18001],[126.92583,37.16928],[126.93755,37.16391],[126.94928,37.16928],[126.94928,37.18001]]]},"properties":{"row":-14,"col":15,"walk_min":159.8,"nearest_station_id":"kr_047","nearest_station_name":"Byeongjeom","nearest_station_name_ko":"병점","a":120,"c":120,"e":120,"g":120,"i":120,"k":120,"m":120,"o":120,"b":120,"d":120,"f":120,"h":120,"j":120,"l":120,"n":120,"p":120}},{"type":"Feature","geometry":{"type":"Polygon","coordinates":[[[126.73828,37.79169],[126.72656,37.79706],[126.71483,37.79169],[126.71483,37.78096],[126.72656,37.7756],[126.73828,37.78096],[126.73828,37.79169]]]},"properties":{"row":24,"col":-13,"walk_min":177.5,"nearest_station_id":"kr_424","nearest_station_name":"Daehwa","nearest_station_name_ko":"대화","a":120,"c":120,"e":120,"g":120,"i":120,"k":120,"m":120,"o":120,"b":120,"d":120,"f":120,"h":120,"j":120,"l":120,"n":120,"p":120}},{"type":"Feature","geometry":{"type":"Polygon","coordinates":[[[126.6445,37.59853],[126.63278,37.60389],[126.62106,37.59853],[126.62106,37.5878],[126.63278,37.58243],[126.6445,37.5878],[126.6445,37.59853]]]},"properties":{"row":12,"col":-11,"walk_min":176.3,"nearest_station_id":"kr_258","nearest_station_name":"Sangok","nearest_station_name_ko":"산곡","a":120,"c":120,"e":120,"g":120,"i":120,"k":120,"m":120,"o":120,"b":120,"d":120,"f":120,"h":120,"j":120,"l":120,"n":120,"p":120}},{"type":"Feature","geometry":{"type":"Polygon","coordinates":[[[127.19544,37.80779],[127.18372,37.81316],[127.172,37.80779],[127.172,37.79706],[127.18372,37.79169],[127.19544,37.79706],[127.19544,37.80779]]]},"properties":{"row":25,"col":6,"walk_min":174.4,"nearest_station_id":"kr_470","nearest_station_name":"Jinjeop","nearest_station_name_ko":"진접","a":120,"c":120,"e":120,"g":120,"i":120,"k":120,"m":120,"o":120,"b":120,"d":120,"f":120,"h":120,"j":120,"l":120,"n":120,"p":120}},{"type":"Feature","geometry":{"type":"Polygon","coordinates":[[[127.28922,37.64682],[127.2775,37.65219],[127.26577,37.64682],[127.26577,37.63609],[127.2775,37.63072],[127.28922,37.63609],[127.28922,37.64682]]]},"properties":{"row":15,"col":15,"walk_min":162.5,"nearest_station_id":"kr_361","nearest_station_name":"Onam","nearest_station_name_ko":"오남","a":120,"c":120,"e":120,"g":120,"i":120,"k":120,"m":120,"o":120,"b":120,"d":120,"f":120,"h":120,"j":120,"l":120,"n":120,"p":120}},{"type":"Feature","geometry":{"type":"Polygon","coordinates":[[[126.69139,37.63072],[126.67967,37.63609],[126.66794,37.63072],[126.66794,37.61999],[126.67967,37.61463],[126.69139,37.61999],[126.69139,37.63072]]]},"properties":{"row":14,"col":-10,"walk_min":181.9,"nearest_station_id":"kr_424","nearest_station_name":"Daehwa","nearest_station_name_ko":"대화","a":120,"c":120,"e":120,"g":120,"i":120,"k":120,"m":120,"o":120,"b":120,"d":120,"f":120,"h":120,"j":120,"l":120,"n":120,"p":120}},{"type":"Feature","geometry":{"type":"Polygon","coordinates":[[[126.76172,37.79169],[126.75,37.79706],[126.73828,37.79169],[126.73828,37.78096],[126.75,37.7756],[126.76172,37.78096],[126.76172,37.79169]]]},"properties":{"row":24,"col":-12,"walk_min":183.8,"nearest_station_id":"kr_424","nearest_station_name":"Daehwa","nearest_station_name_ko":"대화","a":120,"c":120,"e":120,"g":120,"i":120,"k":120,"m":120,"o":120,"b":120,"d":120,"f":120,"h":120,"j":120,"l":120,"n":120,"p":120}},{"type":"Feature","geometry":{"type":"Polygon","coordinates":[[[126.78517,37.79169],[126.77344,37.79706],[126.76172,37.79169],[126.76172,37.78096],[126.77344,37.7756],[126.78517,37.78096],[126.78517,37.79169]]]},"properties":{"row":24,"col":-11,"walk_min":179.5,"nearest_station_id":"kr_424","nearest_station_name":"Daehwa","nearest_station_name_ko":"대화","a":120,"c":120,"e":120,"g":120,"i":120,"k":120,"m":120,"o":120,"b":120,"d":120,"f":120,"h":120,"j":120,"l":120,"n":120,"p":120}},{"type":"Feature","geometry":{"type":"Polygon","coordinates":[[[127.25405,37.82389],[127.24233,37.82925],[127.23061,37.82389],[127.23061,37.81316],[127.24233,37.80779],[127.25405,37.81316],[127.25405,37.82389]]]},"properties":{"row":26,"col":8,"walk_min":209.1,"nearest_station_id":"kr_470","nearest_station_name":"Jinjeop","nearest_station_name_ko":"진접","a":120,"c":120,"e":120,"g":120,"i":120,"k":120,"m":120,"o":120,"b":120,"d":120,"f":120,"h":120,"j":120,"l":120,"n":120,"p":120}},{"type":"Feature","geometry":{"type":"Polygon","coordinates":[[[127.20716,37.27659],[127.19544,37.28196],[127.18372,37.27659],[127.18372,37.26586],[127.19544,37.26049],[127.20716,37.26586],[127.20716,37.27659]]]},"properties":{"row":-8,"col":23,"walk_min":167.0,"nearest_station_id":"kr_233","nearest_station_name":"Suji-gu Office","nearest_station_name_ko":"수지구청","a":120,"c":120,"e":120,"g":120,"i":120,"k":120,"m":120,"o":120,"b":120,"d":120,"f":120,"h":120,"j":120,"l":120,"n":120,"p":120}},{"type":"Feature","geometry":{"type":"Polygon","coordinates":[[[127.21889,37.29269],[127.20716,37.29805],[127.19544,37.29269],[127.19544,37.28196],[127.20716,37.27659],[127.21889,37.28196],[127.21889,37.29269]]]},"properties":{"row":-7,"col":23,"walk_min":185.5,"nearest_station_id":"kr_233","nearest_station_name":"Suji-gu Office","nearest_station_name_ko":"수지구청","a":120,"c":120,"e":120,"g":120,"i":120,"k":120,"m":120,"o":120,"b":120,"d":120,"f":120,"h":120,"j":120,"l":120,"n":120,"p":120}},{"type":"Feature","geometry":{"type":"Polygon","coordinates":[[[126.65622,37.61463],[126.6445,37.61999],[126.63278,37.61463],[126.63278,37.60389],[126.6445,37.59853],[126.65622,37.60389],[126.65622,37.61463]]]},"properties":{"row":13,"col":-11,"walk_min":179.2,"nearest_station_id":"kr_258","nearest_station_name":"Sangok","nearest_station_name_ko":"산곡","a":120,"c":120,"e":120,"g":120,"i":120,"k":120,"m":120,"o":120,"b":120,"d":120,"f":120,"h":120,"j":120,"l":120,"n":120,"p":120}},{"type":"Feature","geometry":{"type":"Polygon","coordinates":[[[127.20716,37.30878],[127.19544,37.31415],[127.18372,37.30878],[127.18372,37.29805],[127.19544,37.29269],[127.20716,37.29805],[127.20716,37.30878]]]},"properties":{"row":-6,"col":22,"walk_min":172.4,"nearest_station_id":"kr_202","nearest_station_name":"Dongcheon","nearest_station_name_ko":"동천","a":120,"c":120,"e":120,"g":120,"i":120,"k":120,"m":120,"o":120,"b":120,"d":120,"f":120,"h":120,"j":120,"l":120,"n":120,"p":120}},{"type":"Feature","geometry":{"type":"Polygon","coordinates":[[[126.63278,37.35707],[126.62106,37.36244],[126.60933,37.35707],[126.60933,37.34634],[126.62106,37.34098],[126.63278,37.34634],[126.63278,37.35707]]]},"properties":{"row":-3,"col":-4,"walk_min":217.0,"nearest_station_id":"kr_428","nearest_station_name":"Oido","nearest_station_name_ko":"오이도","a":120,"c":120,"e":120,"g":120,"i":120,"k":120,"m":120,"o":120,"b":120,"d":120,"f":120,"h":120,"j":120,"l":120,"n":120,"p":120}},{"type":"Feature","geometry":{"type":"Polygon","coordinates":[[[126.87894,37.2122],[126.86722,37.21757],[126.8555,37.2122],[126.8555,37.20147],[126.86722,37.19611],[126.87894,37.20147],[126.87894,37.2122]]]},"properties":{"row":-12,"col":11,"walk_min":170.1,"nearest_station_id":"kr_114","nearest_station_name":"Sangnoksu","nearest_station_name_ko":"상록수","a":120,"c":120,"e":120,"g":120,"i":120,"k":120,"m":120,"o":120,"b":120,"d":120,"f":120,"h":120,"j":120,"l":120,"n":120,"p":120}},{"type":"Feature","geometry":{"type":"Polygon","coordinates":[[[127.19544,37.19611],[127.18372,37.20147],[127.172,37.19611],[127.172,37.18537],[127.18372,37.18001],[127.19544,37.18537],[127.19544,37.19611]]]},"properties":{"row":-13,"col":25,"walk_min":193.0,"nearest_station_id":"kr_416","nearest_station_name":"Osan College","nearest_station_name_ko":"오산대","a":120,"c":120,"e":120,"g":120,"i":120,"k":120,"m":120,"o":120,"b":120,"d":120,"f":120,"h":120,"j":120,"l":120,"n":120,"p":120}},{"type":"Feature","geometry":{"type":"Polygon","coordinates":[[[127.18372,37.2444],[127.172,37.24976],[127.16028,37.2444],[127.16028,37.23366],[127.172,37.2283],[127.18372,37.23366],[127.18372,37.2444]]]},"properties":{"row":-10,"col":23,"walk_min":174.8,"nearest_station_id":"kr_307","nearest_station_name":"Sanghyeon","nearest_station_name_ko":"상현","a":120,"c":120,"e":120,"g":120,"i":120,"k":120,"m":120,"o":120,"b":120,"d":120,"f":120,"h":120,"j":120,"l":120,"n":120,"p":120}},{"type":"Feature","geometry":{"type":"Polygon","coordinates":[[[126.71483,37.79169],[126.70311,37.79706],[126.69139,37.79169],[126.69139,37.78096],[126.70311,37.7756],[126.71483,37.78096],[126.71483,37.79169]]]},"properties":{"row":24,"col":-14,"walk_min":189.4,"nearest_station_id":"kr_424","nearest_station_name":"Daehwa","nearest_station_name_ko":"대화","a":120,"c":120,"e":120,"g":120,"i":120,"k":120,"m":120,"o":120,"b":120,"d":120,"f":120,"h":120,"j":120,"l":120,"n":120,"p":120}},{"type":"Feature","geometry":{"type":"Polygon","coordinates":[[[127.21889,37.26049],[127.20716,37.26586],[127.19544,37.26049],[127.19544,37.24976],[127.20716,37.2444],[127.21889,37.24976],[127.21889,37.26049]]]},"properties":{"row":-9,"col":24,"walk_min":187.3,"nearest_station_id":"kr_233","nearest_station_name":"Suji-gu Office","nearest_station_name_ko":"수지구청","a":120,"c":120,"e":120,"g":120,"i":120,"k":120,"m":120,"o":120,"b":120,"d":120,"f":120,"h":120,"j":120,"l":120,"n":120,"p":120}},{"type":"Feature","geometry":{"type":"Polygon","coordinates":[[[126.91411,37.80779],[126.90239,37.81316],[126.89067,37.80779],[126.89067,37.79706],[126.90239,37.79169],[126.91411,37.79706],[126.91411,37.80779]]]},"properties":{"row":25,"col":-6,"walk_min":196.3,"nearest_station_id":"kr_092","nearest_station_name":"Yangju","nearest_station_name_ko":"양주","a":120,"c":120,"e":120,"g":120,"i":120,"k":120,"m":120,"o":120,"b":120,"d":120,"f":120,"h":120,"j":120,"l":120,"n":120,"p":120}},{"type":"Feature","geometry":{"type":"Polygon","coordinates":[[[126.92583,37.82389],[126.91411,37.82925],[126.90239,37.82389],[126.90239,37.81316],[126.91411,37.80779],[126.92583,37.81316],[126.92583,37.82389]]]},"properties":{"row":26,"col":-6,"walk_min":196.3,"nearest_station_id":"kr_092","nearest_station_name":"Yangju","nearest_station_name_ko":"양주","a":120,"c":120,"e":120,"g":120,"i":120,"k":120,"m":120,"o":120,"b":120,"d":120,"f":120,"h":120,"j":120,"l":120,"n":120,"p":120}},{"type":"Feature","geometry":{"type":"Polygon","coordinates":[[[127.25405,37.34098],[127.24233,37.34634],[127.23061,37.34098],[127.23061,37.33025],[127.24233,37.32488],[127.25405,37.33025],[127.25405,37.34098]]]},"properties":{"row":-4,"col":23,"walk_min":188.8,"nearest_station_id":"kr_173","nearest_station_name":"Chowol","nearest_station_name_ko":"초월","a":120,"c":120,"e":120,"g":120,"i":120,"k":120,"m":120,"o":120,"b":120,"d":120,"f":120,"h":120,"j":120,"l":120,"n":120,"p":120}},{"type":"Feature","geometry":{"type":"Polygon","coordinates":[[[126.92583,37.79169],[126.91411,37.79706],[126.90239,37.79169],[126.90239,37.78096],[126.91411,37.7756],[126.92583,37.78096],[126.92583,37.79169]]]},"properties":{"row":24,"col":-5,"walk_min":181.5,"nearest_station_id":"kr_092","nearest_station_name":"Yangju","nearest_station_name_ko":"양주","a":120,"c":120,"e":120,"g":120,"i":120,"k":120,"m":120,"o":120,"b":120,"d":120,"f":120,"h":120,"j":120,"l":120,"n":120,"p":120}},{"type":"Feature","geometry":{"type":"Polygon","coordinates":[[[127.19544,37.83998],[127.18372,37.84535],[127.172,37.83998],[127.172,37.82925],[127.18372,37.82389],[127.19544,37.82925],[127.19544,37.83998]]]},"properties":{"row":27,"col":5,"walk_min":177.6,"nearest_station_id":"kr_119","nearest_station_name":"Deokjeong (Seojeong College)","nearest_station_name_ko":"덕정(서정대학)","a":120,"c":120,"e":120,"g":120,"i":120,"k":120,"m":120,"o":120,"b":120,"d":120,"f":120,"h":120,"j":120,"l":120,"n":120,"p":120}},{"type":"Feature","geometry":{"type":"Polygon","coordinates":[[[127.23061,37.30878],[127.21889,37.31415],[127.20716,37.30878],[127.20716,37.29805],[127.21889,37.29269],[127.23061,37.29805],[127.23061,37.30878]]]},"properties":{"row":-6,"col":23,"walk_min":190.8,"nearest_station_id":"kr_173","nearest_station_name":"Chowol","nearest_station_name_ko":"초월","a":120,"c":120,"e":120,"g":120,"i":120,"k":120,"m":120,"o":120,"b":120,"d":120,"f":120,"h":120,"j":120,"l":120,"n":120,"p":120}},{"type":"Feature","geometry":{"type":"Polygon","coordinates":[[[126.91411,37.7756],[126.90239,37.78096],[126.89067,37.7756],[126.89067,37.76486],[126.90239,37.7595],[126.91411,37.76486],[126.91411,37.7756]]]},"properties":{"row":23,"col":-5,"walk_min":190.7,"nearest_station_id":"kr_421","nearest_station_name":"Nogyang","nearest_station_name_ko":"녹양","a":120,"c":120,"e":120,"g":120,"i":120,"k":120,"m":120,"o":120,"b":120,"d":120,"f":120,"h":120,"j":120,"l":120,"n":120,"p":120}},{"type":"Feature","geometry":{"type":"Polygon","coordinates":[[[126.79689,37.2283],[126.78517,37.23366],[126.77344,37.2283],[126.77344,37.21757],[126.78517,37.2122],[126.79689,37.21757],[126.79689,37.2283]]]},"properties":{"row":-11,"col":7,"walk_min":209.2,"nearest_station_id":"kr_230","nearest_station_name":"Choji","nearest_station_name_ko":"초지","a":120,"c":120,"e":120,"g":120,"i":120,"k":120,"m":120,"o":120,"b":120,"d":120,"f":120,"h":120,"j":120,"l":120,"n":120,"p":120}},{"type":"Feature","geometry":{"type":"Polygon","coordinates":[[[126.82033,37.2283],[126.80861,37.23366],[126.79689,37.2283],[126.79689,37.21757],[126.80861,37.2122],[126.82033,37.21757],[126.82033,37.2283]]]},"properties":{"row":-11,"col":8,"walk_min":177.6,"nearest_station_id":"kr_114","nearest_station_name":"Sangnoksu","nearest_station_name_ko":"상록수","a":120,"c":120,"e":120,"g":120,"i":120,"k":120,"m":120,"o":120,"b":120,"d":120,"f":120,"h":120,"j":120,"l":120,"n":120,"p":120}},{"type":"Feature","geometry":{"type":"Polygon","coordinates":[[[126.89067,37.19611],[126.87894,37.20147],[126.86722,37.19611],[126.86722,37.18537],[126.87894,37.18001],[126.89067,37.18537],[126.89067,37.19611]]]},"properties":{"row":-13,"col":12,"walk_min":189.4,"nearest_station_id":"kr_114","nearest_station_name":"Sangnoksu","nearest_station_name_ko":"상록수","a":120,"c":120,"e":120,"g":120,"i":120,"k":120,"m":120,"o":120,"b":120,"d":120,"f":120,"h":120,"j":120,"l":120,"n":120,"p":120}},{"type":"Feature","geometry":{"type":"Polygon","coordinates":[[[126.90239,37.2122],[126.89067,37.21757],[126.87894,37.2122],[126.87894,37.20147],[126.89067,37.19611],[126.90239,37.20147],[126.90239,37.2122]]]},"properties":{"row":-12,"col":12,"walk_min":183.4,"nearest_station_id":"kr_114","nearest_station_name":"Sangnoksu","nearest_station_name_ko":"상록수","a":120,"c":120,"e":120,"g":120,"i":120,"k":120,"m":120,"o":120,"b":120,"d":120,"f":120,"h":120,"j":120,"l":120,"n":120,"p":120}},{"type":"Feature","geometry":{"type":"Polygon","coordinates":[[[127.18372,37.18001],[127.172,37.18537],[127.16028,37.18001],[127.16028,37.16928],[127.172,37.16391],[127.18372,37.16928],[127.18372,37.18001]]]},"properties":{"row":-14,"col":25,"walk_min":216.9,"nearest_station_id":"kr_416","nearest_station_name":"Osan College","nearest_station_name_ko":"오산대","a":120,"c":120,"e":120,"g":120,"i":120,"k":120,"m":120,"o":120,"b":120,"d":120,"f":120,"h":120,"j":120,"l":120,"n":120,"p":120}},{"type":"Feature","geometry":{"type":"Polygon","coordinates":[[[126.70311,37.64682],[126.69139,37.65219],[126.67967,37.64682],[126.67967,37.63609],[126.69139,37.63072],[126.70311,37.63609],[126.70311,37.64682]]]},"properties":{"row":15,"col":-10,"walk_min":184.2,"nearest_station_id":"kr_424","nearest_station_name":"Daehwa","nearest_station_name_ko":"대화","a":120,"c":120,"e":120,"g":120,"i":120,"k":120,"m":120,"o":120,"b":120,"d":120,"f":120,"h":120,"j":120,"l":120,"n":120,"p":120}},{"type":"Feature","geometry":{"type":"Polygon","coordinates":[[[126.60933,37.58243],[126.59761,37.5878],[126.58589,37.58243],[126.58589,37.5717],[126.59761,37.56634],[126.60933,37.5717],[126.60933,37.58243]]]},"properties":{"row":11,"col":-12,"walk_min":198.0,"nearest_station_id":"kr_458","nearest_station_name":"Incheon","nearest_station_name_ko":"인천","a":120,"c":120,"e":120,"g":120,"i":120,"k":120,"m":120,"o":120,"b":120,"d":120,"f":120,"h":120,"j":120,"l":120,"n":120,"p":120}},{"type":"Feature","geometry":{"type":"Polygon","coordinates":[[[126.92583,37.2122],[126.91411,37.21757],[126.90239,37.2122],[126.90239,37.20147],[126.91411,37.19611],[126.92583,37.20147],[126.92583,37.2122]]]},"properties":{"row":-12,"col":13,"walk_min":183.4,"nearest_station_id":"kr_462","nearest_station_name":"Seryu","nearest_station_name_ko":"세류","a":120,"c":120,"e":120,"g":120,"i":120,"k":120,"m":120,"o":120,"b":120,"d":120,"f":120,"h":120,"j":120,"l":120,"n":120,"p":120}},{"type":"Feature","geometry":{"type":"Polygon","coordinates":[[[126.62106,37.30878],[126.60933,37.31415],[126.59761,37.30878],[126.59761,37.29805],[126.60933,37.29269],[126.62106,37.29805],[126.62106,37.30878]]]},"properties":{"row":-6,"col":-3,"walk_min":177.8,"nearest_station_id":"kr_351","nearest_station_name":"Jeongwang","nearest_station_name_ko":"정왕","a":120,"c":120,"e":120,"g":120,"i":120,"k":120,"m":120,"o":120,"b":120,"d":120,"f":120,"h":120,"j":120,"l":120,"n":120,"p":120}},{"type":"Feature","geometry":{"type":"Polygon","coordinates":[[[126.60933,37.32488],[126.59761,37.33025],[126.58589,37.32488],[126.58589,37.31415],[126.59761,37.30878],[126.60933,37.31415],[126.60933,37.32488]]]},"properties":{"row":-5,"col":-4,"walk_min":177.8,"nearest_station_id":"kr_351","nearest_station_name":"Jeongwang","nearest_station_name_ko":"정왕","a":120,"c":120,"e":120,"g":120,"i":120,"k":120,"m":120,"o":120,"b":120,"d":120,"f":120,"h":120,"j":120,"l":120,"n":120,"p":120}},{"type":"Feature","geometry":{"type":"Polygon","coordinates":[[[127.2775,37.66292],[127.26577,37.66828],[127.25405,37.66292],[127.25405,37.65219],[127.26577,37.64682],[127.2775,37.65219],[127.2775,37.66292]]]},"properties":{"row":16,"col":14,"walk_min":169.7,"nearest_station_id":"kr_361","nearest_station_name":"Onam","nearest_station_name_ko":"오남","a":120,"c":120,"e":120,"g":120,"i":120,"k":120,"m":120,"o":120,"b":120,"d":120,"f":120,"h":120,"j":120,"l":120,"n":120,"p":120}},{"type":"Feature","geometry":{"type":"Polygon","coordinates":[[[126.8555,37.2122],[126.84378,37.21757],[126.83206,37.2122],[126.83206,37.20147],[126.84378,37.19611],[126.8555,37.20147],[126.8555,37.2122]]]},"properties":{"row":-12,"col":10,"walk_min":188.4,"nearest_station_id":"kr_114","nearest_station_name":"Sangnoksu","nearest_station_name_ko":"상록수","a":120,"c":120,"e":120,"g":120,"i":120,"k":120,"m":120,"o":120,"b":120,"d":120,"f":120,"h":120,"j":120,"l":120,"n":120,"p":120}},{"type":"Feature","geometry":{"type":"Polygon","coordinates":[[[126.86722,37.19611],[126.8555,37.20147],[126.84378,37.19611],[126.84378,37.18537],[126.8555,37.18001],[126.86722,37.18537],[126.86722,37.19611]]]},"properties":{"row":-13,"col":11,"walk_min":198.7,"nearest_station_id":"kr_114","nearest_station_name":"Sangnoksu","nearest_station_name_ko":"상록수","a":120,"c":120,"e":120,"g":120,"i":120,"k":120,"m":120,"o":120,"b":120,"d":120,"f":120,"h":120,"j":120,"l":120,"n":120,"p":120}},{"type":"Feature","geometry":{"type":"Polygon","coordinates":[[[127.21889,37.83998],[127.20716,37.84535],[127.19544,37.83998],[127.19544,37.82925],[127.20716,37.82389],[127.21889,37.82925],[127.21889,37.83998]]]},"properties":{"row":27,"col":6,"walk_min":173.9,"nearest_station_id":"kr_470","nearest_station_name":"Jinjeop","nearest_station_name_ko":"진접","a":120,"c":120,"e":120,"g":120,"i":120,"k":120,"m":120,"o":120,"b":120,"d":120,"f":120,"h":120,"j":120,"l":120,"n":120,"p":120}},{"type":"Feature","geometry":{"type":"Polygon","coordinates":[[[126.91411,37.19611],[126.90239,37.20147],[126.89067,37.19611],[126.89067,37.18537],[126.90239,37.18001],[126.91411,37.18537],[126.91411,37.19611]]]},"properties":{"row":-13,"col":13,"walk_min":199.9,"nearest_station_id":"kr_462","nearest_station_name":"Seryu","nearest_station_name_ko":"세류","a":120,"c":120,"e":120,"g":120,"i":120,"k":120,"m":120,"o":120,"b":120,"d":120,"f":120,"h":120,"j":120,"l":120,"n":120,"p":120}},{"type":"Feature","geometry":{"type":"Polygon","coordinates":[[[126.80861,37.79169],[126.79689,37.79706],[126.78517,37.79169],[126.78517,37.78096],[126.79689,37.7756],[126.80861,37.78096],[126.80861,37.79169]]]},"properties":{"row":24,"col":-10,"walk_min":213.4,"nearest_station_id":"kr_424","nearest_station_name":"Daehwa","nearest_station_name_ko":"대화","a":120,"c":120,"e":120,"g":120,"i":120,"k":120,"m":120,"o":120,"b":120,"d":120,"f":120,"h":120,"j":120,"l":120,"n":120,"p":120}},{"type":"Feature","geometry":{"type":"Polygon","coordinates":[[[126.62106,37.59853],[126.60933,37.60389],[126.59761,37.59853],[126.59761,37.5878],[126.60933,37.58243],[126.62106,37.5878],[126.62106,37.59853]]]},"properties":{"row":12,"col":-12,"walk_min":201.8,"nearest_station_id":"kr_258","nearest_station_name":"Sangok","nearest_station_name_ko":"산곡","a":120,"c":120,"e":120,"g":120,"i":120,"k":120,"m":120,"o":120,"b":120,"d":120,"f":120,"h":120,"j":120,"l":120,"n":120,"p":120}},{"type":"Feature","geometry":{"type":"Polygon","coordinates":[[[126.89067,37.7756],[126.87894,37.78096],[126.86722,37.7756],[126.86722,37.76486],[126.87894,37.7595],[126.89067,37.76486],[126.89067,37.7756]]]},"properties":{"row":23,"col":-6,"walk_min":210.8,"nearest_station_id":"kr_115","nearest_station_name":"Samsong","nearest_station_name_ko":"삼송","a":120,"c":120,"e":120,"g":120,"i":120,"k":120,"m":120,"o":120,"b":120,"d":120,"f":120,"h":120,"j":120,"l":120,"n":120,"p":120}},{"type":"Feature","geometry":{"type":"Polygon","coordinates":[[[127.23061,37.27659],[127.21889,37.28196],[127.20716,37.27659],[127.20716,37.26586],[127.21889,37.26049],[127.23061,37.26586],[127.23061,37.27659]]]},"properties":{"row":-8,"col":24,"walk_min":195.1,"nearest_station_id":"kr_233","nearest_station_name":"Suji-gu Office","nearest_station_name_ko":"수지구청","a":120,"c":120,"e":120,"g":120,"i":120,"k":120,"m":120,"o":120,"b":120,"d":120,"f":120,"h":120,"j":120,"l":120,"n":120,"p":120}},{"type":"Feature","geometry":{"type":"Polygon","coordinates":[[[127.24233,37.32488],[127.23061,37.33025],[127.21889,37.32488],[127.21889,37.31415],[127.23061,37.30878],[127.24233,37.31415],[127.24233,37.32488]]]},"properties":{"row":-5,"col":23,"walk_min":181.8,"nearest_station_id":"kr_149","nearest_station_name":"경기광주","nearest_station_name_ko":"경기광주","a":120,"c":120,"e":120,"g":120,"i":120,"k":120,"m":120,"o":120,"b":120,"d":120,"f":120,"h":120,"j":120,"l":120,"n":120,"p":120}},{"type":"Feature","geometry":{"type":"Polygon","coordinates":[[[126.77344,37.80779],[126.76172,37.81316],[126.75,37.80779],[126.75,37.79706],[126.76172,37.79169],[126.77344,37.79706],[126.77344,37.80779]]]},"properties":{"row":25,"col":-12,"walk_min":203.8,"nearest_station_id":"kr_424","nearest_station_name":"Daehwa","nearest_station_name_ko":"대화","a":120,"c":120,"e":120,"g":120,"i":120,"k":120,"m":120,"o":120,"b":120,"d":120,"f":120,"h":120,"j":120,"l":120,"n":120,"p":120}},{"type":"Feature","geometry":{"type":"Polygon","coordinates":[[[126.79689,37.80779],[126.78517,37.81316],[126.77344,37.80779],[126.77344,37.79706],[126.78517,37.79169],[126.79689,37.79706],[126.79689,37.80779]]]},"properties":{"row":25,"col":-11,"walk_min":219.4,"nearest_station_id":"kr_424","nearest_station_name":"Daehwa","nearest_station_name_ko":"대화","a":120,"c":120,"e":120,"g":120,"i":120,"k":120,"m":120,"o":120,"b":120,"d":120,"f":120,"h":120,"j":120,"l":120,"n":120,"p":120}},{"type":"Feature","geometry":{"type":"Polygon","coordinates":[[[126.72656,37.80779],[126.71483,37.81316],[126.70311,37.80779],[126.70311,37.79706],[126.71483,37.79169],[126.72656,37.79706],[126.72656,37.80779]]]},"properties":{"row":25,"col":-14,"walk_min":202.6,"nearest_station_id":"kr_424","nearest_station_name":"Daehwa","nearest_station_name_ko":"대화","a":120,"c":120,"e":120,"g":120,"i":120,"k":120,"m":120,"o":120,"b":120,"d":120,"f":120,"h":120,"j":120,"l":120,"n":120,"p":120}},{"type":"Feature","geometry":{"type":"Polygon","coordinates":[[[126.75,37.80779],[126.73828,37.81316],[126.72656,37.80779],[126.72656,37.79706],[126.73828,37.79169],[126.75,37.79706],[126.75,37.80779]]]},"properties":{"row":25,"col":-13,"walk_min":204.0,"nearest_station_id":"kr_424","nearest_station_name":"Daehwa","nearest_station_name_ko":"대화","a":120,"c":120,"e":120,"g":120,"i":120,"k":120,"m":120,"o":120,"b":120,"d":120,"f":120,"h":120,"j":120,"l":120,"n":120,"p":120}},{"type":"Feature","geometry":{"type":"Polygon","coordinates":[[[127.19544,37.2283],[127.18372,37.23366],[127.172,37.2283],[127.172,37.21757],[127.18372,37.2122],[127.19544,37.21757],[127.19544,37.2283]]]},"properties":{"row":-11,"col":24,"walk_min":199.5,"nearest_station_id":"kr_466","nearest_station_name":"Seodongtan","nearest_station_name_ko":"서동탄","a":120,"c":120,"e":120,"g":120,"i":120,"k":120,"m":120,"o":120,"b":120,"d":120,"f":120,"h":120,"j":120,"l":120,"n":120,"p":120}},{"type":"Feature","geometry":{"type":"Polygon","coordinates":[[[126.92583,37.18001],[126.91411,37.18537],[126.90239,37.18001],[126.90239,37.16928],[126.91411,37.16391],[126.92583,37.16928],[126.92583,37.18001]]]},"properties":{"row":-14,"col":14,"walk_min":186.5,"nearest_station_id":"kr_047","nearest_station_name":"Byeongjeom","nearest_station_name_ko":"병점","a":120,"c":120,"e":120,"g":120,"i":120,"k":120,"m":120,"o":120,"b":120,"d":120,"f":120,"h":120,"j":120,"l":120,"n":120,"p":120}},{"type":"Feature","geometry":{"type":"Polygon","coordinates":[[[126.66794,37.63072],[126.65622,37.63609],[126.6445,37.63072],[126.6445,37.61999],[126.65622,37.61463],[126.66794,37.61999],[126.66794,37.63072]]]},"properties":{"row":14,"col":-11,"walk_min":195.6,"nearest_station_id":"kr_424","nearest_station_name":"Daehwa","nearest_station_name_ko":"대화","a":120,"c":120,"e":120,"g":120,"i":120,"k":120,"m":120,"o":120,"b":120,"d":120,"f":120,"h":120,"j":120,"l":120,"n":120,"p":120}},{"type":"Feature","geometry":{"type":"Polygon","coordinates":[[[126.59761,37.56634],[126.58589,37.5717],[126.57417,37.56634],[126.57417,37.5556],[126.58589,37.55024],[126.59761,37.5556],[126.59761,37.56634]]]},"properties":{"row":10,"col":-12,"walk_min":194.2,"nearest_station_id":"kr_458","nearest_station_name":"Incheon","nearest_station_name_ko":"인천","a":120,"c":120,"e":120,"g":120,"i":120,"k":120,"m":120,"o":120,"b":120,"d":120,"f":120,"h":120,"j":120,"l":120,"n":120,"p":120}},{"type":"Feature","geometry":{"type":"Polygon","coordinates":[[[126.90239,37.18001],[126.89067,37.18537],[126.87894,37.18001],[126.87894,37.16928],[126.89067,37.16391],[126.90239,37.16928],[126.90239,37.18001]]]},"properties":{"row":-14,"col":13,"walk_min":221.6,"nearest_station_id":"kr_047","nearest_station_name":"Byeongjeom","nearest_station_name_ko":"병점","a":120,"c":120,"e":120,"g":120,"i":120,"k":120,"m":120,"o":120,"b":120,"d":120,"f":120,"h":120,"j":120,"l":120,"n":120,"p":120}},{"type":"Feature","geometry":{"type":"Polygon","coordinates":[[[126.86722,37.7756],[126.8555,37.78096],[126.84378,37.7756],[126.84378,37.76486],[126.8555,37.7595],[126.86722,37.76486],[126.86722,37.7756]]]},"properties":{"row":23,"col":-7,"walk_min":222.5,"nearest_station_id":"kr_145","nearest_station_name":"Wondang","nearest_station_name_ko":"원당","a":120,"c":120,"e":120,"g":120,"i":120,"k":120,"m":120,"o":120,"b":120,"d":120,"f":120,"h":120,"j":120,"l":120,"n":120,"p":120}},{"type":"Feature","geometry":{"type":"Polygon","coordinates":[[[126.69139,37.79169],[126.67967,37.79706],[126.66794,37.79169],[126.66794,37.78096],[126.67967,37.7756],[126.69139,37.78096],[126.69139,37.79169]]]},"properties":{"row":24,"col":-15,"walk_min":209.2,"nearest_station_id":"kr_424","nearest_station_name":"Daehwa","nearest_station_name_ko":"대화","a":120,"c":120,"e":120,"g":120,"i":120,"k":120,"m":120,"o":120,"b":120,"d":120,"f":120,"h":120,"j":120,"l":120,"n":120,"p":120}},{"type":"Feature","geometry":{"type":"Polygon","coordinates":[[[126.63278,37.61463],[126.62106,37.61999],[126.60933,37.61463],[126.60933,37.60389],[126.62106,37.59853],[126.63278,37.60389],[126.63278,37.61463]]]},"properties":{"row":13,"col":-12,"walk_min":203.7,"nearest_station_id":"kr_258","nearest_station_name":"Sangok","nearest_station_name_ko":"산곡","a":120,"c":120,"e":120,"g":120,"i":120,"k":120,"m":120,"o":120,"b":120,"d":120,"f":120,"h":120,"j":120,"l":120,"n":120,"p":120}},{"type":"Feature","geometry":{"type":"Polygon","coordinates":[[[126.87894,37.18001],[126.86722,37.18537],[126.8555,37.18001],[126.8555,37.16928],[126.86722,37.16391],[126.87894,37.16928],[126.87894,37.18001]]]},"properties":{"row":-14,"col":12,"walk_min":219.9,"nearest_station_id":"kr_114","nearest_station_name":"Sangnoksu","nearest_station_name_ko":"상록수","a":120,"c":120,"e":120,"g":120,"i":120,"k":120,"m":120,"o":120,"b":120,"d":120,"f":120,"h":120,"j":120,"l":120,"n":120,"p":120}},{"type":"Feature","geometry":{"type":"Polygon","coordinates":[[[126.90239,37.79169],[126.89067,37.79706],[126.87894,37.79169],[126.87894,37.78096],[126.89067,37.7756],[126.90239,37.78096],[126.90239,37.79169]]]},"properties":{"row":24,"col":-6,"walk_min":208.8,"nearest_station_id":"kr_092","nearest_station_name":"Yangju","nearest_station_name_ko":"양주","a":120,"c":120,"e":120,"g":120,"i":120,"k":120,"m":120,"o":120,"b":120,"d":120,"f":120,"h":120,"j":120,"l":120,"n":120,"p":120}},{"type":"Feature","geometry":{"type":"Polygon","coordinates":[[[127.26577,37.35707],[127.25405,37.36244],[127.24233,37.35707],[127.24233,37.34634],[127.25405,37.34098],[127.26577,37.34634],[127.26577,37.35707]]]},"properties":{"row":-3,"col":23,"walk_min":191.2,"nearest_station_id":"kr_173","nearest_station_name":"Chowol","nearest_station_name_ko":"초월","a":120,"c":120,"e":120,"g":120,"i":120,"k":120,"m":120,"o":120,"b":120,"d":120,"f":120,"h":120,"j":120,"l":120,"n":120,"p":120}},{"type":"Feature","geometry":{"type":"Polygon","coordinates":[[[126.6445,37.34098],[126.63278,37.34634],[126.62106,37.34098],[126.62106,37.33025],[126.63278,37.32488],[126.6445,37.33025],[126.6445,37.34098]]]},"properties":{"row":-4,"col":-3,"walk_min":207.9,"nearest_station_id":"kr_428","nearest_station_name":"Oido","nearest_station_name_ko":"오이도","a":120,"c":120,"e":120,"g":120,"i":120,"k":120,"m":120,"o":120,"b":120,"d":120,"f":120,"h":120,"j":120,"l":120,"n":120,"p":120}},{"type":"Feature","geometry":{"type":"Polygon","coordinates":[[[127.20716,37.2444],[127.19544,37.24976],[127.18372,37.2444],[127.18372,37.23366],[127.19544,37.2283],[127.20716,37.23366],[127.20716,37.2444]]]},"properties":{"row":-10,"col":24,"walk_min":199.2,"nearest_station_id":"kr_233","nearest_station_name":"Suji-gu Office","nearest_station_name_ko":"수지구청","a":120,"c":120,"e":120,"g":120,"i":120,"k":120,"m":120,"o":120,"b":120,"d":120,"f":120,"h":120,"j":120,"l":120,"n":120,"p":120}},{"type":"Feature","geometry":{"type":"Polygon","coordinates":[[[126.6445,37.63072],[126.63278,37.63609],[126.62106,37.63072],[126.62106,37.61999],[126.63278,37.61463],[126.6445,37.61999],[126.6445,37.63072]]]},"properties":{"row":14,"col":-12,"walk_min":206.7,"nearest_station_id":"kr_424","nearest_station_name":"Daehwa","nearest_station_name_ko":"대화","a":120,"c":120,"e":120,"g":120,"i":120,"k":120,"m":120,"o":120,"b":120,"d":120,"f":120,"h":120,"j":120,"l":120,"n":120,"p":120}},{"type":"Feature","geometry":{"type":"Polygon","coordinates":[[[126.82033,37.19611],[126.80861,37.20147],[126.79689,37.19611],[126.79689,37.18537],[126.80861,37.18001],[126.82033,37.18537],[126.82033,37.19611]]]},"properties":{"row":-13,"col":9,"walk_min":238.1,"nearest_station_id":"kr_114","nearest_station_name":"Sangnoksu","nearest_station_name_ko":"상록수","a":120,"c":120,"e":120,"g":120,"i":120,"k":120,"m":120,"o":120,"b":120,"d":120,"f":120,"h":120,"j":120,"l":120,"n":120,"p":120}},{"type":"Feature","geometry":{"type":"Polygon","coordinates":[[[126.80861,37.2122],[126.79689,37.21757],[126.78517,37.2122],[126.78517,37.20147],[126.79689,37.19611],[126.80861,37.20147],[126.80861,37.2122]]]},"properties":{"row":-12,"col":8,"walk_min":213.5,"nearest_station_id":"kr_114","nearest_station_name":"Sangnoksu","nearest_station_name_ko":"상록수","a":120,"c":120,"e":120,"g":120,"i":120,"k":120,"m":120,"o":120,"b":120,"d":120,"f":120,"h":120,"j":120,"l":120,"n":120,"p":120}},{"type":"Feature","geometry":{"type":"Polygon","coordinates":[[[126.83206,37.2122],[126.82033,37.21757],[126.80861,37.2122],[126.80861,37.20147],[126.82033,37.19611],[126.83206,37.20147],[126.83206,37.2122]]]},"properties":{"row":-12,"col":9,"walk_min":201.6,"nearest_station_id":"kr_114","nearest_station_name":"Sangnoksu","nearest_station_name_ko":"상록수","a":120,"c":120,"e":120,"g":120,"i":120,"k":120,"m":120,"o":120,"b":120,"d":120,"f":120,"h":120,"j":120,"l":120,"n":120,"p":120}},{"type":"Feature","geometry":{"type":"Polygon","coordinates":[[[127.20716,37.18001],[127.19544,37.18537],[127.18372,37.18001],[127.18372,37.16928],[127.19544,37.16391],[127.20716,37.16928],[127.20716,37.18001]]]},"properties":{"row":-14,"col":26,"walk_min":228.6,"nearest_station_id":"kr_416","nearest_station_name":"Osan College","nearest_station_name_ko":"오산대","a":120,"c":120,"e":120,"g":120,"i":120,"k":120,"m":120,"o":120,"b":120,"d":120,"f":120,"h":120,"j":120,"l":120,"n":120,"p":120}},{"type":"Feature","geometry":{"type":"Polygon","coordinates":[[[127.21889,37.19611],[127.20716,37.20147],[127.19544,37.19611],[127.19544,37.18537],[127.20716,37.18001],[127.21889,37.18537],[127.21889,37.19611]]]},"properties":{"row":-13,"col":26,"walk_min":219.5,"nearest_station_id":"kr_416","nearest_station_name":"Osan College","nearest_station_name_ko":"오산대","a":120,"c":120,"e":120,"g":120,"i":120,"k":120,"m":120,"o":120,"b":120,"d":120,"f":120,"h":120,"j":120,"l":120,"n":120,"p":120}},{"type":"Feature","geometry":{"type":"Polygon","coordinates":[[[126.90239,37.82389],[126.89067,37.82925],[126.87894,37.82389],[126.87894,37.81316],[126.89067,37.80779],[126.90239,37.81316],[126.90239,37.82389]]]},"properties":{"row":26,"col":-7,"walk_min":233.4,"nearest_station_id":"kr_092","nearest_station_name":"Yangju","nearest_station_name_ko":"양주","a":120,"c":120,"e":120,"g":120,"i":120,"k":120,"m":120,"o":120,"b":120,"d":120,"f":120,"h":120,"j":120,"l":120,"n":120,"p":120}},{"type":"Feature","geometry":{"type":"Polygon","coordinates":[[[126.84378,37.19611],[126.83206,37.20147],[126.82033,37.19611],[126.82033,37.18537],[126.83206,37.18001],[126.84378,37.18537],[126.84378,37.19611]]]},"properties":{"row":-13,"col":10,"walk_min":219.5,"nearest_station_id":"kr_114","nearest_station_name":"Sangnoksu","nearest_station_name_ko":"상록수","a":120,"c":120,"e":120,"g":120,"i":120,"k":120,"m":120,"o":120,"b":120,"d":120,"f":120,"h":120,"j":120,"l":120,"n":120,"p":120}},{"type":"Feature","geometry":{"type":"Polygon","coordinates":[[[126.67967,37.64682],[126.66794,37.65219],[126.65622,37.64682],[126.65622,37.63609],[126.66794,37.63072],[126.67967,37.63609],[126.67967,37.64682]]]},"properties":{"row":15,"col":-11,"walk_min":209.8,"nearest_station_id":"kr_424","nearest_station_name":"Daehwa","nearest_station_name_ko":"대화","a":120,"c":120,"e":120,"g":120,"i":120,"k":120,"m":120,"o":120,"b":120,"d":120,"f":120,"h":120,"j":120,"l":120,"n":120,"p":120}},{"type":"Feature","geometry":{"type":"Polygon","coordinates":[[[126.8555,37.18001],[126.84378,37.18537],[126.83206,37.18001],[126.83206,37.16928],[126.84378,37.16391],[126.8555,37.16928],[126.8555,37.18001]]]},"properties":{"row":-14,"col":11,"walk_min":238.2,"nearest_station_id":"kr_114","nearest_station_name":"Sangnoksu","nearest_station_name_ko":"상록수","a":120,"c":120,"e":120,"g":120,"i":120,"k":120,"m":120,"o":120,"b":120,"d":120,"f":120,"h":120,"j":120,"l":120,"n":120,"p":120}},{"type":"Feature","geometry":{"type":"Polygon","coordinates":[[[126.59761,37.30878],[126.58589,37.31415],[126.57417,37.30878],[126.57417,37.29805],[126.58589,37.29269],[126.59761,37.29805],[126.59761,37.30878]]]},"properties":{"row":-6,"col":-4,"walk_min":237.2,"nearest_station_id":"kr_351","nearest_station_name":"Jeongwang","nearest_station_name_ko":"정왕","a":120,"c":120,"e":120,"g":120,"i":120,"k":120,"m":120,"o":120,"b":120,"d":120,"f":120,"h":120,"j":120,"l":120,"n":120,"p":120}},{"type":"Feature","geometry":{"type":"Polygon","coordinates":[[[126.83206,37.79169],[126.82033,37.79706],[126.80861,37.79169],[126.80861,37.78096],[126.82033,37.7756],[126.83206,37.78096],[126.83206,37.79169]]]},"properties":{"row":24,"col":-9,"walk_min":232.6,"nearest_station_id":"kr_424","nearest_station_name":"Daehwa","nearest_station_name_ko":"대화","a":120,"c":120,"e":120,"g":120,"i":120,"k":120,"m":120,"o":120,"b":120,"d":120,"f":120,"h":120,"j":120,"l":120,"n":120,"p":120}},{"type":"Feature","geometry":{"type":"Polygon","coordinates":[[[126.77344,37.2283],[126.76172,37.23366],[126.75,37.2283],[126.75,37.21757],[126.76172,37.2122],[126.77344,37.21757],[126.77344,37.2283]]]},"properties":{"row":-11,"col":6,"walk_min":290.1,"nearest_station_id":"kr_230","nearest_station_name":"Choji","nearest_station_name_ko":"초지","a":120,"c":120,"e":120,"g":120,"i":120,"k":120,"m":120,"o":120,"b":120,"d":120,"f":120,"h":120,"j":120,"l":120,"n":120,"p":120}},{"type":"Feature","geometry":{"type":"Polygon","coordinates":[[[126.78517,37.2444],[126.77344,37.24976],[126.76172,37.2444],[126.76172,37.23366],[126.77344,37.2283],[126.78517,37.23366],[126.78517,37.2444]]]},"properties":{"row":-10,"col":6,"walk_min":302.0,"nearest_station_id":"kr_230","nearest_station_name":"Choji","nearest_station_name_ko":"초지","a":120,"c":120,"e":120,"g":120,"i":120,"k":120,"m":120,"o":120,"b":120,"d":120,"f":120,"h":120,"j":120,"l":120,"n":120,"p":120}},{"type":"Feature","geometry":{"type":"Polygon","coordinates":[[[126.84378,37.7756],[126.83206,37.78096],[126.82033,37.7756],[126.82033,37.76486],[126.83206,37.7595],[126.84378,37.76486],[126.84378,37.7756]]]},"properties":{"row":23,"col":-8,"walk_min":231.0,"nearest_station_id":"kr_350","nearest_station_name":"Juyeop","nearest_station_name_ko":"주엽","a":120,"c":120,"e":120,"g":120,"i":120,"k":120,"m":120,"o":120,"b":120,"d":120,"f":120,"h":120,"j":120,"l":120,"n":120,"p":120}},{"type":"Feature","geometry":{"type":"Polygon","coordinates":[[[126.58589,37.58243],[126.57417,37.5878],[126.56245,37.58243],[126.56245,37.5717],[126.57417,37.56634],[126.58589,37.5717],[126.58589,37.58243]]]},"properties":{"row":11,"col":-13,"walk_min":223.4,"nearest_station_id":"kr_458","nearest_station_name":"Incheon","nearest_station_name_ko":"인천","a":120,"c":120,"e":120,"g":120,"i":120,"k":120,"m":120,"o":120,"b":120,"d":120,"f":120,"h":120,"j":120,"l":120,"n":120,"p":120}},{"type":"Feature","geometry":{"type":"Polygon","coordinates":[[[126.59761,37.59853],[126.58589,37.60389],[126.57417,37.59853],[126.57417,37.5878],[126.58589,37.58243],[126.59761,37.5878],[126.59761,37.59853]]]},"properties":{"row":12,"col":-13,"walk_min":227.5,"nearest_station_id":"kr_458","nearest_station_name":"Incheon","nearest_station_name_ko":"인천","a":120,"c":120,"e":120,"g":120,"i":120,"k":120,"m":120,"o":120,"b":120,"d":120,"f":120,"h":120,"j":120,"l":120,"n":120,"p":120}},{"type":"Feature","geometry":{"type":"Polygon","coordinates":[[[126.70311,37.80779],[126.69139,37.81316],[126.67967,37.80779],[126.67967,37.79706],[126.69139,37.79169],[126.70311,37.79706],[126.70311,37.80779]]]},"properties":{"row":25,"col":-15,"walk_min":220.5,"nearest_station_id":"kr_424","nearest_station_name":"Daehwa","nearest_station_name_ko":"대화","a":120,"c":120,"e":120,"g":120,"i":120,"k":120,"m":120,"o":120,"b":120,"d":120,"f":120,"h":120,"j":120,"l":120,"n":120,"p":120}},{"type":"Feature","geometry":{"type":"Polygon","coordinates":[[[127.24233,37.29269],[127.23061,37.29805],[127.21889,37.29269],[127.21889,37.28196],[127.23061,37.27659],[127.24233,37.28196],[127.24233,37.29269]]]},"properties":{"row":-7,"col":24,"walk_min":206.3,"nearest_station_id":"kr_173","nearest_station_name":"Chowol","nearest_station_name_ko":"초월","a":120,"c":120,"e":120,"g":120,"i":120,"k":120,"m":120,"o":120,"b":120,"d":120,"f":120,"h":120,"j":120,"l":120,"n":120,"p":120}},{"type":"Feature","geometry":{"type":"Polygon","coordinates":[[[127.25405,37.27659],[127.24233,37.28196],[127.23061,37.27659],[127.23061,37.26586],[127.24233,37.26049],[127.25405,37.26586],[127.25405,37.27659]]]},"properties":{"row":-8,"col":25,"walk_min":220.3,"nearest_station_id":"kr_173","nearest_station_name":"Chowol","nearest_station_name_ko":"초월","a":120,"c":120,"e":120,"g":120,"i":120,"k":120,"m":120,"o":120,"b":120,"d":120,"f":120,"h":120,"j":120,"l":120,"n":120,"p":120}},{"type":"Feature","geometry":{"type":"Polygon","coordinates":[[[126.58589,37.29269],[126.57417,37.29805],[126.56245,37.29269],[126.56245,37.28196],[126.57417,37.27659],[126.58589,37.28196],[126.58589,37.29269]]]},"properties":{"row":-7,"col":-4,"walk_min":419.0,"nearest_station_id":"kr_351","nearest_station_name":"Jeongwang","nearest_station_name_ko":"정왕","a":120,"c":120,"e":120,"g":120,"i":120,"k":120,"m":120,"o":120,"b":120,"d":120,"f":120,"h":120,"j":120,"l":120,"n":120,"p":120}},{"type":"Feature","geometry":{"type":"Polygon","coordinates":[[[126.60933,37.29269],[126.59761,37.29805],[126.58589,37.29269],[126.58589,37.28196],[126.59761,37.27659],[126.60933,37.28196],[126.60933,37.29269]]]},"properties":{"row":-7,"col":-3,"walk_min":364.9,"nearest_station_id":"kr_351","nearest_station_name":"Jeongwang","nearest_station_name_ko":"정왕","a":120,"c":120,"e":120,"g":120,"i":120,"k":120,"m":120,"o":120,"b":120,"d":120,"f":120,"h":120,"j":120,"l":120,"n":120,"p":120}},{"type":"Feature","geometry":{"type":"Polygon","coordinates":[[[126.62106,37.63072],[126.60933,37.63609],[126.59761,37.63072],[126.59761,37.61999],[126.60933,37.61463],[126.62106,37.61999],[126.62106,37.63072]]]},"properties":{"row":14,"col":-13,"walk_min":227.5,"nearest_station_id":"kr_424","nearest_station_name":"Daehwa","nearest_station_name_ko":"대화","a":120,"c":120,"e":120,"g":120,"i":120,"k":120,"m":120,"o":120,"b":120,"d":120,"f":120,"h":120,"j":120,"l":120,"n":120,"p":120}},{"type":"Feature","geometry":{"type":"Polygon","coordinates":[[[127.20716,37.2122],[127.19544,37.21757],[127.18372,37.2122],[127.18372,37.20147],[127.19544,37.19611],[127.20716,37.20147],[127.20716,37.2122]]]},"properties":{"row":-12,"col":25,"walk_min":218.4,"nearest_station_id":"kr_416","nearest_station_name":"Osan College","nearest_station_name_ko":"오산대","a":120,"c":120,"e":120,"g":120,"i":120,"k":120,"m":120,"o":120,"b":120,"d":120,"f":120,"h":120,"j":120,"l":120,"n":120,"p":120}},{"type":"Feature","geometry":{"type":"Polygon","coordinates":[[[126.60933,37.61463],[126.59761,37.61999],[126.58589,37.61463],[126.58589,37.60389],[126.59761,37.59853],[126.60933,37.60389],[126.60933,37.61463]]]},"properties":{"row":13,"col":-13,"walk_min":227.5,"nearest_station_id":"kr_258","nearest_station_name":"Sangok","nearest_station_name_ko":"산곡","a":120,"c":120,"e":120,"g":120,"i":120,"k":120,"m":120,"o":120,"b":120,"d":120,"f":120,"h":120,"j":120,"l":120,"n":120,"p":120}},{"type":"Feature","geometry":{"type":"Polygon","coordinates":[[[127.23061,37.2444],[127.21889,37.24976],[127.20716,37.2444],[127.20716,37.23366],[127.21889,37.2283],[127.23061,37.23366],[127.23061,37.2444]]]},"properties":{"row":-10,"col":25,"walk_min":218.9,"nearest_station_id":"kr_233","nearest_station_name":"Suji-gu Office","nearest_station_name_ko":"수지구청","a":120,"c":120,"e":120,"g":120,"i":120,"k":120,"m":120,"o":120,"b":120,"d":120,"f":120,"h":120,"j":120,"l":120,"n":120,"p":120}},{"type":"Feature","geometry":{"type":"Polygon","coordinates":[[[127.24233,37.26049],[127.23061,37.26586],[127.21889,37.26049],[127.21889,37.24976],[127.23061,37.2444],[127.24233,37.24976],[127.24233,37.26049]]]},"properties":{"row":-9,"col":25,"walk_min":206.7,"nearest_station_id":"kr_233","nearest_station_name":"Suji-gu Office","nearest_station_name_ko":"수지구청","a":120,"c":120,"e":120,"g":120,"i":120,"k":120,"m":120,"o":120,"b":120,"d":120,"f":120,"h":120,"j":120,"l":120,"n":120,"p":120}},{"type":"Feature","geometry":{"type":"Polygon","coordinates":[[[126.71483,37.82389],[126.70311,37.82925],[126.69139,37.82389],[126.69139,37.81316],[126.70311,37.80779],[126.71483,37.81316],[126.71483,37.82389]]]},"properties":{"row":26,"col":-15,"walk_min":230.8,"nearest_station_id":"kr_424","nearest_station_name":"Daehwa","nearest_station_name_ko":"대화","a":120,"c":120,"e":120,"g":120,"i":120,"k":120,"m":120,"o":120,"b":120,"d":120,"f":120,"h":120,"j":120,"l":120,"n":120,"p":120}},{"type":"Feature","geometry":{"type":"Polygon","coordinates":[[[126.73828,37.82389],[126.72656,37.82925],[126.71483,37.82389],[126.71483,37.81316],[126.72656,37.80779],[126.73828,37.81316],[126.73828,37.82389]]]},"properties":{"row":26,"col":-14,"walk_min":227.2,"nearest_station_id":"kr_424","nearest_station_name":"Daehwa","nearest_station_name_ko":"대화","a":120,"c":120,"e":120,"g":120,"i":120,"k":120,"m":120,"o":120,"b":120,"d":120,"f":120,"h":120,"j":120,"l":120,"n":120,"p":120}},{"type":"Feature","geometry":{"type":"Polygon","coordinates":[[[126.82033,37.80779],[126.80861,37.81316],[126.79689,37.80779],[126.79689,37.79706],[126.80861,37.79169],[126.82033,37.79706],[126.82033,37.80779]]]},"properties":{"row":25,"col":-10,"walk_min":245.1,"nearest_station_id":"kr_424","nearest_station_name":"Daehwa","nearest_station_name_ko":"대화","a":120,"c":120,"e":120,"g":120,"i":120,"k":120,"m":120,"o":120,"b":120,"d":120,"f":120,"h":120,"j":120,"l":120,"n":120,"p":120}},{"type":"Feature","geometry":{"type":"Polygon","coordinates":[[[126.78517,37.2122],[126.77344,37.21757],[126.76172,37.2122],[126.76172,37.20147],[126.77344,37.19611],[126.78517,37.20147],[126.78517,37.2122]]]},"properties":{"row":-12,"col":7,"walk_min":221.1,"nearest_station_id":"kr_426","nearest_station_name":"Gojan","nearest_station_name_ko":"고잔","a":120,"c":120,"e":120,"g":120,"i":120,"k":120,"m":120,"o":120,"b":120,"d":120,"f":120,"h":120,"j":120,"l":120,"n":120,"p":120}},{"type":"Feature","geometry":{"type":"Polygon","coordinates":[[[126.79689,37.19611],[126.78517,37.20147],[126.77344,37.19611],[126.77344,37.18537],[126.78517,37.18001],[126.79689,37.18537],[126.79689,37.19611]]]},"properties":{"row":-13,"col":8,"walk_min":241.1,"nearest_station_id":"kr_426","nearest_station_name":"Gojan","nearest_station_name_ko":"고잔","a":120,"c":120,"e":120,"g":120,"i":120,"k":120,"m":120,"o":120,"b":120,"d":120,"f":120,"h":120,"j":120,"l":120,"n":120,"p":120}},{"type":"Feature","geometry":{"type":"Polygon","coordinates":[[[126.62106,37.34098],[126.60933,37.34634],[126.59761,37.34098],[126.59761,37.33025],[126.60933,37.32488],[126.62106,37.33025],[126.62106,37.34098]]]},"properties":{"row":-4,"col":-4,"walk_min":232.2,"nearest_station_id":"kr_428","nearest_station_name":"Oido","nearest_station_name_ko":"오이도","a":120,"c":120,"e":120,"g":120,"i":120,"k":120,"m":120,"o":120,"b":120,"d":120,"f":120,"h":120,"j":120,"l":120,"n":120,"p":120}},{"type":"Feature","geometry":{"type":"Polygon","coordinates":[[[126.67967,37.80779],[126.66794,37.81316],[126.65622,37.80779],[126.65622,37.79706],[126.66794,37.79169],[126.67967,37.79706],[126.67967,37.80779]]]},"properties":{"row":25,"col":-16,"walk_min":225.0,"nearest_station_id":"kr_424","nearest_station_name":"Daehwa","nearest_station_name_ko":"대화","a":120,"c":120,"e":120,"g":120,"i":120,"k":120,"m":120,"o":120,"b":120,"d":120,"f":120,"h":120,"j":120,"l":120,"n":120,"p":120}},{"type":"Feature","geometry":{"type":"Polygon","coordinates":[[[126.76172,37.82389],[126.75,37.82925],[126.73828,37.82389],[126.73828,37.81316],[126.75,37.80779],[126.76172,37.81316],[126.76172,37.82389]]]},"properties":{"row":26,"col":-13,"walk_min":230.2,"nearest_station_id":"kr_424","nearest_station_name":"Daehwa","nearest_station_name_ko":"대화","a":120,"c":120,"e":120,"g":120,"i":120,"k":120,"m":120,"o":120,"b":120,"d":120,"f":120,"h":120,"j":120,"l":120,"n":120,"p":120}},{"type":"Feature","geometry":{"type":"Polygon","coordinates":[[[127.21889,37.2283],[127.20716,37.23366],[127.19544,37.2283],[127.19544,37.21757],[127.20716,37.2122],[127.21889,37.21757],[127.21889,37.2283]]]},"properties":{"row":-11,"col":25,"walk_min":227.6,"nearest_station_id":"kr_416","nearest_station_name":"Osan College","nearest_station_name_ko":"오산대","a":120,"c":120,"e":120,"g":120,"i":120,"k":120,"m":120,"o":120,"b":120,"d":120,"f":120,"h":120,"j":120,"l":120,"n":120,"p":120}},{"type":"Feature","geometry":{"type":"Polygon","coordinates":[[[126.67967,37.7756],[126.66794,37.78096],[126.65622,37.7756],[126.65622,37.76486],[126.66794,37.7595],[126.67967,37.76486],[126.67967,37.7756]]]},"properties":{"row":23,"col":-15,"walk_min":331.3,"nearest_station_id":"kr_424","nearest_station_name":"Daehwa","nearest_station_name_ko":"대화","a":120,"c":120,"e":120,"g":120,"i":120,"k":120,"m":120,"o":120,"b":120,"d":120,"f":120,"h":120,"j":120,"l":120,"n":120,"p":120}},{"type":"Feature","geometry":{"type":"Polygon","coordinates":[[[126.78517,37.82389],[126.77344,37.82925],[126.76172,37.82389],[126.76172,37.81316],[126.77344,37.80779],[126.78517,37.81316],[126.78517,37.82389]]]},"properties":{"row":26,"col":-12,"walk_min":228.9,"nearest_station_id":"kr_424","nearest_station_name":"Daehwa","nearest_station_name_ko":"대화","a":120,"c":120,"e":120,"g":120,"i":120,"k":120,"m":120,"o":120,"b":120,"d":120,"f":120,"h":120,"j":120,"l":120,"n":120,"p":120}},{"type":"Feature","geometry":{"type":"Polygon","coordinates":[[[126.65622,37.64682],[126.6445,37.65219],[126.63278,37.64682],[126.63278,37.63609],[126.6445,37.63072],[126.65622,37.63609],[126.65622,37.64682]]]},"properties":{"row":15,"col":-12,"walk_min":227.9,"nearest_station_id":"kr_424","nearest_station_name":"Daehwa","nearest_station_name_ko":"대화","a":120,"c":120,"e":120,"g":120,"i":120,"k":120,"m":120,"o":120,"b":120,"d":120,"f":120,"h":120,"j":120,"l":120,"n":120,"p":120}},{"type":"Feature","geometry":{"type":"Polygon","coordinates":[[[126.8555,37.79169],[126.84378,37.79706],[126.83206,37.79169],[126.83206,37.78096],[126.84378,37.7756],[126.8555,37.78096],[126.8555,37.79169]]]},"properties":{"row":24,"col":-8,"walk_min":250.1,"nearest_station_id":"kr_145","nearest_station_name":"Wondang","nearest_station_name_ko":"원당","a":120,"c":120,"e":120,"g":120,"i":120,"k":120,"m":120,"o":120,"b":120,"d":120,"f":120,"h":120,"j":120,"l":120,"n":120,"p":120}},{"type":"Feature","geometry":{"type":"Polygon","coordinates":[[[126.80861,37.82389],[126.79689,37.82925],[126.78517,37.82389],[126.78517,37.81316],[126.79689,37.80779],[126.80861,37.81316],[126.80861,37.82389]]]},"properties":{"row":26,"col":-11,"walk_min":265.6,"nearest_station_id":"kr_424","nearest_station_name":"Daehwa","nearest_station_name_ko":"대화","a":120,"c":120,"e":120,"g":120,"i":120,"k":120,"m":120,"o":120,"b":120,"d":120,"f":120,"h":120,"j":120,"l":120,"n":120,"p":120}},{"type":"Feature","geometry":{"type":"Polygon","coordinates":[[[127.23061,37.18001],[127.21889,37.18537],[127.20716,37.18001],[127.20716,37.16928],[127.21889,37.16391],[127.23061,37.16928],[127.23061,37.18001]]]},"properties":{"row":-14,"col":27,"walk_min":248.9,"nearest_station_id":"kr_416","nearest_station_name":"Osan College","nearest_station_name_ko":"오산대","a":120,"c":120,"e":120,"g":120,"i":120,"k":120,"m":120,"o":120,"b":120,"d":120,"f":120,"h":120,"j":120,"l":120,"n":120,"p":120}},{"type":"Feature","geometry":{"type":"Polygon","coordinates":[[[126.91411,37.83998],[126.90239,37.84535],[126.89067,37.83998],[126.89067,37.82925],[126.90239,37.82389],[126.91411,37.82925],[126.91411,37.83998]]]},"properties":{"row":27,"col":-7,"walk_min":234.3,"nearest_station_id":"kr_447","nearest_station_name":"Deokgye","nearest_station_name_ko":"덕계","a":120,"c":120,"e":120,"g":120,"i":120,"k":120,"m":120,"o":120,"b":120,"d":120,"f":120,"h":120,"j":120,"l":120,"n":120,"p":120}},{"type":"Feature","geometry":{"type":"Polygon","coordinates":[[[126.87894,37.79169],[126.86722,37.79706],[126.8555,37.79169],[126.8555,37.78096],[126.86722,37.7756],[126.87894,37.78096],[126.87894,37.79169]]]},"properties":{"row":24,"col":-7,"walk_min":238.3,"nearest_station_id":"kr_145","nearest_station_name":"Wondang","nearest_station_name_ko":"원당","a":120,"c":120,"e":120,"g":120,"i":120,"k":120,"m":120,"o":120,"b":120,"d":120,"f":120,"h":120,"j":120,"l":120,"n":120,"p":120}},{"type":"Feature","geometry":{"type":"Polygon","coordinates":[[[126.89067,37.80779],[126.87894,37.81316],[126.86722,37.80779],[126.86722,37.79706],[126.87894,37.79169],[126.89067,37.79706],[126.89067,37.80779]]]},"properties":{"row":25,"col":-7,"walk_min":236.1,"nearest_station_id":"kr_092","nearest_station_name":"Yangju","nearest_station_name_ko":"양주","a":120,"c":120,"e":120,"g":120,"i":120,"k":120,"m":120,"o":120,"b":120,"d":120,"f":120,"h":120,"j":120,"l":120,"n":120,"p":120}},{"type":"Feature","geometry":{"type":"Polygon","coordinates":[[[126.87894,37.82389],[126.86722,37.82925],[126.8555,37.82389],[126.8555,37.81316],[126.86722,37.80779],[126.87894,37.81316],[126.87894,37.82389]]]},"properties":{"row":26,"col":-8,"walk_min":262.4,"nearest_station_id":"kr_092","nearest_station_name":"Yangju","nearest_station_name_ko":"양주","a":120,"c":120,"e":120,"g":120,"i":120,"k":120,"m":120,"o":120,"b":120,"d":120,"f":120,"h":120,"j":120,"l":120,"n":120,"p":120}},{"type":"Feature","geometry":{"type":"Polygon","coordinates":[[[126.63278,37.64682],[126.62106,37.65219],[126.60933,37.64682],[126.60933,37.63609],[126.62106,37.63072],[126.63278,37.63609],[126.63278,37.64682]]]},"properties":{"row":15,"col":-13,"walk_min":233.3,"nearest_station_id":"kr_424","nearest_station_name":"Daehwa","nearest_station_name_ko":"대화","a":120,"c":120,"e":120,"g":120,"i":120,"k":120,"m":120,"o":120,"b":120,"d":120,"f":120,"h":120,"j":120,"l":120,"n":120,"p":120}},{"type":"Feature","geometry":{"type":"Polygon","coordinates":[[[127.23061,37.2122],[127.21889,37.21757],[127.20716,37.2122],[127.20716,37.20147],[127.21889,37.19611],[127.23061,37.20147],[127.23061,37.2122]]]},"properties":{"row":-12,"col":26,"walk_min":240.9,"nearest_station_id":"kr_416","nearest_station_name":"Osan College","nearest_station_name_ko":"오산대","a":120,"c":120,"e":120,"g":120,"i":120,"k":120,"m":120,"o":120,"b":120,"d":120,"f":120,"h":120,"j":120,"l":120,"n":120,"p":120}},{"type":"Feature","geometry":{"type":"Polygon","coordinates":[[[127.24233,37.83998],[127.23061,37.84535],[127.21889,37.83998],[127.21889,37.82925],[127.23061,37.82389],[127.24233,37.82925],[127.24233,37.83998]]]},"properties":{"row":27,"col":7,"walk_min":232.1,"nearest_station_id":"kr_470","nearest_station_name":"Jinjeop","nearest_station_name_ko":"진접","a":120,"c":120,"e":120,"g":120,"i":120,"k":120,"m":120,"o":120,"b":120,"d":120,"f":120,"h":120,"j":120,"l":120,"n":120,"p":120}},{"type":"Feature","geometry":{"type":"Polygon","coordinates":[[[127.26577,37.83998],[127.25405,37.84535],[127.24233,37.83998],[127.24233,37.82925],[127.25405,37.82389],[127.26577,37.82925],[127.26577,37.83998]]]},"properties":{"row":27,"col":8,"walk_min":245.5,"nearest_station_id":"kr_470","nearest_station_name":"Jinjeop","nearest_station_name_ko":"진접","a":120,"c":120,"e":120,"g":120,"i":120,"k":120,"m":120,"o":120,"b":120,"d":120,"f":120,"h":120,"j":120,"l":120,"n":120,"p":120}},{"type":"Feature","geometry":{"type":"Polygon","coordinates":[[[126.66794,37.66292],[126.65622,37.66828],[126.6445,37.66292],[126.6445,37.65219],[126.65622,37.64682],[126.66794,37.65219],[126.66794,37.66292]]]},"properties":{"row":16,"col":-12,"walk_min":234.7,"nearest_station_id":"kr_424","nearest_station_name":"Daehwa","nearest_station_name_ko":"대화","a":120,"c":120,"e":120,"g":120,"i":120,"k":120,"m":120,"o":120,"b":120,"d":120,"f":120,"h":120,"j":120,"l":120,"n":120,"p":120}},{"type":"Feature","geometry":{"type":"Polygon","coordinates":[[[126.83206,37.18001],[126.82033,37.18537],[126.80861,37.18001],[126.80861,37.16928],[126.82033,37.16391],[126.83206,37.16928],[126.83206,37.18001]]]},"properties":{"row":-14,"col":10,"walk_min":233.4,"nearest_station_id":"kr_114","nearest_station_name":"Sangnoksu","nearest_station_name_ko":"상록수","a":120,"c":120,"e":120,"g":120,"i":120,"k":120,"m":120,"o":120,"b":120,"d":120,"f":120,"h":120,"j":120,"l":120,"n":120,"p":120}},{"type":"Feature","geometry":{"type":"Polygon","coordinates":[[[126.91411,37.16391],[126.90239,37.16928],[126.89067,37.16391],[126.89067,37.15318],[126.90239,37.14781],[126.91411,37.15318],[126.91411,37.16391]]]},"properties":{"row":-15,"col":14,"walk_min":228.6,"nearest_station_id":"kr_047","nearest_station_name":"Byeongjeom","nearest_station_name_ko":"병점","a":120,"c":120,"e":120,"g":120,"i":120,"k":120,"m":120,"o":120,"b":120,"d":120,"f":120,"h":120,"j":120,"l":120,"n":120,"p":120}},{"type":"Feature","geometry":{"type":"Polygon","coordinates":[[[126.60933,37.35707],[126.59761,37.36244],[126.58589,37.35707],[126.58589,37.34634],[126.59761,37.34098],[126.60933,37.34634],[126.60933,37.35707]]]},"properties":{"row":-3,"col":-5,"walk_min":249.3,"nearest_station_id":"kr_428","nearest_station_name":"Oido","nearest_station_name_ko":"오이도","a":120,"c":120,"e":120,"g":120,"i":120,"k":120,"m":120,"o":120,"b":120,"d":120,"f":120,"h":120,"j":120,"l":120,"n":120,"p":120}},{"type":"Feature","geometry":{"type":"Polygon","coordinates":[[[126.76172,37.2122],[126.75,37.21757],[126.73828,37.2122],[126.73828,37.20147],[126.75,37.19611],[126.76172,37.20147],[126.76172,37.2122]]]},"properties":{"row":-12,"col":6,"walk_min":251.5,"nearest_station_id":"kr_230","nearest_station_name":"Choji","nearest_station_name_ko":"초지","a":120,"c":120,"e":120,"g":120,"i":120,"k":120,"m":120,"o":120,"b":120,"d":120,"f":120,"h":120,"j":120,"l":120,"n":120,"p":120}},{"type":"Feature","geometry":{"type":"Polygon","coordinates":[[[126.77344,37.19611],[126.76172,37.20147],[126.75,37.19611],[126.75,37.18537],[126.76172,37.18001],[126.77344,37.18537],[126.77344,37.19611]]]},"properties":{"row":-13,"col":7,"walk_min":246.3,"nearest_station_id":"kr_230","nearest_station_name":"Choji","nearest_station_name_ko":"초지","a":120,"c":120,"e":120,"g":120,"i":120,"k":120,"m":120,"o":120,"b":120,"d":120,"f":120,"h":120,"j":120,"l":120,"n":120,"p":120}},{"type":"Feature","geometry":{"type":"Polygon","coordinates":[[[126.69139,37.82389],[126.67967,37.82925],[126.66794,37.82389],[126.66794,37.81316],[126.67967,37.80779],[126.69139,37.81316],[126.69139,37.82389]]]},"properties":{"row":26,"col":-16,"walk_min":236.7,"nearest_station_id":"kr_424","nearest_station_name":"Daehwa","nearest_station_name_ko":"대화","a":120,"c":120,"e":120,"g":120,"i":120,"k":120,"m":120,"o":120,"b":120,"d":120,"f":120,"h":120,"j":120,"l":120,"n":120,"p":120}},{"type":"Feature","geometry":{"type":"Polygon","coordinates":[[[126.80861,37.18001],[126.79689,37.18537],[126.78517,37.18001],[126.78517,37.16928],[126.79689,37.16391],[126.80861,37.16928],[126.80861,37.18001]]]},"properties":{"row":-14,"col":9,"walk_min":277.3,"nearest_station_id":"kr_114","nearest_station_name":"Sangnoksu","nearest_station_name_ko":"상록수","a":120,"c":120,"e":120,"g":120,"i":120,"k":120,"m":120,"o":120,"b":120,"d":120,"f":120,"h":120,"j":120,"l":120,"n":120,"p":120}},{"type":"Feature","geometry":{"type":"Polygon","coordinates":[[[126.58589,37.61463],[126.57417,37.61999],[126.56245,37.61463],[126.56245,37.60389],[126.57417,37.59853],[126.58589,37.60389],[126.58589,37.61463]]]},"properties":{"row":13,"col":-14,"walk_min":238.3,"nearest_station_id":"kr_458","nearest_station_name":"Incheon","nearest_station_name_ko":"인천","a":120,"c":120,"e":120,"g":120,"i":120,"k":120,"m":120,"o":120,"b":120,"d":120,"f":120,"h":120,"j":120,"l":120,"n":120,"p":120}},{"type":"Feature","geometry":{"type":"Polygon","coordinates":[[[126.72656,37.83998],[126.71483,37.84535],[126.70311,37.83998],[126.70311,37.82925],[126.71483,37.82389],[126.72656,37.82925],[126.72656,37.83998]]]},"properties":{"row":27,"col":-15,"walk_min":233.2,"nearest_station_id":"kr_424","nearest_station_name":"Daehwa","nearest_station_name_ko":"대화","a":120,"c":120,"e":120,"g":120,"i":120,"k":120,"m":120,"o":120,"b":120,"d":120,"f":120,"h":120,"j":120,"l":120,"n":120,"p":120}},{"type":"Feature","geometry":{"type":"Polygon","coordinates":[[[126.77344,37.83998],[126.76172,37.84535],[126.75,37.83998],[126.75,37.82925],[126.76172,37.82389],[126.77344,37.82925],[126.77344,37.83998]]]},"properties":{"row":27,"col":-13,"walk_min":242.5,"nearest_station_id":"kr_424","nearest_station_name":"Daehwa","nearest_station_name_ko":"대화","a":120,"c":120,"e":120,"g":120,"i":120,"k":120,"m":120,"o":120,"b":120,"d":120,"f":120,"h":120,"j":120,"l":120,"n":120,"p":120}},{"type":"Feature","geometry":{"type":"Polygon","coordinates":[[[126.79689,37.83998],[126.78517,37.84535],[126.77344,37.83998],[126.77344,37.82925],[126.78517,37.82389],[126.79689,37.82925],[126.79689,37.83998]]]},"properties":{"row":27,"col":-12,"walk_min":243.0,"nearest_station_id":"kr_424","nearest_station_name":"Daehwa","nearest_station_name_ko":"대화","a":120,"c":120,"e":120,"g":120,"i":120,"k":120,"m":120,"o":120,"b":120,"d":120,"f":120,"h":120,"j":120,"l":120,"n":120,"p":120}},{"type":"Feature","geometry":{"type":"Polygon","coordinates":[[[126.78517,37.18001],[126.77344,37.18537],[126.76172,37.18001],[126.76172,37.16928],[126.77344,37.16391],[126.78517,37.16928],[126.78517,37.18001]]]},"properties":{"row":-14,"col":8,"walk_min":278.7,"nearest_station_id":"kr_114","nearest_station_name":"Sangnoksu","nearest_station_name_ko":"상록수","a":120,"c":120,"e":120,"g":120,"i":120,"k":120,"m":120,"o":120,"b":120,"d":120,"f":120,"h":120,"j":120,"l":120,"n":120,"p":120}},{"type":"Feature","geometry":{"type":"Polygon","coordinates":[[[126.75,37.83998],[126.73828,37.84535],[126.72656,37.83998],[126.72656,37.82925],[126.73828,37.82389],[126.75,37.82925],[126.75,37.83998]]]},"properties":{"row":27,"col":-14,"walk_min":240.8,"nearest_station_id":"kr_424","nearest_station_name":"Daehwa","nearest_station_name_ko":"대화","a":120,"c":120,"e":120,"g":120,"i":120,"k":120,"m":120,"o":120,"b":120,"d":120,"f":120,"h":120,"j":120,"l":120,"n":120,"p":120}},{"type":"Feature","geometry":{"type":"Polygon","coordinates":[[[126.59761,37.63072],[126.58589,37.63609],[126.57417,37.63072],[126.57417,37.61999],[126.58589,37.61463],[126.59761,37.61999],[126.59761,37.63072]]]},"properties":{"row":14,"col":-14,"walk_min":248.1,"nearest_station_id":"kr_424","nearest_station_name":"Daehwa","nearest_station_name_ko":"대화","a":120,"c":120,"e":120,"g":120,"i":120,"k":120,"m":120,"o":120,"b":120,"d":120,"f":120,"h":120,"j":120,"l":120,"n":120,"p":120}},{"type":"Feature","geometry":{"type":"Polygon","coordinates":[[[126.86722,37.80779],[126.8555,37.81316],[126.84378,37.80779],[126.84378,37.79706],[126.8555,37.79169],[126.86722,37.79706],[126.86722,37.80779]]]},"properties":{"row":25,"col":-8,"walk_min":259.3,"nearest_station_id":"kr_145","nearest_station_name":"Wondang","nearest_station_name_ko":"원당","a":120,"c":120,"e":120,"g":120,"i":120,"k":120,"m":120,"o":120,"b":120,"d":120,"f":120,"h":120,"j":120,"l":120,"n":120,"p":120}},{"type":"Feature","geometry":{"type":"Polygon","coordinates":[[[126.84378,37.80779],[126.83206,37.81316],[126.82033,37.80779],[126.82033,37.79706],[126.83206,37.79169],[126.84378,37.79706],[126.84378,37.80779]]]},"properties":{"row":25,"col":-9,"walk_min":261.2,"nearest_station_id":"kr_424","nearest_station_name":"Daehwa","nearest_station_name_ko":"대화","a":120,"c":120,"e":120,"g":120,"i":120,"k":120,"m":120,"o":120,"b":120,"d":120,"f":120,"h":120,"j":120,"l":120,"n":120,"p":120}},{"type":"Feature","geometry":{"type":"Polygon","coordinates":[[[127.24233,37.19611],[127.23061,37.20147],[127.21889,37.19611],[127.21889,37.18537],[127.23061,37.18001],[127.24233,37.18537],[127.24233,37.19611]]]},"properties":{"row":-13,"col":27,"walk_min":262.4,"nearest_station_id":"kr_416","nearest_station_name":"Osan College","nearest_station_name_ko":"오산대","a":120,"c":120,"e":120,"g":120,"i":120,"k":120,"m":120,"o":120,"b":120,"d":120,"f":120,"h":120,"j":120,"l":120,"n":120,"p":120}},{"type":"Feature","geometry":{"type":"Polygon","coordinates":[[[126.92583,37.85608],[126.91411,37.86145],[126.90239,37.85608],[126.90239,37.84535],[126.91411,37.83998],[126.92583,37.84535],[126.92583,37.85608]]]},"properties":{"row":28,"col":-7,"walk_min":244.7,"nearest_station_id":"kr_447","nearest_station_name":"Deokgye","nearest_station_name_ko":"덕계","a":120,"c":120,"e":120,"g":120,"i":120,"k":120,"m":120,"o":120,"b":120,"d":120,"f":120,"h":120,"j":120,"l":120,"n":120,"p":120}},{"type":"Feature","geometry":{"type":"Polygon","coordinates":[[[126.65622,37.67901],[126.6445,37.68438],[126.63278,37.67901],[126.63278,37.66828],[126.6445,37.66292],[126.65622,37.66828],[126.65622,37.67901]]]},"properties":{"row":17,"col":-13,"walk_min":260.6,"nearest_station_id":"kr_424","nearest_station_name":"Daehwa","nearest_station_name_ko":"대화","a":120,"c":120,"e":120,"g":120,"i":120,"k":120,"m":120,"o":120,"b":120,"d":120,"f":120,"h":120,"j":120,"l":120,"n":120,"p":120}},{"type":"Feature","geometry":{"type":"Polygon","coordinates":[[[126.86722,37.16391],[126.8555,37.16928],[126.84378,37.16391],[126.84378,37.15318],[126.8555,37.14781],[126.86722,37.15318],[126.86722,37.16391]]]},"properties":{"row":-15,"col":12,"walk_min":247.5,"nearest_station_id":"kr_114","nearest_station_name":"Sangnoksu","nearest_station_name_ko":"상록수","a":120,"c":120,"e":120,"g":120,"i":120,"k":120,"m":120,"o":120,"b":120,"d":120,"f":120,"h":120,"j":120,"l":120,"n":120,"p":120}},{"type":"Feature","geometry":{"type":"Polygon","coordinates":[[[127.25405,37.2122],[127.24233,37.21757],[127.23061,37.2122],[127.23061,37.20147],[127.24233,37.19611],[127.25405,37.20147],[127.25405,37.2122]]]},"properties":{"row":-12,"col":27,"walk_min":256.7,"nearest_station_id":"kr_416","nearest_station_name":"Osan College","nearest_station_name_ko":"오산대","a":120,"c":120,"e":120,"g":120,"i":120,"k":120,"m":120,"o":120,"b":120,"d":120,"f":120,"h":120,"j":120,"l":120,"n":120,"p":120}},{"type":"Feature","geometry":{"type":"Polygon","coordinates":[[[126.6445,37.66292],[126.63278,37.66828],[126.62106,37.66292],[126.62106,37.65219],[126.63278,37.64682],[126.6445,37.65219],[126.6445,37.66292]]]},"properties":{"row":16,"col":-13,"walk_min":248.1,"nearest_station_id":"kr_424","nearest_station_name":"Daehwa","nearest_station_name_ko":"대화","a":120,"c":120,"e":120,"g":120,"i":120,"k":120,"m":120,"o":120,"b":120,"d":120,"f":120,"h":120,"j":120,"l":120,"n":120,"p":120}},{"type":"Feature","geometry":{"type":"Polygon","coordinates":[[[126.60933,37.64682],[126.59761,37.65219],[126.58589,37.64682],[126.58589,37.63609],[126.59761,37.63072],[126.60933,37.63609],[126.60933,37.64682]]]},"properties":{"row":15,"col":-14,"walk_min":256.0,"nearest_station_id":"kr_424","nearest_station_name":"Daehwa","nearest_station_name_ko":"대화","a":120,"c":120,"e":120,"g":120,"i":120,"k":120,"m":120,"o":120,"b":120,"d":120,"f":120,"h":120,"j":120,"l":120,"n":120,"p":120}},{"type":"Feature","geometry":{"type":"Polygon","coordinates":[[[126.70311,37.83998],[126.69139,37.84535],[126.67967,37.83998],[126.67967,37.82925],[126.69139,37.82389],[126.70311,37.82925],[126.70311,37.83998]]]},"properties":{"row":27,"col":-16,"walk_min":246.1,"nearest_station_id":"kr_424","nearest_station_name":"Daehwa","nearest_station_name_ko":"대화","a":120,"c":120,"e":120,"g":120,"i":120,"k":120,"m":120,"o":120,"b":120,"d":120,"f":120,"h":120,"j":120,"l":120,"n":120,"p":120}},{"type":"Feature","geometry":{"type":"Polygon","coordinates":[[[126.59761,37.34098],[126.58589,37.34634],[126.57417,37.34098],[126.57417,37.33025],[126.58589,37.32488],[126.59761,37.33025],[126.59761,37.34098]]]},"properties":{"row":-4,"col":-5,"walk_min":262.2,"nearest_station_id":"kr_428","nearest_station_name":"Oido","nearest_station_name_ko":"오이도","a":120,"c":120,"e":120,"g":120,"i":120,"k":120,"m":120,"o":120,"b":120,"d":120,"f":120,"h":120,"j":120,"l":120,"n":120,"p":120}},{"type":"Feature","geometry":{"type":"Polygon","coordinates":[[[126.58589,37.35707],[126.57417,37.36244],[126.56245,37.35707],[126.56245,37.34634],[126.57417,37.34098],[126.58589,37.34634],[126.58589,37.35707]]]},"properties":{"row":-3,"col":-6,"walk_min":260.9,"nearest_station_id":"kr_428","nearest_station_name":"Oido","nearest_station_name_ko":"오이도","a":120,"c":120,"e":120,"g":120,"i":120,"k":120,"m":120,"o":120,"b":120,"d":120,"f":120,"h":120,"j":120,"l":120,"n":120,"p":120}},{"type":"Feature","geometry":{"type":"Polygon","coordinates":[[[126.62106,37.66292],[126.60933,37.66828],[126.59761,37.66292],[126.59761,37.65219],[126.60933,37.64682],[126.62106,37.65219],[126.62106,37.66292]]]},"properties":{"row":16,"col":-14,"walk_min":256.6,"nearest_station_id":"kr_424","nearest_station_name":"Daehwa","nearest_station_name_ko":"대화","a":120,"c":120,"e":120,"g":120,"i":120,"k":120,"m":120,"o":120,"b":120,"d":120,"f":120,"h":120,"j":120,"l":120,"n":120,"p":120}},{"type":"Feature","geometry":{"type":"Polygon","coordinates":[[[127.24233,37.2283],[127.23061,37.23366],[127.21889,37.2283],[127.21889,37.21757],[127.23061,37.2122],[127.24233,37.21757],[127.24233,37.2283]]]},"properties":{"row":-11,"col":26,"walk_min":245.7,"nearest_station_id":"kr_233","nearest_station_name":"Suji-gu Office","nearest_station_name_ko":"수지구청","a":120,"c":120,"e":120,"g":120,"i":120,"k":120,"m":120,"o":120,"b":120,"d":120,"f":120,"h":120,"j":120,"l":120,"n":120,"p":120}},{"type":"Feature","geometry":{"type":"Polygon","coordinates":[[[127.25405,37.85608],[127.24233,37.86145],[127.23061,37.85608],[127.23061,37.84535],[127.24233,37.83998],[127.25405,37.84535],[127.25405,37.85608]]]},"properties":{"row":28,"col":7,"walk_min":245.8,"nearest_station_id":"kr_470","nearest_station_name":"Jinjeop","nearest_station_name_ko":"진접","a":120,"c":120,"e":120,"g":120,"i":120,"k":120,"m":120,"o":120,"b":120,"d":120,"f":120,"h":120,"j":120,"l":120,"n":120,"p":120}},{"type":"Feature","geometry":{"type":"Polygon","coordinates":[[[126.75,37.19611],[126.73828,37.20147],[126.72656,37.19611],[126.72656,37.18537],[126.73828,37.18001],[126.75,37.18537],[126.75,37.19611]]]},"properties":{"row":-13,"col":6,"walk_min":269.1,"nearest_station_id":"kr_230","nearest_station_name":"Choji","nearest_station_name_ko":"초지","a":120,"c":120,"e":120,"g":120,"i":120,"k":120,"m":120,"o":120,"b":120,"d":120,"f":120,"h":120,"j":120,"l":120,"n":120,"p":120}},{"type":"Feature","geometry":{"type":"Polygon","coordinates":[[[126.83206,37.82389],[126.82033,37.82925],[126.80861,37.82389],[126.80861,37.81316],[126.82033,37.80779],[126.83206,37.81316],[126.83206,37.82389]]]},"properties":{"row":26,"col":-10,"walk_min":281.3,"nearest_station_id":"kr_424","nearest_station_name":"Daehwa","nearest_station_name_ko":"대화","a":120,"c":120,"e":120,"g":120,"i":120,"k":120,"m":120,"o":120,"b":120,"d":120,"f":120,"h":120,"j":120,"l":120,"n":120,"p":120}},{"type":"Feature","geometry":{"type":"Polygon","coordinates":[[[127.21889,37.16391],[127.20716,37.16928],[127.19544,37.16391],[127.19544,37.15318],[127.20716,37.14781],[127.21889,37.15318],[127.21889,37.16391]]]},"properties":{"row":-15,"col":27,"walk_min":275.1,"nearest_station_id":"kr_053","nearest_station_name":"Osan","nearest_station_name_ko":"오산","a":120,"c":120,"e":120,"g":120,"i":120,"k":120,"m":120,"o":120,"b":120,"d":120,"f":120,"h":120,"j":120,"l":120,"n":120,"p":120}},{"type":"Feature","geometry":{"type":"Polygon","coordinates":[[[126.59761,37.37317],[126.58589,37.37854],[126.57417,37.37317],[126.57417,37.36244],[126.58589,37.35707],[126.59761,37.36244],[126.59761,37.37317]]]},"properties":{"row":-2,"col":-6,"walk_min":260.3,"nearest_station_id":"kr_428","nearest_station_name":"Oido","nearest_station_name_ko":"오이도","a":120,"c":120,"e":120,"g":120,"i":120,"k":120,"m":120,"o":120,"b":120,"d":120,"f":120,"h":120,"j":120,"l":120,"n":120,"p":120}},{"type":"Feature","geometry":{"type":"Polygon","coordinates":[[[126.76172,37.18001],[126.75,37.18537],[126.73828,37.18001],[126.73828,37.16928],[126.75,37.16391],[126.76172,37.16928],[126.76172,37.18001]]]},"properties":{"row":-14,"col":7,"walk_min":279.6,"nearest_station_id":"kr_230","nearest_station_name":"Choji","nearest_station_name_ko":"초지","a":120,"c":120,"e":120,"g":120,"i":120,"k":120,"m":120,"o":120,"b":120,"d":120,"f":120,"h":120,"j":120,"l":120,"n":120,"p":120}},{"type":"Feature","geometry":{"type":"Polygon","coordinates":[[[126.58589,37.64682],[126.57417,37.65219],[126.56245,37.64682],[126.56245,37.63609],[126.57417,37.63072],[126.58589,37.63609],[126.58589,37.64682]]]},"properties":{"row":15,"col":-15,"walk_min":291.2,"nearest_station_id":"kr_424","nearest_station_name":"Daehwa","nearest_station_name_ko":"대화","a":120,"c":120,"e":120,"g":120,"i":120,"k":120,"m":120,"o":120,"b":120,"d":120,"f":120,"h":120,"j":120,"l":120,"n":120,"p":120}},{"type":"Feature","geometry":{"type":"Polygon","coordinates":[[[126.8555,37.82389],[126.84378,37.82925],[126.83206,37.82389],[126.83206,37.81316],[126.84378,37.80779],[126.8555,37.81316],[126.8555,37.82389]]]},"properties":{"row":26,"col":-9,"walk_min":276.8,"nearest_station_id":"kr_424","nearest_station_name":"Daehwa","nearest_station_name_ko":"대화","a":120,"c":120,"e":120,"g":120,"i":120,"k":120,"m":120,"o":120,"b":120,"d":120,"f":120,"h":120,"j":120,"l":120,"n":120,"p":120}},{"type":"Feature","geometry":{"type":"Polygon","coordinates":[[[126.66794,37.69511],[126.65622,37.70048],[126.6445,37.69511],[126.6445,37.68438],[126.65622,37.67901],[126.66794,37.68438],[126.66794,37.69511]]]},"properties":{"row":18,"col":-13,"walk_min":268.9,"nearest_station_id":"kr_424","nearest_station_name":"Daehwa","nearest_station_name_ko":"대화","a":120,"c":120,"e":120,"g":120,"i":120,"k":120,"m":120,"o":120,"b":120,"d":120,"f":120,"h":120,"j":120,"l":120,"n":120,"p":120}},{"type":"Feature","geometry":{"type":"Polygon","coordinates":[[[127.2775,37.85608],[127.26577,37.86145],[127.25405,37.85608],[127.25405,37.84535],[127.26577,37.83998],[127.2775,37.84535],[127.2775,37.85608]]]},"properties":{"row":28,"col":8,"walk_min":262.9,"nearest_station_id":"kr_470","nearest_station_name":"Jinjeop","nearest_station_name_ko":"진접","a":120,"c":120,"e":120,"g":120,"i":120,"k":120,"m":120,"o":120,"b":120,"d":120,"f":120,"h":120,"j":120,"l":120,"n":120,"p":120}},{"type":"Feature","geometry":{"type":"Polygon","coordinates":[[[126.73828,37.2122],[126.72656,37.21757],[126.71483,37.2122],[126.71483,37.20147],[126.72656,37.19611],[126.73828,37.20147],[126.73828,37.2122]]]},"properties":{"row":-12,"col":5,"walk_min":284.4,"nearest_station_id":"kr_263","nearest_station_name":"Ansan","nearest_station_name_ko":"안산","a":120,"c":120,"e":120,"g":120,"i":120,"k":120,"m":120,"o":120,"b":120,"d":120,"f":120,"h":120,"j":120,"l":120,"n":120,"p":120}},{"type":"Feature","geometry":{"type":"Polygon","coordinates":[[[126.59761,37.66292],[126.58589,37.66828],[126.57417,37.66292],[126.57417,37.65219],[126.58589,37.64682],[126.59761,37.65219],[126.59761,37.66292]]]},"properties":{"row":16,"col":-15,"walk_min":278.9,"nearest_station_id":"kr_424","nearest_station_name":"Daehwa","nearest_station_name_ko":"대화","a":120,"c":120,"e":120,"g":120,"i":120,"k":120,"m":120,"o":120,"b":120,"d":120,"f":120,"h":120,"j":120,"l":120,"n":120,"p":120}},{"type":"Feature","geometry":{"type":"Polygon","coordinates":[[[126.63278,37.67901],[126.62106,37.68438],[126.60933,37.67901],[126.60933,37.66828],[126.62106,37.66292],[126.63278,37.66828],[126.63278,37.67901]]]},"properties":{"row":17,"col":-14,"walk_min":278.3,"nearest_station_id":"kr_424","nearest_station_name":"Daehwa","nearest_station_name_ko":"대화","a":120,"c":120,"e":120,"g":120,"i":120,"k":120,"m":120,"o":120,"b":120,"d":120,"f":120,"h":120,"j":120,"l":120,"n":120,"p":120}},{"type":"Feature","geometry":{"type":"Polygon","coordinates":[[[126.82033,37.83998],[126.80861,37.84535],[126.79689,37.83998],[126.79689,37.82925],[126.80861,37.82389],[126.82033,37.82925],[126.82033,37.83998]]]},"properties":{"row":27,"col":-11,"walk_min":296.8,"nearest_station_id":"kr_424","nearest_station_name":"Daehwa","nearest_station_name_ko":"대화","a":120,"c":120,"e":120,"g":120,"i":120,"k":120,"m":120,"o":120,"b":120,"d":120,"f":120,"h":120,"j":120,"l":120,"n":120,"p":120}},{"type":"Feature","geometry":{"type":"Polygon","coordinates":[[[126.60933,37.67901],[126.59761,37.68438],[126.58589,37.67901],[126.58589,37.66828],[126.59761,37.66292],[126.60933,37.66828],[126.60933,37.67901]]]},"properties":{"row":17,"col":-15,"walk_min":287.9,"nearest_station_id":"kr_424","nearest_station_name":"Daehwa","nearest_station_name_ko":"대화","a":120,"c":120,"e":120,"g":120,"i":120,"k":120,"m":120,"o":120,"b":120,"d":120,"f":120,"h":120,"j":120,"l":120,"n":120,"p":120}},{"type":"Feature","geometry":{"type":"Polygon","coordinates":[[[126.89067,37.83998],[126.87894,37.84535],[126.86722,37.83998],[126.86722,37.82925],[126.87894,37.82389],[126.89067,37.82925],[126.89067,37.83998]]]},"properties":{"row":27,"col":-8,"walk_min":272.2,"nearest_station_id":"kr_092","nearest_station_name":"Yangju","nearest_station_name_ko":"양주","a":120,"c":120,"e":120,"g":120,"i":120,"k":120,"m":120,"o":120,"b":120,"d":120,"f":120,"h":120,"j":120,"l":120,"n":120,"p":120}},{"type":"Feature","geometry":{"type":"Polygon","coordinates":[[[126.6445,37.69511],[126.63278,37.70048],[126.62106,37.69511],[126.62106,37.68438],[126.63278,37.67901],[126.6445,37.68438],[126.6445,37.69511]]]},"properties":{"row":18,"col":-14,"walk_min":292.9,"nearest_station_id":"kr_424","nearest_station_name":"Daehwa","nearest_station_name_ko":"대화","a":120,"c":120,"e":120,"g":120,"i":120,"k":120,"m":120,"o":120,"b":120,"d":120,"f":120,"h":120,"j":120,"l":120,"n":120,"p":120}},{"type":"Feature","geometry":{"type":"Polygon","coordinates":[[[126.65622,37.71121],[126.6445,37.71657],[126.63278,37.71121],[126.63278,37.70048],[126.6445,37.69511],[126.65622,37.70048],[126.65622,37.71121]]]},"properties":{"row":19,"col":-14,"walk_min":299.3,"nearest_station_id":"kr_424","nearest_station_name":"Daehwa","nearest_station_name_ko":"대화","a":120,"c":120,"e":120,"g":120,"i":120,"k":120,"m":120,"o":120,"b":120,"d":120,"f":120,"h":120,"j":120,"l":120,"n":120,"p":120}},{"type":"Feature","geometry":{"type":"Polygon","coordinates":[[[126.73828,37.18001],[126.72656,37.18537],[126.71483,37.18001],[126.71483,37.16928],[126.72656,37.16391],[126.73828,37.16928],[126.73828,37.18001]]]},"properties":{"row":-14,"col":6,"walk_min":301.4,"nearest_station_id":"kr_230","nearest_station_name":"Choji","nearest_station_name_ko":"초지","a":120,"c":120,"e":120,"g":120,"i":120,"k":120,"m":120,"o":120,"b":120,"d":120,"f":120,"h":120,"j":120,"l":120,"n":120,"p":120}},{"type":"Feature","geometry":{"type":"Polygon","coordinates":[[[126.72656,37.19611],[126.71483,37.20147],[126.70311,37.19611],[126.70311,37.18537],[126.71483,37.18001],[126.72656,37.18537],[126.72656,37.19611]]]},"properties":{"row":-13,"col":5,"walk_min":302.4,"nearest_station_id":"kr_263","nearest_station_name":"Ansan","nearest_station_name_ko":"안산","a":120,"c":120,"e":120,"g":120,"i":120,"k":120,"m":120,"o":120,"b":120,"d":120,"f":120,"h":120,"j":120,"l":120,"n":120,"p":120}},{"type":"Feature","geometry":{"type":"Polygon","coordinates":[[[126.75,37.2283],[126.73828,37.23366],[126.72656,37.2283],[126.72656,37.21757],[126.73828,37.2122],[126.75,37.21757],[126.75,37.2283]]]},"properties":{"row":-11,"col":5,"walk_min":289.1,"nearest_station_id":"kr_230","nearest_station_name":"Choji","nearest_station_name_ko":"초지","a":120,"c":120,"e":120,"g":120,"i":120,"k":120,"m":120,"o":120,"b":120,"d":120,"f":120,"h":120,"j":120,"l":120,"n":120,"p":120}},{"type":"Feature","geometry":{"type":"Polygon","coordinates":[[[126.76172,37.2444],[126.75,37.24976],[126.73828,37.2444],[126.73828,37.23366],[126.75,37.2283],[126.76172,37.23366],[126.76172,37.2444]]]},"properties":{"row":-10,"col":5,"walk_min":317.2,"nearest_station_id":"kr_263","nearest_station_name":"Ansan","nearest_station_name_ko":"안산","a":120,"c":120,"e":120,"g":120,"i":120,"k":120,"m":120,"o":120,"b":120,"d":120,"f":120,"h":120,"j":120,"l":120,"n":120,"p":120}},{"type":"Feature","geometry":{"type":"Polygon","coordinates":[[[126.72656,37.2283],[126.71483,37.23366],[126.70311,37.2283],[126.70311,37.21757],[126.71483,37.2122],[126.72656,37.21757],[126.72656,37.2283]]]},"properties":{"row":-11,"col":4,"walk_min":302.0,"nearest_station_id":"kr_263","nearest_station_name":"Ansan","nearest_station_name_ko":"안산","a":120,"c":120,"e":120,"g":120,"i":120,"k":120,"m":120,"o":120,"b":120,"d":120,"f":120,"h":120,"j":120,"l":120,"n":120,"p":120}},{"type":"Feature","geometry":{"type":"Polygon","coordinates":[[[126.73828,37.2444],[126.72656,37.24976],[126.71483,37.2444],[126.71483,37.23366],[126.72656,37.2283],[126.73828,37.23366],[126.73828,37.2444]]]},"properties":{"row":-10,"col":4,"walk_min":317.2,"nearest_station_id":"kr_263","nearest_station_name":"Ansan","nearest_station_name_ko":"안산","a":120,"c":120,"e":120,"g":120,"i":120,"k":120,"m":120,"o":120,"b":120,"d":120,"f":120,"h":120,"j":120,"l":120,"n":120,"p":120}},{"type":"Feature","geometry":{"type":"Polygon","coordinates":[[[126.86722,37.83998],[126.8555,37.84535],[126.84378,37.83998],[126.84378,37.82925],[126.8555,37.82389],[126.86722,37.82925],[126.86722,37.83998]]]},"properties":{"row":27,"col":-9,"walk_min":283.0,"nearest_station_id":"kr_092","nearest_station_name":"Yangju","nearest_station_name_ko":"양주","a":120,"c":120,"e":120,"g":120,"i":120,"k":120,"m":120,"o":120,"b":120,"d":120,"f":120,"h":120,"j":120,"l":120,"n":120,"p":120}},{"type":"Feature","geometry":{"type":"Polygon","coordinates":[[[126.84378,37.83998],[126.83206,37.84535],[126.82033,37.83998],[126.82033,37.82925],[126.83206,37.82389],[126.84378,37.82925],[126.84378,37.83998]]]},"properties":{"row":27,"col":-10,"walk_min":307.2,"nearest_station_id":"kr_424","nearest_station_name":"Daehwa","nearest_station_name_ko":"대화","a":120,"c":120,"e":120,"g":120,"i":120,"k":120,"m":120,"o":120,"b":120,"d":120,"f":120,"h":120,"j":120,"l":120,"n":120,"p":120}},{"type":"Feature","geometry":{"type":"Polygon","coordinates":[[[126.58589,37.67901],[126.57417,37.68438],[126.56245,37.67901],[126.56245,37.66828],[126.57417,37.66292],[126.58589,37.66828],[126.58589,37.67901]]]},"properties":{"row":17,"col":-16,"walk_min":321.2,"nearest_station_id":"kr_424","nearest_station_name":"Daehwa","nearest_station_name_ko":"대화","a":120,"c":120,"e":120,"g":120,"i":120,"k":120,"m":120,"o":120,"b":120,"d":120,"f":120,"h":120,"j":120,"l":120,"n":120,"p":120}},{"type":"Feature","geometry":{"type":"Polygon","coordinates":[[[126.66794,37.7273],[126.65622,37.73267],[126.6445,37.7273],[126.6445,37.71657],[126.65622,37.71121],[126.66794,37.71657],[126.66794,37.7273]]]},"properties":{"row":20,"col":-14,"walk_min":316.9,"nearest_station_id":"kr_424","nearest_station_name":"Daehwa","nearest_station_name_ko":"대화","a":120,"c":120,"e":120,"g":120,"i":120,"k":120,"m":120,"o":120,"b":120,"d":120,"f":120,"h":120,"j":120,"l":120,"n":120,"p":120}},{"type":"Feature","geometry":{"type":"Polygon","coordinates":[[[127.25405,37.18001],[127.24233,37.18537],[127.23061,37.18001],[127.23061,37.16928],[127.24233,37.16391],[127.25405,37.16928],[127.25405,37.18001]]]},"properties":{"row":-14,"col":28,"walk_min":302.8,"nearest_station_id":"kr_416","nearest_station_name":"Osan College","nearest_station_name_ko":"오산대","a":120,"c":120,"e":120,"g":120,"i":120,"k":120,"m":120,"o":120,"b":120,"d":120,"f":120,"h":120,"j":120,"l":120,"n":120,"p":120}},{"type":"Feature","geometry":{"type":"Polygon","coordinates":[[[127.26577,37.19611],[127.25405,37.20147],[127.24233,37.19611],[127.24233,37.18537],[127.25405,37.18001],[127.26577,37.18537],[127.26577,37.19611]]]},"properties":{"row":-13,"col":28,"walk_min":315.0,"nearest_station_id":"kr_416","nearest_station_name":"Osan College","nearest_station_name_ko":"오산대","a":120,"c":120,"e":120,"g":120,"i":120,"k":120,"m":120,"o":120,"b":120,"d":120,"f":120,"h":120,"j":120,"l":120,"n":120,"p":120}},{"type":"Feature","geometry":{"type":"Polygon","coordinates":[[[126.62106,37.69511],[126.60933,37.70048],[126.59761,37.69511],[126.59761,37.68438],[126.60933,37.67901],[126.62106,37.68438],[126.62106,37.69511]]]},"properties":{"row":18,"col":-15,"walk_min":306.4,"nearest_station_id":"kr_424","nearest_station_name":"Daehwa","nearest_station_name_ko":"대화","a":120,"c":120,"e":120,"g":120,"i":120,"k":120,"m":120,"o":120,"b":120,"d":120,"f":120,"h":120,"j":120,"l":120,"n":120,"p":120}},{"type":"Feature","geometry":{"type":"Polygon","coordinates":[[[126.63278,37.71121],[126.62106,37.71657],[126.60933,37.71121],[126.60933,37.70048],[126.62106,37.69511],[126.63278,37.70048],[126.63278,37.71121]]]},"properties":{"row":19,"col":-15,"walk_min":319.7,"nearest_station_id":"kr_424","nearest_station_name":"Daehwa","nearest_station_name_ko":"대화","a":120,"c":120,"e":120,"g":120,"i":120,"k":120,"m":120,"o":120,"b":120,"d":120,"f":120,"h":120,"j":120,"l":120,"n":120,"p":120}},{"type":"Feature","geometry":{"type":"Polygon","coordinates":[[[126.6445,37.7273],[126.63278,37.73267],[126.62106,37.7273],[126.62106,37.71657],[126.63278,37.71121],[126.6445,37.71657],[126.6445,37.7273]]]},"properties":{"row":20,"col":-15,"walk_min":329.1,"nearest_station_id":"kr_424","nearest_station_name":"Daehwa","nearest_station_name_ko":"대화","a":120,"c":120,"e":120,"g":120,"i":120,"k":120,"m":120,"o":120,"b":120,"d":120,"f":120,"h":120,"j":120,"l":120,"n":120,"p":120}},{"type":"Feature","geometry":{"type":"Polygon","coordinates":[[[126.72656,37.16391],[126.71483,37.16928],[126.70311,37.16391],[126.70311,37.15318],[126.71483,37.14781],[126.72656,37.15318],[126.72656,37.16391]]]},"properties":{"row":-15,"col":6,"walk_min":325.4,"nearest_station_id":"kr_230","nearest_station_name":"Choji","nearest_station_name_ko":"초지","a":120,"c":120,"e":120,"g":120,"i":120,"k":120,"m":120,"o":120,"b":120,"d":120,"f":120,"h":120,"j":120,"l":120,"n":120,"p":120}},{"type":"Feature","geometry":{"type":"Polygon","coordinates":[[[126.75,37.16391],[126.73828,37.16928],[126.72656,37.16391],[126.72656,37.15318],[126.73828,37.14781],[126.75,37.15318],[126.75,37.16391]]]},"properties":{"row":-15,"col":7,"walk_min":304.0,"nearest_station_id":"kr_230","nearest_station_name":"Choji","nearest_station_name_ko":"초지","a":120,"c":120,"e":120,"g":120,"i":120,"k":120,"m":120,"o":120,"b":120,"d":120,"f":120,"h":120,"j":120,"l":120,"n":120,"p":120}},{"type":"Feature","geometry":{"type":"Polygon","coordinates":[[[126.71483,37.18001],[126.70311,37.18537],[126.69139,37.18001],[126.69139,37.16928],[126.70311,37.16391],[126.71483,37.16928],[126.71483,37.18001]]]},"properties":{"row":-14,"col":5,"walk_min":324.8,"nearest_station_id":"kr_230","nearest_station_name":"Choji","nearest_station_name_ko":"초지","a":120,"c":120,"e":120,"g":120,"i":120,"k":120,"m":120,"o":120,"b":120,"d":120,"f":120,"h":120,"j":120,"l":120,"n":120,"p":120}},{"type":"Feature","geometry":{"type":"Polygon","coordinates":[[[126.71483,37.2444],[126.70311,37.24976],[126.69139,37.2444],[126.69139,37.23366],[126.70311,37.2283],[126.71483,37.23366],[126.71483,37.2444]]]},"properties":{"row":-10,"col":3,"walk_min":331.7,"nearest_station_id":"kr_263","nearest_station_name":"Ansan","nearest_station_name_ko":"안산","a":120,"c":120,"e":120,"g":120,"i":120,"k":120,"m":120,"o":120,"b":120,"d":120,"f":120,"h":120,"j":120,"l":120,"n":120,"p":120}},{"type":"Feature","geometry":{"type":"Polygon","coordinates":[[[126.71483,37.2122],[126.70311,37.21757],[126.69139,37.2122],[126.69139,37.20147],[126.70311,37.19611],[126.71483,37.20147],[126.71483,37.2122]]]},"properties":{"row":-12,"col":4,"walk_min":318.6,"nearest_station_id":"kr_263","nearest_station_name":"Ansan","nearest_station_name_ko":"안산","a":120,"c":120,"e":120,"g":120,"i":120,"k":120,"m":120,"o":120,"b":120,"d":120,"f":120,"h":120,"j":120,"l":120,"n":120,"p":120}},{"type":"Feature","geometry":{"type":"Polygon","coordinates":[[[126.75,37.26049],[126.73828,37.26586],[126.72656,37.26049],[126.72656,37.24976],[126.73828,37.2444],[126.75,37.24976],[126.75,37.26049]]]},"properties":{"row":-9,"col":4,"walk_min":339.2,"nearest_station_id":"kr_263","nearest_station_name":"Ansan","nearest_station_name_ko":"안산","a":120,"c":120,"e":120,"g":120,"i":120,"k":120,"m":120,"o":120,"b":120,"d":120,"f":120,"h":120,"j":120,"l":120,"n":120,"p":120}},{"type":"Feature","geometry":{"type":"Polygon","coordinates":[[[126.59761,37.69511],[126.58589,37.70048],[126.57417,37.69511],[126.57417,37.68438],[126.58589,37.67901],[126.59761,37.68438],[126.59761,37.69511]]]},"properties":{"row":18,"col":-16,"walk_min":316.6,"nearest_station_id":"kr_424","nearest_station_name":"Daehwa","nearest_station_name_ko":"대화","a":120,"c":120,"e":120,"g":120,"i":120,"k":120,"m":120,"o":120,"b":120,"d":120,"f":120,"h":120,"j":120,"l":120,"n":120,"p":120}},{"type":"Feature","geometry":{"type":"Polygon","coordinates":[[[126.65622,37.7434],[126.6445,37.74877],[126.63278,37.7434],[126.63278,37.73267],[126.6445,37.7273],[126.65622,37.73267],[126.65622,37.7434]]]},"properties":{"row":21,"col":-15,"walk_min":344.3,"nearest_station_id":"kr_424","nearest_station_name":"Daehwa","nearest_station_name_ko":"대화","a":120,"c":120,"e":120,"g":120,"i":120,"k":120,"m":120,"o":120,"b":120,"d":120,"f":120,"h":120,"j":120,"l":120,"n":120,"p":120}},{"type":"Feature","geometry":{"type":"Polygon","coordinates":[[[126.67967,37.7434],[126.66794,37.74877],[126.65622,37.7434],[126.65622,37.73267],[126.66794,37.7273],[126.67967,37.73267],[126.67967,37.7434]]]},"properties":{"row":21,"col":-14,"walk_min":337.0,"nearest_station_id":"kr_424","nearest_station_name":"Daehwa","nearest_station_name_ko":"대화","a":120,"c":120,"e":120,"g":120,"i":120,"k":120,"m":120,"o":120,"b":120,"d":120,"f":120,"h":120,"j":120,"l":120,"n":120,"p":120}},{"type":"Feature","geometry":{"type":"Polygon","coordinates":[[[126.77344,37.26049],[126.76172,37.26586],[126.75,37.26049],[126.75,37.24976],[126.76172,37.2444],[126.77344,37.24976],[126.77344,37.26049]]]},"properties":{"row":-9,"col":5,"walk_min":345.8,"nearest_station_id":"kr_263","nearest_station_name":"Ansan","nearest_station_name_ko":"안산","a":120,"c":120,"e":120,"g":120,"i":120,"k":120,"m":120,"o":120,"b":120,"d":120,"f":120,"h":120,"j":120,"l":120,"n":120,"p":120}},{"type":"Feature","geometry":{"type":"Polygon","coordinates":[[[126.70311,37.2283],[126.69139,37.23366],[126.67967,37.2283],[126.67967,37.21757],[126.69139,37.2122],[126.70311,37.21757],[126.70311,37.2283]]]},"properties":{"row":-11,"col":3,"walk_min":334.1,"nearest_station_id":"kr_427","nearest_station_name":"Singiloncheon","nearest_station_name_ko":"신길온천","a":120,"c":120,"e":120,"g":120,"i":120,"k":120,"m":120,"o":120,"b":120,"d":120,"f":120,"h":120,"j":120,"l":120,"n":120,"p":120}},{"type":"Feature","geometry":{"type":"Polygon","coordinates":[[[126.72656,37.26049],[126.71483,37.26586],[126.70311,37.26049],[126.70311,37.24976],[126.71483,37.2444],[126.72656,37.24976],[126.72656,37.26049]]]},"properties":{"row":-9,"col":3,"walk_min":347.4,"nearest_station_id":"kr_427","nearest_station_name":"Singiloncheon","nearest_station_name_ko":"신길온천","a":120,"c":120,"e":120,"g":120,"i":120,"k":120,"m":120,"o":120,"b":120,"d":120,"f":120,"h":120,"j":120,"l":120,"n":120,"p":120}},{"type":"Feature","geometry":{"type":"Polygon","coordinates":[[[126.69139,37.2122],[126.67967,37.21757],[126.66794,37.2122],[126.66794,37.20147],[126.67967,37.19611],[126.69139,37.20147],[126.69139,37.2122]]]},"properties":{"row":-12,"col":3,"walk_min":355.5,"nearest_station_id":"kr_427","nearest_station_name":"Singiloncheon","nearest_station_name_ko":"신길온천","a":120,"c":120,"e":120,"g":120,"i":120,"k":120,"m":120,"o":120,"b":120,"d":120,"f":120,"h":120,"j":120,"l":120,"n":120,"p":120}},{"type":"Feature","geometry":{"type":"Polygon","coordinates":[[[126.70311,37.19611],[126.69139,37.20147],[126.67967,37.19611],[126.67967,37.18537],[126.69139,37.18001],[126.70311,37.18537],[126.70311,37.19611]]]},"properties":{"row":-13,"col":4,"walk_min":346.2,"nearest_station_id":"kr_263","nearest_station_name":"Ansan","nearest_station_name_ko":"안산","a":120,"c":120,"e":120,"g":120,"i":120,"k":120,"m":120,"o":120,"b":120,"d":120,"f":120,"h":120,"j":120,"l":120,"n":120,"p":120}},{"type":"Feature","geometry":{"type":"Polygon","coordinates":[[[126.71483,37.14781],[126.70311,37.15318],[126.69139,37.14781],[126.69139,37.13708],[126.70311,37.13172],[126.71483,37.13708],[126.71483,37.14781]]]},"properties":{"row":-16,"col":6,"walk_min":333.4,"nearest_station_id":"kr_230","nearest_station_name":"Choji","nearest_station_name_ko":"초지","a":120,"c":120,"e":120,"g":120,"i":120,"k":120,"m":120,"o":120,"b":120,"d":120,"f":120,"h":120,"j":120,"l":120,"n":120,"p":120}},{"type":"Feature","geometry":{"type":"Polygon","coordinates":[[[126.60933,37.71121],[126.59761,37.71657],[126.58589,37.71121],[126.58589,37.70048],[126.59761,37.69511],[126.60933,37.70048],[126.60933,37.71121]]]},"properties":{"row":19,"col":-16,"walk_min":337.3,"nearest_station_id":"kr_424","nearest_station_name":"Daehwa","nearest_station_name_ko":"대화","a":120,"c":120,"e":120,"g":120,"i":120,"k":120,"m":120,"o":120,"b":120,"d":120,"f":120,"h":120,"j":120,"l":120,"n":120,"p":120}},{"type":"Feature","geometry":{"type":"Polygon","coordinates":[[[126.62106,37.7273],[126.60933,37.73267],[126.59761,37.7273],[126.59761,37.71657],[126.60933,37.71121],[126.62106,37.71657],[126.62106,37.7273]]]},"properties":{"row":20,"col":-16,"walk_min":346.6,"nearest_station_id":"kr_424","nearest_station_name":"Daehwa","nearest_station_name_ko":"대화","a":120,"c":120,"e":120,"g":120,"i":120,"k":120,"m":120,"o":120,"b":120,"d":120,"f":120,"h":120,"j":120,"l":120,"n":120,"p":120}},{"type":"Feature","geometry":{"type":"Polygon","coordinates":[[[127.2775,37.18001],[127.26577,37.18537],[127.25405,37.18001],[127.25405,37.16928],[127.26577,37.16391],[127.2775,37.16928],[127.2775,37.18001]]]},"properties":{"row":-14,"col":29,"walk_min":349.4,"nearest_station_id":"kr_053","nearest_station_name":"Osan","nearest_station_name_ko":"오산","a":120,"c":120,"e":120,"g":120,"i":120,"k":120,"m":120,"o":120,"b":120,"d":120,"f":120,"h":120,"j":120,"l":120,"n":120,"p":120}},{"type":"Feature","geometry":{"type":"Polygon","coordinates":[[[127.28922,37.19611],[127.2775,37.20147],[127.26577,37.19611],[127.26577,37.18537],[127.2775,37.18001],[127.28922,37.18537],[127.28922,37.19611]]]},"properties":{"row":-13,"col":29,"walk_min":367.2,"nearest_station_id":"kr_267","nearest_station_name":"이천","nearest_station_name_ko":"이천","a":120,"c":120,"e":120,"g":120,"i":120,"k":120,"m":120,"o":120,"b":120,"d":120,"f":120,"h":120,"j":120,"l":120,"n":120,"p":120}},{"type":"Feature","geometry":{"type":"Polygon","coordinates":[[[126.63278,37.7434],[126.62106,37.74877],[126.60933,37.7434],[126.60933,37.73267],[126.62106,37.7273],[126.63278,37.73267],[126.63278,37.7434]]]},"properties":{"row":21,"col":-16,"walk_min":359.2,"nearest_station_id":"kr_424","nearest_station_name":"Daehwa","nearest_station_name_ko":"대화","a":120,"c":120,"e":120,"g":120,"i":120,"k":120,"m":120,"o":120,"b":120,"d":120,"f":120,"h":120,"j":120,"l":120,"n":120,"p":120}},{"type":"Feature","geometry":{"type":"Polygon","coordinates":[[[126.69139,37.2444],[126.67967,37.24976],[126.66794,37.2444],[126.66794,37.23366],[126.67967,37.2283],[126.69139,37.23366],[126.69139,37.2444]]]},"properties":{"row":-10,"col":2,"walk_min":354.8,"nearest_station_id":"kr_427","nearest_station_name":"Singiloncheon","nearest_station_name_ko":"신길온천","a":120,"c":120,"e":120,"g":120,"i":120,"k":120,"m":120,"o":120,"b":120,"d":120,"f":120,"h":120,"j":120,"l":120,"n":120,"p":120}},{"type":"Feature","geometry":{"type":"Polygon","coordinates":[[[126.70311,37.26049],[126.69139,37.26586],[126.67967,37.26049],[126.67967,37.24976],[126.69139,37.2444],[126.70311,37.24976],[126.70311,37.26049]]]},"properties":{"row":-9,"col":2,"walk_min":357.5,"nearest_station_id":"kr_427","nearest_station_name":"Singiloncheon","nearest_station_name_ko":"신길온천","a":120,"c":120,"e":120,"g":120,"i":120,"k":120,"m":120,"o":120,"b":120,"d":120,"f":120,"h":120,"j":120,"l":120,"n":120,"p":120}},{"type":"Feature","geometry":{"type":"Polygon","coordinates":[[[126.76172,37.27659],[126.75,37.28196],[126.73828,37.27659],[126.73828,37.26586],[126.75,37.26049],[126.76172,37.26586],[126.76172,37.27659]]]},"properties":{"row":-8,"col":4,"walk_min":362.7,"nearest_station_id":"kr_263","nearest_station_name":"Ansan","nearest_station_name_ko":"안산","a":120,"c":120,"e":120,"g":120,"i":120,"k":120,"m":120,"o":120,"b":120,"d":120,"f":120,"h":120,"j":120,"l":120,"n":120,"p":120}},{"type":"Feature","geometry":{"type":"Polygon","coordinates":[[[126.58589,37.71121],[126.57417,37.71657],[126.56245,37.71121],[126.56245,37.70048],[126.57417,37.69511],[126.58589,37.70048],[126.58589,37.71121]]]},"properties":{"row":19,"col":-17,"walk_min":375.4,"nearest_station_id":"kr_424","nearest_station_name":"Daehwa","nearest_station_name_ko":"대화","a":120,"c":120,"e":120,"g":120,"i":120,"k":120,"m":120,"o":120,"b":120,"d":120,"f":120,"h":120,"j":120,"l":120,"n":120,"p":120}},{"type":"Feature","geometry":{"type":"Polygon","coordinates":[[[126.59761,37.7273],[126.58589,37.73267],[126.57417,37.7273],[126.57417,37.71657],[126.58589,37.71121],[126.59761,37.71657],[126.59761,37.7273]]]},"properties":{"row":20,"col":-17,"walk_min":367.2,"nearest_station_id":"kr_424","nearest_station_name":"Daehwa","nearest_station_name_ko":"대화","a":120,"c":120,"e":120,"g":120,"i":120,"k":120,"m":120,"o":120,"b":120,"d":120,"f":120,"h":120,"j":120,"l":120,"n":120,"p":120}},{"type":"Feature","geometry":{"type":"Polygon","coordinates":[[[126.57417,37.69511],[126.56245,37.70048],[126.55072,37.69511],[126.55072,37.68438],[126.56245,37.67901],[126.57417,37.68438],[126.57417,37.69511]]]},"properties":{"row":18,"col":-17,"walk_min":343.3,"nearest_station_id":"kr_424","nearest_station_name":"Daehwa","nearest_station_name_ko":"대화","a":120,"c":120,"e":120,"g":120,"i":120,"k":120,"m":120,"o":120,"b":120,"d":120,"f":120,"h":120,"j":120,"l":120,"n":120,"p":120}},{"type":"Feature","geometry":{"type":"Polygon","coordinates":[[[126.66794,37.7595],[126.65622,37.76486],[126.6445,37.7595],[126.6445,37.74877],[126.65622,37.7434],[126.66794,37.74877],[126.66794,37.7595]]]},"properties":{"row":22,"col":-15,"walk_min":363.3,"nearest_station_id":"kr_424","nearest_station_name":"Daehwa","nearest_station_name_ko":"대화","a":120,"c":120,"e":120,"g":120,"i":120,"k":120,"m":120,"o":120,"b":120,"d":120,"f":120,"h":120,"j":120,"l":120,"n":120,"p":120}},{"type":"Feature","geometry":{"type":"Polygon","coordinates":[[[126.71483,37.27659],[126.70311,37.28196],[126.69139,37.27659],[126.69139,37.26586],[126.70311,37.26049],[126.71483,37.26586],[126.71483,37.27659]]]},"properties":{"row":-8,"col":2,"walk_min":353.1,"nearest_station_id":"kr_427","nearest_station_name":"Singiloncheon","nearest_station_name_ko":"신길온천","a":120,"c":120,"e":120,"g":120,"i":120,"k":120,"m":120,"o":120,"b":120,"d":120,"f":120,"h":120,"j":120,"l":120,"n":120,"p":120}},{"type":"Feature","geometry":{"type":"Polygon","coordinates":[[[126.6445,37.7595],[126.63278,37.76486],[126.62106,37.7595],[126.62106,37.74877],[126.63278,37.7434],[126.6445,37.74877],[126.6445,37.7595]]]},"properties":{"row":22,"col":-16,"walk_min":372.4,"nearest_station_id":"kr_424","nearest_station_name":"Daehwa","nearest_station_name_ko":"대화","a":120,"c":120,"e":120,"g":120,"i":120,"k":120,"m":120,"o":120,"b":120,"d":120,"f":120,"h":120,"j":120,"l":120,"n":120,"p":120}},{"type":"Feature","geometry":{"type":"Polygon","coordinates":[[[126.67967,37.2283],[126.66794,37.23366],[126.65622,37.2283],[126.65622,37.21757],[126.66794,37.2122],[126.67967,37.21757],[126.67967,37.2283]]]},"properties":{"row":-11,"col":2,"walk_min":380.0,"nearest_station_id":"kr_427","nearest_station_name":"Singiloncheon","nearest_station_name_ko":"신길온천","a":120,"c":120,"e":120,"g":120,"i":120,"k":120,"m":120,"o":120,"b":120,"d":120,"f":120,"h":120,"j":120,"l":120,"n":120,"p":120}},{"type":"Feature","geometry":{"type":"Polygon","coordinates":[[[126.60933,37.7434],[126.59761,37.74877],[126.58589,37.7434],[126.58589,37.73267],[126.59761,37.7273],[126.60933,37.73267],[126.60933,37.7434]]]},"properties":{"row":21,"col":-17,"walk_min":379.8,"nearest_station_id":"kr_424","nearest_station_name":"Daehwa","nearest_station_name_ko":"대화","a":120,"c":120,"e":120,"g":120,"i":120,"k":120,"m":120,"o":120,"b":120,"d":120,"f":120,"h":120,"j":120,"l":120,"n":120,"p":120}},{"type":"Feature","geometry":{"type":"Polygon","coordinates":[[[126.67967,37.26049],[126.66794,37.26586],[126.65622,37.26049],[126.65622,37.24976],[126.66794,37.2444],[126.67967,37.24976],[126.67967,37.26049]]]},"properties":{"row":-9,"col":1,"walk_min":379.7,"nearest_station_id":"kr_427","nearest_station_name":"Singiloncheon","nearest_station_name_ko":"신길온천","a":120,"c":120,"e":120,"g":120,"i":120,"k":120,"m":120,"o":120,"b":120,"d":120,"f":120,"h":120,"j":120,"l":120,"n":120,"p":120}},{"type":"Feature","geometry":{"type":"Polygon","coordinates":[[[126.67967,37.19611],[126.66794,37.20147],[126.65622,37.19611],[126.65622,37.18537],[126.66794,37.18001],[126.67967,37.18537],[126.67967,37.19611]]]},"properties":{"row":-13,"col":3,"walk_min":406.5,"nearest_station_id":"kr_427","nearest_station_name":"Singiloncheon","nearest_station_name_ko":"신길온천","a":120,"c":120,"e":120,"g":120,"i":120,"k":120,"m":120,"o":120,"b":120,"d":120,"f":120,"h":120,"j":120,"l":120,"n":120,"p":120}},{"type":"Feature","geometry":{"type":"Polygon","coordinates":[[[126.62106,37.7595],[126.60933,37.76486],[126.59761,37.7595],[126.59761,37.74877],[126.60933,37.7434],[126.62106,37.74877],[126.62106,37.7595]]]},"properties":{"row":22,"col":-17,"walk_min":377.4,"nearest_station_id":"kr_424","nearest_station_name":"Daehwa","nearest_station_name_ko":"대화","a":120,"c":120,"e":120,"g":120,"i":120,"k":120,"m":120,"o":120,"b":120,"d":120,"f":120,"h":120,"j":120,"l":120,"n":120,"p":120}},{"type":"Feature","geometry":{"type":"Polygon","coordinates":[[[127.30094,37.18001],[127.28922,37.18537],[127.2775,37.18001],[127.2775,37.16928],[127.28922,37.16391],[127.30094,37.16928],[127.30094,37.18001]]]},"properties":{"row":-14,"col":30,"walk_min":381.0,"nearest_station_id":"kr_267","nearest_station_name":"이천","nearest_station_name_ko":"이천","a":120,"c":120,"e":120,"g":120,"i":120,"k":120,"m":120,"o":120,"b":120,"d":120,"f":120,"h":120,"j":120,"l":120,"n":120,"p":120}},{"type":"Feature","geometry":{"type":"Polygon","coordinates":[[[126.65622,37.7756],[126.6445,37.78096],[126.63278,37.7756],[126.63278,37.76486],[126.6445,37.7595],[126.65622,37.76486],[126.65622,37.7756]]]},"properties":{"row":23,"col":-16,"walk_min":389.8,"nearest_station_id":"kr_424","nearest_station_name":"Daehwa","nearest_station_name_ko":"대화","a":120,"c":120,"e":120,"g":120,"i":120,"k":120,"m":120,"o":120,"b":120,"d":120,"f":120,"h":120,"j":120,"l":120,"n":120,"p":120}},{"type":"Feature","geometry":{"type":"Polygon","coordinates":[[[126.69139,37.27659],[126.67967,37.28196],[126.66794,37.27659],[126.66794,37.26586],[126.67967,37.26049],[126.69139,37.26586],[126.69139,37.27659]]]},"properties":{"row":-8,"col":1,"walk_min":389.8,"nearest_station_id":"kr_351","nearest_station_name":"Jeongwang","nearest_station_name_ko":"정왕","a":120,"c":120,"e":120,"g":120,"i":120,"k":120,"m":120,"o":120,"b":120,"d":120,"f":120,"h":120,"j":120,"l":120,"n":120,"p":120}},{"type":"Feature","geometry":{"type":"Polygon","coordinates":[[[126.66794,37.2444],[126.65622,37.24976],[126.6445,37.2444],[126.6445,37.23366],[126.65622,37.2283],[126.66794,37.23366],[126.66794,37.2444]]]},"properties":{"row":-10,"col":1,"walk_min":387.5,"nearest_station_id":"kr_351","nearest_station_name":"Jeongwang","nearest_station_name_ko":"정왕","a":120,"c":120,"e":120,"g":120,"i":120,"k":120,"m":120,"o":120,"b":120,"d":120,"f":120,"h":120,"j":120,"l":120,"n":120,"p":120}},{"type":"Feature","geometry":{"type":"Polygon","coordinates":[[[126.63278,37.7756],[126.62106,37.78096],[126.60933,37.7756],[126.60933,37.76486],[126.62106,37.7595],[126.63278,37.76486],[126.63278,37.7756]]]},"properties":{"row":23,"col":-17,"walk_min":401.6,"nearest_station_id":"kr_424","nearest_station_name":"Daehwa","nearest_station_name_ko":"대화","a":120,"c":120,"e":120,"g":120,"i":120,"k":120,"m":120,"o":120,"b":120,"d":120,"f":120,"h":120,"j":120,"l":120,"n":120,"p":120}},{"type":"Feature","geometry":{"type":"Polygon","coordinates":[[[126.67967,37.29269],[126.66794,37.29805],[126.65622,37.29269],[126.65622,37.28196],[126.66794,37.27659],[126.67967,37.28196],[126.67967,37.29269]]]},"properties":{"row":-7,"col":0,"walk_min":423.1,"nearest_station_id":"kr_351","nearest_station_name":"Jeongwang","nearest_station_name_ko":"정왕","a":120,"c":120,"e":120,"g":120,"i":120,"k":120,"m":120,"o":120,"b":120,"d":120,"f":120,"h":120,"j":120,"l":120,"n":120,"p":120}},{"type":"Feature","geometry":{"type":"Polygon","coordinates":[[[126.57417,37.7273],[126.56245,37.73267],[126.55072,37.7273],[126.55072,37.71657],[126.56245,37.71121],[126.57417,37.71657],[126.57417,37.7273]]]},"properties":{"row":20,"col":-18,"walk_min":397.4,"nearest_station_id":"kr_424","nearest_station_name":"Daehwa","nearest_station_name_ko":"대화","a":120,"c":120,"e":120,"g":120,"i":120,"k":120,"m":120,"o":120,"b":120,"d":120,"f":120,"h":120,"j":120,"l":120,"n":120,"p":120}},{"type":"Feature","geometry":{"type":"Polygon","coordinates":[[[126.66794,37.27659],[126.65622,37.28196],[126.6445,37.27659],[126.6445,37.26586],[126.65622,37.26049],[126.66794,37.26586],[126.66794,37.27659]]]},"properties":{"row":-8,"col":0,"walk_min":424.9,"nearest_station_id":"kr_351","nearest_station_name":"Jeongwang","nearest_station_name_ko":"정왕","a":120,"c":120,"e":120,"g":120,"i":120,"k":120,"m":120,"o":120,"b":120,"d":120,"f":120,"h":120,"j":120,"l":120,"n":120,"p":120}},{"type":"Feature","geometry":{"type":"Polygon","coordinates":[[[126.65622,37.29269],[126.6445,37.29805],[126.63278,37.29269],[126.63278,37.28196],[126.6445,37.27659],[126.65622,37.28196],[126.65622,37.29269]]]},"properties":{"row":-7,"col":-1,"walk_min":451.6,"nearest_station_id":"kr_351","nearest_station_name":"Jeongwang","nearest_station_name_ko":"정왕","a":120,"c":120,"e":120,"g":120,"i":120,"k":120,"m":120,"o":120,"b":120,"d":120,"f":120,"h":120,"j":120,"l":120,"n":120,"p":120}},{"type":"Feature","geometry":{"type":"Polygon","coordinates":[[[126.66794,37.2122],[126.65622,37.21757],[126.6445,37.2122],[126.6445,37.20147],[126.65622,37.19611],[126.66794,37.20147],[126.66794,37.2122]]]},"properties":{"row":-12,"col":2,"walk_min":410.2,"nearest_station_id":"kr_427","nearest_station_name":"Singiloncheon","nearest_station_name_ko":"신길온천","a":120,"c":120,"e":120,"g":120,"i":120,"k":120,"m":120,"o":120,"b":120,"d":120,"f":120,"h":120,"j":120,"l":120,"n":120,"p":120}},{"type":"Feature","geometry":{"type":"Polygon","coordinates":[[[126.58589,37.7434],[126.57417,37.74877],[126.56245,37.7434],[126.56245,37.73267],[126.57417,37.7273],[126.58589,37.73267],[126.58589,37.7434]]]},"properties":{"row":21,"col":-18,"walk_min":404.8,"nearest_station_id":"kr_424","nearest_station_name":"Daehwa","nearest_station_name_ko":"대화","a":120,"c":120,"e":120,"g":120,"i":120,"k":120,"m":120,"o":120,"b":120,"d":120,"f":120,"h":120,"j":120,"l":120,"n":120,"p":120}},{"type":"Feature","geometry":{"type":"Polygon","coordinates":[[[126.59761,37.7595],[126.58589,37.76486],[126.57417,37.7595],[126.57417,37.74877],[126.58589,37.7434],[126.59761,37.74877],[126.59761,37.7595]]]},"properties":{"row":22,"col":-18,"walk_min":405.5,"nearest_station_id":"kr_424","nearest_station_name":"Daehwa","nearest_station_name_ko":"대화","a":120,"c":120,"e":120,"g":120,"i":120,"k":120,"m":120,"o":120,"b":120,"d":120,"f":120,"h":120,"j":120,"l":120,"n":120,"p":120}},{"type":"Feature","geometry":{"type":"Polygon","coordinates":[[[127.31266,37.19611],[127.30094,37.20147],[127.28922,37.19611],[127.28922,37.18537],[127.30094,37.18001],[127.31266,37.18537],[127.31266,37.19611]]]},"properties":{"row":-13,"col":30,"walk_min":395.2,"nearest_station_id":"kr_267","nearest_station_name":"이천","nearest_station_name_ko":"이천","a":120,"c":120,"e":120,"g":120,"i":120,"k":120,"m":120,"o":120,"b":120,"d":120,"f":120,"h":120,"j":120,"l":120,"n":120,"p":120}},{"type":"Feature","geometry":{"type":"Polygon","coordinates":[[[126.65622,37.2283],[126.6445,37.23366],[126.63278,37.2283],[126.63278,37.21757],[126.6445,37.2122],[126.65622,37.21757],[126.65622,37.2283]]]},"properties":{"row":-11,"col":1,"walk_min":447.6,"nearest_station_id":"kr_351","nearest_station_name":"Jeongwang","nearest_station_name_ko":"정왕","a":120,"c":120,"e":120,"g":120,"i":120,"k":120,"m":120,"o":120,"b":120,"d":120,"f":120,"h":120,"j":120,"l":120,"n":120,"p":120}},{"type":"Feature","geometry":{"type":"Polygon","coordinates":[[[127.32439,37.18001],[127.31266,37.18537],[127.30094,37.18001],[127.30094,37.16928],[127.31266,37.16391],[127.32439,37.16928],[127.32439,37.18001]]]},"properties":{"row":-14,"col":31,"walk_min":396.1,"nearest_station_id":"kr_267","nearest_station_name":"이천","nearest_station_name_ko":"이천","a":120,"c":120,"e":120,"g":120,"i":120,"k":120,"m":120,"o":120,"b":120,"d":120,"f":120,"h":120,"j":120,"l":120,"n":120,"p":120}},{"type":"Feature","geometry":{"type":"Polygon","coordinates":[[[126.65622,37.26049],[126.6445,37.26586],[126.63278,37.26049],[126.63278,37.24976],[126.6445,37.2444],[126.65622,37.24976],[126.65622,37.26049]]]},"properties":{"row":-9,"col":0,"walk_min":426.5,"nearest_station_id":"kr_351","nearest_station_name":"Jeongwang","nearest_station_name_ko":"정왕","a":120,"c":120,"e":120,"g":120,"i":120,"k":120,"m":120,"o":120,"b":120,"d":120,"f":120,"h":120,"j":120,"l":120,"n":120,"p":120}},{"type":"Feature","geometry":{"type":"Polygon","coordinates":[[[126.73828,37.27659],[126.72656,37.28196],[126.71483,37.27659],[126.71483,37.26586],[126.72656,37.26049],[126.73828,37.26586],[126.73828,37.27659]]]},"properties":{"row":-8,"col":3,"walk_min":397.1,"nearest_station_id":"kr_427","nearest_station_name":"Singiloncheon","nearest_station_name_ko":"신길온천","a":120,"c":120,"e":120,"g":120,"i":120,"k":120,"m":120,"o":120,"b":120,"d":120,"f":120,"h":120,"j":120,"l":120,"n":120,"p":120}},{"type":"Feature","geometry":{"type":"Polygon","coordinates":[[[126.6445,37.2444],[126.63278,37.24976],[126.62106,37.2444],[126.62106,37.23366],[126.63278,37.2283],[126.6445,37.23366],[126.6445,37.2444]]]},"properties":{"row":-10,"col":0,"walk_min":455.2,"nearest_station_id":"kr_351","nearest_station_name":"Jeongwang","nearest_station_name_ko":"정왕","a":120,"c":120,"e":120,"g":120,"i":120,"k":120,"m":120,"o":120,"b":120,"d":120,"f":120,"h":120,"j":120,"l":120,"n":120,"p":120}},{"type":"Feature","geometry":{"type":"Polygon","coordinates":[[[126.69139,37.18001],[126.67967,37.18537],[126.66794,37.18001],[126.66794,37.16928],[126.67967,37.16391],[126.69139,37.16928],[126.69139,37.18001]]]},"properties":{"row":-14,"col":4,"walk_min":408.9,"nearest_station_id":"kr_263","nearest_station_name":"Ansan","nearest_station_name_ko":"안산","a":120,"c":120,"e":120,"g":120,"i":120,"k":120,"m":120,"o":120,"b":120,"d":120,"f":120,"h":120,"j":120,"l":120,"n":120,"p":120}},{"type":"Feature","geometry":{"type":"Polygon","coordinates":[[[126.6445,37.27659],[126.63278,37.28196],[126.62106,37.27659],[126.62106,37.26586],[126.63278,37.26049],[126.6445,37.26586],[126.6445,37.27659]]]},"properties":{"row":-8,"col":-1,"walk_min":470.6,"nearest_station_id":"kr_351","nearest_station_name":"Jeongwang","nearest_station_name_ko":"정왕","a":120,"c":120,"e":120,"g":120,"i":120,"k":120,"m":120,"o":120,"b":120,"d":120,"f":120,"h":120,"j":120,"l":120,"n":120,"p":120}},{"type":"Feature","geometry":{"type":"Polygon","coordinates":[[[126.66794,37.18001],[126.65622,37.18537],[126.6445,37.18001],[126.6445,37.16928],[126.65622,37.16391],[126.66794,37.16928],[126.66794,37.18001]]]},"properties":{"row":-14,"col":3,"walk_min":412.6,"nearest_station_id":"kr_427","nearest_station_name":"Singiloncheon","nearest_station_name_ko":"신길온천","a":120,"c":120,"e":120,"g":120,"i":120,"k":120,"m":120,"o":120,"b":120,"d":120,"f":120,"h":120,"j":120,"l":120,"n":120,"p":120}},{"type":"Feature","geometry":{"type":"Polygon","coordinates":[[[126.65622,37.19611],[126.6445,37.20147],[126.63278,37.19611],[126.63278,37.18537],[126.6445,37.18001],[126.65622,37.18537],[126.65622,37.19611]]]},"properties":{"row":-13,"col":2,"walk_min":427.2,"nearest_station_id":"kr_427","nearest_station_name":"Singiloncheon","nearest_station_name_ko":"신길온천","a":120,"c":120,"e":120,"g":120,"i":120,"k":120,"m":120,"o":120,"b":120,"d":120,"f":120,"h":120,"j":120,"l":120,"n":120,"p":120}},{"type":"Feature","geometry":{"type":"Polygon","coordinates":[[[126.66794,37.30878],[126.65622,37.31415],[126.6445,37.30878],[126.6445,37.29805],[126.65622,37.29269],[126.66794,37.29805],[126.66794,37.30878]]]},"properties":{"row":-6,"col":-1,"walk_min":441.2,"nearest_station_id":"kr_351","nearest_station_name":"Jeongwang","nearest_station_name_ko":"정왕","a":120,"c":120,"e":120,"g":120,"i":120,"k":120,"m":120,"o":120,"b":120,"d":120,"f":120,"h":120,"j":120,"l":120,"n":120,"p":120}},{"type":"Feature","geometry":{"type":"Polygon","coordinates":[[[126.6445,37.18001],[126.63278,37.18537],[126.62106,37.18001],[126.62106,37.16928],[126.63278,37.16391],[126.6445,37.16928],[126.6445,37.18001]]]},"properties":{"row":-14,"col":2,"walk_min":437.5,"nearest_station_id":"kr_427","nearest_station_name":"Singiloncheon","nearest_station_name_ko":"신길온천","a":120,"c":120,"e":120,"g":120,"i":120,"k":120,"m":120,"o":120,"b":120,"d":120,"f":120,"h":120,"j":120,"l":120,"n":120,"p":120}},{"type":"Feature","geometry":{"type":"Polygon","coordinates":[[[126.56245,37.7434],[126.55072,37.74877],[126.539,37.7434],[126.539,37.73267],[126.55072,37.7273],[126.56245,37.73267],[126.56245,37.7434]]]},"properties":{"row":21,"col":-19,"walk_min":424.9,"nearest_station_id":"kr_424","nearest_station_name":"Daehwa","nearest_station_name_ko":"대화","a":120,"c":120,"e":120,"g":120,"i":120,"k":120,"m":120,"o":120,"b":120,"d":120,"f":120,"h":120,"j":120,"l":120,"n":120,"p":120}},{"type":"Feature","geometry":{"type":"Polygon","coordinates":[[[126.6445,37.2122],[126.63278,37.21757],[126.62106,37.2122],[126.62106,37.20147],[126.63278,37.19611],[126.6445,37.20147],[126.6445,37.2122]]]},"properties":{"row":-12,"col":1,"walk_min":433.6,"nearest_station_id":"kr_427","nearest_station_name":"Singiloncheon","nearest_station_name_ko":"신길온천","a":120,"c":120,"e":120,"g":120,"i":120,"k":120,"m":120,"o":120,"b":120,"d":120,"f":120,"h":120,"j":120,"l":120,"n":120,"p":120}},{"type":"Feature","geometry":{"type":"Polygon","coordinates":[[[126.63278,37.19611],[126.62106,37.20147],[126.60933,37.19611],[126.60933,37.18537],[126.62106,37.18001],[126.63278,37.18537],[126.63278,37.19611]]]},"properties":{"row":-13,"col":1,"walk_min":440.3,"nearest_station_id":"kr_427","nearest_station_name":"Singiloncheon","nearest_station_name_ko":"신길온천","a":120,"c":120,"e":120,"g":120,"i":120,"k":120,"m":120,"o":120,"b":120,"d":120,"f":120,"h":120,"j":120,"l":120,"n":120,"p":120}},{"type":"Feature","geometry":{"type":"Polygon","coordinates":[[[126.63278,37.26049],[126.62106,37.26586],[126.60933,37.26049],[126.60933,37.24976],[126.62106,37.2444],[126.63278,37.24976],[126.63278,37.26049]]]},"properties":{"row":-9,"col":-1,"walk_min":474.0,"nearest_station_id":"kr_351","nearest_station_name":"Jeongwang","nearest_station_name_ko":"정왕","a":120,"c":120,"e":120,"g":120,"i":120,"k":120,"m":120,"o":120,"b":120,"d":120,"f":120,"h":120,"j":120,"l":120,"n":120,"p":120}},{"type":"Feature","geometry":{"type":"Polygon","coordinates":[[[126.62106,37.2444],[126.60933,37.24976],[126.59761,37.2444],[126.59761,37.23366],[126.60933,37.2283],[126.62106,37.23366],[126.62106,37.2444]]]},"properties":{"row":-10,"col":-1,"walk_min":492.7,"nearest_station_id":"kr_351","nearest_station_name":"Jeongwang","nearest_station_name_ko":"정왕","a":120,"c":120,"e":120,"g":120,"i":120,"k":120,"m":120,"o":120,"b":120,"d":120,"f":120,"h":120,"j":120,"l":120,"n":120,"p":120}},{"type":"Feature","geometry":{"type":"Polygon","coordinates":[[[126.63278,37.29269],[126.62106,37.29805],[126.60933,37.29269],[126.60933,37.28196],[126.62106,37.27659],[126.63278,37.28196],[126.63278,37.29269]]]},"properties":{"row":-7,"col":-2,"walk_min":471.3,"nearest_station_id":"kr_351","nearest_station_name":"Jeongwang","nearest_station_name_ko":"정왕","a":120,"c":120,"e":120,"g":120,"i":120,"k":120,"m":120,"o":120,"b":120,"d":120,"f":120,"h":120,"j":120,"l":120,"n":120,"p":120}},{"type":"Feature","geometry":{"type":"Polygon","coordinates":[[[126.63278,37.2283],[126.62106,37.23366],[126.60933,37.2283],[126.60933,37.21757],[126.62106,37.2122],[126.63278,37.21757],[126.63278,37.2283]]]},"properties":{"row":-11,"col":0,"walk_min":493.8,"nearest_station_id":"kr_351","nearest_station_name":"Jeongwang","nearest_station_name_ko":"정왕","a":120,"c":120,"e":120,"g":120,"i":120,"k":120,"m":120,"o":120,"b":120,"d":120,"f":120,"h":120,"j":120,"l":120,"n":120,"p":120}},{"type":"Feature","geometry":{"type":"Polygon","coordinates":[[[126.62106,37.27659],[126.60933,37.28196],[126.59761,37.27659],[126.59761,37.26586],[126.60933,37.26049],[126.62106,37.26586],[126.62106,37.27659]]]},"properties":{"row":-8,"col":-2,"walk_min":498.8,"nearest_station_id":"kr_351","nearest_station_name":"Jeongwang","nearest_station_name_ko":"정왕","a":120,"c":120,"e":120,"g":120,"i":120,"k":120,"m":120,"o":120,"b":120,"d":120,"f":120,"h":120,"j":120,"l":120,"n":120,"p":120}},{"type":"Feature","geometry":{"type":"Polygon","coordinates":[[[126.60933,37.26049],[126.59761,37.26586],[126.58589,37.26049],[126.58589,37.24976],[126.59761,37.2444],[126.60933,37.24976],[126.60933,37.26049]]]},"properties":{"row":-9,"col":-2,"walk_min":501.6,"nearest_station_id":"kr_351","nearest_station_name":"Jeongwang","nearest_station_name_ko":"정왕","a":120,"c":120,"e":120,"g":120,"i":120,"k":120,"m":120,"o":120,"b":120,"d":120,"f":120,"h":120,"j":120,"l":120,"n":120,"p":120}},{"type":"Feature","geometry":{"type":"Polygon","coordinates":[[[126.58589,37.26049],[126.57417,37.26586],[126.56245,37.26049],[126.56245,37.24976],[126.57417,37.2444],[126.58589,37.24976],[126.58589,37.26049]]]},"properties":{"row":-9,"col":-3,"walk_min":548.4,"nearest_station_id":"kr_351","nearest_station_name":"Jeongwang","nearest_station_name_ko":"정왕","a":120,"c":120,"e":120,"g":120,"i":120,"k":120,"m":120,"o":120,"b":120,"d":120,"f":120,"h":120,"j":120,"l":120,"n":120,"p":120}},{"type":"Feature","geometry":{"type":"Polygon","coordinates":[[[126.59761,37.27659],[126.58589,37.28196],[126.57417,37.27659],[126.57417,37.26586],[126.58589,37.26049],[126.59761,37.26586],[126.59761,37.27659]]]},"properties":{"row":-8,"col":-3,"walk_min":539.7,"nearest_station_id":"kr_351","nearest_station_name":"Jeongwang","nearest_station_name_ko":"정왕","a":120,"c":120,"e":120,"g":120,"i":120,"k":120,"m":120,"o":120,"b":120,"d":120,"f":120,"h":120,"j":120,"l":120,"n":120,"p":120}},{"type":"Feature","geometry":{"type":"Polygon","coordinates":[[[126.60933,37.2283],[126.59761,37.23366],[126.58589,37.2283],[126.58589,37.21757],[126.59761,37.2122],[126.60933,37.21757],[126.60933,37.2283]]]},"properties":{"row":-11,"col":-1,"walk_min":545.7,"nearest_station_id":"kr_351","nearest_station_name":"Jeongwang","nearest_station_name_ko":"정왕","a":120,"c":120,"e":120,"g":120,"i":120,"k":120,"m":120,"o":120,"b":120,"d":120,"f":120,"h":120,"j":120,"l":120,"n":120,"p":120}},{"type":"Feature","geometry":{"type":"Polygon","coordinates":[[[126.59761,37.2444],[126.58589,37.24976],[126.57417,37.2444],[126.57417,37.23366],[126.58589,37.2283],[126.59761,37.23366],[126.59761,37.2444]]]},"properties":{"row":-10,"col":-2,"walk_min":530.8,"nearest_station_id":"kr_351","nearest_station_name":"Jeongwang","nearest_station_name_ko":"정왕","a":120,"c":120,"e":120,"g":120,"i":120,"k":120,"m":120,"o":120,"b":120,"d":120,"f":120,"h":120,"j":120,"l":120,"n":120,"p":120}},{"type":"Feature","geometry":{"type":"Polygon","coordinates":[[[126.58589,37.2283],[126.57417,37.23366],[126.56245,37.2283],[126.56245,37.21757],[126.57417,37.2122],[126.58589,37.21757],[126.58589,37.2283]]]},"properties":{"row":-11,"col":-2,"walk_min":563.6,"nearest_station_id":"kr_351","nearest_station_name":"Jeongwang","nearest_station_name_ko":"정왕","a":120,"c":120,"e":120,"g":120,"i":120,"k":120,"m":120,"o":120,"b":120,"d":120,"f":120,"h":120,"j":120,"l":120,"n":120,"p":120}},{"type":"Feature","geometry":{"type":"Polygon","coordinates":[[[126.57417,37.2444],[126.56245,37.24976],[126.55072,37.2444],[126.55072,37.23366],[126.56245,37.2283],[126.57417,37.23366],[126.57417,37.2444]]]},"properties":{"row":-10,"col":-3,"walk_min":548.3,"nearest_station_id":"kr_351","nearest_station_name":"Jeongwang","nearest_station_name_ko":"정왕","a":120,"c":120,"e":120,"g":120,"i":120,"k":120,"m":120,"o":120,"b":120,"d":120,"f":120,"h":120,"j":120,"l":120,"n":120,"p":120}},{"type":"Feature","geometry":{"type":"Polygon","coordinates":[[[126.57417,37.27659],[126.56245,37.28196],[126.55072,37.27659],[126.55072,37.26586],[126.56245,37.26049],[126.57417,37.26586],[126.57417,37.27659]]]},"properties":{"row":-8,"col":-4,"walk_min":562.5,"nearest_station_id":"kr_351","nearest_station_name":"Jeongwang","nearest_station_name_ko":"정왕","a":120,"c":120,"e":120,"g":120,"i":120,"k":120,"m":120,"o":120,"b":120,"d":120,"f":120,"h":120,"j":120,"l":120,"n":120,"p":120}},{"type":"Feature","geometry":{"type":"Polygon","coordinates":[[[126.59761,37.2122],[126.58589,37.21757],[126.57417,37.2122],[126.57417,37.20147],[126.58589,37.19611],[126.59761,37.20147],[126.59761,37.2122]]]},"properties":{"row":-12,"col":-1,"walk_min":571.1,"nearest_station_id":"kr_351","nearest_station_name":"Jeongwang","nearest_station_name_ko":"정왕","a":120,"c":120,"e":120,"g":120,"i":120,"k":120,"m":120,"o":120,"b":120,"d":120,"f":120,"h":120,"j":120,"l":120,"n":120,"p":120}},{"type":"Feature","geometry":{"type":"Polygon","coordinates":[[[126.57417,37.2122],[126.56245,37.21757],[126.55072,37.2122],[126.55072,37.20147],[126.56245,37.19611],[126.57417,37.20147],[126.57417,37.2122]]]},"properties":{"row":-12,"col":-2,"walk_min":588.5,"nearest_station_id":"kr_351","nearest_station_name":"Jeongwang","nearest_station_name_ko":"정왕","a":120,"c":120,"e":120,"g":120,"i":120,"k":120,"m":120,"o":120,"b":120,"d":120,"f":120,"h":120,"j":120,"l":120,"n":120,"p":120}},{"type":"Feature","geometry":{"type":"Polygon","coordinates":[[[126.62106,37.2122],[126.60933,37.21757],[126.59761,37.2122],[126.59761,37.20147],[126.60933,37.19611],[126.62106,37.20147],[126.62106,37.2122]]]},"properties":{"row":-12,"col":0,"walk_min":579.4,"nearest_station_id":"kr_351","nearest_station_name":"Jeongwang","nearest_station_name_ko":"정왕","a":120,"c":120,"e":120,"g":120,"i":120,"k":120,"m":120,"o":120,"b":120,"d":120,"f":120,"h":120,"j":120,"l":120,"n":120,"p":120}},{"type":"Feature","geometry":{"type":"Polygon","coordinates":[[[126.56245,37.19611],[126.55072,37.20147],[126.539,37.19611],[126.539,37.18537],[126.55072,37.18001],[126.56245,37.18537],[126.56245,37.19611]]]},"properties":{"row":-13,"col":-2,"walk_min":600.4,"nearest_station_id":"kr_351","nearest_station_name":"Jeongwang","nearest_station_name_ko":"정왕","a":120,"c":120,"e":120,"g":120,"i":120,"k":120,"m":120,"o":120,"b":120,"d":120,"f":120,"h":120,"j":120,"l":120,"n":120,"p":120}},{"type":"Feature","geometry":{"type":"Polygon","coordinates":[[[126.55072,37.2122],[126.539,37.21757],[126.52728,37.2122],[126.52728,37.20147],[126.539,37.19611],[126.55072,37.20147],[126.55072,37.2122]]]},"properties":{"row":-12,"col":-3,"walk_min":615.0,"nearest_station_id":"kr_351","nearest_station_name":"Jeongwang","nearest_station_name_ko":"정왕","a":120,"c":120,"e":120,"g":120,"i":120,"k":120,"m":120,"o":120,"b":120,"d":120,"f":120,"h":120,"j":120,"l":120,"n":120,"p":120}}]}