{"type":"FeatureCollection","features":[{"type":"Feature","geometry":{"type":"Polygon","coordinates":[[[126.89148,37.49148],[126.91744,37.49148],[126.91744,37.51744],[126.89148,37.51744],[126.89148,37.49148]]]},"properties":{"row":12,"col":12,"walk_min":1.8,"nearest_station_id":"kr_365","nearest_station_name":"신풍","nearest_station_name_ko":"신풍","a":44,"c":47,"e":32,"g":49,"i":37,"k":45,"m":56,"o":49,"b":44,"d":47,"f":32,"h":49,"j":37,"l":45,"n":56,"p":49}},{"type":"Feature","geometry":{"type":"Polygon","coordinates":[[[126.99531,37.49148],[127.02126,37.49148],[127.02126,37.51744],[126.99531,37.51744],[126.99531,37.49148]]]},"properties":{"row":12,"col":16,"walk_min":1.4,"nearest_station_id":"kr_002","nearest_station_name":"Express Bus Terminal","nearest_station_name_ko":"고속터미널","a":19,"c":22,"e":7,"g":24,"i":12,"k":20,"m":31,"o":28,"b":19,"d":22,"f":7,"h":24,"j":12,"l":20,"n":31,"p":28}},{"type":"Feature","geometry":{"type":"Polygon","coordinates":[[[126.96935,37.49148],[126.99531,37.49148],[126.99531,37.51744],[126.96935,37.51744],[126.96935,37.49148]]]},"properties":{"row":12,"col":15,"walk_min":6.2,"nearest_station_id":"kr_003","nearest_station_name":"Dongjak","nearest_station_name_ko":"동작","a":20,"c":22,"e":16,"g":33,"i":12,"k":29,"m":40,"o":28,"b":20,"d":22,"f":16,"h":33,"j":12,"l":29,"n":40,"p":28}},{"type":"Feature","geometry":{"type":"Polygon","coordinates":[[[126.91744,37.49148],[126.94339,37.49148],[126.94339,37.51744],[126.91744,37.51744],[126.91744,37.49148]]]},"properties":{"row":12,"col":13,"walk_min":1.3,"nearest_station_id":"kr_299","nearest_station_name":"신대방삼거리","nearest_station_name_ko":"신대방삼거리","a":39,"c":42,"e":27,"g":44,"i":32,"k":40,"m":51,"o":48,"b":39,"d":42,"f":27,"h":44,"j":32,"l":40,"n":51,"p":48}},{"type":"Feature","geometry":{"type":"Polygon","coordinates":[[[126.96935,37.54339],[126.99531,37.54339],[126.99531,37.56935],[126.96935,37.56935],[126.96935,37.54339]]]},"properties":{"row":14,"col":15,"walk_min":2.5,"nearest_station_id":"kr_033","nearest_station_name":"Hoehyeon (Namdaemun Market)","nearest_station_name_ko":"회현(남대문시장)","a":4,"c":6,"e":26,"g":16,"i":24,"k":36,"m":24,"o":18,"b":4,"d":6,"f":26,"h":16,"j":24,"l":36,"n":24,"p":18}},{"type":"Feature","geometry":{"type":"Polygon","coordinates":[[[127.02126,37.49148],[127.04722,37.49148],[127.04722,37.51744],[127.02126,37.51744],[127.02126,37.49148]]]},"properties":{"row":12,"col":17,"walk_min":1.8,"nearest_station_id":"kr_434","nearest_station_name":"Eonju","nearest_station_name_ko":"언주","a":26,"c":28,"e":6,"g":26,"i":17,"k":15,"m":27,"o":35,"b":26,"d":28,"f":6,"h":26,"j":17,"l":15,"n":27,"p":35}},{"type":"Feature","geometry":{"type":"Polygon","coordinates":[[[126.96935,37.56935],[126.99531,37.56935],[126.99531,37.59531],[126.96935,37.59531],[126.96935,37.56935]]]},"properties":{"row":15,"col":15,"walk_min":5.8,"nearest_station_id":"kr_022","nearest_station_name":"Anguk","nearest_station_name_ko":"안국","a":14,"c":12,"e":32,"g":18,"i":34,"k":38,"m":27,"o":23,"b":14,"d":12,"f":32,"h":18,"j":34,"l":38,"n":27,"p":23}},{"type":"Feature","geometry":{"type":"Polygon","coordinates":[[[126.89148,37.43957],[126.91744,37.43957],[126.91744,37.46552],[126.89148,37.46552],[126.89148,37.43957]]]},"properties":{"row":10,"col":12,"walk_min":10.4,"nearest_station_id":"kr_008","nearest_station_name":"Geumcheon-gu Office","nearest_station_name_ko":"금천구청","a":36,"c":39,"e":46,"g":51,"i":42,"k":59,"m":60,"o":37,"b":36,"d":39,"f":46,"h":51,"j":42,"l":59,"n":60,"p":37}},{"type":"Feature","geometry":{"type":"Polygon","coordinates":[[[126.99531,37.54339],[127.02126,37.54339],[127.02126,37.56935],[126.99531,37.56935],[126.99531,37.54339]]]},"properties":{"row":14,"col":16,"walk_min":1.2,"nearest_station_id":"kr_349","nearest_station_name":"Yaksu","nearest_station_name_ko":"약수","a":10,"c":10,"e":17,"g":14,"i":27,"k":31,"m":23,"o":21,"b":10,"d":10,"f":17,"h":14,"j":27,"l":31,"n":23,"p":21}},{"type":"Feature","geometry":{"type":"Polygon","coordinates":[[[126.91744,37.38765],[126.94339,37.38765],[126.94339,37.41361],[126.91744,37.41361],[126.91744,37.38765]]]},"properties":{"row":8,"col":13,"walk_min":16.4,"nearest_station_id":"kr_010","nearest_station_name":"Anyang","nearest_station_name_ko":"안양","a":55,"c":57,"e":64,"g":69,"i":55,"k":78,"m":78,"o":55,"b":55,"d":57,"f":64,"h":69,"j":55,"l":78,"n":78,"p":55}},{"type":"Feature","geometry":{"type":"Polygon","coordinates":[[[126.99531,37.56935],[127.02126,37.56935],[127.02126,37.59531],[126.99531,37.59531],[126.99531,37.56935]]]},"properties":{"row":15,"col":16,"walk_min":0.8,"nearest_station_id":"kr_057","nearest_station_name":"Hyehwa","nearest_station_name_ko":"혜화","a":14,"c":12,"e":26,"g":12,"i":34,"k":32,"m":21,"o":23,"b":14,"d":12,"f":26,"h":12,"j":34,"l":32,"n":21,"p":23}},{"type":"Feature","geometry":{"type":"Polygon","coordinates":[[[127.07318,37.49148],[127.09914,37.49148],[127.09914,37.51744],[127.07318,37.51744],[127.07318,37.49148]]]},"properties":{"row":12,"col":19,"walk_min":2.2,"nearest_station_id":"kr_394","nearest_station_name":"삼전","nearest_station_name_ko":"삼전","a":37,"c":39,"e":15,"g":30,"i":26,"k":10,"m":21,"o":45,"b":37,"d":39,"f":15,"h":30,"j":26,"l":10,"n":21,"p":45}},{"type":"Feature","geometry":{"type":"Polygon","coordinates":[[[126.86552,37.49148],[126.89148,37.49148],[126.89148,37.51744],[126.86552,37.51744],[126.86552,37.49148]]]},"properties":{"row":12,"col":11,"walk_min":2.5,"nearest_station_id":"kr_019","nearest_station_name":"Guro","nearest_station_name_ko":"구로","a":22,"c":24,"e":32,"g":36,"i":28,"k":44,"m":46,"o":18,"b":22,"d":24,"f":32,"h":36,"j":28,"l":44,"n":46,"p":18}},{"type":"Feature","geometry":{"type":"Polygon","coordinates":[[[127.09914,37.49148],[127.12509,37.49148],[127.12509,37.51744],[127.09914,37.51744],[127.09914,37.49148]]]},"properties":{"row":12,"col":20,"walk_min":1.4,"nearest_station_id":"kr_015","nearest_station_name":"Seokchon","nearest_station_name_ko":"석촌","a":39,"c":41,"e":17,"g":30,"i":28,"k":12,"m":23,"o":47,"b":39,"d":41,"f":17,"h":30,"j":28,"l":12,"n":23,"p":47}},{"type":"Feature","geometry":{"type":"Polygon","coordinates":[[[127.04722,37.49148],[127.07318,37.49148],[127.07318,37.51744],[127.04722,37.51744],[127.04722,37.49148]]]},"properties":{"row":12,"col":18,"walk_min":1.7,"nearest_station_id":"kr_279","nearest_station_name":"Samseong(World Trade Center Seoul)","nearest_station_name_ko":"삼성(무역센터)","a":33,"c":35,"e":10,"g":30,"i":20,"k":10,"m":21,"o":42,"b":33,"d":35,"f":10,"h":30,"j":20,"l":10,"n":21,"p":42}},{"type":"Feature","geometry":{"type":"Polygon","coordinates":[[[127.02126,37.46552],[127.04722,37.46552],[127.04722,37.49148],[127.02126,37.49148],[127.02126,37.46552]]]},"properties":{"row":11,"col":17,"walk_min":4.2,"nearest_station_id":"kr_020","nearest_station_name":"Yangjae","nearest_station_name_ko":"양재","a":31,"c":33,"e":7,"g":32,"i":18,"k":23,"m":34,"o":40,"b":31,"d":33,"f":7,"h":32,"j":18,"l":23,"n":34,"p":40}},{"type":"Feature","geometry":{"type":"Polygon","coordinates":[[[127.02126,37.56935],[127.04722,37.56935],[127.04722,37.59531],[127.02126,37.59531],[127.02126,37.56935]]]},"properties":{"row":15,"col":17,"walk_min":0.6,"nearest_station_id":"kr_026","nearest_station_name":"Jegidong","nearest_station_name_ko":"제기동","a":17,"c":15,"e":29,"g":15,"i":37,"k":28,"m":17,"o":26,"b":17,"d":15,"f":29,"h":15,"j":37,"l":28,"n":17,"p":26}},{"type":"Feature","geometry":{"type":"Polygon","coordinates":[[[126.94339,37.3617],[126.96935,37.3617],[126.96935,37.38765],[126.94339,37.38765],[126.94339,37.3617]]]},"properties":{"row":7,"col":14,"walk_min":16.5,"nearest_station_id":"kr_023","nearest_station_name":"Geumjeong","nearest_station_name_ko":"금정","a":62,"c":66,"e":60,"g":76,"i":48,"k":74,"m":86,"o":64,"b":62,"d":66,"f":60,"h":76,"j":48,"l":74,"n":86,"p":64}},{"type":"Feature","geometry":{"type":"Polygon","coordinates":[[[126.78765,37.46552],[126.81361,37.46552],[126.81361,37.49148],[126.78765,37.49148],[126.78765,37.46552]]]},"properties":{"row":11,"col":8,"walk_min":7.4,"nearest_station_id":"kr_451","nearest_station_name":"Sosa","nearest_station_name_ko":"소사","a":42,"c":44,"e":51,"g":56,"i":47,"k":65,"m":65,"o":39,"b":42,"d":44,"f":51,"h":56,"j":47,"l":65,"n":65,"p":39}},{"type":"Feature","geometry":{"type":"Polygon","coordinates":[[[127.04722,37.56935],[127.07318,37.56935],[127.07318,37.59531],[127.04722,37.59531],[127.04722,37.56935]]]},"properties":{"row":15,"col":18,"walk_min":6.9,"nearest_station_id":"kr_031","nearest_station_name":"Hoegi","nearest_station_name_ko":"회기","a":28,"c":26,"e":40,"g":26,"i":48,"k":40,"m":29,"o":37,"b":28,"d":26,"f":40,"h":26,"j":48,"l":40,"n":29,"p":37}},{"type":"Feature","geometry":{"type":"Polygon","coordinates":[[[126.94339,37.30978],[126.96935,37.30978],[126.96935,37.33574],[126.94339,37.33574],[126.94339,37.30978]]]},"properties":{"row":5,"col":14,"walk_min":26.0,"nearest_station_id":"kr_032","nearest_station_name":"Uiwang","nearest_station_name_ko":"의왕","a":83,"c":86,"e":80,"g":97,"i":69,"k":95,"m":106,"o":84,"b":83,"d":86,"f":80,"h":97,"j":69,"l":95,"n":106,"p":84}},{"type":"Feature","geometry":{"type":"Polygon","coordinates":[[[127.04722,37.59531],[127.07318,37.59531],[127.07318,37.62126],[127.04722,37.62126],[127.04722,37.59531]]]},"properties":{"row":16,"col":18,"walk_min":2.2,"nearest_station_id":"kr_165","nearest_station_name":"돌곶이","nearest_station_name_ko":"돌곶이","a":30,"c":29,"e":38,"g":26,"i":48,"k":46,"m":35,"o":41,"b":30,"d":29,"f":38,"h":26,"j":48,"l":46,"n":35,"p":41}},{"type":"Feature","geometry":{"type":"Polygon","coordinates":[[[126.91744,37.51744],[126.94339,37.51744],[126.94339,37.54339],[126.91744,37.54339],[126.91744,37.51744]]]},"properties":{"row":13,"col":13,"walk_min":3.8,"nearest_station_id":"kr_180","nearest_station_name":"여의나루","nearest_station_name_ko":"여의나루","a":19,"c":22,"e":27,"g":32,"i":23,"k":40,"m":41,"o":18,"b":19,"d":22,"f":27,"h":32,"j":23,"l":40,"n":41,"p":18}},{"type":"Feature","geometry":{"type":"Polygon","coordinates":[[[127.04722,37.43957],[127.07318,37.43957],[127.07318,37.46552],[127.04722,37.46552],[127.04722,37.43957]]]},"properties":{"row":10,"col":18,"walk_min":10.7,"nearest_station_id":"kr_040","nearest_station_name":"Cheonggyesan","nearest_station_name_ko":"청계산입구","a":47,"c":49,"e":23,"g":48,"i":34,"k":39,"m":50,"o":56,"b":47,"d":49,"f":23,"h":48,"j":34,"l":39,"n":50,"p":56}},{"type":"Feature","geometry":{"type":"Polygon","coordinates":[[[127.09914,37.38765],[127.12509,37.38765],[127.12509,37.41361],[127.09914,37.41361],[127.09914,37.38765]]]},"properties":{"row":8,"col":20,"walk_min":9.9,"nearest_station_id":"kr_041","nearest_station_name":"Pangyo","nearest_station_name_ko":"판교","a":61,"c":63,"e":37,"g":61,"i":47,"k":52,"m":63,"o":69,"b":61,"d":63,"f":37,"h":61,"j":47,"l":52,"n":63,"p":69}},{"type":"Feature","geometry":{"type":"Polygon","coordinates":[[[127.04722,37.62126],[127.07318,37.62126],[127.07318,37.64722],[127.04722,37.64722],[127.04722,37.62126]]]},"properties":{"row":17,"col":18,"walk_min":1.7,"nearest_station_id":"kr_393","nearest_station_name":"Wolgye (Induk University)","nearest_station_name_ko":"월계(인덕대학교)","a":35,"c":33,"e":47,"g":33,"i":55,"k":47,"m":35,"o":44,"b":35,"d":33,"f":47,"h":33,"j":55,"l":47,"n":35,"p":44}},{"type":"Feature","geometry":{"type":"Polygon","coordinates":[[[126.99531,37.25787],[127.02126,37.25787],[127.02126,37.28383],[126.99531,37.28383],[126.99531,37.25787]]]},"properties":{"row":3,"col":16,"walk_min":21.9,"nearest_station_id":"kr_043","nearest_station_name":"Suwon","nearest_station_name_ko":"수원","a":94,"c":96,"e":91,"g":108,"i":80,"k":106,"m":117,"o":94,"b":94,"d":96,"f":91,"h":108,"j":80,"l":106,"n":117,"p":94}},{"type":"Feature","geometry":{"type":"Polygon","coordinates":[[[127.02126,37.67318],[127.04722,37.67318],[127.04722,37.69914],[127.02126,37.69914],[127.02126,37.67318]]]},"properties":{"row":19,"col":17,"walk_min":11.5,"nearest_station_id":"kr_044","nearest_station_name":"Dobongsan","nearest_station_name_ko":"도봉산","a":56,"c":54,"e":68,"g":54,"i":76,"k":68,"m":58,"o":66,"b":56,"d":54,"f":68,"h":54,"j":76,"l":68,"n":58,"p":66}},{"type":"Feature","geometry":{"type":"Polygon","coordinates":[[[127.02126,37.64722],[127.04722,37.64722],[127.04722,37.67318],[127.02126,37.67318],[127.02126,37.64722]]]},"properties":{"row":18,"col":17,"walk_min":7.0,"nearest_station_id":"kr_395","nearest_station_name":"Banghak (Dobong-gu Office)","nearest_station_name_ko":"방학(도봉구청)","a":48,"c":46,"e":60,"g":46,"i":68,"k":59,"m":48,"o":57,"b":48,"d":46,"f":60,"h":46,"j":68,"l":59,"n":48,"p":57}},{"type":"Feature","geometry":{"type":"Polygon","coordinates":[[[127.07318,37.54339],[127.09914,37.54339],[127.09914,37.56935],[127.07318,37.56935],[127.07318,37.54339]]]},"properties":{"row":14,"col":19,"walk_min":4.0,"nearest_station_id":"kr_046","nearest_station_name":"군자","nearest_station_name_ko":"군자","a":28,"c":27,"e":31,"g":14,"i":37,"k":34,"m":23,"o":38,"b":28,"d":27,"f":31,"h":14,"j":37,"l":34,"n":23,"p":38}},{"type":"Feature","geometry":{"type":"Polygon","coordinates":[[[127.02126,37.20596],[127.04722,37.20596],[127.04722,37.23191],[127.02126,37.23191],[127.02126,37.20596]]]},"properties":{"row":1,"col":17,"walk_min":29.8,"nearest_station_id":"kr_047","nearest_station_name":"Byeongjeom","nearest_station_name_ko":"병점","a":115,"c":118,"e":112,"g":120,"i":101,"k":120,"m":120,"o":116,"b":115,"d":118,"f":112,"h":120,"j":101,"l":120,"n":120,"p":116}},{"type":"Feature","geometry":{"type":"Polygon","coordinates":[[[127.12509,37.49148],[127.15105,37.49148],[127.15105,37.51744],[127.12509,37.51744],[127.12509,37.49148]]]},"properties":{"row":12,"col":21,"walk_min":3.3,"nearest_station_id":"kr_306","nearest_station_name":"개롱","nearest_station_name_ko":"개롱","a":50,"c":49,"e":28,"g":36,"i":39,"k":23,"m":34,"o":59,"b":50,"d":49,"f":28,"h":36,"j":39,"l":23,"n":34,"p":59}},{"type":"Feature","geometry":{"type":"Polygon","coordinates":[[[126.89148,37.51744],[126.91744,37.51744],[126.91744,37.54339],[126.89148,37.54339],[126.89148,37.51744]]]},"properties":{"row":13,"col":12,"walk_min":2.0,"nearest_station_id":"kr_049","nearest_station_name":"Dangsan","nearest_station_name_ko":"당산","a":22,"c":20,"e":28,"g":33,"i":24,"k":41,"m":43,"o":9,"b":22,"d":20,"f":28,"h":33,"j":24,"l":41,"n":43,"p":9}},{"type":"Feature","geometry":{"type":"Polygon","coordinates":[[[127.12509,37.51744],[127.15105,37.51744],[127.15105,37.54339],[127.12509,37.54339],[127.12509,37.51744]]]},"properties":{"row":13,"col":21,"walk_min":2.0,"nearest_station_id":"kr_074","nearest_station_name":"둔촌동","nearest_station_name_ko":"둔촌동","a":40,"c":39,"e":26,"g":26,"i":37,"k":21,"m":32,"o":50,"b":40,"d":39,"f":26,"h":26,"j":37,"l":21,"n":32,"p":50}},{"type":"Feature","geometry":{"type":"Polygon","coordinates":[[[127.09914,37.51744],[127.12509,37.51744],[127.12509,37.54339],[127.09914,37.54339],[127.09914,37.51744]]]},"properties":{"row":13,"col":20,"walk_min":5.2,"nearest_station_id":"kr_226","nearest_station_name":"Gangdong-gu Office","nearest_station_name_ko":"강동구청","a":41,"c":40,"e":29,"g":26,"i":40,"k":24,"m":35,"o":51,"b":41,"d":40,"f":29,"h":26,"j":40,"l":24,"n":35,"p":51}},{"type":"Feature","geometry":{"type":"Polygon","coordinates":[[[126.99531,37.51744],[127.02126,37.51744],[127.02126,37.54339],[126.99531,37.54339],[126.99531,37.51744]]]},"properties":{"row":13,"col":16,"walk_min":6.3,"nearest_station_id":"kr_334","nearest_station_name":"한강진","nearest_station_name_ko":"한강진","a":17,"c":20,"e":27,"g":18,"i":27,"k":38,"m":27,"o":31,"b":17,"d":20,"f":27,"h":18,"j":27,"l":38,"n":27,"p":31}},{"type":"Feature","geometry":{"type":"Polygon","coordinates":[[[126.7617,37.46552],[126.78765,37.46552],[126.78765,37.49148],[126.7617,37.49148],[126.7617,37.46552]]]},"properties":{"row":11,"col":7,"walk_min":9.1,"nearest_station_id":"kr_060","nearest_station_name":"Bucheon","nearest_station_name_ko":"부천","a":46,"c":48,"e":55,"g":60,"i":51,"k":69,"m":70,"o":43,"b":46,"d":48,"f":55,"h":60,"j":51,"l":69,"n":70,"p":43}},{"type":"Feature","geometry":{"type":"Polygon","coordinates":[[[127.02126,37.69914],[127.04722,37.69914],[127.04722,37.72509],[127.02126,37.72509],[127.02126,37.69914]]]},"properties":{"row":20,"col":17,"walk_min":12.6,"nearest_station_id":"kr_449","nearest_station_name":"Mangwolsa (Shinhan University)","nearest_station_name_ko":"망월사(신한대학교)","a":63,"c":61,"e":75,"g":61,"i":83,"k":75,"m":63,"o":72,"b":63,"d":61,"f":75,"h":61,"j":83,"l":75,"n":63,"p":72}},{"type":"Feature","geometry":{"type":"Polygon","coordinates":[[[126.94339,37.56935],[126.96935,37.56935],[126.96935,37.59531],[126.94339,37.59531],[126.94339,37.56935]]]},"properties":{"row":15,"col":14,"walk_min":7.9,"nearest_station_id":"kr_067","nearest_station_name":"무악재","nearest_station_name_ko":"무악재","a":25,"c":22,"e":42,"g":28,"i":44,"k":48,"m":37,"o":33,"b":25,"d":22,"f":42,"h":28,"j":44,"l":48,"n":37,"p":33}},{"type":"Feature","geometry":{"type":"Polygon","coordinates":[[[127.02126,37.72509],[127.04722,37.72509],[127.04722,37.75105],[127.02126,37.75105],[127.02126,37.72509]]]},"properties":{"row":21,"col":17,"walk_min":11.8,"nearest_station_id":"kr_065","nearest_station_name":"Uijeongbu","nearest_station_name_ko":"의정부","a":68,"c":66,"e":80,"g":66,"i":88,"k":80,"m":68,"o":77,"b":68,"d":66,"f":80,"h":66,"j":88,"l":80,"n":68,"p":77}},{"type":"Feature","geometry":{"type":"Polygon","coordinates":[[[127.02126,37.54339],[127.04722,37.54339],[127.04722,37.56935],[127.02126,37.56935],[127.02126,37.54339]]]},"properties":{"row":14,"col":17,"walk_min":1.9,"nearest_station_id":"kr_296","nearest_station_name":"행당","nearest_station_name_ko":"행당","a":16,"c":15,"e":24,"g":4,"i":34,"k":24,"m":13,"o":27,"b":16,"d":15,"f":24,"h":4,"j":34,"l":24,"n":13,"p":27}},{"type":"Feature","geometry":{"type":"Polygon","coordinates":[[[126.94339,37.33574],[126.96935,37.33574],[126.96935,37.3617],[126.94339,37.3617],[126.94339,37.33574]]]},"properties":{"row":6,"col":14,"walk_min":16.5,"nearest_station_id":"kr_072","nearest_station_name":"Gunpo","nearest_station_name_ko":"군포","a":66,"c":68,"e":64,"g":80,"i":52,"k":78,"m":90,"o":66,"b":66,"d":68,"f":64,"h":80,"j":52,"l":78,"n":90,"p":66}},{"type":"Feature","geometry":{"type":"Polygon","coordinates":[[[126.86552,37.54339],[126.89148,37.54339],[126.89148,37.56935],[126.86552,37.56935],[126.86552,37.54339]]]},"properties":{"row":14,"col":11,"walk_min":15.6,"nearest_station_id":"kr_073","nearest_station_name":"Yeomchang","nearest_station_name_ko":"염창","a":42,"c":40,"e":47,"g":53,"i":43,"k":60,"m":62,"o":28,"b":42,"d":40,"f":47,"h":53,"j":43,"l":60,"n":62,"p":28}},{"type":"Feature","geometry":{"type":"Polygon","coordinates":[[[126.81361,37.49148],[126.83957,37.49148],[126.83957,37.51744],[126.81361,37.51744],[126.81361,37.49148]]]},"properties":{"row":12,"col":9,"walk_min":10.5,"nearest_station_id":"kr_177","nearest_station_name":"까치울","nearest_station_name_ko":"까치울","a":46,"c":48,"e":54,"g":60,"i":50,"k":68,"m":68,"o":42,"b":46,"d":48,"f":54,"h":60,"j":50,"l":68,"n":68,"p":42}},{"type":"Feature","geometry":{"type":"Polygon","coordinates":[[[126.91744,37.59531],[126.94339,37.59531],[126.94339,37.62126],[126.91744,37.62126],[126.91744,37.59531]]]},"properties":{"row":16,"col":13,"walk_min":1.6,"nearest_station_id":"kr_123","nearest_station_name":"Bulgwang","nearest_station_name_ko":"불광","a":26,"c":24,"e":44,"g":30,"i":46,"k":50,"m":39,"o":35,"b":26,"d":24,"f":44,"h":30,"j":46,"l":50,"n":39,"p":35}},{"type":"Feature","geometry":{"type":"Polygon","coordinates":[[[126.91744,37.33574],[126.94339,37.33574],[126.94339,37.3617],[126.91744,37.3617],[126.91744,37.33574]]]},"properties":{"row":6,"col":13,"walk_min":7.2,"nearest_station_id":"kr_364","nearest_station_name":"Surisan","nearest_station_name_ko":"수리산","a":59,"c":62,"e":56,"g":74,"i":45,"k":71,"m":82,"o":60,"b":59,"d":62,"f":56,"h":74,"j":45,"l":71,"n":82,"p":60}},{"type":"Feature","geometry":{"type":"Polygon","coordinates":[[[127.02126,37.59531],[127.04722,37.59531],[127.04722,37.62126],[127.02126,37.62126],[127.02126,37.59531]]]},"properties":{"row":16,"col":17,"walk_min":2.7,"nearest_station_id":"kr_091","nearest_station_name":"Miasageori","nearest_station_name_ko":"미아사거리","a":26,"c":24,"e":38,"g":24,"i":46,"k":44,"m":33,"o":35,"b":26,"d":24,"f":38,"h":24,"j":46,"l":44,"n":33,"p":35}},{"type":"Feature","geometry":{"type":"Polygon","coordinates":[[[126.96935,37.28383],[126.99531,37.28383],[126.99531,37.30978],[126.96935,37.30978],[126.96935,37.28383]]]},"properties":{"row":4,"col":15,"walk_min":8.5,"nearest_station_id":"kr_085","nearest_station_name":"Sungkyunkwan Univ","nearest_station_name_ko":"성균관대","a":72,"c":74,"e":68,"g":86,"i":58,"k":84,"m":94,"o":72,"b":72,"d":74,"f":68,"h":86,"j":58,"l":84,"n":94,"p":72}},{"type":"Feature","geometry":{"type":"Polygon","coordinates":[[[127.09914,37.54339],[127.12509,37.54339],[127.12509,37.56935],[127.09914,37.56935],[127.09914,37.54339]]]},"properties":{"row":14,"col":20,"walk_min":22.7,"nearest_station_id":"kr_088","nearest_station_name":"광나루","nearest_station_name_ko":"광나루","a":53,"c":52,"e":53,"g":38,"i":61,"k":48,"m":48,"o":63,"b":53,"d":52,"f":53,"h":38,"j":61,"l":48,"n":48,"p":63}},{"type":"Feature","geometry":{"type":"Polygon","coordinates":[[[127.02126,37.75105],[127.04722,37.75105],[127.04722,37.77701],[127.02126,37.77701],[127.02126,37.75105]]]},"properties":{"row":22,"col":17,"walk_min":9.0,"nearest_station_id":"kr_421","nearest_station_name":"Nogyang","nearest_station_name_ko":"녹양","a":70,"c":68,"e":82,"g":68,"i":90,"k":81,"m":70,"o":79,"b":70,"d":68,"f":82,"h":68,"j":90,"l":81,"n":70,"p":79}},{"type":"Feature","geometry":{"type":"Polygon","coordinates":[[[127.07318,37.59531],[127.09914,37.59531],[127.09914,37.62126],[127.07318,37.62126],[127.07318,37.59531]]]},"properties":{"row":16,"col":19,"walk_min":2.5,"nearest_station_id":"kr_163","nearest_station_name":"먹골","nearest_station_name_ko":"먹골","a":38,"c":36,"e":44,"g":28,"i":50,"k":48,"m":36,"o":48,"b":38,"d":36,"f":44,"h":28,"j":50,"l":48,"n":36,"p":48}},{"type":"Feature","geometry":{"type":"Polygon","coordinates":[[[127.04722,37.54339],[127.07318,37.54339],[127.07318,37.56935],[127.04722,37.56935],[127.04722,37.54339]]]},"properties":{"row":14,"col":18,"walk_min":1.0,"nearest_station_id":"kr_103","nearest_station_name":"장한평","nearest_station_name_ko":"장한평","a":22,"c":21,"e":31,"g":8,"i":37,"k":28,"m":17,"o":32,"b":22,"d":21,"f":31,"h":8,"j":37,"l":28,"n":17,"p":32}},{"type":"Feature","geometry":{"type":"Polygon","coordinates":[[[126.94339,37.54339],[126.96935,37.54339],[126.96935,37.56935],[126.94339,37.56935],[126.94339,37.54339]]]},"properties":{"row":14,"col":14,"walk_min":1.7,"nearest_station_id":"kr_326","nearest_station_name":"Ahyeon","nearest_station_name_ko":"아현","a":9,"c":7,"e":32,"g":20,"i":29,"k":40,"m":29,"o":9,"b":9,"d":7,"f":32,"h":20,"j":29,"l":40,"n":29,"p":9}},{"type":"Feature","geometry":{"type":"Polygon","coordinates":[[[126.83957,37.54339],[126.86552,37.54339],[126.86552,37.56935],[126.83957,37.56935],[126.83957,37.54339]]]},"properties":{"row":14,"col":10,"walk_min":2.6,"nearest_station_id":"kr_102","nearest_station_name":"Gayang","nearest_station_name_ko":"가양","a":34,"c":31,"e":39,"g":45,"i":35,"k":52,"m":54,"o":20,"b":34,"d":31,"f":39,"h":45,"j":35,"l":52,"n":54,"p":20}},{"type":"Feature","geometry":{"type":"Polygon","coordinates":[[[126.89148,37.64722],[126.91744,37.64722],[126.91744,37.67318],[126.89148,37.67318],[126.89148,37.64722]]]},"properties":{"row":18,"col":12,"walk_min":17.7,"nearest_station_id":"kr_115","nearest_station_name":"Samsong","nearest_station_name_ko":"삼송","a":56,"c":53,"e":73,"g":60,"i":76,"k":80,"m":69,"o":65,"b":56,"d":53,"f":73,"h":60,"j":76,"l":80,"n":69,"p":65}},{"type":"Feature","geometry":{"type":"Polygon","coordinates":[[[126.70978,37.46552],[126.73574,37.46552],[126.73574,37.49148],[126.70978,37.49148],[126.70978,37.46552]]]},"properties":{"row":11,"col":5,"walk_min":13.8,"nearest_station_id":"kr_105","nearest_station_name":"Bupyeong","nearest_station_name_ko":"부평","a":61,"c":64,"e":71,"g":76,"i":67,"k":84,"m":85,"o":58,"b":61,"d":64,"f":71,"h":76,"j":67,"l":84,"n":85,"p":58}},{"type":"Feature","geometry":{"type":"Polygon","coordinates":[[[127.02126,37.62126],[127.04722,37.62126],[127.04722,37.64722],[127.02126,37.64722],[127.02126,37.62126]]]},"properties":{"row":17,"col":17,"walk_min":6.1,"nearest_station_id":"kr_116","nearest_station_name":"Suyu (Gangbuk-gu Office)","nearest_station_name_ko":"수유(강북구청)","a":35,"c":33,"e":47,"g":33,"i":55,"k":54,"m":42,"o":44,"b":35,"d":33,"f":47,"h":33,"j":55,"l":54,"n":42,"p":44}},{"type":"Feature","geometry":{"type":"Polygon","coordinates":[[[127.12509,37.38765],[127.15105,37.38765],[127.15105,37.41361],[127.12509,37.41361],[127.12509,37.38765]]]},"properties":{"row":8,"col":21,"walk_min":15.7,"nearest_station_id":"kr_108","nearest_station_name":"Imae","nearest_station_name_ko":"이매","a":70,"c":72,"e":46,"g":70,"i":56,"k":61,"m":72,"o":78,"b":70,"d":72,"f":46,"h":70,"j":56,"l":61,"n":72,"p":78}},{"type":"Feature","geometry":{"type":"Polygon","coordinates":[[[127.07318,37.56935],[127.09914,37.56935],[127.09914,37.59531],[127.07318,37.59531],[127.07318,37.56935]]]},"properties":{"row":15,"col":19,"walk_min":3.5,"nearest_station_id":"kr_120","nearest_station_name":"사가정","nearest_station_name_ko":"사가정","a":34,"c":34,"e":38,"g":20,"i":42,"k":40,"m":28,"o":44,"b":34,"d":34,"f":38,"h":20,"j":42,"l":40,"n":28,"p":44}},{"type":"Feature","geometry":{"type":"Polygon","coordinates":[[[126.86552,37.28383],[126.89148,37.28383],[126.89148,37.30978],[126.86552,37.30978],[126.86552,37.28383]]]},"properties":{"row":4,"col":11,"walk_min":17.2,"nearest_station_id":"kr_114","nearest_station_name":"Sangnoksu","nearest_station_name_ko":"상록수","a":83,"c":85,"e":80,"g":97,"i":69,"k":95,"m":106,"o":83,"b":83,"d":85,"f":80,"h":97,"j":69,"l":95,"n":106,"p":83}},{"type":"Feature","geometry":{"type":"Polygon","coordinates":[[[127.09914,37.46552],[127.12509,37.46552],[127.12509,37.49148],[127.09914,37.49148],[127.09914,37.46552]]]},"properties":{"row":11,"col":20,"walk_min":7.7,"nearest_station_id":"kr_117","nearest_station_name":"Munjeong","nearest_station_name_ko":"문정","a":52,"c":54,"e":30,"g":44,"i":41,"k":25,"m":36,"o":60,"b":52,"d":54,"f":30,"h":44,"j":41,"l":25,"n":36,"p":60}},{"type":"Feature","geometry":{"type":"Polygon","coordinates":[[[127.12509,37.54339],[127.15105,37.54339],[127.15105,37.56935],[127.12509,37.56935],[127.12509,37.54339]]]},"properties":{"row":14,"col":21,"walk_min":3.8,"nearest_station_id":"kr_200","nearest_station_name":"Amsa History Park","nearest_station_name_ko":"암사역사공원","a":43,"c":42,"e":36,"g":29,"i":46,"k":30,"m":38,"o":54,"b":43,"d":42,"f":36,"h":29,"j":46,"l":30,"n":38,"p":54}},{"type":"Feature","geometry":{"type":"Polygon","coordinates":[[[126.86552,37.64722],[126.89148,37.64722],[126.89148,37.67318],[126.86552,37.67318],[126.86552,37.64722]]]},"properties":{"row":18,"col":11,"walk_min":16.1,"nearest_station_id":"kr_126","nearest_station_name":"Wonheung","nearest_station_name_ko":"원흥","a":58,"c":55,"e":75,"g":62,"i":78,"k":82,"m":71,"o":67,"b":58,"d":55,"f":75,"h":62,"j":78,"l":82,"n":71,"p":67}},{"type":"Feature","geometry":{"type":"Polygon","coordinates":[[[127.12509,37.46552],[127.15105,37.46552],[127.15105,37.49148],[127.12509,37.49148],[127.12509,37.46552]]]},"properties":{"row":11,"col":21,"walk_min":7.5,"nearest_station_id":"kr_127","nearest_station_name":"Jangji","nearest_station_name_ko":"장지","a":54,"c":56,"e":32,"g":46,"i":42,"k":26,"m":38,"o":62,"b":54,"d":56,"f":32,"h":46,"j":42,"l":26,"n":38,"p":62}},{"type":"Feature","geometry":{"type":"Polygon","coordinates":[[[126.81361,37.54339],[126.83957,37.54339],[126.83957,37.56935],[126.81361,37.56935],[126.81361,37.54339]]]},"properties":{"row":14,"col":9,"walk_min":4.9,"nearest_station_id":"kr_391","nearest_station_name":"Magok","nearest_station_name_ko":"마곡","a":43,"c":46,"e":53,"g":58,"i":49,"k":66,"m":67,"o":37,"b":43,"d":46,"f":53,"h":58,"j":49,"l":66,"n":67,"p":37}},{"type":"Feature","geometry":{"type":"Polygon","coordinates":[[[126.96935,37.46552],[126.99531,37.46552],[126.99531,37.49148],[126.96935,37.49148],[126.96935,37.46552]]]},"properties":{"row":11,"col":15,"walk_min":3.1,"nearest_station_id":"kr_133","nearest_station_name":"Sadang","nearest_station_name_ko":"사당","a":23,"c":26,"e":14,"g":36,"i":3,"k":29,"m":40,"o":31,"b":23,"d":26,"f":14,"h":36,"j":3,"l":29,"n":40,"p":31}},{"type":"Feature","geometry":{"type":"Polygon","coordinates":[[[126.96935,37.51744],[126.99531,37.51744],[126.99531,37.54339],[126.96935,37.54339],[126.96935,37.51744]]]},"properties":{"row":13,"col":15,"walk_min":3.2,"nearest_station_id":"kr_295","nearest_station_name":"녹사평","nearest_station_name_ko":"녹사평","a":11,"c":13,"e":24,"g":19,"i":21,"k":38,"m":28,"o":24,"b":11,"d":13,"f":24,"h":19,"j":21,"l":38,"n":28,"p":24}},{"type":"Feature","geometry":{"type":"Polygon","coordinates":[[[127.02126,37.51744],[127.04722,37.51744],[127.04722,37.54339],[127.02126,37.54339],[127.02126,37.51744]]]},"properties":{"row":13,"col":17,"walk_min":6.0,"nearest_station_id":"kr_138","nearest_station_name":"압구정","nearest_station_name_ko":"압구정","a":24,"c":23,"e":14,"g":22,"i":24,"k":28,"m":31,"o":35,"b":24,"d":23,"f":14,"h":22,"j":24,"l":28,"n":31,"p":35}},{"type":"Feature","geometry":{"type":"Polygon","coordinates":[[[126.91744,37.54339],[126.94339,37.54339],[126.94339,37.56935],[126.91744,37.56935],[126.91744,37.54339]]]},"properties":{"row":14,"col":13,"walk_min":2.7,"nearest_station_id":"kr_376","nearest_station_name":"Sinchon","nearest_station_name_ko":"신촌","a":14,"c":12,"e":37,"g":25,"i":34,"k":45,"m":34,"o":6,"b":14,"d":12,"f":37,"h":25,"j":34,"l":45,"n":34,"p":6}},{"type":"Feature","geometry":{"type":"Polygon","coordinates":[[[126.83957,37.64722],[126.86552,37.64722],[126.86552,37.67318],[126.83957,37.67318],[126.83957,37.64722]]]},"properties":{"row":18,"col":10,"walk_min":15.8,"nearest_station_id":"kr_145","nearest_station_name":"Wondang","nearest_station_name_ko":"원당","a":63,"c":61,"e":80,"g":67,"i":83,"k":87,"m":76,"o":72,"b":63,"d":61,"f":80,"h":67,"j":83,"l":87,"n":76,"p":72}},{"type":"Feature","geometry":{"type":"Polygon","coordinates":[[[127.15105,37.54339],[127.17701,37.54339],[127.17701,37.56935],[127.15105,37.56935],[127.15105,37.54339]]]},"properties":{"row":14,"col":22,"walk_min":5.3,"nearest_station_id":"kr_171","nearest_station_name":"Sangil-dong","nearest_station_name_ko":"상일동","a":51,"c":50,"e":41,"g":37,"i":52,"k":36,"m":46,"o":61,"b":51,"d":50,"f":41,"h":37,"j":52,"l":36,"n":46,"p":61}},{"type":"Feature","geometry":{"type":"Polygon","coordinates":[[[127.09914,37.3617],[127.12509,37.3617],[127.12509,37.38765],[127.09914,37.38765],[127.09914,37.3617]]]},"properties":{"row":7,"col":20,"walk_min":14.9,"nearest_station_id":"kr_148","nearest_station_name":"Jeongja","nearest_station_name_ko":"정자","a":72,"c":74,"e":48,"g":72,"i":58,"k":63,"m":74,"o":80,"b":72,"d":74,"f":48,"h":72,"j":58,"l":63,"n":74,"p":80}},{"type":"Feature","geometry":{"type":"Polygon","coordinates":[[[126.99531,37.46552],[127.02126,37.46552],[127.02126,37.49148],[126.99531,37.49148],[126.99531,37.46552]]]},"properties":{"row":11,"col":16,"walk_min":7.9,"nearest_station_id":"kr_344","nearest_station_name":"Bangbae","nearest_station_name_ko":"방배","a":31,"c":34,"e":16,"g":39,"i":11,"k":31,"m":42,"o":40,"b":31,"d":34,"f":16,"h":39,"j":11,"l":31,"n":42,"p":40}},{"type":"Feature","geometry":{"type":"Polygon","coordinates":[[[126.73574,37.46552],[126.7617,37.46552],[126.7617,37.49148],[126.73574,37.49148],[126.73574,37.46552]]]},"properties":{"row":11,"col":6,"walk_min":10.8,"nearest_station_id":"kr_159","nearest_station_name":"Songnae","nearest_station_name_ko":"송내","a":53,"c":56,"e":63,"g":68,"i":59,"k":76,"m":77,"o":50,"b":53,"d":56,"f":63,"h":68,"j":59,"l":76,"n":77,"p":50}},{"type":"Feature","geometry":{"type":"Polygon","coordinates":[[[127.04722,37.46552],[127.07318,37.46552],[127.07318,37.49148],[127.04722,37.49148],[127.04722,37.46552]]]},"properties":{"row":11,"col":18,"walk_min":13.4,"nearest_station_id":"kr_164","nearest_station_name":"Dogok","nearest_station_name_ko":"도곡","a":45,"c":47,"e":21,"g":45,"i":31,"k":36,"m":47,"o":53,"b":45,"d":47,"f":21,"h":45,"j":31,"l":36,"n":47,"p":53}},{"type":"Feature","geometry":{"type":"Polygon","coordinates":[[[127.04722,37.51744],[127.07318,37.51744],[127.07318,37.54339],[127.04722,37.54339],[127.04722,37.51744]]]},"properties":{"row":13,"col":18,"walk_min":3.8,"nearest_station_id":"kr_181","nearest_station_name":"Jayang","nearest_station_name_ko":"자양","a":35,"c":34,"e":24,"g":21,"i":29,"k":37,"m":30,"o":45,"b":35,"d":34,"f":24,"h":21,"j":29,"l":37,"n":30,"p":45}},{"type":"Feature","geometry":{"type":"Polygon","coordinates":[[[126.81361,37.62126],[126.83957,37.62126],[126.83957,37.64722],[126.81361,37.64722],[126.81361,37.62126]]]},"properties":{"row":17,"col":9,"walk_min":7.5,"nearest_station_id":"kr_167","nearest_station_name":"Hwajeong","nearest_station_name_ko":"화정","a":60,"c":56,"e":76,"g":64,"i":80,"k":84,"m":72,"o":68,"b":60,"d":56,"f":76,"h":64,"j":80,"l":84,"n":72,"p":68}},{"type":"Feature","geometry":{"type":"Polygon","coordinates":[[[126.81361,37.30978],[126.83957,37.30978],[126.83957,37.33574],[126.81361,37.33574],[126.81361,37.30978]]]},"properties":{"row":5,"col":9,"walk_min":14.3,"nearest_station_id":"kr_426","nearest_station_name":"Gojan","nearest_station_name_ko":"고잔","a":89,"c":91,"e":85,"g":103,"i":75,"k":101,"m":112,"o":89,"b":89,"d":91,"f":85,"h":103,"j":75,"l":101,"n":112,"p":89}},{"type":"Feature","geometry":{"type":"Polygon","coordinates":[[[127.12509,37.43957],[127.15105,37.43957],[127.15105,37.46552],[127.12509,37.46552],[127.12509,37.43957]]]},"properties":{"row":10,"col":21,"walk_min":6.4,"nearest_station_id":"kr_170","nearest_station_name":"Namwirye","nearest_station_name_ko":"남위례","a":57,"c":59,"e":35,"g":49,"i":46,"k":30,"m":41,"o":66,"b":57,"d":59,"f":35,"h":49,"j":46,"l":30,"n":41,"p":66}},{"type":"Feature","geometry":{"type":"Polygon","coordinates":[[[127.09914,37.33574],[127.12509,37.33574],[127.12509,37.3617],[127.09914,37.3617],[127.09914,37.33574]]]},"properties":{"row":6,"col":20,"walk_min":10.5,"nearest_station_id":"kr_172","nearest_station_name":"Migeum","nearest_station_name_ko":"미금","a":72,"c":74,"e":48,"g":72,"i":58,"k":62,"m":74,"o":80,"b":72,"d":74,"f":48,"h":72,"j":58,"l":62,"n":74,"p":80}},{"type":"Feature","geometry":{"type":"Polygon","coordinates":[[[126.78765,37.49148],[126.81361,37.49148],[126.81361,37.51744],[126.78765,37.51744],[126.78765,37.49148]]]},"properties":{"row":12,"col":8,"walk_min":4.9,"nearest_station_id":"kr_206","nearest_station_name":"부천종합운동장","nearest_station_name_ko":"부천종합운동장","a":42,"c":45,"e":52,"g":57,"i":48,"k":65,"m":66,"o":39,"b":42,"d":45,"f":52,"h":57,"j":48,"l":65,"n":66,"p":39}},{"type":"Feature","geometry":{"type":"Polygon","coordinates":[[[126.91744,37.62126],[126.94339,37.62126],[126.94339,37.64722],[126.91744,37.64722],[126.91744,37.62126]]]},"properties":{"row":17,"col":13,"walk_min":9.2,"nearest_station_id":"kr_192","nearest_station_name":"구파발","nearest_station_name_ko":"구파발","a":40,"c":38,"e":57,"g":44,"i":60,"k":64,"m":53,"o":49,"b":40,"d":38,"f":57,"h":44,"j":60,"l":64,"n":53,"p":49}},{"type":"Feature","geometry":{"type":"Polygon","coordinates":[[[126.78765,37.54339],[126.81361,37.54339],[126.81361,37.56935],[126.78765,37.56935],[126.78765,37.54339]]]},"properties":{"row":14,"col":8,"walk_min":18.5,"nearest_station_id":"kr_189","nearest_station_name":"Gimpo Int'l Airport","nearest_station_name_ko":"김포공항","a":58,"c":56,"e":64,"g":70,"i":60,"k":78,"m":80,"o":46,"b":58,"d":56,"f":64,"h":70,"j":60,"l":78,"n":80,"p":46}},{"type":"Feature","geometry":{"type":"Polygon","coordinates":[[[126.94339,37.51744],[126.96935,37.51744],[126.96935,37.54339],[126.94339,37.54339],[126.94339,37.51744]]]},"properties":{"row":13,"col":14,"walk_min":5.8,"nearest_station_id":"kr_397","nearest_station_name":"Yongsan","nearest_station_name_ko":"용산","a":12,"c":15,"e":28,"g":27,"i":25,"k":42,"m":36,"o":26,"b":12,"d":15,"f":28,"h":27,"j":25,"l":42,"n":36,"p":26}},{"type":"Feature","geometry":{"type":"Polygon","coordinates":[[[126.81361,37.46552],[126.83957,37.46552],[126.83957,37.49148],[126.81361,37.49148],[126.81361,37.46552]]]},"properties":{"row":11,"col":9,"walk_min":12.9,"nearest_station_id":"kr_194","nearest_station_name":"천왕","nearest_station_name_ko":"천왕","a":47,"c":50,"e":57,"g":61,"i":52,"k":70,"m":71,"o":44,"b":47,"d":50,"f":57,"h":61,"j":52,"l":70,"n":71,"p":44}},{"type":"Feature","geometry":{"type":"Polygon","coordinates":[[[127.04722,37.67318],[127.07318,37.67318],[127.07318,37.69914],[127.04722,37.69914],[127.04722,37.67318]]]},"properties":{"row":19,"col":18,"walk_min":8.4,"nearest_station_id":"kr_195","nearest_station_name":"수락산","nearest_station_name_ko":"수락산","a":56,"c":55,"e":64,"g":50,"i":73,"k":68,"m":57,"o":66,"b":56,"d":55,"f":64,"h":50,"j":73,"l":68,"n":57,"p":66}},{"type":"Feature","geometry":{"type":"Polygon","coordinates":[[[127.07318,37.51744],[127.09914,37.51744],[127.09914,37.54339],[127.07318,37.54339],[127.07318,37.51744]]]},"properties":{"row":13,"col":19,"walk_min":6.7,"nearest_station_id":"kr_210","nearest_station_name":"Guui(Gwangjin-gu Office)","nearest_station_name_ko":"구의(광진구청)","a":34,"c":33,"e":30,"g":19,"i":41,"k":15,"m":10,"o":44,"b":34,"d":33,"f":30,"h":19,"j":41,"l":15,"n":10,"p":44}},{"type":"Feature","geometry":{"type":"Polygon","coordinates":[[[126.78765,37.62126],[126.81361,37.62126],[126.81361,37.64722],[126.78765,37.64722],[126.78765,37.62126]]]},"properties":{"row":17,"col":8,"walk_min":14.1,"nearest_station_id":"kr_198","nearest_station_name":"Daegok","nearest_station_name_ko":"대곡","a":70,"c":67,"e":87,"g":74,"i":90,"k":94,"m":83,"o":79,"b":70,"d":67,"f":87,"h":74,"j":90,"l":94,"n":83,"p":79}},{"type":"Feature","geometry":{"type":"Polygon","coordinates":[[[127.04722,37.64722],[127.07318,37.64722],[127.07318,37.67318],[127.04722,37.67318],[127.04722,37.64722]]]},"properties":{"row":18,"col":18,"walk_min":2.0,"nearest_station_id":"kr_199","nearest_station_name":"Nowon","nearest_station_name_ko":"노원","a":40,"c":38,"e":52,"g":38,"i":60,"k":58,"m":47,"o":49,"b":40,"d":38,"f":52,"h":38,"j":60,"l":58,"n":47,"p":49}},{"type":"Feature","geometry":{"type":"Polygon","coordinates":[[[126.83957,37.51744],[126.86552,37.51744],[126.86552,37.54339],[126.83957,37.54339],[126.83957,37.51744]]]},"properties":{"row":13,"col":10,"walk_min":3.2,"nearest_station_id":"kr_225","nearest_station_name":"Kkachisan","nearest_station_name_ko":"까치산","a":32,"c":34,"e":41,"g":46,"i":37,"k":54,"m":55,"o":28,"b":32,"d":34,"f":41,"h":46,"j":37,"l":54,"n":55,"p":28}},{"type":"Feature","geometry":{"type":"Polygon","coordinates":[[[126.89148,37.54339],[126.91744,37.54339],[126.91744,37.56935],[126.89148,37.56935],[126.89148,37.54339]]]},"properties":{"row":14,"col":12,"walk_min":5.7,"nearest_station_id":"kr_240","nearest_station_name":"망원","nearest_station_name_ko":"망원","a":26,"c":29,"e":40,"g":39,"i":36,"k":53,"m":48,"o":35,"b":26,"d":29,"f":40,"h":39,"j":36,"l":53,"n":48,"p":35}},{"type":"Feature","geometry":{"type":"Polygon","coordinates":[[[126.86552,37.46552],[126.89148,37.46552],[126.89148,37.49148],[126.86552,37.49148],[126.86552,37.46552]]]},"properties":{"row":11,"col":11,"walk_min":3.8,"nearest_station_id":"kr_291","nearest_station_name":"가산디지털단지","nearest_station_name_ko":"가산디지털단지","a":47,"c":50,"e":41,"g":59,"i":46,"k":54,"m":65,"o":44,"b":47,"d":50,"f":41,"h":59,"j":46,"l":54,"n":65,"p":44}},{"type":"Feature","geometry":{"type":"Polygon","coordinates":[[[126.94339,37.49148],[126.96935,37.49148],[126.96935,37.51744],[126.94339,37.51744],[126.94339,37.49148]]]},"properties":{"row":12,"col":14,"walk_min":2.5,"nearest_station_id":"kr_244","nearest_station_name":"상도","nearest_station_name_ko":"상도","a":36,"c":38,"e":24,"g":42,"i":28,"k":36,"m":48,"o":44,"b":36,"d":38,"f":24,"h":42,"j":28,"l":36,"n":48,"p":44}},{"type":"Feature","geometry":{"type":"Polygon","coordinates":[[[126.83957,37.46552],[126.86552,37.46552],[126.86552,37.49148],[126.83957,37.49148],[126.83957,37.46552]]]},"properties":{"row":11,"col":10,"walk_min":5.5,"nearest_station_id":"kr_220","nearest_station_name":"광명사거리","nearest_station_name_ko":"광명사거리","a":42,"c":46,"e":48,"g":58,"i":48,"k":62,"m":66,"o":40,"b":42,"d":46,"f":48,"h":58,"j":48,"l":62,"n":66,"p":40}},{"type":"Feature","geometry":{"type":"Polygon","coordinates":[[[126.7617,37.49148],[126.78765,37.49148],[126.78765,37.51744],[126.7617,37.51744],[126.7617,37.49148]]]},"properties":{"row":12,"col":7,"walk_min":4.6,"nearest_station_id":"kr_254","nearest_station_name":"신중동","nearest_station_name_ko":"신중동","a":47,"c":49,"e":56,"g":61,"i":52,"k":70,"m":70,"o":43,"b":47,"d":49,"f":56,"h":61,"j":52,"l":70,"n":70,"p":43}},{"type":"Feature","geometry":{"type":"Polygon","coordinates":[[[127.07318,37.64722],[127.09914,37.64722],[127.09914,37.67318],[127.07318,37.67318],[127.07318,37.64722]]]},"properties":{"row":18,"col":19,"walk_min":11.2,"nearest_station_id":"kr_229","nearest_station_name":"Sanggye","nearest_station_name_ko":"상계","a":52,"c":49,"e":63,"g":50,"i":71,"k":70,"m":59,"o":61,"b":52,"d":49,"f":63,"h":50,"j":71,"l":70,"n":59,"p":61}},{"type":"Feature","geometry":{"type":"Polygon","coordinates":[[[126.78765,37.30978],[126.81361,37.30978],[126.81361,37.33574],[126.78765,37.33574],[126.78765,37.30978]]]},"properties":{"row":5,"col":8,"walk_min":8.8,"nearest_station_id":"kr_230","nearest_station_name":"Choji","nearest_station_name_ko":"초지","a":86,"c":89,"e":83,"g":101,"i":72,"k":98,"m":109,"o":87,"b":86,"d":89,"f":83,"h":101,"j":72,"l":98,"n":109,"p":87}},{"type":"Feature","geometry":{"type":"Polygon","coordinates":[[[127.12509,37.56935],[127.15105,37.56935],[127.15105,37.59531],[127.12509,37.59531],[127.12509,37.56935]]]},"properties":{"row":15,"col":21,"walk_min":9.7,"nearest_station_id":"kr_231","nearest_station_name":"Jangja Lake Park","nearest_station_name_ko":"장자호수공원","a":56,"c":55,"e":48,"g":41,"i":59,"k":43,"m":51,"o":66,"b":56,"d":55,"f":48,"h":41,"j":59,"l":43,"n":51,"p":66}},{"type":"Feature","geometry":{"type":"Polygon","coordinates":[[[127.15105,37.43957],[127.17701,37.43957],[127.17701,37.46552],[127.15105,37.46552],[127.15105,37.43957]]]},"properties":{"row":10,"col":22,"walk_min":7.4,"nearest_station_id":"kr_232","nearest_station_name":"Namhansanseong","nearest_station_name_ko":"남한산성입구","a":63,"c":65,"e":41,"g":55,"i":52,"k":36,"m":47,"o":72,"b":63,"d":65,"f":41,"h":55,"j":52,"l":36,"n":47,"p":72}},{"type":"Feature","geometry":{"type":"Polygon","coordinates":[[[127.07318,37.30978],[127.09914,37.30978],[127.09914,37.33574],[127.07318,37.33574],[127.07318,37.30978]]]},"properties":{"row":5,"col":19,"walk_min":7.3,"nearest_station_id":"kr_233","nearest_station_name":"Suji-gu Office","nearest_station_name_ko":"수지구청","a":75,"c":77,"e":51,"g":75,"i":61,"k":66,"m":77,"o":83,"b":75,"d":77,"f":51,"h":75,"j":61,"l":66,"n":77,"p":83}},{"type":"Feature","geometry":{"type":"Polygon","coordinates":[[[127.20296,37.38765],[127.22892,37.38765],[127.22892,37.41361],[127.20296,37.41361],[127.20296,37.38765]]]},"properties":{"row":8,"col":24,"walk_min":25.2,"nearest_station_id":"kr_237","nearest_station_name":"삼동","nearest_station_name_ko":"삼동","a":92,"c":94,"e":68,"g":92,"i":78,"k":83,"m":94,"o":100,"b":92,"d":94,"f":68,"h":92,"j":78,"l":83,"n":94,"p":100}},{"type":"Feature","geometry":{"type":"Polygon","coordinates":[[[126.96935,37.43957],[126.99531,37.43957],[126.99531,37.46552],[126.96935,37.46552],[126.96935,37.43957]]]},"properties":{"row":10,"col":15,"walk_min":21.9,"nearest_station_id":"kr_247","nearest_station_name":"Namtaeryeong","nearest_station_name_ko":"남태령","a":45,"c":48,"e":36,"g":59,"i":25,"k":51,"m":62,"o":54,"b":45,"d":48,"f":36,"h":59,"j":25,"l":51,"n":62,"p":54}},{"type":"Feature","geometry":{"type":"Polygon","coordinates":[[[126.65787,37.43957],[126.68383,37.43957],[126.68383,37.46552],[126.65787,37.46552],[126.65787,37.43957]]]},"properties":{"row":10,"col":3,"walk_min":17.0,"nearest_station_id":"kr_456","nearest_station_name":"Dohwa","nearest_station_name_ko":"도화","a":76,"c":78,"e":85,"g":90,"i":81,"k":99,"m":99,"o":72,"b":76,"d":78,"f":85,"h":90,"j":81,"l":99,"n":99,"p":72}},{"type":"Feature","geometry":{"type":"Polygon","coordinates":[[[126.94339,37.38765],[126.96935,37.38765],[126.96935,37.41361],[126.94339,37.41361],[126.94339,37.38765]]]},"properties":{"row":8,"col":14,"walk_min":9.5,"nearest_station_id":"kr_284","nearest_station_name":"Pyeongchon","nearest_station_name_ko":"평촌","a":54,"c":58,"e":46,"g":68,"i":34,"k":60,"m":72,"o":62,"b":54,"d":58,"f":46,"h":68,"j":34,"l":60,"n":72,"p":62}},{"type":"Feature","geometry":{"type":"Polygon","coordinates":[[[126.68383,37.49148],[126.70978,37.49148],[126.70978,37.51744],[126.68383,37.51744],[126.68383,37.49148]]]},"properties":{"row":12,"col":4,"walk_min":10.6,"nearest_station_id":"kr_258","nearest_station_name":"Sangok","nearest_station_name_ko":"산곡","a":67,"c":70,"e":77,"g":82,"i":73,"k":90,"m":91,"o":64,"b":67,"d":70,"f":77,"h":82,"j":73,"l":90,"n":91,"p":64}},{"type":"Feature","geometry":{"type":"Polygon","coordinates":[[[126.7617,37.64722],[126.78765,37.64722],[126.78765,37.67318],[126.7617,37.67318],[126.7617,37.64722]]]},"properties":{"row":18,"col":7,"walk_min":5.4,"nearest_station_id":"kr_302","nearest_station_name":"Jeongbalsan","nearest_station_name_ko":"정발산","a":71,"c":68,"e":88,"g":75,"i":91,"k":95,"m":84,"o":80,"b":71,"d":68,"f":88,"h":75,"j":91,"l":95,"n":84,"p":80}},{"type":"Feature","geometry":{"type":"Polygon","coordinates":[[[127.12509,37.59531],[127.15105,37.59531],[127.15105,37.62126],[127.12509,37.62126],[127.12509,37.59531]]]},"properties":{"row":16,"col":21,"walk_min":6.9,"nearest_station_id":"kr_303","nearest_station_name":"Donggureung","nearest_station_name_ko":"동구릉","a":59,"c":58,"e":51,"g":44,"i":62,"k":46,"m":54,"o":69,"b":59,"d":58,"f":51,"h":44,"j":62,"l":46,"n":54,"p":69}},{"type":"Feature","geometry":{"type":"Polygon","coordinates":[[[126.99531,37.43957],[127.02126,37.43957],[127.02126,37.46552],[126.99531,37.46552],[126.99531,37.43957]]]},"properties":{"row":10,"col":16,"walk_min":9.4,"nearest_station_id":"kr_281","nearest_station_name":"Seonbawi","nearest_station_name_ko":"선바위","a":36,"c":39,"e":27,"g":50,"i":16,"k":42,"m":53,"o":45,"b":36,"d":39,"f":27,"h":50,"j":16,"l":42,"n":53,"p":45}},{"type":"Feature","geometry":{"type":"Polygon","coordinates":[[[126.70978,37.49148],[126.73574,37.49148],[126.73574,37.51744],[126.70978,37.51744],[126.70978,37.49148]]]},"properties":{"row":12,"col":5,"walk_min":4.3,"nearest_station_id":"kr_287","nearest_station_name":"Bupyeong-gu Office","nearest_station_name_ko":"부평구청","a":57,"c":60,"e":67,"g":72,"i":63,"k":80,"m":81,"o":54,"b":57,"d":60,"f":67,"h":72,"j":63,"l":80,"n":81,"p":54}},{"type":"Feature","geometry":{"type":"Polygon","coordinates":[[[126.89148,37.46552],[126.91744,37.46552],[126.91744,37.49148],[126.89148,37.49148],[126.89148,37.46552]]]},"properties":{"row":11,"col":12,"walk_min":7.8,"nearest_station_id":"kr_288","nearest_station_name":"Guro Digital Complex","nearest_station_name_ko":"구로디지털단지","a":31,"c":34,"e":35,"g":46,"i":24,"k":50,"m":55,"o":28,"b":31,"d":34,"f":35,"h":46,"j":24,"l":50,"n":55,"p":28}},{"type":"Feature","geometry":{"type":"Polygon","coordinates":[[[126.73574,37.49148],[126.7617,37.49148],[126.7617,37.51744],[126.73574,37.51744],[126.73574,37.49148]]]},"properties":{"row":12,"col":6,"walk_min":3.4,"nearest_station_id":"kr_292","nearest_station_name":"상동","nearest_station_name_ko":"상동","a":49,"c":52,"e":59,"g":64,"i":55,"k":72,"m":73,"o":46,"b":49,"d":52,"f":59,"h":64,"j":55,"l":72,"n":73,"p":46}},{"type":"Feature","geometry":{"type":"Polygon","coordinates":[[[126.89148,37.56935],[126.91744,37.56935],[126.91744,37.59531],[126.89148,37.59531],[126.89148,37.56935]]]},"properties":{"row":15,"col":12,"walk_min":4.7,"nearest_station_id":"kr_339","nearest_station_name":"증산","nearest_station_name_ko":"증산","a":34,"c":35,"e":48,"g":42,"i":44,"k":61,"m":51,"o":43,"b":34,"d":35,"f":48,"h":42,"j":44,"l":61,"n":51,"p":43}},{"type":"Feature","geometry":{"type":"Polygon","coordinates":[[[127.07318,37.46552],[127.09914,37.46552],[127.09914,37.49148],[127.07318,37.49148],[127.07318,37.46552]]]},"properties":{"row":11,"col":19,"walk_min":9.6,"nearest_station_id":"kr_298","nearest_station_name":"Irwon","nearest_station_name_ko":"일원","a":50,"c":52,"e":26,"g":50,"i":37,"k":32,"m":43,"o":59,"b":50,"d":52,"f":26,"h":50,"j":37,"l":32,"n":43,"p":59}},{"type":"Feature","geometry":{"type":"Polygon","coordinates":[[[127.20296,37.54339],[127.22892,37.54339],[127.22892,37.56935],[127.20296,37.56935],[127.20296,37.54339]]]},"properties":{"row":14,"col":24,"walk_min":18.2,"nearest_station_id":"kr_301","nearest_station_name":"하남풍산","nearest_station_name_ko":"하남풍산","a":73,"c":72,"e":63,"g":58,"i":74,"k":58,"m":68,"o":83,"b":73,"d":72,"f":63,"h":58,"j":74,"l":58,"n":68,"p":83}},{"type":"Feature","geometry":{"type":"Polygon","coordinates":[[[127.04722,37.28383],[127.07318,37.28383],[127.07318,37.30978],[127.04722,37.30978],[127.04722,37.28383]]]},"properties":{"row":4,"col":18,"walk_min":13.2,"nearest_station_id":"kr_307","nearest_station_name":"Sanghyeon","nearest_station_name_ko":"상현","a":89,"c":90,"e":65,"g":89,"i":75,"k":80,"m":91,"o":97,"b":89,"d":90,"f":65,"h":89,"j":75,"l":80,"n":91,"p":97}},{"type":"Feature","geometry":{"type":"Polygon","coordinates":[[[127.09914,37.64722],[127.12509,37.64722],[127.12509,37.67318],[127.09914,37.67318],[127.09914,37.64722]]]},"properties":{"row":18,"col":20,"walk_min":10.4,"nearest_station_id":"kr_310","nearest_station_name":"Byeollaebyeolgaram","nearest_station_name_ko":"별내별가람","a":60,"c":58,"e":71,"g":58,"i":79,"k":78,"m":67,"o":69,"b":60,"d":58,"f":71,"h":58,"j":79,"l":78,"n":67,"p":69}},{"type":"Feature","geometry":{"type":"Polygon","coordinates":[[[126.86552,37.51744],[126.89148,37.51744],[126.89148,37.54339],[126.86552,37.54339],[126.86552,37.51744]]]},"properties":{"row":13,"col":11,"walk_min":2.8,"nearest_station_id":"kr_366","nearest_station_name":"Omokgyo","nearest_station_name_ko":"오목교","a":28,"c":31,"e":34,"g":43,"i":30,"k":48,"m":52,"o":26,"b":28,"d":31,"f":34,"h":43,"j":30,"l":48,"n":52,"p":26}},{"type":"Feature","geometry":{"type":"Polygon","coordinates":[[[126.89148,37.59531],[126.91744,37.59531],[126.91744,37.62126],[126.89148,37.62126],[126.89148,37.59531]]]},"properties":{"row":16,"col":12,"walk_min":11.6,"nearest_station_id":"kr_390","nearest_station_name":"구산","nearest_station_name_ko":"구산","a":42,"c":39,"e":59,"g":45,"i":58,"k":66,"m":54,"o":50,"b":42,"d":39,"f":59,"h":45,"j":58,"l":66,"n":54,"p":50}},{"type":"Feature","geometry":{"type":"Polygon","coordinates":[[[126.94339,37.46552],[126.96935,37.46552],[126.96935,37.49148],[126.94339,37.49148],[126.94339,37.46552]]]},"properties":{"row":11,"col":14,"walk_min":6.4,"nearest_station_id":"kr_370","nearest_station_name":"Seoul Nat'l University (Gwanak-gu Office)","nearest_station_name_ko":"서울대입구(관악구청)","a":32,"c":34,"e":23,"g":45,"i":12,"k":38,"m":49,"o":36,"b":32,"d":34,"f":23,"h":45,"j":12,"l":38,"n":49,"p":36}},{"type":"Feature","geometry":{"type":"Polygon","coordinates":[[[126.96935,37.38765],[126.99531,37.38765],[126.99531,37.41361],[126.96935,37.41361],[126.96935,37.38765]]]},"properties":{"row":8,"col":15,"walk_min":14.6,"nearest_station_id":"kr_325","nearest_station_name":"Indeogwon","nearest_station_name_ko":"인덕원","a":57,"c":60,"e":48,"g":70,"i":37,"k":63,"m":74,"o":65,"b":57,"d":60,"f":48,"h":70,"j":37,"l":63,"n":74,"p":65}},{"type":"Feature","geometry":{"type":"Polygon","coordinates":[[[126.63191,37.46552],[126.65787,37.46552],[126.65787,37.49148],[126.63191,37.49148],[126.63191,37.46552]]]},"properties":{"row":11,"col":2,"walk_min":9.6,"nearest_station_id":"kr_457","nearest_station_name":"Dowon","nearest_station_name_ko":"도원","a":73,"c":76,"e":83,"g":88,"i":79,"k":96,"m":97,"o":70,"b":73,"d":76,"f":83,"h":88,"j":79,"l":96,"n":97,"p":70}},{"type":"Feature","geometry":{"type":"Polygon","coordinates":[[[127.17701,37.54339],[127.20296,37.54339],[127.20296,37.56935],[127.17701,37.56935],[127.17701,37.54339]]]},"properties":{"row":14,"col":23,"walk_min":6.4,"nearest_station_id":"kr_332","nearest_station_name":"미사","nearest_station_name_ko":"미사","a":58,"c":57,"e":48,"g":43,"i":59,"k":43,"m":52,"o":68,"b":58,"d":57,"f":48,"h":43,"j":59,"l":43,"n":52,"p":68}},{"type":"Feature","geometry":{"type":"Polygon","coordinates":[[[126.99531,37.41361],[127.02126,37.41361],[127.02126,37.43957],[126.99531,37.43957],[126.99531,37.41361]]]},"properties":{"row":9,"col":16,"walk_min":11.6,"nearest_station_id":"kr_346","nearest_station_name":"Seoul Grand park","nearest_station_name_ko":"대공원","a":44,"c":46,"e":34,"g":57,"i":24,"k":50,"m":61,"o":52,"b":44,"d":46,"f":34,"h":57,"j":24,"l":50,"n":61,"p":52}},{"type":"Feature","geometry":{"type":"Polygon","coordinates":[[[126.73574,37.64722],[126.7617,37.64722],[126.7617,37.67318],[126.73574,37.67318],[126.73574,37.64722]]]},"properties":{"row":18,"col":6,"walk_min":17.9,"nearest_station_id":"kr_350","nearest_station_name":"Juyeop","nearest_station_name_ko":"주엽","a":87,"c":85,"e":104,"g":91,"i":107,"k":111,"m":100,"o":96,"b":87,"d":85,"f":104,"h":91,"j":107,"l":111,"n":100,"p":96}},{"type":"Feature","geometry":{"type":"Polygon","coordinates":[[[126.73574,37.33574],[126.7617,37.33574],[126.7617,37.3617],[126.73574,37.3617],[126.73574,37.33574]]]},"properties":{"row":6,"col":6,"walk_min":9.7,"nearest_station_id":"kr_351","nearest_station_name":"Jeongwang","nearest_station_name_ko":"정왕","a":100,"c":103,"e":97,"g":115,"i":86,"k":112,"m":120,"o":101,"b":100,"d":103,"f":97,"h":115,"j":86,"l":112,"n":120,"p":101}},{"type":"Feature","geometry":{"type":"Polygon","coordinates":[[[127.12509,37.62126],[127.15105,37.62126],[127.15105,37.64722],[127.12509,37.64722],[127.12509,37.62126]]]},"properties":{"row":17,"col":21,"walk_min":15.5,"nearest_station_id":"kr_438","nearest_station_name":"Byeollae","nearest_station_name_ko":"별내","a":76,"c":76,"e":68,"g":62,"i":80,"k":64,"m":72,"o":86,"b":76,"d":76,"f":68,"h":62,"j":80,"l":64,"n":72,"p":86}},{"type":"Feature","geometry":{"type":"Polygon","coordinates":[[[127.12509,37.41361],[127.15105,37.41361],[127.15105,37.43957],[127.12509,37.43957],[127.12509,37.41361]]]},"properties":{"row":9,"col":21,"walk_min":15.1,"nearest_station_id":"kr_439","nearest_station_name":"Moran","nearest_station_name_ko":"모란","a":79,"c":81,"e":57,"g":71,"i":68,"k":52,"m":64,"o":88,"b":79,"d":81,"f":57,"h":71,"j":68,"l":52,"n":64,"p":88}},{"type":"Feature","geometry":{"type":"Polygon","coordinates":[[[126.78765,37.56935],[126.81361,37.56935],[126.81361,37.59531],[126.78765,37.59531],[126.78765,37.56935]]]},"properties":{"row":15,"col":8,"walk_min":9.3,"nearest_station_id":"kr_429","nearest_station_name":"Gaehwa","nearest_station_name_ko":"개화","a":53,"c":51,"e":59,"g":65,"i":55,"k":72,"m":74,"o":40,"b":53,"d":51,"f":59,"h":65,"j":55,"l":72,"n":74,"p":40}},{"type":"Feature","geometry":{"type":"Polygon","coordinates":[[[127.20296,37.51744],[127.22892,37.51744],[127.22892,37.54339],[127.20296,37.54339],[127.20296,37.51744]]]},"properties":{"row":13,"col":24,"walk_min":36.0,"nearest_station_id":"kr_469","nearest_station_name":"Hanam Geomdansan","nearest_station_name_ko":"하남검단산","a":97,"c":96,"e":87,"g":82,"i":98,"k":82,"m":92,"o":107,"b":97,"d":96,"f":87,"h":82,"j":98,"l":82,"n":92,"p":107}},{"type":"Feature","geometry":{"type":"Polygon","coordinates":[[[127.17701,37.69914],[127.20296,37.69914],[127.20296,37.72509],[127.17701,37.72509],[127.17701,37.69914]]]},"properties":{"row":20,"col":23,"walk_min":8.6,"nearest_station_id":"kr_361","nearest_station_name":"Onam","nearest_station_name_ko":"오남","a":73,"c":71,"e":85,"g":71,"i":93,"k":92,"m":80,"o":82,"b":73,"d":71,"f":85,"h":71,"j":93,"l":92,"n":80,"p":82}},{"type":"Feature","geometry":{"type":"Polygon","coordinates":[[[126.96935,37.41361],[126.99531,37.41361],[126.99531,37.43957],[126.96935,37.43957],[126.96935,37.41361]]]},"properties":{"row":9,"col":15,"walk_min":17.3,"nearest_station_id":"kr_367","nearest_station_name":"Government Complex Gwacheon","nearest_station_name_ko":"정부과천청사","a":53,"c":56,"e":44,"g":67,"i":33,"k":59,"m":70,"o":61,"b":53,"d":56,"f":44,"h":67,"j":33,"l":59,"n":70,"p":61}},{"type":"Feature","geometry":{"type":"Polygon","coordinates":[[[126.91744,37.46552],[126.94339,37.46552],[126.94339,37.49148],[126.91744,37.49148],[126.91744,37.46552]]]},"properties":{"row":11,"col":13,"walk_min":7.7,"nearest_station_id":"kr_375","nearest_station_name":"Sillim","nearest_station_name_ko":"신림","a":37,"c":39,"e":29,"g":51,"i":19,"k":45,"m":56,"o":33,"b":37,"d":39,"f":29,"h":51,"j":19,"l":45,"n":56,"p":33}},{"type":"Feature","geometry":{"type":"Polygon","coordinates":[[[126.68383,37.46552],[126.70978,37.46552],[126.70978,37.49148],[126.68383,37.49148],[126.68383,37.46552]]]},"properties":{"row":11,"col":4,"walk_min":9.6,"nearest_station_id":"kr_378","nearest_station_name":"Dongam","nearest_station_name_ko":"동암","a":63,"c":66,"e":73,"g":77,"i":68,"k":86,"m":87,"o":60,"b":63,"d":66,"f":73,"h":77,"j":68,"l":86,"n":87,"p":60}},{"type":"Feature","geometry":{"type":"Polygon","coordinates":[[[126.65787,37.46552],[126.68383,37.46552],[126.68383,37.49148],[126.65787,37.49148],[126.65787,37.46552]]]},"properties":{"row":11,"col":3,"walk_min":14.8,"nearest_station_id":"kr_456","nearest_station_name":"Dohwa","nearest_station_name_ko":"도화","a":74,"c":76,"e":83,"g":88,"i":79,"k":97,"m":97,"o":70,"b":74,"d":76,"f":83,"h":88,"j":79,"l":97,"n":97,"p":70}},{"type":"Feature","geometry":{"type":"Polygon","coordinates":[[[126.83957,37.49148],[126.86552,37.49148],[126.86552,37.51744],[126.83957,37.51744],[126.83957,37.49148]]]},"properties":{"row":12,"col":10,"walk_min":6.4,"nearest_station_id":"kr_382","nearest_station_name":"Gaebong","nearest_station_name_ko":"개봉","a":30,"c":33,"e":40,"g":44,"i":35,"k":53,"m":54,"o":27,"b":30,"d":33,"f":40,"h":44,"j":35,"l":53,"n":54,"p":27}},{"type":"Feature","geometry":{"type":"Polygon","coordinates":[[[127.02126,37.18],[127.04722,37.18],[127.04722,37.20596],[127.02126,37.20596],[127.02126,37.18]]]},"properties":{"row":0,"col":17,"walk_min":14.9,"nearest_station_id":"kr_388","nearest_station_name":"Sema","nearest_station_name_ko":"세마","a":105,"c":108,"e":102,"g":120,"i":91,"k":117,"m":120,"o":106,"b":105,"d":108,"f":102,"h":120,"j":91,"l":117,"n":120,"p":106}},{"type":"Feature","geometry":{"type":"Polygon","coordinates":[[[126.89148,37.41361],[126.91744,37.41361],[126.91744,37.43957],[126.89148,37.43957],[126.89148,37.41361]]]},"properties":{"row":9,"col":12,"walk_min":6.4,"nearest_station_id":"kr_413","nearest_station_name":"Gwanak","nearest_station_name_ko":"관악","a":41,"c":44,"e":51,"g":55,"i":47,"k":64,"m":65,"o":42,"b":41,"d":44,"f":51,"h":55,"j":47,"l":64,"n":65,"p":42}},{"type":"Feature","geometry":{"type":"Polygon","coordinates":[[[126.89148,37.30978],[126.91744,37.30978],[126.91744,37.33574],[126.89148,37.33574],[126.89148,37.30978]]]},"properties":{"row":5,"col":12,"walk_min":7.7,"nearest_station_id":"kr_415","nearest_station_name":"Banwol","nearest_station_name_ko":"반월","a":70,"c":72,"e":67,"g":84,"i":56,"k":82,"m":93,"o":70,"b":70,"d":72,"f":67,"h":84,"j":56,"l":82,"n":93,"p":70}},{"type":"Feature","geometry":{"type":"Polygon","coordinates":[[[126.73574,37.67318],[126.7617,37.67318],[126.7617,37.69914],[126.73574,37.69914],[126.73574,37.67318]]]},"properties":{"row":19,"col":6,"walk_min":13.3,"nearest_station_id":"kr_424","nearest_station_name":"Daehwa","nearest_station_name_ko":"대화","a":85,"c":83,"e":102,"g":89,"i":105,"k":109,"m":98,"o":94,"b":85,"d":83,"f":102,"h":89,"j":105,"l":109,"n":98,"p":94}},{"type":"Feature","geometry":{"type":"Polygon","coordinates":[[[126.83957,37.30978],[126.86552,37.30978],[126.86552,37.33574],[126.83957,37.33574],[126.83957,37.30978]]]},"properties":{"row":5,"col":10,"walk_min":18.1,"nearest_station_id":"kr_168","nearest_station_name":"Jungang","nearest_station_name_ko":"중앙","a":90,"c":92,"e":86,"g":104,"i":76,"k":102,"m":113,"o":90,"b":90,"d":92,"f":86,"h":104,"j":76,"l":102,"n":113,"p":90}},{"type":"Feature","geometry":{"type":"Polygon","coordinates":[[[126.7617,37.33574],[126.78765,37.33574],[126.78765,37.3617],[126.7617,37.3617],[126.7617,37.33574]]]},"properties":{"row":6,"col":7,"walk_min":19.3,"nearest_station_id":"kr_427","nearest_station_name":"Singiloncheon","nearest_station_name_ko":"신길온천","a":104,"c":107,"e":101,"g":119,"i":91,"k":117,"m":120,"o":105,"b":104,"d":107,"f":101,"h":119,"j":91,"l":117,"n":120,"p":105}},{"type":"Feature","geometry":{"type":"Polygon","coordinates":[[[126.73574,37.3617],[126.7617,37.3617],[126.7617,37.38765],[126.73574,37.38765],[126.73574,37.3617]]]},"properties":{"row":7,"col":6,"walk_min":25.4,"nearest_station_id":"kr_428","nearest_station_name":"Oido","nearest_station_name_ko":"오이도","a":118,"c":120,"e":115,"g":120,"i":104,"k":120,"m":120,"o":119,"b":118,"d":120,"f":115,"h":120,"j":104,"l":120,"n":120,"p":119}},{"type":"Feature","geometry":{"type":"Polygon","coordinates":[[[127.15105,37.49148],[127.17701,37.49148],[127.17701,37.51744],[127.15105,37.51744],[127.15105,37.49148]]]},"properties":{"row":12,"col":22,"walk_min":18.5,"nearest_station_id":"kr_440","nearest_station_name":"Macheon","nearest_station_name_ko":"마천","a":70,"c":68,"e":48,"g":56,"i":58,"k":44,"m":54,"o":78,"b":70,"d":68,"f":48,"h":56,"j":58,"l":44,"n":54,"p":78}},{"type":"Feature","geometry":{"type":"Polygon","coordinates":[[[126.86552,37.41361],[126.89148,37.41361],[126.89148,37.43957],[126.86552,37.43957],[126.86552,37.41361]]]},"properties":{"row":9,"col":11,"walk_min":15.5,"nearest_station_id":"kr_442","nearest_station_name":"Gwangmyeong","nearest_station_name_ko":"광명","a":50,"c":54,"e":60,"g":64,"i":56,"k":74,"m":74,"o":52,"b":40,"d":42,"f":60,"h":54,"j":56,"l":74,"n":64,"p":52}},{"type":"Feature","geometry":{"type":"Polygon","coordinates":[[[127.02126,37.28383],[127.04722,37.28383],[127.04722,37.30978],[127.02126,37.30978],[127.02126,37.28383]]]},"properties":{"row":4,"col":17,"walk_min":42.0,"nearest_station_id":"kr_444","nearest_station_name":"Gwanggyo","nearest_station_name_ko":"광교","a":120,"c":120,"e":101,"g":120,"i":111,"k":116,"m":120,"o":120,"b":120,"d":120,"f":101,"h":120,"j":111,"l":116,"n":120,"p":120}},{"type":"Feature","geometry":{"type":"Polygon","coordinates":[[[127.04722,37.80296],[127.07318,37.80296],[127.07318,37.82892],[127.04722,37.82892],[127.04722,37.80296]]]},"properties":{"row":24,"col":18,"walk_min":9.2,"nearest_station_id":"kr_447","nearest_station_name":"Deokgye","nearest_station_name_ko":"덕계","a":83,"c":81,"e":95,"g":81,"i":103,"k":94,"m":83,"o":92,"b":83,"d":81,"f":95,"h":81,"j":103,"l":94,"n":83,"p":92}},{"type":"Feature","geometry":{"type":"Polygon","coordinates":[[[126.68383,37.43957],[126.70978,37.43957],[126.70978,37.46552],[126.68383,37.46552],[126.68383,37.43957]]]},"properties":{"row":10,"col":4,"walk_min":16.1,"nearest_station_id":"kr_455","nearest_station_name":"Ganseok","nearest_station_name_ko":"간석","a":71,"c":74,"e":81,"g":86,"i":77,"k":94,"m":95,"o":68,"b":71,"d":74,"f":81,"h":86,"j":77,"l":94,"n":95,"p":68}},{"type":"Feature","geometry":{"type":"Polygon","coordinates":[[[126.60596,37.46552],[126.63191,37.46552],[126.63191,37.49148],[126.60596,37.49148],[126.60596,37.46552]]]},"properties":{"row":11,"col":1,"walk_min":9.7,"nearest_station_id":"kr_458","nearest_station_name":"Incheon","nearest_station_name_ko":"인천","a":78,"c":80,"e":87,"g":92,"i":83,"k":101,"m":101,"o":74,"b":78,"d":80,"f":87,"h":92,"j":83,"l":101,"n":101,"p":74}},{"type":"Feature","geometry":{"type":"Polygon","coordinates":[[[126.91744,37.3617],[126.94339,37.3617],[126.94339,37.38765],[126.91744,37.38765],[126.91744,37.3617]]]},"properties":{"row":7,"col":13,"walk_min":12.5,"nearest_station_id":"kr_459","nearest_station_name":"Myeonghak","nearest_station_name_ko":"명학","a":56,"c":58,"e":58,"g":70,"i":48,"k":74,"m":80,"o":56,"b":56,"d":58,"f":58,"h":70,"j":48,"l":74,"n":80,"p":56}},{"type":"Feature","geometry":{"type":"Polygon","coordinates":[[[126.99531,37.23191],[127.02126,37.23191],[127.02126,37.25787],[126.99531,37.25787],[126.99531,37.23191]]]},"properties":{"row":2,"col":16,"walk_min":14.6,"nearest_station_id":"kr_462","nearest_station_name":"Seryu","nearest_station_name_ko":"세류","a":92,"c":95,"e":89,"g":107,"i":78,"k":104,"m":115,"o":93,"b":92,"d":95,"f":89,"h":107,"j":78,"l":104,"n":115,"p":93}},{"type":"Feature","geometry":{"type":"Polygon","coordinates":[[[127.04722,37.18],[127.07318,37.18],[127.07318,37.20596],[127.04722,37.20596],[127.04722,37.18]]]},"properties":{"row":0,"col":18,"walk_min":13.1,"nearest_station_id":"kr_466","nearest_station_name":"Seodongtan","nearest_station_name_ko":"서동탄","a":103,"c":105,"e":100,"g":117,"i":89,"k":115,"m":120,"o":103,"b":103,"d":105,"f":100,"h":117,"j":89,"l":115,"n":120,"p":103}},{"type":"Feature","geometry":{"type":"Polygon","coordinates":[[[127.04722,37.69914],[127.07318,37.69914],[127.07318,37.72509],[127.04722,37.72509],[127.04722,37.69914]]]},"properties":{"row":20,"col":18,"walk_min":11.3,"nearest_station_id":"kr_449","nearest_station_name":"Mangwolsa (Shinhan University)","nearest_station_name_ko":"망월사(신한대학교)","a":61,"c":59,"e":73,"g":59,"i":81,"k":73,"m":61,"o":70,"b":61,"d":59,"f":73,"h":59,"j":81,"l":73,"n":61,"p":70}},{"type":"Feature","geometry":{"type":"Polygon","coordinates":[[[127.09914,37.59531],[127.12509,37.59531],[127.12509,37.62126],[127.09914,37.62126],[127.09914,37.59531]]]},"properties":{"row":16,"col":20,"walk_min":16.4,"nearest_station_id":"kr_468","nearest_station_name":"Sinnae","nearest_station_name_ko":"신내","a":55,"c":54,"e":63,"g":49,"i":72,"k":70,"m":59,"o":65,"b":55,"d":54,"f":63,"h":49,"j":72,"l":70,"n":59,"p":65}},{"type":"Feature","geometry":{"type":"Polygon","coordinates":[[[127.20296,37.69914],[127.22892,37.69914],[127.22892,37.72509],[127.20296,37.72509],[127.20296,37.69914]]]},"properties":{"row":20,"col":24,"walk_min":17.2,"nearest_station_id":"kr_470","nearest_station_name":"Jinjeop","nearest_station_name_ko":"진접","a":85,"c":83,"e":97,"g":83,"i":105,"k":104,"m":93,"o":95,"b":85,"d":83,"f":97,"h":83,"j":105,"l":104,"n":93,"p":95}},{"type":"Feature","geometry":{"type":"Polygon","coordinates":[[[126.83957,37.28383],[126.86552,37.28383],[126.86552,37.30978],[126.83957,37.30978],[126.83957,37.28383]]]},"properties":{"row":4,"col":10,"walk_min":13.4,"nearest_station_id":"kr_114","nearest_station_name":"Sangnoksu","nearest_station_name_ko":"상록수","a":79,"c":81,"e":76,"g":93,"i":65,"k":91,"m":102,"o":79,"b":79,"d":81,"f":76,"h":93,"j":65,"l":91,"n":102,"p":79}},{"type":"Feature","geometry":{"type":"Polygon","coordinates":[[[126.96935,37.25787],[126.99531,37.25787],[126.99531,37.28383],[126.96935,37.28383],[126.96935,37.25787]]]},"properties":{"row":3,"col":15,"walk_min":18.6,"nearest_station_id":"kr_461","nearest_station_name":"Hwaseo","nearest_station_name_ko":"화서","a":87,"c":90,"e":84,"g":101,"i":73,"k":99,"m":110,"o":88,"b":87,"d":90,"f":84,"h":101,"j":73,"l":99,"n":110,"p":88}},{"type":"Feature","geometry":{"type":"Polygon","coordinates":[[[127.07318,37.62126],[127.09914,37.62126],[127.09914,37.64722],[127.07318,37.64722],[127.07318,37.62126]]]},"properties":{"row":17,"col":19,"walk_min":14.3,"nearest_station_id":"kr_176","nearest_station_name":"공릉","nearest_station_name_ko":"공릉","a":49,"c":48,"e":57,"g":43,"i":66,"k":63,"m":52,"o":59,"b":49,"d":48,"f":57,"h":43,"j":66,"l":63,"n":52,"p":59}},{"type":"Feature","geometry":{"type":"Polygon","coordinates":[[[126.7617,37.62126],[126.78765,37.62126],[126.78765,37.64722],[126.7617,37.64722],[126.7617,37.62126]]]},"properties":{"row":17,"col":7,"walk_min":16.1,"nearest_station_id":"kr_228","nearest_station_name":"Baekseok","nearest_station_name_ko":"백석","a":77,"c":74,"e":94,"g":81,"i":97,"k":101,"m":90,"o":86,"b":77,"d":74,"f":94,"h":81,"j":97,"l":101,"n":90,"p":86}},{"type":"Feature","geometry":{"type":"Polygon","coordinates":[[[126.89148,37.62126],[126.91744,37.62126],[126.91744,37.64722],[126.89148,37.64722],[126.89148,37.62126]]]},"properties":{"row":17,"col":12,"walk_min":11.3,"nearest_station_id":"kr_188","nearest_station_name":"Gupabal","nearest_station_name_ko":"구파발","a":43,"c":40,"e":60,"g":46,"i":62,"k":66,"m":55,"o":51,"b":43,"d":40,"f":60,"h":46,"j":62,"l":66,"n":55,"p":51}},{"type":"Feature","geometry":{"type":"Polygon","coordinates":[[[126.83957,37.56935],[126.86552,37.56935],[126.86552,37.59531],[126.83957,37.59531],[126.83957,37.56935]]]},"properties":{"row":15,"col":10,"walk_min":51.3,"nearest_station_id":"kr_430","nearest_station_name":"Yangcheon Hyanggyo","nearest_station_name_ko":"양천향교","a":85,"c":83,"e":90,"g":96,"i":86,"k":103,"m":105,"o":71,"b":85,"d":83,"f":90,"h":96,"j":86,"l":103,"n":105,"p":71}},{"type":"Feature","geometry":{"type":"Polygon","coordinates":[[[126.91744,37.30978],[126.94339,37.30978],[126.94339,37.33574],[126.91744,37.33574],[126.91744,37.30978]]]},"properties":{"row":5,"col":13,"walk_min":19.9,"nearest_station_id":"kr_423","nearest_station_name":"Daeyami","nearest_station_name_ko":"대야미","a":78,"c":80,"e":74,"g":92,"i":64,"k":90,"m":101,"o":78,"b":78,"d":80,"f":74,"h":92,"j":64,"l":90,"n":101,"p":78}},{"type":"Feature","geometry":{"type":"Polygon","coordinates":[[[126.94339,37.28383],[126.96935,37.28383],[126.96935,37.30978],[126.94339,37.30978],[126.94339,37.28383]]]},"properties":{"row":4,"col":14,"walk_min":16.7,"nearest_station_id":"kr_086","nearest_station_name":"Sungkyunkwan University","nearest_station_name_ko":"성균관대","a":80,"c":82,"e":77,"g":94,"i":66,"k":92,"m":103,"o":80,"b":80,"d":82,"f":77,"h":94,"j":66,"l":92,"n":103,"p":80}},{"type":"Feature","geometry":{"type":"Polygon","coordinates":[[[127.17701,37.38765],[127.20296,37.38765],[127.20296,37.41361],[127.17701,37.41361],[127.17701,37.38765]]]},"properties":{"row":8,"col":23,"walk_min":32.0,"nearest_station_id":"kr_236","nearest_station_name":"Samdong","nearest_station_name_ko":"삼동","a":99,"c":101,"e":75,"g":99,"i":85,"k":90,"m":101,"o":107,"b":99,"d":101,"f":75,"h":99,"j":85,"l":90,"n":101,"p":107}},{"type":"Feature","geometry":{"type":"Polygon","coordinates":[[[126.91744,37.56935],[126.94339,37.56935],[126.94339,37.59531],[126.91744,37.59531],[126.91744,37.56935]]]},"properties":{"row":15,"col":13,"walk_min":11.8,"nearest_station_id":"kr_110","nearest_station_name":"Hongje (Seoul Culture Arts Univ.)","nearest_station_name_ko":"홍제(서울문화예술대)","a":31,"c":28,"e":48,"g":34,"i":51,"k":55,"m":44,"o":39,"b":31,"d":28,"f":48,"h":34,"j":51,"l":55,"n":44,"p":39}},{"type":"Feature","geometry":{"type":"Polygon","coordinates":[[[127.15105,37.62126],[127.17701,37.62126],[127.17701,37.64722],[127.15105,37.64722],[127.15105,37.62126]]]},"properties":{"row":17,"col":22,"walk_min":22.7,"nearest_station_id":"kr_352","nearest_station_name":"Dasan","nearest_station_name_ko":"다산","a":79,"c":78,"e":71,"g":64,"i":82,"k":66,"m":73,"o":89,"b":79,"d":78,"f":71,"h":64,"j":82,"l":66,"n":73,"p":89}},{"type":"Feature","geometry":{"type":"Polygon","coordinates":[[[126.81361,37.51744],[126.83957,37.51744],[126.83957,37.54339],[126.81361,37.54339],[126.81361,37.51744]]]},"properties":{"row":13,"col":9,"walk_min":17.2,"nearest_station_id":"kr_297","nearest_station_name":"Hwagok","nearest_station_name_ko":"화곡","a":48,"c":51,"e":58,"g":63,"i":54,"k":71,"m":72,"o":45,"b":48,"d":51,"f":58,"h":63,"j":54,"l":71,"n":72,"p":45}},{"type":"Feature","geometry":{"type":"Polygon","coordinates":[[[126.7617,37.30978],[126.78765,37.30978],[126.78765,37.33574],[126.7617,37.33574],[126.7617,37.30978]]]},"properties":{"row":5,"col":7,"walk_min":17.6,"nearest_station_id":"kr_263","nearest_station_name":"Ansan","nearest_station_name_ko":"안산","a":99,"c":102,"e":96,"g":113,"i":85,"k":111,"m":120,"o":99,"b":99,"d":102,"f":96,"h":113,"j":85,"l":111,"n":120,"p":99}},{"type":"Feature","geometry":{"type":"Polygon","coordinates":[[[126.86552,37.43957],[126.89148,37.43957],[126.89148,37.46552],[126.86552,37.46552],[126.86552,37.43957]]]},"properties":{"row":10,"col":11,"walk_min":17.3,"nearest_station_id":"kr_008","nearest_station_name":"Geumcheon-gu Office","nearest_station_name_ko":"금천구청","a":43,"c":46,"e":53,"g":58,"i":49,"k":66,"m":67,"o":44,"b":43,"d":46,"f":53,"h":58,"j":49,"l":66,"n":67,"p":44}},{"type":"Feature","geometry":{"type":"Polygon","coordinates":[[[126.81361,37.56935],[126.83957,37.56935],[126.83957,37.59531],[126.81361,37.59531],[126.81361,37.56935]]]},"properties":{"row":15,"col":9,"walk_min":23.2,"nearest_station_id":"kr_441","nearest_station_name":"방화","nearest_station_name_ko":"방화","a":68,"c":66,"e":74,"g":79,"i":70,"k":87,"m":88,"o":55,"b":68,"d":66,"f":74,"h":79,"j":70,"l":87,"n":88,"p":55}},{"type":"Feature","geometry":{"type":"Polygon","coordinates":[[[127.04722,37.72509],[127.07318,37.72509],[127.07318,37.75105],[127.04722,37.75105],[127.04722,37.72509]]]},"properties":{"row":21,"col":18,"walk_min":16.3,"nearest_station_id":"kr_065","nearest_station_name":"Uijeongbu","nearest_station_name_ko":"의정부","a":72,"c":70,"e":84,"g":70,"i":92,"k":84,"m":72,"o":81,"b":72,"d":70,"f":84,"h":70,"j":92,"l":84,"n":72,"p":81}},{"type":"Feature","geometry":{"type":"Polygon","coordinates":[[[127.09914,37.62126],[127.12509,37.62126],[127.12509,37.64722],[127.09914,37.64722],[127.09914,37.62126]]]},"properties":{"row":17,"col":20,"walk_min":25.0,"nearest_station_id":"kr_438","nearest_station_name":"Byeollae","nearest_station_name_ko":"별내","a":86,"c":85,"e":78,"g":72,"i":89,"k":73,"m":81,"o":96,"b":86,"d":85,"f":78,"h":72,"j":89,"l":73,"n":81,"p":96}},{"type":"Feature","geometry":{"type":"Polygon","coordinates":[[[126.99531,37.59531],[127.02126,37.59531],[127.02126,37.62126],[126.99531,37.62126],[126.99531,37.59531]]]},"properties":{"row":16,"col":16,"walk_min":15.8,"nearest_station_id":"kr_082","nearest_station_name":"Gireum","nearest_station_name_ko":"길음","a":36,"c":34,"e":48,"g":35,"i":56,"k":55,"m":44,"o":46,"b":36,"d":34,"f":48,"h":35,"j":56,"l":55,"n":44,"p":46}},{"type":"Feature","geometry":{"type":"Polygon","coordinates":[[[127.04722,37.75105],[127.07318,37.75105],[127.07318,37.77701],[127.04722,37.77701],[127.04722,37.75105]]]},"properties":{"row":22,"col":18,"walk_min":18.0,"nearest_station_id":"kr_421","nearest_station_name":"Nogyang","nearest_station_name_ko":"녹양","a":79,"c":77,"e":91,"g":77,"i":99,"k":90,"m":79,"o":88,"b":79,"d":77,"f":91,"h":77,"j":99,"l":90,"n":79,"p":88}},{"type":"Feature","geometry":{"type":"Polygon","coordinates":[[[126.89148,37.28383],[126.91744,37.28383],[126.91744,37.30978],[126.89148,37.30978],[126.89148,37.28383]]]},"properties":{"row":4,"col":12,"walk_min":37.0,"nearest_station_id":"kr_415","nearest_station_name":"Banwol","nearest_station_name_ko":"반월","a":99,"c":101,"e":96,"g":113,"i":85,"k":111,"m":120,"o":99,"b":99,"d":101,"f":96,"h":113,"j":85,"l":111,"n":120,"p":99}},{"type":"Feature","geometry":{"type":"Polygon","coordinates":[[[126.81361,37.64722],[126.83957,37.64722],[126.83957,37.67318],[126.81361,37.67318],[126.81361,37.64722]]]},"properties":{"row":18,"col":9,"walk_min":18.9,"nearest_station_id":"kr_145","nearest_station_name":"Wondang","nearest_station_name_ko":"원당","a":66,"c":64,"e":83,"g":70,"i":86,"k":90,"m":79,"o":75,"b":66,"d":64,"f":83,"h":70,"j":86,"l":90,"n":79,"p":75}},{"type":"Feature","geometry":{"type":"Polygon","coordinates":[[[127.02126,37.77701],[127.04722,37.77701],[127.04722,37.80296],[127.02126,37.80296],[127.02126,37.77701]]]},"properties":{"row":23,"col":17,"walk_min":25.2,"nearest_station_id":"kr_092","nearest_station_name":"Yangju","nearest_station_name_ko":"양주","a":89,"c":87,"e":101,"g":87,"i":109,"k":100,"m":89,"o":98,"b":89,"d":87,"f":101,"h":87,"j":109,"l":100,"n":89,"p":98}},{"type":"Feature","geometry":{"type":"Polygon","coordinates":[[[127.09914,37.30978],[127.12509,37.30978],[127.12509,37.33574],[127.09914,37.33574],[127.09914,37.30978]]]},"properties":{"row":5,"col":20,"walk_min":21.6,"nearest_station_id":"kr_233","nearest_station_name":"Suji-gu Office","nearest_station_name_ko":"수지구청","a":90,"c":92,"e":66,"g":90,"i":76,"k":81,"m":92,"o":98,"b":90,"d":92,"f":66,"h":90,"j":76,"l":81,"n":92,"p":98}},{"type":"Feature","geometry":{"type":"Polygon","coordinates":[[[127.07318,37.33574],[127.09914,37.33574],[127.09914,37.3617],[127.07318,37.3617],[127.07318,37.33574]]]},"properties":{"row":6,"col":19,"walk_min":24.6,"nearest_station_id":"kr_202","nearest_station_name":"Dongcheon","nearest_station_name_ko":"동천","a":89,"c":91,"e":65,"g":89,"i":76,"k":80,"m":92,"o":98,"b":89,"d":91,"f":65,"h":89,"j":76,"l":80,"n":92,"p":98}},{"type":"Feature","geometry":{"type":"Polygon","coordinates":[[[126.70978,37.3617],[126.73574,37.3617],[126.73574,37.38765],[126.70978,37.38765],[126.70978,37.3617]]]},"properties":{"row":7,"col":5,"walk_min":36.6,"nearest_station_id":"kr_428","nearest_station_name":"Oido","nearest_station_name_ko":"오이도","a":120,"c":120,"e":120,"g":120,"i":116,"k":120,"m":120,"o":120,"b":120,"d":120,"f":120,"h":120,"j":116,"l":120,"n":120,"p":120}},{"type":"Feature","geometry":{"type":"Polygon","coordinates":[[[126.7617,37.67318],[126.78765,37.67318],[126.78765,37.69914],[126.7617,37.69914],[126.7617,37.67318]]]},"properties":{"row":19,"col":7,"walk_min":26.6,"nearest_station_id":"kr_350","nearest_station_name":"Juyeop","nearest_station_name_ko":"주엽","a":96,"c":94,"e":113,"g":100,"i":116,"k":120,"m":109,"o":105,"b":96,"d":94,"f":113,"h":100,"j":116,"l":120,"n":109,"p":105}},{"type":"Feature","geometry":{"type":"Polygon","coordinates":[[[126.70978,37.33574],[126.73574,37.33574],[126.73574,37.3617],[126.70978,37.3617],[126.70978,37.33574]]]},"properties":{"row":6,"col":5,"walk_min":23.7,"nearest_station_id":"kr_351","nearest_station_name":"Jeongwang","nearest_station_name_ko":"정왕","a":114,"c":117,"e":111,"g":120,"i":100,"k":120,"m":120,"o":115,"b":114,"d":117,"f":111,"h":120,"j":100,"l":120,"n":120,"p":115}},{"type":"Feature","geometry":{"type":"Polygon","coordinates":[[[127.07318,37.67318],[127.09914,37.67318],[127.09914,37.69914],[127.07318,37.69914],[127.07318,37.67318]]]},"properties":{"row":19,"col":19,"walk_min":21.9,"nearest_station_id":"kr_262","nearest_station_name":"Buramsan","nearest_station_name_ko":"불암산","a":65,"c":63,"e":77,"g":63,"i":85,"k":83,"m":72,"o":74,"b":65,"d":63,"f":77,"h":63,"j":85,"l":83,"n":72,"p":74}},{"type":"Feature","geometry":{"type":"Polygon","coordinates":[[[126.86552,37.38765],[126.89148,37.38765],[126.89148,37.41361],[126.86552,37.41361],[126.86552,37.38765]]]},"properties":{"row":8,"col":11,"walk_min":29.8,"nearest_station_id":"kr_442","nearest_station_name":"Gwangmyeong","nearest_station_name_ko":"광명","a":65,"c":68,"e":75,"g":79,"i":71,"k":88,"m":89,"o":66,"b":54,"d":57,"f":75,"h":69,"j":71,"l":88,"n":78,"p":66}},{"type":"Feature","geometry":{"type":"Polygon","coordinates":[[[126.91744,37.64722],[126.94339,37.64722],[126.94339,37.67318],[126.91744,37.67318],[126.91744,37.64722]]]},"properties":{"row":18,"col":13,"walk_min":26.4,"nearest_station_id":"kr_104","nearest_station_name":"Jichuk","nearest_station_name_ko":"지축","a":60,"c":58,"e":77,"g":64,"i":80,"k":84,"m":73,"o":69,"b":60,"d":58,"f":77,"h":64,"j":80,"l":84,"n":73,"p":69}},{"type":"Feature","geometry":{"type":"Polygon","coordinates":[[[127.15105,37.59531],[127.17701,37.59531],[127.17701,37.62126],[127.15105,37.62126],[127.15105,37.59531]]]},"properties":{"row":16,"col":22,"walk_min":24.1,"nearest_station_id":"kr_264","nearest_station_name":"Guri","nearest_station_name_ko":"구리","a":74,"c":72,"e":66,"g":59,"i":77,"k":61,"m":68,"o":84,"b":74,"d":72,"f":66,"h":59,"j":77,"l":61,"n":68,"p":84}},{"type":"Feature","geometry":{"type":"Polygon","coordinates":[[[126.63191,37.43957],[126.65787,37.43957],[126.65787,37.46552],[126.63191,37.46552],[126.63191,37.43957]]]},"properties":{"row":10,"col":2,"walk_min":21.8,"nearest_station_id":"kr_457","nearest_station_name":"Dowon","nearest_station_name_ko":"도원","a":85,"c":88,"e":95,"g":100,"i":91,"k":108,"m":109,"o":82,"b":85,"d":88,"f":95,"h":100,"j":91,"l":108,"n":109,"p":82}},{"type":"Feature","geometry":{"type":"Polygon","coordinates":[[[127.07318,37.28383],[127.09914,37.28383],[127.09914,37.30978],[127.07318,37.30978],[127.07318,37.28383]]]},"properties":{"row":4,"col":19,"walk_min":19.3,"nearest_station_id":"kr_307","nearest_station_name":"Sanghyeon","nearest_station_name_ko":"상현","a":95,"c":96,"e":71,"g":95,"i":81,"k":86,"m":97,"o":103,"b":95,"d":96,"f":71,"h":95,"j":81,"l":86,"n":97,"p":103}},{"type":"Feature","geometry":{"type":"Polygon","coordinates":[[[126.99531,37.62126],[127.02126,37.62126],[127.02126,37.64722],[126.99531,37.64722],[126.99531,37.62126]]]},"properties":{"row":17,"col":16,"walk_min":17.3,"nearest_station_id":"kr_116","nearest_station_name":"Suyu (Gangbuk-gu Office)","nearest_station_name_ko":"수유(강북구청)","a":46,"c":44,"e":58,"g":44,"i":66,"k":65,"m":53,"o":55,"b":46,"d":44,"f":58,"h":44,"j":66,"l":65,"n":53,"p":55}},{"type":"Feature","geometry":{"type":"Polygon","coordinates":[[[127.02126,37.23191],[127.04722,37.23191],[127.04722,37.25787],[127.02126,37.25787],[127.02126,37.23191]]]},"properties":{"row":2,"col":17,"walk_min":25.6,"nearest_station_id":"kr_462","nearest_station_name":"Seryu","nearest_station_name_ko":"세류","a":103,"c":106,"e":100,"g":118,"i":89,"k":115,"m":120,"o":104,"b":103,"d":106,"f":100,"h":118,"j":89,"l":115,"n":120,"p":104}},{"type":"Feature","geometry":{"type":"Polygon","coordinates":[[[127.04722,37.77701],[127.07318,37.77701],[127.07318,37.80296],[127.04722,37.80296],[127.04722,37.77701]]]},"properties":{"row":23,"col":18,"walk_min":23.9,"nearest_station_id":"kr_092","nearest_station_name":"Yangju","nearest_station_name_ko":"양주","a":88,"c":86,"e":100,"g":86,"i":108,"k":99,"m":88,"o":97,"b":88,"d":86,"f":100,"h":86,"j":108,"l":99,"n":88,"p":97}},{"type":"Feature","geometry":{"type":"Polygon","coordinates":[[[127.12509,37.64722],[127.15105,37.64722],[127.15105,37.67318],[127.12509,37.67318],[127.12509,37.64722]]]},"properties":{"row":18,"col":21,"walk_min":25.5,"nearest_station_id":"kr_310","nearest_station_name":"Byeollaebyeolgaram","nearest_station_name_ko":"별내별가람","a":76,"c":74,"e":86,"g":74,"i":94,"k":94,"m":82,"o":84,"b":76,"d":74,"f":86,"h":74,"j":94,"l":94,"n":82,"p":84}},{"type":"Feature","geometry":{"type":"Polygon","coordinates":[[[126.86552,37.62126],[126.89148,37.62126],[126.89148,37.64722],[126.86552,37.64722],[126.86552,37.62126]]]},"properties":{"row":17,"col":11,"walk_min":23.3,"nearest_station_id":"kr_126","nearest_station_name":"Wonheung","nearest_station_name_ko":"원흥","a":65,"c":62,"e":82,"g":69,"i":85,"k":89,"m":78,"o":74,"b":65,"d":62,"f":82,"h":69,"j":85,"l":89,"n":78,"p":74}},{"type":"Feature","geometry":{"type":"Polygon","coordinates":[[[126.78765,37.64722],[126.81361,37.64722],[126.81361,37.67318],[126.78765,37.67318],[126.78765,37.64722]]]},"properties":{"row":18,"col":8,"walk_min":24.3,"nearest_station_id":"kr_228","nearest_station_name":"Baekseok","nearest_station_name_ko":"백석","a":85,"c":82,"e":102,"g":89,"i":105,"k":109,"m":98,"o":94,"b":85,"d":82,"f":102,"h":89,"j":105,"l":109,"n":98,"p":94}},{"type":"Feature","geometry":{"type":"Polygon","coordinates":[[[127.20296,37.72509],[127.22892,37.72509],[127.22892,37.75105],[127.20296,37.75105],[127.20296,37.72509]]]},"properties":{"row":21,"col":24,"walk_min":31.6,"nearest_station_id":"kr_470","nearest_station_name":"Jinjeop","nearest_station_name_ko":"진접","a":100,"c":98,"e":112,"g":98,"i":120,"k":119,"m":108,"o":110,"b":100,"d":98,"f":112,"h":98,"j":120,"l":119,"n":108,"p":110}},{"type":"Feature","geometry":{"type":"Polygon","coordinates":[[[126.81361,37.28383],[126.83957,37.28383],[126.83957,37.30978],[126.81361,37.30978],[126.81361,37.28383]]]},"properties":{"row":4,"col":9,"walk_min":30.0,"nearest_station_id":"kr_426","nearest_station_name":"Gojan","nearest_station_name_ko":"고잔","a":105,"c":107,"e":101,"g":119,"i":91,"k":117,"m":120,"o":105,"b":105,"d":107,"f":101,"h":119,"j":91,"l":117,"n":120,"p":105}},{"type":"Feature","geometry":{"type":"Polygon","coordinates":[[[127.15105,37.46552],[127.17701,37.46552],[127.17701,37.49148],[127.15105,37.49148],[127.15105,37.46552]]]},"properties":{"row":11,"col":22,"walk_min":22.8,"nearest_station_id":"kr_440","nearest_station_name":"Macheon","nearest_station_name_ko":"마천","a":74,"c":73,"e":53,"g":60,"i":63,"k":48,"m":59,"o":83,"b":74,"d":73,"f":53,"h":60,"j":63,"l":48,"n":59,"p":83}},{"type":"Feature","geometry":{"type":"Polygon","coordinates":[[[126.7617,37.56935],[126.78765,37.56935],[126.78765,37.59531],[126.7617,37.59531],[126.7617,37.56935]]]},"properties":{"row":15,"col":7,"walk_min":34.8,"nearest_station_id":"kr_429","nearest_station_name":"Gaehwa","nearest_station_name_ko":"개화","a":79,"c":77,"e":85,"g":91,"i":81,"k":98,"m":100,"o":66,"b":79,"d":77,"f":85,"h":91,"j":81,"l":98,"n":100,"p":66}},{"type":"Feature","geometry":{"type":"Polygon","coordinates":[[[127.02126,37.43957],[127.04722,37.43957],[127.04722,37.46552],[127.02126,37.46552],[127.02126,37.43957]]]},"properties":{"row":10,"col":17,"walk_min":18.0,"nearest_station_id":"kr_040","nearest_station_name":"Cheonggyesan","nearest_station_name_ko":"청계산입구","a":54,"c":56,"e":30,"g":55,"i":41,"k":46,"m":57,"o":63,"b":54,"d":56,"f":30,"h":55,"j":41,"l":46,"n":57,"p":63}},{"type":"Feature","geometry":{"type":"Polygon","coordinates":[[[127.15105,37.51744],[127.17701,37.51744],[127.17701,37.54339],[127.15105,37.54339],[127.15105,37.51744]]]},"properties":{"row":13,"col":22,"walk_min":23.5,"nearest_station_id":"kr_437","nearest_station_name":"VHS Medical Center","nearest_station_name_ko":"보훈병원","a":68,"c":68,"e":48,"g":54,"i":60,"k":44,"m":54,"o":78,"b":68,"d":68,"f":48,"h":54,"j":60,"l":44,"n":54,"p":78}},{"type":"Feature","geometry":{"type":"Polygon","coordinates":[[[127.17701,37.72509],[127.20296,37.72509],[127.20296,37.75105],[127.17701,37.75105],[127.17701,37.72509]]]},"properties":{"row":21,"col":23,"walk_min":36.8,"nearest_station_id":"kr_470","nearest_station_name":"Jinjeop","nearest_station_name_ko":"진접","a":105,"c":103,"e":117,"g":103,"i":120,"k":120,"m":113,"o":115,"b":105,"d":103,"f":117,"h":103,"j":120,"l":120,"n":113,"p":115}},{"type":"Feature","geometry":{"type":"Polygon","coordinates":[[[127.15105,37.41361],[127.17701,37.41361],[127.17701,37.43957],[127.15105,37.43957],[127.15105,37.41361]]]},"properties":{"row":9,"col":22,"walk_min":25.2,"nearest_station_id":"kr_265","nearest_station_name":"Dandaeogeori","nearest_station_name_ko":"단대오거리","a":83,"c":85,"e":61,"g":75,"i":72,"k":56,"m":67,"o":91,"b":83,"d":85,"f":61,"h":75,"j":72,"l":56,"n":67,"p":91}},{"type":"Feature","geometry":{"type":"Polygon","coordinates":[[[127.09914,37.67318],[127.12509,37.67318],[127.12509,37.69914],[127.09914,37.69914],[127.09914,37.67318]]]},"properties":{"row":19,"col":20,"walk_min":31.0,"nearest_station_id":"kr_310","nearest_station_name":"Byeollaebyeolgaram","nearest_station_name_ko":"별내별가람","a":81,"c":79,"e":92,"g":79,"i":100,"k":99,"m":88,"o":90,"b":81,"d":79,"f":92,"h":79,"j":100,"l":99,"n":88,"p":90}},{"type":"Feature","geometry":{"type":"Polygon","coordinates":[[[127.04722,37.30978],[127.07318,37.30978],[127.07318,37.33574],[127.04722,37.33574],[127.04722,37.30978]]]},"properties":{"row":5,"col":18,"walk_min":25.8,"nearest_station_id":"kr_266","nearest_station_name":"Seongbok","nearest_station_name_ko":"성복","a":97,"c":99,"e":74,"g":98,"i":84,"k":89,"m":100,"o":106,"b":97,"d":99,"f":74,"h":98,"j":84,"l":89,"n":100,"p":106}},{"type":"Feature","geometry":{"type":"Polygon","coordinates":[[[127.17701,37.67318],[127.20296,37.67318],[127.20296,37.69914],[127.17701,37.69914],[127.17701,37.67318]]]},"properties":{"row":19,"col":23,"walk_min":30.8,"nearest_station_id":"kr_361","nearest_station_name":"Onam","nearest_station_name_ko":"오남","a":95,"c":93,"e":107,"g":93,"i":115,"k":114,"m":102,"o":104,"b":95,"d":93,"f":107,"h":93,"j":115,"l":114,"n":102,"p":104}},{"type":"Feature","geometry":{"type":"Polygon","coordinates":[[[126.89148,37.38765],[126.91744,37.38765],[126.91744,37.41361],[126.89148,37.41361],[126.89148,37.38765]]]},"properties":{"row":8,"col":12,"walk_min":27.0,"nearest_station_id":"kr_010","nearest_station_name":"Anyang","nearest_station_name_ko":"안양","a":66,"c":68,"e":75,"g":80,"i":66,"k":89,"m":89,"o":66,"b":66,"d":68,"f":75,"h":80,"j":66,"l":89,"n":89,"p":66}},{"type":"Feature","geometry":{"type":"Polygon","coordinates":[[[127.20296,37.41361],[127.22892,37.41361],[127.22892,37.43957],[127.20296,37.43957],[127.20296,37.41361]]]},"properties":{"row":9,"col":24,"walk_min":39.7,"nearest_station_id":"kr_236","nearest_station_name":"Samdong","nearest_station_name_ko":"삼동","a":107,"c":109,"e":83,"g":107,"i":93,"k":98,"m":109,"o":115,"b":107,"d":109,"f":83,"h":107,"j":93,"l":98,"n":109,"p":115}},{"type":"Feature","geometry":{"type":"Polygon","coordinates":[[[126.83957,37.62126],[126.86552,37.62126],[126.86552,37.64722],[126.83957,37.64722],[126.83957,37.62126]]]},"properties":{"row":17,"col":10,"walk_min":23.0,"nearest_station_id":"kr_167","nearest_station_name":"Hwajeong","nearest_station_name_ko":"화정","a":75,"c":72,"e":92,"g":79,"i":95,"k":99,"m":88,"o":84,"b":75,"d":72,"f":92,"h":79,"j":95,"l":99,"n":88,"p":84}},{"type":"Feature","geometry":{"type":"Polygon","coordinates":[[[126.99531,37.28383],[127.02126,37.28383],[127.02126,37.30978],[126.99531,37.30978],[126.99531,37.28383]]]},"properties":{"row":4,"col":16,"walk_min":30.3,"nearest_station_id":"kr_461","nearest_station_name":"Hwaseo","nearest_station_name_ko":"화서","a":98,"c":101,"e":95,"g":112,"i":84,"k":110,"m":120,"o":99,"b":98,"d":101,"f":95,"h":112,"j":84,"l":110,"n":120,"p":99}},{"type":"Feature","geometry":{"type":"Polygon","coordinates":[[[127.12509,37.3617],[127.15105,37.3617],[127.15105,37.38765],[127.12509,37.38765],[127.12509,37.3617]]]},"properties":{"row":7,"col":21,"walk_min":31.4,"nearest_station_id":"kr_108","nearest_station_name":"Imae","nearest_station_name_ko":"이매","a":85,"c":87,"e":61,"g":85,"i":71,"k":76,"m":87,"o":93,"b":85,"d":87,"f":61,"h":85,"j":71,"l":76,"n":87,"p":93}},{"type":"Feature","geometry":{"type":"Polygon","coordinates":[[[126.86552,37.30978],[126.89148,37.30978],[126.89148,37.33574],[126.86552,37.33574],[126.86552,37.30978]]]},"properties":{"row":5,"col":11,"walk_min":30.7,"nearest_station_id":"kr_114","nearest_station_name":"Sangnoksu","nearest_station_name_ko":"상록수","a":97,"c":99,"e":94,"g":111,"i":83,"k":109,"m":120,"o":97,"b":97,"d":99,"f":94,"h":111,"j":83,"l":109,"n":120,"p":97}},{"type":"Feature","geometry":{"type":"Polygon","coordinates":[[[127.17701,37.41361],[127.20296,37.41361],[127.20296,37.43957],[127.17701,37.43957],[127.17701,37.41361]]]},"properties":{"row":9,"col":23,"walk_min":31.6,"nearest_station_id":"kr_236","nearest_station_name":"Samdong","nearest_station_name_ko":"삼동","a":99,"c":101,"e":75,"g":99,"i":85,"k":90,"m":101,"o":107,"b":99,"d":101,"f":75,"h":99,"j":85,"l":90,"n":101,"p":107}},{"type":"Feature","geometry":{"type":"Polygon","coordinates":[[[126.68383,37.51744],[126.70978,37.51744],[126.70978,37.54339],[126.68383,37.54339],[126.68383,37.51744]]]},"properties":{"row":13,"col":4,"walk_min":32.7,"nearest_station_id":"kr_258","nearest_station_name":"Sangok","nearest_station_name_ko":"산곡","a":89,"c":92,"e":99,"g":104,"i":95,"k":112,"m":113,"o":86,"b":89,"d":92,"f":99,"h":104,"j":95,"l":112,"n":113,"p":86}},{"type":"Feature","geometry":{"type":"Polygon","coordinates":[[[127.17701,37.56935],[127.20296,37.56935],[127.20296,37.59531],[127.17701,37.59531],[127.17701,37.56935]]]},"properties":{"row":15,"col":23,"walk_min":33.7,"nearest_station_id":"kr_331","nearest_station_name":"Misa","nearest_station_name_ko":"미사","a":86,"c":85,"e":76,"g":71,"i":87,"k":71,"m":80,"o":96,"b":86,"d":85,"f":76,"h":71,"j":87,"l":71,"n":80,"p":96}},{"type":"Feature","geometry":{"type":"Polygon","coordinates":[[[127.02126,37.80296],[127.04722,37.80296],[127.04722,37.82892],[127.02126,37.82892],[127.02126,37.80296]]]},"properties":{"row":24,"col":17,"walk_min":30.4,"nearest_station_id":"kr_447","nearest_station_name":"Deokgye","nearest_station_name_ko":"덕계","a":104,"c":102,"e":116,"g":102,"i":120,"k":115,"m":104,"o":113,"b":104,"d":102,"f":116,"h":102,"j":120,"l":115,"n":104,"p":113}},{"type":"Feature","geometry":{"type":"Polygon","coordinates":[[[127.04722,37.41361],[127.07318,37.41361],[127.07318,37.43957],[127.04722,37.43957],[127.04722,37.41361]]]},"properties":{"row":9,"col":18,"walk_min":37.1,"nearest_station_id":"kr_040","nearest_station_name":"Cheonggyesan","nearest_station_name_ko":"청계산입구","a":73,"c":75,"e":49,"g":74,"i":60,"k":65,"m":76,"o":82,"b":73,"d":75,"f":49,"h":74,"j":60,"l":65,"n":76,"p":82}},{"type":"Feature","geometry":{"type":"Polygon","coordinates":[[[127.09914,37.43957],[127.12509,37.43957],[127.12509,37.46552],[127.09914,37.46552],[127.09914,37.43957]]]},"properties":{"row":10,"col":20,"walk_min":45.1,"nearest_station_id":"kr_146","nearest_station_name":"Bokjeong","nearest_station_name_ko":"복정","a":93,"c":95,"e":71,"g":85,"i":82,"k":66,"m":77,"o":101,"b":93,"d":95,"f":71,"h":85,"j":82,"l":66,"n":77,"p":101}},{"type":"Feature","geometry":{"type":"Polygon","coordinates":[[[126.96935,37.3617],[126.99531,37.3617],[126.99531,37.38765],[126.96935,37.38765],[126.96935,37.3617]]]},"properties":{"row":7,"col":15,"walk_min":34.9,"nearest_station_id":"kr_284","nearest_station_name":"Pyeongchon","nearest_station_name_ko":"평촌","a":80,"c":83,"e":71,"g":94,"i":60,"k":86,"m":97,"o":88,"b":80,"d":83,"f":71,"h":94,"j":60,"l":86,"n":97,"p":88}},{"type":"Feature","geometry":{"type":"Polygon","coordinates":[[[127.09914,37.56935],[127.12509,37.56935],[127.12509,37.59531],[127.09914,37.59531],[127.09914,37.56935]]]},"properties":{"row":15,"col":20,"walk_min":22.4,"nearest_station_id":"kr_120","nearest_station_name":"사가정","nearest_station_name_ko":"사가정","a":53,"c":52,"e":56,"g":38,"i":61,"k":59,"m":47,"o":63,"b":53,"d":52,"f":56,"h":38,"j":61,"l":59,"n":47,"p":63}},{"type":"Feature","geometry":{"type":"Polygon","coordinates":[[[126.96935,37.30978],[126.99531,37.30978],[126.99531,37.33574],[126.96935,37.33574],[126.96935,37.30978]]]},"properties":{"row":5,"col":15,"walk_min":33.9,"nearest_station_id":"kr_085","nearest_station_name":"Sungkyunkwan Univ","nearest_station_name_ko":"성균관대","a":97,"c":100,"e":94,"g":112,"i":83,"k":109,"m":120,"o":98,"b":97,"d":100,"f":94,"h":112,"j":83,"l":109,"n":120,"p":98}},{"type":"Feature","geometry":{"type":"Polygon","coordinates":[[[126.86552,37.56935],[126.89148,37.56935],[126.89148,37.59531],[126.86552,37.59531],[126.86552,37.56935]]]},"properties":{"row":15,"col":11,"walk_min":31.7,"nearest_station_id":"kr_327","nearest_station_name":"디지털미디어시티","nearest_station_name_ko":"디지털미디어시티","a":58,"c":61,"e":72,"g":71,"i":68,"k":85,"m":80,"o":68,"b":58,"d":61,"f":72,"h":71,"j":68,"l":85,"n":80,"p":68}},{"type":"Feature","geometry":{"type":"Polygon","coordinates":[[[126.70978,37.51744],[126.73574,37.51744],[126.73574,37.54339],[126.70978,37.54339],[126.70978,37.51744]]]},"properties":{"row":13,"col":5,"walk_min":27.7,"nearest_station_id":"kr_287","nearest_station_name":"Bupyeong-gu Office","nearest_station_name_ko":"부평구청","a":81,"c":84,"e":91,"g":96,"i":87,"k":104,"m":105,"o":78,"b":81,"d":84,"f":91,"h":96,"j":87,"l":104,"n":105,"p":78}},{"type":"Feature","geometry":{"type":"Polygon","coordinates":[[[126.70978,37.43957],[126.73574,37.43957],[126.73574,37.46552],[126.70978,37.46552],[126.70978,37.43957]]]},"properties":{"row":10,"col":5,"walk_min":34.5,"nearest_station_id":"kr_378","nearest_station_name":"Dongam","nearest_station_name_ko":"동암","a":88,"c":90,"e":98,"g":102,"i":92,"k":110,"m":112,"o":84,"b":88,"d":90,"f":98,"h":102,"j":92,"l":110,"n":112,"p":84}},{"type":"Feature","geometry":{"type":"Polygon","coordinates":[[[126.70978,37.67318],[126.73574,37.67318],[126.73574,37.69914],[126.70978,37.69914],[126.70978,37.67318]]]},"properties":{"row":19,"col":5,"walk_min":30.3,"nearest_station_id":"kr_424","nearest_station_name":"Daehwa","nearest_station_name_ko":"대화","a":102,"c":100,"e":119,"g":106,"i":120,"k":120,"m":115,"o":111,"b":102,"d":100,"f":119,"h":106,"j":120,"l":120,"n":115,"p":111}},{"type":"Feature","geometry":{"type":"Polygon","coordinates":[[[127.04722,37.20596],[127.07318,37.20596],[127.07318,37.23191],[127.04722,37.23191],[127.04722,37.20596]]]},"properties":{"row":1,"col":18,"walk_min":34.6,"nearest_station_id":"kr_466","nearest_station_name":"Seodongtan","nearest_station_name_ko":"서동탄","a":120,"c":120,"e":120,"g":120,"i":111,"k":120,"m":120,"o":120,"b":120,"d":120,"f":120,"h":120,"j":111,"l":120,"n":120,"p":120}},{"type":"Feature","geometry":{"type":"Polygon","coordinates":[[[126.91744,37.41361],[126.94339,37.41361],[126.94339,37.43957],[126.91744,37.43957],[126.91744,37.41361]]]},"properties":{"row":9,"col":13,"walk_min":34.7,"nearest_station_id":"kr_413","nearest_station_name":"Gwanak","nearest_station_name_ko":"관악","a":70,"c":73,"e":80,"g":84,"i":76,"k":93,"m":94,"o":71,"b":70,"d":73,"f":80,"h":84,"j":76,"l":93,"n":94,"p":71}},{"type":"Feature","geometry":{"type":"Polygon","coordinates":[[[126.89148,37.33574],[126.91744,37.33574],[126.91744,37.3617],[126.89148,37.3617],[126.89148,37.33574]]]},"properties":{"row":6,"col":12,"walk_min":30.8,"nearest_station_id":"kr_364","nearest_station_name":"Surisan","nearest_station_name_ko":"수리산","a":83,"c":86,"e":80,"g":98,"i":69,"k":95,"m":106,"o":84,"b":83,"d":86,"f":80,"h":98,"j":69,"l":95,"n":106,"p":84}},{"type":"Feature","geometry":{"type":"Polygon","coordinates":[[[127.15105,37.56935],[127.17701,37.56935],[127.17701,37.59531],[127.15105,37.59531],[127.15105,37.56935]]]},"properties":{"row":15,"col":22,"walk_min":26.5,"nearest_station_id":"kr_231","nearest_station_name":"Jangja Lake Park","nearest_station_name_ko":"장자호수공원","a":72,"c":72,"e":64,"g":58,"i":76,"k":60,"m":68,"o":82,"b":72,"d":72,"f":64,"h":58,"j":76,"l":60,"n":68,"p":82}},{"type":"Feature","geometry":{"type":"Polygon","coordinates":[[[126.94339,37.59531],[126.96935,37.59531],[126.96935,37.62126],[126.94339,37.62126],[126.94339,37.59531]]]},"properties":{"row":16,"col":14,"walk_min":31.6,"nearest_station_id":"kr_080","nearest_station_name":"녹번","nearest_station_name_ko":"녹번","a":54,"c":51,"e":71,"g":58,"i":74,"k":78,"m":67,"o":63,"b":54,"d":51,"f":71,"h":58,"j":74,"l":78,"n":67,"p":63}},{"type":"Feature","geometry":{"type":"Polygon","coordinates":[[[126.73574,37.51744],[126.7617,37.51744],[126.7617,37.54339],[126.73574,37.54339],[126.73574,37.51744]]]},"properties":{"row":13,"col":6,"walk_min":31.5,"nearest_station_id":"kr_315","nearest_station_name":"삼산체육관","nearest_station_name_ko":"삼산체육관","a":80,"c":82,"e":90,"g":94,"i":86,"k":104,"m":104,"o":76,"b":80,"d":82,"f":90,"h":94,"j":86,"l":104,"n":104,"p":76}},{"type":"Feature","geometry":{"type":"Polygon","coordinates":[[[126.60596,37.43957],[126.63191,37.43957],[126.63191,37.46552],[126.60596,37.46552],[126.60596,37.43957]]]},"properties":{"row":10,"col":1,"walk_min":40.5,"nearest_station_id":"kr_458","nearest_station_name":"Incheon","nearest_station_name_ko":"인천","a":108,"c":110,"e":118,"g":120,"i":114,"k":120,"m":120,"o":104,"b":108,"d":110,"f":118,"h":120,"j":114,"l":120,"n":120,"p":104}},{"type":"Feature","geometry":{"type":"Polygon","coordinates":[[[126.99531,37.64722],[127.02126,37.64722],[127.02126,37.67318],[126.99531,37.67318],[126.99531,37.64722]]]},"properties":{"row":18,"col":16,"walk_min":34.2,"nearest_station_id":"kr_125","nearest_station_name":"Ssangmun","nearest_station_name_ko":"쌍문","a":66,"c":64,"e":78,"g":64,"i":86,"k":85,"m":73,"o":75,"b":66,"d":64,"f":78,"h":64,"j":86,"l":85,"n":73,"p":75}},{"type":"Feature","geometry":{"type":"Polygon","coordinates":[[[126.7617,37.51744],[126.78765,37.51744],[126.78765,37.54339],[126.7617,37.54339],[126.7617,37.51744]]]},"properties":{"row":13,"col":7,"walk_min":30.8,"nearest_station_id":"kr_280","nearest_station_name":"부천시청","nearest_station_name_ko":"부천시청","a":75,"c":78,"e":85,"g":90,"i":81,"k":98,"m":99,"o":72,"b":75,"d":78,"f":85,"h":90,"j":81,"l":98,"n":99,"p":72}},{"type":"Feature","geometry":{"type":"Polygon","coordinates":[[[126.96935,37.59531],[126.99531,37.59531],[126.99531,37.62126],[126.96935,37.62126],[126.96935,37.59531]]]},"properties":{"row":16,"col":15,"walk_min":41.5,"nearest_station_id":"kr_061","nearest_station_name":"Hansung Univ. (Samseongyo)","nearest_station_name_ko":"한성대입구(삼선교)","a":56,"c":54,"e":68,"g":54,"i":76,"k":74,"m":64,"o":66,"b":56,"d":54,"f":68,"h":54,"j":76,"l":74,"n":64,"p":66}},{"type":"Feature","geometry":{"type":"Polygon","coordinates":[[[126.99531,37.20596],[127.02126,37.20596],[127.02126,37.23191],[126.99531,37.23191],[126.99531,37.20596]]]},"properties":{"row":1,"col":16,"walk_min":47.6,"nearest_station_id":"kr_047","nearest_station_name":"Byeongjeom","nearest_station_name_ko":"병점","a":120,"c":120,"e":120,"g":120,"i":119,"k":120,"m":120,"o":120,"b":120,"d":120,"f":120,"h":120,"j":119,"l":120,"n":120,"p":120}},{"type":"Feature","geometry":{"type":"Polygon","coordinates":[[[127.17701,37.51744],[127.20296,37.51744],[127.20296,37.54339],[127.17701,37.54339],[127.17701,37.51744]]]},"properties":{"row":13,"col":23,"walk_min":35.4,"nearest_station_id":"kr_360","nearest_station_name":"Hanam City Hall (Deokpung·Sinjang)","nearest_station_name_ko":"하남시청(덕풍·신장)","a":93,"c":92,"e":83,"g":78,"i":94,"k":78,"m":87,"o":103,"b":93,"d":92,"f":83,"h":78,"j":94,"l":78,"n":87,"p":103}},{"type":"Feature","geometry":{"type":"Polygon","coordinates":[[[127.20296,37.67318],[127.22892,37.67318],[127.22892,37.69914],[127.20296,37.69914],[127.20296,37.67318]]]},"properties":{"row":19,"col":24,"walk_min":40.2,"nearest_station_id":"kr_361","nearest_station_name":"Onam","nearest_station_name_ko":"오남","a":104,"c":102,"e":116,"g":102,"i":120,"k":120,"m":111,"o":113,"b":104,"d":102,"f":116,"h":102,"j":120,"l":120,"n":111,"p":113}},{"type":"Feature","geometry":{"type":"Polygon","coordinates":[[[126.78765,37.51744],[126.81361,37.51744],[126.81361,37.54339],[126.78765,37.54339],[126.78765,37.51744]]]},"properties":{"row":13,"col":8,"walk_min":32.8,"nearest_station_id":"kr_206","nearest_station_name":"부천종합운동장","nearest_station_name_ko":"부천종합운동장","a":70,"c":73,"e":80,"g":85,"i":76,"k":93,"m":94,"o":67,"b":70,"d":73,"f":80,"h":85,"j":76,"l":93,"n":94,"p":67}},{"type":"Feature","geometry":{"type":"Polygon","coordinates":[[[126.78765,37.28383],[126.81361,37.28383],[126.81361,37.30978],[126.78765,37.30978],[126.78765,37.28383]]]},"properties":{"row":4,"col":8,"walk_min":41.4,"nearest_station_id":"kr_230","nearest_station_name":"Choji","nearest_station_name_ko":"초지","a":118,"c":120,"e":115,"g":120,"i":104,"k":120,"m":120,"o":119,"b":118,"d":120,"f":115,"h":120,"j":104,"l":120,"n":120,"p":119}},{"type":"Feature","geometry":{"type":"Polygon","coordinates":[[[126.70978,37.64722],[126.73574,37.64722],[126.73574,37.67318],[126.70978,37.67318],[126.70978,37.64722]]]},"properties":{"row":18,"col":5,"walk_min":34.0,"nearest_station_id":"kr_424","nearest_station_name":"Daehwa","nearest_station_name_ko":"대화","a":106,"c":104,"e":120,"g":110,"i":120,"k":120,"m":119,"o":115,"b":106,"d":104,"f":120,"h":110,"j":120,"l":120,"n":119,"p":115}},{"type":"Feature","geometry":{"type":"Polygon","coordinates":[[[126.58,37.46552],[126.60596,37.46552],[126.60596,37.49148],[126.58,37.49148],[126.58,37.46552]]]},"properties":{"row":11,"col":0,"walk_min":26.9,"nearest_station_id":"kr_458","nearest_station_name":"Incheon","nearest_station_name_ko":"인천","a":95,"c":97,"e":104,"g":109,"i":100,"k":118,"m":118,"o":91,"b":95,"d":97,"f":104,"h":109,"j":100,"l":118,"n":118,"p":91}},{"type":"Feature","geometry":{"type":"Polygon","coordinates":[[[126.94339,37.43957],[126.96935,37.43957],[126.96935,37.46552],[126.94339,37.46552],[126.94339,37.43957]]]},"properties":{"row":10,"col":14,"walk_min":33.6,"nearest_station_id":"kr_319","nearest_station_name":"Nakseongdae","nearest_station_name_ko":"낙성대","a":57,"c":60,"e":48,"g":71,"i":37,"k":63,"m":74,"o":66,"b":57,"d":60,"f":48,"h":71,"j":37,"l":63,"n":74,"p":66}},{"type":"Feature","geometry":{"type":"Polygon","coordinates":[[[126.94339,37.62126],[126.96935,37.62126],[126.96935,37.64722],[126.94339,37.64722],[126.94339,37.62126]]]},"properties":{"row":17,"col":14,"walk_min":40.2,"nearest_station_id":"kr_409","nearest_station_name":"독바위","nearest_station_name_ko":"독바위","a":67,"c":64,"e":84,"g":70,"i":87,"k":91,"m":80,"o":75,"b":67,"d":64,"f":84,"h":70,"j":87,"l":91,"n":80,"p":75}},{"type":"Feature","geometry":{"type":"Polygon","coordinates":[[[126.83957,37.43957],[126.86552,37.43957],[126.86552,37.46552],[126.83957,37.46552],[126.83957,37.43957]]]},"properties":{"row":10,"col":10,"walk_min":34.6,"nearest_station_id":"kr_256","nearest_station_name":"Cheolsan","nearest_station_name_ko":"철산","a":75,"c":78,"e":75,"g":89,"i":80,"k":88,"m":99,"o":72,"b":75,"d":78,"f":75,"h":89,"j":80,"l":88,"n":99,"p":72}},{"type":"Feature","geometry":{"type":"Polygon","coordinates":[[[126.81361,37.59531],[126.83957,37.59531],[126.83957,37.62126],[126.81361,37.62126],[126.81361,37.59531]]]},"properties":{"row":16,"col":9,"walk_min":37.5,"nearest_station_id":"kr_198","nearest_station_name":"Daegok","nearest_station_name_ko":"대곡","a":94,"c":90,"e":110,"g":98,"i":114,"k":118,"m":106,"o":102,"b":94,"d":90,"f":110,"h":98,"j":114,"l":118,"n":106,"p":102}},{"type":"Feature","geometry":{"type":"Polygon","coordinates":[[[127.09914,37.41361],[127.12509,37.41361],[127.12509,37.43957],[127.09914,37.43957],[127.09914,37.41361]]]},"properties":{"row":9,"col":20,"walk_min":39.3,"nearest_station_id":"kr_439","nearest_station_name":"Moran","nearest_station_name_ko":"모란","a":103,"c":105,"e":81,"g":95,"i":92,"k":76,"m":88,"o":112,"b":103,"d":105,"f":81,"h":95,"j":92,"l":76,"n":88,"p":112}},{"type":"Feature","geometry":{"type":"Polygon","coordinates":[[[126.83957,37.41361],[126.86552,37.41361],[126.86552,37.43957],[126.83957,37.43957],[126.83957,37.41361]]]},"properties":{"row":9,"col":10,"walk_min":43.3,"nearest_station_id":"kr_442","nearest_station_name":"Gwangmyeong","nearest_station_name_ko":"광명","a":78,"c":81,"e":88,"g":92,"i":84,"k":101,"m":102,"o":79,"b":67,"d":70,"f":88,"h":82,"j":84,"l":101,"n":91,"p":79}},{"type":"Feature","geometry":{"type":"Polygon","coordinates":[[[127.02126,37.41361],[127.04722,37.41361],[127.04722,37.43957],[127.02126,37.43957],[127.02126,37.41361]]]},"properties":{"row":9,"col":17,"walk_min":33.7,"nearest_station_id":"kr_346","nearest_station_name":"Seoul Grand park","nearest_station_name_ko":"대공원","a":66,"c":68,"e":56,"g":79,"i":46,"k":72,"m":83,"o":74,"b":66,"d":68,"f":56,"h":79,"j":46,"l":72,"n":83,"p":74}},{"type":"Feature","geometry":{"type":"Polygon","coordinates":[[[126.83957,37.59531],[126.86552,37.59531],[126.86552,37.62126],[126.83957,37.62126],[126.83957,37.59531]]]},"properties":{"row":16,"col":10,"walk_min":47.5,"nearest_station_id":"kr_167","nearest_station_name":"Hwajeong","nearest_station_name_ko":"화정","a":100,"c":96,"e":116,"g":104,"i":120,"k":120,"m":112,"o":108,"b":100,"d":96,"f":116,"h":104,"j":120,"l":120,"n":112,"p":108}},{"type":"Feature","geometry":{"type":"Polygon","coordinates":[[[126.65787,37.49148],[126.68383,37.49148],[126.68383,37.51744],[126.65787,37.51744],[126.65787,37.49148]]]},"properties":{"row":12,"col":3,"walk_min":36.0,"nearest_station_id":"kr_258","nearest_station_name":"Sangok","nearest_station_name_ko":"산곡","a":92,"c":95,"e":102,"g":107,"i":98,"k":115,"m":116,"o":89,"b":92,"d":95,"f":102,"h":107,"j":98,"l":115,"n":116,"p":89}},{"type":"Feature","geometry":{"type":"Polygon","coordinates":[[[127.15105,37.69914],[127.17701,37.69914],[127.17701,37.72509],[127.15105,37.72509],[127.15105,37.69914]]]},"properties":{"row":20,"col":22,"walk_min":39.5,"nearest_station_id":"kr_361","nearest_station_name":"Onam","nearest_station_name_ko":"오남","a":104,"c":102,"e":116,"g":102,"i":120,"k":120,"m":110,"o":112,"b":104,"d":102,"f":116,"h":102,"j":120,"l":120,"n":110,"p":112}},{"type":"Feature","geometry":{"type":"Polygon","coordinates":[[[127.02126,37.25787],[127.04722,37.25787],[127.04722,37.28383],[127.02126,37.28383],[127.02126,37.25787]]]},"properties":{"row":3,"col":17,"walk_min":40.4,"nearest_station_id":"kr_357","nearest_station_name":"Gwanggyo Jungang","nearest_station_name_ko":"광교중앙","a":119,"c":120,"e":96,"g":120,"i":106,"k":111,"m":120,"o":120,"b":119,"d":120,"f":96,"h":120,"j":106,"l":111,"n":120,"p":120}},{"type":"Feature","geometry":{"type":"Polygon","coordinates":[[[126.94339,37.25787],[126.96935,37.25787],[126.96935,37.28383],[126.94339,37.28383],[126.94339,37.25787]]]},"properties":{"row":3,"col":14,"walk_min":42.4,"nearest_station_id":"kr_461","nearest_station_name":"Hwaseo","nearest_station_name_ko":"화서","a":110,"c":113,"e":107,"g":120,"i":96,"k":120,"m":120,"o":111,"b":110,"d":113,"f":107,"h":120,"j":96,"l":120,"n":120,"p":111}},{"type":"Feature","geometry":{"type":"Polygon","coordinates":[[[127.07318,37.38765],[127.09914,37.38765],[127.09914,37.41361],[127.07318,37.41361],[127.07318,37.38765]]]},"properties":{"row":8,"col":19,"walk_min":44.9,"nearest_station_id":"kr_041","nearest_station_name":"Pangyo","nearest_station_name_ko":"판교","a":96,"c":98,"e":72,"g":96,"i":82,"k":87,"m":98,"o":104,"b":96,"d":98,"f":72,"h":96,"j":82,"l":87,"n":98,"p":104}},{"type":"Feature","geometry":{"type":"Polygon","coordinates":[[[127.09914,37.28383],[127.12509,37.28383],[127.12509,37.30978],[127.09914,37.30978],[127.09914,37.28383]]]},"properties":{"row":4,"col":20,"walk_min":47.6,"nearest_station_id":"kr_233","nearest_station_name":"Suji-gu Office","nearest_station_name_ko":"수지구청","a":116,"c":118,"e":92,"g":116,"i":102,"k":107,"m":118,"o":120,"b":116,"d":118,"f":92,"h":116,"j":102,"l":107,"n":118,"p":120}},{"type":"Feature","geometry":{"type":"Polygon","coordinates":[[[126.89148,37.3617],[126.91744,37.3617],[126.91744,37.38765],[126.89148,37.38765],[126.89148,37.3617]]]},"properties":{"row":7,"col":12,"walk_min":39.8,"nearest_station_id":"kr_459","nearest_station_name":"Myeonghak","nearest_station_name_ko":"명학","a":83,"c":86,"e":86,"g":98,"i":75,"k":101,"m":107,"o":84,"b":83,"d":86,"f":86,"h":98,"j":75,"l":101,"n":107,"p":84}},{"type":"Feature","geometry":{"type":"Polygon","coordinates":[[[127.17701,37.43957],[127.20296,37.43957],[127.20296,37.46552],[127.17701,37.46552],[127.17701,37.43957]]]},"properties":{"row":10,"col":23,"walk_min":39.3,"nearest_station_id":"kr_232","nearest_station_name":"Namhansanseong","nearest_station_name_ko":"남한산성입구","a":95,"c":97,"e":73,"g":87,"i":84,"k":68,"m":79,"o":104,"b":95,"d":97,"f":73,"h":87,"j":84,"l":68,"n":79,"p":104}},{"type":"Feature","geometry":{"type":"Polygon","coordinates":[[[127.04722,37.25787],[127.07318,37.25787],[127.07318,37.28383],[127.04722,37.28383],[127.04722,37.25787]]]},"properties":{"row":3,"col":18,"walk_min":40.2,"nearest_station_id":"kr_357","nearest_station_name":"Gwanggyo Jungang","nearest_station_name_ko":"광교중앙","a":119,"c":120,"e":96,"g":120,"i":106,"k":111,"m":120,"o":120,"b":119,"d":120,"f":96,"h":120,"j":106,"l":111,"n":120,"p":120}},{"type":"Feature","geometry":{"type":"Polygon","coordinates":[[[127.20296,37.56935],[127.22892,37.56935],[127.22892,37.59531],[127.20296,37.59531],[127.20296,37.56935]]]},"properties":{"row":15,"col":24,"walk_min":85.2,"nearest_station_id":"kr_331","nearest_station_name":"Misa","nearest_station_name_ko":"미사","a":120,"c":120,"e":120,"g":120,"i":120,"k":120,"m":120,"o":120,"b":120,"d":120,"f":120,"h":120,"j":120,"l":120,"n":120,"p":120}},{"type":"Feature","geometry":{"type":"Polygon","coordinates":[[[127.07318,37.69914],[127.09914,37.69914],[127.09914,37.72509],[127.07318,37.72509],[127.07318,37.69914]]]},"properties":{"row":20,"col":19,"walk_min":43.8,"nearest_station_id":"kr_467","nearest_station_name":"Jangam","nearest_station_name_ko":"장암","a":92,"c":90,"e":104,"g":90,"i":112,"k":104,"m":93,"o":102,"b":92,"d":90,"f":104,"h":90,"j":112,"l":104,"n":93,"p":102}},{"type":"Feature","geometry":{"type":"Polygon","coordinates":[[[126.91744,37.43957],[126.94339,37.43957],[126.94339,37.46552],[126.91744,37.46552],[126.91744,37.43957]]]},"properties":{"row":10,"col":13,"walk_min":35.0,"nearest_station_id":"kr_392","nearest_station_name":"Seoksu","nearest_station_name_ko":"석수","a":66,"c":69,"e":76,"g":81,"i":72,"k":89,"m":90,"o":67,"b":66,"d":69,"f":76,"h":81,"j":72,"l":89,"n":90,"p":67}},{"type":"Feature","geometry":{"type":"Polygon","coordinates":[[[127.12509,37.67318],[127.15105,37.67318],[127.15105,37.69914],[127.12509,37.69914],[127.12509,37.67318]]]},"properties":{"row":19,"col":21,"walk_min":62.4,"nearest_station_id":"kr_310","nearest_station_name":"Byeollaebyeolgaram","nearest_station_name_ko":"별내별가람","a":112,"c":110,"e":120,"g":110,"i":120,"k":120,"m":119,"o":120,"b":112,"d":110,"f":120,"h":110,"j":120,"l":120,"n":119,"p":120}},{"type":"Feature","geometry":{"type":"Polygon","coordinates":[[[126.91744,37.28383],[126.94339,37.28383],[126.94339,37.30978],[126.91744,37.30978],[126.91744,37.28383]]]},"properties":{"row":4,"col":13,"walk_min":46.8,"nearest_station_id":"kr_415","nearest_station_name":"Banwol","nearest_station_name_ko":"반월","a":109,"c":111,"e":106,"g":120,"i":95,"k":120,"m":120,"o":109,"b":109,"d":111,"f":106,"h":120,"j":95,"l":120,"n":120,"p":109}},{"type":"Feature","geometry":{"type":"Polygon","coordinates":[[[126.78765,37.43957],[126.81361,37.43957],[126.81361,37.46552],[126.78765,37.46552],[126.78765,37.43957]]]},"properties":{"row":10,"col":8,"walk_min":44.0,"nearest_station_id":"kr_451","nearest_station_name":"Sosa","nearest_station_name_ko":"소사","a":79,"c":81,"e":88,"g":93,"i":84,"k":102,"m":102,"o":76,"b":79,"d":81,"f":88,"h":93,"j":84,"l":102,"n":102,"p":76}},{"type":"Feature","geometry":{"type":"Polygon","coordinates":[[[126.73574,37.62126],[126.7617,37.62126],[126.7617,37.64722],[126.73574,37.64722],[126.73574,37.62126]]]},"properties":{"row":17,"col":6,"walk_min":94.0,"nearest_station_id":"kr_261","nearest_station_name":"Madu","nearest_station_name_ko":"마두","a":120,"c":120,"e":120,"g":120,"i":120,"k":120,"m":120,"o":120,"b":120,"d":120,"f":120,"h":120,"j":120,"l":120,"n":120,"p":120}},{"type":"Feature","geometry":{"type":"Polygon","coordinates":[[[126.78765,37.33574],[126.81361,37.33574],[126.81361,37.3617],[126.78765,37.3617],[126.78765,37.33574]]]},"properties":{"row":6,"col":8,"walk_min":41.5,"nearest_station_id":"kr_263","nearest_station_name":"Ansan","nearest_station_name_ko":"안산","a":120,"c":120,"e":120,"g":120,"i":108,"k":120,"m":120,"o":120,"b":120,"d":120,"f":120,"h":120,"j":108,"l":120,"n":120,"p":120}},{"type":"Feature","geometry":{"type":"Polygon","coordinates":[[[126.99531,37.75105],[127.02126,37.75105],[127.02126,37.77701],[126.99531,37.77701],[126.99531,37.75105]]]},"properties":{"row":22,"col":16,"walk_min":43.1,"nearest_station_id":"kr_421","nearest_station_name":"Nogyang","nearest_station_name_ko":"녹양","a":104,"c":102,"e":116,"g":102,"i":120,"k":115,"m":104,"o":113,"b":104,"d":102,"f":116,"h":102,"j":120,"l":115,"n":104,"p":113}},{"type":"Feature","geometry":{"type":"Polygon","coordinates":[[[127.07318,37.3617],[127.09914,37.3617],[127.09914,37.38765],[127.07318,37.38765],[127.07318,37.3617]]]},"properties":{"row":7,"col":19,"walk_min":45.6,"nearest_station_id":"kr_148","nearest_station_name":"Jeongja","nearest_station_name_ko":"정자","a":103,"c":105,"e":79,"g":103,"i":89,"k":94,"m":105,"o":111,"b":103,"d":105,"f":79,"h":103,"j":89,"l":94,"n":105,"p":111}},{"type":"Feature","geometry":{"type":"Polygon","coordinates":[[[126.60596,37.49148],[126.63191,37.49148],[126.63191,37.51744],[126.60596,37.51744],[126.60596,37.49148]]]},"properties":{"row":12,"col":1,"walk_min":74.6,"nearest_station_id":"kr_458","nearest_station_name":"Incheon","nearest_station_name_ko":"인천","a":120,"c":120,"e":120,"g":120,"i":120,"k":120,"m":120,"o":120,"b":120,"d":120,"f":120,"h":120,"j":120,"l":120,"n":120,"p":120}},{"type":"Feature","geometry":{"type":"Polygon","coordinates":[[[127.15105,37.67318],[127.17701,37.67318],[127.17701,37.69914],[127.15105,37.69914],[127.15105,37.67318]]]},"properties":{"row":19,"col":22,"walk_min":49.4,"nearest_station_id":"kr_361","nearest_station_name":"Onam","nearest_station_name_ko":"오남","a":113,"c":111,"e":120,"g":111,"i":120,"k":120,"m":120,"o":120,"b":113,"d":111,"f":120,"h":111,"j":120,"l":120,"n":120,"p":120}},{"type":"Feature","geometry":{"type":"Polygon","coordinates":[[[127.07318,37.25787],[127.09914,37.25787],[127.09914,37.28383],[127.07318,37.28383],[127.07318,37.25787]]]},"properties":{"row":3,"col":19,"walk_min":51.6,"nearest_station_id":"kr_307","nearest_station_name":"Sanghyeon","nearest_station_name_ko":"상현","a":120,"c":120,"e":104,"g":120,"i":114,"k":119,"m":120,"o":120,"b":120,"d":120,"f":104,"h":120,"j":114,"l":119,"n":120,"p":120}},{"type":"Feature","geometry":{"type":"Polygon","coordinates":[[[127.07318,37.43957],[127.09914,37.43957],[127.09914,37.46552],[127.07318,37.46552],[127.07318,37.43957]]]},"properties":{"row":10,"col":19,"walk_min":41.8,"nearest_station_id":"kr_040","nearest_station_name":"Cheonggyesan","nearest_station_name_ko":"청계산입구","a":78,"c":80,"e":54,"g":79,"i":65,"k":70,"m":81,"o":87,"b":78,"d":80,"f":54,"h":79,"j":65,"l":70,"n":81,"p":87}},{"type":"Feature","geometry":{"type":"Polygon","coordinates":[[[126.83957,37.25787],[126.86552,37.25787],[126.86552,37.28383],[126.83957,37.28383],[126.83957,37.25787]]]},"properties":{"row":3,"col":10,"walk_min":78.5,"nearest_station_id":"kr_114","nearest_station_name":"Sangnoksu","nearest_station_name_ko":"상록수","a":120,"c":120,"e":120,"g":120,"i":120,"k":120,"m":120,"o":120,"b":120,"d":120,"f":120,"h":120,"j":120,"l":120,"n":120,"p":120}},{"type":"Feature","geometry":{"type":"Polygon","coordinates":[[[126.73574,37.30978],[126.7617,37.30978],[126.7617,37.33574],[126.73574,37.33574],[126.73574,37.30978]]]},"properties":{"row":5,"col":6,"walk_min":43.3,"nearest_station_id":"kr_427","nearest_station_name":"Singiloncheon","nearest_station_name_ko":"신길온천","a":120,"c":120,"e":120,"g":120,"i":115,"k":120,"m":120,"o":120,"b":120,"d":120,"f":120,"h":120,"j":115,"l":120,"n":120,"p":120}},{"type":"Feature","geometry":{"type":"Polygon","coordinates":[[[126.7617,37.43957],[126.78765,37.43957],[126.78765,37.46552],[126.7617,37.46552],[126.7617,37.43957]]]},"properties":{"row":10,"col":7,"walk_min":47.0,"nearest_station_id":"kr_060","nearest_station_name":"Bucheon","nearest_station_name_ko":"부천","a":84,"c":86,"e":93,"g":98,"i":89,"k":107,"m":108,"o":81,"b":84,"d":86,"f":93,"h":98,"j":89,"l":107,"n":108,"p":81}},{"type":"Feature","geometry":{"type":"Polygon","coordinates":[[[127.07318,37.18],[127.09914,37.18],[127.09914,37.20596],[127.07318,37.20596],[127.07318,37.18]]]},"properties":{"row":0,"col":19,"walk_min":43.6,"nearest_station_id":"kr_466","nearest_station_name":"Seodongtan","nearest_station_name_ko":"서동탄","a":120,"c":120,"e":120,"g":120,"i":120,"k":120,"m":120,"o":120,"b":120,"d":120,"f":120,"h":120,"j":120,"l":120,"n":120,"p":120}},{"type":"Feature","geometry":{"type":"Polygon","coordinates":[[[126.70978,37.30978],[126.73574,37.30978],[126.73574,37.33574],[126.70978,37.33574],[126.70978,37.30978]]]},"properties":{"row":5,"col":5,"walk_min":50.1,"nearest_station_id":"kr_351","nearest_station_name":"Jeongwang","nearest_station_name_ko":"정왕","a":120,"c":120,"e":120,"g":120,"i":120,"k":120,"m":120,"o":120,"b":120,"d":120,"f":120,"h":120,"j":120,"l":120,"n":120,"p":120}},{"type":"Feature","geometry":{"type":"Polygon","coordinates":[[[126.94339,37.41361],[126.96935,37.41361],[126.96935,37.43957],[126.94339,37.43957],[126.94339,37.41361]]]},"properties":{"row":9,"col":14,"walk_min":43.5,"nearest_station_id":"kr_367","nearest_station_name":"Government Complex Gwacheon","nearest_station_name_ko":"정부과천청사","a":80,"c":82,"e":70,"g":94,"i":60,"k":86,"m":96,"o":88,"b":80,"d":82,"f":70,"h":94,"j":60,"l":86,"n":96,"p":88}},{"type":"Feature","geometry":{"type":"Polygon","coordinates":[[[126.7617,37.54339],[126.78765,37.54339],[126.78765,37.56935],[126.7617,37.56935],[126.7617,37.54339]]]},"properties":{"row":14,"col":7,"walk_min":61.9,"nearest_station_id":"kr_189","nearest_station_name":"Gimpo Int'l Airport","nearest_station_name_ko":"김포공항","a":102,"c":100,"e":108,"g":114,"i":104,"k":120,"m":120,"o":89,"b":102,"d":100,"f":108,"h":114,"j":104,"l":120,"n":120,"p":89}},{"type":"Feature","geometry":{"type":"Polygon","coordinates":[[[126.7617,37.28383],[126.78765,37.28383],[126.78765,37.30978],[126.7617,37.30978],[126.7617,37.28383]]]},"properties":{"row":4,"col":7,"walk_min":43.5,"nearest_station_id":"kr_263","nearest_station_name":"Ansan","nearest_station_name_ko":"안산","a":120,"c":120,"e":120,"g":120,"i":110,"k":120,"m":120,"o":120,"b":120,"d":120,"f":120,"h":120,"j":110,"l":120,"n":120,"p":120}},{"type":"Feature","geometry":{"type":"Polygon","coordinates":[[[126.96935,37.23191],[126.99531,37.23191],[126.99531,37.25787],[126.96935,37.25787],[126.96935,37.23191]]]},"properties":{"row":2,"col":15,"walk_min":53.4,"nearest_station_id":"kr_462","nearest_station_name":"Seryu","nearest_station_name_ko":"세류","a":120,"c":120,"e":120,"g":120,"i":116,"k":120,"m":120,"o":120,"b":120,"d":120,"f":120,"h":120,"j":116,"l":120,"n":120,"p":120}},{"type":"Feature","geometry":{"type":"Polygon","coordinates":[[[126.78765,37.67318],[126.81361,37.67318],[126.81361,37.69914],[126.78765,37.69914],[126.78765,37.67318]]]},"properties":{"row":19,"col":8,"walk_min":51.3,"nearest_station_id":"kr_302","nearest_station_name":"Jeongbalsan","nearest_station_name_ko":"정발산","a":117,"c":114,"e":120,"g":120,"i":120,"k":120,"m":120,"o":120,"b":117,"d":114,"f":120,"h":120,"j":120,"l":120,"n":120,"p":120}},{"type":"Feature","geometry":{"type":"Polygon","coordinates":[[[126.86552,37.59531],[126.89148,37.59531],[126.89148,37.62126],[126.86552,37.62126],[126.86552,37.59531]]]},"properties":{"row":16,"col":11,"walk_min":50.1,"nearest_station_id":"kr_390","nearest_station_name":"구산","nearest_station_name_ko":"구산","a":80,"c":77,"e":97,"g":83,"i":96,"k":104,"m":92,"o":88,"b":80,"d":77,"f":97,"h":83,"j":96,"l":104,"n":92,"p":88}},{"type":"Feature","geometry":{"type":"Polygon","coordinates":[[[126.83957,37.38765],[126.86552,37.38765],[126.86552,37.41361],[126.83957,37.41361],[126.83957,37.38765]]]},"properties":{"row":8,"col":10,"walk_min":59.7,"nearest_station_id":"kr_442","nearest_station_name":"Gwangmyeong","nearest_station_name_ko":"광명","a":95,"c":98,"e":105,"g":109,"i":101,"k":118,"m":119,"o":96,"b":84,"d":87,"f":105,"h":99,"j":101,"l":118,"n":108,"p":96}},{"type":"Feature","geometry":{"type":"Polygon","coordinates":[[[127.22892,37.38765],[127.25488,37.38765],[127.25488,37.41361],[127.22892,37.41361],[127.22892,37.38765]]]},"properties":{"row":8,"col":25,"walk_min":46.0,"nearest_station_id":"kr_149","nearest_station_name":"경기광주","nearest_station_name_ko":"경기광주","a":120,"c":120,"e":98,"g":120,"i":108,"k":113,"m":120,"o":120,"b":120,"d":120,"f":98,"h":120,"j":108,"l":113,"n":120,"p":120}},{"type":"Feature","geometry":{"type":"Polygon","coordinates":[[[126.81361,37.33574],[126.83957,37.33574],[126.83957,37.3617],[126.81361,37.3617],[126.81361,37.33574]]]},"properties":{"row":6,"col":9,"walk_min":49.4,"nearest_station_id":"kr_426","nearest_station_name":"Gojan","nearest_station_name_ko":"고잔","a":120,"c":120,"e":120,"g":120,"i":110,"k":120,"m":120,"o":120,"b":120,"d":120,"f":120,"h":120,"j":110,"l":120,"n":120,"p":120}},{"type":"Feature","geometry":{"type":"Polygon","coordinates":[[[126.81361,37.43957],[126.83957,37.43957],[126.83957,37.46552],[126.81361,37.46552],[126.81361,37.43957]]]},"properties":{"row":10,"col":9,"walk_min":48.0,"nearest_station_id":"kr_024","nearest_station_name":"Yeokgok","nearest_station_name_ko":"역곡","a":80,"c":82,"e":89,"g":94,"i":85,"k":102,"m":103,"o":76,"b":80,"d":82,"f":89,"h":94,"j":85,"l":102,"n":103,"p":76}},{"type":"Feature","geometry":{"type":"Polygon","coordinates":[[[126.86552,37.25787],[126.89148,37.25787],[126.89148,37.28383],[126.86552,37.28383],[126.86552,37.25787]]]},"properties":{"row":3,"col":11,"walk_min":64.9,"nearest_station_id":"kr_114","nearest_station_name":"Sangnoksu","nearest_station_name_ko":"상록수","a":120,"c":120,"e":120,"g":120,"i":117,"k":120,"m":120,"o":120,"b":120,"d":120,"f":120,"h":120,"j":117,"l":120,"n":120,"p":120}},{"type":"Feature","geometry":{"type":"Polygon","coordinates":[[[126.99531,37.67318],[127.02126,37.67318],[127.02126,37.69914],[126.99531,37.69914],[126.99531,37.67318]]]},"properties":{"row":19,"col":16,"walk_min":46.9,"nearest_station_id":"kr_044","nearest_station_name":"Dobongsan","nearest_station_name_ko":"도봉산","a":92,"c":90,"e":104,"g":90,"i":112,"k":104,"m":93,"o":102,"b":92,"d":90,"f":104,"h":90,"j":112,"l":104,"n":93,"p":102}},{"type":"Feature","geometry":{"type":"Polygon","coordinates":[[[126.73574,37.43957],[126.7617,37.43957],[126.7617,37.46552],[126.73574,37.46552],[126.73574,37.43957]]]},"properties":{"row":10,"col":6,"walk_min":48.8,"nearest_station_id":"kr_159","nearest_station_name":"Songnae","nearest_station_name_ko":"송내","a":91,"c":94,"e":101,"g":106,"i":97,"k":114,"m":115,"o":88,"b":91,"d":94,"f":101,"h":106,"j":97,"l":114,"n":115,"p":88}},{"type":"Feature","geometry":{"type":"Polygon","coordinates":[[[126.99531,37.3617],[127.02126,37.3617],[127.02126,37.38765],[126.99531,37.38765],[126.99531,37.3617]]]},"properties":{"row":7,"col":16,"walk_min":54.3,"nearest_station_id":"kr_325","nearest_station_name":"Indeogwon","nearest_station_name_ko":"인덕원","a":96,"c":99,"e":87,"g":109,"i":76,"k":102,"m":113,"o":104,"b":96,"d":99,"f":87,"h":109,"j":76,"l":102,"n":113,"p":104}},{"type":"Feature","geometry":{"type":"Polygon","coordinates":[[[126.65787,37.51744],[126.68383,37.51744],[126.68383,37.54339],[126.65787,37.54339],[126.65787,37.51744]]]},"properties":{"row":13,"col":3,"walk_min":55.5,"nearest_station_id":"kr_258","nearest_station_name":"Sangok","nearest_station_name_ko":"산곡","a":112,"c":114,"e":120,"g":120,"i":118,"k":120,"m":120,"o":108,"b":112,"d":114,"f":120,"h":120,"j":118,"l":120,"n":120,"p":108}},{"type":"Feature","geometry":{"type":"Polygon","coordinates":[[[126.83957,37.33574],[126.86552,37.33574],[126.86552,37.3617],[126.83957,37.3617],[126.83957,37.33574]]]},"properties":{"row":6,"col":10,"walk_min":58.7,"nearest_station_id":"kr_168","nearest_station_name":"Jungang","nearest_station_name_ko":"중앙","a":120,"c":120,"e":120,"g":120,"i":117,"k":120,"m":120,"o":120,"b":120,"d":120,"f":120,"h":120,"j":117,"l":120,"n":120,"p":120}},{"type":"Feature","geometry":{"type":"Polygon","coordinates":[[[127.07318,37.41361],[127.09914,37.41361],[127.09914,37.43957],[127.07318,37.43957],[127.07318,37.41361]]]},"properties":{"row":9,"col":19,"walk_min":53.3,"nearest_station_id":"kr_040","nearest_station_name":"Cheonggyesan","nearest_station_name_ko":"청계산입구","a":89,"c":91,"e":65,"g":90,"i":76,"k":81,"m":92,"o":98,"b":89,"d":91,"f":65,"h":90,"j":76,"l":81,"n":92,"p":98}},{"type":"Feature","geometry":{"type":"Polygon","coordinates":[[[126.63191,37.49148],[126.65787,37.49148],[126.65787,37.51744],[126.63191,37.51744],[126.63191,37.49148]]]},"properties":{"row":12,"col":2,"walk_min":51.8,"nearest_station_id":"kr_330","nearest_station_name":"Dongincheon","nearest_station_name_ko":"동인천","a":117,"c":119,"e":120,"g":120,"i":120,"k":120,"m":120,"o":113,"b":117,"d":119,"f":120,"h":120,"j":120,"l":120,"n":120,"p":113}},{"type":"Feature","geometry":{"type":"Polygon","coordinates":[[[127.07318,37.72509],[127.09914,37.72509],[127.09914,37.75105],[127.07318,37.75105],[127.07318,37.72509]]]},"properties":{"row":21,"col":19,"walk_min":51.3,"nearest_station_id":"kr_065","nearest_station_name":"Uijeongbu","nearest_station_name_ko":"의정부","a":107,"c":105,"e":119,"g":105,"i":120,"k":119,"m":107,"o":116,"b":107,"d":105,"f":119,"h":105,"j":120,"l":119,"n":107,"p":116}},{"type":"Feature","geometry":{"type":"Polygon","coordinates":[[[127.15105,37.38765],[127.17701,37.38765],[127.17701,37.41361],[127.15105,37.41361],[127.15105,37.38765]]]},"properties":{"row":8,"col":22,"walk_min":47.6,"nearest_station_id":"kr_108","nearest_station_name":"Imae","nearest_station_name_ko":"이매","a":102,"c":104,"e":78,"g":102,"i":88,"k":93,"m":104,"o":110,"b":102,"d":104,"f":78,"h":102,"j":88,"l":93,"n":104,"p":110}},{"type":"Feature","geometry":{"type":"Polygon","coordinates":[[[126.7617,37.3617],[126.78765,37.3617],[126.78765,37.38765],[126.7617,37.38765],[126.7617,37.3617]]]},"properties":{"row":7,"col":7,"walk_min":50.3,"nearest_station_id":"kr_428","nearest_station_name":"Oido","nearest_station_name_ko":"오이도","a":120,"c":120,"e":120,"g":120,"i":120,"k":120,"m":120,"o":120,"b":120,"d":120,"f":120,"h":120,"j":120,"l":120,"n":120,"p":120}},{"type":"Feature","geometry":{"type":"Polygon","coordinates":[[[127.17701,37.46552],[127.20296,37.46552],[127.20296,37.49148],[127.17701,37.49148],[127.17701,37.46552]]]},"properties":{"row":11,"col":23,"walk_min":50.3,"nearest_station_id":"kr_440","nearest_station_name":"Macheon","nearest_station_name_ko":"마천","a":101,"c":100,"e":80,"g":87,"i":90,"k":75,"m":86,"o":110,"b":101,"d":100,"f":80,"h":87,"j":90,"l":75,"n":86,"p":110}},{"type":"Feature","geometry":{"type":"Polygon","coordinates":[[[126.99531,37.18],[127.02126,37.18],[127.02126,37.20596],[126.99531,37.20596],[126.99531,37.18]]]},"properties":{"row":0,"col":16,"walk_min":53.2,"nearest_station_id":"kr_047","nearest_station_name":"Byeongjeom","nearest_station_name_ko":"병점","a":120,"c":120,"e":120,"g":120,"i":120,"k":120,"m":120,"o":120,"b":120,"d":120,"f":120,"h":120,"j":120,"l":120,"n":120,"p":120}},{"type":"Feature","geometry":{"type":"Polygon","coordinates":[[[126.78765,37.59531],[126.81361,37.59531],[126.81361,37.62126],[126.78765,37.62126],[126.78765,37.59531]]]},"properties":{"row":16,"col":8,"walk_min":61.9,"nearest_station_id":"kr_198","nearest_station_name":"Daegok","nearest_station_name_ko":"대곡","a":118,"c":115,"e":120,"g":120,"i":120,"k":120,"m":120,"o":120,"b":118,"d":115,"f":120,"h":120,"j":120,"l":120,"n":120,"p":120}},{"type":"Feature","geometry":{"type":"Polygon","coordinates":[[[127.15105,37.64722],[127.17701,37.64722],[127.17701,37.67318],[127.15105,37.67318],[127.15105,37.64722]]]},"properties":{"row":18,"col":22,"walk_min":54.8,"nearest_station_id":"kr_438","nearest_station_name":"Byeollae","nearest_station_name_ko":"별내","a":116,"c":115,"e":108,"g":102,"i":119,"k":103,"m":111,"o":120,"b":116,"d":115,"f":108,"h":102,"j":119,"l":103,"n":111,"p":120}},{"type":"Feature","geometry":{"type":"Polygon","coordinates":[[[126.99531,37.72509],[127.02126,37.72509],[127.02126,37.75105],[126.99531,37.75105],[126.99531,37.72509]]]},"properties":{"row":21,"col":16,"walk_min":51.5,"nearest_station_id":"kr_065","nearest_station_name":"Uijeongbu","nearest_station_name_ko":"의정부","a":108,"c":106,"e":120,"g":106,"i":120,"k":120,"m":108,"o":116,"b":108,"d":106,"f":120,"h":106,"j":120,"l":120,"n":108,"p":116}},{"type":"Feature","geometry":{"type":"Polygon","coordinates":[[[126.96935,37.33574],[126.99531,37.33574],[126.99531,37.3617],[126.96935,37.3617],[126.96935,37.33574]]]},"properties":{"row":6,"col":15,"walk_min":50.2,"nearest_station_id":"kr_072","nearest_station_name":"Gunpo","nearest_station_name_ko":"군포","a":100,"c":102,"e":97,"g":114,"i":86,"k":112,"m":120,"o":100,"b":100,"d":102,"f":97,"h":114,"j":86,"l":112,"n":120,"p":100}},{"type":"Feature","geometry":{"type":"Polygon","coordinates":[[[126.99531,37.69914],[127.02126,37.69914],[127.02126,37.72509],[126.99531,37.72509],[126.99531,37.69914]]]},"properties":{"row":20,"col":16,"walk_min":50.9,"nearest_station_id":"kr_449","nearest_station_name":"Mangwolsa (Shinhan University)","nearest_station_name_ko":"망월사(신한대학교)","a":101,"c":99,"e":113,"g":99,"i":120,"k":113,"m":101,"o":110,"b":101,"d":99,"f":113,"h":99,"j":120,"l":113,"n":101,"p":110}},{"type":"Feature","geometry":{"type":"Polygon","coordinates":[[[127.07318,37.77701],[127.09914,37.77701],[127.09914,37.80296],[127.07318,37.80296],[127.07318,37.77701]]]},"properties":{"row":23,"col":19,"walk_min":49.5,"nearest_station_id":"kr_092","nearest_station_name":"Yangju","nearest_station_name_ko":"양주","a":114,"c":112,"e":120,"g":112,"i":120,"k":120,"m":114,"o":120,"b":114,"d":112,"f":120,"h":112,"j":120,"l":120,"n":114,"p":120}},{"type":"Feature","geometry":{"type":"Polygon","coordinates":[[[126.73574,37.69914],[126.7617,37.69914],[126.7617,37.72509],[126.73574,37.72509],[126.73574,37.69914]]]},"properties":{"row":20,"col":6,"walk_min":53.4,"nearest_station_id":"kr_424","nearest_station_name":"Daehwa","nearest_station_name_ko":"대화","a":120,"c":120,"e":120,"g":120,"i":120,"k":120,"m":120,"o":120,"b":120,"d":120,"f":120,"h":120,"j":120,"l":120,"n":120,"p":120}},{"type":"Feature","geometry":{"type":"Polygon","coordinates":[[[127.07318,37.75105],[127.09914,37.75105],[127.09914,37.77701],[127.07318,37.77701],[127.07318,37.75105]]]},"properties":{"row":22,"col":19,"walk_min":53.1,"nearest_station_id":"kr_092","nearest_station_name":"Yangju","nearest_station_name_ko":"양주","a":117,"c":115,"e":120,"g":115,"i":120,"k":120,"m":117,"o":120,"b":117,"d":115,"f":120,"h":115,"j":120,"l":120,"n":117,"p":120}},{"type":"Feature","geometry":{"type":"Polygon","coordinates":[[[126.99531,37.38765],[127.02126,37.38765],[127.02126,37.41361],[126.99531,37.41361],[126.99531,37.38765]]]},"properties":{"row":8,"col":16,"walk_min":49.0,"nearest_station_id":"kr_325","nearest_station_name":"Indeogwon","nearest_station_name_ko":"인덕원","a":91,"c":94,"e":82,"g":104,"i":71,"k":97,"m":108,"o":99,"b":91,"d":94,"f":82,"h":104,"j":71,"l":97,"n":108,"p":99}},{"type":"Feature","geometry":{"type":"Polygon","coordinates":[[[127.12509,37.33574],[127.15105,37.33574],[127.15105,37.3617],[127.12509,37.3617],[127.12509,37.33574]]]},"properties":{"row":6,"col":21,"walk_min":48.7,"nearest_station_id":"kr_172","nearest_station_name":"Migeum","nearest_station_name_ko":"미금","a":110,"c":112,"e":86,"g":110,"i":96,"k":101,"m":112,"o":118,"b":110,"d":112,"f":86,"h":110,"j":96,"l":101,"n":112,"p":118}},{"type":"Feature","geometry":{"type":"Polygon","coordinates":[[[127.22892,37.69914],[127.25488,37.69914],[127.25488,37.72509],[127.22892,37.72509],[127.22892,37.69914]]]},"properties":{"row":20,"col":25,"walk_min":47.9,"nearest_station_id":"kr_470","nearest_station_name":"Jinjeop","nearest_station_name_ko":"진접","a":116,"c":114,"e":120,"g":114,"i":120,"k":120,"m":120,"o":120,"b":116,"d":114,"f":120,"h":114,"j":120,"l":120,"n":120,"p":120}},{"type":"Feature","geometry":{"type":"Polygon","coordinates":[[[127.04722,37.33574],[127.07318,37.33574],[127.07318,37.3617],[127.04722,37.3617],[127.04722,37.33574]]]},"properties":{"row":6,"col":18,"walk_min":50.2,"nearest_station_id":"kr_202","nearest_station_name":"Dongcheon","nearest_station_name_ko":"동천","a":114,"c":116,"e":90,"g":114,"i":101,"k":105,"m":117,"o":120,"b":114,"d":116,"f":90,"h":114,"j":101,"l":105,"n":117,"p":120}},{"type":"Feature","geometry":{"type":"Polygon","coordinates":[[[126.83957,37.67318],[126.86552,37.67318],[126.86552,37.69914],[126.83957,37.69914],[126.83957,37.67318]]]},"properties":{"row":19,"col":10,"walk_min":59.5,"nearest_station_id":"kr_145","nearest_station_name":"Wondang","nearest_station_name_ko":"원당","a":106,"c":104,"e":120,"g":110,"i":120,"k":120,"m":120,"o":116,"b":106,"d":104,"f":120,"h":110,"j":120,"l":120,"n":120,"p":116}},{"type":"Feature","geometry":{"type":"Polygon","coordinates":[[[126.99531,37.77701],[127.02126,37.77701],[127.02126,37.80296],[126.99531,37.80296],[126.99531,37.77701]]]},"properties":{"row":23,"col":16,"walk_min":50.2,"nearest_station_id":"kr_092","nearest_station_name":"Yangju","nearest_station_name_ko":"양주","a":114,"c":112,"e":120,"g":112,"i":120,"k":120,"m":114,"o":120,"b":114,"d":112,"f":120,"h":112,"j":120,"l":120,"n":114,"p":120}},{"type":"Feature","geometry":{"type":"Polygon","coordinates":[[[127.07318,37.20596],[127.09914,37.20596],[127.09914,37.23191],[127.07318,37.23191],[127.07318,37.20596]]]},"properties":{"row":1,"col":19,"walk_min":57.0,"nearest_station_id":"kr_466","nearest_station_name":"Seodongtan","nearest_station_name_ko":"서동탄","a":120,"c":120,"e":120,"g":120,"i":120,"k":120,"m":120,"o":120,"b":120,"d":120,"f":120,"h":120,"j":120,"l":120,"n":120,"p":120}},{"type":"Feature","geometry":{"type":"Polygon","coordinates":[[[126.65787,37.41361],[126.68383,37.41361],[126.68383,37.43957],[126.65787,37.43957],[126.65787,37.41361]]]},"properties":{"row":9,"col":3,"walk_min":54.9,"nearest_station_id":"kr_248","nearest_station_name":"Juan","nearest_station_name_ko":"주안","a":112,"c":114,"e":120,"g":120,"i":117,"k":120,"m":120,"o":108,"b":112,"d":114,"f":120,"h":120,"j":117,"l":120,"n":120,"p":108}},{"type":"Feature","geometry":{"type":"Polygon","coordinates":[[[126.81361,37.67318],[126.83957,37.67318],[126.83957,37.69914],[126.81361,37.69914],[126.81361,37.67318]]]},"properties":{"row":19,"col":9,"walk_min":62.4,"nearest_station_id":"kr_145","nearest_station_name":"Wondang","nearest_station_name_ko":"원당","a":109,"c":107,"e":120,"g":113,"i":120,"k":120,"m":120,"o":118,"b":109,"d":107,"f":120,"h":113,"j":120,"l":120,"n":120,"p":118}},{"type":"Feature","geometry":{"type":"Polygon","coordinates":[[[127.07318,37.80296],[127.09914,37.80296],[127.09914,37.82892],[127.07318,37.82892],[127.07318,37.80296]]]},"properties":{"row":24,"col":19,"walk_min":59.5,"nearest_station_id":"kr_447","nearest_station_name":"Deokgye","nearest_station_name_ko":"덕계","a":120,"c":120,"e":120,"g":120,"i":120,"k":120,"m":120,"o":120,"b":120,"d":120,"f":120,"h":120,"j":120,"l":120,"n":120,"p":120}},{"type":"Feature","geometry":{"type":"Polygon","coordinates":[[[126.99531,37.30978],[127.02126,37.30978],[127.02126,37.33574],[126.99531,37.33574],[126.99531,37.30978]]]},"properties":{"row":5,"col":16,"walk_min":59.8,"nearest_station_id":"kr_444","nearest_station_name":"Gwanggyo","nearest_station_name_ko":"광교","a":120,"c":120,"e":119,"g":120,"i":120,"k":120,"m":120,"o":120,"b":120,"d":120,"f":119,"h":120,"j":120,"l":120,"n":120,"p":120}},{"type":"Feature","geometry":{"type":"Polygon","coordinates":[[[127.15105,37.72509],[127.17701,37.72509],[127.17701,37.75105],[127.15105,37.75105],[127.15105,37.72509]]]},"properties":{"row":21,"col":22,"walk_min":83.1,"nearest_station_id":"kr_470","nearest_station_name":"Jinjeop","nearest_station_name_ko":"진접","a":120,"c":120,"e":120,"g":120,"i":120,"k":120,"m":120,"o":120,"b":120,"d":120,"f":120,"h":120,"j":120,"l":120,"n":120,"p":120}},{"type":"Feature","geometry":{"type":"Polygon","coordinates":[[[126.68383,37.41361],[126.70978,37.41361],[126.70978,37.43957],[126.68383,37.43957],[126.68383,37.41361]]]},"properties":{"row":9,"col":4,"walk_min":54.6,"nearest_station_id":"kr_455","nearest_station_name":"Ganseok","nearest_station_name_ko":"간석","a":110,"c":113,"e":120,"g":120,"i":116,"k":120,"m":120,"o":107,"b":110,"d":113,"f":120,"h":120,"j":116,"l":120,"n":120,"p":107}},{"type":"Feature","geometry":{"type":"Polygon","coordinates":[[[126.68383,37.33574],[126.70978,37.33574],[126.70978,37.3617],[126.68383,37.3617],[126.68383,37.33574]]]},"properties":{"row":6,"col":4,"walk_min":56.7,"nearest_station_id":"kr_428","nearest_station_name":"Oido","nearest_station_name_ko":"오이도","a":120,"c":120,"e":120,"g":120,"i":120,"k":120,"m":120,"o":120,"b":120,"d":120,"f":120,"h":120,"j":120,"l":120,"n":120,"p":120}},{"type":"Feature","geometry":{"type":"Polygon","coordinates":[[[126.94339,37.64722],[126.96935,37.64722],[126.96935,37.67318],[126.94339,37.67318],[126.94339,37.64722]]]},"properties":{"row":18,"col":14,"walk_min":56.5,"nearest_station_id":"kr_104","nearest_station_name":"Jichuk","nearest_station_name_ko":"지축","a":90,"c":88,"e":108,"g":94,"i":110,"k":114,"m":104,"o":100,"b":90,"d":88,"f":108,"h":94,"j":110,"l":114,"n":104,"p":100}},{"type":"Feature","geometry":{"type":"Polygon","coordinates":[[[127.12509,37.30978],[127.15105,37.30978],[127.15105,37.33574],[127.12509,37.33574],[127.12509,37.30978]]]},"properties":{"row":5,"col":21,"walk_min":56.6,"nearest_station_id":"kr_202","nearest_station_name":"Dongcheon","nearest_station_name_ko":"동천","a":120,"c":120,"e":97,"g":120,"i":108,"k":112,"m":120,"o":120,"b":120,"d":120,"f":97,"h":120,"j":108,"l":112,"n":120,"p":120}},{"type":"Feature","geometry":{"type":"Polygon","coordinates":[[[126.96935,37.62126],[126.99531,37.62126],[126.99531,37.64722],[126.96935,37.64722],[126.96935,37.62126]]]},"properties":{"row":17,"col":15,"walk_min":53.4,"nearest_station_id":"kr_116","nearest_station_name":"Suyu (Gangbuk-gu Office)","nearest_station_name_ko":"수유(강북구청)","a":82,"c":80,"e":94,"g":80,"i":102,"k":101,"m":89,"o":91,"b":82,"d":80,"f":94,"h":80,"j":102,"l":101,"n":89,"p":91}},{"type":"Feature","geometry":{"type":"Polygon","coordinates":[[[126.86552,37.67318],[126.89148,37.67318],[126.89148,37.69914],[126.86552,37.69914],[126.86552,37.67318]]]},"properties":{"row":19,"col":11,"walk_min":61.0,"nearest_station_id":"kr_115","nearest_station_name":"Samsong","nearest_station_name_ko":"삼송","a":99,"c":96,"e":116,"g":103,"i":119,"k":120,"m":112,"o":108,"b":99,"d":96,"f":116,"h":103,"j":119,"l":120,"n":112,"p":108}},{"type":"Feature","geometry":{"type":"Polygon","coordinates":[[[126.68383,37.67318],[126.70978,37.67318],[126.70978,37.69914],[126.68383,37.69914],[126.68383,37.67318]]]},"properties":{"row":19,"col":4,"walk_min":62.2,"nearest_station_id":"kr_424","nearest_station_name":"Daehwa","nearest_station_name_ko":"대화","a":120,"c":120,"e":120,"g":120,"i":120,"k":120,"m":120,"o":120,"b":120,"d":120,"f":120,"h":120,"j":120,"l":120,"n":120,"p":120}},{"type":"Feature","geometry":{"type":"Polygon","coordinates":[[[126.91744,37.67318],[126.94339,37.67318],[126.94339,37.69914],[126.91744,37.69914],[126.91744,37.67318]]]},"properties":{"row":19,"col":13,"walk_min":61.6,"nearest_station_id":"kr_104","nearest_station_name":"Jichuk","nearest_station_name_ko":"지축","a":96,"c":94,"e":113,"g":100,"i":116,"k":120,"m":109,"o":105,"b":96,"d":94,"f":113,"h":100,"j":116,"l":120,"n":109,"p":105}},{"type":"Feature","geometry":{"type":"Polygon","coordinates":[[[127.17701,37.62126],[127.20296,37.62126],[127.20296,37.64722],[127.17701,37.64722],[127.17701,37.62126]]]},"properties":{"row":17,"col":23,"walk_min":61.4,"nearest_station_id":"kr_352","nearest_station_name":"Dasan","nearest_station_name_ko":"다산","a":117,"c":116,"e":109,"g":102,"i":120,"k":104,"m":111,"o":120,"b":117,"d":116,"f":109,"h":102,"j":120,"l":104,"n":111,"p":120}},{"type":"Feature","geometry":{"type":"Polygon","coordinates":[[[126.68383,37.3617],[126.70978,37.3617],[126.70978,37.38765],[126.68383,37.38765],[126.68383,37.3617]]]},"properties":{"row":7,"col":4,"walk_min":113.1,"nearest_station_id":"kr_428","nearest_station_name":"Oido","nearest_station_name_ko":"오이도","a":120,"c":120,"e":120,"g":120,"i":120,"k":120,"m":120,"o":120,"b":120,"d":120,"f":120,"h":120,"j":120,"l":120,"n":120,"p":120}},{"type":"Feature","geometry":{"type":"Polygon","coordinates":[[[126.7617,37.69914],[126.78765,37.69914],[126.78765,37.72509],[126.7617,37.72509],[126.7617,37.69914]]]},"properties":{"row":20,"col":7,"walk_min":62.4,"nearest_station_id":"kr_424","nearest_station_name":"Daehwa","nearest_station_name_ko":"대화","a":120,"c":120,"e":120,"g":120,"i":120,"k":120,"m":120,"o":120,"b":120,"d":120,"f":120,"h":120,"j":120,"l":120,"n":120,"p":120}},{"type":"Feature","geometry":{"type":"Polygon","coordinates":[[[126.70978,37.69914],[126.73574,37.69914],[126.73574,37.72509],[126.70978,37.72509],[126.70978,37.69914]]]},"properties":{"row":20,"col":5,"walk_min":60.3,"nearest_station_id":"kr_424","nearest_station_name":"Daehwa","nearest_station_name_ko":"대화","a":120,"c":120,"e":120,"g":120,"i":120,"k":120,"m":120,"o":120,"b":120,"d":120,"f":120,"h":120,"j":120,"l":120,"n":120,"p":120}},{"type":"Feature","geometry":{"type":"Polygon","coordinates":[[[127.02126,37.30978],[127.04722,37.30978],[127.04722,37.33574],[127.02126,37.33574],[127.02126,37.30978]]]},"properties":{"row":5,"col":17,"walk_min":58.2,"nearest_station_id":"kr_444","nearest_station_name":"Gwanggyo","nearest_station_name_ko":"광교","a":120,"c":120,"e":117,"g":120,"i":120,"k":120,"m":120,"o":120,"b":120,"d":120,"f":117,"h":120,"j":120,"l":120,"n":120,"p":120}},{"type":"Feature","geometry":{"type":"Polygon","coordinates":[[[127.17701,37.59531],[127.20296,37.59531],[127.20296,37.62126],[127.17701,37.62126],[127.17701,37.59531]]]},"properties":{"row":16,"col":23,"walk_min":57.5,"nearest_station_id":"kr_352","nearest_station_name":"Dasan","nearest_station_name_ko":"다산","a":114,"c":112,"e":106,"g":98,"i":116,"k":100,"m":108,"o":120,"b":114,"d":112,"f":106,"h":98,"j":116,"l":100,"n":108,"p":120}},{"type":"Feature","geometry":{"type":"Polygon","coordinates":[[[126.89148,37.67318],[126.91744,37.67318],[126.91744,37.69914],[126.89148,37.69914],[126.89148,37.67318]]]},"properties":{"row":19,"col":12,"walk_min":67.7,"nearest_station_id":"kr_115","nearest_station_name":"Samsong","nearest_station_name_ko":"삼송","a":106,"c":103,"e":120,"g":110,"i":120,"k":120,"m":119,"o":115,"b":106,"d":103,"f":120,"h":110,"j":120,"l":120,"n":119,"p":115}},{"type":"Feature","geometry":{"type":"Polygon","coordinates":[[[127.17701,37.49148],[127.20296,37.49148],[127.20296,37.51744],[127.17701,37.51744],[127.17701,37.49148]]]},"properties":{"row":12,"col":23,"walk_min":55.5,"nearest_station_id":"kr_440","nearest_station_name":"Macheon","nearest_station_name_ko":"마천","a":106,"c":106,"e":86,"g":92,"i":96,"k":80,"m":92,"o":116,"b":106,"d":106,"f":86,"h":92,"j":96,"l":80,"n":92,"p":116}},{"type":"Feature","geometry":{"type":"Polygon","coordinates":[[[127.15105,37.3617],[127.17701,37.3617],[127.17701,37.38765],[127.15105,37.38765],[127.15105,37.3617]]]},"properties":{"row":7,"col":22,"walk_min":65.2,"nearest_station_id":"kr_108","nearest_station_name":"Imae","nearest_station_name_ko":"이매","a":119,"c":120,"e":95,"g":119,"i":105,"k":110,"m":120,"o":120,"b":119,"d":120,"f":95,"h":119,"j":105,"l":110,"n":120,"p":120}},{"type":"Feature","geometry":{"type":"Polygon","coordinates":[[[127.04722,37.23191],[127.07318,37.23191],[127.07318,37.25787],[127.04722,37.25787],[127.04722,37.23191]]]},"properties":{"row":2,"col":18,"walk_min":57.1,"nearest_station_id":"kr_462","nearest_station_name":"Seryu","nearest_station_name_ko":"세류","a":120,"c":120,"e":120,"g":120,"i":120,"k":120,"m":120,"o":120,"b":120,"d":120,"f":120,"h":120,"j":120,"l":120,"n":120,"p":120}},{"type":"Feature","geometry":{"type":"Polygon","coordinates":[[[126.63191,37.41361],[126.65787,37.41361],[126.65787,37.43957],[126.63191,37.43957],[126.63191,37.41361]]]},"properties":{"row":9,"col":2,"walk_min":63.3,"nearest_station_id":"kr_379","nearest_station_name":"Jemulpo","nearest_station_name_ko":"제물포","a":120,"c":120,"e":120,"g":120,"i":120,"k":120,"m":120,"o":120,"b":120,"d":120,"f":120,"h":120,"j":120,"l":120,"n":120,"p":120}},{"type":"Feature","geometry":{"type":"Polygon","coordinates":[[[127.02126,37.38765],[127.04722,37.38765],[127.04722,37.41361],[127.02126,37.41361],[127.02126,37.38765]]]},"properties":{"row":8,"col":17,"walk_min":73.0,"nearest_station_id":"kr_346","nearest_station_name":"Seoul Grand park","nearest_station_name_ko":"대공원","a":105,"c":107,"e":95,"g":118,"i":85,"k":111,"m":120,"o":113,"b":105,"d":107,"f":95,"h":118,"j":85,"l":111,"n":120,"p":113}},{"type":"Feature","geometry":{"type":"Polygon","coordinates":[[[126.78765,37.3617],[126.81361,37.3617],[126.81361,37.38765],[126.78765,37.38765],[126.78765,37.3617]]]},"properties":{"row":7,"col":8,"walk_min":67.8,"nearest_station_id":"kr_427","nearest_station_name":"Singiloncheon","nearest_station_name_ko":"신길온천","a":120,"c":120,"e":120,"g":120,"i":120,"k":120,"m":120,"o":120,"b":120,"d":120,"f":120,"h":120,"j":120,"l":120,"n":120,"p":120}},{"type":"Feature","geometry":{"type":"Polygon","coordinates":[[[126.86552,37.33574],[126.89148,37.33574],[126.89148,37.3617],[126.86552,37.3617],[126.86552,37.33574]]]},"properties":{"row":6,"col":11,"walk_min":64.8,"nearest_station_id":"kr_423","nearest_station_name":"Daeyami","nearest_station_name_ko":"대야미","a":120,"c":120,"e":119,"g":120,"i":109,"k":120,"m":120,"o":120,"b":120,"d":120,"f":119,"h":120,"j":109,"l":120,"n":120,"p":120}},{"type":"Feature","geometry":{"type":"Polygon","coordinates":[[[126.91744,37.25787],[126.94339,37.25787],[126.94339,37.28383],[126.91744,37.28383],[126.91744,37.25787]]]},"properties":{"row":3,"col":13,"walk_min":68.9,"nearest_station_id":"kr_086","nearest_station_name":"Sungkyunkwan University","nearest_station_name_ko":"성균관대","a":120,"c":120,"e":120,"g":120,"i":118,"k":120,"m":120,"o":120,"b":120,"d":120,"f":120,"h":120,"j":118,"l":120,"n":120,"p":120}},{"type":"Feature","geometry":{"type":"Polygon","coordinates":[[[126.73574,37.28383],[126.7617,37.28383],[126.7617,37.30978],[126.73574,37.30978],[126.73574,37.28383]]]},"properties":{"row":4,"col":6,"walk_min":153.3,"nearest_station_id":"kr_427","nearest_station_name":"Singiloncheon","nearest_station_name_ko":"신길온천","a":120,"c":120,"e":120,"g":120,"i":120,"k":120,"m":120,"o":120,"b":120,"d":120,"f":120,"h":120,"j":120,"l":120,"n":120,"p":120}},{"type":"Feature","geometry":{"type":"Polygon","coordinates":[[[126.96935,37.64722],[126.99531,37.64722],[126.99531,37.67318],[126.96935,37.67318],[126.96935,37.64722]]]},"properties":{"row":18,"col":15,"walk_min":70.1,"nearest_station_id":"kr_116","nearest_station_name":"Suyu (Gangbuk-gu Office)","nearest_station_name_ko":"수유(강북구청)","a":99,"c":97,"e":111,"g":97,"i":119,"k":118,"m":106,"o":108,"b":99,"d":97,"f":111,"h":97,"j":119,"l":118,"n":106,"p":108}},{"type":"Feature","geometry":{"type":"Polygon","coordinates":[[[126.70978,37.41361],[126.73574,37.41361],[126.73574,37.43957],[126.70978,37.43957],[126.70978,37.41361]]]},"properties":{"row":9,"col":5,"walk_min":69.3,"nearest_station_id":"kr_455","nearest_station_name":"Ganseok","nearest_station_name_ko":"간석","a":120,"c":120,"e":120,"g":120,"i":120,"k":120,"m":120,"o":120,"b":120,"d":120,"f":120,"h":120,"j":120,"l":120,"n":120,"p":120}},{"type":"Feature","geometry":{"type":"Polygon","coordinates":[[[126.68383,37.30978],[126.70978,37.30978],[126.70978,37.33574],[126.68383,37.33574],[126.68383,37.30978]]]},"properties":{"row":5,"col":4,"walk_min":69.4,"nearest_station_id":"kr_351","nearest_station_name":"Jeongwang","nearest_station_name_ko":"정왕","a":120,"c":120,"e":120,"g":120,"i":120,"k":120,"m":120,"o":120,"b":120,"d":120,"f":120,"h":120,"j":120,"l":120,"n":120,"p":120}},{"type":"Feature","geometry":{"type":"Polygon","coordinates":[[[126.73574,37.38765],[126.7617,37.38765],[126.7617,37.41361],[126.73574,37.41361],[126.73574,37.38765]]]},"properties":{"row":8,"col":6,"walk_min":69.7,"nearest_station_id":"kr_428","nearest_station_name":"Oido","nearest_station_name_ko":"오이도","a":120,"c":120,"e":120,"g":120,"i":120,"k":120,"m":120,"o":120,"b":120,"d":120,"f":120,"h":120,"j":120,"l":120,"n":120,"p":120}},{"type":"Feature","geometry":{"type":"Polygon","coordinates":[[[127.09914,37.69914],[127.12509,37.69914],[127.12509,37.72509],[127.09914,37.72509],[127.09914,37.69914]]]},"properties":{"row":20,"col":20,"walk_min":67.5,"nearest_station_id":"kr_310","nearest_station_name":"Byeollaebyeolgaram","nearest_station_name_ko":"별내별가람","a":118,"c":116,"e":120,"g":116,"i":120,"k":120,"m":120,"o":120,"b":118,"d":116,"f":120,"h":116,"j":120,"l":120,"n":120,"p":120}},{"type":"Feature","geometry":{"type":"Polygon","coordinates":[[[126.70978,37.54339],[126.73574,37.54339],[126.73574,37.56935],[126.70978,37.56935],[126.70978,37.54339]]]},"properties":{"row":14,"col":5,"walk_min":68.2,"nearest_station_id":"kr_287","nearest_station_name":"Bupyeong-gu Office","nearest_station_name_ko":"부평구청","a":120,"c":120,"e":120,"g":120,"i":120,"k":120,"m":120,"o":118,"b":120,"d":120,"f":120,"h":120,"j":120,"l":120,"n":120,"p":118}},{"type":"Feature","geometry":{"type":"Polygon","coordinates":[[[126.60596,37.41361],[126.63191,37.41361],[126.63191,37.43957],[126.60596,37.43957],[126.60596,37.41361]]]},"properties":{"row":9,"col":1,"walk_min":69.4,"nearest_station_id":"kr_457","nearest_station_name":"Dowon","nearest_station_name_ko":"도원","a":120,"c":120,"e":120,"g":120,"i":120,"k":120,"m":120,"o":120,"b":120,"d":120,"f":120,"h":120,"j":120,"l":120,"n":120,"p":120}},{"type":"Feature","geometry":{"type":"Polygon","coordinates":[[[126.73574,37.54339],[126.7617,37.54339],[126.7617,37.56935],[126.73574,37.56935],[126.73574,37.54339]]]},"properties":{"row":14,"col":6,"walk_min":65.7,"nearest_station_id":"kr_189","nearest_station_name":"Gimpo Int'l Airport","nearest_station_name_ko":"김포공항","a":106,"c":104,"e":112,"g":118,"i":108,"k":120,"m":120,"o":93,"b":106,"d":104,"f":112,"h":118,"j":108,"l":120,"n":120,"p":93}},{"type":"Feature","geometry":{"type":"Polygon","coordinates":[[[126.99531,37.80296],[127.02126,37.80296],[127.02126,37.82892],[126.99531,37.82892],[126.99531,37.80296]]]},"properties":{"row":24,"col":16,"walk_min":81.6,"nearest_station_id":"kr_447","nearest_station_name":"Deokgye","nearest_station_name_ko":"덕계","a":120,"c":120,"e":120,"g":120,"i":120,"k":120,"m":120,"o":120,"b":120,"d":120,"f":120,"h":120,"j":120,"l":120,"n":120,"p":120}},{"type":"Feature","geometry":{"type":"Polygon","coordinates":[[[126.81361,37.25787],[126.83957,37.25787],[126.83957,37.28383],[126.81361,37.28383],[126.81361,37.25787]]]},"properties":{"row":3,"col":9,"walk_min":83.5,"nearest_station_id":"kr_425","nearest_station_name":"Hanyang University at Ansan","nearest_station_name_ko":"한대앞","a":120,"c":120,"e":120,"g":120,"i":120,"k":120,"m":120,"o":120,"b":120,"d":120,"f":120,"h":120,"j":120,"l":120,"n":120,"p":120}},{"type":"Feature","geometry":{"type":"Polygon","coordinates":[[[127.22892,37.67318],[127.25488,37.67318],[127.25488,37.69914],[127.22892,37.69914],[127.22892,37.67318]]]},"properties":{"row":19,"col":25,"walk_min":53.6,"nearest_station_id":"kr_361","nearest_station_name":"Onam","nearest_station_name_ko":"오남","a":118,"c":116,"e":120,"g":116,"i":120,"k":120,"m":120,"o":120,"b":118,"d":116,"f":120,"h":116,"j":120,"l":120,"n":120,"p":120}},{"type":"Feature","geometry":{"type":"Polygon","coordinates":[[[126.68383,37.54339],[126.70978,37.54339],[126.70978,37.56935],[126.68383,37.56935],[126.68383,37.54339]]]},"properties":{"row":14,"col":4,"walk_min":75.8,"nearest_station_id":"kr_258","nearest_station_name":"Sangok","nearest_station_name_ko":"산곡","a":120,"c":120,"e":120,"g":120,"i":120,"k":120,"m":120,"o":120,"b":120,"d":120,"f":120,"h":120,"j":120,"l":120,"n":120,"p":120}},{"type":"Feature","geometry":{"type":"Polygon","coordinates":[[[127.20296,37.64722],[127.22892,37.64722],[127.22892,37.67318],[127.20296,37.67318],[127.20296,37.64722]]]},"properties":{"row":18,"col":24,"walk_min":88.8,"nearest_station_id":"kr_361","nearest_station_name":"Onam","nearest_station_name_ko":"오남","a":120,"c":120,"e":120,"g":120,"i":120,"k":120,"m":120,"o":120,"b":120,"d":120,"f":120,"h":120,"j":120,"l":120,"n":120,"p":120}},{"type":"Feature","geometry":{"type":"Polygon","coordinates":[[[126.68383,37.64722],[126.70978,37.64722],[126.70978,37.67318],[126.68383,37.67318],[126.68383,37.64722]]]},"properties":{"row":18,"col":4,"walk_min":139.8,"nearest_station_id":"kr_424","nearest_station_name":"Daehwa","nearest_station_name_ko":"대화","a":120,"c":120,"e":120,"g":120,"i":120,"k":120,"m":120,"o":120,"b":120,"d":120,"f":120,"h":120,"j":120,"l":120,"n":120,"p":120}},{"type":"Feature","geometry":{"type":"Polygon","coordinates":[[[127.17701,37.64722],[127.20296,37.64722],[127.20296,37.67318],[127.17701,37.67318],[127.17701,37.64722]]]},"properties":{"row":18,"col":23,"walk_min":72.6,"nearest_station_id":"kr_361","nearest_station_name":"Onam","nearest_station_name_ko":"오남","a":120,"c":120,"e":120,"g":120,"i":120,"k":120,"m":120,"o":120,"b":120,"d":120,"f":120,"h":120,"j":120,"l":120,"n":120,"p":120}},{"type":"Feature","geometry":{"type":"Polygon","coordinates":[[[127.17701,37.3617],[127.20296,37.3617],[127.20296,37.38765],[127.17701,37.38765],[127.17701,37.3617]]]},"properties":{"row":7,"col":23,"walk_min":84.5,"nearest_station_id":"kr_237","nearest_station_name":"삼동","nearest_station_name_ko":"삼동","a":120,"c":120,"e":120,"g":120,"i":120,"k":120,"m":120,"o":120,"b":120,"d":120,"f":120,"h":120,"j":120,"l":120,"n":120,"p":120}},{"type":"Feature","geometry":{"type":"Polygon","coordinates":[[[126.73574,37.56935],[126.7617,37.56935],[126.7617,37.59531],[126.73574,37.59531],[126.73574,37.56935]]]},"properties":{"row":15,"col":6,"walk_min":77.9,"nearest_station_id":"kr_429","nearest_station_name":"Gaehwa","nearest_station_name_ko":"개화","a":120,"c":120,"e":120,"g":120,"i":120,"k":120,"m":120,"o":109,"b":120,"d":120,"f":120,"h":120,"j":120,"l":120,"n":120,"p":109}},{"type":"Feature","geometry":{"type":"Polygon","coordinates":[[[126.94339,37.23191],[126.96935,37.23191],[126.96935,37.25787],[126.94339,37.25787],[126.94339,37.23191]]]},"properties":{"row":2,"col":14,"walk_min":76.8,"nearest_station_id":"kr_043","nearest_station_name":"Suwon","nearest_station_name_ko":"수원","a":120,"c":120,"e":120,"g":120,"i":120,"k":120,"m":120,"o":120,"b":120,"d":120,"f":120,"h":120,"j":120,"l":120,"n":120,"p":120}},{"type":"Feature","geometry":{"type":"Polygon","coordinates":[[[127.22892,37.72509],[127.25488,37.72509],[127.25488,37.75105],[127.22892,37.75105],[127.22892,37.72509]]]},"properties":{"row":21,"col":25,"walk_min":55.6,"nearest_station_id":"kr_470","nearest_station_name":"Jinjeop","nearest_station_name_ko":"진접","a":120,"c":120,"e":120,"g":120,"i":120,"k":120,"m":120,"o":120,"b":120,"d":120,"f":120,"h":120,"j":120,"l":120,"n":120,"p":120}},{"type":"Feature","geometry":{"type":"Polygon","coordinates":[[[127.20296,37.75105],[127.22892,37.75105],[127.22892,37.77701],[127.20296,37.77701],[127.20296,37.75105]]]},"properties":{"row":22,"col":24,"walk_min":70.5,"nearest_station_id":"kr_470","nearest_station_name":"Jinjeop","nearest_station_name_ko":"진접","a":120,"c":120,"e":120,"g":120,"i":120,"k":120,"m":120,"o":120,"b":120,"d":120,"f":120,"h":120,"j":120,"l":120,"n":120,"p":120}},{"type":"Feature","geometry":{"type":"Polygon","coordinates":[[[126.58,37.43957],[126.60596,37.43957],[126.60596,37.46552],[126.58,37.46552],[126.58,37.43957]]]},"properties":{"row":10,"col":0,"walk_min":68.8,"nearest_station_id":"kr_458","nearest_station_name":"Incheon","nearest_station_name_ko":"인천","a":120,"c":120,"e":120,"g":120,"i":120,"k":120,"m":120,"o":120,"b":120,"d":120,"f":120,"h":120,"j":120,"l":120,"n":120,"p":120}},{"type":"Feature","geometry":{"type":"Polygon","coordinates":[[[126.81361,37.41361],[126.83957,37.41361],[126.83957,37.43957],[126.81361,37.43957],[126.81361,37.41361]]]},"properties":{"row":9,"col":9,"walk_min":79.1,"nearest_station_id":"kr_442","nearest_station_name":"Gwangmyeong","nearest_station_name_ko":"광명","a":114,"c":117,"e":120,"g":120,"i":120,"k":120,"m":120,"o":115,"b":103,"d":106,"f":120,"h":118,"j":120,"l":120,"n":120,"p":115}},{"type":"Feature","geometry":{"type":"Polygon","coordinates":[[[127.20296,37.3617],[127.22892,37.3617],[127.22892,37.38765],[127.20296,37.38765],[127.20296,37.3617]]]},"properties":{"row":7,"col":24,"walk_min":86.0,"nearest_station_id":"kr_237","nearest_station_name":"삼동","nearest_station_name_ko":"삼동","a":120,"c":120,"e":120,"g":120,"i":120,"k":120,"m":120,"o":120,"b":120,"d":120,"f":120,"h":120,"j":120,"l":120,"n":120,"p":120}},{"type":"Feature","geometry":{"type":"Polygon","coordinates":[[[127.04722,37.3617],[127.07318,37.3617],[127.07318,37.38765],[127.04722,37.38765],[127.04722,37.3617]]]},"properties":{"row":7,"col":18,"walk_min":72.8,"nearest_station_id":"kr_148","nearest_station_name":"Jeongja","nearest_station_name_ko":"정자","a":120,"c":120,"e":106,"g":120,"i":116,"k":120,"m":120,"o":120,"b":120,"d":120,"f":106,"h":120,"j":116,"l":120,"n":120,"p":120}},{"type":"Feature","geometry":{"type":"Polygon","coordinates":[[[126.70978,37.38765],[126.73574,37.38765],[126.73574,37.41361],[126.70978,37.41361],[126.70978,37.38765]]]},"properties":{"row":8,"col":5,"walk_min":97.6,"nearest_station_id":"kr_428","nearest_station_name":"Oido","nearest_station_name_ko":"오이도","a":120,"c":120,"e":120,"g":120,"i":120,"k":120,"m":120,"o":120,"b":120,"d":120,"f":120,"h":120,"j":120,"l":120,"n":120,"p":120}},{"type":"Feature","geometry":{"type":"Polygon","coordinates":[[[127.12509,37.69914],[127.15105,37.69914],[127.15105,37.72509],[127.12509,37.72509],[127.12509,37.69914]]]},"properties":{"row":20,"col":21,"walk_min":81.1,"nearest_station_id":"kr_361","nearest_station_name":"Onam","nearest_station_name_ko":"오남","a":120,"c":120,"e":120,"g":120,"i":120,"k":120,"m":120,"o":120,"b":120,"d":120,"f":120,"h":120,"j":120,"l":120,"n":120,"p":120}},{"type":"Feature","geometry":{"type":"Polygon","coordinates":[[[126.86552,37.3617],[126.89148,37.3617],[126.89148,37.38765],[126.86552,37.38765],[126.86552,37.3617]]]},"properties":{"row":7,"col":11,"walk_min":70.3,"nearest_station_id":"kr_442","nearest_station_name":"Gwangmyeong","nearest_station_name_ko":"광명","a":105,"c":108,"e":115,"g":119,"i":111,"k":120,"m":120,"o":106,"b":94,"d":97,"f":115,"h":109,"j":111,"l":120,"n":118,"p":106}},{"type":"Feature","geometry":{"type":"Polygon","coordinates":[[[127.17701,37.75105],[127.20296,37.75105],[127.20296,37.77701],[127.17701,37.77701],[127.17701,37.75105]]]},"properties":{"row":22,"col":23,"walk_min":75.3,"nearest_station_id":"kr_470","nearest_station_name":"Jinjeop","nearest_station_name_ko":"진접","a":120,"c":120,"e":120,"g":120,"i":120,"k":120,"m":120,"o":120,"b":120,"d":120,"f":120,"h":120,"j":120,"l":120,"n":120,"p":120}},{"type":"Feature","geometry":{"type":"Polygon","coordinates":[[[126.94339,37.67318],[126.96935,37.67318],[126.96935,37.69914],[126.94339,37.69914],[126.94339,37.67318]]]},"properties":{"row":19,"col":14,"walk_min":79.6,"nearest_station_id":"kr_104","nearest_station_name":"Jichuk","nearest_station_name_ko":"지축","a":114,"c":112,"e":120,"g":118,"i":120,"k":120,"m":120,"o":120,"b":114,"d":112,"f":120,"h":118,"j":120,"l":120,"n":120,"p":120}},{"type":"Feature","geometry":{"type":"Polygon","coordinates":[[[127.02126,37.33574],[127.04722,37.33574],[127.04722,37.3617],[127.02126,37.3617],[127.02126,37.33574]]]},"properties":{"row":6,"col":17,"walk_min":78.3,"nearest_station_id":"kr_444","nearest_station_name":"Gwanggyo","nearest_station_name_ko":"광교","a":120,"c":120,"e":120,"g":120,"i":120,"k":120,"m":120,"o":120,"b":120,"d":120,"f":120,"h":120,"j":120,"l":120,"n":120,"p":120}},{"type":"Feature","geometry":{"type":"Polygon","coordinates":[[[127.09914,37.18],[127.12509,37.18],[127.12509,37.20596],[127.09914,37.20596],[127.09914,37.18]]]},"properties":{"row":0,"col":20,"walk_min":73.8,"nearest_station_id":"kr_416","nearest_station_name":"Osan College","nearest_station_name_ko":"오산대","a":120,"c":120,"e":120,"g":120,"i":120,"k":120,"m":120,"o":120,"b":120,"d":120,"f":120,"h":120,"j":120,"l":120,"n":120,"p":120}},{"type":"Feature","geometry":{"type":"Polygon","coordinates":[[[127.20296,37.49148],[127.22892,37.49148],[127.22892,37.51744],[127.20296,37.51744],[127.20296,37.49148]]]},"properties":{"row":12,"col":24,"walk_min":80.7,"nearest_station_id":"kr_469","nearest_station_name":"Hanam Geomdansan","nearest_station_name_ko":"하남검단산","a":120,"c":120,"e":120,"g":120,"i":120,"k":120,"m":120,"o":120,"b":120,"d":120,"f":120,"h":120,"j":120,"l":120,"n":120,"p":120}},{"type":"Feature","geometry":{"type":"Polygon","coordinates":[[[127.20296,37.43957],[127.22892,37.43957],[127.22892,37.46552],[127.20296,37.46552],[127.20296,37.43957]]]},"properties":{"row":10,"col":24,"walk_min":72.7,"nearest_station_id":"kr_232","nearest_station_name":"Namhansanseong","nearest_station_name_ko":"남한산성입구","a":120,"c":120,"e":107,"g":120,"i":118,"k":102,"m":113,"o":120,"b":120,"d":120,"f":107,"h":120,"j":118,"l":102,"n":113,"p":120}},{"type":"Feature","geometry":{"type":"Polygon","coordinates":[[[126.78765,37.69914],[126.81361,37.69914],[126.81361,37.72509],[126.78765,37.72509],[126.78765,37.69914]]]},"properties":{"row":20,"col":8,"walk_min":87.0,"nearest_station_id":"kr_350","nearest_station_name":"Juyeop","nearest_station_name_ko":"주엽","a":120,"c":120,"e":120,"g":120,"i":120,"k":120,"m":120,"o":120,"b":120,"d":120,"f":120,"h":120,"j":120,"l":120,"n":120,"p":120}},{"type":"Feature","geometry":{"type":"Polygon","coordinates":[[[126.68383,37.69914],[126.70978,37.69914],[126.70978,37.72509],[126.68383,37.72509],[126.68383,37.69914]]]},"properties":{"row":20,"col":4,"walk_min":80.1,"nearest_station_id":"kr_424","nearest_station_name":"Daehwa","nearest_station_name_ko":"대화","a":120,"c":120,"e":120,"g":120,"i":120,"k":120,"m":120,"o":120,"b":120,"d":120,"f":120,"h":120,"j":120,"l":120,"n":120,"p":120}},{"type":"Feature","geometry":{"type":"Polygon","coordinates":[[[127.04722,37.38765],[127.07318,37.38765],[127.07318,37.41361],[127.04722,37.41361],[127.04722,37.38765]]]},"properties":{"row":8,"col":18,"walk_min":72.1,"nearest_station_id":"kr_041","nearest_station_name":"Pangyo","nearest_station_name_ko":"판교","a":120,"c":120,"e":99,"g":120,"i":109,"k":114,"m":120,"o":120,"b":120,"d":120,"f":99,"h":120,"j":109,"l":114,"n":120,"p":120}},{"type":"Feature","geometry":{"type":"Polygon","coordinates":[[[126.7617,37.59531],[126.78765,37.59531],[126.78765,37.62126],[126.7617,37.62126],[126.7617,37.59531]]]},"properties":{"row":16,"col":7,"walk_min":81.9,"nearest_station_id":"kr_429","nearest_station_name":"Gaehwa","nearest_station_name_ko":"개화","a":120,"c":120,"e":120,"g":120,"i":120,"k":120,"m":120,"o":113,"b":120,"d":120,"f":120,"h":120,"j":120,"l":120,"n":120,"p":113}},{"type":"Feature","geometry":{"type":"Polygon","coordinates":[[[126.83957,37.3617],[126.86552,37.3617],[126.86552,37.38765],[126.83957,37.38765],[126.83957,37.3617]]]},"properties":{"row":7,"col":10,"walk_min":81.2,"nearest_station_id":"kr_442","nearest_station_name":"Gwangmyeong","nearest_station_name_ko":"광명","a":116,"c":119,"e":120,"g":120,"i":120,"k":120,"m":120,"o":117,"b":105,"d":108,"f":120,"h":120,"j":120,"l":120,"n":120,"p":117}},{"type":"Feature","geometry":{"type":"Polygon","coordinates":[[[126.81361,37.38765],[126.83957,37.38765],[126.83957,37.41361],[126.81361,37.41361],[126.81361,37.38765]]]},"properties":{"row":8,"col":9,"walk_min":99.0,"nearest_station_id":"kr_442","nearest_station_name":"Gwangmyeong","nearest_station_name_ko":"광명","a":120,"c":120,"e":120,"g":120,"i":120,"k":120,"m":120,"o":120,"b":120,"d":120,"f":120,"h":120,"j":120,"l":120,"n":120,"p":120}},{"type":"Feature","geometry":{"type":"Polygon","coordinates":[[[126.78765,37.41361],[126.81361,37.41361],[126.81361,37.43957],[126.78765,37.43957],[126.78765,37.41361]]]},"properties":{"row":9,"col":8,"walk_min":83.8,"nearest_station_id":"kr_451","nearest_station_name":"Sosa","nearest_station_name_ko":"소사","a":119,"c":120,"e":120,"g":120,"i":120,"k":120,"m":120,"o":116,"b":119,"d":120,"f":120,"h":120,"j":120,"l":120,"n":120,"p":116}},{"type":"Feature","geometry":{"type":"Polygon","coordinates":[[[127.04722,37.15404],[127.07318,37.15404],[127.07318,37.18],[127.04722,37.18],[127.04722,37.15404]]]},"properties":{"row":-1,"col":18,"walk_min":64.6,"nearest_station_id":"kr_416","nearest_station_name":"Osan College","nearest_station_name_ko":"오산대","a":120,"c":120,"e":120,"g":120,"i":120,"k":120,"m":120,"o":120,"b":120,"d":120,"f":120,"h":120,"j":120,"l":120,"n":120,"p":120}},{"type":"Feature","geometry":{"type":"Polygon","coordinates":[[[127.12509,37.28383],[127.15105,37.28383],[127.15105,37.30978],[127.12509,37.30978],[127.12509,37.28383]]]},"properties":{"row":4,"col":21,"walk_min":78.3,"nearest_station_id":"kr_233","nearest_station_name":"Suji-gu Office","nearest_station_name_ko":"수지구청","a":120,"c":120,"e":120,"g":120,"i":120,"k":120,"m":120,"o":120,"b":120,"d":120,"f":120,"h":120,"j":120,"l":120,"n":120,"p":120}},{"type":"Feature","geometry":{"type":"Polygon","coordinates":[[[126.89148,37.25787],[126.91744,37.25787],[126.91744,37.28383],[126.89148,37.28383],[126.89148,37.25787]]]},"properties":{"row":3,"col":12,"walk_min":84.4,"nearest_station_id":"kr_415","nearest_station_name":"Banwol","nearest_station_name_ko":"반월","a":120,"c":120,"e":120,"g":120,"i":120,"k":120,"m":120,"o":120,"b":120,"d":120,"f":120,"h":120,"j":120,"l":120,"n":120,"p":120}},{"type":"Feature","geometry":{"type":"Polygon","coordinates":[[[126.63191,37.51744],[126.65787,37.51744],[126.65787,37.54339],[126.63191,37.54339],[126.63191,37.51744]]]},"properties":{"row":13,"col":2,"walk_min":81.3,"nearest_station_id":"kr_258","nearest_station_name":"Sangok","nearest_station_name_ko":"산곡","a":120,"c":120,"e":120,"g":120,"i":120,"k":120,"m":120,"o":120,"b":120,"d":120,"f":120,"h":120,"j":120,"l":120,"n":120,"p":120}},{"type":"Feature","geometry":{"type":"Polygon","coordinates":[[[127.09914,37.80296],[127.12509,37.80296],[127.12509,37.82892],[127.09914,37.82892],[127.09914,37.80296]]]},"properties":{"row":24,"col":20,"walk_min":83.9,"nearest_station_id":"kr_447","nearest_station_name":"Deokgye","nearest_station_name_ko":"덕계","a":120,"c":120,"e":120,"g":120,"i":120,"k":120,"m":120,"o":120,"b":120,"d":120,"f":120,"h":120,"j":120,"l":120,"n":120,"p":120}},{"type":"Feature","geometry":{"type":"Polygon","coordinates":[[[127.07318,37.23191],[127.09914,37.23191],[127.09914,37.25787],[127.07318,37.25787],[127.07318,37.23191]]]},"properties":{"row":2,"col":19,"walk_min":79.2,"nearest_station_id":"kr_357","nearest_station_name":"Gwanggyo Jungang","nearest_station_name_ko":"광교중앙","a":120,"c":120,"e":120,"g":120,"i":120,"k":120,"m":120,"o":120,"b":120,"d":120,"f":120,"h":120,"j":120,"l":120,"n":120,"p":120}},{"type":"Feature","geometry":{"type":"Polygon","coordinates":[[[127.09914,37.20596],[127.12509,37.20596],[127.12509,37.23191],[127.09914,37.23191],[127.09914,37.20596]]]},"properties":{"row":1,"col":20,"walk_min":83.8,"nearest_station_id":"kr_466","nearest_station_name":"Seodongtan","nearest_station_name_ko":"서동탄","a":120,"c":120,"e":120,"g":120,"i":120,"k":120,"m":120,"o":120,"b":120,"d":120,"f":120,"h":120,"j":120,"l":120,"n":120,"p":120}},{"type":"Feature","geometry":{"type":"Polygon","coordinates":[[[127.02126,37.3617],[127.04722,37.3617],[127.04722,37.38765],[127.02126,37.38765],[127.02126,37.3617]]]},"properties":{"row":7,"col":17,"walk_min":83.3,"nearest_station_id":"kr_325","nearest_station_name":"Indeogwon","nearest_station_name_ko":"인덕원","a":120,"c":120,"e":116,"g":120,"i":105,"k":120,"m":120,"o":120,"b":120,"d":120,"f":116,"h":120,"j":105,"l":120,"n":120,"p":120}},{"type":"Feature","geometry":{"type":"Polygon","coordinates":[[[126.96935,37.75105],[126.99531,37.75105],[126.99531,37.77701],[126.96935,37.77701],[126.96935,37.75105]]]},"properties":{"row":22,"col":15,"walk_min":83.9,"nearest_station_id":"kr_421","nearest_station_name":"Nogyang","nearest_station_name_ko":"녹양","a":120,"c":120,"e":120,"g":120,"i":120,"k":120,"m":120,"o":120,"b":120,"d":120,"f":120,"h":120,"j":120,"l":120,"n":120,"p":120}},{"type":"Feature","geometry":{"type":"Polygon","coordinates":[[[126.73574,37.41361],[126.7617,37.41361],[126.7617,37.43957],[126.73574,37.43957],[126.73574,37.41361]]]},"properties":{"row":9,"col":6,"walk_min":86.5,"nearest_station_id":"kr_378","nearest_station_name":"Dongam","nearest_station_name_ko":"동암","a":120,"c":120,"e":120,"g":120,"i":120,"k":120,"m":120,"o":120,"b":120,"d":120,"f":120,"h":120,"j":120,"l":120,"n":120,"p":120}},{"type":"Feature","geometry":{"type":"Polygon","coordinates":[[[127.20296,37.46552],[127.22892,37.46552],[127.22892,37.49148],[127.20296,37.49148],[127.20296,37.46552]]]},"properties":{"row":11,"col":24,"walk_min":80.7,"nearest_station_id":"kr_232","nearest_station_name":"Namhansanseong","nearest_station_name_ko":"남한산성입구","a":120,"c":120,"e":115,"g":120,"i":120,"k":110,"m":120,"o":120,"b":120,"d":120,"f":115,"h":120,"j":120,"l":110,"n":120,"p":120}},{"type":"Feature","geometry":{"type":"Polygon","coordinates":[[[126.96935,37.77701],[126.99531,37.77701],[126.99531,37.80296],[126.96935,37.80296],[126.96935,37.77701]]]},"properties":{"row":23,"col":15,"walk_min":80.0,"nearest_station_id":"kr_092","nearest_station_name":"Yangju","nearest_station_name_ko":"양주","a":120,"c":120,"e":120,"g":120,"i":120,"k":120,"m":120,"o":120,"b":120,"d":120,"f":120,"h":120,"j":120,"l":120,"n":120,"p":120}},{"type":"Feature","geometry":{"type":"Polygon","coordinates":[[[126.99531,37.33574],[127.02126,37.33574],[127.02126,37.3617],[126.99531,37.3617],[126.99531,37.33574]]]},"properties":{"row":6,"col":16,"walk_min":80.2,"nearest_station_id":"kr_072","nearest_station_name":"Gunpo","nearest_station_name_ko":"군포","a":120,"c":120,"e":120,"g":120,"i":116,"k":120,"m":120,"o":120,"b":120,"d":120,"f":120,"h":120,"j":116,"l":120,"n":120,"p":120}},{"type":"Feature","geometry":{"type":"Polygon","coordinates":[[[126.96935,37.67318],[126.99531,37.67318],[126.99531,37.69914],[126.96935,37.69914],[126.96935,37.67318]]]},"properties":{"row":19,"col":15,"walk_min":83.8,"nearest_station_id":"kr_410","nearest_station_name":"Dobong","nearest_station_name_ko":"도봉","a":120,"c":120,"e":120,"g":120,"i":120,"k":120,"m":120,"o":120,"b":120,"d":120,"f":120,"h":120,"j":120,"l":120,"n":120,"p":120}},{"type":"Feature","geometry":{"type":"Polygon","coordinates":[[[126.73574,37.59531],[126.7617,37.59531],[126.7617,37.62126],[126.73574,37.62126],[126.73574,37.59531]]]},"properties":{"row":16,"col":6,"walk_min":93.1,"nearest_station_id":"kr_228","nearest_station_name":"Baekseok","nearest_station_name_ko":"백석","a":120,"c":120,"e":120,"g":120,"i":120,"k":120,"m":120,"o":120,"b":120,"d":120,"f":120,"h":120,"j":120,"l":120,"n":120,"p":120}},{"type":"Feature","geometry":{"type":"Polygon","coordinates":[[[127.09914,37.77701],[127.12509,37.77701],[127.12509,37.80296],[127.09914,37.80296],[127.09914,37.77701]]]},"properties":{"row":23,"col":20,"walk_min":86.6,"nearest_station_id":"kr_447","nearest_station_name":"Deokgye","nearest_station_name_ko":"덕계","a":120,"c":120,"e":120,"g":120,"i":120,"k":120,"m":120,"o":120,"b":120,"d":120,"f":120,"h":120,"j":120,"l":120,"n":120,"p":120}},{"type":"Feature","geometry":{"type":"Polygon","coordinates":[[[127.09914,37.25787],[127.12509,37.25787],[127.12509,37.28383],[127.09914,37.28383],[127.09914,37.25787]]]},"properties":{"row":3,"col":20,"walk_min":84.1,"nearest_station_id":"kr_307","nearest_station_name":"Sanghyeon","nearest_station_name_ko":"상현","a":120,"c":120,"e":120,"g":120,"i":120,"k":120,"m":120,"o":120,"b":120,"d":120,"f":120,"h":120,"j":120,"l":120,"n":120,"p":120}},{"type":"Feature","geometry":{"type":"Polygon","coordinates":[[[126.96935,37.69914],[126.99531,37.69914],[126.99531,37.72509],[126.96935,37.72509],[126.96935,37.69914]]]},"properties":{"row":20,"col":15,"walk_min":84.9,"nearest_station_id":"kr_449","nearest_station_name":"Mangwolsa (Shinhan University)","nearest_station_name_ko":"망월사(신한대학교)","a":120,"c":120,"e":120,"g":120,"i":120,"k":120,"m":120,"o":120,"b":120,"d":120,"f":120,"h":120,"j":120,"l":120,"n":120,"p":120}},{"type":"Feature","geometry":{"type":"Polygon","coordinates":[[[127.09914,37.72509],[127.12509,37.72509],[127.12509,37.75105],[127.09914,37.75105],[127.09914,37.72509]]]},"properties":{"row":21,"col":20,"walk_min":88.6,"nearest_station_id":"kr_065","nearest_station_name":"Uijeongbu","nearest_station_name_ko":"의정부","a":120,"c":120,"e":120,"g":120,"i":120,"k":120,"m":120,"o":120,"b":120,"d":120,"f":120,"h":120,"j":120,"l":120,"n":120,"p":120}},{"type":"Feature","geometry":{"type":"Polygon","coordinates":[[[126.7617,37.41361],[126.78765,37.41361],[126.78765,37.43957],[126.7617,37.43957],[126.7617,37.41361]]]},"properties":{"row":9,"col":7,"walk_min":89.3,"nearest_station_id":"kr_060","nearest_station_name":"Bucheon","nearest_station_name_ko":"부천","a":120,"c":120,"e":120,"g":120,"i":120,"k":120,"m":120,"o":120,"b":120,"d":120,"f":120,"h":120,"j":120,"l":120,"n":120,"p":120}},{"type":"Feature","geometry":{"type":"Polygon","coordinates":[[[126.78765,37.25787],[126.81361,37.25787],[126.81361,37.28383],[126.78765,37.28383],[126.78765,37.25787]]]},"properties":{"row":3,"col":8,"walk_min":112.9,"nearest_station_id":"kr_426","nearest_station_name":"Gojan","nearest_station_name_ko":"고잔","a":120,"c":120,"e":120,"g":120,"i":120,"k":120,"m":120,"o":120,"b":120,"d":120,"f":120,"h":120,"j":120,"l":120,"n":120,"p":120}},{"type":"Feature","geometry":{"type":"Polygon","coordinates":[[[127.15105,37.33574],[127.17701,37.33574],[127.17701,37.3617],[127.15105,37.3617],[127.15105,37.33574]]]},"properties":{"row":6,"col":22,"walk_min":85.9,"nearest_station_id":"kr_172","nearest_station_name":"Migeum","nearest_station_name_ko":"미금","a":120,"c":120,"e":120,"g":120,"i":120,"k":120,"m":120,"o":120,"b":120,"d":120,"f":120,"h":120,"j":120,"l":120,"n":120,"p":120}},{"type":"Feature","geometry":{"type":"Polygon","coordinates":[[[126.65787,37.54339],[126.68383,37.54339],[126.68383,37.56935],[126.65787,37.56935],[126.65787,37.54339]]]},"properties":{"row":14,"col":3,"walk_min":89.2,"nearest_station_id":"kr_258","nearest_station_name":"Sangok","nearest_station_name_ko":"산곡","a":120,"c":120,"e":120,"g":120,"i":120,"k":120,"m":120,"o":120,"b":120,"d":120,"f":120,"h":120,"j":120,"l":120,"n":120,"p":120}},{"type":"Feature","geometry":{"type":"Polygon","coordinates":[[[126.81361,37.3617],[126.83957,37.3617],[126.83957,37.38765],[126.81361,37.38765],[126.81361,37.3617]]]},"properties":{"row":7,"col":9,"walk_min":85.8,"nearest_station_id":"kr_263","nearest_station_name":"Ansan","nearest_station_name_ko":"안산","a":120,"c":120,"e":120,"g":120,"i":120,"k":120,"m":120,"o":120,"b":120,"d":120,"f":120,"h":120,"j":120,"l":120,"n":120,"p":120}},{"type":"Feature","geometry":{"type":"Polygon","coordinates":[[[126.7617,37.38765],[126.78765,37.38765],[126.78765,37.41361],[126.7617,37.41361],[126.7617,37.38765]]]},"properties":{"row":8,"col":7,"walk_min":110.0,"nearest_station_id":"kr_428","nearest_station_name":"Oido","nearest_station_name_ko":"오이도","a":120,"c":120,"e":120,"g":120,"i":120,"k":120,"m":120,"o":120,"b":120,"d":120,"f":120,"h":120,"j":120,"l":120,"n":120,"p":120}},{"type":"Feature","geometry":{"type":"Polygon","coordinates":[[[126.96935,37.18],[126.99531,37.18],[126.99531,37.20596],[126.96935,37.20596],[126.96935,37.18]]]},"properties":{"row":0,"col":15,"walk_min":90.4,"nearest_station_id":"kr_047","nearest_station_name":"Byeongjeom","nearest_station_name_ko":"병점","a":120,"c":120,"e":120,"g":120,"i":120,"k":120,"m":120,"o":120,"b":120,"d":120,"f":120,"h":120,"j":120,"l":120,"n":120,"p":120}},{"type":"Feature","geometry":{"type":"Polygon","coordinates":[[[126.96935,37.72509],[126.99531,37.72509],[126.99531,37.75105],[126.96935,37.75105],[126.96935,37.72509]]]},"properties":{"row":21,"col":15,"walk_min":94.6,"nearest_station_id":"kr_448","nearest_station_name":"Ganeung","nearest_station_name_ko":"가능","a":120,"c":120,"e":120,"g":120,"i":120,"k":120,"m":120,"o":120,"b":120,"d":120,"f":120,"h":120,"j":120,"l":120,"n":120,"p":120}},{"type":"Feature","geometry":{"type":"Polygon","coordinates":[[[127.15105,37.30978],[127.17701,37.30978],[127.17701,37.33574],[127.15105,37.33574],[127.15105,37.30978]]]},"properties":{"row":5,"col":22,"walk_min":99.0,"nearest_station_id":"kr_202","nearest_station_name":"Dongcheon","nearest_station_name_ko":"동천","a":120,"c":120,"e":120,"g":120,"i":120,"k":120,"m":120,"o":120,"b":120,"d":120,"f":120,"h":120,"j":120,"l":120,"n":120,"p":120}},{"type":"Feature","geometry":{"type":"Polygon","coordinates":[[[127.20296,37.59531],[127.22892,37.59531],[127.22892,37.62126],[127.20296,37.62126],[127.20296,37.59531]]]},"properties":{"row":16,"col":24,"walk_min":92.8,"nearest_station_id":"kr_331","nearest_station_name":"Misa","nearest_station_name_ko":"미사","a":120,"c":120,"e":120,"g":120,"i":120,"k":120,"m":120,"o":120,"b":120,"d":120,"f":120,"h":120,"j":120,"l":120,"n":120,"p":120}},{"type":"Feature","geometry":{"type":"Polygon","coordinates":[[[126.65787,37.38765],[126.68383,37.38765],[126.68383,37.41361],[126.65787,37.41361],[126.65787,37.38765]]]},"properties":{"row":8,"col":3,"walk_min":93.2,"nearest_station_id":"kr_248","nearest_station_name":"Juan","nearest_station_name_ko":"주안","a":120,"c":120,"e":120,"g":120,"i":120,"k":120,"m":120,"o":120,"b":120,"d":120,"f":120,"h":120,"j":120,"l":120,"n":120,"p":120}},{"type":"Feature","geometry":{"type":"Polygon","coordinates":[[[126.70978,37.28383],[126.73574,37.28383],[126.73574,37.30978],[126.70978,37.30978],[126.70978,37.28383]]]},"properties":{"row":4,"col":5,"walk_min":84.4,"nearest_station_id":"kr_427","nearest_station_name":"Singiloncheon","nearest_station_name_ko":"신길온천","a":120,"c":120,"e":120,"g":120,"i":120,"k":120,"m":120,"o":120,"b":120,"d":120,"f":120,"h":120,"j":120,"l":120,"n":120,"p":120}},{"type":"Feature","geometry":{"type":"Polygon","coordinates":[[[127.09914,37.75105],[127.12509,37.75105],[127.12509,37.77701],[127.09914,37.77701],[127.09914,37.75105]]]},"properties":{"row":22,"col":20,"walk_min":91.7,"nearest_station_id":"kr_092","nearest_station_name":"Yangju","nearest_station_name_ko":"양주","a":120,"c":120,"e":120,"g":120,"i":120,"k":120,"m":120,"o":120,"b":120,"d":120,"f":120,"h":120,"j":120,"l":120,"n":120,"p":120}},{"type":"Feature","geometry":{"type":"Polygon","coordinates":[[[126.68383,37.38765],[126.70978,37.38765],[126.70978,37.41361],[126.68383,37.41361],[126.68383,37.38765]]]},"properties":{"row":8,"col":4,"walk_min":96.8,"nearest_station_id":"kr_428","nearest_station_name":"Oido","nearest_station_name_ko":"오이도","a":120,"c":120,"e":120,"g":120,"i":120,"k":120,"m":120,"o":120,"b":120,"d":120,"f":120,"h":120,"j":120,"l":120,"n":120,"p":120}},{"type":"Feature","geometry":{"type":"Polygon","coordinates":[[[127.22892,37.41361],[127.25488,37.41361],[127.25488,37.43957],[127.22892,37.43957],[127.22892,37.41361]]]},"properties":{"row":9,"col":25,"walk_min":77.9,"nearest_station_id":"kr_149","nearest_station_name":"경기광주","nearest_station_name_ko":"경기광주","a":120,"c":120,"e":120,"g":120,"i":120,"k":120,"m":120,"o":120,"b":120,"d":120,"f":120,"h":120,"j":120,"l":120,"n":120,"p":120}},{"type":"Feature","geometry":{"type":"Polygon","coordinates":[[[126.73574,37.72509],[126.7617,37.72509],[126.7617,37.75105],[126.73574,37.75105],[126.73574,37.72509]]]},"properties":{"row":21,"col":6,"walk_min":93.5,"nearest_station_id":"kr_424","nearest_station_name":"Daehwa","nearest_station_name_ko":"대화","a":120,"c":120,"e":120,"g":120,"i":120,"k":120,"m":120,"o":120,"b":120,"d":120,"f":120,"h":120,"j":120,"l":120,"n":120,"p":120}},{"type":"Feature","geometry":{"type":"Polygon","coordinates":[[[126.7617,37.72509],[126.78765,37.72509],[126.78765,37.75105],[126.7617,37.75105],[126.7617,37.72509]]]},"properties":{"row":21,"col":7,"walk_min":99.7,"nearest_station_id":"kr_424","nearest_station_name":"Daehwa","nearest_station_name_ko":"대화","a":120,"c":120,"e":120,"g":120,"i":120,"k":120,"m":120,"o":120,"b":120,"d":120,"f":120,"h":120,"j":120,"l":120,"n":120,"p":120}},{"type":"Feature","geometry":{"type":"Polygon","coordinates":[[[126.96935,37.80296],[126.99531,37.80296],[126.99531,37.82892],[126.96935,37.82892],[126.96935,37.80296]]]},"properties":{"row":24,"col":15,"walk_min":96.0,"nearest_station_id":"kr_447","nearest_station_name":"Deokgye","nearest_station_name_ko":"덕계","a":120,"c":120,"e":120,"g":120,"i":120,"k":120,"m":120,"o":120,"b":120,"d":120,"f":120,"h":120,"j":120,"l":120,"n":120,"p":120}},{"type":"Feature","geometry":{"type":"Polygon","coordinates":[[[126.65787,37.67318],[126.68383,37.67318],[126.68383,37.69914],[126.65787,37.69914],[126.65787,37.67318]]]},"properties":{"row":19,"col":3,"walk_min":170.5,"nearest_station_id":"kr_424","nearest_station_name":"Daehwa","nearest_station_name_ko":"대화","a":120,"c":120,"e":120,"g":120,"i":120,"k":120,"m":120,"o":120,"b":120,"d":120,"f":120,"h":120,"j":120,"l":120,"n":120,"p":120}},{"type":"Feature","geometry":{"type":"Polygon","coordinates":[[[126.91744,37.23191],[126.94339,37.23191],[126.94339,37.25787],[126.91744,37.25787],[126.91744,37.23191]]]},"properties":{"row":2,"col":13,"walk_min":98.5,"nearest_station_id":"kr_043","nearest_station_name":"Suwon","nearest_station_name_ko":"수원","a":120,"c":120,"e":120,"g":120,"i":120,"k":120,"m":120,"o":120,"b":120,"d":120,"f":120,"h":120,"j":120,"l":120,"n":120,"p":120}},{"type":"Feature","geometry":{"type":"Polygon","coordinates":[[[126.96935,37.20596],[126.99531,37.20596],[126.99531,37.23191],[126.96935,37.23191],[126.96935,37.20596]]]},"properties":{"row":1,"col":15,"walk_min":90.6,"nearest_station_id":"kr_462","nearest_station_name":"Seryu","nearest_station_name_ko":"세류","a":120,"c":120,"e":120,"g":120,"i":120,"k":120,"m":120,"o":120,"b":120,"d":120,"f":120,"h":120,"j":120,"l":120,"n":120,"p":120}},{"type":"Feature","geometry":{"type":"Polygon","coordinates":[[[126.83957,37.69914],[126.86552,37.69914],[126.86552,37.72509],[126.83957,37.72509],[126.83957,37.69914]]]},"properties":{"row":20,"col":10,"walk_min":122.9,"nearest_station_id":"kr_145","nearest_station_name":"Wondang","nearest_station_name_ko":"원당","a":120,"c":120,"e":120,"g":120,"i":120,"k":120,"m":120,"o":120,"b":120,"d":120,"f":120,"h":120,"j":120,"l":120,"n":120,"p":120}},{"type":"Feature","geometry":{"type":"Polygon","coordinates":[[[126.58,37.41361],[126.60596,37.41361],[126.60596,37.43957],[126.58,37.43957],[126.58,37.41361]]]},"properties":{"row":9,"col":0,"walk_min":92.7,"nearest_station_id":"kr_458","nearest_station_name":"Incheon","nearest_station_name_ko":"인천","a":120,"c":120,"e":120,"g":120,"i":120,"k":120,"m":120,"o":120,"b":120,"d":120,"f":120,"h":120,"j":120,"l":120,"n":120,"p":120}},{"type":"Feature","geometry":{"type":"Polygon","coordinates":[[[126.91744,37.69914],[126.94339,37.69914],[126.94339,37.72509],[126.91744,37.72509],[126.91744,37.69914]]]},"properties":{"row":20,"col":13,"walk_min":99.7,"nearest_station_id":"kr_115","nearest_station_name":"Samsong","nearest_station_name_ko":"삼송","a":120,"c":120,"e":120,"g":120,"i":120,"k":120,"m":120,"o":120,"b":120,"d":120,"f":120,"h":120,"j":120,"l":120,"n":120,"p":120}},{"type":"Feature","geometry":{"type":"Polygon","coordinates":[[[126.78765,37.38765],[126.81361,37.38765],[126.81361,37.41361],[126.78765,37.41361],[126.78765,37.38765]]]},"properties":{"row":8,"col":8,"walk_min":104.9,"nearest_station_id":"kr_428","nearest_station_name":"Oido","nearest_station_name_ko":"오이도","a":120,"c":120,"e":120,"g":120,"i":120,"k":120,"m":120,"o":120,"b":120,"d":120,"f":120,"h":120,"j":120,"l":120,"n":120,"p":120}},{"type":"Feature","geometry":{"type":"Polygon","coordinates":[[[126.70978,37.72509],[126.73574,37.72509],[126.73574,37.75105],[126.70978,37.75105],[126.70978,37.72509]]]},"properties":{"row":21,"col":5,"walk_min":99.9,"nearest_station_id":"kr_424","nearest_station_name":"Daehwa","nearest_station_name_ko":"대화","a":120,"c":120,"e":120,"g":120,"i":120,"k":120,"m":120,"o":120,"b":120,"d":120,"f":120,"h":120,"j":120,"l":120,"n":120,"p":120}},{"type":"Feature","geometry":{"type":"Polygon","coordinates":[[[126.60596,37.51744],[126.63191,37.51744],[126.63191,37.54339],[126.60596,37.54339],[126.60596,37.51744]]]},"properties":{"row":13,"col":1,"walk_min":105.2,"nearest_station_id":"kr_458","nearest_station_name":"Incheon","nearest_station_name_ko":"인천","a":120,"c":120,"e":120,"g":120,"i":120,"k":120,"m":120,"o":120,"b":120,"d":120,"f":120,"h":120,"j":120,"l":120,"n":120,"p":120}},{"type":"Feature","geometry":{"type":"Polygon","coordinates":[[[126.63191,37.38765],[126.65787,37.38765],[126.65787,37.41361],[126.63191,37.41361],[126.63191,37.38765]]]},"properties":{"row":8,"col":2,"walk_min":101.9,"nearest_station_id":"kr_379","nearest_station_name":"Jemulpo","nearest_station_name_ko":"제물포","a":120,"c":120,"e":120,"g":120,"i":120,"k":120,"m":120,"o":120,"b":120,"d":120,"f":120,"h":120,"j":120,"l":120,"n":120,"p":120}},{"type":"Feature","geometry":{"type":"Polygon","coordinates":[[[127.20296,37.62126],[127.22892,37.62126],[127.22892,37.64722],[127.20296,37.64722],[127.20296,37.62126]]]},"properties":{"row":17,"col":24,"walk_min":98.1,"nearest_station_id":"kr_352","nearest_station_name":"Dasan","nearest_station_name_ko":"다산","a":120,"c":120,"e":120,"g":120,"i":120,"k":120,"m":120,"o":120,"b":120,"d":120,"f":120,"h":120,"j":120,"l":120,"n":120,"p":120}},{"type":"Feature","geometry":{"type":"Polygon","coordinates":[[[126.65787,37.30978],[126.68383,37.30978],[126.68383,37.33574],[126.65787,37.33574],[126.65787,37.30978]]]},"properties":{"row":5,"col":3,"walk_min":105.0,"nearest_station_id":"kr_351","nearest_station_name":"Jeongwang","nearest_station_name_ko":"정왕","a":120,"c":120,"e":120,"g":120,"i":120,"k":120,"m":120,"o":120,"b":120,"d":120,"f":120,"h":120,"j":120,"l":120,"n":120,"p":120}},{"type":"Feature","geometry":{"type":"Polygon","coordinates":[[[127.12509,37.72509],[127.15105,37.72509],[127.15105,37.75105],[127.12509,37.75105],[127.12509,37.72509]]]},"properties":{"row":21,"col":21,"walk_min":106.8,"nearest_station_id":"kr_361","nearest_station_name":"Onam","nearest_station_name_ko":"오남","a":120,"c":120,"e":120,"g":120,"i":120,"k":120,"m":120,"o":120,"b":120,"d":120,"f":120,"h":120,"j":120,"l":120,"n":120,"p":120}},{"type":"Feature","geometry":{"type":"Polygon","coordinates":[[[126.81361,37.69914],[126.83957,37.69914],[126.83957,37.72509],[126.81361,37.72509],[126.81361,37.69914]]]},"properties":{"row":20,"col":9,"walk_min":103.0,"nearest_station_id":"kr_145","nearest_station_name":"Wondang","nearest_station_name_ko":"원당","a":120,"c":120,"e":120,"g":120,"i":120,"k":120,"m":120,"o":120,"b":120,"d":120,"f":120,"h":120,"j":120,"l":120,"n":120,"p":120}},{"type":"Feature","geometry":{"type":"Polygon","coordinates":[[[126.65787,37.69914],[126.68383,37.69914],[126.68383,37.72509],[126.65787,37.72509],[126.65787,37.69914]]]},"properties":{"row":20,"col":3,"walk_min":231.6,"nearest_station_id":"kr_424","nearest_station_name":"Daehwa","nearest_station_name_ko":"대화","a":120,"c":120,"e":120,"g":120,"i":120,"k":120,"m":120,"o":120,"b":120,"d":120,"f":120,"h":120,"j":120,"l":120,"n":120,"p":120}},{"type":"Feature","geometry":{"type":"Polygon","coordinates":[[[127.12509,37.25787],[127.15105,37.25787],[127.15105,37.28383],[127.12509,37.28383],[127.12509,37.25787]]]},"properties":{"row":3,"col":21,"walk_min":106.3,"nearest_station_id":"kr_307","nearest_station_name":"Sanghyeon","nearest_station_name_ko":"상현","a":120,"c":120,"e":120,"g":120,"i":120,"k":120,"m":120,"o":120,"b":120,"d":120,"f":120,"h":120,"j":120,"l":120,"n":120,"p":120}},{"type":"Feature","geometry":{"type":"Polygon","coordinates":[[[126.86552,37.23191],[126.89148,37.23191],[126.89148,37.25787],[126.86552,37.25787],[126.86552,37.23191]]]},"properties":{"row":2,"col":11,"walk_min":108.7,"nearest_station_id":"kr_114","nearest_station_name":"Sangnoksu","nearest_station_name_ko":"상록수","a":120,"c":120,"e":120,"g":120,"i":120,"k":120,"m":120,"o":120,"b":120,"d":120,"f":120,"h":120,"j":120,"l":120,"n":120,"p":120}},{"type":"Feature","geometry":{"type":"Polygon","coordinates":[[[127.09914,37.23191],[127.12509,37.23191],[127.12509,37.25787],[127.09914,37.25787],[127.09914,37.23191]]]},"properties":{"row":2,"col":20,"walk_min":104.0,"nearest_station_id":"kr_307","nearest_station_name":"Sanghyeon","nearest_station_name_ko":"상현","a":120,"c":120,"e":120,"g":120,"i":120,"k":120,"m":120,"o":120,"b":120,"d":120,"f":120,"h":120,"j":120,"l":120,"n":120,"p":120}},{"type":"Feature","geometry":{"type":"Polygon","coordinates":[[[126.60596,37.38765],[126.63191,37.38765],[126.63191,37.41361],[126.60596,37.41361],[126.60596,37.38765]]]},"properties":{"row":8,"col":1,"walk_min":105.1,"nearest_station_id":"kr_457","nearest_station_name":"Dowon","nearest_station_name_ko":"도원","a":120,"c":120,"e":120,"g":120,"i":120,"k":120,"m":120,"o":120,"b":120,"d":120,"f":120,"h":120,"j":120,"l":120,"n":120,"p":120}},{"type":"Feature","geometry":{"type":"Polygon","coordinates":[[[126.89148,37.69914],[126.91744,37.69914],[126.91744,37.72509],[126.89148,37.72509],[126.89148,37.69914]]]},"properties":{"row":20,"col":12,"walk_min":111.3,"nearest_station_id":"kr_115","nearest_station_name":"Samsong","nearest_station_name_ko":"삼송","a":120,"c":120,"e":120,"g":120,"i":120,"k":120,"m":120,"o":120,"b":120,"d":120,"f":120,"h":120,"j":120,"l":120,"n":120,"p":120}},{"type":"Feature","geometry":{"type":"Polygon","coordinates":[[[126.68383,37.72509],[126.70978,37.72509],[126.70978,37.75105],[126.68383,37.75105],[126.68383,37.72509]]]},"properties":{"row":21,"col":4,"walk_min":113.6,"nearest_station_id":"kr_424","nearest_station_name":"Daehwa","nearest_station_name_ko":"대화","a":120,"c":120,"e":120,"g":120,"i":120,"k":120,"m":120,"o":120,"b":120,"d":120,"f":120,"h":120,"j":120,"l":120,"n":120,"p":120}},{"type":"Feature","geometry":{"type":"Polygon","coordinates":[[[126.89148,37.23191],[126.91744,37.23191],[126.91744,37.25787],[126.89148,37.25787],[126.89148,37.23191]]]},"properties":{"row":2,"col":12,"walk_min":114.0,"nearest_station_id":"kr_114","nearest_station_name":"Sangnoksu","nearest_station_name_ko":"상록수","a":120,"c":120,"e":120,"g":120,"i":120,"k":120,"m":120,"o":120,"b":120,"d":120,"f":120,"h":120,"j":120,"l":120,"n":120,"p":120}},{"type":"Feature","geometry":{"type":"Polygon","coordinates":[[[127.22892,37.43957],[127.25488,37.43957],[127.25488,37.46552],[127.22892,37.46552],[127.22892,37.43957]]]},"properties":{"row":10,"col":25,"walk_min":104.3,"nearest_station_id":"kr_236","nearest_station_name":"Samdong","nearest_station_name_ko":"삼동","a":120,"c":120,"e":120,"g":120,"i":120,"k":120,"m":120,"o":120,"b":120,"d":120,"f":120,"h":120,"j":120,"l":120,"n":120,"p":120}},{"type":"Feature","geometry":{"type":"Polygon","coordinates":[[[127.22892,37.3617],[127.25488,37.3617],[127.25488,37.38765],[127.22892,37.38765],[127.22892,37.3617]]]},"properties":{"row":7,"col":25,"walk_min":95.8,"nearest_station_id":"kr_149","nearest_station_name":"경기광주","nearest_station_name_ko":"경기광주","a":120,"c":120,"e":120,"g":120,"i":120,"k":120,"m":120,"o":120,"b":120,"d":120,"f":120,"h":120,"j":120,"l":120,"n":120,"p":120}},{"type":"Feature","geometry":{"type":"Polygon","coordinates":[[[127.04722,37.82892],[127.07318,37.82892],[127.07318,37.85488],[127.04722,37.85488],[127.04722,37.82892]]]},"properties":{"row":25,"col":18,"walk_min":93.5,"nearest_station_id":"kr_119","nearest_station_name":"Deokjeong (Seojeong College)","nearest_station_name_ko":"덕정(서정대학)","a":120,"c":120,"e":120,"g":120,"i":120,"k":120,"m":120,"o":120,"b":120,"d":120,"f":120,"h":120,"j":120,"l":120,"n":120,"p":120}},{"type":"Feature","geometry":{"type":"Polygon","coordinates":[[[126.70978,37.56935],[126.73574,37.56935],[126.73574,37.59531],[126.70978,37.59531],[126.70978,37.56935]]]},"properties":{"row":15,"col":5,"walk_min":106.4,"nearest_station_id":"kr_429","nearest_station_name":"Gaehwa","nearest_station_name_ko":"개화","a":120,"c":120,"e":120,"g":120,"i":120,"k":120,"m":120,"o":120,"b":120,"d":120,"f":120,"h":120,"j":120,"l":120,"n":120,"p":120}},{"type":"Feature","geometry":{"type":"Polygon","coordinates":[[[127.12509,37.18],[127.15105,37.18],[127.15105,37.20596],[127.12509,37.20596],[127.12509,37.18]]]},"properties":{"row":0,"col":21,"walk_min":110.2,"nearest_station_id":"kr_416","nearest_station_name":"Osan College","nearest_station_name_ko":"오산대","a":120,"c":120,"e":120,"g":120,"i":120,"k":120,"m":120,"o":120,"b":120,"d":120,"f":120,"h":120,"j":120,"l":120,"n":120,"p":120}},{"type":"Feature","geometry":{"type":"Polygon","coordinates":[[[126.86552,37.69914],[126.89148,37.69914],[126.89148,37.72509],[126.86552,37.72509],[126.86552,37.69914]]]},"properties":{"row":20,"col":11,"walk_min":112.6,"nearest_station_id":"kr_115","nearest_station_name":"Samsong","nearest_station_name_ko":"삼송","a":120,"c":120,"e":120,"g":120,"i":120,"k":120,"m":120,"o":120,"b":120,"d":120,"f":120,"h":120,"j":120,"l":120,"n":120,"p":120}},{"type":"Feature","geometry":{"type":"Polygon","coordinates":[[[127.15105,37.75105],[127.17701,37.75105],[127.17701,37.77701],[127.15105,37.77701],[127.15105,37.75105]]]},"properties":{"row":22,"col":22,"walk_min":111.5,"nearest_station_id":"kr_470","nearest_station_name":"Jinjeop","nearest_station_name_ko":"진접","a":120,"c":120,"e":120,"g":120,"i":120,"k":120,"m":120,"o":120,"b":120,"d":120,"f":120,"h":120,"j":120,"l":120,"n":120,"p":120}},{"type":"Feature","geometry":{"type":"Polygon","coordinates":[[[127.15105,37.28383],[127.17701,37.28383],[127.17701,37.30978],[127.15105,37.30978],[127.15105,37.28383]]]},"properties":{"row":4,"col":22,"walk_min":113.5,"nearest_station_id":"kr_233","nearest_station_name":"Suji-gu Office","nearest_station_name_ko":"수지구청","a":120,"c":120,"e":120,"g":120,"i":120,"k":120,"m":120,"o":120,"b":120,"d":120,"f":120,"h":120,"j":120,"l":120,"n":120,"p":120}},{"type":"Feature","geometry":{"type":"Polygon","coordinates":[[[127.12509,37.80296],[127.15105,37.80296],[127.15105,37.82892],[127.12509,37.82892],[127.12509,37.80296]]]},"properties":{"row":24,"col":21,"walk_min":122.5,"nearest_station_id":"kr_447","nearest_station_name":"Deokgye","nearest_station_name_ko":"덕계","a":120,"c":120,"e":120,"g":120,"i":120,"k":120,"m":120,"o":120,"b":120,"d":120,"f":120,"h":120,"j":120,"l":120,"n":120,"p":120}},{"type":"Feature","geometry":{"type":"Polygon","coordinates":[[[126.68383,37.56935],[126.70978,37.56935],[126.70978,37.59531],[126.68383,37.59531],[126.68383,37.56935]]]},"properties":{"row":15,"col":4,"walk_min":121.0,"nearest_station_id":"kr_258","nearest_station_name":"Sangok","nearest_station_name_ko":"산곡","a":120,"c":120,"e":120,"g":120,"i":120,"k":120,"m":120,"o":120,"b":120,"d":120,"f":120,"h":120,"j":120,"l":120,"n":120,"p":120}},{"type":"Feature","geometry":{"type":"Polygon","coordinates":[[[126.94339,37.20596],[126.96935,37.20596],[126.96935,37.23191],[126.94339,37.23191],[126.94339,37.20596]]]},"properties":{"row":1,"col":14,"walk_min":115.6,"nearest_station_id":"kr_462","nearest_station_name":"Seryu","nearest_station_name_ko":"세류","a":120,"c":120,"e":120,"g":120,"i":120,"k":120,"m":120,"o":120,"b":120,"d":120,"f":120,"h":120,"j":120,"l":120,"n":120,"p":120}},{"type":"Feature","geometry":{"type":"Polygon","coordinates":[[[126.94339,37.69914],[126.96935,37.69914],[126.96935,37.72509],[126.94339,37.72509],[126.94339,37.69914]]]},"properties":{"row":20,"col":14,"walk_min":111.6,"nearest_station_id":"kr_449","nearest_station_name":"Mangwolsa (Shinhan University)","nearest_station_name_ko":"망월사(신한대학교)","a":120,"c":120,"e":120,"g":120,"i":120,"k":120,"m":120,"o":120,"b":120,"d":120,"f":120,"h":120,"j":120,"l":120,"n":120,"p":120}},{"type":"Feature","geometry":{"type":"Polygon","coordinates":[[[126.63191,37.54339],[126.65787,37.54339],[126.65787,37.56935],[126.63191,37.56935],[126.63191,37.54339]]]},"properties":{"row":14,"col":2,"walk_min":114.4,"nearest_station_id":"kr_258","nearest_station_name":"Sangok","nearest_station_name_ko":"산곡","a":120,"c":120,"e":120,"g":120,"i":120,"k":120,"m":120,"o":120,"b":120,"d":120,"f":120,"h":120,"j":120,"l":120,"n":120,"p":120}},{"type":"Feature","geometry":{"type":"Polygon","coordinates":[[[126.70978,37.59531],[126.73574,37.59531],[126.73574,37.62126],[126.70978,37.62126],[126.70978,37.59531]]]},"properties":{"row":16,"col":5,"walk_min":119.5,"nearest_station_id":"kr_261","nearest_station_name":"Madu","nearest_station_name_ko":"마두","a":120,"c":120,"e":120,"g":120,"i":120,"k":120,"m":120,"o":120,"b":120,"d":120,"f":120,"h":120,"j":120,"l":120,"n":120,"p":120}},{"type":"Feature","geometry":{"type":"Polygon","coordinates":[[[126.94339,37.77701],[126.96935,37.77701],[126.96935,37.80296],[126.94339,37.80296],[126.94339,37.77701]]]},"properties":{"row":23,"col":14,"walk_min":113.5,"nearest_station_id":"kr_092","nearest_station_name":"Yangju","nearest_station_name_ko":"양주","a":120,"c":120,"e":120,"g":120,"i":120,"k":120,"m":120,"o":120,"b":120,"d":120,"f":120,"h":120,"j":120,"l":120,"n":120,"p":120}},{"type":"Feature","geometry":{"type":"Polygon","coordinates":[[[127.20296,37.77701],[127.22892,37.77701],[127.22892,37.80296],[127.20296,37.80296],[127.20296,37.77701]]]},"properties":{"row":23,"col":24,"walk_min":125.0,"nearest_station_id":"kr_470","nearest_station_name":"Jinjeop","nearest_station_name_ko":"진접","a":120,"c":120,"e":120,"g":120,"i":120,"k":120,"m":120,"o":120,"b":120,"d":120,"f":120,"h":120,"j":120,"l":120,"n":120,"p":120}},{"type":"Feature","geometry":{"type":"Polygon","coordinates":[[[126.78765,37.72509],[126.81361,37.72509],[126.81361,37.75105],[126.78765,37.75105],[126.78765,37.72509]]]},"properties":{"row":21,"col":8,"walk_min":120.0,"nearest_station_id":"kr_350","nearest_station_name":"Juyeop","nearest_station_name_ko":"주엽","a":120,"c":120,"e":120,"g":120,"i":120,"k":120,"m":120,"o":120,"b":120,"d":120,"f":120,"h":120,"j":120,"l":120,"n":120,"p":120}},{"type":"Feature","geometry":{"type":"Polygon","coordinates":[[[126.58,37.49148],[126.60596,37.49148],[126.60596,37.51744],[126.58,37.51744],[126.58,37.49148]]]},"properties":{"row":12,"col":0,"walk_min":109.8,"nearest_station_id":"kr_458","nearest_station_name":"Incheon","nearest_station_name_ko":"인천","a":120,"c":120,"e":120,"g":120,"i":120,"k":120,"m":120,"o":120,"b":120,"d":120,"f":120,"h":120,"j":120,"l":120,"n":120,"p":120}},{"type":"Feature","geometry":{"type":"Polygon","coordinates":[[[127.22892,37.46552],[127.25488,37.46552],[127.25488,37.49148],[127.22892,37.49148],[127.22892,37.46552]]]},"properties":{"row":11,"col":25,"walk_min":109.2,"nearest_station_id":"kr_469","nearest_station_name":"Hanam Geomdansan","nearest_station_name_ko":"하남검단산","a":120,"c":120,"e":120,"g":120,"i":120,"k":120,"m":120,"o":120,"b":120,"d":120,"f":120,"h":120,"j":120,"l":120,"n":120,"p":120}},{"type":"Feature","geometry":{"type":"Polygon","coordinates":[[[127.15105,37.25787],[127.17701,37.25787],[127.17701,37.28383],[127.15105,37.28383],[127.15105,37.25787]]]},"properties":{"row":3,"col":22,"walk_min":126.8,"nearest_station_id":"kr_233","nearest_station_name":"Suji-gu Office","nearest_station_name_ko":"수지구청","a":120,"c":120,"e":120,"g":120,"i":120,"k":120,"m":120,"o":120,"b":120,"d":120,"f":120,"h":120,"j":120,"l":120,"n":120,"p":120}},{"type":"Feature","geometry":{"type":"Polygon","coordinates":[[[127.12509,37.20596],[127.15105,37.20596],[127.15105,37.23191],[127.12509,37.23191],[127.12509,37.20596]]]},"properties":{"row":1,"col":21,"walk_min":121.8,"nearest_station_id":"kr_466","nearest_station_name":"Seodongtan","nearest_station_name_ko":"서동탄","a":120,"c":120,"e":120,"g":120,"i":120,"k":120,"m":120,"o":120,"b":120,"d":120,"f":120,"h":120,"j":120,"l":120,"n":120,"p":120}},{"type":"Feature","geometry":{"type":"Polygon","coordinates":[[[126.94339,37.75105],[126.96935,37.75105],[126.96935,37.77701],[126.94339,37.77701],[126.94339,37.75105]]]},"properties":{"row":22,"col":14,"walk_min":124.0,"nearest_station_id":"kr_421","nearest_station_name":"Nogyang","nearest_station_name_ko":"녹양","a":120,"c":120,"e":120,"g":120,"i":120,"k":120,"m":120,"o":120,"b":120,"d":120,"f":120,"h":120,"j":120,"l":120,"n":120,"p":120}},{"type":"Feature","geometry":{"type":"Polygon","coordinates":[[[127.17701,37.77701],[127.20296,37.77701],[127.20296,37.80296],[127.17701,37.80296],[127.17701,37.77701]]]},"properties":{"row":23,"col":23,"walk_min":164.7,"nearest_station_id":"kr_470","nearest_station_name":"Jinjeop","nearest_station_name_ko":"진접","a":120,"c":120,"e":120,"g":120,"i":120,"k":120,"m":120,"o":120,"b":120,"d":120,"f":120,"h":120,"j":120,"l":120,"n":120,"p":120}},{"type":"Feature","geometry":{"type":"Polygon","coordinates":[[[126.83957,37.23191],[126.86552,37.23191],[126.86552,37.25787],[126.83957,37.25787],[126.83957,37.23191]]]},"properties":{"row":2,"col":10,"walk_min":125.8,"nearest_station_id":"kr_114","nearest_station_name":"Sangnoksu","nearest_station_name_ko":"상록수","a":120,"c":120,"e":120,"g":120,"i":120,"k":120,"m":120,"o":120,"b":120,"d":120,"f":120,"h":120,"j":120,"l":120,"n":120,"p":120}},{"type":"Feature","geometry":{"type":"Polygon","coordinates":[[[127.17701,37.33574],[127.20296,37.33574],[127.20296,37.3617],[127.17701,37.3617],[127.17701,37.33574]]]},"properties":{"row":6,"col":23,"walk_min":119.9,"nearest_station_id":"kr_237","nearest_station_name":"삼동","nearest_station_name_ko":"삼동","a":120,"c":120,"e":120,"g":120,"i":120,"k":120,"m":120,"o":120,"b":120,"d":120,"f":120,"h":120,"j":120,"l":120,"n":120,"p":120}},{"type":"Feature","geometry":{"type":"Polygon","coordinates":[[[126.94339,37.80296],[126.96935,37.80296],[126.96935,37.82892],[126.94339,37.82892],[126.94339,37.80296]]]},"properties":{"row":24,"col":14,"walk_min":125.1,"nearest_station_id":"kr_447","nearest_station_name":"Deokgye","nearest_station_name_ko":"덕계","a":120,"c":120,"e":120,"g":120,"i":120,"k":120,"m":120,"o":120,"b":120,"d":120,"f":120,"h":120,"j":120,"l":120,"n":120,"p":120}},{"type":"Feature","geometry":{"type":"Polygon","coordinates":[[[127.12509,37.75105],[127.15105,37.75105],[127.15105,37.77701],[127.12509,37.77701],[127.12509,37.75105]]]},"properties":{"row":22,"col":21,"walk_min":126.0,"nearest_station_id":"kr_470","nearest_station_name":"Jinjeop","nearest_station_name_ko":"진접","a":120,"c":120,"e":120,"g":120,"i":120,"k":120,"m":120,"o":120,"b":120,"d":120,"f":120,"h":120,"j":120,"l":120,"n":120,"p":120}},{"type":"Feature","geometry":{"type":"Polygon","coordinates":[[[126.65787,37.56935],[126.68383,37.56935],[126.68383,37.59531],[126.65787,37.59531],[126.65787,37.56935]]]},"properties":{"row":15,"col":3,"walk_min":125.4,"nearest_station_id":"kr_258","nearest_station_name":"Sangok","nearest_station_name_ko":"산곡","a":120,"c":120,"e":120,"g":120,"i":120,"k":120,"m":120,"o":120,"b":120,"d":120,"f":120,"h":120,"j":120,"l":120,"n":120,"p":120}},{"type":"Feature","geometry":{"type":"Polygon","coordinates":[[[127.12509,37.77701],[127.15105,37.77701],[127.15105,37.80296],[127.12509,37.80296],[127.12509,37.77701]]]},"properties":{"row":23,"col":21,"walk_min":133.9,"nearest_station_id":"kr_447","nearest_station_name":"Deokgye","nearest_station_name_ko":"덕계","a":120,"c":120,"e":120,"g":120,"i":120,"k":120,"m":120,"o":120,"b":120,"d":120,"f":120,"h":120,"j":120,"l":120,"n":120,"p":120}},{"type":"Feature","geometry":{"type":"Polygon","coordinates":[[[126.94339,37.72509],[126.96935,37.72509],[126.96935,37.75105],[126.94339,37.75105],[126.94339,37.72509]]]},"properties":{"row":21,"col":14,"walk_min":139.4,"nearest_station_id":"kr_448","nearest_station_name":"Ganeung","nearest_station_name_ko":"가능","a":120,"c":120,"e":120,"g":120,"i":120,"k":120,"m":120,"o":120,"b":120,"d":120,"f":120,"h":120,"j":120,"l":120,"n":120,"p":120}},{"type":"Feature","geometry":{"type":"Polygon","coordinates":[[[126.91744,37.20596],[126.94339,37.20596],[126.94339,37.23191],[126.91744,37.23191],[126.91744,37.20596]]]},"properties":{"row":1,"col":13,"walk_min":140.4,"nearest_station_id":"kr_462","nearest_station_name":"Seryu","nearest_station_name_ko":"세류","a":120,"c":120,"e":120,"g":120,"i":120,"k":120,"m":120,"o":120,"b":120,"d":120,"f":120,"h":120,"j":120,"l":120,"n":120,"p":120}},{"type":"Feature","geometry":{"type":"Polygon","coordinates":[[[126.99531,37.82892],[127.02126,37.82892],[127.02126,37.85488],[126.99531,37.85488],[126.99531,37.82892]]]},"properties":{"row":25,"col":16,"walk_min":112.8,"nearest_station_id":"kr_119","nearest_station_name":"Deokjeong (Seojeong College)","nearest_station_name_ko":"덕정(서정대학)","a":120,"c":120,"e":120,"g":120,"i":120,"k":120,"m":120,"o":120,"b":120,"d":120,"f":120,"h":120,"j":120,"l":120,"n":120,"p":120}},{"type":"Feature","geometry":{"type":"Polygon","coordinates":[[[126.94339,37.18],[126.96935,37.18],[126.96935,37.20596],[126.94339,37.20596],[126.94339,37.18]]]},"properties":{"row":0,"col":14,"walk_min":131.3,"nearest_station_id":"kr_047","nearest_station_name":"Byeongjeom","nearest_station_name_ko":"병점","a":120,"c":120,"e":120,"g":120,"i":120,"k":120,"m":120,"o":120,"b":120,"d":120,"f":120,"h":120,"j":120,"l":120,"n":120,"p":120}},{"type":"Feature","geometry":{"type":"Polygon","coordinates":[[[127.09914,37.82892],[127.12509,37.82892],[127.12509,37.85488],[127.09914,37.85488],[127.09914,37.82892]]]},"properties":{"row":25,"col":20,"walk_min":125.9,"nearest_station_id":"kr_119","nearest_station_name":"Deokjeong (Seojeong College)","nearest_station_name_ko":"덕정(서정대학)","a":120,"c":120,"e":120,"g":120,"i":120,"k":120,"m":120,"o":120,"b":120,"d":120,"f":120,"h":120,"j":120,"l":120,"n":120,"p":120}},{"type":"Feature","geometry":{"type":"Polygon","coordinates":[[[127.17701,37.30978],[127.20296,37.30978],[127.20296,37.33574],[127.17701,37.33574],[127.17701,37.30978]]]},"properties":{"row":5,"col":23,"walk_min":139.7,"nearest_station_id":"kr_172","nearest_station_name":"Migeum","nearest_station_name_ko":"미금","a":120,"c":120,"e":120,"g":120,"i":120,"k":120,"m":120,"o":120,"b":120,"d":120,"f":120,"h":120,"j":120,"l":120,"n":120,"p":120}},{"type":"Feature","geometry":{"type":"Polygon","coordinates":[[[126.63191,37.30978],[126.65787,37.30978],[126.65787,37.33574],[126.63191,37.33574],[126.63191,37.30978]]]},"properties":{"row":5,"col":2,"walk_min":129.4,"nearest_station_id":"kr_351","nearest_station_name":"Jeongwang","nearest_station_name_ko":"정왕","a":120,"c":120,"e":120,"g":120,"i":120,"k":120,"m":120,"o":120,"b":120,"d":120,"f":120,"h":120,"j":120,"l":120,"n":120,"p":120}},{"type":"Feature","geometry":{"type":"Polygon","coordinates":[[[127.22892,37.49148],[127.25488,37.49148],[127.25488,37.51744],[127.22892,37.51744],[127.22892,37.49148]]]},"properties":{"row":12,"col":25,"walk_min":117.4,"nearest_station_id":"kr_469","nearest_station_name":"Hanam Geomdansan","nearest_station_name_ko":"하남검단산","a":120,"c":120,"e":120,"g":120,"i":120,"k":120,"m":120,"o":120,"b":120,"d":120,"f":120,"h":120,"j":120,"l":120,"n":120,"p":120}},{"type":"Feature","geometry":{"type":"Polygon","coordinates":[[[127.22892,37.62126],[127.25488,37.62126],[127.25488,37.64722],[127.22892,37.64722],[127.22892,37.62126]]]},"properties":{"row":17,"col":25,"walk_min":133.6,"nearest_station_id":"kr_352","nearest_station_name":"Dasan","nearest_station_name_ko":"다산","a":120,"c":120,"e":120,"g":120,"i":120,"k":120,"m":120,"o":120,"b":120,"d":120,"f":120,"h":120,"j":120,"l":120,"n":120,"p":120}},{"type":"Feature","geometry":{"type":"Polygon","coordinates":[[[126.81361,37.23191],[126.83957,37.23191],[126.83957,37.25787],[126.81361,37.25787],[126.81361,37.23191]]]},"properties":{"row":2,"col":9,"walk_min":140.2,"nearest_station_id":"kr_114","nearest_station_name":"Sangnoksu","nearest_station_name_ko":"상록수","a":120,"c":120,"e":120,"g":120,"i":120,"k":120,"m":120,"o":120,"b":120,"d":120,"f":120,"h":120,"j":120,"l":120,"n":120,"p":120}},{"type":"Feature","geometry":{"type":"Polygon","coordinates":[[[126.63191,37.3617],[126.65787,37.3617],[126.65787,37.38765],[126.63191,37.38765],[126.63191,37.3617]]]},"properties":{"row":7,"col":2,"walk_min":135.8,"nearest_station_id":"kr_428","nearest_station_name":"Oido","nearest_station_name_ko":"오이도","a":120,"c":120,"e":120,"g":120,"i":120,"k":120,"m":120,"o":120,"b":120,"d":120,"f":120,"h":120,"j":120,"l":120,"n":120,"p":120}},{"type":"Feature","geometry":{"type":"Polygon","coordinates":[[[126.60596,37.54339],[126.63191,37.54339],[126.63191,37.56935],[126.60596,37.56935],[126.60596,37.54339]]]},"properties":{"row":14,"col":1,"walk_min":140.9,"nearest_station_id":"kr_458","nearest_station_name":"Incheon","nearest_station_name_ko":"인천","a":120,"c":120,"e":120,"g":120,"i":120,"k":120,"m":120,"o":120,"b":120,"d":120,"f":120,"h":120,"j":120,"l":120,"n":120,"p":120}},{"type":"Feature","geometry":{"type":"Polygon","coordinates":[[[126.73574,37.75105],[126.7617,37.75105],[126.7617,37.77701],[126.73574,37.77701],[126.73574,37.75105]]]},"properties":{"row":22,"col":6,"walk_min":141.4,"nearest_station_id":"kr_424","nearest_station_name":"Daehwa","nearest_station_name_ko":"대화","a":120,"c":120,"e":120,"g":120,"i":120,"k":120,"m":120,"o":120,"b":120,"d":120,"f":120,"h":120,"j":120,"l":120,"n":120,"p":120}},{"type":"Feature","geometry":{"type":"Polygon","coordinates":[[[127.12509,37.23191],[127.15105,37.23191],[127.15105,37.25787],[127.12509,37.25787],[127.12509,37.23191]]]},"properties":{"row":2,"col":21,"walk_min":137.8,"nearest_station_id":"kr_307","nearest_station_name":"Sanghyeon","nearest_station_name_ko":"상현","a":120,"c":120,"e":120,"g":120,"i":120,"k":120,"m":120,"o":120,"b":120,"d":120,"f":120,"h":120,"j":120,"l":120,"n":120,"p":120}},{"type":"Feature","geometry":{"type":"Polygon","coordinates":[[[126.65787,37.3617],[126.68383,37.3617],[126.68383,37.38765],[126.65787,37.38765],[126.65787,37.3617]]]},"properties":{"row":7,"col":3,"walk_min":140.4,"nearest_station_id":"kr_428","nearest_station_name":"Oido","nearest_station_name_ko":"오이도","a":120,"c":120,"e":120,"g":120,"i":120,"k":120,"m":120,"o":120,"b":120,"d":120,"f":120,"h":120,"j":120,"l":120,"n":120,"p":120}},{"type":"Feature","geometry":{"type":"Polygon","coordinates":[[[127.15105,37.18],[127.17701,37.18],[127.17701,37.20596],[127.15105,37.20596],[127.15105,37.18]]]},"properties":{"row":0,"col":22,"walk_min":153.7,"nearest_station_id":"kr_416","nearest_station_name":"Osan College","nearest_station_name_ko":"오산대","a":120,"c":120,"e":120,"g":120,"i":120,"k":120,"m":120,"o":120,"b":120,"d":120,"f":120,"h":120,"j":120,"l":120,"n":120,"p":120}},{"type":"Feature","geometry":{"type":"Polygon","coordinates":[[[126.78765,37.23191],[126.81361,37.23191],[126.81361,37.25787],[126.78765,37.25787],[126.78765,37.23191]]]},"properties":{"row":2,"col":8,"walk_min":144.6,"nearest_station_id":"kr_426","nearest_station_name":"Gojan","nearest_station_name_ko":"고잔","a":120,"c":120,"e":120,"g":120,"i":120,"k":120,"m":120,"o":120,"b":120,"d":120,"f":120,"h":120,"j":120,"l":120,"n":120,"p":120}},{"type":"Feature","geometry":{"type":"Polygon","coordinates":[[[126.70978,37.75105],[126.73574,37.75105],[126.73574,37.77701],[126.70978,37.77701],[126.70978,37.75105]]]},"properties":{"row":22,"col":5,"walk_min":146.3,"nearest_station_id":"kr_424","nearest_station_name":"Daehwa","nearest_station_name_ko":"대화","a":120,"c":120,"e":120,"g":120,"i":120,"k":120,"m":120,"o":120,"b":120,"d":120,"f":120,"h":120,"j":120,"l":120,"n":120,"p":120}},{"type":"Feature","geometry":{"type":"Polygon","coordinates":[[[126.60596,37.3617],[126.63191,37.3617],[126.63191,37.38765],[126.60596,37.38765],[126.60596,37.3617]]]},"properties":{"row":7,"col":1,"walk_min":139.4,"nearest_station_id":"kr_428","nearest_station_name":"Oido","nearest_station_name_ko":"오이도","a":120,"c":120,"e":120,"g":120,"i":120,"k":120,"m":120,"o":120,"b":120,"d":120,"f":120,"h":120,"j":120,"l":120,"n":120,"p":120}},{"type":"Feature","geometry":{"type":"Polygon","coordinates":[[[126.91744,37.72509],[126.94339,37.72509],[126.94339,37.75105],[126.91744,37.75105],[126.91744,37.72509]]]},"properties":{"row":21,"col":13,"walk_min":149.1,"nearest_station_id":"kr_115","nearest_station_name":"Samsong","nearest_station_name_ko":"삼송","a":120,"c":120,"e":120,"g":120,"i":120,"k":120,"m":120,"o":120,"b":120,"d":120,"f":120,"h":120,"j":120,"l":120,"n":120,"p":120}},{"type":"Feature","geometry":{"type":"Polygon","coordinates":[[[126.81361,37.72509],[126.83957,37.72509],[126.83957,37.75105],[126.81361,37.75105],[126.81361,37.72509]]]},"properties":{"row":21,"col":9,"walk_min":147.8,"nearest_station_id":"kr_350","nearest_station_name":"Juyeop","nearest_station_name_ko":"주엽","a":120,"c":120,"e":120,"g":120,"i":120,"k":120,"m":120,"o":120,"b":120,"d":120,"f":120,"h":120,"j":120,"l":120,"n":120,"p":120}},{"type":"Feature","geometry":{"type":"Polygon","coordinates":[[[126.58,37.51744],[126.60596,37.51744],[126.60596,37.54339],[126.58,37.54339],[126.58,37.51744]]]},"properties":{"row":13,"col":0,"walk_min":130.6,"nearest_station_id":"kr_458","nearest_station_name":"Incheon","nearest_station_name_ko":"인천","a":120,"c":120,"e":120,"g":120,"i":120,"k":120,"m":120,"o":120,"b":120,"d":120,"f":120,"h":120,"j":120,"l":120,"n":120,"p":120}},{"type":"Feature","geometry":{"type":"Polygon","coordinates":[[[127.15105,37.80296],[127.17701,37.80296],[127.17701,37.82892],[127.15105,37.82892],[127.15105,37.80296]]]},"properties":{"row":24,"col":22,"walk_min":144.5,"nearest_station_id":"kr_447","nearest_station_name":"Deokgye","nearest_station_name_ko":"덕계","a":120,"c":120,"e":120,"g":120,"i":120,"k":120,"m":120,"o":120,"b":120,"d":120,"f":120,"h":120,"j":120,"l":120,"n":120,"p":120}},{"type":"Feature","geometry":{"type":"Polygon","coordinates":[[[126.86552,37.20596],[126.89148,37.20596],[126.89148,37.23191],[126.86552,37.23191],[126.86552,37.20596]]]},"properties":{"row":1,"col":11,"walk_min":151.6,"nearest_station_id":"kr_114","nearest_station_name":"Sangnoksu","nearest_station_name_ko":"상록수","a":120,"c":120,"e":120,"g":120,"i":120,"k":120,"m":120,"o":120,"b":120,"d":120,"f":120,"h":120,"j":120,"l":120,"n":120,"p":120}},{"type":"Feature","geometry":{"type":"Polygon","coordinates":[[[126.63191,37.56935],[126.65787,37.56935],[126.65787,37.59531],[126.63191,37.59531],[126.63191,37.56935]]]},"properties":{"row":15,"col":2,"walk_min":150.1,"nearest_station_id":"kr_258","nearest_station_name":"Sangok","nearest_station_name_ko":"산곡","a":120,"c":120,"e":120,"g":120,"i":120,"k":120,"m":120,"o":120,"b":120,"d":120,"f":120,"h":120,"j":120,"l":120,"n":120,"p":120}},{"type":"Feature","geometry":{"type":"Polygon","coordinates":[[[126.89148,37.72509],[126.91744,37.72509],[126.91744,37.75105],[126.89148,37.75105],[126.89148,37.72509]]]},"properties":{"row":21,"col":12,"walk_min":149.9,"nearest_station_id":"kr_115","nearest_station_name":"Samsong","nearest_station_name_ko":"삼송","a":120,"c":120,"e":120,"g":120,"i":120,"k":120,"m":120,"o":120,"b":120,"d":120,"f":120,"h":120,"j":120,"l":120,"n":120,"p":120}},{"type":"Feature","geometry":{"type":"Polygon","coordinates":[[[126.86552,37.72509],[126.89148,37.72509],[126.89148,37.75105],[126.86552,37.75105],[126.86552,37.72509]]]},"properties":{"row":21,"col":11,"walk_min":159.6,"nearest_station_id":"kr_115","nearest_station_name":"Samsong","nearest_station_name_ko":"삼송","a":120,"c":120,"e":120,"g":120,"i":120,"k":120,"m":120,"o":120,"b":120,"d":120,"f":120,"h":120,"j":120,"l":120,"n":120,"p":120}},{"type":"Feature","geometry":{"type":"Polygon","coordinates":[[[126.83957,37.72509],[126.86552,37.72509],[126.86552,37.75105],[126.83957,37.75105],[126.83957,37.72509]]]},"properties":{"row":21,"col":10,"walk_min":187.4,"nearest_station_id":"kr_145","nearest_station_name":"Wondang","nearest_station_name_ko":"원당","a":120,"c":120,"e":120,"g":120,"i":120,"k":120,"m":120,"o":120,"b":120,"d":120,"f":120,"h":120,"j":120,"l":120,"n":120,"p":120}},{"type":"Feature","geometry":{"type":"Polygon","coordinates":[[[126.89148,37.20596],[126.91744,37.20596],[126.91744,37.23191],[126.89148,37.23191],[126.89148,37.20596]]]},"properties":{"row":1,"col":12,"walk_min":162.2,"nearest_station_id":"kr_114","nearest_station_name":"Sangnoksu","nearest_station_name_ko":"상록수","a":120,"c":120,"e":120,"g":120,"i":120,"k":120,"m":120,"o":120,"b":120,"d":120,"f":120,"h":120,"j":120,"l":120,"n":120,"p":120}},{"type":"Feature","geometry":{"type":"Polygon","coordinates":[[[126.70978,37.62126],[126.73574,37.62126],[126.73574,37.64722],[126.70978,37.64722],[126.70978,37.62126]]]},"properties":{"row":17,"col":5,"walk_min":150.7,"nearest_station_id":"kr_424","nearest_station_name":"Daehwa","nearest_station_name_ko":"대화","a":120,"c":120,"e":120,"g":120,"i":120,"k":120,"m":120,"o":120,"b":120,"d":120,"f":120,"h":120,"j":120,"l":120,"n":120,"p":120}},{"type":"Feature","geometry":{"type":"Polygon","coordinates":[[[127.15105,37.20596],[127.17701,37.20596],[127.17701,37.23191],[127.15105,37.23191],[127.15105,37.20596]]]},"properties":{"row":1,"col":22,"walk_min":161.2,"nearest_station_id":"kr_466","nearest_station_name":"Seodongtan","nearest_station_name_ko":"서동탄","a":120,"c":120,"e":120,"g":120,"i":120,"k":120,"m":120,"o":120,"b":120,"d":120,"f":120,"h":120,"j":120,"l":120,"n":120,"p":120}},{"type":"Feature","geometry":{"type":"Polygon","coordinates":[[[127.20296,37.33574],[127.22892,37.33574],[127.22892,37.3617],[127.20296,37.3617],[127.20296,37.33574]]]},"properties":{"row":6,"col":24,"walk_min":149.8,"nearest_station_id":"kr_149","nearest_station_name":"경기광주","nearest_station_name_ko":"경기광주","a":120,"c":120,"e":120,"g":120,"i":120,"k":120,"m":120,"o":120,"b":120,"d":120,"f":120,"h":120,"j":120,"l":120,"n":120,"p":120}},{"type":"Feature","geometry":{"type":"Polygon","coordinates":[[[126.68383,37.59531],[126.70978,37.59531],[126.70978,37.62126],[126.68383,37.62126],[126.68383,37.59531]]]},"properties":{"row":16,"col":4,"walk_min":148.8,"nearest_station_id":"kr_261","nearest_station_name":"Madu","nearest_station_name_ko":"마두","a":120,"c":120,"e":120,"g":120,"i":120,"k":120,"m":120,"o":120,"b":120,"d":120,"f":120,"h":120,"j":120,"l":120,"n":120,"p":120}},{"type":"Feature","geometry":{"type":"Polygon","coordinates":[[[127.15105,37.77701],[127.17701,37.77701],[127.17701,37.80296],[127.15105,37.80296],[127.15105,37.77701]]]},"properties":{"row":23,"col":22,"walk_min":147.9,"nearest_station_id":"kr_470","nearest_station_name":"Jinjeop","nearest_station_name_ko":"진접","a":120,"c":120,"e":120,"g":120,"i":120,"k":120,"m":120,"o":120,"b":120,"d":120,"f":120,"h":120,"j":120,"l":120,"n":120,"p":120}},{"type":"Feature","geometry":{"type":"Polygon","coordinates":[[[126.58,37.54339],[126.60596,37.54339],[126.60596,37.56935],[126.58,37.56935],[126.58,37.54339]]]},"properties":{"row":14,"col":0,"walk_min":166.5,"nearest_station_id":"kr_458","nearest_station_name":"Incheon","nearest_station_name_ko":"인천","a":120,"c":120,"e":120,"g":120,"i":120,"k":120,"m":120,"o":120,"b":120,"d":120,"f":120,"h":120,"j":120,"l":120,"n":120,"p":120}},{"type":"Feature","geometry":{"type":"Polygon","coordinates":[[[126.7617,37.75105],[126.78765,37.75105],[126.78765,37.77701],[126.7617,37.77701],[126.7617,37.75105]]]},"properties":{"row":22,"col":7,"walk_min":153.2,"nearest_station_id":"kr_424","nearest_station_name":"Daehwa","nearest_station_name_ko":"대화","a":120,"c":120,"e":120,"g":120,"i":120,"k":120,"m":120,"o":120,"b":120,"d":120,"f":120,"h":120,"j":120,"l":120,"n":120,"p":120}},{"type":"Feature","geometry":{"type":"Polygon","coordinates":[[[127.17701,37.28383],[127.20296,37.28383],[127.20296,37.30978],[127.17701,37.30978],[127.17701,37.28383]]]},"properties":{"row":4,"col":23,"walk_min":173.0,"nearest_station_id":"kr_233","nearest_station_name":"Suji-gu Office","nearest_station_name_ko":"수지구청","a":120,"c":120,"e":120,"g":120,"i":120,"k":120,"m":120,"o":120,"b":120,"d":120,"f":120,"h":120,"j":120,"l":120,"n":120,"p":120}},{"type":"Feature","geometry":{"type":"Polygon","coordinates":[[[126.78765,37.75105],[126.81361,37.75105],[126.81361,37.77701],[126.78765,37.77701],[126.78765,37.75105]]]},"properties":{"row":22,"col":8,"walk_min":169.3,"nearest_station_id":"kr_424","nearest_station_name":"Daehwa","nearest_station_name_ko":"대화","a":120,"c":120,"e":120,"g":120,"i":120,"k":120,"m":120,"o":120,"b":120,"d":120,"f":120,"h":120,"j":120,"l":120,"n":120,"p":120}},{"type":"Feature","geometry":{"type":"Polygon","coordinates":[[[126.91744,37.77701],[126.94339,37.77701],[126.94339,37.80296],[126.91744,37.80296],[126.91744,37.77701]]]},"properties":{"row":23,"col":13,"walk_min":155.5,"nearest_station_id":"kr_092","nearest_station_name":"Yangju","nearest_station_name_ko":"양주","a":120,"c":120,"e":120,"g":120,"i":120,"k":120,"m":120,"o":120,"b":120,"d":120,"f":120,"h":120,"j":120,"l":120,"n":120,"p":120}},{"type":"Feature","geometry":{"type":"Polygon","coordinates":[[[126.83957,37.20596],[126.86552,37.20596],[126.86552,37.23191],[126.83957,37.23191],[126.83957,37.20596]]]},"properties":{"row":1,"col":10,"walk_min":162.9,"nearest_station_id":"kr_114","nearest_station_name":"Sangnoksu","nearest_station_name_ko":"상록수","a":120,"c":120,"e":120,"g":120,"i":120,"k":120,"m":120,"o":120,"b":120,"d":120,"f":120,"h":120,"j":120,"l":120,"n":120,"p":120}},{"type":"Feature","geometry":{"type":"Polygon","coordinates":[[[127.17701,37.25787],[127.20296,37.25787],[127.20296,37.28383],[127.17701,37.28383],[127.17701,37.25787]]]},"properties":{"row":3,"col":23,"walk_min":161.0,"nearest_station_id":"kr_233","nearest_station_name":"Suji-gu Office","nearest_station_name_ko":"수지구청","a":120,"c":120,"e":120,"g":120,"i":120,"k":120,"m":120,"o":120,"b":120,"d":120,"f":120,"h":120,"j":120,"l":120,"n":120,"p":120}},{"type":"Feature","geometry":{"type":"Polygon","coordinates":[[[126.68383,37.75105],[126.70978,37.75105],[126.70978,37.77701],[126.68383,37.77701],[126.68383,37.75105]]]},"properties":{"row":22,"col":4,"walk_min":169.2,"nearest_station_id":"kr_424","nearest_station_name":"Daehwa","nearest_station_name_ko":"대화","a":120,"c":120,"e":120,"g":120,"i":120,"k":120,"m":120,"o":120,"b":120,"d":120,"f":120,"h":120,"j":120,"l":120,"n":120,"p":120}},{"type":"Feature","geometry":{"type":"Polygon","coordinates":[[[127.20296,37.80296],[127.22892,37.80296],[127.22892,37.82892],[127.20296,37.82892],[127.20296,37.80296]]]},"properties":{"row":24,"col":24,"walk_min":160.2,"nearest_station_id":"kr_470","nearest_station_name":"Jinjeop","nearest_station_name_ko":"진접","a":120,"c":120,"e":120,"g":120,"i":120,"k":120,"m":120,"o":120,"b":120,"d":120,"f":120,"h":120,"j":120,"l":120,"n":120,"p":120}},{"type":"Feature","geometry":{"type":"Polygon","coordinates":[[[126.91744,37.75105],[126.94339,37.75105],[126.94339,37.77701],[126.91744,37.77701],[126.91744,37.75105]]]},"properties":{"row":22,"col":13,"walk_min":156.0,"nearest_station_id":"kr_421","nearest_station_name":"Nogyang","nearest_station_name_ko":"녹양","a":120,"c":120,"e":120,"g":120,"i":120,"k":120,"m":120,"o":120,"b":120,"d":120,"f":120,"h":120,"j":120,"l":120,"n":120,"p":120}},{"type":"Feature","geometry":{"type":"Polygon","coordinates":[[[126.91744,37.80296],[126.94339,37.80296],[126.94339,37.82892],[126.91744,37.82892],[126.91744,37.80296]]]},"properties":{"row":24,"col":13,"walk_min":162.7,"nearest_station_id":"kr_092","nearest_station_name":"Yangju","nearest_station_name_ko":"양주","a":120,"c":120,"e":120,"g":120,"i":120,"k":120,"m":120,"o":120,"b":120,"d":120,"f":120,"h":120,"j":120,"l":120,"n":120,"p":120}},{"type":"Feature","geometry":{"type":"Polygon","coordinates":[[[127.15105,37.23191],[127.17701,37.23191],[127.17701,37.25787],[127.15105,37.25787],[127.15105,37.23191]]]},"properties":{"row":2,"col":22,"walk_min":161.3,"nearest_station_id":"kr_307","nearest_station_name":"Sanghyeon","nearest_station_name_ko":"상현","a":120,"c":120,"e":120,"g":120,"i":120,"k":120,"m":120,"o":120,"b":120,"d":120,"f":120,"h":120,"j":120,"l":120,"n":120,"p":120}},{"type":"Feature","geometry":{"type":"Polygon","coordinates":[[[126.65787,37.59531],[126.68383,37.59531],[126.68383,37.62126],[126.65787,37.62126],[126.65787,37.59531]]]},"properties":{"row":16,"col":3,"walk_min":164.5,"nearest_station_id":"kr_424","nearest_station_name":"Daehwa","nearest_station_name_ko":"대화","a":120,"c":120,"e":120,"g":120,"i":120,"k":120,"m":120,"o":120,"b":120,"d":120,"f":120,"h":120,"j":120,"l":120,"n":120,"p":120}},{"type":"Feature","geometry":{"type":"Polygon","coordinates":[[[127.20296,37.30978],[127.22892,37.30978],[127.22892,37.33574],[127.20296,37.33574],[127.20296,37.30978]]]},"properties":{"row":5,"col":24,"walk_min":168.5,"nearest_station_id":"kr_149","nearest_station_name":"경기광주","nearest_station_name_ko":"경기광주","a":120,"c":120,"e":120,"g":120,"i":120,"k":120,"m":120,"o":120,"b":120,"d":120,"f":120,"h":120,"j":120,"l":120,"n":120,"p":120}},{"type":"Feature","geometry":{"type":"Polygon","coordinates":[[[126.60596,37.30978],[126.63191,37.30978],[126.63191,37.33574],[126.60596,37.33574],[126.60596,37.30978]]]},"properties":{"row":5,"col":1,"walk_min":161.8,"nearest_station_id":"kr_428","nearest_station_name":"Oido","nearest_station_name_ko":"오이도","a":120,"c":120,"e":120,"g":120,"i":120,"k":120,"m":120,"o":120,"b":120,"d":120,"f":120,"h":120,"j":120,"l":120,"n":120,"p":120}},{"type":"Feature","geometry":{"type":"Polygon","coordinates":[[[126.91744,37.18],[126.94339,37.18],[126.94339,37.20596],[126.91744,37.20596],[126.91744,37.18]]]},"properties":{"row":0,"col":13,"walk_min":166.6,"nearest_station_id":"kr_047","nearest_station_name":"Byeongjeom","nearest_station_name_ko":"병점","a":120,"c":120,"e":120,"g":120,"i":120,"k":120,"m":120,"o":120,"b":120,"d":120,"f":120,"h":120,"j":120,"l":120,"n":120,"p":120}},{"type":"Feature","geometry":{"type":"Polygon","coordinates":[[[127.25488,37.62126],[127.28083,37.62126],[127.28083,37.64722],[127.25488,37.64722],[127.25488,37.62126]]]},"properties":{"row":17,"col":26,"walk_min":160.2,"nearest_station_id":"kr_331","nearest_station_name":"Misa","nearest_station_name_ko":"미사","a":120,"c":120,"e":120,"g":120,"i":120,"k":120,"m":120,"o":120,"b":120,"d":120,"f":120,"h":120,"j":120,"l":120,"n":120,"p":120}},{"type":"Feature","geometry":{"type":"Polygon","coordinates":[[[126.68383,37.62126],[126.70978,37.62126],[126.70978,37.64722],[126.68383,37.64722],[126.68383,37.62126]]]},"properties":{"row":17,"col":4,"walk_min":170.9,"nearest_station_id":"kr_424","nearest_station_name":"Daehwa","nearest_station_name_ko":"대화","a":120,"c":120,"e":120,"g":120,"i":120,"k":120,"m":120,"o":120,"b":120,"d":120,"f":120,"h":120,"j":120,"l":120,"n":120,"p":120}},{"type":"Feature","geometry":{"type":"Polygon","coordinates":[[[127.17701,37.80296],[127.20296,37.80296],[127.20296,37.82892],[127.17701,37.82892],[127.17701,37.80296]]]},"properties":{"row":24,"col":23,"walk_min":169.1,"nearest_station_id":"kr_470","nearest_station_name":"Jinjeop","nearest_station_name_ko":"진접","a":120,"c":120,"e":120,"g":120,"i":120,"k":120,"m":120,"o":120,"b":120,"d":120,"f":120,"h":120,"j":120,"l":120,"n":120,"p":120}},{"type":"Feature","geometry":{"type":"Polygon","coordinates":[[[126.7617,37.23191],[126.78765,37.23191],[126.78765,37.25787],[126.7617,37.25787],[126.7617,37.23191]]]},"properties":{"row":2,"col":7,"walk_min":287.6,"nearest_station_id":"kr_230","nearest_station_name":"Choji","nearest_station_name_ko":"초지","a":120,"c":120,"e":120,"g":120,"i":120,"k":120,"m":120,"o":120,"b":120,"d":120,"f":120,"h":120,"j":120,"l":120,"n":120,"p":120}},{"type":"Feature","geometry":{"type":"Polygon","coordinates":[[[127.15105,37.82892],[127.17701,37.82892],[127.17701,37.85488],[127.15105,37.85488],[127.15105,37.82892]]]},"properties":{"row":25,"col":22,"walk_min":157.7,"nearest_station_id":"kr_119","nearest_station_name":"Deokjeong (Seojeong College)","nearest_station_name_ko":"덕정(서정대학)","a":120,"c":120,"e":120,"g":120,"i":120,"k":120,"m":120,"o":120,"b":120,"d":120,"f":120,"h":120,"j":120,"l":120,"n":120,"p":120}},{"type":"Feature","geometry":{"type":"Polygon","coordinates":[[[126.81361,37.20596],[126.83957,37.20596],[126.83957,37.23191],[126.81361,37.23191],[126.81361,37.20596]]]},"properties":{"row":1,"col":9,"walk_min":182.4,"nearest_station_id":"kr_114","nearest_station_name":"Sangnoksu","nearest_station_name_ko":"상록수","a":120,"c":120,"e":120,"g":120,"i":120,"k":120,"m":120,"o":120,"b":120,"d":120,"f":120,"h":120,"j":120,"l":120,"n":120,"p":120}},{"type":"Feature","geometry":{"type":"Polygon","coordinates":[[[126.63191,37.59531],[126.65787,37.59531],[126.65787,37.62126],[126.63191,37.62126],[126.63191,37.59531]]]},"properties":{"row":16,"col":2,"walk_min":176.4,"nearest_station_id":"kr_424","nearest_station_name":"Daehwa","nearest_station_name_ko":"대화","a":120,"c":120,"e":120,"g":120,"i":120,"k":120,"m":120,"o":120,"b":120,"d":120,"f":120,"h":120,"j":120,"l":120,"n":120,"p":120}},{"type":"Feature","geometry":{"type":"Polygon","coordinates":[[[126.91744,37.82892],[126.94339,37.82892],[126.94339,37.85488],[126.91744,37.85488],[126.91744,37.82892]]]},"properties":{"row":25,"col":13,"walk_min":216.6,"nearest_station_id":"kr_447","nearest_station_name":"Deokgye","nearest_station_name_ko":"덕계","a":120,"c":120,"e":120,"g":120,"i":120,"k":120,"m":120,"o":120,"b":120,"d":120,"f":120,"h":120,"j":120,"l":120,"n":120,"p":120}},{"type":"Feature","geometry":{"type":"Polygon","coordinates":[[[126.63191,37.33574],[126.65787,37.33574],[126.65787,37.3617],[126.63191,37.3617],[126.63191,37.33574]]]},"properties":{"row":6,"col":2,"walk_min":191.2,"nearest_station_id":"kr_428","nearest_station_name":"Oido","nearest_station_name_ko":"오이도","a":120,"c":120,"e":120,"g":120,"i":120,"k":120,"m":120,"o":120,"b":120,"d":120,"f":120,"h":120,"j":120,"l":120,"n":120,"p":120}},{"type":"Feature","geometry":{"type":"Polygon","coordinates":[[[126.70978,37.77701],[126.73574,37.77701],[126.73574,37.80296],[126.70978,37.80296],[126.70978,37.77701]]]},"properties":{"row":23,"col":5,"walk_min":181.5,"nearest_station_id":"kr_424","nearest_station_name":"Daehwa","nearest_station_name_ko":"대화","a":120,"c":120,"e":120,"g":120,"i":120,"k":120,"m":120,"o":120,"b":120,"d":120,"f":120,"h":120,"j":120,"l":120,"n":120,"p":120}},{"type":"Feature","geometry":{"type":"Polygon","coordinates":[[[126.7617,37.77701],[126.78765,37.77701],[126.78765,37.80296],[126.7617,37.80296],[126.7617,37.77701]]]},"properties":{"row":23,"col":7,"walk_min":183.2,"nearest_station_id":"kr_424","nearest_station_name":"Daehwa","nearest_station_name_ko":"대화","a":120,"c":120,"e":120,"g":120,"i":120,"k":120,"m":120,"o":120,"b":120,"d":120,"f":120,"h":120,"j":120,"l":120,"n":120,"p":120}},{"type":"Feature","geometry":{"type":"Polygon","coordinates":[[[126.65787,37.33574],[126.68383,37.33574],[126.68383,37.3617],[126.65787,37.3617],[126.65787,37.33574]]]},"properties":{"row":6,"col":3,"walk_min":179.9,"nearest_station_id":"kr_428","nearest_station_name":"Oido","nearest_station_name_ko":"오이도","a":120,"c":120,"e":120,"g":120,"i":120,"k":120,"m":120,"o":120,"b":120,"d":120,"f":120,"h":120,"j":120,"l":120,"n":120,"p":120}},{"type":"Feature","geometry":{"type":"Polygon","coordinates":[[[126.86552,37.18],[126.89148,37.18],[126.89148,37.20596],[126.86552,37.20596],[126.86552,37.18]]]},"properties":{"row":0,"col":11,"walk_min":185.0,"nearest_station_id":"kr_114","nearest_station_name":"Sangnoksu","nearest_station_name_ko":"상록수","a":120,"c":120,"e":120,"g":120,"i":120,"k":120,"m":120,"o":120,"b":120,"d":120,"f":120,"h":120,"j":120,"l":120,"n":120,"p":120}},{"type":"Feature","geometry":{"type":"Polygon","coordinates":[[[126.78765,37.20596],[126.81361,37.20596],[126.81361,37.23191],[126.78765,37.23191],[126.78765,37.20596]]]},"properties":{"row":1,"col":8,"walk_min":186.9,"nearest_station_id":"kr_114","nearest_station_name":"Sangnoksu","nearest_station_name_ko":"상록수","a":120,"c":120,"e":120,"g":120,"i":120,"k":120,"m":120,"o":120,"b":120,"d":120,"f":120,"h":120,"j":120,"l":120,"n":120,"p":120}},{"type":"Feature","geometry":{"type":"Polygon","coordinates":[[[127.25488,37.64722],[127.28083,37.64722],[127.28083,37.67318],[127.25488,37.67318],[127.25488,37.64722]]]},"properties":{"row":18,"col":26,"walk_min":169.7,"nearest_station_id":"kr_361","nearest_station_name":"Onam","nearest_station_name_ko":"오남","a":120,"c":120,"e":120,"g":120,"i":120,"k":120,"m":120,"o":120,"b":120,"d":120,"f":120,"h":120,"j":120,"l":120,"n":120,"p":120}},{"type":"Feature","geometry":{"type":"Polygon","coordinates":[[[126.73574,37.77701],[126.7617,37.77701],[126.7617,37.80296],[126.73574,37.80296],[126.73574,37.77701]]]},"properties":{"row":23,"col":6,"walk_min":188.9,"nearest_station_id":"kr_424","nearest_station_name":"Daehwa","nearest_station_name_ko":"대화","a":120,"c":120,"e":120,"g":120,"i":120,"k":120,"m":120,"o":120,"b":120,"d":120,"f":120,"h":120,"j":120,"l":120,"n":120,"p":120}},{"type":"Feature","geometry":{"type":"Polygon","coordinates":[[[126.60596,37.56935],[126.63191,37.56935],[126.63191,37.59531],[126.60596,37.59531],[126.60596,37.56935]]]},"properties":{"row":15,"col":1,"walk_min":187.0,"nearest_station_id":"kr_258","nearest_station_name":"Sangok","nearest_station_name_ko":"산곡","a":120,"c":120,"e":120,"g":120,"i":120,"k":120,"m":120,"o":120,"b":120,"d":120,"f":120,"h":120,"j":120,"l":120,"n":120,"p":120}},{"type":"Feature","geometry":{"type":"Polygon","coordinates":[[[126.89148,37.75105],[126.91744,37.75105],[126.91744,37.77701],[126.89148,37.77701],[126.89148,37.75105]]]},"properties":{"row":22,"col":12,"walk_min":185.2,"nearest_station_id":"kr_421","nearest_station_name":"Nogyang","nearest_station_name_ko":"녹양","a":120,"c":120,"e":120,"g":120,"i":120,"k":120,"m":120,"o":120,"b":120,"d":120,"f":120,"h":120,"j":120,"l":120,"n":120,"p":120}},{"type":"Feature","geometry":{"type":"Polygon","coordinates":[[[127.17701,37.23191],[127.20296,37.23191],[127.20296,37.25787],[127.17701,37.25787],[127.17701,37.23191]]]},"properties":{"row":2,"col":23,"walk_min":185.9,"nearest_station_id":"kr_233","nearest_station_name":"Suji-gu Office","nearest_station_name_ko":"수지구청","a":120,"c":120,"e":120,"g":120,"i":120,"k":120,"m":120,"o":120,"b":120,"d":120,"f":120,"h":120,"j":120,"l":120,"n":120,"p":120}},{"type":"Feature","geometry":{"type":"Polygon","coordinates":[[[126.68383,37.77701],[126.70978,37.77701],[126.70978,37.80296],[126.68383,37.80296],[126.68383,37.77701]]]},"properties":{"row":23,"col":4,"walk_min":196.9,"nearest_station_id":"kr_424","nearest_station_name":"Daehwa","nearest_station_name_ko":"대화","a":120,"c":120,"e":120,"g":120,"i":120,"k":120,"m":120,"o":120,"b":120,"d":120,"f":120,"h":120,"j":120,"l":120,"n":120,"p":120}},{"type":"Feature","geometry":{"type":"Polygon","coordinates":[[[126.86552,37.75105],[126.89148,37.75105],[126.89148,37.77701],[126.86552,37.77701],[126.86552,37.75105]]]},"properties":{"row":22,"col":11,"walk_min":198.1,"nearest_station_id":"kr_115","nearest_station_name":"Samsong","nearest_station_name_ko":"삼송","a":120,"c":120,"e":120,"g":120,"i":120,"k":120,"m":120,"o":120,"b":120,"d":120,"f":120,"h":120,"j":120,"l":120,"n":120,"p":120}},{"type":"Feature","geometry":{"type":"Polygon","coordinates":[[[127.20296,37.25787],[127.22892,37.25787],[127.22892,37.28383],[127.20296,37.28383],[127.20296,37.25787]]]},"properties":{"row":3,"col":24,"walk_min":189.3,"nearest_station_id":"kr_233","nearest_station_name":"Suji-gu Office","nearest_station_name_ko":"수지구청","a":120,"c":120,"e":120,"g":120,"i":120,"k":120,"m":120,"o":120,"b":120,"d":120,"f":120,"h":120,"j":120,"l":120,"n":120,"p":120}},{"type":"Feature","geometry":{"type":"Polygon","coordinates":[[[127.22892,37.33574],[127.25488,37.33574],[127.25488,37.3617],[127.22892,37.3617],[127.22892,37.33574]]]},"properties":{"row":6,"col":25,"walk_min":186.0,"nearest_station_id":"kr_149","nearest_station_name":"경기광주","nearest_station_name_ko":"경기광주","a":120,"c":120,"e":120,"g":120,"i":120,"k":120,"m":120,"o":120,"b":120,"d":120,"f":120,"h":120,"j":120,"l":120,"n":120,"p":120}},{"type":"Feature","geometry":{"type":"Polygon","coordinates":[[[127.17701,37.18],[127.20296,37.18],[127.20296,37.20596],[127.17701,37.20596],[127.17701,37.18]]]},"properties":{"row":0,"col":23,"walk_min":203.5,"nearest_station_id":"kr_416","nearest_station_name":"Osan College","nearest_station_name_ko":"오산대","a":120,"c":120,"e":120,"g":120,"i":120,"k":120,"m":120,"o":120,"b":120,"d":120,"f":120,"h":120,"j":120,"l":120,"n":120,"p":120}},{"type":"Feature","geometry":{"type":"Polygon","coordinates":[[[126.89148,37.77701],[126.91744,37.77701],[126.91744,37.80296],[126.89148,37.80296],[126.89148,37.77701]]]},"properties":{"row":23,"col":12,"walk_min":190.1,"nearest_station_id":"kr_092","nearest_station_name":"Yangju","nearest_station_name_ko":"양주","a":120,"c":120,"e":120,"g":120,"i":120,"k":120,"m":120,"o":120,"b":120,"d":120,"f":120,"h":120,"j":120,"l":120,"n":120,"p":120}},{"type":"Feature","geometry":{"type":"Polygon","coordinates":[[[126.60596,37.28383],[126.63191,37.28383],[126.63191,37.30978],[126.60596,37.30978],[126.60596,37.28383]]]},"properties":{"row":4,"col":1,"walk_min":323.4,"nearest_station_id":"kr_351","nearest_station_name":"Jeongwang","nearest_station_name_ko":"정왕","a":120,"c":120,"e":120,"g":120,"i":120,"k":120,"m":120,"o":120,"b":120,"d":120,"f":120,"h":120,"j":120,"l":120,"n":120,"p":120}},{"type":"Feature","geometry":{"type":"Polygon","coordinates":[[[127.20296,37.28383],[127.22892,37.28383],[127.22892,37.30978],[127.20296,37.30978],[127.20296,37.28383]]]},"properties":{"row":4,"col":24,"walk_min":194.8,"nearest_station_id":"kr_202","nearest_station_name":"Dongcheon","nearest_station_name_ko":"동천","a":120,"c":120,"e":120,"g":120,"i":120,"k":120,"m":120,"o":120,"b":120,"d":120,"f":120,"h":120,"j":120,"l":120,"n":120,"p":120}},{"type":"Feature","geometry":{"type":"Polygon","coordinates":[[[126.89148,37.80296],[126.91744,37.80296],[126.91744,37.82892],[126.89148,37.82892],[126.89148,37.80296]]]},"properties":{"row":24,"col":12,"walk_min":207.5,"nearest_station_id":"kr_092","nearest_station_name":"Yangju","nearest_station_name_ko":"양주","a":120,"c":120,"e":120,"g":120,"i":120,"k":120,"m":120,"o":120,"b":120,"d":120,"f":120,"h":120,"j":120,"l":120,"n":120,"p":120}},{"type":"Feature","geometry":{"type":"Polygon","coordinates":[[[126.83957,37.18],[126.86552,37.18],[126.86552,37.20596],[126.83957,37.20596],[126.83957,37.18]]]},"properties":{"row":0,"col":10,"walk_min":197.9,"nearest_station_id":"kr_114","nearest_station_name":"Sangnoksu","nearest_station_name_ko":"상록수","a":120,"c":120,"e":120,"g":120,"i":120,"k":120,"m":120,"o":120,"b":120,"d":120,"f":120,"h":120,"j":120,"l":120,"n":120,"p":120}},{"type":"Feature","geometry":{"type":"Polygon","coordinates":[[[126.58,37.28383],[126.60596,37.28383],[126.60596,37.30978],[126.58,37.30978],[126.58,37.28383]]]},"properties":{"row":4,"col":0,"walk_min":305.9,"nearest_station_id":"kr_351","nearest_station_name":"Jeongwang","nearest_station_name_ko":"정왕","a":120,"c":120,"e":120,"g":120,"i":120,"k":120,"m":120,"o":120,"b":120,"d":120,"f":120,"h":120,"j":120,"l":120,"n":120,"p":120}},{"type":"Feature","geometry":{"type":"Polygon","coordinates":[[[126.83957,37.75105],[126.86552,37.75105],[126.86552,37.77701],[126.83957,37.77701],[126.83957,37.75105]]]},"properties":{"row":22,"col":10,"walk_min":210.7,"nearest_station_id":"kr_145","nearest_station_name":"Wondang","nearest_station_name_ko":"원당","a":120,"c":120,"e":120,"g":120,"i":120,"k":120,"m":120,"o":120,"b":120,"d":120,"f":120,"h":120,"j":120,"l":120,"n":120,"p":120}},{"type":"Feature","geometry":{"type":"Polygon","coordinates":[[[126.60596,37.59531],[126.63191,37.59531],[126.63191,37.62126],[126.60596,37.62126],[126.60596,37.59531]]]},"properties":{"row":16,"col":1,"walk_min":203.1,"nearest_station_id":"kr_258","nearest_station_name":"Sangok","nearest_station_name_ko":"산곡","a":120,"c":120,"e":120,"g":120,"i":120,"k":120,"m":120,"o":120,"b":120,"d":120,"f":120,"h":120,"j":120,"l":120,"n":120,"p":120}},{"type":"Feature","geometry":{"type":"Polygon","coordinates":[[[127.20296,37.23191],[127.22892,37.23191],[127.22892,37.25787],[127.20296,37.25787],[127.20296,37.23191]]]},"properties":{"row":2,"col":24,"walk_min":207.7,"nearest_station_id":"kr_233","nearest_station_name":"Suji-gu Office","nearest_station_name_ko":"수지구청","a":120,"c":120,"e":120,"g":120,"i":120,"k":120,"m":120,"o":120,"b":120,"d":120,"f":120,"h":120,"j":120,"l":120,"n":120,"p":120}},{"type":"Feature","geometry":{"type":"Polygon","coordinates":[[[126.65787,37.62126],[126.68383,37.62126],[126.68383,37.64722],[126.65787,37.64722],[126.65787,37.62126]]]},"properties":{"row":17,"col":3,"walk_min":198.6,"nearest_station_id":"kr_424","nearest_station_name":"Daehwa","nearest_station_name_ko":"대화","a":120,"c":120,"e":120,"g":120,"i":120,"k":120,"m":120,"o":120,"b":120,"d":120,"f":120,"h":120,"j":120,"l":120,"n":120,"p":120}},{"type":"Feature","geometry":{"type":"Polygon","coordinates":[[[126.89148,37.18],[126.91744,37.18],[126.91744,37.20596],[126.89148,37.20596],[126.89148,37.18]]]},"properties":{"row":0,"col":12,"walk_min":199.9,"nearest_station_id":"kr_462","nearest_station_name":"Seryu","nearest_station_name_ko":"세류","a":120,"c":120,"e":120,"g":120,"i":120,"k":120,"m":120,"o":120,"b":120,"d":120,"f":120,"h":120,"j":120,"l":120,"n":120,"p":120}},{"type":"Feature","geometry":{"type":"Polygon","coordinates":[[[127.17701,37.82892],[127.20296,37.82892],[127.20296,37.85488],[127.17701,37.85488],[127.17701,37.82892]]]},"properties":{"row":25,"col":23,"walk_min":191.3,"nearest_station_id":"kr_119","nearest_station_name":"Deokjeong (Seojeong College)","nearest_station_name_ko":"덕정(서정대학)","a":120,"c":120,"e":120,"g":120,"i":120,"k":120,"m":120,"o":120,"b":120,"d":120,"f":120,"h":120,"j":120,"l":120,"n":120,"p":120}},{"type":"Feature","geometry":{"type":"Polygon","coordinates":[[[127.17701,37.20596],[127.20296,37.20596],[127.20296,37.23191],[127.17701,37.23191],[127.17701,37.20596]]]},"properties":{"row":1,"col":23,"walk_min":208.5,"nearest_station_id":"kr_466","nearest_station_name":"Seodongtan","nearest_station_name_ko":"서동탄","a":120,"c":120,"e":120,"g":120,"i":120,"k":120,"m":120,"o":120,"b":120,"d":120,"f":120,"h":120,"j":120,"l":120,"n":120,"p":120}},{"type":"Feature","geometry":{"type":"Polygon","coordinates":[[[127.22892,37.80296],[127.25488,37.80296],[127.25488,37.82892],[127.22892,37.82892],[127.22892,37.80296]]]},"properties":{"row":24,"col":25,"walk_min":205.9,"nearest_station_id":"kr_470","nearest_station_name":"Jinjeop","nearest_station_name_ko":"진접","a":120,"c":120,"e":120,"g":120,"i":120,"k":120,"m":120,"o":120,"b":120,"d":120,"f":120,"h":120,"j":120,"l":120,"n":120,"p":120}},{"type":"Feature","geometry":{"type":"Polygon","coordinates":[[[126.7617,37.20596],[126.78765,37.20596],[126.78765,37.23191],[126.7617,37.23191],[126.7617,37.20596]]]},"properties":{"row":1,"col":7,"walk_min":243.8,"nearest_station_id":"kr_230","nearest_station_name":"Choji","nearest_station_name_ko":"초지","a":120,"c":120,"e":120,"g":120,"i":120,"k":120,"m":120,"o":120,"b":120,"d":120,"f":120,"h":120,"j":120,"l":120,"n":120,"p":120}},{"type":"Feature","geometry":{"type":"Polygon","coordinates":[[[126.58,37.56935],[126.60596,37.56935],[126.60596,37.59531],[126.58,37.59531],[126.58,37.56935]]]},"properties":{"row":15,"col":0,"walk_min":213.5,"nearest_station_id":"kr_458","nearest_station_name":"Incheon","nearest_station_name_ko":"인천","a":120,"c":120,"e":120,"g":120,"i":120,"k":120,"m":120,"o":120,"b":120,"d":120,"f":120,"h":120,"j":120,"l":120,"n":120,"p":120}},{"type":"Feature","geometry":{"type":"Polygon","coordinates":[[[126.63191,37.62126],[126.65787,37.62126],[126.65787,37.64722],[126.63191,37.64722],[126.63191,37.62126]]]},"properties":{"row":17,"col":2,"walk_min":217.5,"nearest_station_id":"kr_424","nearest_station_name":"Daehwa","nearest_station_name_ko":"대화","a":120,"c":120,"e":120,"g":120,"i":120,"k":120,"m":120,"o":120,"b":120,"d":120,"f":120,"h":120,"j":120,"l":120,"n":120,"p":120}},{"type":"Feature","geometry":{"type":"Polygon","coordinates":[[[126.70978,37.80296],[126.73574,37.80296],[126.73574,37.82892],[126.70978,37.82892],[126.70978,37.80296]]]},"properties":{"row":24,"col":5,"walk_min":221.0,"nearest_station_id":"kr_424","nearest_station_name":"Daehwa","nearest_station_name_ko":"대화","a":120,"c":120,"e":120,"g":120,"i":120,"k":120,"m":120,"o":120,"b":120,"d":120,"f":120,"h":120,"j":120,"l":120,"n":120,"p":120}},{"type":"Feature","geometry":{"type":"Polygon","coordinates":[[[126.65787,37.64722],[126.68383,37.64722],[126.68383,37.67318],[126.65787,37.67318],[126.65787,37.64722]]]},"properties":{"row":18,"col":3,"walk_min":222.3,"nearest_station_id":"kr_424","nearest_station_name":"Daehwa","nearest_station_name_ko":"대화","a":120,"c":120,"e":120,"g":120,"i":120,"k":120,"m":120,"o":120,"b":120,"d":120,"f":120,"h":120,"j":120,"l":120,"n":120,"p":120}},{"type":"Feature","geometry":{"type":"Polygon","coordinates":[[[126.78765,37.77701],[126.81361,37.77701],[126.81361,37.80296],[126.78765,37.80296],[126.78765,37.77701]]]},"properties":{"row":23,"col":8,"walk_min":221.4,"nearest_station_id":"kr_424","nearest_station_name":"Daehwa","nearest_station_name_ko":"대화","a":120,"c":120,"e":120,"g":120,"i":120,"k":120,"m":120,"o":120,"b":120,"d":120,"f":120,"h":120,"j":120,"l":120,"n":120,"p":120}},{"type":"Feature","geometry":{"type":"Polygon","coordinates":[[[126.60596,37.62126],[126.63191,37.62126],[126.63191,37.64722],[126.60596,37.64722],[126.60596,37.62126]]]},"properties":{"row":17,"col":1,"walk_min":226.1,"nearest_station_id":"kr_424","nearest_station_name":"Daehwa","nearest_station_name_ko":"대화","a":120,"c":120,"e":120,"g":120,"i":120,"k":120,"m":120,"o":120,"b":120,"d":120,"f":120,"h":120,"j":120,"l":120,"n":120,"p":120}},{"type":"Feature","geometry":{"type":"Polygon","coordinates":[[[126.81361,37.18],[126.83957,37.18],[126.83957,37.20596],[126.81361,37.20596],[126.81361,37.18]]]},"properties":{"row":0,"col":9,"walk_min":222.7,"nearest_station_id":"kr_114","nearest_station_name":"Sangnoksu","nearest_station_name_ko":"상록수","a":120,"c":120,"e":120,"g":120,"i":120,"k":120,"m":120,"o":120,"b":120,"d":120,"f":120,"h":120,"j":120,"l":120,"n":120,"p":120}},{"type":"Feature","geometry":{"type":"Polygon","coordinates":[[[127.15105,37.15404],[127.17701,37.15404],[127.17701,37.18],[127.15105,37.18],[127.15105,37.15404]]]},"properties":{"row":-1,"col":22,"walk_min":205.1,"nearest_station_id":"kr_416","nearest_station_name":"Osan College","nearest_station_name_ko":"오산대","a":120,"c":120,"e":120,"g":120,"i":120,"k":120,"m":120,"o":120,"b":120,"d":120,"f":120,"h":120,"j":120,"l":120,"n":120,"p":120}},{"type":"Feature","geometry":{"type":"Polygon","coordinates":[[[126.60596,37.33574],[126.63191,37.33574],[126.63191,37.3617],[126.60596,37.3617],[126.60596,37.33574]]]},"properties":{"row":6,"col":1,"walk_min":223.1,"nearest_station_id":"kr_428","nearest_station_name":"Oido","nearest_station_name_ko":"오이도","a":120,"c":120,"e":120,"g":120,"i":120,"k":120,"m":120,"o":120,"b":120,"d":120,"f":120,"h":120,"j":120,"l":120,"n":120,"p":120}},{"type":"Feature","geometry":{"type":"Polygon","coordinates":[[[126.65787,37.77701],[126.68383,37.77701],[126.68383,37.80296],[126.65787,37.80296],[126.65787,37.77701]]]},"properties":{"row":23,"col":3,"walk_min":211.8,"nearest_station_id":"kr_424","nearest_station_name":"Daehwa","nearest_station_name_ko":"대화","a":120,"c":120,"e":120,"g":120,"i":120,"k":120,"m":120,"o":120,"b":120,"d":120,"f":120,"h":120,"j":120,"l":120,"n":120,"p":120}},{"type":"Feature","geometry":{"type":"Polygon","coordinates":[[[126.73574,37.80296],[126.7617,37.80296],[126.7617,37.82892],[126.73574,37.82892],[126.73574,37.80296]]]},"properties":{"row":24,"col":6,"walk_min":224.8,"nearest_station_id":"kr_424","nearest_station_name":"Daehwa","nearest_station_name_ko":"대화","a":120,"c":120,"e":120,"g":120,"i":120,"k":120,"m":120,"o":120,"b":120,"d":120,"f":120,"h":120,"j":120,"l":120,"n":120,"p":120}},{"type":"Feature","geometry":{"type":"Polygon","coordinates":[[[126.65787,37.75105],[126.68383,37.75105],[126.68383,37.77701],[126.65787,37.77701],[126.65787,37.75105]]]},"properties":{"row":22,"col":3,"walk_min":285.5,"nearest_station_id":"kr_424","nearest_station_name":"Daehwa","nearest_station_name_ko":"대화","a":120,"c":120,"e":120,"g":120,"i":120,"k":120,"m":120,"o":120,"b":120,"d":120,"f":120,"h":120,"j":120,"l":120,"n":120,"p":120}},{"type":"Feature","geometry":{"type":"Polygon","coordinates":[[[126.58,37.59531],[126.60596,37.59531],[126.60596,37.62126],[126.58,37.62126],[126.58,37.59531]]]},"properties":{"row":16,"col":0,"walk_min":230.8,"nearest_station_id":"kr_458","nearest_station_name":"Incheon","nearest_station_name_ko":"인천","a":120,"c":120,"e":120,"g":120,"i":120,"k":120,"m":120,"o":120,"b":120,"d":120,"f":120,"h":120,"j":120,"l":120,"n":120,"p":120}},{"type":"Feature","geometry":{"type":"Polygon","coordinates":[[[126.81361,37.75105],[126.83957,37.75105],[126.83957,37.77701],[126.81361,37.77701],[126.81361,37.75105]]]},"properties":{"row":22,"col":9,"walk_min":224.8,"nearest_station_id":"kr_350","nearest_station_name":"Juyeop","nearest_station_name_ko":"주엽","a":120,"c":120,"e":120,"g":120,"i":120,"k":120,"m":120,"o":120,"b":120,"d":120,"f":120,"h":120,"j":120,"l":120,"n":120,"p":120}},{"type":"Feature","geometry":{"type":"Polygon","coordinates":[[[126.7617,37.80296],[126.78765,37.80296],[126.78765,37.82892],[126.7617,37.82892],[126.7617,37.80296]]]},"properties":{"row":24,"col":7,"walk_min":223.9,"nearest_station_id":"kr_424","nearest_station_name":"Daehwa","nearest_station_name_ko":"대화","a":120,"c":120,"e":120,"g":120,"i":120,"k":120,"m":120,"o":120,"b":120,"d":120,"f":120,"h":120,"j":120,"l":120,"n":120,"p":120}},{"type":"Feature","geometry":{"type":"Polygon","coordinates":[[[126.78765,37.80296],[126.81361,37.80296],[126.81361,37.82892],[126.78765,37.82892],[126.78765,37.80296]]]},"properties":{"row":24,"col":8,"walk_min":268.4,"nearest_station_id":"kr_424","nearest_station_name":"Daehwa","nearest_station_name_ko":"대화","a":120,"c":120,"e":120,"g":120,"i":120,"k":120,"m":120,"o":120,"b":120,"d":120,"f":120,"h":120,"j":120,"l":120,"n":120,"p":120}},{"type":"Feature","geometry":{"type":"Polygon","coordinates":[[[127.20296,37.18],[127.22892,37.18],[127.22892,37.20596],[127.20296,37.20596],[127.20296,37.18]]]},"properties":{"row":0,"col":24,"walk_min":227.1,"nearest_station_id":"kr_416","nearest_station_name":"Osan College","nearest_station_name_ko":"오산대","a":120,"c":120,"e":120,"g":120,"i":120,"k":120,"m":120,"o":120,"b":120,"d":120,"f":120,"h":120,"j":120,"l":120,"n":120,"p":120}},{"type":"Feature","geometry":{"type":"Polygon","coordinates":[[[126.78765,37.18],[126.81361,37.18],[126.81361,37.20596],[126.78765,37.20596],[126.78765,37.18]]]},"properties":{"row":0,"col":8,"walk_min":235.4,"nearest_station_id":"kr_114","nearest_station_name":"Sangnoksu","nearest_station_name_ko":"상록수","a":120,"c":120,"e":120,"g":120,"i":120,"k":120,"m":120,"o":120,"b":120,"d":120,"f":120,"h":120,"j":120,"l":120,"n":120,"p":120}},{"type":"Feature","geometry":{"type":"Polygon","coordinates":[[[127.22892,37.25787],[127.25488,37.25787],[127.25488,37.28383],[127.22892,37.28383],[127.22892,37.25787]]]},"properties":{"row":3,"col":25,"walk_min":219.0,"nearest_station_id":"kr_173","nearest_station_name":"Chowol","nearest_station_name_ko":"초월","a":120,"c":120,"e":120,"g":120,"i":120,"k":120,"m":120,"o":120,"b":120,"d":120,"f":120,"h":120,"j":120,"l":120,"n":120,"p":120}},{"type":"Feature","geometry":{"type":"Polygon","coordinates":[[[126.86552,37.80296],[126.89148,37.80296],[126.89148,37.82892],[126.86552,37.82892],[126.86552,37.80296]]]},"properties":{"row":24,"col":11,"walk_min":247.8,"nearest_station_id":"kr_092","nearest_station_name":"Yangju","nearest_station_name_ko":"양주","a":120,"c":120,"e":120,"g":120,"i":120,"k":120,"m":120,"o":120,"b":120,"d":120,"f":120,"h":120,"j":120,"l":120,"n":120,"p":120}},{"type":"Feature","geometry":{"type":"Polygon","coordinates":[[[126.68383,37.80296],[126.70978,37.80296],[126.70978,37.82892],[126.68383,37.82892],[126.68383,37.80296]]]},"properties":{"row":24,"col":4,"walk_min":234.6,"nearest_station_id":"kr_424","nearest_station_name":"Daehwa","nearest_station_name_ko":"대화","a":120,"c":120,"e":120,"g":120,"i":120,"k":120,"m":120,"o":120,"b":120,"d":120,"f":120,"h":120,"j":120,"l":120,"n":120,"p":120}},{"type":"Feature","geometry":{"type":"Polygon","coordinates":[[[126.7617,37.18],[126.78765,37.18],[126.78765,37.20596],[126.7617,37.20596],[126.7617,37.18]]]},"properties":{"row":0,"col":7,"walk_min":236.3,"nearest_station_id":"kr_426","nearest_station_name":"Gojan","nearest_station_name_ko":"고잔","a":120,"c":120,"e":120,"g":120,"i":120,"k":120,"m":120,"o":120,"b":120,"d":120,"f":120,"h":120,"j":120,"l":120,"n":120,"p":120}},{"type":"Feature","geometry":{"type":"Polygon","coordinates":[[[126.86552,37.77701],[126.89148,37.77701],[126.89148,37.80296],[126.86552,37.80296],[126.86552,37.77701]]]},"properties":{"row":23,"col":11,"walk_min":232.6,"nearest_station_id":"kr_092","nearest_station_name":"Yangju","nearest_station_name_ko":"양주","a":120,"c":120,"e":120,"g":120,"i":120,"k":120,"m":120,"o":120,"b":120,"d":120,"f":120,"h":120,"j":120,"l":120,"n":120,"p":120}},{"type":"Feature","geometry":{"type":"Polygon","coordinates":[[[127.20296,37.20596],[127.22892,37.20596],[127.22892,37.23191],[127.20296,37.23191],[127.20296,37.20596]]]},"properties":{"row":1,"col":24,"walk_min":236.5,"nearest_station_id":"kr_416","nearest_station_name":"Osan College","nearest_station_name_ko":"오산대","a":120,"c":120,"e":120,"g":120,"i":120,"k":120,"m":120,"o":120,"b":120,"d":120,"f":120,"h":120,"j":120,"l":120,"n":120,"p":120}},{"type":"Feature","geometry":{"type":"Polygon","coordinates":[[[126.81361,37.77701],[126.83957,37.77701],[126.83957,37.80296],[126.81361,37.80296],[126.81361,37.77701]]]},"properties":{"row":23,"col":9,"walk_min":242.6,"nearest_station_id":"kr_424","nearest_station_name":"Daehwa","nearest_station_name_ko":"대화","a":120,"c":120,"e":120,"g":120,"i":120,"k":120,"m":120,"o":120,"b":120,"d":120,"f":120,"h":120,"j":120,"l":120,"n":120,"p":120}},{"type":"Feature","geometry":{"type":"Polygon","coordinates":[[[126.89148,37.15404],[126.91744,37.15404],[126.91744,37.18],[126.89148,37.18],[126.89148,37.15404]]]},"properties":{"row":-1,"col":12,"walk_min":228.6,"nearest_station_id":"kr_047","nearest_station_name":"Byeongjeom","nearest_station_name_ko":"병점","a":120,"c":120,"e":120,"g":120,"i":120,"k":120,"m":120,"o":120,"b":120,"d":120,"f":120,"h":120,"j":120,"l":120,"n":120,"p":120}},{"type":"Feature","geometry":{"type":"Polygon","coordinates":[[[126.83957,37.15404],[126.86552,37.15404],[126.86552,37.18],[126.83957,37.18],[126.83957,37.15404]]]},"properties":{"row":-1,"col":10,"walk_min":242.0,"nearest_station_id":"kr_114","nearest_station_name":"Sangnoksu","nearest_station_name_ko":"상록수","a":120,"c":120,"e":120,"g":120,"i":120,"k":120,"m":120,"o":120,"b":120,"d":120,"f":120,"h":120,"j":120,"l":120,"n":120,"p":120}},{"type":"Feature","geometry":{"type":"Polygon","coordinates":[[[126.89148,37.82892],[126.91744,37.82892],[126.91744,37.85488],[126.89148,37.85488],[126.89148,37.82892]]]},"properties":{"row":25,"col":12,"walk_min":238.4,"nearest_station_id":"kr_447","nearest_station_name":"Deokgye","nearest_station_name_ko":"덕계","a":120,"c":120,"e":120,"g":120,"i":120,"k":120,"m":120,"o":120,"b":120,"d":120,"f":120,"h":120,"j":120,"l":120,"n":120,"p":120}},{"type":"Feature","geometry":{"type":"Polygon","coordinates":[[[127.17701,37.15404],[127.20296,37.15404],[127.20296,37.18],[127.17701,37.18],[127.17701,37.15404]]]},"properties":{"row":-1,"col":23,"walk_min":245.8,"nearest_station_id":"kr_053","nearest_station_name":"Osan","nearest_station_name_ko":"오산","a":120,"c":120,"e":120,"g":120,"i":120,"k":120,"m":120,"o":120,"b":120,"d":120,"f":120,"h":120,"j":120,"l":120,"n":120,"p":120}},{"type":"Feature","geometry":{"type":"Polygon","coordinates":[[[126.63191,37.64722],[126.65787,37.64722],[126.65787,37.67318],[126.63191,37.67318],[126.63191,37.64722]]]},"properties":{"row":18,"col":2,"walk_min":246.7,"nearest_station_id":"kr_424","nearest_station_name":"Daehwa","nearest_station_name_ko":"대화","a":120,"c":120,"e":120,"g":120,"i":120,"k":120,"m":120,"o":120,"b":120,"d":120,"f":120,"h":120,"j":120,"l":120,"n":120,"p":120}},{"type":"Feature","geometry":{"type":"Polygon","coordinates":[[[126.65787,37.80296],[126.68383,37.80296],[126.68383,37.82892],[126.65787,37.82892],[126.65787,37.80296]]]},"properties":{"row":24,"col":3,"walk_min":230.6,"nearest_station_id":"kr_424","nearest_station_name":"Daehwa","nearest_station_name_ko":"대화","a":120,"c":120,"e":120,"g":120,"i":120,"k":120,"m":120,"o":120,"b":120,"d":120,"f":120,"h":120,"j":120,"l":120,"n":120,"p":120}},{"type":"Feature","geometry":{"type":"Polygon","coordinates":[[[127.22892,37.82892],[127.25488,37.82892],[127.25488,37.85488],[127.22892,37.85488],[127.22892,37.82892]]]},"properties":{"row":25,"col":25,"walk_min":240.8,"nearest_station_id":"kr_470","nearest_station_name":"Jinjeop","nearest_station_name_ko":"진접","a":120,"c":120,"e":120,"g":120,"i":120,"k":120,"m":120,"o":120,"b":120,"d":120,"f":120,"h":120,"j":120,"l":120,"n":120,"p":120}},{"type":"Feature","geometry":{"type":"Polygon","coordinates":[[[126.73574,37.18],[126.7617,37.18],[126.7617,37.20596],[126.73574,37.20596],[126.73574,37.18]]]},"properties":{"row":0,"col":6,"walk_min":252.6,"nearest_station_id":"kr_230","nearest_station_name":"Choji","nearest_station_name_ko":"초지","a":120,"c":120,"e":120,"g":120,"i":120,"k":120,"m":120,"o":120,"b":120,"d":120,"f":120,"h":120,"j":120,"l":120,"n":120,"p":120}},{"type":"Feature","geometry":{"type":"Polygon","coordinates":[[[126.58,37.33574],[126.60596,37.33574],[126.60596,37.3617],[126.58,37.3617],[126.58,37.33574]]]},"properties":{"row":6,"col":0,"walk_min":256.3,"nearest_station_id":"kr_428","nearest_station_name":"Oido","nearest_station_name_ko":"오이도","a":120,"c":120,"e":120,"g":120,"i":120,"k":120,"m":120,"o":120,"b":120,"d":120,"f":120,"h":120,"j":120,"l":120,"n":120,"p":120}},{"type":"Feature","geometry":{"type":"Polygon","coordinates":[[[126.58,37.62126],[126.60596,37.62126],[126.60596,37.64722],[126.58,37.64722],[126.58,37.62126]]]},"properties":{"row":17,"col":0,"walk_min":253.0,"nearest_station_id":"kr_424","nearest_station_name":"Daehwa","nearest_station_name_ko":"대화","a":120,"c":120,"e":120,"g":120,"i":120,"k":120,"m":120,"o":120,"b":120,"d":120,"f":120,"h":120,"j":120,"l":120,"n":120,"p":120}},{"type":"Feature","geometry":{"type":"Polygon","coordinates":[[[126.60596,37.64722],[126.63191,37.64722],[126.63191,37.67318],[126.60596,37.67318],[126.60596,37.64722]]]},"properties":{"row":18,"col":1,"walk_min":258.2,"nearest_station_id":"kr_424","nearest_station_name":"Daehwa","nearest_station_name_ko":"대화","a":120,"c":120,"e":120,"g":120,"i":120,"k":120,"m":120,"o":120,"b":120,"d":120,"f":120,"h":120,"j":120,"l":120,"n":120,"p":120}},{"type":"Feature","geometry":{"type":"Polygon","coordinates":[[[126.83957,37.77701],[126.86552,37.77701],[126.86552,37.80296],[126.83957,37.80296],[126.83957,37.77701]]]},"properties":{"row":23,"col":10,"walk_min":254.4,"nearest_station_id":"kr_145","nearest_station_name":"Wondang","nearest_station_name_ko":"원당","a":120,"c":120,"e":120,"g":120,"i":120,"k":120,"m":120,"o":120,"b":120,"d":120,"f":120,"h":120,"j":120,"l":120,"n":120,"p":120}},{"type":"Feature","geometry":{"type":"Polygon","coordinates":[[[126.7617,37.82892],[126.78765,37.82892],[126.78765,37.85488],[126.7617,37.85488],[126.7617,37.82892]]]},"properties":{"row":25,"col":7,"walk_min":247.1,"nearest_station_id":"kr_424","nearest_station_name":"Daehwa","nearest_station_name_ko":"대화","a":120,"c":120,"e":120,"g":120,"i":120,"k":120,"m":120,"o":120,"b":120,"d":120,"f":120,"h":120,"j":120,"l":120,"n":120,"p":120}},{"type":"Feature","geometry":{"type":"Polygon","coordinates":[[[126.83957,37.80296],[126.86552,37.80296],[126.86552,37.82892],[126.83957,37.82892],[126.83957,37.80296]]]},"properties":{"row":24,"col":10,"walk_min":270.4,"nearest_station_id":"kr_092","nearest_station_name":"Yangju","nearest_station_name_ko":"양주","a":120,"c":120,"e":120,"g":120,"i":120,"k":120,"m":120,"o":120,"b":120,"d":120,"f":120,"h":120,"j":120,"l":120,"n":120,"p":120}},{"type":"Feature","geometry":{"type":"Polygon","coordinates":[[[127.22892,37.18],[127.25488,37.18],[127.25488,37.20596],[127.22892,37.20596],[127.22892,37.18]]]},"properties":{"row":0,"col":25,"walk_min":287.5,"nearest_station_id":"kr_416","nearest_station_name":"Osan College","nearest_station_name_ko":"오산대","a":120,"c":120,"e":120,"g":120,"i":120,"k":120,"m":120,"o":120,"b":120,"d":120,"f":120,"h":120,"j":120,"l":120,"n":120,"p":120}},{"type":"Feature","geometry":{"type":"Polygon","coordinates":[[[126.81361,37.80296],[126.83957,37.80296],[126.83957,37.82892],[126.81361,37.82892],[126.81361,37.80296]]]},"properties":{"row":24,"col":9,"walk_min":268.0,"nearest_station_id":"kr_424","nearest_station_name":"Daehwa","nearest_station_name_ko":"대화","a":120,"c":120,"e":120,"g":120,"i":120,"k":120,"m":120,"o":120,"b":120,"d":120,"f":120,"h":120,"j":120,"l":120,"n":120,"p":120}},{"type":"Feature","geometry":{"type":"Polygon","coordinates":[[[127.20296,37.15404],[127.22892,37.15404],[127.22892,37.18],[127.20296,37.18],[127.20296,37.15404]]]},"properties":{"row":-1,"col":24,"walk_min":261.1,"nearest_station_id":"kr_053","nearest_station_name":"Osan","nearest_station_name_ko":"오산","a":120,"c":120,"e":120,"g":120,"i":120,"k":120,"m":120,"o":120,"b":120,"d":120,"f":120,"h":120,"j":120,"l":120,"n":120,"p":120}},{"type":"Feature","geometry":{"type":"Polygon","coordinates":[[[126.63191,37.67318],[126.65787,37.67318],[126.65787,37.69914],[126.63191,37.69914],[126.63191,37.67318]]]},"properties":{"row":19,"col":2,"walk_min":273.4,"nearest_station_id":"kr_424","nearest_station_name":"Daehwa","nearest_station_name_ko":"대화","a":120,"c":120,"e":120,"g":120,"i":120,"k":120,"m":120,"o":120,"b":120,"d":120,"f":120,"h":120,"j":120,"l":120,"n":120,"p":120}},{"type":"Feature","geometry":{"type":"Polygon","coordinates":[[[126.58,37.64722],[126.60596,37.64722],[126.60596,37.67318],[126.58,37.67318],[126.58,37.64722]]]},"properties":{"row":18,"col":0,"walk_min":277.3,"nearest_station_id":"kr_424","nearest_station_name":"Daehwa","nearest_station_name_ko":"대화","a":120,"c":120,"e":120,"g":120,"i":120,"k":120,"m":120,"o":120,"b":120,"d":120,"f":120,"h":120,"j":120,"l":120,"n":120,"p":120}},{"type":"Feature","geometry":{"type":"Polygon","coordinates":[[[126.73574,37.20596],[126.7617,37.20596],[126.7617,37.23191],[126.73574,37.23191],[126.73574,37.20596]]]},"properties":{"row":1,"col":6,"walk_min":283.1,"nearest_station_id":"kr_230","nearest_station_name":"Choji","nearest_station_name_ko":"초지","a":120,"c":120,"e":120,"g":120,"i":120,"k":120,"m":120,"o":120,"b":120,"d":120,"f":120,"h":120,"j":120,"l":120,"n":120,"p":120}},{"type":"Feature","geometry":{"type":"Polygon","coordinates":[[[127.25488,37.82892],[127.28083,37.82892],[127.28083,37.85488],[127.25488,37.85488],[127.25488,37.82892]]]},"properties":{"row":25,"col":26,"walk_min":262.9,"nearest_station_id":"kr_470","nearest_station_name":"Jinjeop","nearest_station_name_ko":"진접","a":120,"c":120,"e":120,"g":120,"i":120,"k":120,"m":120,"o":120,"b":120,"d":120,"f":120,"h":120,"j":120,"l":120,"n":120,"p":120}},{"type":"Feature","geometry":{"type":"Polygon","coordinates":[[[126.70978,37.18],[126.73574,37.18],[126.73574,37.20596],[126.70978,37.20596],[126.70978,37.18]]]},"properties":{"row":0,"col":5,"walk_min":287.6,"nearest_station_id":"kr_230","nearest_station_name":"Choji","nearest_station_name_ko":"초지","a":120,"c":120,"e":120,"g":120,"i":120,"k":120,"m":120,"o":120,"b":120,"d":120,"f":120,"h":120,"j":120,"l":120,"n":120,"p":120}},{"type":"Feature","geometry":{"type":"Polygon","coordinates":[[[126.70978,37.20596],[126.73574,37.20596],[126.73574,37.23191],[126.70978,37.23191],[126.70978,37.20596]]]},"properties":{"row":1,"col":5,"walk_min":291.8,"nearest_station_id":"kr_263","nearest_station_name":"Ansan","nearest_station_name_ko":"안산","a":120,"c":120,"e":120,"g":120,"i":120,"k":120,"m":120,"o":120,"b":120,"d":120,"f":120,"h":120,"j":120,"l":120,"n":120,"p":120}},{"type":"Feature","geometry":{"type":"Polygon","coordinates":[[[126.78765,37.15404],[126.81361,37.15404],[126.81361,37.18],[126.78765,37.18],[126.78765,37.15404]]]},"properties":{"row":-1,"col":8,"walk_min":282.5,"nearest_station_id":"kr_114","nearest_station_name":"Sangnoksu","nearest_station_name_ko":"상록수","a":120,"c":120,"e":120,"g":120,"i":120,"k":120,"m":120,"o":120,"b":120,"d":120,"f":120,"h":120,"j":120,"l":120,"n":120,"p":120}},{"type":"Feature","geometry":{"type":"Polygon","coordinates":[[[126.60596,37.67318],[126.63191,37.67318],[126.63191,37.69914],[126.60596,37.69914],[126.60596,37.67318]]]},"properties":{"row":19,"col":1,"walk_min":297.8,"nearest_station_id":"kr_424","nearest_station_name":"Daehwa","nearest_station_name_ko":"대화","a":120,"c":120,"e":120,"g":120,"i":120,"k":120,"m":120,"o":120,"b":120,"d":120,"f":120,"h":120,"j":120,"l":120,"n":120,"p":120}},{"type":"Feature","geometry":{"type":"Polygon","coordinates":[[[126.73574,37.15404],[126.7617,37.15404],[126.7617,37.18],[126.73574,37.18],[126.73574,37.15404]]]},"properties":{"row":-1,"col":6,"walk_min":282.9,"nearest_station_id":"kr_230","nearest_station_name":"Choji","nearest_station_name_ko":"초지","a":120,"c":120,"e":120,"g":120,"i":120,"k":120,"m":120,"o":120,"b":120,"d":120,"f":120,"h":120,"j":120,"l":120,"n":120,"p":120}},{"type":"Feature","geometry":{"type":"Polygon","coordinates":[[[126.7617,37.15404],[126.78765,37.15404],[126.78765,37.18],[126.7617,37.18],[126.7617,37.15404]]]},"properties":{"row":-1,"col":7,"walk_min":284.5,"nearest_station_id":"kr_114","nearest_station_name":"Sangnoksu","nearest_station_name_ko":"상록수","a":120,"c":120,"e":120,"g":120,"i":120,"k":120,"m":120,"o":120,"b":120,"d":120,"f":120,"h":120,"j":120,"l":120,"n":120,"p":120}},{"type":"Feature","geometry":{"type":"Polygon","coordinates":[[[126.58,37.67318],[126.60596,37.67318],[126.60596,37.69914],[126.58,37.69914],[126.58,37.67318]]]},"properties":{"row":19,"col":0,"walk_min":308.4,"nearest_station_id":"kr_424","nearest_station_name":"Daehwa","nearest_station_name_ko":"대화","a":120,"c":120,"e":120,"g":120,"i":120,"k":120,"m":120,"o":120,"b":120,"d":120,"f":120,"h":120,"j":120,"l":120,"n":120,"p":120}},{"type":"Feature","geometry":{"type":"Polygon","coordinates":[[[126.63191,37.69914],[126.65787,37.69914],[126.65787,37.72509],[126.63191,37.72509],[126.63191,37.69914]]]},"properties":{"row":20,"col":2,"walk_min":306.5,"nearest_station_id":"kr_424","nearest_station_name":"Daehwa","nearest_station_name_ko":"대화","a":120,"c":120,"e":120,"g":120,"i":120,"k":120,"m":120,"o":120,"b":120,"d":120,"f":120,"h":120,"j":120,"l":120,"n":120,"p":120}},{"type":"Feature","geometry":{"type":"Polygon","coordinates":[[[126.70978,37.15404],[126.73574,37.15404],[126.73574,37.18],[126.70978,37.18],[126.70978,37.15404]]]},"properties":{"row":-1,"col":5,"walk_min":314.0,"nearest_station_id":"kr_230","nearest_station_name":"Choji","nearest_station_name_ko":"초지","a":120,"c":120,"e":120,"g":120,"i":120,"k":120,"m":120,"o":120,"b":120,"d":120,"f":120,"h":120,"j":120,"l":120,"n":120,"p":120}},{"type":"Feature","geometry":{"type":"Polygon","coordinates":[[[126.55404,37.62126],[126.58,37.62126],[126.58,37.64722],[126.55404,37.64722],[126.55404,37.62126]]]},"properties":{"row":17,"col":-1,"walk_min":297.7,"nearest_station_id":"kr_424","nearest_station_name":"Daehwa","nearest_station_name_ko":"대화","a":120,"c":120,"e":120,"g":120,"i":120,"k":120,"m":120,"o":120,"b":120,"d":120,"f":120,"h":120,"j":120,"l":120,"n":120,"p":120}},{"type":"Feature","geometry":{"type":"Polygon","coordinates":[[[126.73574,37.23191],[126.7617,37.23191],[126.7617,37.25787],[126.73574,37.25787],[126.73574,37.23191]]]},"properties":{"row":2,"col":6,"walk_min":323.6,"nearest_station_id":"kr_263","nearest_station_name":"Ansan","nearest_station_name_ko":"안산","a":120,"c":120,"e":120,"g":120,"i":120,"k":120,"m":120,"o":120,"b":120,"d":120,"f":120,"h":120,"j":120,"l":120,"n":120,"p":120}},{"type":"Feature","geometry":{"type":"Polygon","coordinates":[[[126.60596,37.69914],[126.63191,37.69914],[126.63191,37.72509],[126.60596,37.72509],[126.60596,37.69914]]]},"properties":{"row":20,"col":1,"walk_min":327.4,"nearest_station_id":"kr_424","nearest_station_name":"Daehwa","nearest_station_name_ko":"대화","a":120,"c":120,"e":120,"g":120,"i":120,"k":120,"m":120,"o":120,"b":120,"d":120,"f":120,"h":120,"j":120,"l":120,"n":120,"p":120}},{"type":"Feature","geometry":{"type":"Polygon","coordinates":[[[126.70978,37.23191],[126.73574,37.23191],[126.73574,37.25787],[126.70978,37.25787],[126.70978,37.23191]]]},"properties":{"row":2,"col":5,"walk_min":328.7,"nearest_station_id":"kr_263","nearest_station_name":"Ansan","nearest_station_name_ko":"안산","a":120,"c":120,"e":120,"g":120,"i":120,"k":120,"m":120,"o":120,"b":120,"d":120,"f":120,"h":120,"j":120,"l":120,"n":120,"p":120}},{"type":"Feature","geometry":{"type":"Polygon","coordinates":[[[126.68383,37.20596],[126.70978,37.20596],[126.70978,37.23191],[126.68383,37.23191],[126.68383,37.20596]]]},"properties":{"row":1,"col":4,"walk_min":325.5,"nearest_station_id":"kr_263","nearest_station_name":"Ansan","nearest_station_name_ko":"안산","a":120,"c":120,"e":120,"g":120,"i":120,"k":120,"m":120,"o":120,"b":120,"d":120,"f":120,"h":120,"j":120,"l":120,"n":120,"p":120}},{"type":"Feature","geometry":{"type":"Polygon","coordinates":[[[126.68383,37.18],[126.70978,37.18],[126.70978,37.20596],[126.68383,37.20596],[126.68383,37.18]]]},"properties":{"row":0,"col":4,"walk_min":324.9,"nearest_station_id":"kr_263","nearest_station_name":"Ansan","nearest_station_name_ko":"안산","a":120,"c":120,"e":120,"g":120,"i":120,"k":120,"m":120,"o":120,"b":120,"d":120,"f":120,"h":120,"j":120,"l":120,"n":120,"p":120}},{"type":"Feature","geometry":{"type":"Polygon","coordinates":[[[126.68383,37.23191],[126.70978,37.23191],[126.70978,37.25787],[126.68383,37.25787],[126.68383,37.23191]]]},"properties":{"row":2,"col":4,"walk_min":341.6,"nearest_station_id":"kr_427","nearest_station_name":"Singiloncheon","nearest_station_name_ko":"신길온천","a":120,"c":120,"e":120,"g":120,"i":120,"k":120,"m":120,"o":120,"b":120,"d":120,"f":120,"h":120,"j":120,"l":120,"n":120,"p":120}},{"type":"Feature","geometry":{"type":"Polygon","coordinates":[[[126.65787,37.72509],[126.68383,37.72509],[126.68383,37.75105],[126.65787,37.75105],[126.65787,37.72509]]]},"properties":{"row":21,"col":3,"walk_min":337.6,"nearest_station_id":"kr_424","nearest_station_name":"Daehwa","nearest_station_name_ko":"대화","a":120,"c":120,"e":120,"g":120,"i":120,"k":120,"m":120,"o":120,"b":120,"d":120,"f":120,"h":120,"j":120,"l":120,"n":120,"p":120}},{"type":"Feature","geometry":{"type":"Polygon","coordinates":[[[126.81361,37.82892],[126.83957,37.82892],[126.83957,37.85488],[126.81361,37.85488],[126.81361,37.82892]]]},"properties":{"row":25,"col":9,"walk_min":328.4,"nearest_station_id":"kr_424","nearest_station_name":"Daehwa","nearest_station_name_ko":"대화","a":120,"c":120,"e":120,"g":120,"i":120,"k":120,"m":120,"o":120,"b":120,"d":120,"f":120,"h":120,"j":120,"l":120,"n":120,"p":120}},{"type":"Feature","geometry":{"type":"Polygon","coordinates":[[[126.55404,37.67318],[126.58,37.67318],[126.58,37.69914],[126.55404,37.69914],[126.55404,37.67318]]]},"properties":{"row":19,"col":-1,"walk_min":336.7,"nearest_station_id":"kr_424","nearest_station_name":"Daehwa","nearest_station_name_ko":"대화","a":120,"c":120,"e":120,"g":120,"i":120,"k":120,"m":120,"o":120,"b":120,"d":120,"f":120,"h":120,"j":120,"l":120,"n":120,"p":120}},{"type":"Feature","geometry":{"type":"Polygon","coordinates":[[[126.58,37.69914],[126.60596,37.69914],[126.60596,37.72509],[126.58,37.72509],[126.58,37.69914]]]},"properties":{"row":20,"col":0,"walk_min":345.3,"nearest_station_id":"kr_424","nearest_station_name":"Daehwa","nearest_station_name_ko":"대화","a":120,"c":120,"e":120,"g":120,"i":120,"k":120,"m":120,"o":120,"b":120,"d":120,"f":120,"h":120,"j":120,"l":120,"n":120,"p":120}},{"type":"Feature","geometry":{"type":"Polygon","coordinates":[[[127.25488,37.18],[127.28083,37.18],[127.28083,37.20596],[127.25488,37.20596],[127.25488,37.18]]]},"properties":{"row":0,"col":26,"walk_min":335.4,"nearest_station_id":"kr_267","nearest_station_name":"이천","nearest_station_name_ko":"이천","a":120,"c":120,"e":120,"g":120,"i":120,"k":120,"m":120,"o":120,"b":120,"d":120,"f":120,"h":120,"j":120,"l":120,"n":120,"p":120}},{"type":"Feature","geometry":{"type":"Polygon","coordinates":[[[126.63191,37.72509],[126.65787,37.72509],[126.65787,37.75105],[126.63191,37.75105],[126.63191,37.72509]]]},"properties":{"row":21,"col":2,"walk_min":345.2,"nearest_station_id":"kr_424","nearest_station_name":"Daehwa","nearest_station_name_ko":"대화","a":120,"c":120,"e":120,"g":120,"i":120,"k":120,"m":120,"o":120,"b":120,"d":120,"f":120,"h":120,"j":120,"l":120,"n":120,"p":120}},{"type":"Feature","geometry":{"type":"Polygon","coordinates":[[[126.68383,37.15404],[126.70978,37.15404],[126.70978,37.18],[126.68383,37.18],[126.68383,37.15404]]]},"properties":{"row":-1,"col":4,"walk_min":336.5,"nearest_station_id":"kr_263","nearest_station_name":"Ansan","nearest_station_name_ko":"안산","a":120,"c":120,"e":120,"g":120,"i":120,"k":120,"m":120,"o":120,"b":120,"d":120,"f":120,"h":120,"j":120,"l":120,"n":120,"p":120}},{"type":"Feature","geometry":{"type":"Polygon","coordinates":[[[126.60596,37.72509],[126.63191,37.72509],[126.63191,37.75105],[126.60596,37.75105],[126.60596,37.72509]]]},"properties":{"row":21,"col":1,"walk_min":359.1,"nearest_station_id":"kr_424","nearest_station_name":"Daehwa","nearest_station_name_ko":"대화","a":120,"c":120,"e":120,"g":120,"i":120,"k":120,"m":120,"o":120,"b":120,"d":120,"f":120,"h":120,"j":120,"l":120,"n":120,"p":120}},{"type":"Feature","geometry":{"type":"Polygon","coordinates":[[[126.68383,37.12809],[126.70978,37.12809],[126.70978,37.15404],[126.68383,37.15404],[126.68383,37.12809]]]},"properties":{"row":-2,"col":4,"walk_min":339.7,"nearest_station_id":"kr_230","nearest_station_name":"Choji","nearest_station_name_ko":"초지","a":120,"c":120,"e":120,"g":120,"i":120,"k":120,"m":120,"o":120,"b":120,"d":120,"f":120,"h":120,"j":120,"l":120,"n":120,"p":120}},{"type":"Feature","geometry":{"type":"Polygon","coordinates":[[[126.65787,37.20596],[126.68383,37.20596],[126.68383,37.23191],[126.65787,37.23191],[126.65787,37.20596]]]},"properties":{"row":1,"col":3,"walk_min":368.2,"nearest_station_id":"kr_427","nearest_station_name":"Singiloncheon","nearest_station_name_ko":"신길온천","a":120,"c":120,"e":120,"g":120,"i":120,"k":120,"m":120,"o":120,"b":120,"d":120,"f":120,"h":120,"j":120,"l":120,"n":120,"p":120}},{"type":"Feature","geometry":{"type":"Polygon","coordinates":[[[126.65787,37.23191],[126.68383,37.23191],[126.68383,37.25787],[126.65787,37.25787],[126.65787,37.23191]]]},"properties":{"row":2,"col":3,"walk_min":364.1,"nearest_station_id":"kr_427","nearest_station_name":"Singiloncheon","nearest_station_name_ko":"신길온천","a":120,"c":120,"e":120,"g":120,"i":120,"k":120,"m":120,"o":120,"b":120,"d":120,"f":120,"h":120,"j":120,"l":120,"n":120,"p":120}},{"type":"Feature","geometry":{"type":"Polygon","coordinates":[[[126.73574,37.25787],[126.7617,37.25787],[126.7617,37.28383],[126.73574,37.28383],[126.73574,37.25787]]]},"properties":{"row":3,"col":6,"walk_min":364.0,"nearest_station_id":"kr_263","nearest_station_name":"Ansan","nearest_station_name_ko":"안산","a":120,"c":120,"e":120,"g":120,"i":120,"k":120,"m":120,"o":120,"b":120,"d":120,"f":120,"h":120,"j":120,"l":120,"n":120,"p":120}},{"type":"Feature","geometry":{"type":"Polygon","coordinates":[[[126.65787,37.18],[126.68383,37.18],[126.68383,37.20596],[126.65787,37.20596],[126.65787,37.18]]]},"properties":{"row":0,"col":3,"walk_min":398.4,"nearest_station_id":"kr_263","nearest_station_name":"Ansan","nearest_station_name_ko":"안산","a":120,"c":120,"e":120,"g":120,"i":120,"k":120,"m":120,"o":120,"b":120,"d":120,"f":120,"h":120,"j":120,"l":120,"n":120,"p":120}},{"type":"Feature","geometry":{"type":"Polygon","coordinates":[[[127.25488,37.15404],[127.28083,37.15404],[127.28083,37.18],[127.25488,37.18],[127.25488,37.15404]]]},"properties":{"row":-1,"col":26,"walk_min":353.7,"nearest_station_id":"kr_053","nearest_station_name":"Osan","nearest_station_name_ko":"오산","a":120,"c":120,"e":120,"g":120,"i":120,"k":120,"m":120,"o":120,"b":120,"d":120,"f":120,"h":120,"j":120,"l":120,"n":120,"p":120}},{"type":"Feature","geometry":{"type":"Polygon","coordinates":[[[126.58,37.72509],[126.60596,37.72509],[126.60596,37.75105],[126.58,37.75105],[126.58,37.72509]]]},"properties":{"row":21,"col":0,"walk_min":380.9,"nearest_station_id":"kr_424","nearest_station_name":"Daehwa","nearest_station_name_ko":"대화","a":120,"c":120,"e":120,"g":120,"i":120,"k":120,"m":120,"o":120,"b":120,"d":120,"f":120,"h":120,"j":120,"l":120,"n":120,"p":120}},{"type":"Feature","geometry":{"type":"Polygon","coordinates":[[[126.68383,37.25787],[126.70978,37.25787],[126.70978,37.28383],[126.68383,37.28383],[126.68383,37.25787]]]},"properties":{"row":3,"col":4,"walk_min":362.7,"nearest_station_id":"kr_427","nearest_station_name":"Singiloncheon","nearest_station_name_ko":"신길온천","a":120,"c":120,"e":120,"g":120,"i":120,"k":120,"m":120,"o":120,"b":120,"d":120,"f":120,"h":120,"j":120,"l":120,"n":120,"p":120}},{"type":"Feature","geometry":{"type":"Polygon","coordinates":[[[126.63191,37.75105],[126.65787,37.75105],[126.65787,37.77701],[126.63191,37.77701],[126.63191,37.75105]]]},"properties":{"row":22,"col":2,"walk_min":382.3,"nearest_station_id":"kr_424","nearest_station_name":"Daehwa","nearest_station_name_ko":"대화","a":120,"c":120,"e":120,"g":120,"i":120,"k":120,"m":120,"o":120,"b":120,"d":120,"f":120,"h":120,"j":120,"l":120,"n":120,"p":120}},{"type":"Feature","geometry":{"type":"Polygon","coordinates":[[[127.28083,37.15404],[127.30679,37.15404],[127.30679,37.18],[127.28083,37.18],[127.28083,37.15404]]]},"properties":{"row":-1,"col":27,"walk_min":388.1,"nearest_station_id":"kr_267","nearest_station_name":"이천","nearest_station_name_ko":"이천","a":120,"c":120,"e":120,"g":120,"i":120,"k":120,"m":120,"o":120,"b":120,"d":120,"f":120,"h":120,"j":120,"l":120,"n":120,"p":120}},{"type":"Feature","geometry":{"type":"Polygon","coordinates":[[[126.65787,37.25787],[126.68383,37.25787],[126.68383,37.28383],[126.65787,37.28383],[126.65787,37.25787]]]},"properties":{"row":3,"col":3,"walk_min":395.7,"nearest_station_id":"kr_351","nearest_station_name":"Jeongwang","nearest_station_name_ko":"정왕","a":120,"c":120,"e":120,"g":120,"i":120,"k":120,"m":120,"o":120,"b":120,"d":120,"f":120,"h":120,"j":120,"l":120,"n":120,"p":120}},{"type":"Feature","geometry":{"type":"Polygon","coordinates":[[[126.60596,37.75105],[126.63191,37.75105],[126.63191,37.77701],[126.60596,37.77701],[126.60596,37.75105]]]},"properties":{"row":22,"col":1,"walk_min":388.2,"nearest_station_id":"kr_424","nearest_station_name":"Daehwa","nearest_station_name_ko":"대화","a":120,"c":120,"e":120,"g":120,"i":120,"k":120,"m":120,"o":120,"b":120,"d":120,"f":120,"h":120,"j":120,"l":120,"n":120,"p":120}},{"type":"Feature","geometry":{"type":"Polygon","coordinates":[[[126.63191,37.23191],[126.65787,37.23191],[126.65787,37.25787],[126.63191,37.25787],[126.63191,37.23191]]]},"properties":{"row":2,"col":2,"walk_min":417.9,"nearest_station_id":"kr_351","nearest_station_name":"Jeongwang","nearest_station_name_ko":"정왕","a":120,"c":120,"e":120,"g":120,"i":120,"k":120,"m":120,"o":120,"b":120,"d":120,"f":120,"h":120,"j":120,"l":120,"n":120,"p":120}},{"type":"Feature","geometry":{"type":"Polygon","coordinates":[[[126.55404,37.69914],[126.58,37.69914],[126.58,37.72509],[126.55404,37.72509],[126.55404,37.69914]]]},"properties":{"row":20,"col":-1,"walk_min":390.3,"nearest_station_id":"kr_424","nearest_station_name":"Daehwa","nearest_station_name_ko":"대화","a":120,"c":120,"e":120,"g":120,"i":120,"k":120,"m":120,"o":120,"b":120,"d":120,"f":120,"h":120,"j":120,"l":120,"n":120,"p":120}},{"type":"Feature","geometry":{"type":"Polygon","coordinates":[[[127.28083,37.18],[127.30679,37.18],[127.30679,37.20596],[127.28083,37.20596],[127.28083,37.18]]]},"properties":{"row":0,"col":27,"walk_min":390.1,"nearest_station_id":"kr_267","nearest_station_name":"이천","nearest_station_name_ko":"이천","a":120,"c":120,"e":120,"g":120,"i":120,"k":120,"m":120,"o":120,"b":120,"d":120,"f":120,"h":120,"j":120,"l":120,"n":120,"p":120}},{"type":"Feature","geometry":{"type":"Polygon","coordinates":[[[126.63191,37.18],[126.65787,37.18],[126.65787,37.20596],[126.63191,37.20596],[126.63191,37.18]]]},"properties":{"row":0,"col":2,"walk_min":418.0,"nearest_station_id":"kr_427","nearest_station_name":"Singiloncheon","nearest_station_name_ko":"신길온천","a":120,"c":120,"e":120,"g":120,"i":120,"k":120,"m":120,"o":120,"b":120,"d":120,"f":120,"h":120,"j":120,"l":120,"n":120,"p":120}},{"type":"Feature","geometry":{"type":"Polygon","coordinates":[[[126.55404,37.72509],[126.58,37.72509],[126.58,37.75105],[126.55404,37.75105],[126.55404,37.72509]]]},"properties":{"row":21,"col":-1,"walk_min":407.9,"nearest_station_id":"kr_424","nearest_station_name":"Daehwa","nearest_station_name_ko":"대화","a":120,"c":120,"e":120,"g":120,"i":120,"k":120,"m":120,"o":120,"b":120,"d":120,"f":120,"h":120,"j":120,"l":120,"n":120,"p":120}},{"type":"Feature","geometry":{"type":"Polygon","coordinates":[[[126.70978,37.25787],[126.73574,37.25787],[126.73574,37.28383],[126.70978,37.28383],[126.70978,37.25787]]]},"properties":{"row":3,"col":5,"walk_min":397.2,"nearest_station_id":"kr_427","nearest_station_name":"Singiloncheon","nearest_station_name_ko":"신길온천","a":120,"c":120,"e":120,"g":120,"i":120,"k":120,"m":120,"o":120,"b":120,"d":120,"f":120,"h":120,"j":120,"l":120,"n":120,"p":120}},{"type":"Feature","geometry":{"type":"Polygon","coordinates":[[[126.63191,37.20596],[126.65787,37.20596],[126.65787,37.23191],[126.63191,37.23191],[126.63191,37.20596]]]},"properties":{"row":1,"col":2,"walk_min":443.1,"nearest_station_id":"kr_427","nearest_station_name":"Singiloncheon","nearest_station_name_ko":"신길온천","a":120,"c":120,"e":120,"g":120,"i":120,"k":120,"m":120,"o":120,"b":120,"d":120,"f":120,"h":120,"j":120,"l":120,"n":120,"p":120}},{"type":"Feature","geometry":{"type":"Polygon","coordinates":[[[126.65787,37.28383],[126.68383,37.28383],[126.68383,37.30978],[126.65787,37.30978],[126.65787,37.28383]]]},"properties":{"row":4,"col":3,"walk_min":432.6,"nearest_station_id":"kr_351","nearest_station_name":"Jeongwang","nearest_station_name_ko":"정왕","a":120,"c":120,"e":120,"g":120,"i":120,"k":120,"m":120,"o":120,"b":120,"d":120,"f":120,"h":120,"j":120,"l":120,"n":120,"p":120}},{"type":"Feature","geometry":{"type":"Polygon","coordinates":[[[126.63191,37.25787],[126.65787,37.25787],[126.65787,37.28383],[126.63191,37.28383],[126.63191,37.25787]]]},"properties":{"row":3,"col":2,"walk_min":453.5,"nearest_station_id":"kr_351","nearest_station_name":"Jeongwang","nearest_station_name_ko":"정왕","a":120,"c":120,"e":120,"g":120,"i":120,"k":120,"m":120,"o":120,"b":120,"d":120,"f":120,"h":120,"j":120,"l":120,"n":120,"p":120}},{"type":"Feature","geometry":{"type":"Polygon","coordinates":[[[126.63191,37.28383],[126.65787,37.28383],[126.65787,37.30978],[126.63191,37.30978],[126.63191,37.28383]]]},"properties":{"row":4,"col":2,"walk_min":451.4,"nearest_station_id":"kr_351","nearest_station_name":"Jeongwang","nearest_station_name_ko":"정왕","a":120,"c":120,"e":120,"g":120,"i":120,"k":120,"m":120,"o":120,"b":120,"d":120,"f":120,"h":120,"j":120,"l":120,"n":120,"p":120}},{"type":"Feature","geometry":{"type":"Polygon","coordinates":[[[126.60596,37.18],[126.63191,37.18],[126.63191,37.20596],[126.60596,37.20596],[126.60596,37.18]]]},"properties":{"row":0,"col":1,"walk_min":440.3,"nearest_station_id":"kr_427","nearest_station_name":"Singiloncheon","nearest_station_name_ko":"신길온천","a":120,"c":120,"e":120,"g":120,"i":120,"k":120,"m":120,"o":120,"b":120,"d":120,"f":120,"h":120,"j":120,"l":120,"n":120,"p":120}},{"type":"Feature","geometry":{"type":"Polygon","coordinates":[[[126.60596,37.23191],[126.63191,37.23191],[126.63191,37.25787],[126.60596,37.25787],[126.60596,37.23191]]]},"properties":{"row":2,"col":1,"walk_min":477.3,"nearest_station_id":"kr_351","nearest_station_name":"Jeongwang","nearest_station_name_ko":"정왕","a":120,"c":120,"e":120,"g":120,"i":120,"k":120,"m":120,"o":120,"b":120,"d":120,"f":120,"h":120,"j":120,"l":120,"n":120,"p":120}},{"type":"Feature","geometry":{"type":"Polygon","coordinates":[[[126.60596,37.20596],[126.63191,37.20596],[126.63191,37.23191],[126.60596,37.23191],[126.60596,37.20596]]]},"properties":{"row":1,"col":1,"walk_min":516.5,"nearest_station_id":"kr_351","nearest_station_name":"Jeongwang","nearest_station_name_ko":"정왕","a":120,"c":120,"e":120,"g":120,"i":120,"k":120,"m":120,"o":120,"b":120,"d":120,"f":120,"h":120,"j":120,"l":120,"n":120,"p":120}},{"type":"Feature","geometry":{"type":"Polygon","coordinates":[[[126.60596,37.25787],[126.63191,37.25787],[126.63191,37.28383],[126.60596,37.28383],[126.60596,37.25787]]]},"properties":{"row":3,"col":1,"walk_min":487.3,"nearest_station_id":"kr_351","nearest_station_name":"Jeongwang","nearest_station_name_ko":"정왕","a":120,"c":120,"e":120,"g":120,"i":120,"k":120,"m":120,"o":120,"b":120,"d":120,"f":120,"h":120,"j":120,"l":120,"n":120,"p":120}},{"type":"Feature","geometry":{"type":"Polygon","coordinates":[[[126.58,37.23191],[126.60596,37.23191],[126.60596,37.25787],[126.58,37.25787],[126.58,37.23191]]]},"properties":{"row":2,"col":0,"walk_min":510.7,"nearest_station_id":"kr_351","nearest_station_name":"Jeongwang","nearest_station_name_ko":"정왕","a":120,"c":120,"e":120,"g":120,"i":120,"k":120,"m":120,"o":120,"b":120,"d":120,"f":120,"h":120,"j":120,"l":120,"n":120,"p":120}},{"type":"Feature","geometry":{"type":"Polygon","coordinates":[[[126.58,37.25787],[126.60596,37.25787],[126.60596,37.28383],[126.58,37.28383],[126.58,37.25787]]]},"properties":{"row":3,"col":0,"walk_min":514.9,"nearest_station_id":"kr_351","nearest_station_name":"Jeongwang","nearest_station_name_ko":"정왕","a":120,"c":120,"e":120,"g":120,"i":120,"k":120,"m":120,"o":120,"b":120,"d":120,"f":120,"h":120,"j":120,"l":120,"n":120,"p":120}},{"type":"Feature","geometry":{"type":"Polygon","coordinates":[[[126.58,37.20596],[126.60596,37.20596],[126.60596,37.23191],[126.58,37.23191],[126.58,37.20596]]]},"properties":{"row":1,"col":0,"walk_min":551.9,"nearest_station_id":"kr_351","nearest_station_name":"Jeongwang","nearest_station_name_ko":"정왕","a":120,"c":120,"e":120,"g":120,"i":120,"k":120,"m":120,"o":120,"b":120,"d":120,"f":120,"h":120,"j":120,"l":120,"n":120,"p":120}},{"type":"Feature","geometry":{"type":"Polygon","coordinates":[[[126.55404,37.23191],[126.58,37.23191],[126.58,37.25787],[126.55404,37.25787],[126.55404,37.23191]]]},"properties":{"row":2,"col":-1,"walk_min":548.3,"nearest_station_id":"kr_351","nearest_station_name":"Jeongwang","nearest_station_name_ko":"정왕","a":120,"c":120,"e":120,"g":120,"i":120,"k":120,"m":120,"o":120,"b":120,"d":120,"f":120,"h":120,"j":120,"l":120,"n":120,"p":120}},{"type":"Feature","geometry":{"type":"Polygon","coordinates":[[[126.55404,37.25787],[126.58,37.25787],[126.58,37.28383],[126.55404,37.28383],[126.55404,37.25787]]]},"properties":{"row":3,"col":-1,"walk_min":560.0,"nearest_station_id":"kr_351","nearest_station_name":"Jeongwang","nearest_station_name_ko":"정왕","a":120,"c":120,"e":120,"g":120,"i":120,"k":120,"m":120,"o":120,"b":120,"d":120,"f":120,"h":120,"j":120,"l":120,"n":120,"p":120}},{"type":"Feature","geometry":{"type":"Polygon","coordinates":[[[126.55404,37.20596],[126.58,37.20596],[126.58,37.23191],[126.55404,37.23191],[126.55404,37.20596]]]},"properties":{"row":1,"col":-1,"walk_min":578.4,"nearest_station_id":"kr_351","nearest_station_name":"Jeongwang","nearest_station_name_ko":"정왕","a":120,"c":120,"e":120,"g":120,"i":120,"k":120,"m":120,"o":120,"b":120,"d":120,"f":120,"h":120,"j":120,"l":120,"n":120,"p":120}},{"type":"Feature","geometry":{"type":"Polygon","coordinates":[[[126.55404,37.18],[126.58,37.18],[126.58,37.20596],[126.55404,37.20596],[126.55404,37.18]]]},"properties":{"row":0,"col":-1,"walk_min":599.8,"nearest_station_id":"kr_351","nearest_station_name":"Jeongwang","nearest_station_name_ko":"정왕","a":120,"c":120,"e":120,"g":120,"i":120,"k":120,"m":120,"o":120,"b":120,"d":120,"f":120,"h":120,"j":120,"l":120,"n":120,"p":120}},{"type":"Feature","geometry":{"type":"Polygon","coordinates":[[[126.52809,37.20596],[126.55404,37.20596],[126.55404,37.23191],[126.52809,37.23191],[126.52809,37.20596]]]},"properties":{"row":1,"col":-2,"walk_min":605.0,"nearest_station_id":"kr_351","nearest_station_name":"Jeongwang","nearest_station_name_ko":"정왕","a":120,"c":120,"e":120,"g":120,"i":120,"k":120,"m":120,"o":120,"b":120,"d":120,"f":120,"h":120,"j":120,"l":120,"n":120,"p":120}},{"type":"Feature","geometry":{"type":"Polygon","coordinates":[[[126.52809,37.18],[126.55404,37.18],[126.55404,37.20596],[126.52809,37.20596],[126.52809,37.18]]]},"properties":{"row":0,"col":-2,"walk_min":611.8,"nearest_station_id":"kr_351","nearest_station_name":"Jeongwang","nearest_station_name_ko":"정왕","a":120,"c":120,"e":120,"g":120,"i":120,"k":120,"m":120,"o":120,"b":120,"d":120,"f":120,"h":120,"j":120,"l":120,"n":120,"p":120}}]}