{"type":"FeatureCollection","features":[{"type":"Feature","geometry":{"type":"Polygon","coordinates":[[[126.89148,37.50879],[126.90879,37.50879],[126.90879,37.52609],[126.89148,37.52609],[126.89148,37.50879]]]},"properties":{"row":19,"col":18,"walk_min":0.1,"nearest_station_id":"kr_282","nearest_station_name":"Mullae","nearest_station_name_ko":"문래","a":19,"c":22,"e":29,"g":34,"i":25,"k":42,"m":43,"o":11,"b":19,"d":22,"f":29,"h":34,"j":25,"l":42,"n":43,"p":11}},{"type":"Feature","geometry":{"type":"Polygon","coordinates":[[[126.99531,37.49148],[127.01261,37.49148],[127.01261,37.50879],[126.99531,37.50879],[126.99531,37.49148]]]},"properties":{"row":18,"col":24,"walk_min":1.5,"nearest_station_id":"kr_002","nearest_station_name":"Express Bus Terminal","nearest_station_name_ko":"고속터미널","a":20,"c":22,"e":8,"g":24,"i":12,"k":20,"m":32,"o":28,"b":20,"d":22,"f":8,"h":24,"j":12,"l":20,"n":32,"p":28}},{"type":"Feature","geometry":{"type":"Polygon","coordinates":[[[126.978,37.49148],[126.99531,37.49148],[126.99531,37.50879],[126.978,37.50879],[126.978,37.49148]]]},"properties":{"row":18,"col":23,"walk_min":2.3,"nearest_station_id":"kr_400","nearest_station_name":"Gubanpo","nearest_station_name_ko":"구반포","a":17,"c":20,"e":12,"g":29,"i":10,"k":25,"m":36,"o":26,"b":17,"d":20,"f":12,"h":29,"j":10,"l":25,"n":36,"p":26}},{"type":"Feature","geometry":{"type":"Polygon","coordinates":[[[126.92609,37.50879],[126.94339,37.50879],[126.94339,37.52609],[126.92609,37.52609],[126.92609,37.50879]]]},"properties":{"row":19,"col":20,"walk_min":1.0,"nearest_station_id":"kr_432","nearest_station_name":"Saetgang","nearest_station_name_ko":"샛강","a":15,"c":18,"e":21,"g":30,"i":17,"k":34,"m":39,"o":14,"b":15,"d":18,"f":21,"h":30,"j":17,"l":34,"n":39,"p":14}},{"type":"Feature","geometry":{"type":"Polygon","coordinates":[[[126.9607,37.54339],[126.978,37.54339],[126.978,37.5607],[126.9607,37.5607],[126.9607,37.54339]]]},"properties":{"row":21,"col":22,"walk_min":0.7,"nearest_station_id":"kr_005","nearest_station_name":"Seoul Station","nearest_station_name_ko":"서울역","a":1,"c":4,"e":25,"g":16,"i":21,"k":36,"m":25,"o":15,"b":1,"d":4,"f":25,"h":16,"j":21,"l":36,"n":25,"p":15}},{"type":"Feature","geometry":{"type":"Polygon","coordinates":[[[127.01261,37.49148],[127.02992,37.49148],[127.02992,37.50879],[127.01261,37.50879],[127.01261,37.49148]]]},"properties":{"row":18,"col":25,"walk_min":0.0,"nearest_station_id":"kr_006","nearest_station_name":"Sinnonhyeon","nearest_station_name_ko":"신논현","a":22,"c":24,"e":2,"g":22,"i":13,"k":15,"m":26,"o":30,"b":22,"d":24,"f":2,"h":22,"j":13,"l":15,"n":26,"p":30}},{"type":"Feature","geometry":{"type":"Polygon","coordinates":[[[126.978,37.5607],[126.99531,37.5607],[126.99531,37.578],[126.978,37.578],[126.978,37.5607]]]},"properties":{"row":22,"col":23,"walk_min":0.0,"nearest_station_id":"kr_018","nearest_station_name":"Jonggak","nearest_station_name_ko":"종각","a":5,"c":2,"e":26,"g":12,"i":25,"k":32,"m":21,"o":13,"b":5,"d":2,"f":26,"h":12,"j":25,"l":32,"n":21,"p":13}},{"type":"Feature","geometry":{"type":"Polygon","coordinates":[[[126.89148,37.43957],[126.90879,37.43957],[126.90879,37.45687],[126.89148,37.45687],[126.89148,37.43957]]]},"properties":{"row":15,"col":18,"walk_min":5.2,"nearest_station_id":"kr_008","nearest_station_name":"Geumcheon-gu Office","nearest_station_name_ko":"금천구청","a":31,"c":34,"e":41,"g":46,"i":37,"k":54,"m":55,"o":32,"b":31,"d":34,"f":41,"h":46,"j":37,"l":54,"n":55,"p":32}},{"type":"Feature","geometry":{"type":"Polygon","coordinates":[[[126.99531,37.5607],[127.01261,37.5607],[127.01261,37.578],[126.99531,37.578],[126.99531,37.5607]]]},"properties":{"row":22,"col":24,"walk_min":0.0,"nearest_station_id":"kr_050","nearest_station_name":"Jongno 5(o)-ga","nearest_station_name_ko":"종로5가","a":9,"c":6,"e":24,"g":10,"i":29,"k":30,"m":19,"o":17,"b":9,"d":6,"f":24,"h":10,"j":29,"l":30,"n":19,"p":17}},{"type":"Feature","geometry":{"type":"Polygon","coordinates":[[[126.90879,37.38765],[126.92609,37.38765],[126.92609,37.40496],[126.90879,37.40496],[126.90879,37.38765]]]},"properties":{"row":12,"col":19,"walk_min":18.3,"nearest_station_id":"kr_010","nearest_station_name":"Anyang","nearest_station_name_ko":"안양","a":57,"c":59,"e":66,"g":71,"i":57,"k":80,"m":80,"o":57,"b":57,"d":59,"f":66,"h":71,"j":57,"l":80,"n":80,"p":57}},{"type":"Feature","geometry":{"type":"Polygon","coordinates":[[[127.06453,37.50879],[127.08183,37.50879],[127.08183,37.52609],[127.06453,37.52609],[127.06453,37.50879]]]},"properties":{"row":19,"col":28,"walk_min":5.4,"nearest_station_id":"kr_012","nearest_station_name":"Sports Complex","nearest_station_name_ko":"종합운동장","a":37,"c":39,"e":15,"g":30,"i":26,"k":10,"m":21,"o":45,"b":37,"d":39,"f":15,"h":30,"j":26,"l":10,"n":21,"p":45}},{"type":"Feature","geometry":{"type":"Polygon","coordinates":[[[126.87418,37.50879],[126.89148,37.50879],[126.89148,37.52609],[126.87418,37.52609],[126.87418,37.50879]]]},"properties":{"row":19,"col":17,"walk_min":0.0,"nearest_station_id":"kr_151","nearest_station_name":"Dorimcheon","nearest_station_name_ko":"도림천","a":19,"c":22,"e":29,"g":34,"i":25,"k":42,"m":43,"o":16,"b":19,"d":22,"f":29,"h":34,"j":25,"l":42,"n":43,"p":16}},{"type":"Feature","geometry":{"type":"Polygon","coordinates":[[[126.9607,37.5607],[126.978,37.5607],[126.978,37.578],[126.9607,37.578],[126.9607,37.5607]]]},"properties":{"row":22,"col":22,"walk_min":0.9,"nearest_station_id":"kr_260","nearest_station_name":"서대문","nearest_station_name_ko":"서대문","a":13,"c":10,"e":30,"g":17,"i":28,"k":37,"m":26,"o":22,"b":13,"d":10,"f":30,"h":17,"j":28,"l":37,"n":26,"p":22}},{"type":"Feature","geometry":{"type":"Polygon","coordinates":[[[127.09914,37.49148],[127.11644,37.49148],[127.11644,37.50879],[127.09914,37.50879],[127.09914,37.49148]]]},"properties":{"row":18,"col":30,"walk_min":2.2,"nearest_station_id":"kr_066","nearest_station_name":"Songpa","nearest_station_name_ko":"송파","a":42,"c":43,"e":20,"g":33,"i":31,"k":15,"m":26,"o":50,"b":42,"d":43,"f":20,"h":33,"j":31,"l":15,"n":26,"p":50}},{"type":"Feature","geometry":{"type":"Polygon","coordinates":[[[127.02992,37.50879],[127.04722,37.50879],[127.04722,37.52609],[127.02992,37.52609],[127.02992,37.50879]]]},"properties":{"row":19,"col":26,"walk_min":1.1,"nearest_station_id":"kr_155","nearest_station_name":"Gangnam-gu Office","nearest_station_name_ko":"강남구청","a":28,"c":30,"e":15,"g":24,"i":20,"k":28,"m":33,"o":36,"b":28,"d":30,"f":15,"h":24,"j":20,"l":28,"n":33,"p":36}},{"type":"Feature","geometry":{"type":"Polygon","coordinates":[[[127.04722,37.50879],[127.06453,37.50879],[127.06453,37.52609],[127.04722,37.52609],[127.04722,37.50879]]]},"properties":{"row":19,"col":27,"walk_min":1.5,"nearest_station_id":"kr_166","nearest_station_name":"청담","nearest_station_name_ko":"청담","a":30,"c":32,"e":18,"g":22,"i":22,"k":30,"m":32,"o":38,"b":30,"d":32,"f":18,"h":22,"j":22,"l":30,"n":32,"p":38}},{"type":"Feature","geometry":{"type":"Polygon","coordinates":[[[126.87418,37.49148],[126.89148,37.49148],[126.89148,37.50879],[126.87418,37.50879],[126.87418,37.49148]]]},"properties":{"row":18,"col":17,"walk_min":4.1,"nearest_station_id":"kr_019","nearest_station_name":"Guro","nearest_station_name_ko":"구로","a":23,"c":26,"e":33,"g":38,"i":29,"k":46,"m":47,"o":20,"b":23,"d":26,"f":33,"h":38,"j":29,"l":46,"n":47,"p":20}},{"type":"Feature","geometry":{"type":"Polygon","coordinates":[[[127.02992,37.47418],[127.04722,37.47418],[127.04722,37.49148],[127.02992,37.49148],[127.02992,37.47418]]]},"properties":{"row":17,"col":26,"walk_min":2.3,"nearest_station_id":"kr_020","nearest_station_name":"Yangjae","nearest_station_name_ko":"양재","a":29,"c":31,"e":5,"g":30,"i":16,"k":21,"m":32,"o":38,"b":29,"d":31,"f":5,"h":30,"j":16,"l":21,"n":32,"p":38}},{"type":"Feature","geometry":{"type":"Polygon","coordinates":[[[127.01261,37.5607],[127.02992,37.5607],[127.02992,37.578],[127.01261,37.578],[127.01261,37.5607]]]},"properties":{"row":22,"col":25,"walk_min":0.0,"nearest_station_id":"kr_069","nearest_station_name":"Sindang","nearest_station_name_ko":"신당","a":11,"c":10,"e":23,"g":4,"i":31,"k":24,"m":13,"o":21,"b":11,"d":10,"f":23,"h":4,"j":31,"l":24,"n":13,"p":21}},{"type":"Feature","geometry":{"type":"Polygon","coordinates":[[[126.94339,37.37035],[126.9607,37.37035],[126.9607,37.38765],[126.94339,37.38765],[126.94339,37.37035]]]},"properties":{"row":11,"col":21,"walk_min":6.8,"nearest_station_id":"kr_023","nearest_station_name":"Geumjeong","nearest_station_name_ko":"금정","a":53,"c":56,"e":50,"g":67,"i":39,"k":65,"m":76,"o":54,"b":53,"d":56,"f":50,"h":67,"j":39,"l":65,"n":76,"p":54}},{"type":"Feature","geometry":{"type":"Polygon","coordinates":[[[126.80496,37.47418],[126.82226,37.47418],[126.82226,37.49148],[126.80496,37.49148],[126.80496,37.47418]]]},"properties":{"row":17,"col":13,"walk_min":4.6,"nearest_station_id":"kr_024","nearest_station_name":"Yeokgok","nearest_station_name_ko":"역곡","a":37,"c":39,"e":46,"g":51,"i":42,"k":59,"m":60,"o":33,"b":37,"d":39,"f":46,"h":51,"j":42,"l":59,"n":60,"p":33}},{"type":"Feature","geometry":{"type":"Polygon","coordinates":[[[127.02992,37.578],[127.04722,37.578],[127.04722,37.59531],[127.02992,37.59531],[127.02992,37.578]]]},"properties":{"row":23,"col":26,"walk_min":1.1,"nearest_station_id":"kr_131","nearest_station_name":"Korea Univ.","nearest_station_name_ko":"고려대","a":22,"c":21,"e":30,"g":18,"i":40,"k":39,"m":27,"o":33,"b":22,"d":21,"f":30,"h":18,"j":40,"l":39,"n":27,"p":33}},{"type":"Feature","geometry":{"type":"Polygon","coordinates":[[[127.01261,37.54339],[127.02992,37.54339],[127.02992,37.5607],[127.01261,37.5607],[127.01261,37.54339]]]},"properties":{"row":21,"col":25,"walk_min":1.3,"nearest_station_id":"kr_277","nearest_station_name":"신금호","nearest_station_name_ko":"신금호","a":13,"c":12,"e":21,"g":5,"i":31,"k":25,"m":14,"o":23,"b":13,"d":12,"f":21,"h":5,"j":31,"l":25,"n":14,"p":23}},{"type":"Feature","geometry":{"type":"Polygon","coordinates":[[[127.04722,37.578],[127.06453,37.578],[127.06453,37.59531],[127.04722,37.59531],[127.04722,37.578]]]},"properties":{"row":23,"col":27,"walk_min":2.8,"nearest_station_id":"kr_031","nearest_station_name":"Hoegi","nearest_station_name_ko":"회기","a":24,"c":22,"e":36,"g":22,"i":44,"k":36,"m":25,"o":33,"b":24,"d":22,"f":36,"h":22,"j":44,"l":36,"n":25,"p":33}},{"type":"Feature","geometry":{"type":"Polygon","coordinates":[[[126.94339,37.31844],[126.9607,37.31844],[126.9607,37.33574],[126.94339,37.33574],[126.94339,37.31844]]]},"properties":{"row":8,"col":21,"walk_min":22.9,"nearest_station_id":"kr_032","nearest_station_name":"Uiwang","nearest_station_name_ko":"의왕","a":80,"c":83,"e":77,"g":94,"i":66,"k":92,"m":103,"o":81,"b":80,"d":83,"f":77,"h":94,"j":66,"l":92,"n":103,"p":81}},{"type":"Feature","geometry":{"type":"Polygon","coordinates":[[[126.978,37.54339],[126.99531,37.54339],[126.99531,37.5607],[126.978,37.5607],[126.978,37.54339]]]},"properties":{"row":21,"col":23,"walk_min":5.5,"nearest_station_id":"kr_035","nearest_station_name":"Myeong-dong","nearest_station_name_ko":"명동","a":10,"c":12,"e":28,"g":16,"i":30,"k":36,"m":26,"o":24,"b":10,"d":12,"f":28,"h":16,"j":30,"l":36,"n":26,"p":24}},{"type":"Feature","geometry":{"type":"Polygon","coordinates":[[[127.04722,37.59531],[127.06453,37.59531],[127.06453,37.61261],[127.04722,37.61261],[127.04722,37.59531]]]},"properties":{"row":24,"col":27,"walk_min":2.5,"nearest_station_id":"kr_154","nearest_station_name":"상월곡","nearest_station_name_ko":"상월곡","a":28,"c":28,"e":36,"g":24,"i":46,"k":44,"m":34,"o":38,"b":28,"d":28,"f":36,"h":24,"j":46,"l":44,"n":34,"p":38}},{"type":"Feature","geometry":{"type":"Polygon","coordinates":[[[126.90879,37.50879],[126.92609,37.50879],[126.92609,37.52609],[126.90879,37.52609],[126.90879,37.50879]]]},"properties":{"row":19,"col":19,"walk_min":0.6,"nearest_station_id":"kr_095","nearest_station_name":"Singil","nearest_station_name_ko":"신길","a":17,"c":19,"e":23,"g":31,"i":19,"k":36,"m":41,"o":14,"b":17,"d":19,"f":23,"h":31,"j":19,"l":36,"n":41,"p":14}},{"type":"Feature","geometry":{"type":"Polygon","coordinates":[[[127.06453,37.59531],[127.08183,37.59531],[127.08183,37.61261],[127.06453,37.61261],[127.06453,37.59531]]]},"properties":{"row":24,"col":28,"walk_min":0.8,"nearest_station_id":"kr_037","nearest_station_name":"Sinimun (Korea National University of Arts)","nearest_station_name_ko":"신이문(한국예술종합학교)","a":26,"c":24,"e":38,"g":24,"i":46,"k":38,"m":26,"o":35,"b":26,"d":24,"f":38,"h":24,"j":46,"l":38,"n":26,"p":35}},{"type":"Feature","geometry":{"type":"Polygon","coordinates":[[[127.02992,37.45687],[127.04722,37.45687],[127.04722,37.47418],[127.02992,37.47418],[127.02992,37.45687]]]},"properties":{"row":16,"col":26,"walk_min":4.7,"nearest_station_id":"kr_038","nearest_station_name":"Yangjae Citizen's Forest","nearest_station_name_ko":"양재시민의숲","a":36,"c":37,"e":12,"g":36,"i":22,"k":27,"m":38,"o":44,"b":36,"d":37,"f":12,"h":36,"j":22,"l":27,"n":38,"p":44}},{"type":"Feature","geometry":{"type":"Polygon","coordinates":[[[127.06453,37.61261],[127.08183,37.61261],[127.08183,37.62992],[127.06453,37.62992],[127.06453,37.61261]]]},"properties":{"row":25,"col":28,"walk_min":0.1,"nearest_station_id":"kr_097","nearest_station_name":"태릉입구","nearest_station_name_ko":"태릉입구","a":33,"c":32,"e":41,"g":27,"i":50,"k":47,"m":36,"o":43,"b":33,"d":32,"f":41,"h":27,"j":50,"l":47,"n":36,"p":43}},{"type":"Feature","geometry":{"type":"Polygon","coordinates":[[[127.04722,37.43957],[127.06453,37.43957],[127.06453,37.45687],[127.04722,37.45687],[127.04722,37.43957]]]},"properties":{"row":15,"col":27,"walk_min":1.8,"nearest_station_id":"kr_040","nearest_station_name":"Cheonggyesan","nearest_station_name_ko":"청계산입구","a":38,"c":40,"e":14,"g":39,"i":25,"k":30,"m":41,"o":47,"b":38,"d":40,"f":14,"h":39,"j":25,"l":30,"n":41,"p":47}},{"type":"Feature","geometry":{"type":"Polygon","coordinates":[[[127.09914,37.38765],[127.11644,37.38765],[127.11644,37.40496],[127.09914,37.40496],[127.09914,37.38765]]]},"properties":{"row":12,"col":30,"walk_min":5.4,"nearest_station_id":"kr_041","nearest_station_name":"Pangyo","nearest_station_name_ko":"판교","a":56,"c":58,"e":32,"g":56,"i":42,"k":47,"m":58,"o":64,"b":56,"d":58,"f":32,"h":56,"j":42,"l":47,"n":58,"p":64}},{"type":"Feature","geometry":{"type":"Polygon","coordinates":[[[127.04722,37.61261],[127.06453,37.61261],[127.06453,37.62992],[127.04722,37.62992],[127.04722,37.61261]]]},"properties":{"row":25,"col":27,"walk_min":3.5,"nearest_station_id":"kr_042","nearest_station_name":"Kwangwoon University","nearest_station_name_ko":"광운대","a":34,"c":32,"e":46,"g":32,"i":54,"k":46,"m":34,"o":44,"b":34,"d":32,"f":46,"h":32,"j":54,"l":46,"n":34,"p":44}},{"type":"Feature","geometry":{"type":"Polygon","coordinates":[[[126.99531,37.24922],[127.01261,37.24922],[127.01261,37.26652],[126.99531,37.26652],[126.99531,37.24922]]]},"properties":{"row":4,"col":24,"walk_min":11.2,"nearest_station_id":"kr_043","nearest_station_name":"Suwon","nearest_station_name_ko":"수원","a":83,"c":85,"e":80,"g":97,"i":69,"k":95,"m":106,"o":83,"b":83,"d":85,"f":80,"h":97,"j":69,"l":95,"n":106,"p":83}},{"type":"Feature","geometry":{"type":"Polygon","coordinates":[[[127.02992,37.68183],[127.04722,37.68183],[127.04722,37.69914],[127.02992,37.69914],[127.02992,37.68183]]]},"properties":{"row":29,"col":26,"walk_min":6.2,"nearest_station_id":"kr_044","nearest_station_name":"Dobongsan","nearest_station_name_ko":"도봉산","a":51,"c":49,"e":63,"g":49,"i":71,"k":63,"m":52,"o":61,"b":51,"d":49,"f":63,"h":49,"j":71,"l":63,"n":52,"p":61}},{"type":"Feature","geometry":{"type":"Polygon","coordinates":[[[127.02992,37.64722],[127.04722,37.64722],[127.04722,37.66453],[127.02992,37.66453],[127.02992,37.64722]]]},"properties":{"row":27,"col":26,"walk_min":3.5,"nearest_station_id":"kr_270","nearest_station_name":"Chang-dong","nearest_station_name_ko":"창동","a":38,"c":36,"e":50,"g":36,"i":58,"k":56,"m":46,"o":48,"b":38,"d":36,"f":50,"h":36,"j":58,"l":56,"n":46,"p":48}},{"type":"Feature","geometry":{"type":"Polygon","coordinates":[[[127.06453,37.54339],[127.08183,37.54339],[127.08183,37.5607],[127.06453,37.5607],[127.06453,37.54339]]]},"properties":{"row":21,"col":28,"walk_min":0.9,"nearest_station_id":"kr_185","nearest_station_name":"어린이대공원","nearest_station_name_ko":"어린이대공원","a":28,"c":27,"e":26,"g":13,"i":31,"k":34,"m":23,"o":38,"b":28,"d":27,"f":26,"h":13,"j":31,"l":34,"n":23,"p":38}},{"type":"Feature","geometry":{"type":"Polygon","coordinates":[[[127.02992,37.1973],[127.04722,37.1973],[127.04722,37.21461],[127.02992,37.21461],[127.02992,37.1973]]]},"properties":{"row":1,"col":26,"walk_min":14.1,"nearest_station_id":"kr_047","nearest_station_name":"Byeongjeom","nearest_station_name_ko":"병점","a":99,"c":102,"e":96,"g":114,"i":85,"k":111,"m":120,"o":100,"b":99,"d":102,"f":96,"h":114,"j":85,"l":111,"n":120,"p":100}},{"type":"Feature","geometry":{"type":"Polygon","coordinates":[[[127.11644,37.50879],[127.13374,37.50879],[127.13374,37.52609],[127.11644,37.52609],[127.11644,37.50879]]]},"properties":{"row":19,"col":31,"walk_min":1.6,"nearest_station_id":"kr_048","nearest_station_name":"올림픽공원","nearest_station_name_ko":"올림픽공원","a":43,"c":42,"e":23,"g":29,"i":34,"k":18,"m":29,"o":53,"b":43,"d":42,"f":23,"h":29,"j":34,"l":18,"n":29,"p":53}},{"type":"Feature","geometry":{"type":"Polygon","coordinates":[[[126.89148,37.52609],[126.90879,37.52609],[126.90879,37.54339],[126.89148,37.54339],[126.89148,37.52609]]]},"properties":{"row":20,"col":18,"walk_min":0.7,"nearest_station_id":"kr_049","nearest_station_name":"Dangsan","nearest_station_name_ko":"당산","a":21,"c":19,"e":27,"g":32,"i":23,"k":40,"m":42,"o":8,"b":21,"d":19,"f":27,"h":32,"j":23,"l":40,"n":42,"p":8}},{"type":"Feature","geometry":{"type":"Polygon","coordinates":[[[127.11644,37.52609],[127.13374,37.52609],[127.13374,37.54339],[127.11644,37.54339],[127.11644,37.52609]]]},"properties":{"row":20,"col":31,"walk_min":0.8,"nearest_station_id":"kr_055","nearest_station_name":"Cheonho","nearest_station_name_ko":"천호","a":35,"c":34,"e":27,"g":20,"i":38,"k":22,"m":29,"o":45,"b":35,"d":34,"f":27,"h":20,"j":38,"l":22,"n":29,"p":45}},{"type":"Feature","geometry":{"type":"Polygon","coordinates":[[[126.99531,37.54339],[127.01261,37.54339],[127.01261,37.5607],[126.99531,37.5607],[126.99531,37.54339]]]},"properties":{"row":21,"col":24,"walk_min":2.6,"nearest_station_id":"kr_324","nearest_station_name":"버티고개","nearest_station_name_ko":"버티고개","a":17,"c":16,"e":21,"g":13,"i":27,"k":33,"m":22,"o":27,"b":17,"d":16,"f":21,"h":13,"j":27,"l":33,"n":22,"p":27}},{"type":"Feature","geometry":{"type":"Polygon","coordinates":[[[127.01261,37.50879],[127.02992,37.50879],[127.02992,37.52609],[127.01261,37.52609],[127.01261,37.50879]]]},"properties":{"row":19,"col":25,"walk_min":0.8,"nearest_station_id":"kr_056","nearest_station_name":"Sinsa","nearest_station_name_ko":"신사","a":21,"c":21,"e":6,"g":20,"i":16,"k":20,"m":29,"o":32,"b":21,"d":21,"f":6,"h":20,"j":16,"l":20,"n":29,"p":32}},{"type":"Feature","geometry":{"type":"Polygon","coordinates":[[[126.99531,37.578],[127.01261,37.578],[127.01261,37.59531],[126.99531,37.59531],[126.99531,37.578]]]},"properties":{"row":23,"col":24,"walk_min":1.8,"nearest_station_id":"kr_061","nearest_station_name":"Hansung Univ. (Samseongyo)","nearest_station_name_ko":"한성대입구(삼선교)","a":17,"c":15,"e":29,"g":15,"i":37,"k":35,"m":24,"o":26,"b":17,"d":15,"f":29,"h":15,"j":37,"l":35,"n":24,"p":26}},{"type":"Feature","geometry":{"type":"Polygon","coordinates":[[[127.01261,37.52609],[127.02992,37.52609],[127.02992,37.54339],[127.01261,37.54339],[127.01261,37.52609]]]},"properties":{"row":20,"col":25,"walk_min":5.9,"nearest_station_id":"kr_059","nearest_station_name":"Oksu","nearest_station_name_ko":"옥수","a":19,"c":19,"e":19,"g":18,"i":28,"k":32,"m":27,"o":30,"b":19,"d":19,"f":19,"h":18,"j":28,"l":32,"n":27,"p":30}},{"type":"Feature","geometry":{"type":"Polygon","coordinates":[[[126.77035,37.47418],[126.78765,37.47418],[126.78765,37.49148],[126.77035,37.49148],[126.77035,37.47418]]]},"properties":{"row":17,"col":11,"walk_min":5.2,"nearest_station_id":"kr_060","nearest_station_name":"Bucheon","nearest_station_name_ko":"부천","a":42,"c":44,"e":51,"g":56,"i":47,"k":65,"m":66,"o":39,"b":42,"d":44,"f":51,"h":56,"j":47,"l":65,"n":66,"p":39}},{"type":"Feature","geometry":{"type":"Polygon","coordinates":[[[127.02992,37.71644],[127.04722,37.71644],[127.04722,37.73374],[127.02992,37.73374],[127.02992,37.71644]]]},"properties":{"row":31,"col":26,"walk_min":6.8,"nearest_station_id":"kr_062","nearest_station_name":"Hoeryong","nearest_station_name_ko":"회룡","a":60,"c":58,"e":72,"g":58,"i":80,"k":71,"m":60,"o":69,"b":60,"d":58,"f":72,"h":58,"j":80,"l":71,"n":60,"p":69}},{"type":"Feature","geometry":{"type":"Polygon","coordinates":[[[126.94339,37.5607],[126.9607,37.5607],[126.9607,37.578],[126.94339,37.578],[126.94339,37.5607]]]},"properties":{"row":22,"col":21,"walk_min":4.8,"nearest_station_id":"kr_083","nearest_station_name":"Dongnimmun","nearest_station_name_ko":"독립문","a":19,"c":16,"e":36,"g":23,"i":39,"k":43,"m":32,"o":28,"b":19,"d":16,"f":36,"h":23,"j":39,"l":43,"n":32,"p":28}},{"type":"Feature","geometry":{"type":"Polygon","coordinates":[[[127.11644,37.49148],[127.13374,37.49148],[127.13374,37.50879],[127.11644,37.50879],[127.11644,37.49148]]]},"properties":{"row":18,"col":31,"walk_min":1.2,"nearest_station_id":"kr_253","nearest_station_name":"Ogeum","nearest_station_name_ko":"오금","a":46,"c":45,"e":25,"g":32,"i":35,"k":20,"m":31,"o":55,"b":46,"d":45,"f":25,"h":32,"j":35,"l":20,"n":31,"p":55}},{"type":"Feature","geometry":{"type":"Polygon","coordinates":[[[127.02992,37.73374],[127.04722,37.73374],[127.04722,37.75105],[127.02992,37.75105],[127.02992,37.73374]]]},"properties":{"row":32,"col":26,"walk_min":6.4,"nearest_station_id":"kr_448","nearest_station_name":"Ganeung","nearest_station_name_ko":"가능","a":65,"c":63,"e":77,"g":63,"i":85,"k":76,"m":65,"o":74,"b":65,"d":63,"f":77,"h":63,"j":85,"l":76,"n":65,"p":74}},{"type":"Feature","geometry":{"type":"Polygon","coordinates":[[[126.94339,37.578],[126.9607,37.578],[126.9607,37.59531],[126.94339,37.59531],[126.94339,37.578]]]},"properties":{"row":23,"col":21,"walk_min":7.4,"nearest_station_id":"kr_067","nearest_station_name":"무악재","nearest_station_name_ko":"무악재","a":24,"c":21,"e":41,"g":27,"i":43,"k":47,"m":36,"o":32,"b":24,"d":21,"f":41,"h":27,"j":43,"l":47,"n":36,"p":32}},{"type":"Feature","geometry":{"type":"Polygon","coordinates":[[[127.02992,37.5607],[127.04722,37.5607],[127.04722,37.578],[127.02992,37.578],[127.02992,37.5607]]]},"properties":{"row":22,"col":26,"walk_min":0.0,"nearest_station_id":"kr_214","nearest_station_name":"용두","nearest_station_name_ko":"용두","a":16,"c":14,"e":28,"g":14,"i":36,"k":22,"m":11,"o":25,"b":16,"d":14,"f":28,"h":14,"j":36,"l":22,"n":11,"p":25}},{"type":"Feature","geometry":{"type":"Polygon","coordinates":[[[126.94339,37.35305],[126.9607,37.35305],[126.9607,37.37035],[126.94339,37.37035],[126.94339,37.35305]]]},"properties":{"row":10,"col":21,"walk_min":17.8,"nearest_station_id":"kr_072","nearest_station_name":"Gunpo","nearest_station_name_ko":"군포","a":68,"c":70,"e":65,"g":82,"i":54,"k":80,"m":91,"o":68,"b":68,"d":70,"f":65,"h":82,"j":54,"l":80,"n":91,"p":68}},{"type":"Feature","geometry":{"type":"Polygon","coordinates":[[[126.87418,37.54339],[126.89148,37.54339],[126.89148,37.5607],[126.87418,37.5607],[126.87418,37.54339]]]},"properties":{"row":21,"col":17,"walk_min":12.8,"nearest_station_id":"kr_073","nearest_station_name":"Yeomchang","nearest_station_name_ko":"염창","a":39,"c":37,"e":44,"g":50,"i":40,"k":57,"m":59,"o":25,"b":39,"d":37,"f":44,"h":50,"j":40,"l":57,"n":59,"p":25}},{"type":"Feature","geometry":{"type":"Polygon","coordinates":[[[127.13374,37.52609],[127.15105,37.52609],[127.15105,37.54339],[127.13374,37.54339],[127.13374,37.52609]]]},"properties":{"row":20,"col":32,"walk_min":0.8,"nearest_station_id":"kr_107","nearest_station_name":"길동","nearest_station_name_ko":"길동","a":39,"c":38,"e":29,"g":24,"i":40,"k":24,"m":33,"o":49,"b":39,"d":38,"f":29,"h":24,"j":40,"l":24,"n":33,"p":49}},{"type":"Feature","geometry":{"type":"Polygon","coordinates":[[[126.82226,37.49148],[126.83957,37.49148],[126.83957,37.50879],[126.82226,37.50879],[126.82226,37.49148]]]},"properties":{"row":18,"col":14,"walk_min":9.7,"nearest_station_id":"kr_078","nearest_station_name":"Onsu","nearest_station_name_ko":"온수","a":41,"c":43,"e":50,"g":55,"i":46,"k":63,"m":64,"o":37,"b":41,"d":43,"f":50,"h":55,"j":46,"l":63,"n":64,"p":37}},{"type":"Feature","geometry":{"type":"Polygon","coordinates":[[[126.92609,37.59531],[126.94339,37.59531],[126.94339,37.61261],[126.92609,37.61261],[126.92609,37.59531]]]},"properties":{"row":24,"col":20,"walk_min":1.9,"nearest_station_id":"kr_080","nearest_station_name":"녹번","nearest_station_name_ko":"녹번","a":24,"c":21,"e":41,"g":28,"i":44,"k":48,"m":37,"o":33,"b":24,"d":21,"f":41,"h":28,"j":44,"l":48,"n":37,"p":33}},{"type":"Feature","geometry":{"type":"Polygon","coordinates":[[[126.92609,37.35305],[126.94339,37.35305],[126.94339,37.37035],[126.92609,37.37035],[126.92609,37.35305]]]},"properties":{"row":10,"col":20,"walk_min":14.1,"nearest_station_id":"kr_081","nearest_station_name":"Sanbon","nearest_station_name_ko":"산본","a":64,"c":66,"e":61,"g":78,"i":50,"k":76,"m":87,"o":64,"b":64,"d":66,"f":61,"h":78,"j":50,"l":76,"n":87,"p":64}},{"type":"Feature","geometry":{"type":"Polygon","coordinates":[[[127.01261,37.59531],[127.02992,37.59531],[127.02992,37.61261],[127.01261,37.61261],[127.01261,37.59531]]]},"properties":{"row":24,"col":25,"walk_min":4.1,"nearest_station_id":"kr_082","nearest_station_name":"Gireum","nearest_station_name_ko":"길음","a":24,"c":22,"e":36,"g":23,"i":44,"k":43,"m":32,"o":34,"b":24,"d":22,"f":36,"h":23,"j":44,"l":43,"n":32,"p":34}},{"type":"Feature","geometry":{"type":"Polygon","coordinates":[[[126.9607,37.28383],[126.978,37.28383],[126.978,37.30113],[126.9607,37.30113],[126.9607,37.28383]]]},"properties":{"row":6,"col":22,"walk_min":7.0,"nearest_station_id":"kr_086","nearest_station_name":"Sungkyunkwan University","nearest_station_name_ko":"성균관대","a":70,"c":72,"e":67,"g":84,"i":56,"k":82,"m":93,"o":70,"b":70,"d":72,"f":67,"h":84,"j":56,"l":82,"n":93,"p":70}},{"type":"Feature","geometry":{"type":"Polygon","coordinates":[[[127.08183,37.54339],[127.09914,37.54339],[127.09914,37.5607],[127.08183,37.5607],[127.08183,37.54339]]]},"properties":{"row":21,"col":29,"walk_min":5.8,"nearest_station_id":"kr_087","nearest_station_name":"아차산","nearest_station_name_ko":"아차산","a":33,"c":32,"e":36,"g":18,"i":41,"k":34,"m":27,"o":43,"b":33,"d":32,"f":36,"h":18,"j":41,"l":34,"n":27,"p":43}},{"type":"Feature","geometry":{"type":"Polygon","coordinates":[[[127.09914,37.54339],[127.11644,37.54339],[127.11644,37.5607],[127.09914,37.5607],[127.09914,37.54339]]]},"properties":{"row":21,"col":30,"walk_min":19.6,"nearest_station_id":"kr_088","nearest_station_name":"광나루","nearest_station_name_ko":"광나루","a":50,"c":49,"e":50,"g":35,"i":58,"k":45,"m":45,"o":60,"b":50,"d":49,"f":50,"h":35,"j":58,"l":45,"n":45,"p":60}},{"type":"Feature","geometry":{"type":"Polygon","coordinates":[[[127.02992,37.61261],[127.04722,37.61261],[127.04722,37.62992],[127.02992,37.62992],[127.02992,37.61261]]]},"properties":{"row":25,"col":26,"walk_min":8.9,"nearest_station_id":"kr_091","nearest_station_name":"Miasageori","nearest_station_name_ko":"미아사거리","a":32,"c":30,"e":44,"g":30,"i":52,"k":50,"m":39,"o":41,"b":32,"d":30,"f":44,"h":30,"j":52,"l":50,"n":39,"p":41}},{"type":"Feature","geometry":{"type":"Polygon","coordinates":[[[127.02992,37.76835],[127.04722,37.76835],[127.04722,37.78566],[127.02992,37.78566],[127.02992,37.76835]]]},"properties":{"row":34,"col":26,"walk_min":7.2,"nearest_station_id":"kr_092","nearest_station_name":"Yangju","nearest_station_name_ko":"양주","a":71,"c":69,"e":83,"g":69,"i":91,"k":82,"m":71,"o":80,"b":71,"d":69,"f":83,"h":69,"j":91,"l":82,"n":71,"p":80}},{"type":"Feature","geometry":{"type":"Polygon","coordinates":[[[127.08183,37.5607],[127.09914,37.5607],[127.09914,37.578],[127.08183,37.578],[127.08183,37.5607]]]},"properties":{"row":22,"col":29,"walk_min":3.8,"nearest_station_id":"kr_111","nearest_station_name":"용마산","nearest_station_name_ko":"용마산","a":33,"c":32,"e":36,"g":18,"i":41,"k":39,"m":28,"o":43,"b":33,"d":32,"f":36,"h":18,"j":41,"l":39,"n":28,"p":43}},{"type":"Feature","geometry":{"type":"Polygon","coordinates":[[[127.04722,37.5607],[127.06453,37.5607],[127.06453,37.578],[127.04722,37.578],[127.04722,37.5607]]]},"properties":{"row":22,"col":27,"walk_min":5.0,"nearest_station_id":"kr_099","nearest_station_name":"답십리","nearest_station_name_ko":"답십리","a":24,"c":22,"e":33,"g":9,"i":43,"k":29,"m":18,"o":34,"b":24,"d":22,"f":33,"h":9,"j":43,"l":29,"n":18,"p":34}},{"type":"Feature","geometry":{"type":"Polygon","coordinates":[[[126.94339,37.54339],[126.9607,37.54339],[126.9607,37.5607],[126.94339,37.5607],[126.94339,37.54339]]]},"properties":{"row":21,"col":21,"walk_min":0.8,"nearest_station_id":"kr_257","nearest_station_name":"애오개","nearest_station_name_ko":"애오개","a":14,"c":14,"e":28,"g":21,"i":24,"k":41,"m":30,"o":23,"b":14,"d":14,"f":28,"h":21,"j":24,"l":41,"n":30,"p":23}},{"type":"Feature","geometry":{"type":"Polygon","coordinates":[[[127.01261,37.578],[127.02992,37.578],[127.02992,37.59531],[127.01261,37.59531],[127.01261,37.578]]]},"properties":{"row":23,"col":25,"walk_min":0.3,"nearest_station_id":"kr_112","nearest_station_name":"Bomun","nearest_station_name_ko":"보문","a":17,"c":16,"e":26,"g":13,"i":35,"k":34,"m":22,"o":28,"b":17,"d":16,"f":26,"h":13,"j":35,"l":34,"n":22,"p":28}},{"type":"Feature","geometry":{"type":"Polygon","coordinates":[[[126.83957,37.5607],[126.85687,37.5607],[126.85687,37.578],[126.83957,37.578],[126.83957,37.5607]]]},"properties":{"row":22,"col":15,"walk_min":3.1,"nearest_station_id":"kr_430","nearest_station_name":"Yangcheon Hyanggyo","nearest_station_name_ko":"양천향교","a":37,"c":35,"e":42,"g":48,"i":38,"k":55,"m":57,"o":23,"b":37,"d":35,"f":42,"h":48,"j":38,"l":55,"n":57,"p":23}},{"type":"Feature","geometry":{"type":"Polygon","coordinates":[[[127.06453,37.5607],[127.08183,37.5607],[127.08183,37.578],[127.06453,37.578],[127.06453,37.5607]]]},"properties":{"row":22,"col":28,"walk_min":6.0,"nearest_station_id":"kr_098","nearest_station_name":"중곡","nearest_station_name_ko":"중곡","a":33,"c":32,"e":36,"g":18,"i":41,"k":39,"m":27,"o":43,"b":33,"d":32,"f":36,"h":18,"j":41,"l":39,"n":27,"p":43}},{"type":"Feature","geometry":{"type":"Polygon","coordinates":[[[126.90879,37.64722],[126.92609,37.64722],[126.92609,37.66453],[126.90879,37.66453],[126.90879,37.64722]]]},"properties":{"row":27,"col":19,"walk_min":8.9,"nearest_station_id":"kr_104","nearest_station_name":"Jichuk","nearest_station_name_ko":"지축","a":43,"c":41,"e":60,"g":47,"i":63,"k":67,"m":56,"o":52,"b":43,"d":41,"f":60,"h":47,"j":63,"l":67,"n":56,"p":52}},{"type":"Feature","geometry":{"type":"Polygon","coordinates":[[[126.71844,37.47418],[126.73574,37.47418],[126.73574,37.49148],[126.71844,37.49148],[126.71844,37.47418]]]},"properties":{"row":17,"col":8,"walk_min":11.4,"nearest_station_id":"kr_105","nearest_station_name":"Bupyeong","nearest_station_name_ko":"부평","a":58,"c":61,"e":68,"g":73,"i":64,"k":81,"m":82,"o":55,"b":58,"d":61,"f":68,"h":73,"j":64,"l":81,"n":82,"p":55}},{"type":"Feature","geometry":{"type":"Polygon","coordinates":[[[127.01261,37.61261],[127.02992,37.61261],[127.02992,37.62992],[127.01261,37.62992],[127.01261,37.61261]]]},"properties":{"row":25,"col":25,"walk_min":4.9,"nearest_station_id":"kr_106","nearest_station_name":"Mia","nearest_station_name_ko":"미아","a":31,"c":29,"e":43,"g":29,"i":51,"k":50,"m":39,"o":41,"b":31,"d":29,"f":43,"h":29,"j":51,"l":50,"n":39,"p":41}},{"type":"Feature","geometry":{"type":"Polygon","coordinates":[[[127.11644,37.38765],[127.13374,37.38765],[127.13374,37.40496],[127.11644,37.40496],[127.11644,37.38765]]]},"properties":{"row":12,"col":31,"walk_min":3.8,"nearest_station_id":"kr_108","nearest_station_name":"Imae","nearest_station_name_ko":"이매","a":58,"c":60,"e":34,"g":58,"i":44,"k":49,"m":60,"o":66,"b":58,"d":60,"f":34,"h":58,"j":44,"l":49,"n":60,"p":66}},{"type":"Feature","geometry":{"type":"Polygon","coordinates":[[[126.85687,37.30113],[126.87418,37.30113],[126.87418,37.31844],[126.85687,37.31844],[126.85687,37.30113]]]},"properties":{"row":7,"col":16,"walk_min":6.9,"nearest_station_id":"kr_114","nearest_station_name":"Sangnoksu","nearest_station_name_ko":"상록수","a":73,"c":75,"e":70,"g":87,"i":59,"k":85,"m":96,"o":73,"b":73,"d":75,"f":70,"h":87,"j":59,"l":85,"n":96,"p":73}},{"type":"Feature","geometry":{"type":"Polygon","coordinates":[[[126.89148,37.64722],[126.90879,37.64722],[126.90879,37.66453],[126.89148,37.66453],[126.89148,37.64722]]]},"properties":{"row":27,"col":18,"walk_min":7.7,"nearest_station_id":"kr_115","nearest_station_name":"Samsong","nearest_station_name_ko":"삼송","a":46,"c":43,"e":63,"g":50,"i":66,"k":70,"m":59,"o":55,"b":46,"d":43,"f":63,"h":50,"j":66,"l":70,"n":59,"p":55}},{"type":"Feature","geometry":{"type":"Polygon","coordinates":[[[127.01261,37.62992],[127.02992,37.62992],[127.02992,37.64722],[127.01261,37.64722],[127.01261,37.62992]]]},"properties":{"row":26,"col":25,"walk_min":3.2,"nearest_station_id":"kr_116","nearest_station_name":"Suyu (Gangbuk-gu Office)","nearest_station_name_ko":"수유(강북구청)","a":32,"c":30,"e":44,"g":30,"i":52,"k":51,"m":39,"o":41,"b":32,"d":30,"f":44,"h":30,"j":52,"l":51,"n":39,"p":41}},{"type":"Feature","geometry":{"type":"Polygon","coordinates":[[[127.11644,37.47418],[127.13374,37.47418],[127.13374,37.49148],[127.11644,37.49148],[127.11644,37.47418]]]},"properties":{"row":17,"col":31,"walk_min":2.2,"nearest_station_id":"kr_117","nearest_station_name":"Munjeong","nearest_station_name_ko":"문정","a":46,"c":48,"e":24,"g":38,"i":35,"k":19,"m":30,"o":54,"b":46,"d":48,"f":24,"h":38,"j":35,"l":19,"n":30,"p":54}},{"type":"Feature","geometry":{"type":"Polygon","coordinates":[[[127.13374,37.54339],[127.15105,37.54339],[127.15105,37.5607],[127.13374,37.5607],[127.13374,37.54339]]]},"properties":{"row":21,"col":32,"walk_min":1.3,"nearest_station_id":"kr_128","nearest_station_name":"명일","nearest_station_name_ko":"명일","a":43,"c":41,"e":33,"g":28,"i":43,"k":28,"m":37,"o":53,"b":43,"d":41,"f":33,"h":28,"j":43,"l":28,"n":37,"p":53}},{"type":"Feature","geometry":{"type":"Polygon","coordinates":[[[127.08183,37.578],[127.09914,37.578],[127.09914,37.59531],[127.08183,37.59531],[127.08183,37.578]]]},"properties":{"row":23,"col":29,"walk_min":1.5,"nearest_station_id":"kr_124","nearest_station_name":"면목","nearest_station_name_ko":"면목","a":34,"c":34,"e":38,"g":20,"i":42,"k":40,"m":30,"o":44,"b":34,"d":34,"f":38,"h":20,"j":42,"l":40,"n":30,"p":44}},{"type":"Feature","geometry":{"type":"Polygon","coordinates":[[[126.85687,37.64722],[126.87418,37.64722],[126.87418,37.66453],[126.85687,37.66453],[126.85687,37.64722]]]},"properties":{"row":27,"col":16,"walk_min":12.1,"nearest_station_id":"kr_126","nearest_station_name":"Wonheung","nearest_station_name_ko":"원흥","a":54,"c":51,"e":71,"g":58,"i":74,"k":78,"m":67,"o":63,"b":54,"d":51,"f":71,"h":58,"j":74,"l":78,"n":67,"p":63}},{"type":"Feature","geometry":{"type":"Polygon","coordinates":[[[126.82226,37.5607],[126.83957,37.5607],[126.83957,37.578],[126.82226,37.578],[126.82226,37.5607]]]},"properties":{"row":22,"col":14,"walk_min":2.7,"nearest_station_id":"kr_132","nearest_station_name":"마곡나루","nearest_station_name_ko":"마곡나루","a":39,"c":36,"e":44,"g":50,"i":40,"k":57,"m":59,"o":25,"b":39,"d":36,"f":44,"h":50,"j":40,"l":57,"n":59,"p":25}},{"type":"Feature","geometry":{"type":"Polygon","coordinates":[[[126.978,37.47418],[126.99531,37.47418],[126.99531,37.49148],[126.978,37.49148],[126.978,37.47418]]]},"properties":{"row":17,"col":23,"walk_min":0.8,"nearest_station_id":"kr_153","nearest_station_name":"Isu","nearest_station_name_ko":"이수","a":26,"c":29,"e":13,"g":31,"i":19,"k":27,"m":38,"o":35,"b":26,"d":29,"f":13,"h":31,"j":19,"l":27,"n":38,"p":35}},{"type":"Feature","geometry":{"type":"Polygon","coordinates":[[[126.90879,37.61261],[126.92609,37.61261],[126.92609,37.62992],[126.90879,37.62992],[126.90879,37.61261]]]},"properties":{"row":25,"col":19,"walk_min":3.0,"nearest_station_id":"kr_162","nearest_station_name":"연신내","nearest_station_name_ko":"연신내","a":30,"c":28,"e":47,"g":34,"i":50,"k":54,"m":43,"o":39,"b":30,"d":28,"f":47,"h":34,"j":50,"l":54,"n":43,"p":39}},{"type":"Feature","geometry":{"type":"Polygon","coordinates":[[[126.9607,37.52609],[126.978,37.52609],[126.978,37.54339],[126.9607,37.54339],[126.9607,37.52609]]]},"properties":{"row":20,"col":22,"walk_min":0.8,"nearest_station_id":"kr_136","nearest_station_name":"Samgakji","nearest_station_name_ko":"삼각지","a":6,"c":9,"e":20,"g":20,"i":16,"k":33,"m":29,"o":20,"b":6,"d":9,"f":20,"h":20,"j":16,"l":33,"n":29,"p":20}},{"type":"Feature","geometry":{"type":"Polygon","coordinates":[[[126.92609,37.54339],[126.94339,37.54339],[126.94339,37.5607],[126.92609,37.5607],[126.92609,37.54339]]]},"properties":{"row":21,"col":20,"walk_min":0.7,"nearest_station_id":"kr_376","nearest_station_name":"Sinchon","nearest_station_name_ko":"신촌","a":12,"c":10,"e":35,"g":23,"i":32,"k":43,"m":32,"o":4,"b":12,"d":10,"f":35,"h":23,"j":32,"l":43,"n":32,"p":4}},{"type":"Feature","geometry":{"type":"Polygon","coordinates":[[[127.08183,37.59531],[127.09914,37.59531],[127.09914,37.61261],[127.08183,37.61261],[127.08183,37.59531]]]},"properties":{"row":24,"col":29,"walk_min":5.6,"nearest_station_id":"kr_141","nearest_station_name":"상봉","nearest_station_name_ko":"상봉","a":41,"c":40,"e":44,"g":26,"i":49,"k":47,"m":36,"o":51,"b":41,"d":40,"f":44,"h":26,"j":49,"l":47,"n":36,"p":51}},{"type":"Feature","geometry":{"type":"Polygon","coordinates":[[[127.02992,37.59531],[127.04722,37.59531],[127.04722,37.61261],[127.02992,37.61261],[127.02992,37.59531]]]},"properties":{"row":24,"col":26,"walk_min":2.5,"nearest_station_id":"kr_142","nearest_station_name":"월곡","nearest_station_name_ko":"월곡","a":26,"c":26,"e":34,"g":22,"i":44,"k":44,"m":32,"o":38,"b":26,"d":26,"f":34,"h":22,"j":44,"l":44,"n":32,"p":38}},{"type":"Feature","geometry":{"type":"Polygon","coordinates":[[[126.83957,37.64722],[126.85687,37.64722],[126.85687,37.66453],[126.83957,37.66453],[126.83957,37.64722]]]},"properties":{"row":27,"col":15,"walk_min":7.2,"nearest_station_id":"kr_145","nearest_station_name":"Wondang","nearest_station_name_ko":"원당","a":54,"c":52,"e":71,"g":58,"i":74,"k":78,"m":67,"o":63,"b":54,"d":52,"f":71,"h":58,"j":74,"l":78,"n":67,"p":63}},{"type":"Feature","geometry":{"type":"Polygon","coordinates":[[[127.11644,37.45687],[127.13374,37.45687],[127.13374,37.47418],[127.11644,37.47418],[127.11644,37.45687]]]},"properties":{"row":16,"col":31,"walk_min":7.2,"nearest_station_id":"kr_146","nearest_station_name":"Bokjeong","nearest_station_name_ko":"복정","a":55,"c":57,"e":33,"g":47,"i":44,"k":28,"m":39,"o":63,"b":55,"d":57,"f":33,"h":47,"j":44,"l":28,"n":39,"p":63}},{"type":"Feature","geometry":{"type":"Polygon","coordinates":[[[127.15105,37.54339],[127.16835,37.54339],[127.16835,37.5607],[127.15105,37.5607],[127.15105,37.54339]]]},"properties":{"row":21,"col":33,"walk_min":3.1,"nearest_station_id":"kr_147","nearest_station_name":"Godeok","nearest_station_name_ko":"고덕","a":47,"c":46,"e":37,"g":32,"i":48,"k":32,"m":41,"o":57,"b":47,"d":46,"f":37,"h":32,"j":48,"l":32,"n":41,"p":57}},{"type":"Feature","geometry":{"type":"Polygon","coordinates":[[[127.09914,37.35305],[127.11644,37.35305],[127.11644,37.37035],[127.09914,37.37035],[127.09914,37.35305]]]},"properties":{"row":10,"col":30,"walk_min":8.7,"nearest_station_id":"kr_148","nearest_station_name":"Jeongja","nearest_station_name_ko":"정자","a":66,"c":68,"e":42,"g":66,"i":52,"k":57,"m":68,"o":74,"b":66,"d":68,"f":42,"h":66,"j":52,"l":57,"n":68,"p":74}},{"type":"Feature","geometry":{"type":"Polygon","coordinates":[[[127.01261,37.47418],[127.02992,37.47418],[127.02992,37.49148],[127.01261,37.49148],[127.01261,37.47418]]]},"properties":{"row":17,"col":25,"walk_min":4.3,"nearest_station_id":"kr_152","nearest_station_name":"Nambu Bus Terminal (Seoul Arts Center)","nearest_station_name_ko":"남부터미널(예술의전당)","a":28,"c":30,"e":9,"g":33,"i":14,"k":24,"m":35,"o":36,"b":28,"d":30,"f":9,"h":33,"j":14,"l":24,"n":35,"p":36}},{"type":"Feature","geometry":{"type":"Polygon","coordinates":[[[127.08183,37.50879],[127.09914,37.50879],[127.09914,37.52609],[127.08183,37.52609],[127.08183,37.50879]]]},"properties":{"row":19,"col":29,"walk_min":9.1,"nearest_station_id":"kr_157","nearest_station_name":"Jamsilsaenae","nearest_station_name_ko":"잠실새내","a":43,"c":45,"e":21,"g":32,"i":32,"k":12,"m":23,"o":52,"b":43,"d":45,"f":21,"h":32,"j":32,"l":12,"n":23,"p":52}},{"type":"Feature","geometry":{"type":"Polygon","coordinates":[[[126.73574,37.47418],[126.75305,37.47418],[126.75305,37.49148],[126.73574,37.49148],[126.73574,37.47418]]]},"properties":{"row":17,"col":9,"walk_min":5.1,"nearest_station_id":"kr_453","nearest_station_name":"Bugae","nearest_station_name_ko":"부개","a":50,"c":52,"e":59,"g":64,"i":55,"k":72,"m":73,"o":46,"b":50,"d":52,"f":59,"h":64,"j":55,"l":72,"n":73,"p":46}},{"type":"Feature","geometry":{"type":"Polygon","coordinates":[[[127.04722,37.47418],[127.06453,37.47418],[127.06453,37.49148],[127.04722,37.49148],[127.04722,37.47418]]]},"properties":{"row":17,"col":27,"walk_min":6.4,"nearest_station_id":"kr_164","nearest_station_name":"Dogok","nearest_station_name_ko":"도곡","a":38,"c":40,"e":14,"g":38,"i":24,"k":29,"m":40,"o":46,"b":38,"d":40,"f":14,"h":38,"j":24,"l":29,"n":40,"p":46}},{"type":"Feature","geometry":{"type":"Polygon","coordinates":[[[126.82226,37.62992],[126.83957,37.62992],[126.83957,37.64722],[126.82226,37.64722],[126.82226,37.62992]]]},"properties":{"row":26,"col":14,"walk_min":4.1,"nearest_station_id":"kr_167","nearest_station_name":"Hwajeong","nearest_station_name_ko":"화정","a":56,"c":53,"e":73,"g":60,"i":76,"k":80,"m":69,"o":65,"b":56,"d":53,"f":73,"h":60,"j":76,"l":80,"n":69,"p":65}},{"type":"Feature","geometry":{"type":"Polygon","coordinates":[[[126.82226,37.30113],[126.83957,37.30113],[126.83957,37.31844],[126.82226,37.31844],[126.82226,37.30113]]]},"properties":{"row":7,"col":14,"walk_min":6.8,"nearest_station_id":"kr_168","nearest_station_name":"Jungang","nearest_station_name_ko":"중앙","a":79,"c":81,"e":75,"g":93,"i":65,"k":91,"m":102,"o":79,"b":79,"d":81,"f":75,"h":93,"j":65,"l":91,"n":102,"p":79}},{"type":"Feature","geometry":{"type":"Polygon","coordinates":[[[127.11644,37.54339],[127.13374,37.54339],[127.13374,37.5607],[127.11644,37.5607],[127.11644,37.54339]]]},"properties":{"row":21,"col":31,"walk_min":3.4,"nearest_station_id":"kr_169","nearest_station_name":"Amsa","nearest_station_name_ko":"암사","a":40,"c":39,"e":32,"g":25,"i":43,"k":27,"m":34,"o":50,"b":40,"d":39,"f":32,"h":25,"j":43,"l":27,"n":34,"p":50}},{"type":"Feature","geometry":{"type":"Polygon","coordinates":[[[127.13374,37.45687],[127.15105,37.45687],[127.15105,37.47418],[127.13374,37.47418],[127.13374,37.45687]]]},"properties":{"row":16,"col":32,"walk_min":4.1,"nearest_station_id":"kr_170","nearest_station_name":"Namwirye","nearest_station_name_ko":"남위례","a":55,"c":57,"e":33,"g":47,"i":44,"k":28,"m":39,"o":64,"b":55,"d":57,"f":33,"h":47,"j":44,"l":28,"n":39,"p":64}},{"type":"Feature","geometry":{"type":"Polygon","coordinates":[[[127.09914,37.33574],[127.11644,37.33574],[127.11644,37.35305],[127.09914,37.35305],[127.09914,37.33574]]]},"properties":{"row":9,"col":30,"walk_min":3.3,"nearest_station_id":"kr_172","nearest_station_name":"Migeum","nearest_station_name_ko":"미금","a":64,"c":66,"e":40,"g":64,"i":50,"k":55,"m":66,"o":72,"b":64,"d":66,"f":40,"h":64,"j":50,"l":55,"n":66,"p":72}},{"type":"Feature","geometry":{"type":"Polygon","coordinates":[[[126.80496,37.49148],[126.82226,37.49148],[126.82226,37.50879],[126.80496,37.50879],[126.80496,37.49148]]]},"properties":{"row":18,"col":13,"walk_min":4.2,"nearest_station_id":"kr_177","nearest_station_name":"까치울","nearest_station_name_ko":"까치울","a":39,"c":41,"e":48,"g":53,"i":44,"k":61,"m":62,"o":35,"b":39,"d":41,"f":48,"h":53,"j":44,"l":61,"n":62,"p":35}},{"type":"Feature","geometry":{"type":"Polygon","coordinates":[[[127.09914,37.50879],[127.11644,37.50879],[127.11644,37.52609],[127.09914,37.52609],[127.09914,37.50879]]]},"properties":{"row":19,"col":30,"walk_min":0.0,"nearest_station_id":"kr_217","nearest_station_name":"Mongchontoseong","nearest_station_name_ko":"몽촌토성","a":39,"c":38,"e":20,"g":25,"i":31,"k":15,"m":26,"o":50,"b":39,"d":38,"f":20,"h":25,"j":31,"l":15,"n":26,"p":50}},{"type":"Feature","geometry":{"type":"Polygon","coordinates":[[[126.85687,37.50879],[126.87418,37.50879],[126.87418,37.52609],[126.85687,37.52609],[126.85687,37.50879]]]},"properties":{"row":19,"col":16,"walk_min":0.3,"nearest_station_id":"kr_179","nearest_station_name":"Yangcheon-gu Office","nearest_station_name_ko":"양천구청","a":22,"c":25,"e":32,"g":37,"i":28,"k":45,"m":46,"o":19,"b":22,"d":25,"f":32,"h":37,"j":28,"l":45,"n":46,"p":19}},{"type":"Feature","geometry":{"type":"Polygon","coordinates":[[[126.92609,37.52609],[126.94339,37.52609],[126.94339,37.54339],[126.92609,37.54339],[126.92609,37.52609]]]},"properties":{"row":20,"col":20,"walk_min":4.6,"nearest_station_id":"kr_180","nearest_station_name":"여의나루","nearest_station_name_ko":"여의나루","a":20,"c":23,"e":28,"g":33,"i":24,"k":41,"m":42,"o":19,"b":20,"d":23,"f":28,"h":33,"j":24,"l":41,"n":42,"p":19}},{"type":"Feature","geometry":{"type":"Polygon","coordinates":[[[127.06453,37.52609],[127.08183,37.52609],[127.08183,37.54339],[127.06453,37.54339],[127.06453,37.52609]]]},"properties":{"row":20,"col":28,"walk_min":3.1,"nearest_station_id":"kr_181","nearest_station_name":"Jayang","nearest_station_name_ko":"자양","a":34,"c":33,"e":23,"g":20,"i":28,"k":36,"m":29,"o":44,"b":34,"d":33,"f":23,"h":20,"j":28,"l":36,"n":29,"p":44}},{"type":"Feature","geometry":{"type":"Polygon","coordinates":[[[126.9607,37.47418],[126.978,37.47418],[126.978,37.49148],[126.9607,37.49148],[126.9607,37.47418]]]},"properties":{"row":17,"col":22,"walk_min":3.0,"nearest_station_id":"kr_182","nearest_station_name":"남성","nearest_station_name_ko":"남성","a":30,"c":33,"e":18,"g":35,"i":23,"k":31,"m":42,"o":39,"b":30,"d":33,"f":18,"h":35,"j":23,"l":31,"n":42,"p":39}},{"type":"Feature","geometry":{"type":"Polygon","coordinates":[[[126.90879,37.54339],[126.92609,37.54339],[126.92609,37.5607],[126.90879,37.5607],[126.90879,37.54339]]]},"properties":{"row":21,"col":19,"walk_min":0.0,"nearest_station_id":"kr_323","nearest_station_name":"Hapjeong","nearest_station_name_ko":"합정","a":16,"c":14,"e":30,"g":27,"i":26,"k":43,"m":36,"o":2,"b":16,"d":14,"f":30,"h":27,"j":26,"l":43,"n":36,"p":2}},{"type":"Feature","geometry":{"type":"Polygon","coordinates":[[[127.04722,37.54339],[127.06453,37.54339],[127.06453,37.5607],[127.04722,37.5607],[127.04722,37.54339]]]},"properties":{"row":21,"col":27,"walk_min":1.1,"nearest_station_id":"kr_186","nearest_station_name":"Seongsu","nearest_station_name_ko":"성수","a":22,"c":21,"e":30,"g":7,"i":41,"k":15,"m":4,"o":32,"b":22,"d":21,"f":30,"h":7,"j":41,"l":15,"n":4,"p":32}},{"type":"Feature","geometry":{"type":"Polygon","coordinates":[[[126.90879,37.62992],[126.92609,37.62992],[126.92609,37.64722],[126.90879,37.64722],[126.90879,37.62992]]]},"properties":{"row":26,"col":19,"walk_min":1.7,"nearest_station_id":"kr_188","nearest_station_name":"Gupabal","nearest_station_name_ko":"구파발","a":34,"c":31,"e":51,"g":37,"i":53,"k":57,"m":46,"o":42,"b":34,"d":31,"f":51,"h":37,"j":53,"l":57,"n":46,"p":42}},{"type":"Feature","geometry":{"type":"Polygon","coordinates":[[[126.78765,37.5607],[126.80496,37.5607],[126.80496,37.578],[126.78765,37.578],[126.78765,37.5607]]]},"properties":{"row":22,"col":12,"walk_min":5.5,"nearest_station_id":"kr_189","nearest_station_name":"Gimpo Int'l Airport","nearest_station_name_ko":"김포공항","a":46,"c":44,"e":52,"g":58,"i":48,"k":64,"m":66,"o":32,"b":46,"d":44,"f":52,"h":58,"j":48,"l":64,"n":66,"p":32}},{"type":"Feature","geometry":{"type":"Polygon","coordinates":[[[126.75305,37.47418],[126.77035,37.47418],[126.77035,37.49148],[126.75305,37.49148],[126.75305,37.47418]]]},"properties":{"row":17,"col":10,"walk_min":3.0,"nearest_station_id":"kr_452","nearest_station_name":"Jung-dong","nearest_station_name_ko":"중동","a":43,"c":46,"e":53,"g":58,"i":49,"k":66,"m":67,"o":40,"b":43,"d":46,"f":53,"h":58,"j":49,"l":66,"n":67,"p":40}},{"type":"Feature","geometry":{"type":"Polygon","coordinates":[[[126.94339,37.52609],[126.9607,37.52609],[126.9607,37.54339],[126.94339,37.54339],[126.94339,37.52609]]]},"properties":{"row":20,"col":21,"walk_min":4.5,"nearest_station_id":"kr_193","nearest_station_name":"마포","nearest_station_name_ko":"마포","a":16,"c":18,"e":30,"g":28,"i":26,"k":44,"m":38,"o":22,"b":16,"d":18,"f":30,"h":28,"j":26,"l":44,"n":38,"p":22}},{"type":"Feature","geometry":{"type":"Polygon","coordinates":[[[126.82226,37.47418],[126.83957,37.47418],[126.83957,37.49148],[126.82226,37.49148],[126.82226,37.47418]]]},"properties":{"row":17,"col":14,"walk_min":8.9,"nearest_station_id":"kr_194","nearest_station_name":"천왕","nearest_station_name_ko":"천왕","a":43,"c":46,"e":53,"g":57,"i":48,"k":66,"m":67,"o":40,"b":43,"d":46,"f":53,"h":57,"j":48,"l":66,"n":67,"p":40}},{"type":"Feature","geometry":{"type":"Polygon","coordinates":[[[127.04722,37.66453],[127.06453,37.66453],[127.06453,37.68183],[127.04722,37.68183],[127.04722,37.66453]]]},"properties":{"row":28,"col":27,"walk_min":1.2,"nearest_station_id":"kr_195","nearest_station_name":"수락산","nearest_station_name_ko":"수락산","a":49,"c":48,"e":57,"g":43,"i":66,"k":61,"m":50,"o":59,"b":49,"d":48,"f":57,"h":43,"j":66,"l":61,"n":50,"p":59}},{"type":"Feature","geometry":{"type":"Polygon","coordinates":[[[127.08183,37.52609],[127.09914,37.52609],[127.09914,37.54339],[127.08183,37.54339],[127.08183,37.52609]]]},"properties":{"row":20,"col":29,"walk_min":1.7,"nearest_station_id":"kr_196","nearest_station_name":"Gangbyeon(Dongseoul Bus Terminal)","nearest_station_name_ko":"강변(동서울터미널)","a":31,"c":30,"e":23,"g":16,"i":34,"k":8,"m":7,"o":41,"b":31,"d":30,"f":23,"h":16,"j":34,"l":8,"n":7,"p":41}},{"type":"Feature","geometry":{"type":"Polygon","coordinates":[[[127.06453,37.62992],[127.08183,37.62992],[127.08183,37.64722],[127.06453,37.64722],[127.06453,37.62992]]]},"properties":{"row":26,"col":28,"walk_min":4.3,"nearest_station_id":"kr_197","nearest_station_name":"하계","nearest_station_name_ko":"하계","a":41,"c":40,"e":50,"g":36,"i":58,"k":56,"m":45,"o":52,"b":41,"d":40,"f":50,"h":36,"j":58,"l":56,"n":45,"p":52}},{"type":"Feature","geometry":{"type":"Polygon","coordinates":[[[126.80496,37.62992],[126.82226,37.62992],[126.82226,37.64722],[126.80496,37.64722],[126.80496,37.62992]]]},"properties":{"row":26,"col":13,"walk_min":7.8,"nearest_station_id":"kr_198","nearest_station_name":"Daegok","nearest_station_name_ko":"대곡","a":64,"c":61,"e":81,"g":68,"i":84,"k":88,"m":77,"o":73,"b":64,"d":61,"f":81,"h":68,"j":84,"l":88,"n":77,"p":73}},{"type":"Feature","geometry":{"type":"Polygon","coordinates":[[[127.04722,37.64722],[127.06453,37.64722],[127.06453,37.66453],[127.04722,37.66453],[127.04722,37.64722]]]},"properties":{"row":27,"col":27,"walk_min":0.9,"nearest_station_id":"kr_224","nearest_station_name":"노원","nearest_station_name_ko":"노원","a":43,"c":42,"e":52,"g":38,"i":60,"k":58,"m":47,"o":54,"b":43,"d":42,"f":52,"h":38,"j":60,"l":58,"n":47,"p":54}},{"type":"Feature","geometry":{"type":"Polygon","coordinates":[[[127.16835,37.54339],[127.18566,37.54339],[127.18566,37.5607],[127.16835,37.5607],[127.16835,37.54339]]]},"properties":{"row":21,"col":34,"walk_min":6.5,"nearest_station_id":"kr_205","nearest_station_name":"Gangil","nearest_station_name_ko":"강일","a":54,"c":54,"e":44,"g":40,"i":56,"k":40,"m":50,"o":66,"b":54,"d":54,"f":44,"h":40,"j":56,"l":40,"n":50,"p":66}},{"type":"Feature","geometry":{"type":"Polygon","coordinates":[[[126.78765,37.49148],[126.80496,37.49148],[126.80496,37.50879],[126.78765,37.50879],[126.78765,37.49148]]]},"properties":{"row":18,"col":12,"walk_min":3.9,"nearest_station_id":"kr_206","nearest_station_name":"부천종합운동장","nearest_station_name_ko":"부천종합운동장","a":41,"c":44,"e":51,"g":56,"i":47,"k":64,"m":65,"o":38,"b":41,"d":44,"f":51,"h":56,"j":47,"l":64,"n":65,"p":38}},{"type":"Feature","geometry":{"type":"Polygon","coordinates":[[[126.83957,37.50879],[126.85687,37.50879],[126.85687,37.52609],[126.83957,37.52609],[126.83957,37.50879]]]},"properties":{"row":19,"col":15,"walk_min":5.2,"nearest_station_id":"kr_208","nearest_station_name":"Sinjeongnegeori","nearest_station_name_ko":"신정네거리","a":31,"c":33,"e":40,"g":45,"i":36,"k":53,"m":54,"o":27,"b":31,"d":33,"f":40,"h":45,"j":36,"l":53,"n":54,"p":27}},{"type":"Feature","geometry":{"type":"Polygon","coordinates":[[[126.87418,37.47418],[126.89148,37.47418],[126.89148,37.49148],[126.87418,37.49148],[126.87418,37.47418]]]},"properties":{"row":17,"col":17,"walk_min":1.3,"nearest_station_id":"kr_212","nearest_station_name":"Gasan Digital Complex","nearest_station_name_ko":"가산디지털단지","a":25,"c":28,"e":35,"g":40,"i":31,"k":48,"m":49,"o":22,"b":25,"d":28,"f":35,"h":40,"j":31,"l":48,"n":49,"p":22}},{"type":"Feature","geometry":{"type":"Polygon","coordinates":[[[126.94339,37.49148],[126.9607,37.49148],[126.9607,37.50879],[126.94339,37.50879],[126.94339,37.49148]]]},"properties":{"row":18,"col":21,"walk_min":2.0,"nearest_station_id":"kr_244","nearest_station_name":"상도","nearest_station_name_ko":"상도","a":36,"c":38,"e":23,"g":41,"i":28,"k":36,"m":47,"o":44,"b":36,"d":38,"f":23,"h":41,"j":28,"l":36,"n":47,"p":44}},{"type":"Feature","geometry":{"type":"Polygon","coordinates":[[[126.99531,37.50879],[127.01261,37.50879],[127.01261,37.52609],[126.99531,37.52609],[126.99531,37.50879]]]},"properties":{"row":19,"col":24,"walk_min":7.7,"nearest_station_id":"kr_216","nearest_station_name":"Jamwon","nearest_station_name_ko":"잠원","a":29,"c":30,"e":15,"g":29,"i":21,"k":29,"m":38,"o":37,"b":29,"d":30,"f":15,"h":29,"j":21,"l":29,"n":38,"p":37}},{"type":"Feature","geometry":{"type":"Polygon","coordinates":[[[127.04722,37.62992],[127.06453,37.62992],[127.06453,37.64722],[127.04722,37.64722],[127.04722,37.62992]]]},"properties":{"row":26,"col":27,"walk_min":1.6,"nearest_station_id":"kr_393","nearest_station_name":"Wolgye (Induk University)","nearest_station_name_ko":"월계(인덕대학교)","a":35,"c":33,"e":47,"g":33,"i":55,"k":47,"m":35,"o":44,"b":35,"d":33,"f":47,"h":33,"j":55,"l":47,"n":35,"p":44}},{"type":"Feature","geometry":{"type":"Polygon","coordinates":[[[126.9607,37.50879],[126.978,37.50879],[126.978,37.52609],[126.9607,37.52609],[126.9607,37.50879]]]},"properties":{"row":19,"col":22,"walk_min":4.4,"nearest_station_id":"kr_219","nearest_station_name":"Ichon","nearest_station_name_ko":"이촌","a":13,"c":16,"e":19,"g":27,"i":15,"k":32,"m":36,"o":27,"b":13,"d":16,"f":19,"h":27,"j":15,"l":32,"n":36,"p":27}},{"type":"Feature","geometry":{"type":"Polygon","coordinates":[[[126.83957,37.47418],[126.85687,37.47418],[126.85687,37.49148],[126.83957,37.49148],[126.83957,37.47418]]]},"properties":{"row":17,"col":15,"walk_min":3.2,"nearest_station_id":"kr_220","nearest_station_name":"광명사거리","nearest_station_name_ko":"광명사거리","a":40,"c":43,"e":46,"g":55,"i":46,"k":59,"m":64,"o":37,"b":40,"d":43,"f":46,"h":55,"j":46,"l":59,"n":64,"p":37}},{"type":"Feature","geometry":{"type":"Polygon","coordinates":[[[126.77035,37.49148],[126.78765,37.49148],[126.78765,37.50879],[126.77035,37.50879],[126.77035,37.49148]]]},"properties":{"row":18,"col":11,"walk_min":2.8,"nearest_station_id":"kr_254","nearest_station_name":"신중동","nearest_station_name_ko":"신중동","a":45,"c":47,"e":54,"g":59,"i":50,"k":68,"m":68,"o":41,"b":45,"d":47,"f":54,"h":59,"j":50,"l":68,"n":68,"p":41}},{"type":"Feature","geometry":{"type":"Polygon","coordinates":[[[126.83957,37.52609],[126.85687,37.52609],[126.85687,37.54339],[126.83957,37.54339],[126.83957,37.52609]]]},"properties":{"row":20,"col":15,"walk_min":2.2,"nearest_station_id":"kr_225","nearest_station_name":"Kkachisan","nearest_station_name_ko":"까치산","a":31,"c":33,"e":40,"g":45,"i":36,"k":53,"m":54,"o":27,"b":31,"d":33,"f":40,"h":45,"j":36,"l":53,"n":54,"p":27}},{"type":"Feature","geometry":{"type":"Polygon","coordinates":[[[126.78765,37.62992],[126.80496,37.62992],[126.80496,37.64722],[126.78765,37.64722],[126.78765,37.62992]]]},"properties":{"row":26,"col":12,"walk_min":10.2,"nearest_station_id":"kr_228","nearest_station_name":"Baekseok","nearest_station_name_ko":"백석","a":71,"c":68,"e":88,"g":75,"i":91,"k":95,"m":84,"o":80,"b":71,"d":68,"f":88,"h":75,"j":91,"l":95,"n":84,"p":80}},{"type":"Feature","geometry":{"type":"Polygon","coordinates":[[[127.06453,37.64722],[127.08183,37.64722],[127.08183,37.66453],[127.06453,37.66453],[127.06453,37.64722]]]},"properties":{"row":27,"col":28,"walk_min":3.1,"nearest_station_id":"kr_229","nearest_station_name":"Sanggye","nearest_station_name_ko":"상계","a":44,"c":41,"e":55,"g":42,"i":63,"k":62,"m":51,"o":53,"b":44,"d":41,"f":55,"h":42,"j":63,"l":62,"n":51,"p":53}},{"type":"Feature","geometry":{"type":"Polygon","coordinates":[[[126.80496,37.31844],[126.82226,37.31844],[126.82226,37.33574],[126.80496,37.33574],[126.80496,37.31844]]]},"properties":{"row":8,"col":13,"walk_min":13.7,"nearest_station_id":"kr_230","nearest_station_name":"Choji","nearest_station_name_ko":"초지","a":91,"c":94,"e":88,"g":106,"i":77,"k":103,"m":114,"o":92,"b":91,"d":94,"f":88,"h":106,"j":77,"l":103,"n":114,"p":92}},{"type":"Feature","geometry":{"type":"Polygon","coordinates":[[[127.13374,37.578],[127.15105,37.578],[127.15105,37.59531],[127.13374,37.59531],[127.13374,37.578]]]},"properties":{"row":23,"col":32,"walk_min":3.9,"nearest_station_id":"kr_231","nearest_station_name":"Jangja Lake Park","nearest_station_name_ko":"장자호수공원","a":50,"c":49,"e":42,"g":35,"i":53,"k":37,"m":45,"o":60,"b":50,"d":49,"f":42,"h":35,"j":53,"l":37,"n":45,"p":60}},{"type":"Feature","geometry":{"type":"Polygon","coordinates":[[[127.15105,37.43957],[127.16835,37.43957],[127.16835,37.45687],[127.15105,37.45687],[127.15105,37.43957]]]},"properties":{"row":15,"col":33,"walk_min":2.2,"nearest_station_id":"kr_232","nearest_station_name":"Namhansanseong","nearest_station_name_ko":"남한산성입구","a":58,"c":60,"e":36,"g":50,"i":47,"k":31,"m":42,"o":67,"b":58,"d":60,"f":36,"h":50,"j":47,"l":31,"n":42,"p":67}},{"type":"Feature","geometry":{"type":"Polygon","coordinates":[[[127.08183,37.31844],[127.09914,37.31844],[127.09914,37.33574],[127.08183,37.33574],[127.08183,37.31844]]]},"properties":{"row":8,"col":29,"walk_min":6.1,"nearest_station_id":"kr_233","nearest_station_name":"Suji-gu Office","nearest_station_name_ko":"수지구청","a":74,"c":76,"e":50,"g":74,"i":60,"k":65,"m":76,"o":82,"b":74,"d":76,"f":50,"h":74,"j":60,"l":65,"n":76,"p":82}},{"type":"Feature","geometry":{"type":"Polygon","coordinates":[[[127.20296,37.40496],[127.22027,37.40496],[127.22027,37.42226],[127.20296,37.42226],[127.20296,37.40496]]]},"properties":{"row":13,"col":36,"walk_min":11.6,"nearest_station_id":"kr_237","nearest_station_name":"삼동","nearest_station_name_ko":"삼동","a":79,"c":81,"e":55,"g":79,"i":65,"k":70,"m":81,"o":87,"b":79,"d":81,"f":55,"h":79,"j":65,"l":70,"n":81,"p":87}},{"type":"Feature","geometry":{"type":"Polygon","coordinates":[[[126.978,37.45687],[126.99531,37.45687],[126.99531,37.47418],[126.978,37.47418],[126.978,37.45687]]]},"properties":{"row":16,"col":23,"walk_min":8.8,"nearest_station_id":"kr_247","nearest_station_name":"Namtaeryeong","nearest_station_name_ko":"남태령","a":32,"c":35,"e":23,"g":46,"i":12,"k":38,"m":49,"o":41,"b":32,"d":35,"f":23,"h":46,"j":12,"l":38,"n":49,"p":41}},{"type":"Feature","geometry":{"type":"Polygon","coordinates":[[[126.66652,37.45687],[126.68383,37.45687],[126.68383,37.47418],[126.66652,37.47418],[126.66652,37.45687]]]},"properties":{"row":16,"col":5,"walk_min":1.1,"nearest_station_id":"kr_248","nearest_station_name":"Juan","nearest_station_name_ko":"주안","a":58,"c":60,"e":67,"g":72,"i":63,"k":80,"m":81,"o":54,"b":58,"d":60,"f":67,"h":72,"j":63,"l":80,"n":81,"p":54}},{"type":"Feature","geometry":{"type":"Polygon","coordinates":[[[126.94339,37.38765],[126.9607,37.38765],[126.9607,37.40496],[126.94339,37.40496],[126.94339,37.38765]]]},"properties":{"row":12,"col":21,"walk_min":5.2,"nearest_station_id":"kr_249","nearest_station_name":"Beomgye","nearest_station_name_ko":"범계","a":53,"c":55,"e":44,"g":66,"i":33,"k":59,"m":70,"o":56,"b":53,"d":55,"f":44,"h":66,"j":33,"l":59,"n":70,"p":56}},{"type":"Feature","geometry":{"type":"Polygon","coordinates":[[[127.02992,37.49148],[127.04722,37.49148],[127.04722,37.50879],[127.02992,37.50879],[127.02992,37.49148]]]},"properties":{"row":18,"col":26,"walk_min":4.0,"nearest_station_id":"kr_252","nearest_station_name":"Yeoksam","nearest_station_name_ko":"역삼","a":30,"c":32,"e":6,"g":30,"i":17,"k":17,"m":28,"o":38,"b":30,"d":32,"f":6,"h":30,"j":17,"l":17,"n":28,"p":38}},{"type":"Feature","geometry":{"type":"Polygon","coordinates":[[[126.89148,37.49148],[126.90879,37.49148],[126.90879,37.50879],[126.89148,37.50879],[126.89148,37.49148]]]},"properties":{"row":18,"col":18,"walk_min":3.7,"nearest_station_id":"kr_365","nearest_station_name":"신풍","nearest_station_name_ko":"신풍","a":46,"c":49,"e":34,"g":51,"i":39,"k":47,"m":58,"o":51,"b":46,"d":49,"f":34,"h":51,"j":39,"l":47,"n":58,"p":51}},{"type":"Feature","geometry":{"type":"Polygon","coordinates":[[[126.85687,37.47418],[126.87418,37.47418],[126.87418,37.49148],[126.85687,37.49148],[126.85687,37.47418]]]},"properties":{"row":17,"col":16,"walk_min":6.2,"nearest_station_id":"kr_256","nearest_station_name":"Cheolsan","nearest_station_name_ko":"철산","a":46,"c":49,"e":46,"g":60,"i":51,"k":59,"m":70,"o":43,"b":46,"d":49,"f":46,"h":60,"j":51,"l":59,"n":70,"p":43}},{"type":"Feature","geometry":{"type":"Polygon","coordinates":[[[126.70113,37.49148],[126.71844,37.49148],[126.71844,37.50879],[126.70113,37.50879],[126.70113,37.49148]]]},"properties":{"row":18,"col":7,"walk_min":6.2,"nearest_station_id":"kr_258","nearest_station_name":"Sangok","nearest_station_name_ko":"산곡","a":62,"c":65,"e":72,"g":77,"i":68,"k":85,"m":86,"o":59,"b":62,"d":65,"f":72,"h":77,"j":68,"l":85,"n":86,"p":59}},{"type":"Feature","geometry":{"type":"Polygon","coordinates":[[[126.89148,37.5607],[126.90879,37.5607],[126.90879,37.578],[126.89148,37.578],[126.89148,37.5607]]]},"properties":{"row":22,"col":18,"walk_min":2.8,"nearest_station_id":"kr_293","nearest_station_name":"월드컵경기장","nearest_station_name_ko":"월드컵경기장","a":28,"c":30,"e":41,"g":40,"i":38,"k":55,"m":49,"o":37,"b":28,"d":30,"f":41,"h":40,"j":38,"l":55,"n":49,"p":37}},{"type":"Feature","geometry":{"type":"Polygon","coordinates":[[[126.77035,37.64722],[126.78765,37.64722],[126.78765,37.66453],[126.77035,37.66453],[126.77035,37.64722]]]},"properties":{"row":27,"col":11,"walk_min":2.5,"nearest_station_id":"kr_261","nearest_station_name":"Madu","nearest_station_name_ko":"마두","a":66,"c":64,"e":84,"g":70,"i":86,"k":90,"m":80,"o":74,"b":66,"d":64,"f":84,"h":70,"j":86,"l":90,"n":80,"p":74}},{"type":"Feature","geometry":{"type":"Polygon","coordinates":[[[127.06453,37.66453],[127.08183,37.66453],[127.08183,37.68183],[127.06453,37.68183],[127.06453,37.66453]]]},"properties":{"row":28,"col":28,"walk_min":5.6,"nearest_station_id":"kr_262","nearest_station_name":"Buramsan","nearest_station_name_ko":"불암산","a":49,"c":47,"e":61,"g":47,"i":69,"k":67,"m":56,"o":58,"b":49,"d":47,"f":61,"h":47,"j":69,"l":67,"n":56,"p":58}},{"type":"Feature","geometry":{"type":"Polygon","coordinates":[[[126.78765,37.31844],[126.80496,37.31844],[126.80496,37.33574],[126.78765,37.33574],[126.78765,37.31844]]]},"properties":{"row":8,"col":12,"walk_min":7.2,"nearest_station_id":"kr_263","nearest_station_name":"Ansan","nearest_station_name_ko":"안산","a":88,"c":91,"e":85,"g":102,"i":74,"k":100,"m":111,"o":88,"b":88,"d":91,"f":85,"h":102,"j":74,"l":100,"n":111,"p":88}},{"type":"Feature","geometry":{"type":"Polygon","coordinates":[[[127.13374,37.59531],[127.15105,37.59531],[127.15105,37.61261],[127.13374,37.61261],[127.13374,37.59531]]]},"properties":{"row":24,"col":32,"walk_min":2.0,"nearest_station_id":"kr_264","nearest_station_name":"Guri","nearest_station_name_ko":"구리","a":52,"c":50,"e":44,"g":37,"i":55,"k":39,"m":46,"o":62,"b":52,"d":50,"f":44,"h":37,"j":55,"l":39,"n":46,"p":62}},{"type":"Feature","geometry":{"type":"Polygon","coordinates":[[[127.06453,37.30113],[127.08183,37.30113],[127.08183,37.31844],[127.06453,37.31844],[127.06453,37.30113]]]},"properties":{"row":7,"col":28,"walk_min":6.4,"nearest_station_id":"kr_266","nearest_station_name":"Seongbok","nearest_station_name_ko":"성복","a":77,"c":79,"e":54,"g":78,"i":64,"k":69,"m":80,"o":86,"b":77,"d":79,"f":54,"h":78,"j":64,"l":69,"n":80,"p":86}},{"type":"Feature","geometry":{"type":"Polygon","coordinates":[[[127.02992,37.54339],[127.04722,37.54339],[127.04722,37.5607],[127.02992,37.5607],[127.02992,37.54339]]]},"properties":{"row":21,"col":26,"walk_min":3.1,"nearest_station_id":"kr_272","nearest_station_name":"Hanyang University","nearest_station_name_ko":"한양대","a":20,"c":18,"e":29,"g":5,"i":39,"k":21,"m":10,"o":30,"b":20,"d":18,"f":29,"h":5,"j":39,"l":21,"n":10,"p":30}},{"type":"Feature","geometry":{"type":"Polygon","coordinates":[[[126.92609,37.49148],[126.94339,37.49148],[126.94339,37.50879],[126.92609,37.50879],[126.92609,37.49148]]]},"properties":{"row":18,"col":20,"walk_min":2.2,"nearest_station_id":"kr_299","nearest_station_name":"신대방삼거리","nearest_station_name_ko":"신대방삼거리","a":40,"c":43,"e":28,"g":45,"i":33,"k":41,"m":52,"o":49,"b":40,"d":43,"f":28,"h":45,"j":33,"l":41,"n":52,"p":49}},{"type":"Feature","geometry":{"type":"Polygon","coordinates":[[[127.04722,37.49148],[127.06453,37.49148],[127.06453,37.50879],[127.04722,37.50879],[127.04722,37.49148]]]},"properties":{"row":18,"col":27,"walk_min":2.0,"nearest_station_id":"kr_275","nearest_station_name":"Seolleung","nearest_station_name_ko":"선릉","a":30,"c":32,"e":7,"g":31,"i":17,"k":12,"m":24,"o":39,"b":30,"d":32,"f":7,"h":31,"j":17,"l":12,"n":24,"p":39}},{"type":"Feature","geometry":{"type":"Polygon","coordinates":[[[126.75305,37.49148],[126.77035,37.49148],[126.77035,37.50879],[126.75305,37.50879],[126.75305,37.49148]]]},"properties":{"row":18,"col":10,"walk_min":3.1,"nearest_station_id":"kr_280","nearest_station_name":"부천시청","nearest_station_name_ko":"부천시청","a":47,"c":50,"e":57,"g":62,"i":53,"k":70,"m":71,"o":44,"b":47,"d":50,"f":57,"h":62,"j":53,"l":70,"n":71,"p":44}},{"type":"Feature","geometry":{"type":"Polygon","coordinates":[[[126.99531,37.43957],[127.01261,37.43957],[127.01261,37.45687],[126.99531,37.45687],[126.99531,37.43957]]]},"properties":{"row":15,"col":24,"walk_min":2.9,"nearest_station_id":"kr_281","nearest_station_name":"Seonbawi","nearest_station_name_ko":"선바위","a":30,"c":33,"e":21,"g":44,"i":10,"k":36,"m":47,"o":39,"b":30,"d":33,"f":21,"h":44,"j":10,"l":36,"n":47,"p":39}},{"type":"Feature","geometry":{"type":"Polygon","coordinates":[[[126.9607,37.38765],[126.978,37.38765],[126.978,37.40496],[126.9607,37.40496],[126.9607,37.38765]]]},"properties":{"row":12,"col":22,"walk_min":3.8,"nearest_station_id":"kr_284","nearest_station_name":"Pyeongchon","nearest_station_name_ko":"평촌","a":49,"c":52,"e":40,"g":63,"i":29,"k":55,"m":66,"o":57,"b":49,"d":52,"f":40,"h":63,"j":29,"l":55,"n":66,"p":57}},{"type":"Feature","geometry":{"type":"Polygon","coordinates":[[[127.09914,37.47418],[127.11644,37.47418],[127.11644,37.49148],[127.09914,37.49148],[127.09914,37.47418]]]},"properties":{"row":17,"col":30,"walk_min":5.4,"nearest_station_id":"kr_286","nearest_station_name":"Suseo","nearest_station_name_ko":"수서","a":49,"c":51,"e":25,"g":42,"i":35,"k":23,"m":34,"o":57,"b":49,"d":51,"f":25,"h":42,"j":35,"l":23,"n":34,"p":57}},{"type":"Feature","geometry":{"type":"Polygon","coordinates":[[[126.71844,37.49148],[126.73574,37.49148],[126.73574,37.50879],[126.71844,37.50879],[126.71844,37.49148]]]},"properties":{"row":18,"col":8,"walk_min":3.0,"nearest_station_id":"kr_316","nearest_station_name":"굴포천","nearest_station_name_ko":"굴포천","a":54,"c":57,"e":64,"g":69,"i":59,"k":77,"m":78,"o":51,"b":54,"d":57,"f":64,"h":69,"j":59,"l":77,"n":78,"p":51}},{"type":"Feature","geometry":{"type":"Polygon","coordinates":[[[126.89148,37.47418],[126.90879,37.47418],[126.90879,37.49148],[126.89148,37.49148],[126.89148,37.47418]]]},"properties":{"row":17,"col":18,"walk_min":5.5,"nearest_station_id":"kr_288","nearest_station_name":"Guro Digital Complex","nearest_station_name_ko":"구로디지털단지","a":28,"c":32,"e":32,"g":44,"i":22,"k":48,"m":52,"o":26,"b":28,"d":32,"f":32,"h":44,"j":22,"l":48,"n":52,"p":26}},{"type":"Feature","geometry":{"type":"Polygon","coordinates":[[[126.90879,37.59531],[126.92609,37.59531],[126.92609,37.61261],[126.90879,37.61261],[126.90879,37.59531]]]},"properties":{"row":24,"col":19,"walk_min":0.8,"nearest_station_id":"kr_294","nearest_station_name":"역촌","nearest_station_name_ko":"역촌","a":28,"c":25,"e":45,"g":31,"i":46,"k":51,"m":40,"o":36,"b":28,"d":25,"f":45,"h":31,"j":46,"l":51,"n":40,"p":36}},{"type":"Feature","geometry":{"type":"Polygon","coordinates":[[[126.978,37.52609],[126.99531,37.52609],[126.99531,37.54339],[126.978,37.54339],[126.978,37.52609]]]},"properties":{"row":20,"col":23,"walk_min":0.3,"nearest_station_id":"kr_295","nearest_station_name":"녹사평","nearest_station_name_ko":"녹사평","a":8,"c":10,"e":21,"g":16,"i":18,"k":35,"m":25,"o":21,"b":8,"d":10,"f":21,"h":16,"j":18,"l":35,"n":25,"p":21}},{"type":"Feature","geometry":{"type":"Polygon","coordinates":[[[127.08183,37.47418],[127.09914,37.47418],[127.09914,37.49148],[127.08183,37.49148],[127.08183,37.47418]]]},"properties":{"row":17,"col":29,"walk_min":4.1,"nearest_station_id":"kr_298","nearest_station_name":"Irwon","nearest_station_name_ko":"일원","a":44,"c":46,"e":20,"g":44,"i":31,"k":26,"m":37,"o":53,"b":44,"d":46,"f":20,"h":44,"j":31,"l":26,"n":37,"p":53}},{"type":"Feature","geometry":{"type":"Polygon","coordinates":[[[127.20296,37.54339],[127.22027,37.54339],[127.22027,37.5607],[127.20296,37.5607],[127.20296,37.54339]]]},"properties":{"row":21,"col":36,"walk_min":5.9,"nearest_station_id":"kr_301","nearest_station_name":"하남풍산","nearest_station_name_ko":"하남풍산","a":61,"c":60,"e":51,"g":46,"i":62,"k":46,"m":56,"o":71,"b":61,"d":60,"f":51,"h":46,"j":62,"l":46,"n":56,"p":71}},{"type":"Feature","geometry":{"type":"Polygon","coordinates":[[[127.13374,37.43957],[127.15105,37.43957],[127.15105,37.45687],[127.13374,37.45687],[127.13374,37.43957]]]},"properties":{"row":15,"col":32,"walk_min":4.6,"nearest_station_id":"kr_304","nearest_station_name":"Sinheung","nearest_station_name_ko":"신흥","a":65,"c":67,"e":43,"g":57,"i":54,"k":38,"m":49,"o":74,"b":65,"d":67,"f":43,"h":57,"j":54,"l":38,"n":49,"p":74}},{"type":"Feature","geometry":{"type":"Polygon","coordinates":[[[127.08183,37.61261],[127.09914,37.61261],[127.09914,37.62992],[127.08183,37.62992],[127.08183,37.61261]]]},"properties":{"row":25,"col":29,"walk_min":4.6,"nearest_station_id":"kr_354","nearest_station_name":"Bonghwasan","nearest_station_name_ko":"봉화산","a":41,"c":40,"e":50,"g":36,"i":58,"k":56,"m":45,"o":52,"b":41,"d":40,"f":50,"h":36,"j":58,"l":56,"n":45,"p":52}},{"type":"Feature","geometry":{"type":"Polygon","coordinates":[[[127.13374,37.49148],[127.15105,37.49148],[127.15105,37.50879],[127.13374,37.50879],[127.13374,37.49148]]]},"properties":{"row":18,"col":32,"walk_min":3.3,"nearest_station_id":"kr_306","nearest_station_name":"개롱","nearest_station_name_ko":"개롱","a":50,"c":49,"e":28,"g":36,"i":39,"k":23,"m":34,"o":59,"b":50,"d":49,"f":28,"h":36,"j":39,"l":23,"n":34,"p":59}},{"type":"Feature","geometry":{"type":"Polygon","coordinates":[[[127.06453,37.28383],[127.08183,37.28383],[127.08183,37.30113],[127.06453,37.30113],[127.06453,37.28383]]]},"properties":{"row":6,"col":28,"walk_min":7.5,"nearest_station_id":"kr_307","nearest_station_name":"Sanghyeon","nearest_station_name_ko":"상현","a":84,"c":84,"e":60,"g":84,"i":70,"k":74,"m":86,"o":92,"b":84,"d":84,"f":60,"h":84,"j":70,"l":74,"n":86,"p":92}},{"type":"Feature","geometry":{"type":"Polygon","coordinates":[[[127.09914,37.66453],[127.11644,37.66453],[127.11644,37.68183],[127.09914,37.68183],[127.09914,37.66453]]]},"properties":{"row":28,"col":30,"walk_min":11.9,"nearest_station_id":"kr_310","nearest_station_name":"Byeollaebyeolgaram","nearest_station_name_ko":"별내별가람","a":62,"c":60,"e":73,"g":60,"i":81,"k":80,"m":69,"o":71,"b":62,"d":60,"f":73,"h":60,"j":81,"l":80,"n":69,"p":71}},{"type":"Feature","geometry":{"type":"Polygon","coordinates":[[[126.73574,37.49148],[126.75305,37.49148],[126.75305,37.50879],[126.73574,37.50879],[126.73574,37.49148]]]},"properties":{"row":18,"col":9,"walk_min":2.6,"nearest_station_id":"kr_315","nearest_station_name":"삼산체육관","nearest_station_name_ko":"삼산체육관","a":52,"c":54,"e":61,"g":66,"i":57,"k":75,"m":75,"o":48,"b":52,"d":54,"f":61,"h":66,"j":57,"l":75,"n":75,"p":48}},{"type":"Feature","geometry":{"type":"Polygon","coordinates":[[[127.06453,37.49148],[127.08183,37.49148],[127.08183,37.50879],[127.06453,37.50879],[127.06453,37.49148]]]},"properties":{"row":18,"col":28,"walk_min":2.6,"nearest_station_id":"kr_322","nearest_station_name":"학여울","nearest_station_name_ko":"학여울","a":38,"c":40,"e":15,"g":39,"i":25,"k":29,"m":40,"o":47,"b":38,"d":40,"f":15,"h":39,"j":25,"l":29,"n":40,"p":47}},{"type":"Feature","geometry":{"type":"Polygon","coordinates":[[[126.63191,37.47418],[126.64922,37.47418],[126.64922,37.49148],[126.63191,37.49148],[126.63191,37.47418]]]},"properties":{"row":17,"col":3,"walk_min":10.9,"nearest_station_id":"kr_330","nearest_station_name":"Dongincheon","nearest_station_name_ko":"동인천","a":76,"c":78,"e":85,"g":90,"i":81,"k":98,"m":99,"o":72,"b":76,"d":78,"f":85,"h":90,"j":81,"l":98,"n":99,"p":72}},{"type":"Feature","geometry":{"type":"Polygon","coordinates":[[[127.18566,37.5607],[127.20296,37.5607],[127.20296,37.578],[127.18566,37.578],[127.18566,37.5607]]]},"properties":{"row":22,"col":35,"walk_min":8.5,"nearest_station_id":"kr_331","nearest_station_name":"Misa","nearest_station_name_ko":"미사","a":60,"c":60,"e":50,"g":46,"i":62,"k":46,"m":54,"o":70,"b":60,"d":60,"f":50,"h":46,"j":62,"l":46,"n":54,"p":70}},{"type":"Feature","geometry":{"type":"Polygon","coordinates":[[[126.99531,37.52609],[127.01261,37.52609],[127.01261,37.54339],[126.99531,37.54339],[126.99531,37.52609]]]},"properties":{"row":20,"col":24,"walk_min":4.7,"nearest_station_id":"kr_334","nearest_station_name":"한강진","nearest_station_name_ko":"한강진","a":16,"c":19,"e":26,"g":17,"i":26,"k":37,"m":26,"o":30,"b":16,"d":19,"f":26,"h":17,"j":26,"l":37,"n":26,"p":30}},{"type":"Feature","geometry":{"type":"Polygon","coordinates":[[[126.90879,37.47418],[126.92609,37.47418],[126.92609,37.49148],[126.90879,37.49148],[126.90879,37.47418]]]},"properties":{"row":17,"col":19,"walk_min":5.6,"nearest_station_id":"kr_336","nearest_station_name":"Sindaebang","nearest_station_name_ko":"신대방","a":32,"c":34,"e":31,"g":46,"i":20,"k":46,"m":55,"o":28,"b":32,"d":34,"f":31,"h":46,"j":20,"l":46,"n":55,"p":28}},{"type":"Feature","geometry":{"type":"Polygon","coordinates":[[[126.90879,37.49148],[126.92609,37.49148],[126.92609,37.50879],[126.90879,37.50879],[126.90879,37.49148]]]},"properties":{"row":18,"col":19,"walk_min":0.8,"nearest_station_id":"kr_337","nearest_station_name":"보라매","nearest_station_name_ko":"보라매","a":41,"c":44,"e":28,"g":46,"i":34,"k":41,"m":53,"o":49,"b":41,"d":44,"f":28,"h":46,"j":34,"l":41,"n":53,"p":49}},{"type":"Feature","geometry":{"type":"Polygon","coordinates":[[[126.90879,37.578],[126.92609,37.578],[126.92609,37.59531],[126.90879,37.59531],[126.90879,37.578]]]},"properties":{"row":23,"col":19,"walk_min":4.3,"nearest_station_id":"kr_340","nearest_station_name":"Saejeol","nearest_station_name_ko":"새절","a":35,"c":32,"e":49,"g":39,"i":45,"k":59,"m":48,"o":44,"b":35,"d":32,"f":49,"h":39,"j":45,"l":59,"n":48,"p":44}},{"type":"Feature","geometry":{"type":"Polygon","coordinates":[[[126.80496,37.5607],[126.82226,37.5607],[126.82226,37.578],[126.80496,37.578],[126.80496,37.5607]]]},"properties":{"row":22,"col":13,"walk_min":0.4,"nearest_station_id":"kr_384","nearest_station_name":"Sinbanghwa","nearest_station_name_ko":"신방화","a":38,"c":36,"e":43,"g":49,"i":39,"k":56,"m":58,"o":24,"b":38,"d":36,"f":43,"h":49,"j":39,"l":56,"n":58,"p":24}},{"type":"Feature","geometry":{"type":"Polygon","coordinates":[[[126.82226,37.54339],[126.83957,37.54339],[126.83957,37.5607],[126.82226,37.5607],[126.82226,37.54339]]]},"properties":{"row":21,"col":14,"walk_min":1.8,"nearest_station_id":"kr_342","nearest_station_name":"Ujangsan","nearest_station_name_ko":"우장산","a":35,"c":38,"e":45,"g":50,"i":41,"k":58,"m":59,"o":32,"b":35,"d":38,"f":45,"h":50,"j":41,"l":58,"n":59,"p":32}},{"type":"Feature","geometry":{"type":"Polygon","coordinates":[[[126.99531,37.47418],[127.01261,37.47418],[127.01261,37.49148],[126.99531,37.49148],[126.99531,37.47418]]]},"properties":{"row":17,"col":24,"walk_min":3.7,"nearest_station_id":"kr_344","nearest_station_name":"Bangbae","nearest_station_name_ko":"방배","a":27,"c":30,"e":12,"g":35,"i":7,"k":27,"m":38,"o":36,"b":27,"d":30,"f":12,"h":35,"j":7,"l":27,"n":38,"p":36}},{"type":"Feature","geometry":{"type":"Polygon","coordinates":[[[126.99531,37.42226],[127.01261,37.42226],[127.01261,37.43957],[126.99531,37.43957],[126.99531,37.42226]]]},"properties":{"row":14,"col":24,"walk_min":3.1,"nearest_station_id":"kr_346","nearest_station_name":"Seoul Grand park","nearest_station_name_ko":"대공원","a":35,"c":37,"e":25,"g":48,"i":15,"k":41,"m":52,"o":43,"b":35,"d":37,"f":25,"h":48,"j":15,"l":41,"n":52,"p":43}},{"type":"Feature","geometry":{"type":"Polygon","coordinates":[[[126.75305,37.66453],[126.77035,37.66453],[126.77035,37.68183],[126.75305,37.68183],[126.75305,37.66453]]]},"properties":{"row":28,"col":10,"walk_min":2.8,"nearest_station_id":"kr_350","nearest_station_name":"Juyeop","nearest_station_name_ko":"주엽","a":72,"c":70,"e":89,"g":76,"i":92,"k":96,"m":85,"o":81,"b":72,"d":70,"f":89,"h":76,"j":92,"l":96,"n":85,"p":81}},{"type":"Feature","geometry":{"type":"Polygon","coordinates":[[[126.73574,37.33574],[126.75305,37.33574],[126.75305,37.35305],[126.73574,37.35305],[126.73574,37.33574]]]},"properties":{"row":9,"col":9,"walk_min":8.8,"nearest_station_id":"kr_351","nearest_station_name":"Jeongwang","nearest_station_name_ko":"정왕","a":99,"c":102,"e":96,"g":114,"i":85,"k":111,"m":120,"o":100,"b":99,"d":102,"f":96,"h":114,"j":85,"l":111,"n":120,"p":100}},{"type":"Feature","geometry":{"type":"Polygon","coordinates":[[[127.13374,37.61261],[127.15105,37.61261],[127.15105,37.62992],[127.13374,37.62992],[127.13374,37.61261]]]},"properties":{"row":25,"col":32,"walk_min":6.7,"nearest_station_id":"kr_352","nearest_station_name":"Dasan","nearest_station_name_ko":"다산","a":63,"c":62,"e":55,"g":48,"i":66,"k":50,"m":57,"o":73,"b":63,"d":62,"f":55,"h":48,"j":66,"l":50,"n":57,"p":73}},{"type":"Feature","geometry":{"type":"Polygon","coordinates":[[[127.13374,37.42226],[127.15105,37.42226],[127.15105,37.43957],[127.13374,37.43957],[127.13374,37.42226]]]},"properties":{"row":14,"col":32,"walk_min":6.1,"nearest_station_id":"kr_353","nearest_station_name":"Sujin","nearest_station_name_ko":"수진","a":68,"c":70,"e":46,"g":60,"i":57,"k":41,"m":52,"o":76,"b":68,"d":70,"f":46,"h":60,"j":57,"l":41,"n":52,"p":76}},{"type":"Feature","geometry":{"type":"Polygon","coordinates":[[[127.04722,37.28383],[127.06453,37.28383],[127.06453,37.30113],[127.04722,37.30113],[127.04722,37.28383]]]},"properties":{"row":6,"col":27,"walk_min":12.4,"nearest_station_id":"kr_357","nearest_station_name":"Gwanggyo Jungang","nearest_station_name_ko":"광교중앙","a":91,"c":93,"e":68,"g":92,"i":78,"k":83,"m":94,"o":100,"b":91,"d":93,"f":68,"h":92,"j":78,"l":83,"n":94,"p":100}},{"type":"Feature","geometry":{"type":"Polygon","coordinates":[[[127.20296,37.52609],[127.22027,37.52609],[127.22027,37.54339],[127.20296,37.54339],[127.20296,37.52609]]]},"properties":{"row":20,"col":36,"walk_min":21.4,"nearest_station_id":"kr_360","nearest_station_name":"Hanam City Hall (Deokpung·Sinjang)","nearest_station_name_ko":"하남시청(덕풍·신장)","a":79,"c":78,"e":69,"g":64,"i":80,"k":64,"m":73,"o":89,"b":79,"d":78,"f":69,"h":64,"j":80,"l":64,"n":73,"p":89}},{"type":"Feature","geometry":{"type":"Polygon","coordinates":[[[127.18566,37.69914],[127.20296,37.69914],[127.20296,37.71644],[127.18566,37.71644],[127.18566,37.69914]]]},"properties":{"row":30,"col":35,"walk_min":4.4,"nearest_station_id":"kr_361","nearest_station_name":"Onam","nearest_station_name_ko":"오남","a":68,"c":66,"e":80,"g":66,"i":88,"k":87,"m":75,"o":77,"b":68,"d":66,"f":80,"h":66,"j":88,"l":87,"n":75,"p":77}},{"type":"Feature","geometry":{"type":"Polygon","coordinates":[[[126.90879,37.33574],[126.92609,37.33574],[126.92609,37.35305],[126.90879,37.35305],[126.90879,37.33574]]]},"properties":{"row":9,"col":19,"walk_min":10.2,"nearest_station_id":"kr_364","nearest_station_name":"Surisan","nearest_station_name_ko":"수리산","a":62,"c":65,"e":59,"g":77,"i":48,"k":74,"m":85,"o":63,"b":62,"d":65,"f":59,"h":77,"j":48,"l":74,"n":85,"p":63}},{"type":"Feature","geometry":{"type":"Polygon","coordinates":[[[126.978,37.42226],[126.99531,37.42226],[126.99531,37.43957],[126.978,37.43957],[126.978,37.42226]]]},"properties":{"row":14,"col":23,"walk_min":8.1,"nearest_station_id":"kr_367","nearest_station_name":"Government Complex Gwacheon","nearest_station_name_ko":"정부과천청사","a":44,"c":47,"e":35,"g":58,"i":24,"k":50,"m":61,"o":52,"b":44,"d":47,"f":35,"h":58,"j":24,"l":50,"n":61,"p":52}},{"type":"Feature","geometry":{"type":"Polygon","coordinates":[[[126.94339,37.47418],[126.9607,37.47418],[126.9607,37.49148],[126.94339,37.49148],[126.94339,37.47418]]]},"properties":{"row":17,"col":21,"walk_min":4.2,"nearest_station_id":"kr_370","nearest_station_name":"Seoul Nat'l University (Gwanak-gu Office)","nearest_station_name_ko":"서울대입구(관악구청)","a":30,"c":32,"e":21,"g":43,"i":10,"k":36,"m":47,"o":34,"b":30,"d":32,"f":21,"h":43,"j":10,"l":36,"n":47,"p":34}},{"type":"Feature","geometry":{"type":"Polygon","coordinates":[[[126.92609,37.47418],[126.94339,37.47418],[126.94339,37.49148],[126.92609,37.49148],[126.92609,37.47418]]]},"properties":{"row":17,"col":20,"walk_min":1.5,"nearest_station_id":"kr_375","nearest_station_name":"Sillim","nearest_station_name_ko":"신림","a":30,"c":32,"e":22,"g":44,"i":12,"k":38,"m":50,"o":26,"b":30,"d":32,"f":22,"h":44,"j":12,"l":38,"n":50,"p":26}},{"type":"Feature","geometry":{"type":"Polygon","coordinates":[[[126.70113,37.45687],[126.71844,37.45687],[126.71844,37.47418],[126.70113,37.47418],[126.70113,37.45687]]]},"properties":{"row":16,"col":7,"walk_min":9.2,"nearest_station_id":"kr_378","nearest_station_name":"Dongam","nearest_station_name_ko":"동암","a":62,"c":65,"e":72,"g":76,"i":67,"k":85,"m":86,"o":59,"b":62,"d":65,"f":72,"h":76,"j":67,"l":85,"n":86,"p":59}},{"type":"Feature","geometry":{"type":"Polygon","coordinates":[[[126.64922,37.45687],[126.66652,37.45687],[126.66652,37.47418],[126.64922,37.47418],[126.64922,37.45687]]]},"properties":{"row":16,"col":4,"walk_min":5.5,"nearest_station_id":"kr_379","nearest_station_name":"Jemulpo","nearest_station_name_ko":"제물포","a":66,"c":68,"e":76,"g":80,"i":72,"k":88,"m":90,"o":62,"b":66,"d":68,"f":76,"h":80,"j":72,"l":88,"n":90,"p":62}},{"type":"Feature","geometry":{"type":"Polygon","coordinates":[[[126.85687,37.49148],[126.87418,37.49148],[126.87418,37.50879],[126.85687,37.50879],[126.85687,37.49148]]]},"properties":{"row":18,"col":16,"walk_min":3.7,"nearest_station_id":"kr_450","nearest_station_name":"Guil","nearest_station_name_ko":"구일","a":26,"c":29,"e":36,"g":41,"i":32,"k":49,"m":50,"o":23,"b":26,"d":29,"f":36,"h":41,"j":32,"l":49,"n":50,"p":23}},{"type":"Feature","geometry":{"type":"Polygon","coordinates":[[[126.85687,37.54339],[126.87418,37.54339],[126.87418,37.5607],[126.85687,37.5607],[126.85687,37.54339]]]},"properties":{"row":21,"col":16,"walk_min":0.8,"nearest_station_id":"kr_385","nearest_station_name":"Deungchon","nearest_station_name_ko":"등촌","a":29,"c":27,"e":35,"g":40,"i":31,"k":48,"m":50,"o":16,"b":29,"d":27,"f":35,"h":40,"j":31,"l":48,"n":50,"p":16}},{"type":"Feature","geometry":{"type":"Polygon","coordinates":[[[127.02992,37.18],[127.04722,37.18],[127.04722,37.1973],[127.02992,37.1973],[127.02992,37.18]]]},"properties":{"row":0,"col":26,"walk_min":6.5,"nearest_station_id":"kr_388","nearest_station_name":"Sema","nearest_station_name_ko":"세마","a":96,"c":100,"e":94,"g":112,"i":82,"k":108,"m":120,"o":98,"b":96,"d":100,"f":94,"h":112,"j":82,"l":108,"n":120,"p":98}},{"type":"Feature","geometry":{"type":"Polygon","coordinates":[[[126.89148,37.42226],[126.90879,37.42226],[126.90879,37.43957],[126.89148,37.43957],[126.89148,37.42226]]]},"properties":{"row":14,"col":18,"walk_min":4.9,"nearest_station_id":"kr_392","nearest_station_name":"Seoksu","nearest_station_name_ko":"석수","a":36,"c":39,"e":46,"g":51,"i":42,"k":59,"m":60,"o":37,"b":36,"d":39,"f":46,"h":51,"j":42,"l":59,"n":60,"p":37}},{"type":"Feature","geometry":{"type":"Polygon","coordinates":[[[127.08183,37.49148],[127.09914,37.49148],[127.09914,37.50879],[127.08183,37.50879],[127.08183,37.49148]]]},"properties":{"row":18,"col":29,"walk_min":1.8,"nearest_station_id":"kr_394","nearest_station_name":"삼전","nearest_station_name_ko":"삼전","a":37,"c":39,"e":15,"g":30,"i":26,"k":10,"m":21,"o":45,"b":37,"d":39,"f":15,"h":30,"j":26,"l":10,"n":21,"p":45}},{"type":"Feature","geometry":{"type":"Polygon","coordinates":[[[127.02992,37.66453],[127.04722,37.66453],[127.04722,37.68183],[127.02992,37.68183],[127.02992,37.66453]]]},"properties":{"row":28,"col":26,"walk_min":4.4,"nearest_station_id":"kr_395","nearest_station_name":"Banghak (Dobong-gu Office)","nearest_station_name_ko":"방학(도봉구청)","a":45,"c":43,"e":57,"g":43,"i":65,"k":56,"m":45,"o":54,"b":45,"d":43,"f":57,"h":43,"j":65,"l":56,"n":45,"p":54}},{"type":"Feature","geometry":{"type":"Polygon","coordinates":[[[126.94339,37.50879],[126.9607,37.50879],[126.9607,37.52609],[126.94339,37.52609],[126.94339,37.50879]]]},"properties":{"row":19,"col":21,"walk_min":7.8,"nearest_station_id":"kr_399","nearest_station_name":"Nodeul","nearest_station_name_ko":"노들","a":22,"c":25,"e":24,"g":37,"i":20,"k":37,"m":46,"o":26,"b":22,"d":25,"f":24,"h":37,"j":20,"l":37,"n":46,"p":26}},{"type":"Feature","geometry":{"type":"Polygon","coordinates":[[[126.9607,37.49148],[126.978,37.49148],[126.978,37.50879],[126.9607,37.50879],[126.9607,37.49148]]]},"properties":{"row":18,"col":22,"walk_min":5.6,"nearest_station_id":"kr_003","nearest_station_name":"Dongjak","nearest_station_name_ko":"동작","a":20,"c":22,"e":16,"g":33,"i":12,"k":29,"m":40,"o":28,"b":20,"d":22,"f":16,"h":33,"j":12,"l":29,"n":40,"p":28}},{"type":"Feature","geometry":{"type":"Polygon","coordinates":[[[126.85687,37.52609],[126.87418,37.52609],[126.87418,37.54339],[126.85687,37.54339],[126.85687,37.52609]]]},"properties":{"row":20,"col":16,"walk_min":7.3,"nearest_station_id":"kr_405","nearest_station_name":"Mok-dong","nearest_station_name_ko":"목동","a":34,"c":37,"e":41,"g":49,"i":37,"k":54,"m":58,"o":32,"b":34,"d":37,"f":41,"h":49,"j":37,"l":54,"n":58,"p":32}},{"type":"Feature","geometry":{"type":"Polygon","coordinates":[[[126.92609,37.61261],[126.94339,37.61261],[126.94339,37.62992],[126.92609,37.62992],[126.92609,37.61261]]]},"properties":{"row":25,"col":20,"walk_min":3.6,"nearest_station_id":"kr_409","nearest_station_name":"독바위","nearest_station_name_ko":"독바위","a":31,"c":28,"e":48,"g":34,"i":51,"k":55,"m":44,"o":39,"b":31,"d":28,"f":48,"h":34,"j":51,"l":55,"n":44,"p":39}},{"type":"Feature","geometry":{"type":"Polygon","coordinates":[[[126.83957,37.49148],[126.85687,37.49148],[126.85687,37.50879],[126.83957,37.50879],[126.83957,37.49148]]]},"properties":{"row":18,"col":15,"walk_min":8.8,"nearest_station_id":"kr_412","nearest_station_name":"Oryu-dong","nearest_station_name_ko":"오류동","a":36,"c":38,"e":45,"g":50,"i":41,"k":59,"m":59,"o":32,"b":36,"d":38,"f":45,"h":50,"j":41,"l":59,"n":59,"p":32}},{"type":"Feature","geometry":{"type":"Polygon","coordinates":[[[126.90879,37.40496],[126.92609,37.40496],[126.92609,37.42226],[126.90879,37.42226],[126.90879,37.40496]]]},"properties":{"row":13,"col":19,"walk_min":10.6,"nearest_station_id":"kr_413","nearest_station_name":"Gwanak","nearest_station_name_ko":"관악","a":46,"c":49,"e":56,"g":60,"i":52,"k":69,"m":70,"o":47,"b":46,"d":49,"f":56,"h":60,"j":52,"l":69,"n":70,"p":47}},{"type":"Feature","geometry":{"type":"Polygon","coordinates":[[[126.89148,37.30113],[126.90879,37.30113],[126.90879,37.31844],[126.89148,37.31844],[126.89148,37.30113]]]},"properties":{"row":7,"col":18,"walk_min":7.5,"nearest_station_id":"kr_415","nearest_station_name":"Banwol","nearest_station_name_ko":"반월","a":70,"c":72,"e":66,"g":84,"i":56,"k":82,"m":92,"o":70,"b":70,"d":72,"f":66,"h":84,"j":56,"l":82,"n":92,"p":70}},{"type":"Feature","geometry":{"type":"Polygon","coordinates":[[[127.02992,37.75105],[127.04722,37.75105],[127.04722,37.76835],[127.02992,37.76835],[127.02992,37.75105]]]},"properties":{"row":33,"col":26,"walk_min":3.8,"nearest_station_id":"kr_421","nearest_station_name":"Nogyang","nearest_station_name_ko":"녹양","a":65,"c":63,"e":77,"g":63,"i":85,"k":76,"m":65,"o":74,"b":65,"d":63,"f":77,"h":63,"j":85,"l":76,"n":65,"p":74}},{"type":"Feature","geometry":{"type":"Polygon","coordinates":[[[126.90879,37.31844],[126.92609,37.31844],[126.92609,37.33574],[126.90879,37.33574],[126.90879,37.31844]]]},"properties":{"row":8,"col":19,"walk_min":1.0,"nearest_station_id":"kr_423","nearest_station_name":"Daeyami","nearest_station_name_ko":"대야미","a":59,"c":61,"e":55,"g":73,"i":45,"k":71,"m":82,"o":59,"b":59,"d":61,"f":55,"h":73,"j":45,"l":71,"n":82,"p":59}},{"type":"Feature","geometry":{"type":"Polygon","coordinates":[[[126.73574,37.66453],[126.75305,37.66453],[126.75305,37.68183],[126.73574,37.68183],[126.73574,37.66453]]]},"properties":{"row":28,"col":9,"walk_min":5.0,"nearest_station_id":"kr_424","nearest_station_name":"Daehwa","nearest_station_name_ko":"대화","a":77,"c":75,"e":94,"g":81,"i":97,"k":101,"m":90,"o":86,"b":77,"d":75,"f":94,"h":81,"j":97,"l":101,"n":90,"p":86}},{"type":"Feature","geometry":{"type":"Polygon","coordinates":[[[126.83957,37.30113],[126.85687,37.30113],[126.85687,37.31844],[126.83957,37.31844],[126.83957,37.30113]]]},"properties":{"row":7,"col":15,"walk_min":3.0,"nearest_station_id":"kr_425","nearest_station_name":"Hanyang University at Ansan","nearest_station_name_ko":"한대앞","a":72,"c":74,"e":69,"g":86,"i":58,"k":84,"m":95,"o":72,"b":72,"d":74,"f":69,"h":86,"j":58,"l":84,"n":95,"p":72}},{"type":"Feature","geometry":{"type":"Polygon","coordinates":[[[126.75305,37.33574],[126.77035,37.33574],[126.77035,37.35305],[126.75305,37.35305],[126.75305,37.33574]]]},"properties":{"row":9,"col":10,"walk_min":13.9,"nearest_station_id":"kr_427","nearest_station_name":"Singiloncheon","nearest_station_name_ko":"신길온천","a":99,"c":102,"e":96,"g":114,"i":86,"k":112,"m":120,"o":100,"b":99,"d":102,"f":96,"h":114,"j":86,"l":112,"n":120,"p":100}},{"type":"Feature","geometry":{"type":"Polygon","coordinates":[[[126.73574,37.35305],[126.75305,37.35305],[126.75305,37.37035],[126.73574,37.37035],[126.73574,37.35305]]]},"properties":{"row":10,"col":9,"walk_min":4.4,"nearest_station_id":"kr_428","nearest_station_name":"Oido","nearest_station_name_ko":"오이도","a":97,"c":100,"e":94,"g":111,"i":83,"k":109,"m":120,"o":98,"b":97,"d":100,"f":94,"h":111,"j":83,"l":109,"n":120,"p":98}},{"type":"Feature","geometry":{"type":"Polygon","coordinates":[[[126.78765,37.578],[126.80496,37.578],[126.80496,37.59531],[126.78765,37.59531],[126.78765,37.578]]]},"properties":{"row":23,"col":12,"walk_min":15.4,"nearest_station_id":"kr_429","nearest_station_name":"Gaehwa","nearest_station_name_ko":"개화","a":59,"c":57,"e":65,"g":71,"i":61,"k":78,"m":80,"o":46,"b":59,"d":57,"f":65,"h":71,"j":61,"l":78,"n":80,"p":46}},{"type":"Feature","geometry":{"type":"Polygon","coordinates":[[[126.90879,37.52609],[126.92609,37.52609],[126.92609,37.54339],[126.90879,37.54339],[126.90879,37.52609]]]},"properties":{"row":20,"col":19,"walk_min":6.4,"nearest_station_id":"kr_431","nearest_station_name":"National Assembly","nearest_station_name_ko":"국회의사당","a":23,"c":26,"e":29,"g":38,"i":25,"k":42,"m":47,"o":16,"b":23,"d":26,"f":29,"h":38,"j":25,"l":42,"n":47,"p":16}},{"type":"Feature","geometry":{"type":"Polygon","coordinates":[[[127.13374,37.50879],[127.15105,37.50879],[127.15105,37.52609],[127.13374,37.52609],[127.13374,37.50879]]]},"properties":{"row":19,"col":32,"walk_min":5.7,"nearest_station_id":"kr_436","nearest_station_name":"둔촌오륜","nearest_station_name_ko":"둔촌오륜","a":49,"c":48,"e":29,"g":35,"i":40,"k":24,"m":35,"o":59,"b":49,"d":48,"f":29,"h":35,"j":40,"l":24,"n":35,"p":59}},{"type":"Feature","geometry":{"type":"Polygon","coordinates":[[[127.11644,37.62992],[127.13374,37.62992],[127.13374,37.64722],[127.11644,37.64722],[127.11644,37.62992]]]},"properties":{"row":26,"col":31,"walk_min":10.3,"nearest_station_id":"kr_438","nearest_station_name":"Byeollae","nearest_station_name_ko":"별내","a":71,"c":70,"e":63,"g":57,"i":74,"k":58,"m":66,"o":81,"b":71,"d":70,"f":63,"h":57,"j":74,"l":58,"n":66,"p":81}},{"type":"Feature","geometry":{"type":"Polygon","coordinates":[[[127.11644,37.42226],[127.13374,37.42226],[127.13374,37.43957],[127.11644,37.43957],[127.11644,37.42226]]]},"properties":{"row":14,"col":31,"walk_min":17.2,"nearest_station_id":"kr_439","nearest_station_name":"Moran","nearest_station_name_ko":"모란","a":81,"c":83,"e":59,"g":73,"i":70,"k":54,"m":66,"o":90,"b":81,"d":83,"f":59,"h":73,"j":70,"l":54,"n":66,"p":90}},{"type":"Feature","geometry":{"type":"Polygon","coordinates":[[[127.15105,37.49148],[127.16835,37.49148],[127.16835,37.50879],[127.15105,37.50879],[127.15105,37.49148]]]},"properties":{"row":18,"col":33,"walk_min":7.8,"nearest_station_id":"kr_440","nearest_station_name":"Macheon","nearest_station_name_ko":"마천","a":59,"c":58,"e":38,"g":45,"i":48,"k":33,"m":44,"o":68,"b":59,"d":58,"f":38,"h":45,"j":48,"l":33,"n":44,"p":68}},{"type":"Feature","geometry":{"type":"Polygon","coordinates":[[[126.87418,37.40496],[126.89148,37.40496],[126.89148,37.42226],[126.87418,37.42226],[126.87418,37.40496]]]},"properties":{"row":13,"col":17,"walk_min":3.2,"nearest_station_id":"kr_442","nearest_station_name":"Gwangmyeong","nearest_station_name_ko":"광명","a":38,"c":41,"e":48,"g":52,"i":44,"k":61,"m":62,"o":39,"b":27,"d":30,"f":48,"h":42,"j":44,"l":61,"n":51,"p":39}},{"type":"Feature","geometry":{"type":"Polygon","coordinates":[[[126.87418,37.45687],[126.89148,37.45687],[126.89148,37.47418],[126.87418,37.47418],[126.87418,37.45687]]]},"properties":{"row":16,"col":17,"walk_min":7.2,"nearest_station_id":"kr_443","nearest_station_name":"Doksan","nearest_station_name_ko":"독산","a":35,"c":38,"e":45,"g":50,"i":40,"k":58,"m":59,"o":32,"b":35,"d":38,"f":45,"h":50,"j":40,"l":58,"n":59,"p":32}},{"type":"Feature","geometry":{"type":"Polygon","coordinates":[[[127.02992,37.30113],[127.04722,37.30113],[127.04722,37.31844],[127.02992,37.31844],[127.02992,37.30113]]]},"properties":{"row":7,"col":26,"walk_min":37.8,"nearest_station_id":"kr_444","nearest_station_name":"Gwanggyo","nearest_station_name_ko":"광교","a":120,"c":120,"e":97,"g":120,"i":107,"k":112,"m":120,"o":120,"b":120,"d":120,"f":97,"h":120,"j":107,"l":112,"n":120,"p":120}},{"type":"Feature","geometry":{"type":"Polygon","coordinates":[[[127.04722,37.80296],[127.06453,37.80296],[127.06453,37.82027],[127.04722,37.82027],[127.04722,37.80296]]]},"properties":{"row":36,"col":27,"walk_min":5.8,"nearest_station_id":"kr_447","nearest_station_name":"Deokgye","nearest_station_name_ko":"덕계","a":80,"c":78,"e":92,"g":78,"i":100,"k":91,"m":80,"o":89,"b":80,"d":78,"f":92,"h":78,"j":100,"l":91,"n":80,"p":89}},{"type":"Feature","geometry":{"type":"Polygon","coordinates":[[[127.02992,37.69914],[127.04722,37.69914],[127.04722,37.71644],[127.02992,37.71644],[127.02992,37.69914]]]},"properties":{"row":30,"col":26,"walk_min":7.5,"nearest_station_id":"kr_449","nearest_station_name":"Mangwolsa (Shinhan University)","nearest_station_name_ko":"망월사(신한대학교)","a":58,"c":56,"e":70,"g":56,"i":78,"k":70,"m":58,"o":66,"b":58,"d":56,"f":70,"h":56,"j":78,"l":70,"n":58,"p":66}},{"type":"Feature","geometry":{"type":"Polygon","coordinates":[[[126.78765,37.47418],[126.80496,37.47418],[126.80496,37.49148],[126.78765,37.49148],[126.78765,37.47418]]]},"properties":{"row":17,"col":12,"walk_min":1.8,"nearest_station_id":"kr_451","nearest_station_name":"Sosa","nearest_station_name_ko":"소사","a":37,"c":39,"e":46,"g":51,"i":42,"k":60,"m":60,"o":34,"b":37,"d":39,"f":46,"h":51,"j":42,"l":60,"n":60,"p":34}},{"type":"Feature","geometry":{"type":"Polygon","coordinates":[[[126.70113,37.47418],[126.71844,37.47418],[126.71844,37.49148],[126.70113,37.49148],[126.70113,37.47418]]]},"properties":{"row":17,"col":7,"walk_min":3.0,"nearest_station_id":"kr_454","nearest_station_name":"Baegun","nearest_station_name_ko":"백운","a":54,"c":56,"e":63,"g":68,"i":59,"k":77,"m":78,"o":51,"b":54,"d":56,"f":63,"h":68,"j":59,"l":77,"n":78,"p":51}},{"type":"Feature","geometry":{"type":"Polygon","coordinates":[[[126.68383,37.45687],[126.70113,37.45687],[126.70113,37.47418],[126.68383,37.47418],[126.68383,37.45687]]]},"properties":{"row":16,"col":6,"walk_min":3.1,"nearest_station_id":"kr_455","nearest_station_name":"Ganseok","nearest_station_name_ko":"간석","a":58,"c":61,"e":68,"g":73,"i":64,"k":81,"m":82,"o":55,"b":58,"d":61,"f":68,"h":73,"j":64,"l":81,"n":82,"p":55}},{"type":"Feature","geometry":{"type":"Polygon","coordinates":[[[126.63191,37.45687],[126.64922,37.45687],[126.64922,37.47418],[126.63191,37.47418],[126.63191,37.45687]]]},"properties":{"row":16,"col":3,"walk_min":3.7,"nearest_station_id":"kr_457","nearest_station_name":"Dowon","nearest_station_name_ko":"도원","a":67,"c":70,"e":77,"g":82,"i":73,"k":90,"m":91,"o":64,"b":67,"d":70,"f":77,"h":82,"j":73,"l":90,"n":91,"p":64}},{"type":"Feature","geometry":{"type":"Polygon","coordinates":[[[126.61461,37.47418],[126.63191,37.47418],[126.63191,37.49148],[126.61461,37.49148],[126.61461,37.47418]]]},"properties":{"row":17,"col":2,"walk_min":7.5,"nearest_station_id":"kr_458","nearest_station_name":"Incheon","nearest_station_name_ko":"인천","a":76,"c":78,"e":84,"g":90,"i":80,"k":98,"m":98,"o":72,"b":76,"d":78,"f":84,"h":90,"j":80,"l":98,"n":98,"p":72}},{"type":"Feature","geometry":{"type":"Polygon","coordinates":[[[126.92609,37.37035],[126.94339,37.37035],[126.94339,37.38765],[126.92609,37.38765],[126.92609,37.37035]]]},"properties":{"row":11,"col":20,"walk_min":6.1,"nearest_station_id":"kr_459","nearest_station_name":"Myeonghak","nearest_station_name_ko":"명학","a":49,"c":52,"e":52,"g":64,"i":41,"k":67,"m":73,"o":50,"b":49,"d":52,"f":52,"h":64,"j":41,"l":67,"n":73,"p":50}},{"type":"Feature","geometry":{"type":"Polygon","coordinates":[[[126.94339,37.33574],[126.9607,37.33574],[126.9607,37.35305],[126.94339,37.35305],[126.94339,37.33574]]]},"properties":{"row":9,"col":21,"walk_min":10.1,"nearest_station_id":"kr_460","nearest_station_name":"Dangjeong","nearest_station_name_ko":"당정","a":62,"c":65,"e":60,"g":77,"i":49,"k":75,"m":86,"o":63,"b":62,"d":65,"f":60,"h":77,"j":49,"l":75,"n":86,"p":63}},{"type":"Feature","geometry":{"type":"Polygon","coordinates":[[[126.978,37.28383],[126.99531,37.28383],[126.99531,37.30113],[126.978,37.30113],[126.978,37.28383]]]},"properties":{"row":6,"col":23,"walk_min":7.9,"nearest_station_id":"kr_461","nearest_station_name":"Hwaseo","nearest_station_name_ko":"화서","a":76,"c":79,"e":73,"g":90,"i":62,"k":88,"m":99,"o":77,"b":76,"d":79,"f":73,"h":90,"j":62,"l":88,"n":99,"p":77}},{"type":"Feature","geometry":{"type":"Polygon","coordinates":[[[127.01261,37.23191],[127.02992,37.23191],[127.02992,37.24922],[127.01261,37.24922],[127.01261,37.23191]]]},"properties":{"row":3,"col":25,"walk_min":6.8,"nearest_station_id":"kr_462","nearest_station_name":"Seryu","nearest_station_name_ko":"세류","a":84,"c":87,"e":81,"g":99,"i":70,"k":96,"m":107,"o":85,"b":84,"d":87,"f":81,"h":99,"j":70,"l":96,"n":107,"p":85}},{"type":"Feature","geometry":{"type":"Polygon","coordinates":[[[127.04722,37.18],[127.06453,37.18],[127.06453,37.1973],[127.04722,37.1973],[127.04722,37.18]]]},"properties":{"row":0,"col":27,"walk_min":8.6,"nearest_station_id":"kr_466","nearest_station_name":"Seodongtan","nearest_station_name_ko":"서동탄","a":99,"c":101,"e":96,"g":113,"i":85,"k":111,"m":120,"o":99,"b":99,"d":101,"f":96,"h":113,"j":85,"l":111,"n":120,"p":99}},{"type":"Feature","geometry":{"type":"Polygon","coordinates":[[[127.04722,37.69914],[127.06453,37.69914],[127.06453,37.71644],[127.04722,37.71644],[127.04722,37.69914]]]},"properties":{"row":30,"col":27,"walk_min":4.9,"nearest_station_id":"kr_449","nearest_station_name":"Mangwolsa (Shinhan University)","nearest_station_name_ko":"망월사(신한대학교)","a":55,"c":53,"e":67,"g":53,"i":75,"k":67,"m":55,"o":64,"b":55,"d":53,"f":67,"h":53,"j":75,"l":67,"n":55,"p":64}},{"type":"Feature","geometry":{"type":"Polygon","coordinates":[[[127.09914,37.61261],[127.11644,37.61261],[127.11644,37.62992],[127.09914,37.62992],[127.09914,37.61261]]]},"properties":{"row":25,"col":30,"walk_min":19.8,"nearest_station_id":"kr_468","nearest_station_name":"Sinnae","nearest_station_name_ko":"신내","a":59,"c":58,"e":67,"g":53,"i":76,"k":74,"m":63,"o":69,"b":59,"d":58,"f":67,"h":53,"j":76,"l":74,"n":63,"p":69}},{"type":"Feature","geometry":{"type":"Polygon","coordinates":[[[127.20296,37.71644],[127.22027,37.71644],[127.22027,37.73374],[127.20296,37.73374],[127.20296,37.71644]]]},"properties":{"row":31,"col":36,"walk_min":9.6,"nearest_station_id":"kr_470","nearest_station_name":"Jinjeop","nearest_station_name_ko":"진접","a":78,"c":76,"e":90,"g":76,"i":98,"k":97,"m":86,"o":88,"b":78,"d":76,"f":90,"h":76,"j":98,"l":97,"n":86,"p":88}},{"type":"Feature","geometry":{"type":"Polygon","coordinates":[[[126.70113,37.50879],[126.71844,37.50879],[126.71844,37.52609],[126.70113,37.52609],[126.70113,37.50879]]]},"properties":{"row":19,"col":7,"walk_min":9.9,"nearest_station_id":"kr_258","nearest_station_name":"Sangok","nearest_station_name_ko":"산곡","a":66,"c":69,"e":76,"g":81,"i":72,"k":89,"m":90,"o":63,"b":66,"d":69,"f":76,"h":81,"j":72,"l":89,"n":90,"p":63}},{"type":"Feature","geometry":{"type":"Polygon","coordinates":[[[126.80496,37.578],[126.82226,37.578],[126.82226,37.59531],[126.80496,37.59531],[126.80496,37.578]]]},"properties":{"row":23,"col":13,"walk_min":7.4,"nearest_station_id":"kr_441","nearest_station_name":"방화","nearest_station_name_ko":"방화","a":52,"c":50,"e":58,"g":63,"i":54,"k":71,"m":72,"o":39,"b":52,"d":50,"f":58,"h":63,"j":54,"l":71,"n":72,"p":39}},{"type":"Feature","geometry":{"type":"Polygon","coordinates":[[[127.11644,37.66453],[127.13374,37.66453],[127.13374,37.68183],[127.11644,37.68183],[127.11644,37.66453]]]},"properties":{"row":28,"col":31,"walk_min":12.4,"nearest_station_id":"kr_310","nearest_station_name":"Byeollaebyeolgaram","nearest_station_name_ko":"별내별가람","a":62,"c":60,"e":73,"g":60,"i":81,"k":80,"m":69,"o":71,"b":62,"d":60,"f":73,"h":60,"j":81,"l":80,"n":69,"p":71}},{"type":"Feature","geometry":{"type":"Polygon","coordinates":[[[126.92609,37.33574],[126.94339,37.33574],[126.94339,37.35305],[126.92609,37.35305],[126.92609,37.33574]]]},"properties":{"row":9,"col":20,"walk_min":8.8,"nearest_station_id":"kr_364","nearest_station_name":"Surisan","nearest_station_name_ko":"수리산","a":61,"c":64,"e":58,"g":76,"i":47,"k":73,"m":84,"o":62,"b":61,"d":64,"f":58,"h":76,"j":47,"l":73,"n":84,"p":62}},{"type":"Feature","geometry":{"type":"Polygon","coordinates":[[[126.89148,37.40496],[126.90879,37.40496],[126.90879,37.42226],[126.89148,37.42226],[126.89148,37.40496]]]},"properties":{"row":13,"col":18,"walk_min":12.8,"nearest_station_id":"kr_413","nearest_station_name":"Gwanak","nearest_station_name_ko":"관악","a":48,"c":51,"e":58,"g":62,"i":54,"k":71,"m":72,"o":49,"b":48,"d":51,"f":58,"h":62,"j":54,"l":71,"n":72,"p":49}},{"type":"Feature","geometry":{"type":"Polygon","coordinates":[[[126.978,37.26652],[126.99531,37.26652],[126.99531,37.28383],[126.978,37.28383],[126.978,37.26652]]]},"properties":{"row":5,"col":23,"walk_min":8.8,"nearest_station_id":"kr_461","nearest_station_name":"Hwaseo","nearest_station_name_ko":"화서","a":77,"c":80,"e":74,"g":91,"i":63,"k":89,"m":100,"o":78,"b":77,"d":80,"f":74,"h":91,"j":63,"l":89,"n":100,"p":78}},{"type":"Feature","geometry":{"type":"Polygon","coordinates":[[[127.06453,37.47418],[127.08183,37.47418],[127.08183,37.49148],[127.06453,37.49148],[127.06453,37.47418]]]},"properties":{"row":17,"col":28,"walk_min":8.1,"nearest_station_id":"kr_298","nearest_station_name":"Irwon","nearest_station_name_ko":"일원","a":48,"c":50,"e":24,"g":48,"i":35,"k":30,"m":41,"o":57,"b":48,"d":50,"f":24,"h":48,"j":35,"l":30,"n":41,"p":57}},{"type":"Feature","geometry":{"type":"Polygon","coordinates":[[[126.87418,37.52609],[126.89148,37.52609],[126.89148,37.54339],[126.87418,37.54339],[126.87418,37.52609]]]},"properties":{"row":20,"col":17,"walk_min":1.9,"nearest_station_id":"kr_387","nearest_station_name":"Seonyudo","nearest_station_name_ko":"선유도","a":24,"c":22,"e":30,"g":35,"i":26,"k":43,"m":45,"o":11,"b":24,"d":22,"f":30,"h":35,"j":26,"l":43,"n":45,"p":11}},{"type":"Feature","geometry":{"type":"Polygon","coordinates":[[[126.77035,37.62992],[126.78765,37.62992],[126.78765,37.64722],[126.77035,37.64722],[126.77035,37.62992]]]},"properties":{"row":26,"col":11,"walk_min":8.8,"nearest_station_id":"kr_228","nearest_station_name":"Baekseok","nearest_station_name_ko":"백석","a":70,"c":67,"e":87,"g":74,"i":90,"k":94,"m":83,"o":79,"b":70,"d":67,"f":87,"h":74,"j":90,"l":94,"n":83,"p":79}},{"type":"Feature","geometry":{"type":"Polygon","coordinates":[[[127.04722,37.71644],[127.06453,37.71644],[127.06453,37.73374],[127.04722,37.73374],[127.04722,37.71644]]]},"properties":{"row":31,"col":27,"walk_min":7.4,"nearest_station_id":"kr_062","nearest_station_name":"Hoeryong","nearest_station_name_ko":"회룡","a":60,"c":58,"e":72,"g":58,"i":80,"k":71,"m":60,"o":69,"b":60,"d":58,"f":72,"h":58,"j":80,"l":71,"n":60,"p":69}},{"type":"Feature","geometry":{"type":"Polygon","coordinates":[[[127.18566,37.71644],[127.20296,37.71644],[127.20296,37.73374],[127.18566,37.73374],[127.18566,37.71644]]]},"properties":{"row":31,"col":35,"walk_min":9.7,"nearest_station_id":"kr_470","nearest_station_name":"Jinjeop","nearest_station_name_ko":"진접","a":78,"c":76,"e":90,"g":76,"i":98,"k":97,"m":86,"o":88,"b":78,"d":76,"f":90,"h":76,"j":98,"l":97,"n":86,"p":88}},{"type":"Feature","geometry":{"type":"Polygon","coordinates":[[[127.18566,37.40496],[127.20296,37.40496],[127.20296,37.42226],[127.18566,37.42226],[127.18566,37.40496]]]},"properties":{"row":13,"col":35,"walk_min":10.9,"nearest_station_id":"kr_236","nearest_station_name":"Samdong","nearest_station_name_ko":"삼동","a":78,"c":80,"e":54,"g":78,"i":64,"k":69,"m":80,"o":86,"b":78,"d":80,"f":54,"h":78,"j":64,"l":69,"n":80,"p":86}},{"type":"Feature","geometry":{"type":"Polygon","coordinates":[[[126.92609,37.578],[126.94339,37.578],[126.94339,37.59531],[126.92609,37.59531],[126.92609,37.578]]]},"properties":{"row":23,"col":20,"walk_min":8.1,"nearest_station_id":"kr_110","nearest_station_name":"Hongje (Seoul Culture Arts Univ.)","nearest_station_name_ko":"홍제(서울문화예술대)","a":27,"c":24,"e":44,"g":30,"i":47,"k":51,"m":40,"o":35,"b":27,"d":24,"f":44,"h":30,"j":47,"l":51,"n":40,"p":35}},{"type":"Feature","geometry":{"type":"Polygon","coordinates":[[[127.04722,37.52609],[127.06453,37.52609],[127.06453,37.54339],[127.04722,37.54339],[127.04722,37.52609]]]},"properties":{"row":20,"col":27,"walk_min":4.9,"nearest_station_id":"kr_181","nearest_station_name":"Jayang","nearest_station_name_ko":"자양","a":36,"c":35,"e":25,"g":22,"i":30,"k":38,"m":31,"o":46,"b":36,"d":35,"f":25,"h":22,"j":30,"l":38,"n":31,"p":46}},{"type":"Feature","geometry":{"type":"Polygon","coordinates":[[[126.89148,37.578],[126.90879,37.578],[126.90879,37.59531],[126.89148,37.59531],[126.89148,37.578]]]},"properties":{"row":23,"col":18,"walk_min":7.5,"nearest_station_id":"kr_339","nearest_station_name":"증산","nearest_station_name_ko":"증산","a":36,"c":38,"e":50,"g":44,"i":46,"k":64,"m":54,"o":46,"b":36,"d":38,"f":50,"h":44,"j":46,"l":64,"n":54,"p":46}},{"type":"Feature","geometry":{"type":"Polygon","coordinates":[[[127.15105,37.61261],[127.16835,37.61261],[127.16835,37.62992],[127.15105,37.62992],[127.15105,37.61261]]]},"properties":{"row":25,"col":33,"walk_min":8.8,"nearest_station_id":"kr_352","nearest_station_name":"Dasan","nearest_station_name_ko":"다산","a":65,"c":64,"e":57,"g":50,"i":68,"k":52,"m":59,"o":75,"b":65,"d":64,"f":57,"h":50,"j":68,"l":52,"n":59,"p":75}},{"type":"Feature","geometry":{"type":"Polygon","coordinates":[[[126.87418,37.64722],[126.89148,37.64722],[126.89148,37.66453],[126.87418,37.66453],[126.87418,37.64722]]]},"properties":{"row":27,"col":17,"walk_min":6.0,"nearest_station_id":"kr_126","nearest_station_name":"Wonheung","nearest_station_name_ko":"원흥","a":48,"c":45,"e":65,"g":52,"i":68,"k":72,"m":61,"o":57,"b":48,"d":45,"f":65,"h":52,"j":68,"l":72,"n":61,"p":57}},{"type":"Feature","geometry":{"type":"Polygon","coordinates":[[[126.78765,37.54339],[126.80496,37.54339],[126.80496,37.5607],[126.78765,37.5607],[126.78765,37.54339]]]},"properties":{"row":21,"col":12,"walk_min":30.2,"nearest_station_id":"kr_189","nearest_station_name":"Gimpo Int'l Airport","nearest_station_name_ko":"김포공항","a":70,"c":68,"e":76,"g":82,"i":72,"k":89,"m":91,"o":57,"b":70,"d":68,"f":76,"h":82,"j":72,"l":89,"n":91,"p":57}},{"type":"Feature","geometry":{"type":"Polygon","coordinates":[[[127.04722,37.68183],[127.06453,37.68183],[127.06453,37.69914],[127.04722,37.69914],[127.04722,37.68183]]]},"properties":{"row":29,"col":27,"walk_min":4.6,"nearest_station_id":"kr_044","nearest_station_name":"Dobongsan","nearest_station_name_ko":"도봉산","a":50,"c":48,"e":62,"g":48,"i":70,"k":62,"m":51,"o":60,"b":50,"d":48,"f":62,"h":48,"j":70,"l":62,"n":51,"p":60}},{"type":"Feature","geometry":{"type":"Polygon","coordinates":[[[126.82226,37.52609],[126.83957,37.52609],[126.83957,37.54339],[126.82226,37.54339],[126.82226,37.52609]]]},"properties":{"row":20,"col":14,"walk_min":10.3,"nearest_station_id":"kr_297","nearest_station_name":"Hwagok","nearest_station_name_ko":"화곡","a":41,"c":44,"e":51,"g":56,"i":47,"k":64,"m":65,"o":38,"b":41,"d":44,"f":51,"h":56,"j":47,"l":64,"n":65,"p":38}},{"type":"Feature","geometry":{"type":"Polygon","coordinates":[[[126.83957,37.54339],[126.85687,37.54339],[126.85687,37.5607],[126.83957,37.5607],[126.83957,37.54339]]]},"properties":{"row":21,"col":15,"walk_min":5.3,"nearest_station_id":"kr_342","nearest_station_name":"Ujangsan","nearest_station_name_ko":"우장산","a":38,"c":41,"e":48,"g":53,"i":44,"k":61,"m":62,"o":35,"b":38,"d":41,"f":48,"h":53,"j":44,"l":61,"n":62,"p":35}},{"type":"Feature","geometry":{"type":"Polygon","coordinates":[[[126.9607,37.30113],[126.978,37.30113],[126.978,37.31844],[126.9607,37.31844],[126.9607,37.30113]]]},"properties":{"row":7,"col":22,"walk_min":8.7,"nearest_station_id":"kr_086","nearest_station_name":"Sungkyunkwan University","nearest_station_name_ko":"성균관대","a":72,"c":74,"e":69,"g":86,"i":58,"k":84,"m":95,"o":72,"b":72,"d":74,"f":69,"h":86,"j":58,"l":84,"n":95,"p":72}},{"type":"Feature","geometry":{"type":"Polygon","coordinates":[[[126.77035,37.31844],[126.78765,37.31844],[126.78765,37.33574],[126.77035,37.33574],[126.77035,37.31844]]]},"properties":{"row":8,"col":11,"walk_min":7.4,"nearest_station_id":"kr_263","nearest_station_name":"Ansan","nearest_station_name_ko":"안산","a":88,"c":91,"e":85,"g":102,"i":74,"k":100,"m":111,"o":88,"b":88,"d":91,"f":85,"h":102,"j":74,"l":100,"n":111,"p":88}},{"type":"Feature","geometry":{"type":"Polygon","coordinates":[[[126.89148,37.45687],[126.90879,37.45687],[126.90879,37.47418],[126.89148,37.47418],[126.89148,37.45687]]]},"properties":{"row":16,"col":18,"walk_min":8.8,"nearest_station_id":"kr_443","nearest_station_name":"Doksan","nearest_station_name_ko":"독산","a":37,"c":40,"e":47,"g":52,"i":42,"k":60,"m":61,"o":34,"b":37,"d":40,"f":47,"h":52,"j":42,"l":60,"n":61,"p":34}},{"type":"Feature","geometry":{"type":"Polygon","coordinates":[[[127.02992,37.62992],[127.04722,37.62992],[127.04722,37.64722],[127.02992,37.64722],[127.02992,37.62992]]]},"properties":{"row":26,"col":26,"walk_min":7.5,"nearest_station_id":"kr_116","nearest_station_name":"Suyu (Gangbuk-gu Office)","nearest_station_name_ko":"수유(강북구청)","a":36,"c":34,"e":48,"g":34,"i":56,"k":56,"m":44,"o":46,"b":36,"d":34,"f":48,"h":34,"j":56,"l":56,"n":44,"p":46}},{"type":"Feature","geometry":{"type":"Polygon","coordinates":[[[127.02992,37.52609],[127.04722,37.52609],[127.04722,37.54339],[127.02992,37.54339],[127.02992,37.52609]]]},"properties":{"row":20,"col":26,"walk_min":9.2,"nearest_station_id":"kr_138","nearest_station_name":"압구정","nearest_station_name_ko":"압구정","a":27,"c":26,"e":17,"g":25,"i":27,"k":31,"m":34,"o":38,"b":27,"d":26,"f":17,"h":25,"j":27,"l":31,"n":34,"p":38}},{"type":"Feature","geometry":{"type":"Polygon","coordinates":[[[126.978,37.578],[126.99531,37.578],[126.99531,37.59531],[126.978,37.59531],[126.978,37.578]]]},"properties":{"row":23,"col":23,"walk_min":7.8,"nearest_station_id":"kr_022","nearest_station_name":"Anguk","nearest_station_name_ko":"안국","a":16,"c":14,"e":34,"g":20,"i":36,"k":40,"m":29,"o":25,"b":16,"d":14,"f":34,"h":20,"j":36,"l":40,"n":29,"p":25}},{"type":"Feature","geometry":{"type":"Polygon","coordinates":[[[126.89148,37.54339],[126.90879,37.54339],[126.90879,37.5607],[126.89148,37.5607],[126.89148,37.54339]]]},"properties":{"row":21,"col":18,"walk_min":8.1,"nearest_station_id":"kr_240","nearest_station_name":"망원","nearest_station_name_ko":"망원","a":28,"c":31,"e":42,"g":41,"i":38,"k":55,"m":50,"o":37,"b":28,"d":31,"f":42,"h":41,"j":38,"l":55,"n":50,"p":37}},{"type":"Feature","geometry":{"type":"Polygon","coordinates":[[[126.85687,37.28383],[126.87418,37.28383],[126.87418,37.30113],[126.85687,37.30113],[126.85687,37.28383]]]},"properties":{"row":6,"col":16,"walk_min":9.4,"nearest_station_id":"kr_114","nearest_station_name":"Sangnoksu","nearest_station_name_ko":"상록수","a":75,"c":77,"e":72,"g":89,"i":61,"k":87,"m":98,"o":75,"b":75,"d":77,"f":72,"h":89,"j":61,"l":87,"n":98,"p":75}},{"type":"Feature","geometry":{"type":"Polygon","coordinates":[[[127.06453,37.578],[127.08183,37.578],[127.08183,37.59531],[127.06453,37.59531],[127.06453,37.578]]]},"properties":{"row":23,"col":28,"walk_min":7.7,"nearest_station_id":"kr_124","nearest_station_name":"면목","nearest_station_name_ko":"면목","a":41,"c":40,"e":44,"g":26,"i":49,"k":47,"m":36,"o":51,"b":41,"d":40,"f":44,"h":26,"j":49,"l":47,"n":36,"p":51}},{"type":"Feature","geometry":{"type":"Polygon","coordinates":[[[127.08183,37.30113],[127.09914,37.30113],[127.09914,37.31844],[127.08183,37.31844],[127.08183,37.30113]]]},"properties":{"row":7,"col":29,"walk_min":8.8,"nearest_station_id":"kr_266","nearest_station_name":"Seongbok","nearest_station_name_ko":"성복","a":80,"c":82,"e":57,"g":81,"i":67,"k":72,"m":83,"o":89,"b":80,"d":82,"f":57,"h":81,"j":67,"l":72,"n":83,"p":89}},{"type":"Feature","geometry":{"type":"Polygon","coordinates":[[[127.18566,37.54339],[127.20296,37.54339],[127.20296,37.5607],[127.18566,37.5607],[127.18566,37.54339]]]},"properties":{"row":21,"col":35,"walk_min":7.2,"nearest_station_id":"kr_301","nearest_station_name":"하남풍산","nearest_station_name_ko":"하남풍산","a":62,"c":61,"e":52,"g":47,"i":63,"k":47,"m":57,"o":72,"b":62,"d":61,"f":52,"h":47,"j":63,"l":47,"n":57,"p":72}},{"type":"Feature","geometry":{"type":"Polygon","coordinates":[[[126.71844,37.50879],[126.73574,37.50879],[126.73574,37.52609],[126.71844,37.52609],[126.71844,37.50879]]]},"properties":{"row":19,"col":8,"walk_min":9.0,"nearest_station_id":"kr_316","nearest_station_name":"굴포천","nearest_station_name_ko":"굴포천","a":60,"c":63,"e":70,"g":75,"i":65,"k":83,"m":84,"o":57,"b":60,"d":63,"f":70,"h":75,"j":65,"l":83,"n":84,"p":57}},{"type":"Feature","geometry":{"type":"Polygon","coordinates":[[[127.04722,37.1973],[127.06453,37.1973],[127.06453,37.21461],[127.04722,37.21461],[127.04722,37.1973]]]},"properties":{"row":1,"col":27,"walk_min":11.8,"nearest_station_id":"kr_466","nearest_station_name":"Seodongtan","nearest_station_name_ko":"서동탄","a":102,"c":104,"e":99,"g":116,"i":88,"k":114,"m":120,"o":102,"b":102,"d":104,"f":99,"h":116,"j":88,"l":114,"n":120,"p":102}},{"type":"Feature","geometry":{"type":"Polygon","coordinates":[[[126.80496,37.50879],[126.82226,37.50879],[126.82226,37.52609],[126.80496,37.52609],[126.80496,37.50879]]]},"properties":{"row":19,"col":13,"walk_min":12.4,"nearest_station_id":"kr_177","nearest_station_name":"까치울","nearest_station_name_ko":"까치울","a":47,"c":49,"e":56,"g":61,"i":52,"k":69,"m":70,"o":43,"b":47,"d":49,"f":56,"h":61,"j":52,"l":69,"n":70,"p":43}},{"type":"Feature","geometry":{"type":"Polygon","coordinates":[[[126.85687,37.5607],[126.87418,37.5607],[126.87418,37.578],[126.85687,37.578],[126.85687,37.5607]]]},"properties":{"row":22,"col":16,"walk_min":30.6,"nearest_station_id":"kr_102","nearest_station_name":"Gayang","nearest_station_name_ko":"가양","a":62,"c":59,"e":67,"g":73,"i":63,"k":80,"m":82,"o":48,"b":62,"d":59,"f":67,"h":73,"j":63,"l":80,"n":82,"p":48}},{"type":"Feature","geometry":{"type":"Polygon","coordinates":[[[126.61461,37.45687],[126.63191,37.45687],[126.63191,37.47418],[126.61461,37.47418],[126.61461,37.45687]]]},"properties":{"row":16,"col":2,"walk_min":15.5,"nearest_station_id":"kr_330","nearest_station_name":"Dongincheon","nearest_station_name_ko":"동인천","a":80,"c":82,"e":90,"g":94,"i":86,"k":102,"m":104,"o":76,"b":80,"d":82,"f":90,"h":94,"j":86,"l":102,"n":104,"p":76}},{"type":"Feature","geometry":{"type":"Polygon","coordinates":[[[127.13374,37.47418],[127.15105,37.47418],[127.15105,37.49148],[127.13374,37.49148],[127.13374,37.47418]]]},"properties":{"row":17,"col":32,"walk_min":11.9,"nearest_station_id":"kr_355","nearest_station_name":"거여","nearest_station_name_ko":"거여","a":61,"c":60,"e":40,"g":47,"i":50,"k":35,"m":46,"o":70,"b":61,"d":60,"f":40,"h":47,"j":50,"l":35,"n":46,"p":70}},{"type":"Feature","geometry":{"type":"Polygon","coordinates":[[[127.04722,37.82027],[127.06453,37.82027],[127.06453,37.82892],[127.04722,37.82892],[127.04722,37.82027]]]},"properties":{"row":37,"col":27,"walk_min":5.7,"nearest_station_id":"kr_447","nearest_station_name":"Deokgye","nearest_station_name_ko":"덕계","a":80,"c":78,"e":92,"g":78,"i":100,"k":91,"m":80,"o":89,"b":80,"d":78,"f":92,"h":78,"j":100,"l":91,"n":80,"p":89}},{"type":"Feature","geometry":{"type":"Polygon","coordinates":[[[126.75305,37.64722],[126.77035,37.64722],[126.77035,37.66453],[126.75305,37.66453],[126.75305,37.64722]]]},"properties":{"row":27,"col":10,"walk_min":11.4,"nearest_station_id":"kr_302","nearest_station_name":"Jeongbalsan","nearest_station_name_ko":"정발산","a":77,"c":74,"e":94,"g":81,"i":97,"k":101,"m":90,"o":86,"b":77,"d":74,"f":94,"h":81,"j":97,"l":101,"n":90,"p":86}},{"type":"Feature","geometry":{"type":"Polygon","coordinates":[[[126.68383,37.50879],[126.70113,37.50879],[126.70113,37.52609],[126.68383,37.52609],[126.68383,37.50879]]]},"properties":{"row":19,"col":6,"walk_min":15.1,"nearest_station_id":"kr_258","nearest_station_name":"Sangok","nearest_station_name_ko":"산곡","a":71,"c":74,"e":81,"g":86,"i":77,"k":94,"m":95,"o":68,"b":71,"d":74,"f":81,"h":86,"j":77,"l":94,"n":95,"p":68}},{"type":"Feature","geometry":{"type":"Polygon","coordinates":[[[127.04722,37.76835],[127.06453,37.76835],[127.06453,37.78566],[127.04722,37.78566],[127.04722,37.76835]]]},"properties":{"row":34,"col":27,"walk_min":11.0,"nearest_station_id":"kr_092","nearest_station_name":"Yangju","nearest_station_name_ko":"양주","a":75,"c":73,"e":87,"g":73,"i":95,"k":86,"m":75,"o":84,"b":75,"d":73,"f":87,"h":73,"j":95,"l":86,"n":75,"p":84}},{"type":"Feature","geometry":{"type":"Polygon","coordinates":[[[126.82226,37.64722],[126.83957,37.64722],[126.83957,37.66453],[126.82226,37.66453],[126.82226,37.64722]]]},"properties":{"row":27,"col":14,"walk_min":10.1,"nearest_station_id":"kr_145","nearest_station_name":"Wondang","nearest_station_name_ko":"원당","a":57,"c":55,"e":74,"g":61,"i":77,"k":81,"m":70,"o":66,"b":57,"d":55,"f":74,"h":61,"j":77,"l":81,"n":70,"p":66}},{"type":"Feature","geometry":{"type":"Polygon","coordinates":[[[126.99531,37.23191],[127.01261,37.23191],[127.01261,37.24922],[126.99531,37.24922],[126.99531,37.23191]]]},"properties":{"row":3,"col":24,"walk_min":23.2,"nearest_station_id":"kr_462","nearest_station_name":"Seryu","nearest_station_name_ko":"세류","a":100,"c":103,"e":97,"g":115,"i":86,"k":112,"m":120,"o":101,"b":100,"d":103,"f":97,"h":115,"j":86,"l":112,"n":120,"p":101}},{"type":"Feature","geometry":{"type":"Polygon","coordinates":[[[126.9607,37.578],[126.978,37.578],[126.978,37.59531],[126.9607,37.59531],[126.9607,37.578]]]},"properties":{"row":23,"col":22,"walk_min":12.1,"nearest_station_id":"kr_058","nearest_station_name":"경복궁","nearest_station_name_ko":"경복궁","a":23,"c":20,"e":40,"g":27,"i":43,"k":47,"m":36,"o":32,"b":23,"d":20,"f":40,"h":27,"j":43,"l":47,"n":36,"p":32}},{"type":"Feature","geometry":{"type":"Polygon","coordinates":[[[126.73574,37.50879],[126.75305,37.50879],[126.75305,37.52609],[126.73574,37.52609],[126.73574,37.50879]]]},"properties":{"row":19,"col":9,"walk_min":11.0,"nearest_station_id":"kr_315","nearest_station_name":"삼산체육관","nearest_station_name_ko":"삼산체육관","a":60,"c":62,"e":69,"g":74,"i":65,"k":83,"m":83,"o":56,"b":60,"d":62,"f":69,"h":74,"j":65,"l":83,"n":83,"p":56}},{"type":"Feature","geometry":{"type":"Polygon","coordinates":[[[127.08183,37.66453],[127.09914,37.66453],[127.09914,37.68183],[127.08183,37.68183],[127.08183,37.66453]]]},"properties":{"row":28,"col":29,"walk_min":10.4,"nearest_station_id":"kr_262","nearest_station_name":"Buramsan","nearest_station_name_ko":"불암산","a":53,"c":51,"e":65,"g":51,"i":73,"k":71,"m":60,"o":62,"b":53,"d":51,"f":65,"h":51,"j":73,"l":71,"n":60,"p":62}},{"type":"Feature","geometry":{"type":"Polygon","coordinates":[[[126.978,37.38765],[126.99531,37.38765],[126.99531,37.40496],[126.978,37.40496],[126.978,37.38765]]]},"properties":{"row":12,"col":23,"walk_min":14.5,"nearest_station_id":"kr_325","nearest_station_name":"Indeogwon","nearest_station_name_ko":"인덕원","a":56,"c":60,"e":48,"g":70,"i":36,"k":62,"m":74,"o":64,"b":56,"d":60,"f":48,"h":70,"j":36,"l":62,"n":74,"p":64}},{"type":"Feature","geometry":{"type":"Polygon","coordinates":[[[126.85687,37.45687],[126.87418,37.45687],[126.87418,37.47418],[126.85687,37.47418],[126.85687,37.45687]]]},"properties":{"row":16,"col":16,"walk_min":11.4,"nearest_station_id":"kr_256","nearest_station_name":"Cheolsan","nearest_station_name_ko":"철산","a":51,"c":54,"e":51,"g":65,"i":56,"k":64,"m":75,"o":48,"b":51,"d":54,"f":51,"h":65,"j":56,"l":64,"n":75,"p":48}},{"type":"Feature","geometry":{"type":"Polygon","coordinates":[[[127.09914,37.31844],[127.11644,37.31844],[127.11644,37.33574],[127.09914,37.33574],[127.09914,37.31844]]]},"properties":{"row":8,"col":30,"walk_min":13.9,"nearest_station_id":"kr_233","nearest_station_name":"Suji-gu Office","nearest_station_name_ko":"수지구청","a":82,"c":84,"e":58,"g":82,"i":68,"k":73,"m":84,"o":90,"b":82,"d":84,"f":58,"h":82,"j":68,"l":73,"n":84,"p":90}},{"type":"Feature","geometry":{"type":"Polygon","coordinates":[[[126.75305,37.50879],[126.77035,37.50879],[126.77035,37.52609],[126.75305,37.52609],[126.75305,37.50879]]]},"properties":{"row":19,"col":10,"walk_min":12.9,"nearest_station_id":"kr_280","nearest_station_name":"부천시청","nearest_station_name_ko":"부천시청","a":57,"c":60,"e":67,"g":72,"i":63,"k":80,"m":81,"o":54,"b":57,"d":60,"f":67,"h":72,"j":63,"l":80,"n":81,"p":54}},{"type":"Feature","geometry":{"type":"Polygon","coordinates":[[[127.09914,37.52609],[127.11644,37.52609],[127.11644,37.54339],[127.09914,37.54339],[127.09914,37.52609]]]},"properties":{"row":20,"col":30,"walk_min":11.4,"nearest_station_id":"kr_196","nearest_station_name":"Gangbyeon(Dongseoul Bus Terminal)","nearest_station_name_ko":"강변(동서울터미널)","a":40,"c":39,"e":32,"g":25,"i":43,"k":17,"m":16,"o":50,"b":40,"d":39,"f":32,"h":25,"j":43,"l":17,"n":16,"p":50}},{"type":"Feature","geometry":{"type":"Polygon","coordinates":[[[127.09914,37.37035],[127.11644,37.37035],[127.11644,37.38765],[127.09914,37.38765],[127.09914,37.37035]]]},"properties":{"row":11,"col":30,"walk_min":13.5,"nearest_station_id":"kr_148","nearest_station_name":"Jeongja","nearest_station_name_ko":"정자","a":70,"c":72,"e":46,"g":70,"i":56,"k":62,"m":72,"o":78,"b":70,"d":72,"f":46,"h":70,"j":56,"l":62,"n":72,"p":78}},{"type":"Feature","geometry":{"type":"Polygon","coordinates":[[[127.11644,37.64722],[127.13374,37.64722],[127.13374,37.66453],[127.11644,37.66453],[127.11644,37.64722]]]},"properties":{"row":27,"col":31,"walk_min":9.4,"nearest_station_id":"kr_438","nearest_station_name":"Byeollae","nearest_station_name_ko":"별내","a":70,"c":69,"e":62,"g":56,"i":73,"k":57,"m":65,"o":80,"b":70,"d":69,"f":62,"h":56,"j":73,"l":57,"n":65,"p":80}},{"type":"Feature","geometry":{"type":"Polygon","coordinates":[[[126.90879,37.35305],[126.92609,37.35305],[126.92609,37.37035],[126.90879,37.37035],[126.90879,37.35305]]]},"properties":{"row":10,"col":19,"walk_min":16.2,"nearest_station_id":"kr_364","nearest_station_name":"Surisan","nearest_station_name_ko":"수리산","a":68,"c":71,"e":65,"g":83,"i":54,"k":80,"m":91,"o":69,"b":68,"d":71,"f":65,"h":83,"j":54,"l":80,"n":91,"p":69}},{"type":"Feature","geometry":{"type":"Polygon","coordinates":[[[127.08183,37.33574],[127.09914,37.33574],[127.09914,37.35305],[127.08183,37.35305],[127.08183,37.33574]]]},"properties":{"row":9,"col":29,"walk_min":14.3,"nearest_station_id":"kr_202","nearest_station_name":"Dongcheon","nearest_station_name_ko":"동천","a":78,"c":80,"e":54,"g":78,"i":65,"k":69,"m":81,"o":87,"b":78,"d":80,"f":54,"h":78,"j":65,"l":69,"n":81,"p":87}},{"type":"Feature","geometry":{"type":"Polygon","coordinates":[[[126.68383,37.49148],[126.70113,37.49148],[126.70113,37.50879],[126.68383,37.50879],[126.68383,37.49148]]]},"properties":{"row":18,"col":6,"walk_min":16.4,"nearest_station_id":"kr_258","nearest_station_name":"Sangok","nearest_station_name_ko":"산곡","a":72,"c":75,"e":82,"g":87,"i":78,"k":95,"m":96,"o":69,"b":72,"d":75,"f":82,"h":87,"j":78,"l":95,"n":96,"p":69}},{"type":"Feature","geometry":{"type":"Polygon","coordinates":[[[127.11644,37.578],[127.13374,37.578],[127.13374,37.59531],[127.11644,37.59531],[127.11644,37.578]]]},"properties":{"row":23,"col":31,"walk_min":16.8,"nearest_station_id":"kr_231","nearest_station_name":"Jangja Lake Park","nearest_station_name_ko":"장자호수공원","a":63,"c":62,"e":55,"g":48,"i":66,"k":50,"m":58,"o":73,"b":63,"d":62,"f":55,"h":48,"j":66,"l":50,"n":58,"p":73}},{"type":"Feature","geometry":{"type":"Polygon","coordinates":[[[126.71844,37.35305],[126.73574,37.35305],[126.73574,37.37035],[126.71844,37.37035],[126.71844,37.35305]]]},"properties":{"row":10,"col":8,"walk_min":11.4,"nearest_station_id":"kr_428","nearest_station_name":"Oido","nearest_station_name_ko":"오이도","a":104,"c":107,"e":101,"g":118,"i":90,"k":116,"m":120,"o":105,"b":104,"d":107,"f":101,"h":118,"j":90,"l":116,"n":120,"p":105}},{"type":"Feature","geometry":{"type":"Polygon","coordinates":[[[127.09914,37.59531],[127.11644,37.59531],[127.11644,37.61261],[127.09914,37.61261],[127.09914,37.59531]]]},"properties":{"row":24,"col":30,"walk_min":15.4,"nearest_station_id":"kr_468","nearest_station_name":"Sinnae","nearest_station_name_ko":"신내","a":54,"c":53,"e":62,"g":48,"i":71,"k":69,"m":58,"o":64,"b":54,"d":53,"f":62,"h":48,"j":71,"l":69,"n":58,"p":64}},{"type":"Feature","geometry":{"type":"Polygon","coordinates":[[[126.9607,37.45687],[126.978,37.45687],[126.978,37.47418],[126.9607,37.47418],[126.9607,37.45687]]]},"properties":{"row":16,"col":22,"walk_min":14.0,"nearest_station_id":"kr_319","nearest_station_name":"Nakseongdae","nearest_station_name_ko":"낙성대","a":37,"c":40,"e":28,"g":51,"i":17,"k":43,"m":54,"o":46,"b":37,"d":40,"f":28,"h":51,"j":17,"l":43,"n":54,"p":46}},{"type":"Feature","geometry":{"type":"Polygon","coordinates":[[[127.04722,37.73374],[127.06453,37.73374],[127.06453,37.75105],[127.04722,37.75105],[127.04722,37.73374]]]},"properties":{"row":32,"col":27,"walk_min":12.7,"nearest_station_id":"kr_065","nearest_station_name":"Uijeongbu","nearest_station_name_ko":"의정부","a":69,"c":67,"e":81,"g":67,"i":89,"k":81,"m":69,"o":78,"b":69,"d":67,"f":81,"h":67,"j":89,"l":81,"n":69,"p":78}},{"type":"Feature","geometry":{"type":"Polygon","coordinates":[[[126.78765,37.50879],[126.80496,37.50879],[126.80496,37.52609],[126.78765,37.52609],[126.78765,37.50879]]]},"properties":{"row":19,"col":12,"walk_min":13.2,"nearest_station_id":"kr_206","nearest_station_name":"부천종합운동장","nearest_station_name_ko":"부천종합운동장","a":50,"c":53,"e":60,"g":65,"i":56,"k":73,"m":74,"o":47,"b":50,"d":53,"f":60,"h":65,"j":56,"l":73,"n":74,"p":47}},{"type":"Feature","geometry":{"type":"Polygon","coordinates":[[[126.80496,37.30113],[126.82226,37.30113],[126.82226,37.31844],[126.80496,37.31844],[126.80496,37.30113]]]},"properties":{"row":7,"col":13,"walk_min":15.7,"nearest_station_id":"kr_426","nearest_station_name":"Gojan","nearest_station_name_ko":"고잔","a":91,"c":93,"e":87,"g":105,"i":77,"k":103,"m":114,"o":91,"b":91,"d":93,"f":87,"h":105,"j":77,"l":103,"n":114,"p":91}},{"type":"Feature","geometry":{"type":"Polygon","coordinates":[[[126.92609,37.38765],[126.94339,37.38765],[126.94339,37.40496],[126.92609,37.40496],[126.92609,37.38765]]]},"properties":{"row":12,"col":20,"walk_min":12.7,"nearest_station_id":"kr_010","nearest_station_name":"Anyang","nearest_station_name_ko":"안양","a":52,"c":54,"e":61,"g":66,"i":52,"k":75,"m":75,"o":52,"b":52,"d":54,"f":61,"h":66,"j":52,"l":75,"n":75,"p":52}},{"type":"Feature","geometry":{"type":"Polygon","coordinates":[[[127.20296,37.69914],[127.22027,37.69914],[127.22027,37.71644],[127.20296,37.71644],[127.20296,37.69914]]]},"properties":{"row":30,"col":36,"walk_min":15.9,"nearest_station_id":"kr_470","nearest_station_name":"Jinjeop","nearest_station_name_ko":"진접","a":84,"c":82,"e":96,"g":82,"i":104,"k":103,"m":92,"o":94,"b":84,"d":82,"f":96,"h":82,"j":104,"l":103,"n":92,"p":94}},{"type":"Feature","geometry":{"type":"Polygon","coordinates":[[[126.80496,37.54339],[126.82226,37.54339],[126.82226,37.5607],[126.80496,37.5607],[126.80496,37.54339]]]},"properties":{"row":21,"col":13,"walk_min":14.5,"nearest_station_id":"kr_341","nearest_station_name":"Songjeong","nearest_station_name_ko":"송정","a":56,"c":54,"e":62,"g":68,"i":58,"k":76,"m":78,"o":44,"b":56,"d":54,"f":62,"h":68,"j":58,"l":76,"n":78,"p":44}},{"type":"Feature","geometry":{"type":"Polygon","coordinates":[[[126.77035,37.33574],[126.78765,37.33574],[126.78765,37.35305],[126.77035,37.35305],[126.77035,37.33574]]]},"properties":{"row":9,"col":11,"walk_min":14.4,"nearest_station_id":"kr_427","nearest_station_name":"Singiloncheon","nearest_station_name_ko":"신길온천","a":99,"c":102,"e":96,"g":114,"i":86,"k":112,"m":120,"o":100,"b":99,"d":102,"f":96,"h":114,"j":86,"l":112,"n":120,"p":100}},{"type":"Feature","geometry":{"type":"Polygon","coordinates":[[[126.90879,37.30113],[126.92609,37.30113],[126.92609,37.31844],[126.90879,37.31844],[126.90879,37.30113]]]},"properties":{"row":7,"col":19,"walk_min":15.5,"nearest_station_id":"kr_415","nearest_station_name":"Banwol","nearest_station_name_ko":"반월","a":78,"c":80,"e":74,"g":92,"i":64,"k":90,"m":100,"o":78,"b":78,"d":80,"f":74,"h":92,"j":64,"l":90,"n":100,"p":78}},{"type":"Feature","geometry":{"type":"Polygon","coordinates":[[[126.90879,37.5607],[126.92609,37.5607],[126.92609,37.578],[126.90879,37.578],[126.90879,37.5607]]]},"properties":{"row":22,"col":19,"walk_min":10.2,"nearest_station_id":"kr_259","nearest_station_name":"마포구청","nearest_station_name_ko":"마포구청","a":33,"c":35,"e":47,"g":45,"i":43,"k":60,"m":54,"o":42,"b":33,"d":35,"f":47,"h":45,"j":43,"l":60,"n":54,"p":42}},{"type":"Feature","geometry":{"type":"Polygon","coordinates":[[[127.15105,37.45687],[127.16835,37.45687],[127.16835,37.47418],[127.15105,37.47418],[127.15105,37.45687]]]},"properties":{"row":16,"col":33,"walk_min":13.7,"nearest_station_id":"kr_201","nearest_station_name":"Sanseong","nearest_station_name_ko":"산성","a":68,"c":69,"e":46,"g":59,"i":57,"k":41,"m":52,"o":76,"b":68,"d":69,"f":46,"h":59,"j":57,"l":41,"n":52,"p":76}},{"type":"Feature","geometry":{"type":"Polygon","coordinates":[[[127.13374,37.5607],[127.15105,37.5607],[127.15105,37.578],[127.13374,37.578],[127.13374,37.5607]]]},"properties":{"row":22,"col":32,"walk_min":14.2,"nearest_station_id":"kr_200","nearest_station_name":"Amsa History Park","nearest_station_name_ko":"암사역사공원","a":53,"c":52,"e":46,"g":39,"i":56,"k":40,"m":48,"o":64,"b":53,"d":52,"f":46,"h":39,"j":56,"l":40,"n":48,"p":64}},{"type":"Feature","geometry":{"type":"Polygon","coordinates":[[[127.01261,37.43957],[127.02992,37.43957],[127.02992,37.45687],[127.01261,37.45687],[127.01261,37.43957]]]},"properties":{"row":15,"col":25,"walk_min":16.1,"nearest_station_id":"kr_317","nearest_station_name":"Seoul Racecourse park","nearest_station_name_ko":"경마공원","a":45,"c":48,"e":36,"g":59,"i":25,"k":51,"m":63,"o":54,"b":45,"d":48,"f":36,"h":59,"j":25,"l":51,"n":63,"p":54}},{"type":"Feature","geometry":{"type":"Polygon","coordinates":[[[127.15105,37.5607],[127.16835,37.5607],[127.16835,37.578],[127.15105,37.578],[127.15105,37.5607]]]},"properties":{"row":22,"col":33,"walk_min":17.4,"nearest_station_id":"kr_171","nearest_station_name":"Sangil-dong","nearest_station_name_ko":"상일동","a":63,"c":62,"e":53,"g":49,"i":64,"k":48,"m":58,"o":73,"b":63,"d":62,"f":53,"h":49,"j":64,"l":48,"n":58,"p":73}},{"type":"Feature","geometry":{"type":"Polygon","coordinates":[[[127.01261,37.64722],[127.02992,37.64722],[127.02992,37.66453],[127.01261,37.66453],[127.01261,37.64722]]]},"properties":{"row":27,"col":25,"walk_min":16.2,"nearest_station_id":"kr_125","nearest_station_name":"Ssangmun","nearest_station_name_ko":"쌍문","a":48,"c":46,"e":60,"g":46,"i":68,"k":67,"m":55,"o":57,"b":48,"d":46,"f":60,"h":46,"j":68,"l":67,"n":55,"p":57}},{"type":"Feature","geometry":{"type":"Polygon","coordinates":[[[127.04722,37.75105],[127.06453,37.75105],[127.06453,37.76835],[127.04722,37.76835],[127.04722,37.75105]]]},"properties":{"row":33,"col":27,"walk_min":13.3,"nearest_station_id":"kr_421","nearest_station_name":"Nogyang","nearest_station_name_ko":"녹양","a":74,"c":72,"e":86,"g":72,"i":94,"k":85,"m":74,"o":83,"b":74,"d":72,"f":86,"h":72,"j":94,"l":85,"n":74,"p":83}},{"type":"Feature","geometry":{"type":"Polygon","coordinates":[[[126.87418,37.62992],[126.89148,37.62992],[126.89148,37.64722],[126.87418,37.64722],[126.87418,37.62992]]]},"properties":{"row":26,"col":17,"walk_min":17.6,"nearest_station_id":"kr_126","nearest_station_name":"Wonheung","nearest_station_name_ko":"원흥","a":60,"c":57,"e":77,"g":64,"i":80,"k":84,"m":73,"o":69,"b":60,"d":57,"f":77,"h":64,"j":80,"l":84,"n":73,"p":69}},{"type":"Feature","geometry":{"type":"Polygon","coordinates":[[[126.92609,37.5607],[126.94339,37.5607],[126.94339,37.578],[126.92609,37.578],[126.92609,37.5607]]]},"properties":{"row":22,"col":20,"walk_min":14.3,"nearest_station_id":"kr_376","nearest_station_name":"Sinchon","nearest_station_name_ko":"신촌","a":25,"c":23,"e":48,"g":36,"i":45,"k":56,"m":45,"o":17,"b":25,"d":23,"f":48,"h":36,"j":45,"l":56,"n":45,"p":17}},{"type":"Feature","geometry":{"type":"Polygon","coordinates":[[[126.94339,37.45687],[126.9607,37.45687],[126.9607,37.47418],[126.94339,37.47418],[126.94339,37.45687]]]},"properties":{"row":16,"col":21,"walk_min":19.2,"nearest_station_id":"kr_319","nearest_station_name":"Nakseongdae","nearest_station_name_ko":"낙성대","a":42,"c":45,"e":33,"g":56,"i":22,"k":48,"m":59,"o":51,"b":42,"d":45,"f":33,"h":56,"j":22,"l":48,"n":59,"p":51}},{"type":"Feature","geometry":{"type":"Polygon","coordinates":[[[126.82226,37.61261],[126.83957,37.61261],[126.83957,37.62992],[126.82226,37.62992],[126.82226,37.61261]]]},"properties":{"row":25,"col":14,"walk_min":14.4,"nearest_station_id":"kr_167","nearest_station_name":"Hwajeong","nearest_station_name_ko":"화정","a":66,"c":63,"e":83,"g":70,"i":86,"k":90,"m":79,"o":75,"b":66,"d":63,"f":83,"h":70,"j":86,"l":90,"n":79,"p":75}},{"type":"Feature","geometry":{"type":"Polygon","coordinates":[[[126.78765,37.64722],[126.80496,37.64722],[126.80496,37.66453],[126.78765,37.66453],[126.78765,37.64722]]]},"properties":{"row":27,"col":12,"walk_min":15.1,"nearest_station_id":"kr_228","nearest_station_name":"Baekseok","nearest_station_name_ko":"백석","a":76,"c":73,"e":93,"g":80,"i":96,"k":100,"m":89,"o":85,"b":76,"d":73,"f":93,"h":80,"j":96,"l":100,"n":89,"p":85}},{"type":"Feature","geometry":{"type":"Polygon","coordinates":[[[127.01261,37.24922],[127.02992,37.24922],[127.02992,37.26652],[127.01261,37.26652],[127.01261,37.24922]]]},"properties":{"row":4,"col":25,"walk_min":17.2,"nearest_station_id":"kr_462","nearest_station_name":"Seryu","nearest_station_name_ko":"세류","a":94,"c":97,"e":91,"g":109,"i":80,"k":106,"m":117,"o":95,"b":94,"d":97,"f":91,"h":109,"j":80,"l":106,"n":117,"p":95}},{"type":"Feature","geometry":{"type":"Polygon","coordinates":[[[127.09914,37.64722],[127.11644,37.64722],[127.11644,37.66453],[127.09914,37.66453],[127.09914,37.64722]]]},"properties":{"row":27,"col":30,"walk_min":16.0,"nearest_station_id":"kr_310","nearest_station_name":"Byeollaebyeolgaram","nearest_station_name_ko":"별내별가람","a":66,"c":64,"e":77,"g":64,"i":85,"k":84,"m":73,"o":75,"b":66,"d":64,"f":77,"h":64,"j":85,"l":84,"n":73,"p":75}},{"type":"Feature","geometry":{"type":"Polygon","coordinates":[[[126.87418,37.43957],[126.89148,37.43957],[126.89148,37.45687],[126.87418,37.45687],[126.87418,37.43957]]]},"properties":{"row":15,"col":17,"walk_min":15.7,"nearest_station_id":"kr_008","nearest_station_name":"Geumcheon-gu Office","nearest_station_name_ko":"금천구청","a":42,"c":45,"e":52,"g":57,"i":48,"k":65,"m":66,"o":43,"b":42,"d":45,"f":52,"h":57,"j":48,"l":65,"n":66,"p":43}},{"type":"Feature","geometry":{"type":"Polygon","coordinates":[[[126.978,37.50879],[126.99531,37.50879],[126.99531,37.52609],[126.978,37.52609],[126.978,37.50879]]]},"properties":{"row":19,"col":23,"walk_min":12.4,"nearest_station_id":"kr_219","nearest_station_name":"Ichon","nearest_station_name_ko":"이촌","a":21,"c":24,"e":27,"g":35,"i":23,"k":40,"m":44,"o":35,"b":21,"d":24,"f":27,"h":35,"j":23,"l":40,"n":44,"p":35}},{"type":"Feature","geometry":{"type":"Polygon","coordinates":[[[126.85687,37.62992],[126.87418,37.62992],[126.87418,37.64722],[126.85687,37.64722],[126.85687,37.62992]]]},"properties":{"row":26,"col":16,"walk_min":18.0,"nearest_station_id":"kr_126","nearest_station_name":"Wonheung","nearest_station_name_ko":"원흥","a":60,"c":57,"e":77,"g":64,"i":80,"k":84,"m":73,"o":69,"b":60,"d":57,"f":77,"h":64,"j":80,"l":84,"n":73,"p":69}},{"type":"Feature","geometry":{"type":"Polygon","coordinates":[[[126.5973,37.47418],[126.61461,37.47418],[126.61461,37.49148],[126.5973,37.49148],[126.5973,37.47418]]]},"properties":{"row":17,"col":1,"walk_min":22.4,"nearest_station_id":"kr_458","nearest_station_name":"Incheon","nearest_station_name_ko":"인천","a":90,"c":92,"e":99,"g":104,"i":95,"k":113,"m":113,"o":86,"b":90,"d":92,"f":99,"h":104,"j":95,"l":113,"n":113,"p":86}},{"type":"Feature","geometry":{"type":"Polygon","coordinates":[[[127.11644,37.5607],[127.13374,37.5607],[127.13374,37.578],[127.11644,37.578],[127.11644,37.5607]]]},"properties":{"row":22,"col":31,"walk_min":24.8,"nearest_station_id":"kr_200","nearest_station_name":"Amsa History Park","nearest_station_name_ko":"암사역사공원","a":64,"c":63,"e":57,"g":50,"i":67,"k":51,"m":59,"o":75,"b":64,"d":63,"f":57,"h":50,"j":67,"l":51,"n":59,"p":75}},{"type":"Feature","geometry":{"type":"Polygon","coordinates":[[[127.15105,37.47418],[127.16835,37.47418],[127.16835,37.49148],[127.15105,37.49148],[127.15105,37.47418]]]},"properties":{"row":17,"col":33,"walk_min":20.4,"nearest_station_id":"kr_440","nearest_station_name":"Macheon","nearest_station_name_ko":"마천","a":71,"c":70,"e":50,"g":57,"i":60,"k":45,"m":56,"o":80,"b":71,"d":70,"f":50,"h":57,"j":60,"l":45,"n":56,"p":80}},{"type":"Feature","geometry":{"type":"Polygon","coordinates":[[[126.83957,37.45687],[126.85687,37.45687],[126.85687,37.47418],[126.83957,37.47418],[126.83957,37.45687]]]},"properties":{"row":16,"col":15,"walk_min":16.5,"nearest_station_id":"kr_220","nearest_station_name":"광명사거리","nearest_station_name_ko":"광명사거리","a":54,"c":56,"e":60,"g":68,"i":60,"k":72,"m":78,"o":50,"b":54,"d":56,"f":60,"h":68,"j":60,"l":72,"n":78,"p":50}},{"type":"Feature","geometry":{"type":"Polygon","coordinates":[[[126.99531,37.59531],[127.01261,37.59531],[127.01261,37.61261],[126.99531,37.61261],[126.99531,37.59531]]]},"properties":{"row":24,"col":24,"walk_min":15.8,"nearest_station_id":"kr_160","nearest_station_name":"Sungshin Women's Univ.","nearest_station_name_ko":"성신여대입구","a":33,"c":31,"e":45,"g":31,"i":53,"k":52,"m":41,"o":43,"b":33,"d":31,"f":45,"h":31,"j":53,"l":52,"n":41,"p":43}},{"type":"Feature","geometry":{"type":"Polygon","coordinates":[[[127.01261,37.42226],[127.02992,37.42226],[127.02992,37.43957],[127.01261,37.43957],[127.01261,37.42226]]]},"properties":{"row":14,"col":25,"walk_min":18.4,"nearest_station_id":"kr_346","nearest_station_name":"Seoul Grand park","nearest_station_name_ko":"대공원","a":50,"c":52,"e":40,"g":63,"i":30,"k":56,"m":67,"o":58,"b":50,"d":52,"f":40,"h":63,"j":30,"l":56,"n":67,"p":58}},{"type":"Feature","geometry":{"type":"Polygon","coordinates":[[[127.16835,37.5607],[127.18566,37.5607],[127.18566,37.578],[127.16835,37.578],[127.16835,37.5607]]]},"properties":{"row":22,"col":34,"walk_min":13.7,"nearest_station_id":"kr_205","nearest_station_name":"Gangil","nearest_station_name_ko":"강일","a":62,"c":61,"e":52,"g":48,"i":63,"k":47,"m":57,"o":73,"b":62,"d":61,"f":52,"h":48,"j":63,"l":47,"n":57,"p":73}},{"type":"Feature","geometry":{"type":"Polygon","coordinates":[[[126.99531,37.45687],[127.01261,37.45687],[127.01261,37.47418],[126.99531,37.47418],[126.99531,37.45687]]]},"properties":{"row":16,"col":24,"walk_min":13.2,"nearest_station_id":"kr_247","nearest_station_name":"Namtaeryeong","nearest_station_name_ko":"남태령","a":36,"c":39,"e":27,"g":50,"i":16,"k":42,"m":53,"o":45,"b":36,"d":39,"f":27,"h":50,"j":16,"l":42,"n":53,"p":45}},{"type":"Feature","geometry":{"type":"Polygon","coordinates":[[[126.75305,37.35305],[126.77035,37.35305],[126.77035,37.37035],[126.75305,37.37035],[126.75305,37.35305]]]},"properties":{"row":10,"col":10,"walk_min":25.5,"nearest_station_id":"kr_351","nearest_station_name":"Jeongwang","nearest_station_name_ko":"정왕","a":116,"c":118,"e":112,"g":120,"i":102,"k":120,"m":120,"o":116,"b":116,"d":118,"f":112,"h":120,"j":102,"l":120,"n":120,"p":116}},{"type":"Feature","geometry":{"type":"Polygon","coordinates":[[[126.77035,37.5607],[126.78765,37.5607],[126.78765,37.578],[126.77035,37.578],[126.77035,37.5607]]]},"properties":{"row":22,"col":11,"walk_min":34.7,"nearest_station_id":"kr_429","nearest_station_name":"Gaehwa","nearest_station_name_ko":"개화","a":79,"c":77,"e":85,"g":91,"i":81,"k":98,"m":100,"o":66,"b":79,"d":77,"f":85,"h":91,"j":81,"l":98,"n":100,"p":66}},{"type":"Feature","geometry":{"type":"Polygon","coordinates":[[[126.89148,37.31844],[126.90879,37.31844],[126.90879,37.33574],[126.89148,37.33574],[126.89148,37.31844]]]},"properties":{"row":8,"col":18,"walk_min":12.7,"nearest_station_id":"kr_423","nearest_station_name":"Daeyami","nearest_station_name_ko":"대야미","a":71,"c":73,"e":67,"g":85,"i":57,"k":83,"m":94,"o":71,"b":71,"d":73,"f":67,"h":85,"j":57,"l":83,"n":94,"p":71}},{"type":"Feature","geometry":{"type":"Polygon","coordinates":[[[126.77035,37.50879],[126.78765,37.50879],[126.78765,37.52609],[126.77035,37.52609],[126.77035,37.50879]]]},"properties":{"row":19,"col":11,"walk_min":15.1,"nearest_station_id":"kr_254","nearest_station_name":"신중동","nearest_station_name_ko":"신중동","a":57,"c":59,"e":66,"g":71,"i":62,"k":80,"m":80,"o":53,"b":57,"d":59,"f":66,"h":71,"j":62,"l":80,"n":80,"p":53}},{"type":"Feature","geometry":{"type":"Polygon","coordinates":[[[126.77035,37.66453],[126.78765,37.66453],[126.78765,37.68183],[126.77035,37.68183],[126.77035,37.66453]]]},"properties":{"row":28,"col":11,"walk_min":17.0,"nearest_station_id":"kr_302","nearest_station_name":"Jeongbalsan","nearest_station_name_ko":"정발산","a":83,"c":80,"e":100,"g":87,"i":103,"k":107,"m":96,"o":92,"b":83,"d":80,"f":100,"h":87,"j":103,"l":107,"n":96,"p":92}},{"type":"Feature","geometry":{"type":"Polygon","coordinates":[[[127.15105,37.52609],[127.16835,37.52609],[127.16835,37.54339],[127.15105,37.54339],[127.15105,37.52609]]]},"properties":{"row":20,"col":33,"walk_min":16.0,"nearest_station_id":"kr_437","nearest_station_name":"VHS Medical Center","nearest_station_name_ko":"보훈병원","a":61,"c":60,"e":41,"g":47,"i":52,"k":36,"m":47,"o":71,"b":61,"d":60,"f":41,"h":47,"j":52,"l":36,"n":47,"p":71}},{"type":"Feature","geometry":{"type":"Polygon","coordinates":[[[127.13374,37.38765],[127.15105,37.38765],[127.15105,37.40496],[127.13374,37.40496],[127.13374,37.38765]]]},"properties":{"row":12,"col":32,"walk_min":16.6,"nearest_station_id":"kr_108","nearest_station_name":"Imae","nearest_station_name_ko":"이매","a":71,"c":73,"e":47,"g":71,"i":57,"k":62,"m":73,"o":79,"b":71,"d":73,"f":47,"h":71,"j":57,"l":62,"n":73,"p":79}},{"type":"Feature","geometry":{"type":"Polygon","coordinates":[[[127.11644,37.59531],[127.13374,37.59531],[127.13374,37.61261],[127.11644,37.61261],[127.11644,37.59531]]]},"properties":{"row":24,"col":31,"walk_min":17.9,"nearest_station_id":"kr_303","nearest_station_name":"Donggureung","nearest_station_name_ko":"동구릉","a":70,"c":69,"e":62,"g":55,"i":73,"k":57,"m":65,"o":80,"b":70,"d":69,"f":62,"h":55,"j":73,"l":57,"n":65,"p":80}},{"type":"Feature","geometry":{"type":"Polygon","coordinates":[[[126.73574,37.68183],[126.75305,37.68183],[126.75305,37.69914],[126.73574,37.69914],[126.73574,37.68183]]]},"properties":{"row":29,"col":9,"walk_min":18.1,"nearest_station_id":"kr_424","nearest_station_name":"Daehwa","nearest_station_name_ko":"대화","a":90,"c":88,"e":107,"g":94,"i":110,"k":114,"m":103,"o":99,"b":90,"d":88,"f":107,"h":94,"j":110,"l":114,"n":103,"p":99}},{"type":"Feature","geometry":{"type":"Polygon","coordinates":[[[127.15105,37.42226],[127.16835,37.42226],[127.16835,37.43957],[127.15105,37.43957],[127.15105,37.42226]]]},"properties":{"row":14,"col":33,"walk_min":15.0,"nearest_station_id":"kr_304","nearest_station_name":"Sinheung","nearest_station_name_ko":"신흥","a":75,"c":77,"e":53,"g":67,"i":64,"k":48,"m":59,"o":84,"b":75,"d":77,"f":53,"h":67,"j":64,"l":48,"n":59,"p":84}},{"type":"Feature","geometry":{"type":"Polygon","coordinates":[[[126.68383,37.47418],[126.70113,37.47418],[126.70113,37.49148],[126.68383,37.49148],[126.68383,37.47418]]]},"properties":{"row":17,"col":6,"walk_min":18.8,"nearest_station_id":"kr_454","nearest_station_name":"Baegun","nearest_station_name_ko":"백운","a":70,"c":72,"e":79,"g":84,"i":75,"k":93,"m":94,"o":67,"b":70,"d":72,"f":79,"h":84,"j":75,"l":93,"n":94,"p":67}},{"type":"Feature","geometry":{"type":"Polygon","coordinates":[[[127.06453,37.31844],[127.08183,37.31844],[127.08183,37.33574],[127.06453,37.33574],[127.06453,37.31844]]]},"properties":{"row":8,"col":28,"walk_min":17.7,"nearest_station_id":"kr_266","nearest_station_name":"Seongbok","nearest_station_name_ko":"성복","a":89,"c":91,"e":66,"g":90,"i":76,"k":81,"m":92,"o":98,"b":89,"d":91,"f":66,"h":90,"j":76,"l":81,"n":92,"p":98}},{"type":"Feature","geometry":{"type":"Polygon","coordinates":[[[126.82226,37.31844],[126.83957,37.31844],[126.83957,37.33574],[126.82226,37.33574],[126.82226,37.31844]]]},"properties":{"row":8,"col":14,"walk_min":19.6,"nearest_station_id":"kr_426","nearest_station_name":"Gojan","nearest_station_name_ko":"고잔","a":95,"c":97,"e":91,"g":109,"i":81,"k":107,"m":118,"o":95,"b":95,"d":97,"f":91,"h":109,"j":81,"l":107,"n":118,"p":95}},{"type":"Feature","geometry":{"type":"Polygon","coordinates":[[[126.89148,37.62992],[126.90879,37.62992],[126.90879,37.64722],[126.89148,37.64722],[126.89148,37.62992]]]},"properties":{"row":26,"col":18,"walk_min":11.8,"nearest_station_id":"kr_104","nearest_station_name":"Jichuk","nearest_station_name_ko":"지축","a":46,"c":44,"e":63,"g":50,"i":66,"k":70,"m":59,"o":55,"b":46,"d":44,"f":63,"h":50,"j":66,"l":70,"n":59,"p":55}},{"type":"Feature","geometry":{"type":"Polygon","coordinates":[[[126.89148,37.59531],[126.90879,37.59531],[126.90879,37.61261],[126.89148,37.61261],[126.89148,37.59531]]]},"properties":{"row":24,"col":18,"walk_min":16.7,"nearest_station_id":"kr_318","nearest_station_name":"응암","nearest_station_name_ko":"응암","a":46,"c":43,"e":63,"g":50,"i":60,"k":70,"m":59,"o":55,"b":46,"d":43,"f":63,"h":50,"j":60,"l":70,"n":59,"p":55}},{"type":"Feature","geometry":{"type":"Polygon","coordinates":[[[126.9607,37.37035],[126.978,37.37035],[126.978,37.38765],[126.9607,37.38765],[126.9607,37.37035]]]},"properties":{"row":11,"col":22,"walk_min":19.1,"nearest_station_id":"kr_284","nearest_station_name":"Pyeongchon","nearest_station_name_ko":"평촌","a":64,"c":67,"e":55,"g":78,"i":44,"k":70,"m":81,"o":72,"b":64,"d":67,"f":55,"h":78,"j":44,"l":70,"n":81,"p":72}},{"type":"Feature","geometry":{"type":"Polygon","coordinates":[[[127.11644,37.43957],[127.13374,37.43957],[127.13374,37.45687],[127.11644,37.45687],[127.11644,37.43957]]]},"properties":{"row":15,"col":31,"walk_min":18.6,"nearest_station_id":"kr_439","nearest_station_name":"Moran","nearest_station_name_ko":"모란","a":83,"c":85,"e":61,"g":75,"i":72,"k":56,"m":68,"o":92,"b":83,"d":85,"f":61,"h":75,"j":72,"l":56,"n":68,"p":92}},{"type":"Feature","geometry":{"type":"Polygon","coordinates":[[[127.18566,37.68183],[127.20296,37.68183],[127.20296,37.69914],[127.18566,37.69914],[127.18566,37.68183]]]},"properties":{"row":29,"col":35,"walk_min":17.6,"nearest_station_id":"kr_361","nearest_station_name":"Onam","nearest_station_name_ko":"오남","a":82,"c":80,"e":94,"g":80,"i":102,"k":101,"m":89,"o":91,"b":82,"d":80,"f":94,"h":80,"j":102,"l":101,"n":89,"p":91}},{"type":"Feature","geometry":{"type":"Polygon","coordinates":[[[127.16835,37.69914],[127.18566,37.69914],[127.18566,37.71644],[127.16835,37.71644],[127.16835,37.69914]]]},"properties":{"row":30,"col":34,"walk_min":18.0,"nearest_station_id":"kr_361","nearest_station_name":"Onam","nearest_station_name_ko":"오남","a":82,"c":80,"e":94,"g":80,"i":102,"k":101,"m":89,"o":91,"b":82,"d":80,"f":94,"h":80,"j":102,"l":101,"n":89,"p":91}},{"type":"Feature","geometry":{"type":"Polygon","coordinates":[[[126.978,37.43957],[126.99531,37.43957],[126.99531,37.45687],[126.978,37.45687],[126.978,37.43957]]]},"properties":{"row":15,"col":23,"walk_min":21.2,"nearest_station_id":"kr_281","nearest_station_name":"Seonbawi","nearest_station_name_ko":"선바위","a":48,"c":51,"e":39,"g":62,"i":28,"k":54,"m":65,"o":57,"b":48,"d":51,"f":39,"h":62,"j":28,"l":54,"n":65,"p":57}},{"type":"Feature","geometry":{"type":"Polygon","coordinates":[[[126.92609,37.62992],[126.94339,37.62992],[126.94339,37.64722],[126.92609,37.64722],[126.92609,37.62992]]]},"properties":{"row":26,"col":20,"walk_min":16.5,"nearest_station_id":"kr_192","nearest_station_name":"구파발","nearest_station_name_ko":"구파발","a":48,"c":46,"e":64,"g":52,"i":68,"k":72,"m":60,"o":56,"b":48,"d":46,"f":64,"h":52,"j":68,"l":72,"n":60,"p":56}},{"type":"Feature","geometry":{"type":"Polygon","coordinates":[[[126.978,37.30113],[126.99531,37.30113],[126.99531,37.31844],[126.978,37.31844],[126.978,37.30113]]]},"properties":{"row":7,"col":23,"walk_min":20.2,"nearest_station_id":"kr_085","nearest_station_name":"Sungkyunkwan Univ","nearest_station_name_ko":"성균관대","a":83,"c":86,"e":80,"g":98,"i":69,"k":95,"m":106,"o":84,"b":83,"d":86,"f":80,"h":98,"j":69,"l":95,"n":106,"p":84}},{"type":"Feature","geometry":{"type":"Polygon","coordinates":[[[126.87418,37.42226],[126.89148,37.42226],[126.89148,37.43957],[126.87418,37.43957],[126.87418,37.42226]]]},"properties":{"row":14,"col":17,"walk_min":17.2,"nearest_station_id":"kr_442","nearest_station_name":"Gwangmyeong","nearest_station_name_ko":"광명","a":52,"c":55,"e":62,"g":66,"i":58,"k":75,"m":76,"o":53,"b":41,"d":44,"f":62,"h":56,"j":58,"l":75,"n":65,"p":53}},{"type":"Feature","geometry":{"type":"Polygon","coordinates":[[[126.87418,37.30113],[126.89148,37.30113],[126.89148,37.31844],[126.87418,37.31844],[126.87418,37.30113]]]},"properties":{"row":7,"col":17,"walk_min":20.2,"nearest_station_id":"kr_114","nearest_station_name":"Sangnoksu","nearest_station_name_ko":"상록수","a":86,"c":88,"e":83,"g":100,"i":72,"k":98,"m":109,"o":86,"b":86,"d":88,"f":83,"h":100,"j":72,"l":98,"n":109,"p":86}},{"type":"Feature","geometry":{"type":"Polygon","coordinates":[[[126.5973,37.45687],[126.61461,37.45687],[126.61461,37.47418],[126.5973,37.47418],[126.5973,37.45687]]]},"properties":{"row":16,"col":1,"walk_min":35.2,"nearest_station_id":"kr_458","nearest_station_name":"Incheon","nearest_station_name_ko":"인천","a":103,"c":105,"e":112,"g":117,"i":108,"k":120,"m":120,"o":99,"b":103,"d":105,"f":112,"h":117,"j":108,"l":120,"n":120,"p":99}},{"type":"Feature","geometry":{"type":"Polygon","coordinates":[[[126.87418,37.28383],[126.89148,37.28383],[126.89148,37.30113],[126.87418,37.30113],[126.87418,37.28383]]]},"properties":{"row":6,"col":17,"walk_min":25.9,"nearest_station_id":"kr_114","nearest_station_name":"Sangnoksu","nearest_station_name_ko":"상록수","a":92,"c":94,"e":89,"g":106,"i":78,"k":104,"m":115,"o":92,"b":92,"d":94,"f":89,"h":106,"j":78,"l":104,"n":115,"p":92}},{"type":"Feature","geometry":{"type":"Polygon","coordinates":[[[127.06453,37.80296],[127.08183,37.80296],[127.08183,37.82027],[127.06453,37.82027],[127.06453,37.80296]]]},"properties":{"row":36,"col":28,"walk_min":31.2,"nearest_station_id":"kr_447","nearest_station_name":"Deokgye","nearest_station_name_ko":"덕계","a":105,"c":103,"e":117,"g":103,"i":120,"k":116,"m":105,"o":114,"b":105,"d":103,"f":117,"h":103,"j":120,"l":116,"n":105,"p":114}},{"type":"Feature","geometry":{"type":"Polygon","coordinates":[[[126.83957,37.62992],[126.85687,37.62992],[126.85687,37.64722],[126.83957,37.64722],[126.83957,37.62992]]]},"properties":{"row":26,"col":15,"walk_min":20.0,"nearest_station_id":"kr_167","nearest_station_name":"Hwajeong","nearest_station_name_ko":"화정","a":72,"c":69,"e":89,"g":76,"i":92,"k":96,"m":85,"o":81,"b":72,"d":69,"f":89,"h":76,"j":92,"l":96,"n":85,"p":81}},{"type":"Feature","geometry":{"type":"Polygon","coordinates":[[[126.90879,37.42226],[126.92609,37.42226],[126.92609,37.43957],[126.90879,37.43957],[126.90879,37.42226]]]},"properties":{"row":14,"col":19,"walk_min":19.6,"nearest_station_id":"kr_392","nearest_station_name":"Seoksu","nearest_station_name_ko":"석수","a":51,"c":54,"e":61,"g":66,"i":57,"k":74,"m":75,"o":52,"b":51,"d":54,"f":61,"h":66,"j":57,"l":74,"n":75,"p":52}},{"type":"Feature","geometry":{"type":"Polygon","coordinates":[[[127.15105,37.62992],[127.16835,37.62992],[127.16835,37.64722],[127.15105,37.64722],[127.15105,37.62992]]]},"properties":{"row":26,"col":33,"walk_min":22.4,"nearest_station_id":"kr_352","nearest_station_name":"Dasan","nearest_station_name_ko":"다산","a":78,"c":77,"e":70,"g":63,"i":81,"k":65,"m":72,"o":88,"b":78,"d":77,"f":70,"h":63,"j":81,"l":65,"n":72,"p":88}},{"type":"Feature","geometry":{"type":"Polygon","coordinates":[[[126.99531,37.28383],[127.01261,37.28383],[127.01261,37.30113],[126.99531,37.30113],[126.99531,37.28383]]]},"properties":{"row":6,"col":24,"walk_min":21.5,"nearest_station_id":"kr_461","nearest_station_name":"Hwaseo","nearest_station_name_ko":"화서","a":90,"c":92,"e":86,"g":104,"i":76,"k":102,"m":112,"o":90,"b":90,"d":92,"f":86,"h":104,"j":76,"l":102,"n":112,"p":90}},{"type":"Feature","geometry":{"type":"Polygon","coordinates":[[[127.13374,37.62992],[127.15105,37.62992],[127.15105,37.64722],[127.13374,37.64722],[127.13374,37.62992]]]},"properties":{"row":26,"col":32,"walk_min":18.0,"nearest_station_id":"kr_438","nearest_station_name":"Byeollae","nearest_station_name_ko":"별내","a":79,"c":78,"e":71,"g":65,"i":82,"k":66,"m":74,"o":89,"b":79,"d":78,"f":71,"h":65,"j":82,"l":66,"n":74,"p":89}},{"type":"Feature","geometry":{"type":"Polygon","coordinates":[[[127.06453,37.82027],[127.08183,37.82027],[127.08183,37.83757],[127.06453,37.83757],[127.06453,37.82027]]]},"properties":{"row":37,"col":28,"walk_min":59.0,"nearest_station_id":"kr_447","nearest_station_name":"Deokgye","nearest_station_name_ko":"덕계","a":120,"c":120,"e":120,"g":120,"i":120,"k":120,"m":120,"o":120,"b":120,"d":120,"f":120,"h":120,"j":120,"l":120,"n":120,"p":120}},{"type":"Feature","geometry":{"type":"Polygon","coordinates":[[[127.11644,37.37035],[127.13374,37.37035],[127.13374,37.38765],[127.11644,37.38765],[127.11644,37.37035]]]},"properties":{"row":11,"col":31,"walk_min":19.2,"nearest_station_id":"kr_239","nearest_station_name":"Seongnam","nearest_station_name_ko":"성남","a":72,"c":74,"e":48,"g":72,"i":58,"k":63,"m":74,"o":80,"b":72,"d":74,"f":48,"h":72,"j":58,"l":63,"n":74,"p":80}},{"type":"Feature","geometry":{"type":"Polygon","coordinates":[[[126.78765,37.30113],[126.80496,37.30113],[126.80496,37.31844],[126.78765,37.31844],[126.78765,37.30113]]]},"properties":{"row":7,"col":12,"walk_min":18.7,"nearest_station_id":"kr_230","nearest_station_name":"Choji","nearest_station_name_ko":"초지","a":96,"c":99,"e":93,"g":111,"i":82,"k":108,"m":119,"o":97,"b":96,"d":99,"f":93,"h":111,"j":82,"l":108,"n":119,"p":97}},{"type":"Feature","geometry":{"type":"Polygon","coordinates":[[[126.89148,37.61261],[126.90879,37.61261],[126.90879,37.62992],[126.89148,37.62992],[126.89148,37.61261]]]},"properties":{"row":25,"col":18,"walk_min":19.8,"nearest_station_id":"kr_134","nearest_station_name":"Yeonsinnae","nearest_station_name_ko":"연신내","a":47,"c":45,"e":64,"g":51,"i":67,"k":71,"m":60,"o":56,"b":47,"d":45,"f":64,"h":51,"j":67,"l":71,"n":60,"p":56}},{"type":"Feature","geometry":{"type":"Polygon","coordinates":[[[127.08183,37.64722],[127.09914,37.64722],[127.09914,37.66453],[127.08183,37.66453],[127.08183,37.64722]]]},"properties":{"row":27,"col":29,"walk_min":18.2,"nearest_station_id":"kr_229","nearest_station_name":"Sanggye","nearest_station_name_ko":"상계","a":59,"c":56,"e":70,"g":57,"i":78,"k":77,"m":66,"o":68,"b":59,"d":56,"f":70,"h":57,"j":78,"l":77,"n":66,"p":68}},{"type":"Feature","geometry":{"type":"Polygon","coordinates":[[[127.04722,37.30113],[127.06453,37.30113],[127.06453,37.31844],[127.04722,37.31844],[127.04722,37.30113]]]},"properties":{"row":7,"col":27,"walk_min":25.8,"nearest_station_id":"kr_444","nearest_station_name":"Gwanggyo","nearest_station_name_ko":"광교","a":109,"c":111,"e":85,"g":109,"i":95,"k":100,"m":111,"o":117,"b":109,"d":111,"f":85,"h":109,"j":95,"l":100,"n":111,"p":117}},{"type":"Feature","geometry":{"type":"Polygon","coordinates":[[[126.71844,37.33574],[126.73574,37.33574],[126.73574,37.35305],[126.71844,37.35305],[126.71844,37.33574]]]},"properties":{"row":9,"col":8,"walk_min":20.4,"nearest_station_id":"kr_351","nearest_station_name":"Jeongwang","nearest_station_name_ko":"정왕","a":110,"c":113,"e":107,"g":120,"i":96,"k":120,"m":120,"o":111,"b":110,"d":113,"f":107,"h":120,"j":96,"l":120,"n":120,"p":111}},{"type":"Feature","geometry":{"type":"Polygon","coordinates":[[[126.83957,37.31844],[126.85687,37.31844],[126.85687,37.33574],[126.83957,37.33574],[126.83957,37.31844]]]},"properties":{"row":8,"col":15,"walk_min":20.0,"nearest_station_id":"kr_168","nearest_station_name":"Jungang","nearest_station_name_ko":"중앙","a":92,"c":94,"e":88,"g":106,"i":78,"k":104,"m":115,"o":92,"b":92,"d":94,"f":88,"h":106,"j":78,"l":104,"n":115,"p":92}},{"type":"Feature","geometry":{"type":"Polygon","coordinates":[[[127.16835,37.43957],[127.18566,37.43957],[127.18566,37.45687],[127.16835,37.45687],[127.16835,37.43957]]]},"properties":{"row":15,"col":34,"walk_min":19.4,"nearest_station_id":"kr_232","nearest_station_name":"Namhansanseong","nearest_station_name_ko":"남한산성입구","a":75,"c":77,"e":53,"g":67,"i":64,"k":48,"m":59,"o":84,"b":75,"d":77,"f":53,"h":67,"j":64,"l":48,"n":59,"p":84}},{"type":"Feature","geometry":{"type":"Polygon","coordinates":[[[127.02992,37.43957],[127.04722,37.43957],[127.04722,37.45687],[127.02992,37.45687],[127.02992,37.43957]]]},"properties":{"row":15,"col":26,"walk_min":19.0,"nearest_station_id":"kr_040","nearest_station_name":"Cheonggyesan","nearest_station_name_ko":"청계산입구","a":55,"c":57,"e":31,"g":56,"i":42,"k":47,"m":58,"o":64,"b":55,"d":57,"f":31,"h":56,"j":42,"l":47,"n":58,"p":64}},{"type":"Feature","geometry":{"type":"Polygon","coordinates":[[[126.85687,37.40496],[126.87418,37.40496],[126.87418,37.42226],[126.85687,37.42226],[126.85687,37.40496]]]},"properties":{"row":13,"col":16,"walk_min":24.0,"nearest_station_id":"kr_442","nearest_station_name":"Gwangmyeong","nearest_station_name_ko":"광명","a":59,"c":62,"e":69,"g":73,"i":65,"k":82,"m":83,"o":60,"b":48,"d":51,"f":69,"h":63,"j":65,"l":82,"n":72,"p":60}},{"type":"Feature","geometry":{"type":"Polygon","coordinates":[[[126.94339,37.30113],[126.9607,37.30113],[126.9607,37.31844],[126.94339,37.31844],[126.94339,37.30113]]]},"properties":{"row":7,"col":21,"walk_min":22.4,"nearest_station_id":"kr_032","nearest_station_name":"Uiwang","nearest_station_name_ko":"의왕","a":79,"c":82,"e":76,"g":93,"i":65,"k":91,"m":102,"o":80,"b":79,"d":82,"f":76,"h":93,"j":65,"l":91,"n":102,"p":80}},{"type":"Feature","geometry":{"type":"Polygon","coordinates":[[[126.75305,37.68183],[126.77035,37.68183],[126.77035,37.69914],[126.75305,37.69914],[126.75305,37.68183]]]},"properties":{"row":29,"col":10,"walk_min":21.4,"nearest_station_id":"kr_424","nearest_station_name":"Daehwa","nearest_station_name_ko":"대화","a":93,"c":91,"e":110,"g":97,"i":113,"k":117,"m":106,"o":102,"b":93,"d":91,"f":110,"h":97,"j":113,"l":117,"n":106,"p":102}},{"type":"Feature","geometry":{"type":"Polygon","coordinates":[[[127.15105,37.50879],[127.16835,37.50879],[127.16835,37.52609],[127.15105,37.52609],[127.15105,37.50879]]]},"properties":{"row":19,"col":33,"walk_min":22.1,"nearest_station_id":"kr_437","nearest_station_name":"VHS Medical Center","nearest_station_name_ko":"보훈병원","a":67,"c":66,"e":47,"g":53,"i":58,"k":42,"m":53,"o":77,"b":67,"d":66,"f":47,"h":53,"j":58,"l":42,"n":53,"p":77}},{"type":"Feature","geometry":{"type":"Polygon","coordinates":[[[126.64922,37.47418],[126.66652,37.47418],[126.66652,37.49148],[126.64922,37.49148],[126.64922,37.47418]]]},"properties":{"row":17,"col":4,"walk_min":20.0,"nearest_station_id":"kr_379","nearest_station_name":"Jemulpo","nearest_station_name_ko":"제물포","a":80,"c":83,"e":90,"g":95,"i":86,"k":103,"m":104,"o":77,"b":80,"d":83,"f":90,"h":95,"j":86,"l":103,"n":104,"p":77}},{"type":"Feature","geometry":{"type":"Polygon","coordinates":[[[126.90879,37.37035],[126.92609,37.37035],[126.92609,37.38765],[126.90879,37.38765],[126.90879,37.37035]]]},"properties":{"row":11,"col":19,"walk_min":20.8,"nearest_station_id":"kr_459","nearest_station_name":"Myeonghak","nearest_station_name_ko":"명학","a":64,"c":67,"e":67,"g":79,"i":56,"k":82,"m":88,"o":65,"b":64,"d":67,"f":67,"h":79,"j":56,"l":82,"n":88,"p":65}},{"type":"Feature","geometry":{"type":"Polygon","coordinates":[[[127.09914,37.30113],[127.11644,37.30113],[127.11644,37.31844],[127.09914,37.31844],[127.09914,37.30113]]]},"properties":{"row":7,"col":30,"walk_min":25.4,"nearest_station_id":"kr_233","nearest_station_name":"Suji-gu Office","nearest_station_name_ko":"수지구청","a":93,"c":95,"e":69,"g":93,"i":79,"k":84,"m":95,"o":101,"b":93,"d":95,"f":69,"h":93,"j":79,"l":84,"n":95,"p":101}},{"type":"Feature","geometry":{"type":"Polygon","coordinates":[[[126.66652,37.47418],[126.68383,37.47418],[126.68383,37.49148],[126.66652,37.49148],[126.66652,37.47418]]]},"properties":{"row":17,"col":5,"walk_min":23.0,"nearest_station_id":"kr_456","nearest_station_name":"Dohwa","nearest_station_name_ko":"도화","a":82,"c":84,"e":91,"g":96,"i":87,"k":105,"m":105,"o":78,"b":82,"d":84,"f":91,"h":96,"j":87,"l":105,"n":105,"p":78}},{"type":"Feature","geometry":{"type":"Polygon","coordinates":[[[127.20296,37.38765],[127.22027,37.38765],[127.22027,37.40496],[127.20296,37.40496],[127.20296,37.38765]]]},"properties":{"row":12,"col":36,"walk_min":30.3,"nearest_station_id":"kr_237","nearest_station_name":"삼동","nearest_station_name_ko":"삼동","a":97,"c":99,"e":73,"g":97,"i":83,"k":88,"m":99,"o":105,"b":97,"d":99,"f":73,"h":97,"j":83,"l":88,"n":99,"p":105}},{"type":"Feature","geometry":{"type":"Polygon","coordinates":[[[126.66652,37.43957],[126.68383,37.43957],[126.68383,37.45687],[126.66652,37.45687],[126.66652,37.43957]]]},"properties":{"row":15,"col":5,"walk_min":21.4,"nearest_station_id":"kr_248","nearest_station_name":"Juan","nearest_station_name_ko":"주안","a":78,"c":80,"e":87,"g":92,"i":83,"k":100,"m":101,"o":74,"b":78,"d":80,"f":87,"h":92,"j":83,"l":100,"n":101,"p":74}},{"type":"Feature","geometry":{"type":"Polygon","coordinates":[[[127.02992,37.80296],[127.04722,37.80296],[127.04722,37.82027],[127.02992,37.82027],[127.02992,37.80296]]]},"properties":{"row":36,"col":26,"walk_min":22.5,"nearest_station_id":"kr_447","nearest_station_name":"Deokgye","nearest_station_name_ko":"덕계","a":96,"c":94,"e":108,"g":94,"i":116,"k":108,"m":96,"o":106,"b":96,"d":94,"f":108,"h":94,"j":116,"l":108,"n":96,"p":106}},{"type":"Feature","geometry":{"type":"Polygon","coordinates":[[[127.04722,37.45687],[127.06453,37.45687],[127.06453,37.47418],[127.04722,37.47418],[127.04722,37.45687]]]},"properties":{"row":16,"col":27,"walk_min":18.9,"nearest_station_id":"kr_038","nearest_station_name":"Yangjae Citizen's Forest","nearest_station_name_ko":"양재시민의숲","a":50,"c":51,"e":26,"g":50,"i":36,"k":41,"m":52,"o":58,"b":50,"d":51,"f":26,"h":50,"j":36,"l":41,"n":52,"p":58}},{"type":"Feature","geometry":{"type":"Polygon","coordinates":[[[126.99531,37.26652],[127.01261,37.26652],[127.01261,37.28383],[126.99531,37.28383],[126.99531,37.26652]]]},"properties":{"row":5,"col":24,"walk_min":21.9,"nearest_station_id":"kr_043","nearest_station_name":"Suwon","nearest_station_name_ko":"수원","a":94,"c":96,"e":91,"g":108,"i":80,"k":106,"m":117,"o":94,"b":94,"d":96,"f":91,"h":108,"j":80,"l":106,"n":117,"p":94}},{"type":"Feature","geometry":{"type":"Polygon","coordinates":[[[126.78765,37.45687],[126.80496,37.45687],[126.80496,37.47418],[126.78765,37.47418],[126.78765,37.45687]]]},"properties":{"row":16,"col":12,"walk_min":22.3,"nearest_station_id":"kr_451","nearest_station_name":"Sosa","nearest_station_name_ko":"소사","a":57,"c":59,"e":66,"g":71,"i":62,"k":80,"m":80,"o":54,"b":57,"d":59,"f":66,"h":71,"j":62,"l":80,"n":80,"p":54}},{"type":"Feature","geometry":{"type":"Polygon","coordinates":[[[127.04722,37.42226],[127.06453,37.42226],[127.06453,37.43957],[127.04722,37.43957],[127.04722,37.42226]]]},"properties":{"row":14,"col":27,"walk_min":26.8,"nearest_station_id":"kr_040","nearest_station_name":"Cheonggyesan","nearest_station_name_ko":"청계산입구","a":63,"c":65,"e":39,"g":64,"i":50,"k":55,"m":66,"o":72,"b":63,"d":65,"f":39,"h":64,"j":50,"l":55,"n":66,"p":72}},{"type":"Feature","geometry":{"type":"Polygon","coordinates":[[[127.09914,37.578],[127.11644,37.578],[127.11644,37.59531],[127.09914,37.59531],[127.09914,37.578]]]},"properties":{"row":23,"col":30,"walk_min":19.4,"nearest_station_id":"kr_124","nearest_station_name":"면목","nearest_station_name_ko":"면목","a":52,"c":51,"e":55,"g":37,"i":60,"k":58,"m":47,"o":62,"b":52,"d":51,"f":55,"h":37,"j":60,"l":58,"n":47,"p":62}},{"type":"Feature","geometry":{"type":"Polygon","coordinates":[[[126.68383,37.43957],[126.70113,37.43957],[126.70113,37.45687],[126.68383,37.45687],[126.68383,37.43957]]]},"properties":{"row":15,"col":6,"walk_min":21.6,"nearest_station_id":"kr_455","nearest_station_name":"Ganseok","nearest_station_name_ko":"간석","a":77,"c":80,"e":87,"g":92,"i":83,"k":100,"m":101,"o":74,"b":77,"d":80,"f":87,"h":92,"j":83,"l":100,"n":101,"p":74}},{"type":"Feature","geometry":{"type":"Polygon","coordinates":[[[126.73574,37.64722],[126.75305,37.64722],[126.75305,37.66453],[126.73574,37.66453],[126.73574,37.64722]]]},"properties":{"row":27,"col":9,"walk_min":28.4,"nearest_station_id":"kr_350","nearest_station_name":"Juyeop","nearest_station_name_ko":"주엽","a":97,"c":95,"e":114,"g":101,"i":117,"k":120,"m":110,"o":106,"b":97,"d":95,"f":114,"h":101,"j":117,"l":120,"n":110,"p":106}},{"type":"Feature","geometry":{"type":"Polygon","coordinates":[[[127.13374,37.64722],[127.15105,37.64722],[127.15105,37.66453],[127.13374,37.66453],[127.13374,37.64722]]]},"properties":{"row":27,"col":32,"walk_min":26.6,"nearest_station_id":"kr_438","nearest_station_name":"Byeollae","nearest_station_name_ko":"별내","a":88,"c":87,"e":80,"g":74,"i":91,"k":75,"m":83,"o":98,"b":88,"d":87,"f":80,"h":74,"j":91,"l":75,"n":83,"p":98}},{"type":"Feature","geometry":{"type":"Polygon","coordinates":[[[126.9607,37.26652],[126.978,37.26652],[126.978,37.28383],[126.9607,37.28383],[126.9607,37.26652]]]},"properties":{"row":5,"col":22,"walk_min":23.0,"nearest_station_id":"kr_461","nearest_station_name":"Hwaseo","nearest_station_name_ko":"화서","a":91,"c":94,"e":88,"g":105,"i":77,"k":103,"m":114,"o":92,"b":91,"d":94,"f":88,"h":105,"j":77,"l":103,"n":114,"p":92}},{"type":"Feature","geometry":{"type":"Polygon","coordinates":[[[126.92609,37.31844],[126.94339,37.31844],[126.94339,37.33574],[126.92609,37.33574],[126.92609,37.31844]]]},"properties":{"row":8,"col":20,"walk_min":21.5,"nearest_station_id":"kr_032","nearest_station_name":"Uiwang","nearest_station_name_ko":"의왕","a":78,"c":82,"e":76,"g":92,"i":64,"k":90,"m":102,"o":80,"b":78,"d":82,"f":76,"h":92,"j":64,"l":90,"n":102,"p":80}},{"type":"Feature","geometry":{"type":"Polygon","coordinates":[[[127.16835,37.45687],[127.18566,37.45687],[127.18566,37.47418],[127.16835,37.47418],[127.16835,37.45687]]]},"properties":{"row":16,"col":34,"walk_min":30.7,"nearest_station_id":"kr_232","nearest_station_name":"Namhansanseong","nearest_station_name_ko":"남한산성입구","a":87,"c":89,"e":65,"g":79,"i":76,"k":60,"m":71,"o":96,"b":87,"d":89,"f":65,"h":79,"j":76,"l":60,"n":71,"p":96}},{"type":"Feature","geometry":{"type":"Polygon","coordinates":[[[126.92609,37.45687],[126.94339,37.45687],[126.94339,37.47418],[126.92609,37.47418],[126.92609,37.45687]]]},"properties":{"row":16,"col":20,"walk_min":21.7,"nearest_station_id":"kr_377","nearest_station_name":"Bongcheon","nearest_station_name_ko":"봉천","a":50,"c":53,"e":41,"g":64,"i":30,"k":56,"m":67,"o":50,"b":50,"d":53,"f":41,"h":64,"j":30,"l":56,"n":67,"p":50}},{"type":"Feature","geometry":{"type":"Polygon","coordinates":[[[126.83957,37.61261],[126.85687,37.61261],[126.85687,37.62992],[126.83957,37.62992],[126.83957,37.61261]]]},"properties":{"row":25,"col":15,"walk_min":25.2,"nearest_station_id":"kr_167","nearest_station_name":"Hwajeong","nearest_station_name_ko":"화정","a":77,"c":74,"e":94,"g":81,"i":97,"k":101,"m":90,"o":86,"b":77,"d":74,"f":94,"h":81,"j":97,"l":101,"n":90,"p":86}},{"type":"Feature","geometry":{"type":"Polygon","coordinates":[[[127.08183,37.62992],[127.09914,37.62992],[127.09914,37.64722],[127.08183,37.64722],[127.08183,37.62992]]]},"properties":{"row":26,"col":29,"walk_min":23.6,"nearest_station_id":"kr_197","nearest_station_name":"하계","nearest_station_name_ko":"하계","a":61,"c":60,"e":70,"g":56,"i":78,"k":76,"m":65,"o":72,"b":61,"d":60,"f":70,"h":56,"j":78,"l":76,"n":65,"p":72}},{"type":"Feature","geometry":{"type":"Polygon","coordinates":[[[127.15105,37.59531],[127.16835,37.59531],[127.16835,37.61261],[127.15105,37.61261],[127.15105,37.59531]]]},"properties":{"row":24,"col":33,"walk_min":23.6,"nearest_station_id":"kr_264","nearest_station_name":"Guri","nearest_station_name_ko":"구리","a":74,"c":72,"e":66,"g":59,"i":77,"k":61,"m":68,"o":84,"b":74,"d":72,"f":66,"h":59,"j":77,"l":61,"n":68,"p":84}},{"type":"Feature","geometry":{"type":"Polygon","coordinates":[[[127.01261,37.45687],[127.02992,37.45687],[127.02992,37.47418],[127.01261,37.47418],[127.01261,37.45687]]]},"properties":{"row":16,"col":25,"walk_min":22.3,"nearest_station_id":"kr_038","nearest_station_name":"Yangjae Citizen's Forest","nearest_station_name_ko":"양재시민의숲","a":53,"c":54,"e":29,"g":53,"i":39,"k":44,"m":55,"o":61,"b":53,"d":54,"f":29,"h":53,"j":39,"l":44,"n":55,"p":61}},{"type":"Feature","geometry":{"type":"Polygon","coordinates":[[[126.73574,37.37035],[126.75305,37.37035],[126.75305,37.38765],[126.73574,37.38765],[126.73574,37.37035]]]},"properties":{"row":11,"col":9,"walk_min":24.8,"nearest_station_id":"kr_428","nearest_station_name":"Oido","nearest_station_name_ko":"오이도","a":118,"c":120,"e":115,"g":120,"i":104,"k":120,"m":120,"o":119,"b":118,"d":120,"f":115,"h":120,"j":104,"l":120,"n":120,"p":119}},{"type":"Feature","geometry":{"type":"Polygon","coordinates":[[[127.06453,37.69914],[127.08183,37.69914],[127.08183,37.71644],[127.06453,37.71644],[127.06453,37.69914]]]},"properties":{"row":30,"col":28,"walk_min":24.6,"nearest_station_id":"kr_467","nearest_station_name":"Jangam","nearest_station_name_ko":"장암","a":73,"c":71,"e":85,"g":71,"i":93,"k":85,"m":74,"o":83,"b":73,"d":71,"f":85,"h":71,"j":93,"l":85,"n":74,"p":83}},{"type":"Feature","geometry":{"type":"Polygon","coordinates":[[[127.09914,37.62992],[127.11644,37.62992],[127.11644,37.64722],[127.09914,37.64722],[127.09914,37.62992]]]},"properties":{"row":26,"col":30,"walk_min":25.7,"nearest_station_id":"kr_438","nearest_station_name":"Byeollae","nearest_station_name_ko":"별내","a":87,"c":86,"e":79,"g":73,"i":90,"k":74,"m":82,"o":97,"b":87,"d":86,"f":79,"h":73,"j":90,"l":74,"n":82,"p":97}},{"type":"Feature","geometry":{"type":"Polygon","coordinates":[[[126.94339,37.28383],[126.9607,37.28383],[126.9607,37.30113],[126.94339,37.30113],[126.94339,37.28383]]]},"properties":{"row":6,"col":21,"walk_min":24.1,"nearest_station_id":"kr_086","nearest_station_name":"Sungkyunkwan University","nearest_station_name_ko":"성균관대","a":87,"c":89,"e":84,"g":101,"i":73,"k":99,"m":110,"o":87,"b":87,"d":89,"f":84,"h":101,"j":73,"l":99,"n":110,"p":87}},{"type":"Feature","geometry":{"type":"Polygon","coordinates":[[[126.87418,37.5607],[126.89148,37.5607],[126.89148,37.578],[126.87418,37.578],[126.87418,37.5607]]]},"properties":{"row":22,"col":17,"walk_min":32.2,"nearest_station_id":"kr_293","nearest_station_name":"월드컵경기장","nearest_station_name_ko":"월드컵경기장","a":57,"c":59,"e":70,"g":69,"i":67,"k":84,"m":78,"o":66,"b":57,"d":59,"f":70,"h":69,"j":67,"l":84,"n":78,"p":66}},{"type":"Feature","geometry":{"type":"Polygon","coordinates":[[[126.83957,37.28383],[126.85687,37.28383],[126.85687,37.30113],[126.83957,37.30113],[126.83957,37.28383]]]},"properties":{"row":6,"col":15,"walk_min":22.1,"nearest_station_id":"kr_425","nearest_station_name":"Hanyang University at Ansan","nearest_station_name_ko":"한대앞","a":91,"c":93,"e":88,"g":105,"i":77,"k":103,"m":114,"o":91,"b":91,"d":93,"f":88,"h":105,"j":77,"l":103,"n":114,"p":91}},{"type":"Feature","geometry":{"type":"Polygon","coordinates":[[[127.16835,37.68183],[127.18566,37.68183],[127.18566,37.69914],[127.16835,37.69914],[127.16835,37.68183]]]},"properties":{"row":29,"col":34,"walk_min":28.2,"nearest_station_id":"kr_361","nearest_station_name":"Onam","nearest_station_name_ko":"오남","a":92,"c":90,"e":104,"g":90,"i":112,"k":111,"m":99,"o":101,"b":92,"d":90,"f":104,"h":90,"j":112,"l":111,"n":99,"p":101}},{"type":"Feature","geometry":{"type":"Polygon","coordinates":[[[126.9607,37.40496],[126.978,37.40496],[126.978,37.42226],[126.9607,37.42226],[126.9607,37.40496]]]},"properties":{"row":13,"col":22,"walk_min":22.7,"nearest_station_id":"kr_325","nearest_station_name":"Indeogwon","nearest_station_name_ko":"인덕원","a":65,"c":68,"e":56,"g":78,"i":45,"k":71,"m":82,"o":73,"b":65,"d":68,"f":56,"h":78,"j":45,"l":71,"n":82,"p":73}},{"type":"Feature","geometry":{"type":"Polygon","coordinates":[[[127.09914,37.45687],[127.11644,37.45687],[127.11644,37.47418],[127.09914,37.47418],[127.09914,37.45687]]]},"properties":{"row":16,"col":30,"walk_min":20.1,"nearest_station_id":"kr_146","nearest_station_name":"Bokjeong","nearest_station_name_ko":"복정","a":68,"c":70,"e":46,"g":60,"i":57,"k":41,"m":52,"o":76,"b":68,"d":70,"f":46,"h":60,"j":57,"l":41,"n":52,"p":76}},{"type":"Feature","geometry":{"type":"Polygon","coordinates":[[[126.978,37.40496],[126.99531,37.40496],[126.99531,37.42226],[126.978,37.42226],[126.978,37.40496]]]},"properties":{"row":13,"col":23,"walk_min":22.2,"nearest_station_id":"kr_367","nearest_station_name":"Government Complex Gwacheon","nearest_station_name_ko":"정부과천청사","a":58,"c":61,"e":49,"g":72,"i":38,"k":64,"m":75,"o":66,"b":58,"d":61,"f":49,"h":72,"j":38,"l":64,"n":75,"p":66}},{"type":"Feature","geometry":{"type":"Polygon","coordinates":[[[126.82226,37.50879],[126.83957,37.50879],[126.83957,37.52609],[126.82226,37.52609],[126.82226,37.50879]]]},"properties":{"row":19,"col":14,"walk_min":21.4,"nearest_station_id":"kr_208","nearest_station_name":"Sinjeongnegeori","nearest_station_name_ko":"신정네거리","a":47,"c":49,"e":56,"g":61,"i":52,"k":69,"m":70,"o":43,"b":47,"d":49,"f":56,"h":61,"j":52,"l":69,"n":70,"p":43}},{"type":"Feature","geometry":{"type":"Polygon","coordinates":[[[126.71844,37.68183],[126.73574,37.68183],[126.73574,37.69914],[126.71844,37.69914],[126.71844,37.68183]]]},"properties":{"row":29,"col":8,"walk_min":27.1,"nearest_station_id":"kr_424","nearest_station_name":"Daehwa","nearest_station_name_ko":"대화","a":99,"c":97,"e":116,"g":103,"i":119,"k":120,"m":112,"o":108,"b":99,"d":97,"f":116,"h":103,"j":119,"l":120,"n":112,"p":108}},{"type":"Feature","geometry":{"type":"Polygon","coordinates":[[[127.09914,37.5607],[127.11644,37.5607],[127.11644,37.578],[127.09914,37.578],[127.09914,37.5607]]]},"properties":{"row":22,"col":30,"walk_min":28.5,"nearest_station_id":"kr_111","nearest_station_name":"용마산","nearest_station_name_ko":"용마산","a":58,"c":56,"e":60,"g":42,"i":66,"k":64,"m":52,"o":68,"b":58,"d":56,"f":60,"h":42,"j":66,"l":64,"n":52,"p":68}},{"type":"Feature","geometry":{"type":"Polygon","coordinates":[[[126.77035,37.30113],[126.78765,37.30113],[126.78765,37.31844],[126.77035,37.31844],[126.77035,37.30113]]]},"properties":{"row":7,"col":11,"walk_min":27.9,"nearest_station_id":"kr_263","nearest_station_name":"Ansan","nearest_station_name_ko":"안산","a":109,"c":112,"e":106,"g":120,"i":95,"k":120,"m":120,"o":109,"b":109,"d":112,"f":106,"h":120,"j":95,"l":120,"n":120,"p":109}},{"type":"Feature","geometry":{"type":"Polygon","coordinates":[[[126.87418,37.578],[126.89148,37.578],[126.89148,37.59531],[126.87418,37.59531],[126.87418,37.578]]]},"properties":{"row":23,"col":17,"walk_min":26.2,"nearest_station_id":"kr_327","nearest_station_name":"디지털미디어시티","nearest_station_name_ko":"디지털미디어시티","a":52,"c":55,"e":66,"g":65,"i":62,"k":79,"m":74,"o":62,"b":52,"d":55,"f":66,"h":65,"j":62,"l":79,"n":74,"p":62}},{"type":"Feature","geometry":{"type":"Polygon","coordinates":[[[127.15105,37.578],[127.16835,37.578],[127.16835,37.59531],[127.15105,37.59531],[127.15105,37.578]]]},"properties":{"row":23,"col":33,"walk_min":22.2,"nearest_station_id":"kr_231","nearest_station_name":"Jangja Lake Park","nearest_station_name_ko":"장자호수공원","a":68,"c":67,"e":60,"g":53,"i":71,"k":55,"m":63,"o":78,"b":68,"d":67,"f":60,"h":53,"j":71,"l":55,"n":63,"p":78}},{"type":"Feature","geometry":{"type":"Polygon","coordinates":[[[127.11644,37.40496],[127.13374,37.40496],[127.13374,37.42226],[127.11644,37.42226],[127.11644,37.40496]]]},"properties":{"row":13,"col":31,"walk_min":23.5,"nearest_station_id":"kr_108","nearest_station_name":"Imae","nearest_station_name_ko":"이매","a":78,"c":80,"e":54,"g":78,"i":64,"k":68,"m":80,"o":86,"b":78,"d":80,"f":54,"h":78,"j":64,"l":68,"n":80,"p":86}},{"type":"Feature","geometry":{"type":"Polygon","coordinates":[[[126.70113,37.43957],[126.71844,37.43957],[126.71844,37.45687],[126.70113,37.45687],[126.70113,37.43957]]]},"properties":{"row":15,"col":7,"walk_min":27.4,"nearest_station_id":"kr_455","nearest_station_name":"Ganseok","nearest_station_name_ko":"간석","a":82,"c":85,"e":92,"g":97,"i":88,"k":105,"m":106,"o":79,"b":82,"d":85,"f":92,"h":97,"j":88,"l":105,"n":106,"p":79}},{"type":"Feature","geometry":{"type":"Polygon","coordinates":[[[126.94339,37.59531],[126.9607,37.59531],[126.9607,37.61261],[126.94339,37.61261],[126.94339,37.59531]]]},"properties":{"row":24,"col":21,"walk_min":28.8,"nearest_station_id":"kr_080","nearest_station_name":"녹번","nearest_station_name_ko":"녹번","a":51,"c":48,"e":68,"g":55,"i":71,"k":75,"m":64,"o":60,"b":51,"d":48,"f":68,"h":55,"j":71,"l":75,"n":64,"p":60}},{"type":"Feature","geometry":{"type":"Polygon","coordinates":[[[126.90879,37.43957],[126.92609,37.43957],[126.92609,37.45687],[126.90879,37.45687],[126.90879,37.43957]]]},"properties":{"row":15,"col":19,"walk_min":21.3,"nearest_station_id":"kr_392","nearest_station_name":"Seoksu","nearest_station_name_ko":"석수","a":52,"c":55,"e":62,"g":67,"i":58,"k":75,"m":76,"o":53,"b":52,"d":55,"f":62,"h":67,"j":58,"l":75,"n":76,"p":53}},{"type":"Feature","geometry":{"type":"Polygon","coordinates":[[[126.77035,37.45687],[126.78765,37.45687],[126.78765,37.47418],[126.77035,37.47418],[126.77035,37.45687]]]},"properties":{"row":16,"col":11,"walk_min":25.7,"nearest_station_id":"kr_060","nearest_station_name":"Bucheon","nearest_station_name_ko":"부천","a":63,"c":65,"e":72,"g":77,"i":68,"k":86,"m":87,"o":60,"b":63,"d":65,"f":72,"h":77,"j":68,"l":86,"n":87,"p":60}},{"type":"Feature","geometry":{"type":"Polygon","coordinates":[[[126.77035,37.578],[126.78765,37.578],[126.78765,37.59531],[126.77035,37.59531],[126.77035,37.578]]]},"properties":{"row":23,"col":11,"walk_min":34.6,"nearest_station_id":"kr_429","nearest_station_name":"Gaehwa","nearest_station_name_ko":"개화","a":79,"c":77,"e":85,"g":91,"i":81,"k":98,"m":100,"o":66,"b":79,"d":77,"f":85,"h":91,"j":81,"l":98,"n":100,"p":66}},{"type":"Feature","geometry":{"type":"Polygon","coordinates":[[[127.02992,37.82027],[127.04722,37.82027],[127.04722,37.82892],[127.02992,37.82892],[127.02992,37.82027]]]},"properties":{"row":37,"col":26,"walk_min":31.5,"nearest_station_id":"kr_447","nearest_station_name":"Deokgye","nearest_station_name_ko":"덕계","a":106,"c":104,"e":118,"g":104,"i":120,"k":116,"m":106,"o":114,"b":106,"d":104,"f":118,"h":104,"j":120,"l":116,"n":106,"p":114}},{"type":"Feature","geometry":{"type":"Polygon","coordinates":[[[126.99531,37.61261],[127.01261,37.61261],[127.01261,37.62992],[126.99531,37.62992],[126.99531,37.61261]]]},"properties":{"row":25,"col":24,"walk_min":24.2,"nearest_station_id":"kr_106","nearest_station_name":"Mia","nearest_station_name_ko":"미아","a":50,"c":48,"e":62,"g":48,"i":70,"k":69,"m":58,"o":60,"b":50,"d":48,"f":62,"h":48,"j":70,"l":69,"n":58,"p":60}},{"type":"Feature","geometry":{"type":"Polygon","coordinates":[[[127.08183,37.28383],[127.09914,37.28383],[127.09914,37.30113],[127.08183,37.30113],[127.08183,37.28383]]]},"properties":{"row":6,"col":29,"walk_min":30.8,"nearest_station_id":"kr_307","nearest_station_name":"Sanghyeon","nearest_station_name_ko":"상현","a":107,"c":108,"e":83,"g":107,"i":93,"k":98,"m":109,"o":115,"b":107,"d":108,"f":83,"h":107,"j":93,"l":98,"n":109,"p":115}},{"type":"Feature","geometry":{"type":"Polygon","coordinates":[[[127.04722,37.78566],[127.06453,37.78566],[127.06453,37.80296],[127.04722,37.80296],[127.04722,37.78566]]]},"properties":{"row":35,"col":27,"walk_min":24.3,"nearest_station_id":"kr_092","nearest_station_name":"Yangju","nearest_station_name_ko":"양주","a":88,"c":86,"e":100,"g":86,"i":108,"k":99,"m":88,"o":97,"b":88,"d":86,"f":100,"h":86,"j":108,"l":99,"n":88,"p":97}},{"type":"Feature","geometry":{"type":"Polygon","coordinates":[[[127.02992,37.78566],[127.04722,37.78566],[127.04722,37.80296],[127.02992,37.80296],[127.02992,37.78566]]]},"properties":{"row":35,"col":26,"walk_min":27.7,"nearest_station_id":"kr_092","nearest_station_name":"Yangju","nearest_station_name_ko":"양주","a":92,"c":90,"e":104,"g":90,"i":112,"k":103,"m":92,"o":101,"b":92,"d":90,"f":104,"h":90,"j":112,"l":103,"n":92,"p":101}},{"type":"Feature","geometry":{"type":"Polygon","coordinates":[[[127.01261,37.75105],[127.02992,37.75105],[127.02992,37.76835],[127.01261,37.76835],[127.01261,37.75105]]]},"properties":{"row":33,"col":25,"walk_min":22.9,"nearest_station_id":"kr_421","nearest_station_name":"Nogyang","nearest_station_name_ko":"녹양","a":84,"c":82,"e":96,"g":82,"i":104,"k":95,"m":84,"o":93,"b":84,"d":82,"f":96,"h":82,"j":104,"l":95,"n":84,"p":93}},{"type":"Feature","geometry":{"type":"Polygon","coordinates":[[[126.92609,37.64722],[126.94339,37.64722],[126.94339,37.66453],[126.92609,37.66453],[126.92609,37.64722]]]},"properties":{"row":27,"col":20,"walk_min":26.8,"nearest_station_id":"kr_104","nearest_station_name":"Jichuk","nearest_station_name_ko":"지축","a":61,"c":59,"e":78,"g":65,"i":81,"k":85,"m":74,"o":70,"b":61,"d":59,"f":78,"h":65,"j":81,"l":85,"n":74,"p":70}},{"type":"Feature","geometry":{"type":"Polygon","coordinates":[[[127.06453,37.43957],[127.08183,37.43957],[127.08183,37.45687],[127.06453,37.45687],[127.06453,37.43957]]]},"properties":{"row":15,"col":28,"walk_min":23.6,"nearest_station_id":"kr_040","nearest_station_name":"Cheonggyesan","nearest_station_name_ko":"청계산입구","a":60,"c":62,"e":36,"g":61,"i":47,"k":52,"m":63,"o":69,"b":60,"d":62,"f":36,"h":61,"j":47,"l":52,"n":63,"p":69}},{"type":"Feature","geometry":{"type":"Polygon","coordinates":[[[126.71844,37.66453],[126.73574,37.66453],[126.73574,37.68183],[126.71844,37.68183],[126.71844,37.66453]]]},"properties":{"row":28,"col":8,"walk_min":23.8,"nearest_station_id":"kr_424","nearest_station_name":"Daehwa","nearest_station_name_ko":"대화","a":96,"c":94,"e":113,"g":100,"i":116,"k":120,"m":109,"o":105,"b":96,"d":94,"f":113,"h":100,"j":116,"l":120,"n":109,"p":105}},{"type":"Feature","geometry":{"type":"Polygon","coordinates":[[[126.99531,37.62992],[127.01261,37.62992],[127.01261,37.64722],[126.99531,37.64722],[126.99531,37.62992]]]},"properties":{"row":26,"col":24,"walk_min":23.2,"nearest_station_id":"kr_116","nearest_station_name":"Suyu (Gangbuk-gu Office)","nearest_station_name_ko":"수유(강북구청)","a":52,"c":50,"e":64,"g":50,"i":72,"k":71,"m":59,"o":61,"b":52,"d":50,"f":64,"h":50,"j":72,"l":71,"n":59,"p":61}},{"type":"Feature","geometry":{"type":"Polygon","coordinates":[[[126.978,37.59531],[126.99531,37.59531],[126.99531,37.61261],[126.978,37.61261],[126.978,37.59531]]]},"properties":{"row":24,"col":23,"walk_min":30.5,"nearest_station_id":"kr_061","nearest_station_name":"Hansung Univ. (Samseongyo)","nearest_station_name_ko":"한성대입구(삼선교)","a":46,"c":44,"e":58,"g":44,"i":66,"k":64,"m":52,"o":54,"b":46,"d":44,"f":58,"h":44,"j":66,"l":64,"n":52,"p":54}},{"type":"Feature","geometry":{"type":"Polygon","coordinates":[[[127.01261,37.21461],[127.02992,37.21461],[127.02992,37.23191],[127.01261,37.23191],[127.01261,37.21461]]]},"properties":{"row":2,"col":25,"walk_min":27.8,"nearest_station_id":"kr_047","nearest_station_name":"Byeongjeom","nearest_station_name_ko":"병점","a":113,"c":116,"e":110,"g":120,"i":99,"k":120,"m":120,"o":114,"b":113,"d":116,"f":110,"h":120,"j":99,"l":120,"n":120,"p":114}},{"type":"Feature","geometry":{"type":"Polygon","coordinates":[[[126.94339,37.40496],[126.9607,37.40496],[126.9607,37.42226],[126.94339,37.42226],[126.94339,37.40496]]]},"properties":{"row":13,"col":21,"walk_min":28.5,"nearest_station_id":"kr_284","nearest_station_name":"Pyeongchon","nearest_station_name_ko":"평촌","a":74,"c":76,"e":64,"g":88,"i":54,"k":80,"m":90,"o":82,"b":74,"d":76,"f":64,"h":88,"j":54,"l":80,"n":90,"p":82}},{"type":"Feature","geometry":{"type":"Polygon","coordinates":[[[127.16835,37.42226],[127.18566,37.42226],[127.18566,37.43957],[127.16835,37.43957],[127.16835,37.42226]]]},"properties":{"row":14,"col":34,"walk_min":29.9,"nearest_station_id":"kr_265","nearest_station_name":"Dandaeogeori","nearest_station_name_ko":"단대오거리","a":88,"c":90,"e":66,"g":80,"i":77,"k":61,"m":72,"o":96,"b":88,"d":90,"f":66,"h":80,"j":77,"l":61,"n":72,"p":96}},{"type":"Feature","geometry":{"type":"Polygon","coordinates":[[[127.18566,37.52609],[127.20296,37.52609],[127.20296,37.54339],[127.18566,37.54339],[127.18566,37.52609]]]},"properties":{"row":20,"col":35,"walk_min":26.7,"nearest_station_id":"kr_360","nearest_station_name":"Hanam City Hall (Deokpung·Sinjang)","nearest_station_name_ko":"하남시청(덕풍·신장)","a":85,"c":84,"e":75,"g":70,"i":86,"k":70,"m":79,"o":95,"b":85,"d":84,"f":75,"h":70,"j":86,"l":70,"n":79,"p":95}},{"type":"Feature","geometry":{"type":"Polygon","coordinates":[[[127.06453,37.1973],[127.08183,37.1973],[127.08183,37.21461],[127.06453,37.21461],[127.06453,37.1973]]]},"properties":{"row":1,"col":28,"walk_min":27.5,"nearest_station_id":"kr_466","nearest_station_name":"Seodongtan","nearest_station_name_ko":"서동탄","a":118,"c":120,"e":114,"g":120,"i":104,"k":120,"m":120,"o":118,"b":118,"d":120,"f":114,"h":120,"j":104,"l":120,"n":120,"p":118}},{"type":"Feature","geometry":{"type":"Polygon","coordinates":[[[127.20296,37.68183],[127.22027,37.68183],[127.22027,37.69914],[127.20296,37.69914],[127.20296,37.68183]]]},"properties":{"row":29,"col":36,"walk_min":27.9,"nearest_station_id":"kr_361","nearest_station_name":"Onam","nearest_station_name_ko":"오남","a":92,"c":90,"e":104,"g":90,"i":112,"k":111,"m":99,"o":101,"b":92,"d":90,"f":104,"h":90,"j":112,"l":111,"n":99,"p":101}},{"type":"Feature","geometry":{"type":"Polygon","coordinates":[[[127.09914,37.40496],[127.11644,37.40496],[127.11644,37.42226],[127.09914,37.42226],[127.09914,37.40496]]]},"properties":{"row":13,"col":30,"walk_min":28.1,"nearest_station_id":"kr_041","nearest_station_name":"Pangyo","nearest_station_name_ko":"판교","a":79,"c":81,"e":55,"g":79,"i":65,"k":70,"m":81,"o":87,"b":79,"d":81,"f":55,"h":79,"j":65,"l":70,"n":81,"p":87}},{"type":"Feature","geometry":{"type":"Polygon","coordinates":[[[127.06453,37.68183],[127.08183,37.68183],[127.08183,37.69914],[127.06453,37.69914],[127.06453,37.68183]]]},"properties":{"row":29,"col":28,"walk_min":23.9,"nearest_station_id":"kr_467","nearest_station_name":"Jangam","nearest_station_name_ko":"장암","a":72,"c":70,"e":84,"g":70,"i":92,"k":84,"m":73,"o":82,"b":72,"d":70,"f":84,"h":70,"j":92,"l":84,"n":73,"p":82}},{"type":"Feature","geometry":{"type":"Polygon","coordinates":[[[126.94339,37.61261],[126.9607,37.61261],[126.9607,37.62992],[126.94339,37.62992],[126.94339,37.61261]]]},"properties":{"row":25,"col":21,"walk_min":26.1,"nearest_station_id":"kr_409","nearest_station_name":"독바위","nearest_station_name_ko":"독바위","a":53,"c":50,"e":70,"g":56,"i":73,"k":77,"m":66,"o":61,"b":53,"d":50,"f":70,"h":56,"j":73,"l":77,"n":66,"p":61}},{"type":"Feature","geometry":{"type":"Polygon","coordinates":[[[126.89148,37.28383],[126.90879,37.28383],[126.90879,37.30113],[126.89148,37.30113],[126.89148,37.28383]]]},"properties":{"row":6,"col":18,"walk_min":37.0,"nearest_station_id":"kr_415","nearest_station_name":"Banwol","nearest_station_name_ko":"반월","a":99,"c":101,"e":96,"g":113,"i":85,"k":111,"m":120,"o":99,"b":99,"d":101,"f":96,"h":113,"j":85,"l":111,"n":120,"p":99}},{"type":"Feature","geometry":{"type":"Polygon","coordinates":[[[126.80496,37.61261],[126.82226,37.61261],[126.82226,37.62992],[126.80496,37.62992],[126.80496,37.61261]]]},"properties":{"row":25,"col":13,"walk_min":24.8,"nearest_station_id":"kr_198","nearest_station_name":"Daegok","nearest_station_name_ko":"대곡","a":81,"c":78,"e":98,"g":85,"i":101,"k":105,"m":94,"o":90,"b":81,"d":78,"f":98,"h":85,"j":101,"l":105,"n":94,"p":90}},{"type":"Feature","geometry":{"type":"Polygon","coordinates":[[[126.82226,37.578],[126.83957,37.578],[126.83957,37.59531],[126.82226,37.59531],[126.82226,37.578]]]},"properties":{"row":23,"col":14,"walk_min":43.6,"nearest_station_id":"kr_441","nearest_station_name":"방화","nearest_station_name_ko":"방화","a":89,"c":87,"e":95,"g":100,"i":91,"k":108,"m":109,"o":76,"b":89,"d":87,"f":95,"h":100,"j":91,"l":108,"n":109,"p":76}},{"type":"Feature","geometry":{"type":"Polygon","coordinates":[[[127.01261,37.73374],[127.02992,37.73374],[127.02992,37.75105],[127.01261,37.75105],[127.01261,37.73374]]]},"properties":{"row":32,"col":25,"walk_min":30.4,"nearest_station_id":"kr_448","nearest_station_name":"Ganeung","nearest_station_name_ko":"가능","a":89,"c":87,"e":101,"g":87,"i":109,"k":100,"m":89,"o":98,"b":89,"d":87,"f":101,"h":87,"j":109,"l":100,"n":89,"p":98}},{"type":"Feature","geometry":{"type":"Polygon","coordinates":[[[127.11644,37.33574],[127.13374,37.33574],[127.13374,37.35305],[127.11644,37.35305],[127.11644,37.33574]]]},"properties":{"row":9,"col":31,"walk_min":28.9,"nearest_station_id":"kr_172","nearest_station_name":"Migeum","nearest_station_name_ko":"미금","a":90,"c":92,"e":66,"g":90,"i":76,"k":81,"m":92,"o":98,"b":90,"d":92,"f":66,"h":90,"j":76,"l":81,"n":92,"p":98}},{"type":"Feature","geometry":{"type":"Polygon","coordinates":[[[126.75305,37.62992],[126.77035,37.62992],[126.77035,37.64722],[126.75305,37.64722],[126.75305,37.62992]]]},"properties":{"row":26,"col":10,"walk_min":26.4,"nearest_station_id":"kr_261","nearest_station_name":"Madu","nearest_station_name_ko":"마두","a":90,"c":87,"e":107,"g":93,"i":110,"k":114,"m":103,"o":98,"b":90,"d":87,"f":107,"h":93,"j":110,"l":114,"n":103,"p":98}},{"type":"Feature","geometry":{"type":"Polygon","coordinates":[[[127.01261,37.66453],[127.02992,37.66453],[127.02992,37.68183],[127.01261,37.68183],[127.01261,37.66453]]]},"properties":{"row":28,"col":25,"walk_min":26.6,"nearest_station_id":"kr_395","nearest_station_name":"Banghak (Dobong-gu Office)","nearest_station_name_ko":"방학(도봉구청)","a":68,"c":66,"e":80,"g":66,"i":88,"k":79,"m":68,"o":77,"b":68,"d":66,"f":80,"h":66,"j":88,"l":79,"n":68,"p":77}},{"type":"Feature","geometry":{"type":"Polygon","coordinates":[[[126.71844,37.37035],[126.73574,37.37035],[126.73574,37.38765],[126.71844,37.38765],[126.71844,37.37035]]]},"properties":{"row":11,"col":8,"walk_min":30.3,"nearest_station_id":"kr_428","nearest_station_name":"Oido","nearest_station_name_ko":"오이도","a":120,"c":120,"e":120,"g":120,"i":109,"k":120,"m":120,"o":120,"b":120,"d":120,"f":120,"h":120,"j":109,"l":120,"n":120,"p":120}},{"type":"Feature","geometry":{"type":"Polygon","coordinates":[[[126.73574,37.45687],[126.75305,37.45687],[126.75305,37.47418],[126.73574,37.47418],[126.73574,37.45687]]]},"properties":{"row":16,"col":9,"walk_min":31.3,"nearest_station_id":"kr_159","nearest_station_name":"Songnae","nearest_station_name_ko":"송내","a":73,"c":76,"e":83,"g":88,"i":79,"k":96,"m":97,"o":70,"b":73,"d":76,"f":83,"h":88,"j":79,"l":96,"n":97,"p":70}},{"type":"Feature","geometry":{"type":"Polygon","coordinates":[[[126.75305,37.45687],[126.77035,37.45687],[126.77035,37.47418],[126.75305,37.47418],[126.75305,37.45687]]]},"properties":{"row":16,"col":10,"walk_min":26.2,"nearest_station_id":"kr_452","nearest_station_name":"Jung-dong","nearest_station_name_ko":"중동","a":66,"c":69,"e":76,"g":81,"i":72,"k":89,"m":90,"o":63,"b":66,"d":69,"f":76,"h":81,"j":72,"l":89,"n":90,"p":63}},{"type":"Feature","geometry":{"type":"Polygon","coordinates":[[[126.90879,37.45687],[126.92609,37.45687],[126.92609,37.47418],[126.90879,37.47418],[126.90879,37.45687]]]},"properties":{"row":16,"col":19,"walk_min":23.4,"nearest_station_id":"kr_008","nearest_station_name":"Geumcheon-gu Office","nearest_station_name_ko":"금천구청","a":49,"c":52,"e":59,"g":64,"i":55,"k":72,"m":73,"o":50,"b":49,"d":52,"f":59,"h":64,"j":55,"l":72,"n":73,"p":50}},{"type":"Feature","geometry":{"type":"Polygon","coordinates":[[[127.08183,37.45687],[127.09914,37.45687],[127.09914,37.47418],[127.08183,37.47418],[127.08183,37.45687]]]},"properties":{"row":16,"col":29,"walk_min":29.2,"nearest_station_id":"kr_298","nearest_station_name":"Irwon","nearest_station_name_ko":"일원","a":69,"c":71,"e":45,"g":69,"i":56,"k":51,"m":62,"o":78,"b":69,"d":71,"f":45,"h":69,"j":56,"l":51,"n":62,"p":78}},{"type":"Feature","geometry":{"type":"Polygon","coordinates":[[[127.18566,37.38765],[127.20296,37.38765],[127.20296,37.40496],[127.18566,37.40496],[127.18566,37.38765]]]},"properties":{"row":12,"col":35,"walk_min":36.2,"nearest_station_id":"kr_237","nearest_station_name":"삼동","nearest_station_name_ko":"삼동","a":103,"c":105,"e":79,"g":103,"i":89,"k":94,"m":105,"o":111,"b":103,"d":105,"f":79,"h":103,"j":89,"l":94,"n":105,"p":111}},{"type":"Feature","geometry":{"type":"Polygon","coordinates":[[[127.06453,37.42226],[127.08183,37.42226],[127.08183,37.43957],[127.06453,37.43957],[127.06453,37.42226]]]},"properties":{"row":14,"col":28,"walk_min":30.2,"nearest_station_id":"kr_040","nearest_station_name":"Cheonggyesan","nearest_station_name_ko":"청계산입구","a":66,"c":68,"e":42,"g":67,"i":53,"k":58,"m":69,"o":75,"b":66,"d":68,"f":42,"h":67,"j":53,"l":58,"n":69,"p":75}},{"type":"Feature","geometry":{"type":"Polygon","coordinates":[[[126.99531,37.40496],[127.01261,37.40496],[127.01261,37.42226],[126.99531,37.42226],[126.99531,37.40496]]]},"properties":{"row":13,"col":24,"walk_min":29.5,"nearest_station_id":"kr_367","nearest_station_name":"Government Complex Gwacheon","nearest_station_name_ko":"정부과천청사","a":66,"c":68,"e":56,"g":80,"i":46,"k":72,"m":82,"o":74,"b":66,"d":68,"f":56,"h":80,"j":46,"l":72,"n":82,"p":74}},{"type":"Feature","geometry":{"type":"Polygon","coordinates":[[[127.08183,37.68183],[127.09914,37.68183],[127.09914,37.69914],[127.08183,37.69914],[127.08183,37.68183]]]},"properties":{"row":29,"col":29,"walk_min":30.0,"nearest_station_id":"kr_262","nearest_station_name":"Buramsan","nearest_station_name_ko":"불암산","a":73,"c":71,"e":85,"g":71,"i":93,"k":91,"m":80,"o":82,"b":73,"d":71,"f":85,"h":71,"j":93,"l":91,"n":80,"p":82}},{"type":"Feature","geometry":{"type":"Polygon","coordinates":[[[126.64922,37.43957],[126.66652,37.43957],[126.66652,37.45687],[126.64922,37.45687],[126.64922,37.43957]]]},"properties":{"row":15,"col":4,"walk_min":27.3,"nearest_station_id":"kr_379","nearest_station_name":"Jemulpo","nearest_station_name_ko":"제물포","a":87,"c":90,"e":97,"g":102,"i":93,"k":110,"m":111,"o":84,"b":87,"d":90,"f":97,"h":102,"j":93,"l":110,"n":111,"p":84}},{"type":"Feature","geometry":{"type":"Polygon","coordinates":[[[127.22027,37.38765],[127.23757,37.38765],[127.23757,37.40496],[127.22027,37.40496],[127.22027,37.38765]]]},"properties":{"row":12,"col":37,"walk_min":40.5,"nearest_station_id":"kr_149","nearest_station_name":"경기광주","nearest_station_name_ko":"경기광주","a":116,"c":118,"e":92,"g":116,"i":102,"k":108,"m":118,"o":120,"b":116,"d":118,"f":92,"h":116,"j":102,"l":108,"n":118,"p":120}},{"type":"Feature","geometry":{"type":"Polygon","coordinates":[[[127.06453,37.18],[127.08183,37.18],[127.08183,37.1973],[127.06453,37.1973],[127.06453,37.18]]]},"properties":{"row":0,"col":28,"walk_min":30.7,"nearest_station_id":"kr_466","nearest_station_name":"Seodongtan","nearest_station_name_ko":"서동탄","a":120,"c":120,"e":118,"g":120,"i":107,"k":120,"m":120,"o":120,"b":120,"d":120,"f":118,"h":120,"j":107,"l":120,"n":120,"p":120}},{"type":"Feature","geometry":{"type":"Polygon","coordinates":[[[127.01261,37.76835],[127.02992,37.76835],[127.02992,37.78566],[127.01261,37.78566],[127.01261,37.76835]]]},"properties":{"row":34,"col":25,"walk_min":29.1,"nearest_station_id":"kr_092","nearest_station_name":"Yangju","nearest_station_name_ko":"양주","a":93,"c":91,"e":105,"g":91,"i":113,"k":104,"m":93,"o":102,"b":93,"d":91,"f":105,"h":91,"j":113,"l":104,"n":93,"p":102}},{"type":"Feature","geometry":{"type":"Polygon","coordinates":[[[126.63191,37.43957],[126.64922,37.43957],[126.64922,37.45687],[126.63191,37.45687],[126.63191,37.43957]]]},"properties":{"row":15,"col":3,"walk_min":29.3,"nearest_station_id":"kr_457","nearest_station_name":"Dowon","nearest_station_name_ko":"도원","a":92,"c":95,"e":102,"g":107,"i":98,"k":115,"m":116,"o":89,"b":92,"d":95,"f":102,"h":107,"j":98,"l":115,"n":116,"p":89}},{"type":"Feature","geometry":{"type":"Polygon","coordinates":[[[127.04722,37.31844],[127.06453,37.31844],[127.06453,37.33574],[127.04722,37.33574],[127.04722,37.31844]]]},"properties":{"row":8,"col":27,"walk_min":32.0,"nearest_station_id":"kr_266","nearest_station_name":"Seongbok","nearest_station_name_ko":"성복","a":103,"c":105,"e":80,"g":104,"i":90,"k":95,"m":106,"o":112,"b":103,"d":105,"f":80,"h":104,"j":90,"l":95,"n":106,"p":112}},{"type":"Feature","geometry":{"type":"Polygon","coordinates":[[[126.82226,37.45687],[126.83957,37.45687],[126.83957,37.47418],[126.82226,37.47418],[126.82226,37.45687]]]},"properties":{"row":16,"col":14,"walk_min":29.4,"nearest_station_id":"kr_194","nearest_station_name":"천왕","nearest_station_name_ko":"천왕","a":63,"c":66,"e":73,"g":77,"i":68,"k":86,"m":87,"o":60,"b":63,"d":66,"f":73,"h":77,"j":68,"l":86,"n":87,"p":60}},{"type":"Feature","geometry":{"type":"Polygon","coordinates":[[[127.02992,37.42226],[127.04722,37.42226],[127.04722,37.43957],[127.02992,37.43957],[127.02992,37.42226]]]},"properties":{"row":14,"col":26,"walk_min":31.6,"nearest_station_id":"kr_040","nearest_station_name":"Cheonggyesan","nearest_station_name_ko":"청계산입구","a":68,"c":70,"e":44,"g":69,"i":55,"k":60,"m":71,"o":77,"b":68,"d":70,"f":44,"h":69,"j":55,"l":60,"n":71,"p":77}},{"type":"Feature","geometry":{"type":"Polygon","coordinates":[[[126.82226,37.28383],[126.83957,37.28383],[126.83957,37.30113],[126.82226,37.30113],[126.82226,37.28383]]]},"properties":{"row":6,"col":14,"walk_min":32.2,"nearest_station_id":"kr_168","nearest_station_name":"Jungang","nearest_station_name_ko":"중앙","a":104,"c":106,"e":100,"g":118,"i":90,"k":116,"m":120,"o":104,"b":104,"d":106,"f":100,"h":118,"j":90,"l":116,"n":120,"p":104}},{"type":"Feature","geometry":{"type":"Polygon","coordinates":[[[126.82226,37.66453],[126.83957,37.66453],[126.83957,37.68183],[126.82226,37.68183],[126.82226,37.66453]]]},"properties":{"row":28,"col":14,"walk_min":35.0,"nearest_station_id":"kr_145","nearest_station_name":"Wondang","nearest_station_name_ko":"원당","a":82,"c":80,"e":99,"g":86,"i":102,"k":106,"m":95,"o":91,"b":82,"d":80,"f":99,"h":86,"j":102,"l":106,"n":95,"p":91}},{"type":"Feature","geometry":{"type":"Polygon","coordinates":[[[127.01261,37.18],[127.02992,37.18],[127.02992,37.1973],[127.01261,37.1973],[127.01261,37.18]]]},"properties":{"row":0,"col":25,"walk_min":29.2,"nearest_station_id":"kr_388","nearest_station_name":"Sema","nearest_station_name_ko":"세마","a":119,"c":120,"e":116,"g":120,"i":105,"k":120,"m":120,"o":120,"b":119,"d":120,"f":116,"h":120,"j":105,"l":120,"n":120,"p":120}},{"type":"Feature","geometry":{"type":"Polygon","coordinates":[[[127.02992,37.23191],[127.04722,37.23191],[127.04722,37.24922],[127.02992,37.24922],[127.02992,37.23191]]]},"properties":{"row":3,"col":26,"walk_min":30.8,"nearest_station_id":"kr_462","nearest_station_name":"Seryu","nearest_station_name_ko":"세류","a":108,"c":111,"e":105,"g":120,"i":94,"k":120,"m":120,"o":109,"b":108,"d":111,"f":105,"h":120,"j":94,"l":120,"n":120,"p":109}},{"type":"Feature","geometry":{"type":"Polygon","coordinates":[[[127.06453,37.45687],[127.08183,37.45687],[127.08183,37.47418],[127.06453,37.47418],[127.06453,37.45687]]]},"properties":{"row":16,"col":28,"walk_min":28.4,"nearest_station_id":"kr_298","nearest_station_name":"Irwon","nearest_station_name_ko":"일원","a":68,"c":70,"e":44,"g":68,"i":55,"k":50,"m":61,"o":77,"b":68,"d":70,"f":44,"h":68,"j":55,"l":50,"n":61,"p":77}},{"type":"Feature","geometry":{"type":"Polygon","coordinates":[[[127.11644,37.35305],[127.13374,37.35305],[127.13374,37.37035],[127.11644,37.37035],[127.11644,37.35305]]]},"properties":{"row":10,"col":31,"walk_min":29.4,"nearest_station_id":"kr_148","nearest_station_name":"Jeongja","nearest_station_name_ko":"정자","a":86,"c":88,"e":62,"g":86,"i":72,"k":77,"m":88,"o":94,"b":86,"d":88,"f":62,"h":86,"j":72,"l":77,"n":88,"p":94}},{"type":"Feature","geometry":{"type":"Polygon","coordinates":[[[127.20296,37.73374],[127.22027,37.73374],[127.22027,37.75105],[127.20296,37.75105],[127.20296,37.73374]]]},"properties":{"row":32,"col":36,"walk_min":30.6,"nearest_station_id":"kr_470","nearest_station_name":"Jinjeop","nearest_station_name_ko":"진접","a":99,"c":97,"e":111,"g":97,"i":119,"k":118,"m":107,"o":109,"b":99,"d":97,"f":111,"h":97,"j":119,"l":118,"n":107,"p":109}},{"type":"Feature","geometry":{"type":"Polygon","coordinates":[[[127.01261,37.68183],[127.02992,37.68183],[127.02992,37.69914],[127.01261,37.69914],[127.01261,37.68183]]]},"properties":{"row":29,"col":25,"walk_min":29.1,"nearest_station_id":"kr_044","nearest_station_name":"Dobongsan","nearest_station_name_ko":"도봉산","a":74,"c":72,"e":86,"g":72,"i":94,"k":86,"m":75,"o":84,"b":74,"d":72,"f":86,"h":72,"j":94,"l":86,"n":75,"p":84}},{"type":"Feature","geometry":{"type":"Polygon","coordinates":[[[126.83957,37.66453],[126.85687,37.66453],[126.85687,37.68183],[126.83957,37.68183],[126.83957,37.66453]]]},"properties":{"row":28,"col":15,"walk_min":31.7,"nearest_station_id":"kr_145","nearest_station_name":"Wondang","nearest_station_name_ko":"원당","a":79,"c":77,"e":96,"g":83,"i":99,"k":103,"m":92,"o":88,"b":79,"d":77,"f":96,"h":83,"j":99,"l":103,"n":92,"p":88}},{"type":"Feature","geometry":{"type":"Polygon","coordinates":[[[126.66652,37.49148],[126.68383,37.49148],[126.68383,37.50879],[126.66652,37.50879],[126.66652,37.49148]]]},"properties":{"row":18,"col":5,"walk_min":32.8,"nearest_station_id":"kr_258","nearest_station_name":"Sangok","nearest_station_name_ko":"산곡","a":89,"c":92,"e":99,"g":104,"i":95,"k":112,"m":113,"o":86,"b":89,"d":92,"f":99,"h":104,"j":95,"l":112,"n":113,"p":86}},{"type":"Feature","geometry":{"type":"Polygon","coordinates":[[[126.85687,37.42226],[126.87418,37.42226],[126.87418,37.43957],[126.85687,37.43957],[126.85687,37.42226]]]},"properties":{"row":14,"col":16,"walk_min":35.4,"nearest_station_id":"kr_442","nearest_station_name":"Gwangmyeong","nearest_station_name_ko":"광명","a":70,"c":73,"e":80,"g":84,"i":76,"k":93,"m":94,"o":71,"b":59,"d":62,"f":80,"h":74,"j":76,"l":93,"n":83,"p":71}},{"type":"Feature","geometry":{"type":"Polygon","coordinates":[[[126.80496,37.45687],[126.82226,37.45687],[126.82226,37.47418],[126.80496,37.47418],[126.80496,37.45687]]]},"properties":{"row":16,"col":13,"walk_min":29.9,"nearest_station_id":"kr_024","nearest_station_name":"Yeokgok","nearest_station_name_ko":"역곡","a":62,"c":64,"e":71,"g":76,"i":67,"k":84,"m":85,"o":58,"b":62,"d":64,"f":71,"h":76,"j":67,"l":84,"n":85,"p":58}},{"type":"Feature","geometry":{"type":"Polygon","coordinates":[[[127.13374,37.40496],[127.15105,37.40496],[127.15105,37.42226],[127.13374,37.42226],[127.13374,37.40496]]]},"properties":{"row":13,"col":32,"walk_min":31.0,"nearest_station_id":"kr_108","nearest_station_name":"Imae","nearest_station_name_ko":"이매","a":85,"c":87,"e":61,"g":85,"i":71,"k":76,"m":87,"o":93,"b":85,"d":87,"f":61,"h":85,"j":71,"l":76,"n":87,"p":93}},{"type":"Feature","geometry":{"type":"Polygon","coordinates":[[[127.22027,37.54339],[127.22892,37.54339],[127.22892,37.5607],[127.22027,37.5607],[127.22027,37.54339]]]},"properties":{"row":21,"col":37,"walk_min":28.8,"nearest_station_id":"kr_469","nearest_station_name":"Hanam Geomdansan","nearest_station_name_ko":"하남검단산","a":90,"c":89,"e":80,"g":75,"i":91,"k":75,"m":85,"o":100,"b":90,"d":89,"f":80,"h":75,"j":91,"l":75,"n":85,"p":100}},{"type":"Feature","geometry":{"type":"Polygon","coordinates":[[[126.75305,37.31844],[126.77035,37.31844],[126.77035,37.33574],[126.75305,37.33574],[126.75305,37.31844]]]},"properties":{"row":8,"col":10,"walk_min":30.1,"nearest_station_id":"kr_427","nearest_station_name":"Singiloncheon","nearest_station_name_ko":"신길온천","a":115,"c":118,"e":112,"g":120,"i":102,"k":120,"m":120,"o":116,"b":115,"d":118,"f":112,"h":120,"j":102,"l":120,"n":120,"p":116}},{"type":"Feature","geometry":{"type":"Polygon","coordinates":[[[126.87418,37.38765],[126.89148,37.38765],[126.89148,37.40496],[126.87418,37.40496],[126.87418,37.38765]]]},"properties":{"row":12,"col":17,"walk_min":35.8,"nearest_station_id":"kr_442","nearest_station_name":"Gwangmyeong","nearest_station_name_ko":"광명","a":71,"c":74,"e":81,"g":85,"i":77,"k":94,"m":95,"o":72,"b":60,"d":63,"f":81,"h":75,"j":77,"l":94,"n":84,"p":72}},{"type":"Feature","geometry":{"type":"Polygon","coordinates":[[[126.99531,37.64722],[127.01261,37.64722],[127.01261,37.66453],[126.99531,37.66453],[126.99531,37.64722]]]},"properties":{"row":27,"col":24,"walk_min":34.3,"nearest_station_id":"kr_116","nearest_station_name":"Suyu (Gangbuk-gu Office)","nearest_station_name_ko":"수유(강북구청)","a":63,"c":61,"e":75,"g":61,"i":83,"k":82,"m":70,"o":72,"b":63,"d":61,"f":75,"h":61,"j":83,"l":82,"n":70,"p":72}},{"type":"Feature","geometry":{"type":"Polygon","coordinates":[[[127.06453,37.71644],[127.08183,37.71644],[127.08183,37.73374],[127.06453,37.73374],[127.06453,37.71644]]]},"properties":{"row":31,"col":28,"walk_min":30.4,"nearest_station_id":"kr_062","nearest_station_name":"Hoeryong","nearest_station_name_ko":"회룡","a":83,"c":81,"e":95,"g":81,"i":103,"k":94,"m":83,"o":92,"b":83,"d":81,"f":95,"h":81,"j":103,"l":94,"n":83,"p":92}},{"type":"Feature","geometry":{"type":"Polygon","coordinates":[[[127.01261,37.71644],[127.02992,37.71644],[127.02992,37.73374],[127.01261,37.73374],[127.01261,37.71644]]]},"properties":{"row":31,"col":25,"walk_min":29.4,"nearest_station_id":"kr_062","nearest_station_name":"Hoeryong","nearest_station_name_ko":"회룡","a":82,"c":80,"e":94,"g":80,"i":102,"k":93,"m":82,"o":91,"b":82,"d":80,"f":94,"h":80,"j":102,"l":93,"n":82,"p":91}},{"type":"Feature","geometry":{"type":"Polygon","coordinates":[[[127.08183,37.38765],[127.09914,37.38765],[127.09914,37.40496],[127.08183,37.40496],[127.08183,37.38765]]]},"properties":{"row":12,"col":29,"walk_min":31.9,"nearest_station_id":"kr_041","nearest_station_name":"Pangyo","nearest_station_name_ko":"판교","a":83,"c":85,"e":59,"g":83,"i":69,"k":74,"m":85,"o":91,"b":83,"d":85,"f":59,"h":83,"j":69,"l":74,"n":85,"p":91}},{"type":"Feature","geometry":{"type":"Polygon","coordinates":[[[126.71844,37.45687],[126.73574,37.45687],[126.73574,37.47418],[126.71844,37.47418],[126.71844,37.45687]]]},"properties":{"row":16,"col":8,"walk_min":28.8,"nearest_station_id":"kr_378","nearest_station_name":"Dongam","nearest_station_name_ko":"동암","a":82,"c":85,"e":92,"g":96,"i":87,"k":105,"m":106,"o":79,"b":82,"d":85,"f":92,"h":96,"j":87,"l":105,"n":106,"p":79}},{"type":"Feature","geometry":{"type":"Polygon","coordinates":[[[127.13374,37.37035],[127.15105,37.37035],[127.15105,37.38765],[127.13374,37.38765],[127.13374,37.37035]]]},"properties":{"row":11,"col":32,"walk_min":29.8,"nearest_station_id":"kr_108","nearest_station_name":"Imae","nearest_station_name_ko":"이매","a":84,"c":86,"e":60,"g":84,"i":70,"k":75,"m":86,"o":92,"b":84,"d":86,"f":60,"h":84,"j":70,"l":75,"n":86,"p":92}},{"type":"Feature","geometry":{"type":"Polygon","coordinates":[[[127.16835,37.49148],[127.18566,37.49148],[127.18566,37.50879],[127.16835,37.50879],[127.16835,37.49148]]]},"properties":{"row":18,"col":34,"walk_min":34.2,"nearest_station_id":"kr_440","nearest_station_name":"Macheon","nearest_station_name_ko":"마천","a":85,"c":84,"e":64,"g":71,"i":74,"k":59,"m":70,"o":94,"b":85,"d":84,"f":64,"h":71,"j":74,"l":59,"n":70,"p":94}},{"type":"Feature","geometry":{"type":"Polygon","coordinates":[[[127.01261,37.69914],[127.02992,37.69914],[127.02992,37.71644],[127.01261,37.71644],[127.01261,37.69914]]]},"properties":{"row":30,"col":25,"walk_min":30.7,"nearest_station_id":"kr_449","nearest_station_name":"Mangwolsa (Shinhan University)","nearest_station_name_ko":"망월사(신한대학교)","a":81,"c":79,"e":93,"g":79,"i":101,"k":93,"m":81,"o":90,"b":81,"d":79,"f":93,"h":79,"j":101,"l":93,"n":81,"p":90}},{"type":"Feature","geometry":{"type":"Polygon","coordinates":[[[127.09914,37.68183],[127.11644,37.68183],[127.11644,37.69914],[127.09914,37.69914],[127.09914,37.68183]]]},"properties":{"row":29,"col":30,"walk_min":35.1,"nearest_station_id":"kr_310","nearest_station_name":"Byeollaebyeolgaram","nearest_station_name_ko":"별내별가람","a":85,"c":83,"e":96,"g":83,"i":104,"k":103,"m":92,"o":94,"b":85,"d":83,"f":96,"h":83,"j":104,"l":103,"n":92,"p":94}},{"type":"Feature","geometry":{"type":"Polygon","coordinates":[[[127.16835,37.47418],[127.18566,37.47418],[127.18566,37.49148],[127.16835,37.49148],[127.16835,37.47418]]]},"properties":{"row":17,"col":34,"walk_min":31.5,"nearest_station_id":"kr_440","nearest_station_name":"Macheon","nearest_station_name_ko":"마천","a":82,"c":82,"e":62,"g":68,"i":72,"k":56,"m":68,"o":92,"b":82,"d":82,"f":62,"h":68,"j":72,"l":56,"n":68,"p":92}},{"type":"Feature","geometry":{"type":"Polygon","coordinates":[[[126.78765,37.66453],[126.80496,37.66453],[126.80496,37.68183],[126.78765,37.68183],[126.78765,37.66453]]]},"properties":{"row":28,"col":12,"walk_min":32.0,"nearest_station_id":"kr_302","nearest_station_name":"Jeongbalsan","nearest_station_name_ko":"정발산","a":98,"c":95,"e":115,"g":102,"i":118,"k":120,"m":111,"o":107,"b":98,"d":95,"f":115,"h":102,"j":118,"l":120,"n":111,"p":107}},{"type":"Feature","geometry":{"type":"Polygon","coordinates":[[[127.16835,37.71644],[127.18566,37.71644],[127.18566,37.73374],[127.16835,37.73374],[127.16835,37.71644]]]},"properties":{"row":31,"col":34,"walk_min":29.6,"nearest_station_id":"kr_470","nearest_station_name":"Jinjeop","nearest_station_name_ko":"진접","a":98,"c":96,"e":110,"g":96,"i":118,"k":117,"m":106,"o":108,"b":98,"d":96,"f":110,"h":96,"j":118,"l":117,"n":106,"p":108}},{"type":"Feature","geometry":{"type":"Polygon","coordinates":[[[126.70113,37.52609],[126.71844,37.52609],[126.71844,37.54339],[126.70113,37.54339],[126.70113,37.52609]]]},"properties":{"row":20,"col":7,"walk_min":33.5,"nearest_station_id":"kr_258","nearest_station_name":"Sangok","nearest_station_name_ko":"산곡","a":90,"c":92,"e":100,"g":104,"i":96,"k":112,"m":114,"o":86,"b":90,"d":92,"f":100,"h":104,"j":96,"l":112,"n":114,"p":86}},{"type":"Feature","geometry":{"type":"Polygon","coordinates":[[[127.16835,37.52609],[127.18566,37.52609],[127.18566,37.54339],[127.16835,37.54339],[127.16835,37.52609]]]},"properties":{"row":20,"col":34,"walk_min":32.1,"nearest_station_id":"kr_205","nearest_station_name":"Gangil","nearest_station_name_ko":"강일","a":80,"c":79,"e":70,"g":66,"i":81,"k":65,"m":75,"o":91,"b":80,"d":79,"f":70,"h":66,"j":81,"l":65,"n":75,"p":91}},{"type":"Feature","geometry":{"type":"Polygon","coordinates":[[[127.22027,37.69914],[127.23757,37.69914],[127.23757,37.71644],[127.22027,37.71644],[127.22027,37.69914]]]},"properties":{"row":30,"col":37,"walk_min":32.8,"nearest_station_id":"kr_470","nearest_station_name":"Jinjeop","nearest_station_name_ko":"진접","a":101,"c":99,"e":113,"g":99,"i":120,"k":120,"m":109,"o":111,"b":101,"d":99,"f":113,"h":99,"j":120,"l":120,"n":109,"p":111}},{"type":"Feature","geometry":{"type":"Polygon","coordinates":[[[127.22027,37.71644],[127.23757,37.71644],[127.23757,37.73374],[127.22027,37.73374],[127.22027,37.71644]]]},"properties":{"row":31,"col":37,"walk_min":37.9,"nearest_station_id":"kr_470","nearest_station_name":"Jinjeop","nearest_station_name_ko":"진접","a":106,"c":104,"e":118,"g":104,"i":120,"k":120,"m":114,"o":116,"b":106,"d":104,"f":118,"h":104,"j":120,"l":120,"n":114,"p":116}},{"type":"Feature","geometry":{"type":"Polygon","coordinates":[[[126.71844,37.52609],[126.73574,37.52609],[126.73574,37.54339],[126.71844,37.54339],[126.71844,37.52609]]]},"properties":{"row":20,"col":8,"walk_min":33.0,"nearest_station_id":"kr_287","nearest_station_name":"Bupyeong-gu Office","nearest_station_name_ko":"부평구청","a":86,"c":89,"e":96,"g":101,"i":92,"k":109,"m":110,"o":83,"b":86,"d":89,"f":96,"h":101,"j":92,"l":109,"n":110,"p":83}},{"type":"Feature","geometry":{"type":"Polygon","coordinates":[[[127.06453,37.26652],[127.08183,37.26652],[127.08183,37.28383],[127.06453,37.28383],[127.06453,37.26652]]]},"properties":{"row":5,"col":28,"walk_min":32.6,"nearest_station_id":"kr_357","nearest_station_name":"Gwanggyo Jungang","nearest_station_name_ko":"광교중앙","a":112,"c":114,"e":89,"g":113,"i":99,"k":104,"m":115,"o":120,"b":112,"d":114,"f":89,"h":113,"j":99,"l":104,"n":115,"p":120}},{"type":"Feature","geometry":{"type":"Polygon","coordinates":[[[127.11644,37.61261],[127.13374,37.61261],[127.13374,37.62992],[127.11644,37.62992],[127.11644,37.61261]]]},"properties":{"row":25,"col":31,"walk_min":27.8,"nearest_station_id":"kr_303","nearest_station_name":"Donggureung","nearest_station_name_ko":"동구릉","a":80,"c":79,"e":72,"g":65,"i":83,"k":67,"m":75,"o":90,"b":80,"d":79,"f":72,"h":65,"j":83,"l":67,"n":75,"p":90}},{"type":"Feature","geometry":{"type":"Polygon","coordinates":[[[126.73574,37.52609],[126.75305,37.52609],[126.75305,37.54339],[126.73574,37.54339],[126.73574,37.52609]]]},"properties":{"row":20,"col":9,"walk_min":36.4,"nearest_station_id":"kr_315","nearest_station_name":"삼산체육관","nearest_station_name_ko":"삼산체육관","a":85,"c":87,"e":94,"g":99,"i":90,"k":108,"m":108,"o":81,"b":85,"d":87,"f":94,"h":99,"j":90,"l":108,"n":108,"p":81}},{"type":"Feature","geometry":{"type":"Polygon","coordinates":[[[126.80496,37.64722],[126.82226,37.64722],[126.82226,37.66453],[126.80496,37.66453],[126.80496,37.64722]]]},"properties":{"row":27,"col":13,"walk_min":28.1,"nearest_station_id":"kr_145","nearest_station_name":"Wondang","nearest_station_name_ko":"원당","a":75,"c":73,"e":92,"g":79,"i":95,"k":99,"m":88,"o":84,"b":75,"d":73,"f":92,"h":79,"j":95,"l":99,"n":88,"p":84}},{"type":"Feature","geometry":{"type":"Polygon","coordinates":[[[126.80496,37.52609],[126.82226,37.52609],[126.82226,37.54339],[126.80496,37.54339],[126.80496,37.52609]]]},"properties":{"row":20,"col":13,"walk_min":30.4,"nearest_station_id":"kr_297","nearest_station_name":"Hwagok","nearest_station_name_ko":"화곡","a":61,"c":64,"e":71,"g":76,"i":67,"k":84,"m":85,"o":58,"b":61,"d":64,"f":71,"h":76,"j":67,"l":84,"n":85,"p":58}},{"type":"Feature","geometry":{"type":"Polygon","coordinates":[[[127.20296,37.5607],[127.22027,37.5607],[127.22027,37.578],[127.20296,37.578],[127.20296,37.5607]]]},"properties":{"row":22,"col":36,"walk_min":50.3,"nearest_station_id":"kr_331","nearest_station_name":"Misa","nearest_station_name_ko":"미사","a":102,"c":101,"e":92,"g":87,"i":103,"k":87,"m":96,"o":112,"b":102,"d":101,"f":92,"h":87,"j":103,"l":87,"n":96,"p":112}},{"type":"Feature","geometry":{"type":"Polygon","coordinates":[[[126.978,37.37035],[126.99531,37.37035],[126.99531,37.38765],[126.978,37.38765],[126.978,37.37035]]]},"properties":{"row":11,"col":23,"walk_min":31.6,"nearest_station_id":"kr_325","nearest_station_name":"Indeogwon","nearest_station_name_ko":"인덕원","a":74,"c":77,"e":65,"g":87,"i":54,"k":80,"m":91,"o":82,"b":74,"d":77,"f":65,"h":87,"j":54,"l":80,"n":91,"p":82}},{"type":"Feature","geometry":{"type":"Polygon","coordinates":[[[126.89148,37.38765],[126.90879,37.38765],[126.90879,37.40496],[126.89148,37.40496],[126.89148,37.38765]]]},"properties":{"row":12,"col":18,"walk_min":34.2,"nearest_station_id":"kr_010","nearest_station_name":"Anyang","nearest_station_name_ko":"안양","a":73,"c":75,"e":82,"g":87,"i":73,"k":96,"m":96,"o":73,"b":73,"d":75,"f":82,"h":87,"j":73,"l":96,"n":96,"p":73}},{"type":"Feature","geometry":{"type":"Polygon","coordinates":[[[127.16835,37.61261],[127.18566,37.61261],[127.18566,37.62992],[127.16835,37.62992],[127.16835,37.61261]]]},"properties":{"row":25,"col":34,"walk_min":35.4,"nearest_station_id":"kr_352","nearest_station_name":"Dasan","nearest_station_name_ko":"다산","a":91,"c":90,"e":83,"g":76,"i":94,"k":78,"m":85,"o":101,"b":91,"d":90,"f":83,"h":76,"j":94,"l":78,"n":85,"p":101}},{"type":"Feature","geometry":{"type":"Polygon","coordinates":[[[126.71844,37.64722],[126.73574,37.64722],[126.73574,37.66453],[126.71844,37.66453],[126.71844,37.64722]]]},"properties":{"row":27,"col":8,"walk_min":33.5,"nearest_station_id":"kr_424","nearest_station_name":"Daehwa","nearest_station_name_ko":"대화","a":106,"c":104,"e":120,"g":110,"i":120,"k":120,"m":118,"o":114,"b":106,"d":104,"f":120,"h":110,"j":120,"l":120,"n":118,"p":114}},{"type":"Feature","geometry":{"type":"Polygon","coordinates":[[[126.9607,37.33574],[126.978,37.33574],[126.978,37.35305],[126.9607,37.35305],[126.9607,37.33574]]]},"properties":{"row":9,"col":22,"walk_min":35.5,"nearest_station_id":"kr_460","nearest_station_name":"Dangjeong","nearest_station_name_ko":"당정","a":88,"c":90,"e":86,"g":102,"i":74,"k":100,"m":112,"o":88,"b":88,"d":90,"f":86,"h":102,"j":74,"l":100,"n":112,"p":88}},{"type":"Feature","geometry":{"type":"Polygon","coordinates":[[[126.78765,37.62126],[126.80496,37.62126],[126.80496,37.62992],[126.78765,37.62992],[126.78765,37.62126]]]},"properties":{"row":25,"col":12,"walk_min":26.8,"nearest_station_id":"kr_198","nearest_station_name":"Daegok","nearest_station_name_ko":"대곡","a":83,"c":80,"e":100,"g":87,"i":103,"k":107,"m":96,"o":92,"b":83,"d":80,"f":100,"h":87,"j":103,"l":107,"n":96,"p":92}},{"type":"Feature","geometry":{"type":"Polygon","coordinates":[[[126.89148,37.33574],[126.90879,37.33574],[126.90879,37.35305],[126.89148,37.35305],[126.89148,37.33574]]]},"properties":{"row":9,"col":18,"walk_min":35.0,"nearest_station_id":"kr_423","nearest_station_name":"Daeyami","nearest_station_name_ko":"대야미","a":93,"c":95,"e":89,"g":107,"i":79,"k":105,"m":116,"o":93,"b":93,"d":95,"f":89,"h":107,"j":79,"l":105,"n":116,"p":93}},{"type":"Feature","geometry":{"type":"Polygon","coordinates":[[[126.9607,37.35305],[126.978,37.35305],[126.978,37.37035],[126.9607,37.37035],[126.9607,37.35305]]]},"properties":{"row":10,"col":22,"walk_min":35.4,"nearest_station_id":"kr_072","nearest_station_name":"Gunpo","nearest_station_name_ko":"군포","a":85,"c":87,"e":82,"g":99,"i":71,"k":97,"m":108,"o":85,"b":85,"d":87,"f":82,"h":99,"j":71,"l":97,"n":108,"p":85}},{"type":"Feature","geometry":{"type":"Polygon","coordinates":[[[127.04722,37.26652],[127.06453,37.26652],[127.06453,37.28383],[127.04722,37.28383],[127.04722,37.26652]]]},"properties":{"row":5,"col":27,"walk_min":33.3,"nearest_station_id":"kr_357","nearest_station_name":"Gwanggyo Jungang","nearest_station_name_ko":"광교중앙","a":112,"c":114,"e":89,"g":113,"i":99,"k":104,"m":115,"o":120,"b":112,"d":114,"f":89,"h":113,"j":99,"l":104,"n":115,"p":120}},{"type":"Feature","geometry":{"type":"Polygon","coordinates":[[[126.77035,37.68183],[126.78765,37.68183],[126.78765,37.69914],[126.77035,37.69914],[126.77035,37.68183]]]},"properties":{"row":29,"col":11,"walk_min":35.6,"nearest_station_id":"kr_350","nearest_station_name":"Juyeop","nearest_station_name_ko":"주엽","a":105,"c":103,"e":120,"g":109,"i":120,"k":120,"m":118,"o":114,"b":105,"d":103,"f":120,"h":109,"j":120,"l":120,"n":118,"p":114}},{"type":"Feature","geometry":{"type":"Polygon","coordinates":[[[126.61461,37.43957],[126.63191,37.43957],[126.63191,37.45687],[126.61461,37.45687],[126.61461,37.43957]]]},"properties":{"row":15,"col":2,"walk_min":37.0,"nearest_station_id":"kr_457","nearest_station_name":"Dowon","nearest_station_name_ko":"도원","a":100,"c":103,"e":110,"g":115,"i":106,"k":120,"m":120,"o":97,"b":100,"d":103,"f":110,"h":115,"j":106,"l":120,"n":120,"p":97}},{"type":"Feature","geometry":{"type":"Polygon","coordinates":[[[126.77035,37.61261],[126.78765,37.61261],[126.78765,37.62992],[126.77035,37.62992],[126.77035,37.61261]]]},"properties":{"row":25,"col":11,"walk_min":74.2,"nearest_station_id":"kr_228","nearest_station_name":"Baekseok","nearest_station_name_ko":"백석","a":120,"c":120,"e":120,"g":120,"i":120,"k":120,"m":120,"o":120,"b":120,"d":120,"f":120,"h":120,"j":120,"l":120,"n":120,"p":120}},{"type":"Feature","geometry":{"type":"Polygon","coordinates":[[[126.66652,37.50879],[126.68383,37.50879],[126.68383,37.52609],[126.66652,37.52609],[126.66652,37.50879]]]},"properties":{"row":19,"col":5,"walk_min":36.8,"nearest_station_id":"kr_258","nearest_station_name":"Sangok","nearest_station_name_ko":"산곡","a":93,"c":96,"e":103,"g":108,"i":99,"k":116,"m":117,"o":90,"b":93,"d":96,"f":103,"h":108,"j":99,"l":116,"n":117,"p":90}},{"type":"Feature","geometry":{"type":"Polygon","coordinates":[[[126.85687,37.31844],[126.87418,37.31844],[126.87418,37.33574],[126.85687,37.33574],[126.85687,37.31844]]]},"properties":{"row":8,"col":16,"walk_min":35.3,"nearest_station_id":"kr_425","nearest_station_name":"Hanyang University at Ansan","nearest_station_name_ko":"한대앞","a":104,"c":106,"e":101,"g":118,"i":90,"k":116,"m":120,"o":104,"b":104,"d":106,"f":101,"h":118,"j":90,"l":116,"n":120,"p":104}},{"type":"Feature","geometry":{"type":"Polygon","coordinates":[[[127.01261,37.40496],[127.02992,37.40496],[127.02992,37.42226],[127.01261,37.42226],[127.01261,37.40496]]]},"properties":{"row":13,"col":25,"walk_min":35.8,"nearest_station_id":"kr_346","nearest_station_name":"Seoul Grand park","nearest_station_name_ko":"대공원","a":68,"c":70,"e":58,"g":81,"i":48,"k":74,"m":85,"o":76,"b":68,"d":70,"f":58,"h":81,"j":48,"l":74,"n":85,"p":76}},{"type":"Feature","geometry":{"type":"Polygon","coordinates":[[[127.06453,37.33574],[127.08183,37.33574],[127.08183,37.35305],[127.06453,37.35305],[127.06453,37.33574]]]},"properties":{"row":9,"col":28,"walk_min":34.6,"nearest_station_id":"kr_202","nearest_station_name":"Dongcheon","nearest_station_name_ko":"동천","a":99,"c":101,"e":75,"g":99,"i":86,"k":90,"m":102,"o":108,"b":99,"d":101,"f":75,"h":99,"j":86,"l":90,"n":102,"p":108}},{"type":"Feature","geometry":{"type":"Polygon","coordinates":[[[126.70113,37.35305],[126.71844,37.35305],[126.71844,37.37035],[126.70113,37.37035],[126.70113,37.35305]]]},"properties":{"row":10,"col":7,"walk_min":36.3,"nearest_station_id":"kr_428","nearest_station_name":"Oido","nearest_station_name_ko":"오이도","a":120,"c":120,"e":120,"g":120,"i":115,"k":120,"m":120,"o":120,"b":120,"d":120,"f":120,"h":120,"j":115,"l":120,"n":120,"p":120}},{"type":"Feature","geometry":{"type":"Polygon","coordinates":[[[127.08183,37.40496],[127.09914,37.40496],[127.09914,37.42226],[127.08183,37.42226],[127.08183,37.40496]]]},"properties":{"row":13,"col":29,"walk_min":60.1,"nearest_station_id":"kr_041","nearest_station_name":"Pangyo","nearest_station_name_ko":"판교","a":111,"c":113,"e":87,"g":111,"i":97,"k":102,"m":113,"o":119,"b":111,"d":113,"f":87,"h":111,"j":97,"l":102,"n":113,"p":119}},{"type":"Feature","geometry":{"type":"Polygon","coordinates":[[[127.06453,37.73374],[127.08183,37.73374],[127.08183,37.75105],[127.06453,37.75105],[127.06453,37.73374]]]},"properties":{"row":32,"col":28,"walk_min":34.0,"nearest_station_id":"kr_065","nearest_station_name":"Uijeongbu","nearest_station_name_ko":"의정부","a":90,"c":88,"e":102,"g":88,"i":110,"k":102,"m":90,"o":99,"b":90,"d":88,"f":102,"h":88,"j":110,"l":102,"n":90,"p":99}},{"type":"Feature","geometry":{"type":"Polygon","coordinates":[[[127.02992,37.24922],[127.04722,37.24922],[127.04722,37.26652],[127.02992,37.26652],[127.02992,37.24922]]]},"properties":{"row":4,"col":26,"walk_min":37.3,"nearest_station_id":"kr_462","nearest_station_name":"Seryu","nearest_station_name_ko":"세류","a":114,"c":117,"e":111,"g":120,"i":100,"k":120,"m":120,"o":115,"b":114,"d":117,"f":111,"h":120,"j":100,"l":120,"n":120,"p":115}},{"type":"Feature","geometry":{"type":"Polygon","coordinates":[[[126.78765,37.33574],[126.80496,37.33574],[126.80496,37.35305],[126.78765,37.35305],[126.78765,37.33574]]]},"properties":{"row":9,"col":12,"walk_min":36.0,"nearest_station_id":"kr_263","nearest_station_name":"Ansan","nearest_station_name_ko":"안산","a":117,"c":120,"e":114,"g":120,"i":103,"k":120,"m":120,"o":117,"b":117,"d":120,"f":114,"h":120,"j":103,"l":120,"n":120,"p":117}},{"type":"Feature","geometry":{"type":"Polygon","coordinates":[[[126.87418,37.66453],[126.89148,37.66453],[126.89148,37.68183],[126.87418,37.68183],[126.87418,37.66453]]]},"properties":{"row":28,"col":17,"walk_min":36.7,"nearest_station_id":"kr_115","nearest_station_name":"Samsong","nearest_station_name_ko":"삼송","a":75,"c":72,"e":92,"g":79,"i":95,"k":99,"m":88,"o":84,"b":75,"d":72,"f":92,"h":79,"j":95,"l":99,"n":88,"p":84}},{"type":"Feature","geometry":{"type":"Polygon","coordinates":[[[127.18566,37.578],[127.20296,37.578],[127.20296,37.59531],[127.18566,37.59531],[127.18566,37.578]]]},"properties":{"row":23,"col":35,"walk_min":45.6,"nearest_station_id":"kr_331","nearest_station_name":"Misa","nearest_station_name_ko":"미사","a":98,"c":97,"e":88,"g":83,"i":99,"k":83,"m":92,"o":108,"b":98,"d":97,"f":88,"h":83,"j":99,"l":83,"n":92,"p":108}},{"type":"Feature","geometry":{"type":"Polygon","coordinates":[[[126.92609,37.40496],[126.94339,37.40496],[126.94339,37.42226],[126.92609,37.42226],[126.92609,37.40496]]]},"properties":{"row":13,"col":20,"walk_min":33.8,"nearest_station_id":"kr_010","nearest_station_name":"Anyang","nearest_station_name_ko":"안양","a":73,"c":75,"e":82,"g":87,"i":73,"k":96,"m":96,"o":73,"b":73,"d":75,"f":82,"h":87,"j":73,"l":96,"n":96,"p":73}},{"type":"Feature","geometry":{"type":"Polygon","coordinates":[[[126.9607,37.42226],[126.978,37.42226],[126.978,37.43957],[126.9607,37.43957],[126.9607,37.42226]]]},"properties":{"row":14,"col":22,"walk_min":33.6,"nearest_station_id":"kr_367","nearest_station_name":"Government Complex Gwacheon","nearest_station_name_ko":"정부과천청사","a":70,"c":73,"e":61,"g":84,"i":50,"k":76,"m":87,"o":78,"b":70,"d":73,"f":61,"h":84,"j":50,"l":76,"n":87,"p":78}},{"type":"Feature","geometry":{"type":"Polygon","coordinates":[[[126.70113,37.37035],[126.71844,37.37035],[126.71844,37.38765],[126.70113,37.38765],[126.70113,37.37035]]]},"properties":{"row":11,"col":7,"walk_min":95.9,"nearest_station_id":"kr_428","nearest_station_name":"Oido","nearest_station_name_ko":"오이도","a":120,"c":120,"e":120,"g":120,"i":120,"k":120,"m":120,"o":120,"b":120,"d":120,"f":120,"h":120,"j":120,"l":120,"n":120,"p":120}},{"type":"Feature","geometry":{"type":"Polygon","coordinates":[[[127.06453,37.75105],[127.08183,37.75105],[127.08183,37.76835],[127.06453,37.76835],[127.06453,37.75105]]]},"properties":{"row":33,"col":28,"walk_min":33.9,"nearest_station_id":"kr_421","nearest_station_name":"Nogyang","nearest_station_name_ko":"녹양","a":95,"c":93,"e":107,"g":93,"i":115,"k":106,"m":95,"o":104,"b":95,"d":93,"f":107,"h":93,"j":115,"l":106,"n":95,"p":104}},{"type":"Feature","geometry":{"type":"Polygon","coordinates":[[[127.08183,37.35305],[127.09914,37.35305],[127.09914,37.37035],[127.08183,37.37035],[127.08183,37.35305]]]},"properties":{"row":10,"col":29,"walk_min":33.1,"nearest_station_id":"kr_148","nearest_station_name":"Jeongja","nearest_station_name_ko":"정자","a":90,"c":92,"e":66,"g":90,"i":76,"k":81,"m":92,"o":98,"b":90,"d":92,"f":66,"h":90,"j":76,"l":81,"n":92,"p":98}},{"type":"Feature","geometry":{"type":"Polygon","coordinates":[[[126.61461,37.49148],[126.63191,37.49148],[126.63191,37.50879],[126.61461,37.50879],[126.61461,37.49148]]]},"properties":{"row":18,"col":2,"walk_min":54.5,"nearest_station_id":"kr_458","nearest_station_name":"Incheon","nearest_station_name_ko":"인천","a":120,"c":120,"e":120,"g":120,"i":120,"k":120,"m":120,"o":118,"b":120,"d":120,"f":120,"h":120,"j":120,"l":120,"n":120,"p":118}},{"type":"Feature","geometry":{"type":"Polygon","coordinates":[[[126.978,37.24922],[126.99531,37.24922],[126.99531,37.26652],[126.978,37.26652],[126.978,37.24922]]]},"properties":{"row":4,"col":23,"walk_min":34.4,"nearest_station_id":"kr_043","nearest_station_name":"Suwon","nearest_station_name_ko":"수원","a":106,"c":108,"e":103,"g":120,"i":92,"k":118,"m":120,"o":106,"b":106,"d":108,"f":103,"h":120,"j":92,"l":118,"n":120,"p":106}},{"type":"Feature","geometry":{"type":"Polygon","coordinates":[[[127.18566,37.42226],[127.20296,37.42226],[127.20296,37.43957],[127.18566,37.43957],[127.18566,37.42226]]]},"properties":{"row":14,"col":35,"walk_min":37.6,"nearest_station_id":"kr_236","nearest_station_name":"Samdong","nearest_station_name_ko":"삼동","a":105,"c":107,"e":81,"g":105,"i":91,"k":96,"m":107,"o":113,"b":105,"d":107,"f":81,"h":105,"j":91,"l":96,"n":107,"p":113}},{"type":"Feature","geometry":{"type":"Polygon","coordinates":[[[127.04722,37.21461],[127.06453,37.21461],[127.06453,37.23191],[127.04722,37.23191],[127.04722,37.21461]]]},"properties":{"row":2,"col":27,"walk_min":36.5,"nearest_station_id":"kr_047","nearest_station_name":"Byeongjeom","nearest_station_name_ko":"병점","a":120,"c":120,"e":118,"g":120,"i":108,"k":120,"m":120,"o":120,"b":120,"d":120,"f":118,"h":120,"j":108,"l":120,"n":120,"p":120}},{"type":"Feature","geometry":{"type":"Polygon","coordinates":[[[126.9607,37.31844],[126.978,37.31844],[126.978,37.33574],[126.9607,37.33574],[126.9607,37.31844]]]},"properties":{"row":8,"col":22,"walk_min":36.3,"nearest_station_id":"kr_032","nearest_station_name":"Uiwang","nearest_station_name_ko":"의왕","a":93,"c":96,"e":90,"g":107,"i":79,"k":105,"m":116,"o":94,"b":93,"d":96,"f":90,"h":107,"j":79,"l":105,"n":116,"p":94}},{"type":"Feature","geometry":{"type":"Polygon","coordinates":[[[126.85687,37.26652],[126.87418,37.26652],[126.87418,37.28383],[126.85687,37.28383],[126.85687,37.26652]]]},"properties":{"row":5,"col":16,"walk_min":68.8,"nearest_station_id":"kr_114","nearest_station_name":"Sangnoksu","nearest_station_name_ko":"상록수","a":120,"c":120,"e":120,"g":120,"i":120,"k":120,"m":120,"o":120,"b":120,"d":120,"f":120,"h":120,"j":120,"l":120,"n":120,"p":120}},{"type":"Feature","geometry":{"type":"Polygon","coordinates":[[[127.06453,37.78566],[127.08183,37.78566],[127.08183,37.80296],[127.06453,37.80296],[127.06453,37.78566]]]},"properties":{"row":35,"col":28,"walk_min":35.0,"nearest_station_id":"kr_447","nearest_station_name":"Deokgye","nearest_station_name_ko":"덕계","a":109,"c":107,"e":120,"g":107,"i":120,"k":120,"m":109,"o":118,"b":109,"d":107,"f":120,"h":107,"j":120,"l":120,"n":109,"p":118}},{"type":"Feature","geometry":{"type":"Polygon","coordinates":[[[126.73574,37.31844],[126.75305,37.31844],[126.75305,37.33574],[126.73574,37.33574],[126.73574,37.31844]]]},"properties":{"row":8,"col":9,"walk_min":40.1,"nearest_station_id":"kr_427","nearest_station_name":"Singiloncheon","nearest_station_name_ko":"신길온천","a":120,"c":120,"e":120,"g":120,"i":112,"k":120,"m":120,"o":120,"b":120,"d":120,"f":120,"h":120,"j":112,"l":120,"n":120,"p":120}},{"type":"Feature","geometry":{"type":"Polygon","coordinates":[[[127.06453,37.76835],[127.08183,37.76835],[127.08183,37.78566],[127.06453,37.78566],[127.06453,37.76835]]]},"properties":{"row":34,"col":28,"walk_min":36.6,"nearest_station_id":"kr_092","nearest_station_name":"Yangju","nearest_station_name_ko":"양주","a":101,"c":99,"e":113,"g":99,"i":120,"k":112,"m":101,"o":110,"b":101,"d":99,"f":113,"h":99,"j":120,"l":112,"n":101,"p":110}},{"type":"Feature","geometry":{"type":"Polygon","coordinates":[[[126.90879,37.66453],[126.92609,37.66453],[126.92609,37.68183],[126.90879,37.68183],[126.90879,37.66453]]]},"properties":{"row":28,"col":19,"walk_min":36.5,"nearest_station_id":"kr_104","nearest_station_name":"Jichuk","nearest_station_name_ko":"지축","a":70,"c":68,"e":88,"g":74,"i":90,"k":94,"m":84,"o":80,"b":70,"d":68,"f":88,"h":74,"j":90,"l":94,"n":84,"p":80}},{"type":"Feature","geometry":{"type":"Polygon","coordinates":[[[126.9607,37.43957],[126.978,37.43957],[126.978,37.45687],[126.9607,37.45687],[126.9607,37.43957]]]},"properties":{"row":15,"col":22,"walk_min":34.8,"nearest_station_id":"kr_247","nearest_station_name":"Namtaeryeong","nearest_station_name_ko":"남태령","a":58,"c":61,"e":49,"g":72,"i":38,"k":64,"m":75,"o":67,"b":58,"d":61,"f":49,"h":72,"j":38,"l":64,"n":75,"p":67}},{"type":"Feature","geometry":{"type":"Polygon","coordinates":[[[126.85687,37.43957],[126.87418,37.43957],[126.87418,37.45687],[126.85687,37.45687],[126.85687,37.43957]]]},"properties":{"row":15,"col":16,"walk_min":33.6,"nearest_station_id":"kr_008","nearest_station_name":"Geumcheon-gu Office","nearest_station_name_ko":"금천구청","a":60,"c":63,"e":70,"g":75,"i":66,"k":83,"m":84,"o":61,"b":60,"d":63,"f":70,"h":75,"j":66,"l":83,"n":84,"p":61}},{"type":"Feature","geometry":{"type":"Polygon","coordinates":[[[127.20296,37.42226],[127.22027,37.42226],[127.22027,37.43957],[127.20296,37.43957],[127.20296,37.42226]]]},"properties":{"row":14,"col":36,"walk_min":44.8,"nearest_station_id":"kr_236","nearest_station_name":"Samdong","nearest_station_name_ko":"삼동","a":112,"c":114,"e":88,"g":112,"i":98,"k":103,"m":114,"o":120,"b":112,"d":114,"f":88,"h":112,"j":98,"l":103,"n":114,"p":120}},{"type":"Feature","geometry":{"type":"Polygon","coordinates":[[[127.22027,37.53474],[127.22892,37.53474],[127.22892,37.54339],[127.22027,37.54339],[127.22027,37.53474]]]},"properties":{"row":20,"col":37,"walk_min":29.4,"nearest_station_id":"kr_469","nearest_station_name":"Hanam Geomdansan","nearest_station_name_ko":"하남검단산","a":90,"c":89,"e":80,"g":75,"i":91,"k":75,"m":85,"o":100,"b":90,"d":89,"f":80,"h":75,"j":91,"l":75,"n":85,"p":100}},{"type":"Feature","geometry":{"type":"Polygon","coordinates":[[[127.01261,37.78566],[127.02992,37.78566],[127.02992,37.80296],[127.01261,37.80296],[127.01261,37.78566]]]},"properties":{"row":35,"col":25,"walk_min":39.9,"nearest_station_id":"kr_092","nearest_station_name":"Yangju","nearest_station_name_ko":"양주","a":104,"c":102,"e":116,"g":102,"i":120,"k":115,"m":104,"o":113,"b":104,"d":102,"f":116,"h":102,"j":120,"l":115,"n":104,"p":113}},{"type":"Feature","geometry":{"type":"Polygon","coordinates":[[[126.71844,37.31844],[126.73574,37.31844],[126.73574,37.33574],[126.71844,37.33574],[126.71844,37.31844]]]},"properties":{"row":8,"col":8,"walk_min":40.1,"nearest_station_id":"kr_351","nearest_station_name":"Jeongwang","nearest_station_name_ko":"정왕","a":120,"c":120,"e":120,"g":120,"i":116,"k":120,"m":120,"o":120,"b":120,"d":120,"f":120,"h":120,"j":116,"l":120,"n":120,"p":120}},{"type":"Feature","geometry":{"type":"Polygon","coordinates":[[[126.99531,37.30113],[127.01261,37.30113],[127.01261,37.31844],[126.99531,37.31844],[126.99531,37.30113]]]},"properties":{"row":7,"col":24,"walk_min":38.0,"nearest_station_id":"kr_085","nearest_station_name":"Sungkyunkwan Univ","nearest_station_name_ko":"성균관대","a":101,"c":104,"e":98,"g":116,"i":87,"k":113,"m":120,"o":102,"b":101,"d":104,"f":98,"h":116,"j":87,"l":113,"n":120,"p":102}},{"type":"Feature","geometry":{"type":"Polygon","coordinates":[[[127.15105,37.40496],[127.16835,37.40496],[127.16835,37.42226],[127.15105,37.42226],[127.15105,37.40496]]]},"properties":{"row":13,"col":33,"walk_min":40.6,"nearest_station_id":"kr_353","nearest_station_name":"Sujin","nearest_station_name_ko":"수진","a":103,"c":105,"e":81,"g":95,"i":92,"k":76,"m":87,"o":111,"b":103,"d":105,"f":81,"h":95,"j":92,"l":76,"n":87,"p":111}},{"type":"Feature","geometry":{"type":"Polygon","coordinates":[[[126.68383,37.52609],[126.70113,37.52609],[126.70113,37.54339],[126.68383,37.54339],[126.68383,37.52609]]]},"properties":{"row":20,"col":6,"walk_min":43.6,"nearest_station_id":"kr_258","nearest_station_name":"Sangok","nearest_station_name_ko":"산곡","a":100,"c":103,"e":110,"g":115,"i":106,"k":120,"m":120,"o":97,"b":100,"d":103,"f":110,"h":115,"j":106,"l":120,"n":120,"p":97}},{"type":"Feature","geometry":{"type":"Polygon","coordinates":[[[126.58865,37.47418],[126.5973,37.47418],[126.5973,37.48283],[126.58865,37.48283],[126.58865,37.47418]]]},"properties":{"row":17,"col":0,"walk_min":30.2,"nearest_station_id":"kr_458","nearest_station_name":"Incheon","nearest_station_name_ko":"인천","a":98,"c":100,"e":107,"g":112,"i":103,"k":120,"m":120,"o":94,"b":98,"d":100,"f":107,"h":112,"j":103,"l":120,"n":120,"p":94}},{"type":"Feature","geometry":{"type":"Polygon","coordinates":[[[126.80496,37.33574],[126.82226,37.33574],[126.82226,37.35305],[126.80496,37.35305],[126.80496,37.33574]]]},"properties":{"row":9,"col":13,"walk_min":37.4,"nearest_station_id":"kr_230","nearest_station_name":"Choji","nearest_station_name_ko":"초지","a":114,"c":117,"e":111,"g":120,"i":100,"k":120,"m":120,"o":115,"b":114,"d":117,"f":111,"h":120,"j":100,"l":120,"n":120,"p":115}},{"type":"Feature","geometry":{"type":"Polygon","coordinates":[[[127.16835,37.578],[127.18566,37.578],[127.18566,37.59531],[127.16835,37.59531],[127.16835,37.578]]]},"properties":{"row":23,"col":34,"walk_min":37.7,"nearest_station_id":"kr_331","nearest_station_name":"Misa","nearest_station_name_ko":"미사","a":90,"c":89,"e":80,"g":75,"i":91,"k":75,"m":84,"o":100,"b":90,"d":89,"f":80,"h":75,"j":91,"l":75,"n":84,"p":100}},{"type":"Feature","geometry":{"type":"Polygon","coordinates":[[[127.11644,37.31844],[127.13374,37.31844],[127.13374,37.33574],[127.11644,37.33574],[127.11644,37.31844]]]},"properties":{"row":8,"col":31,"walk_min":36.0,"nearest_station_id":"kr_202","nearest_station_name":"Dongcheon","nearest_station_name_ko":"동천","a":100,"c":102,"e":76,"g":100,"i":87,"k":91,"m":103,"o":109,"b":100,"d":102,"f":76,"h":100,"j":87,"l":91,"n":103,"p":109}},{"type":"Feature","geometry":{"type":"Polygon","coordinates":[[[126.87418,37.59531],[126.89148,37.59531],[126.89148,37.61261],[126.87418,37.61261],[126.87418,37.59531]]]},"properties":{"row":24,"col":17,"walk_min":47.4,"nearest_station_id":"kr_318","nearest_station_name":"응암","nearest_station_name_ko":"응암","a":76,"c":73,"e":93,"g":80,"i":90,"k":100,"m":89,"o":85,"b":76,"d":73,"f":93,"h":80,"j":90,"l":100,"n":89,"p":85}},{"type":"Feature","geometry":{"type":"Polygon","coordinates":[[[126.78765,37.52609],[126.80496,37.52609],[126.80496,37.54339],[126.78765,37.54339],[126.78765,37.52609]]]},"properties":{"row":20,"col":12,"walk_min":41.7,"nearest_station_id":"kr_189","nearest_station_name":"Gimpo Int'l Airport","nearest_station_name_ko":"김포공항","a":82,"c":80,"e":88,"g":94,"i":84,"k":101,"m":103,"o":69,"b":82,"d":80,"f":88,"h":94,"j":84,"l":101,"n":103,"p":69}},{"type":"Feature","geometry":{"type":"Polygon","coordinates":[[[126.58865,37.45687],[126.5973,37.45687],[126.5973,37.47418],[126.58865,37.47418],[126.58865,37.45687]]]},"properties":{"row":16,"col":0,"walk_min":51.6,"nearest_station_id":"kr_458","nearest_station_name":"Incheon","nearest_station_name_ko":"인천","a":120,"c":120,"e":120,"g":120,"i":120,"k":120,"m":120,"o":116,"b":120,"d":120,"f":120,"h":120,"j":120,"l":120,"n":120,"p":116}},{"type":"Feature","geometry":{"type":"Polygon","coordinates":[[[126.92609,37.30113],[126.94339,37.30113],[126.94339,37.31844],[126.92609,37.31844],[126.92609,37.30113]]]},"properties":{"row":7,"col":20,"walk_min":36.7,"nearest_station_id":"kr_032","nearest_station_name":"Uiwang","nearest_station_name_ko":"의왕","a":94,"c":97,"e":91,"g":108,"i":80,"k":106,"m":117,"o":95,"b":94,"d":97,"f":91,"h":108,"j":80,"l":106,"n":117,"p":95}},{"type":"Feature","geometry":{"type":"Polygon","coordinates":[[[126.87418,37.31844],[126.89148,37.31844],[126.89148,37.33574],[126.87418,37.33574],[126.87418,37.31844]]]},"properties":{"row":8,"col":17,"walk_min":35.9,"nearest_station_id":"kr_415","nearest_station_name":"Banwol","nearest_station_name_ko":"반월","a":98,"c":100,"e":95,"g":112,"i":84,"k":110,"m":120,"o":98,"b":98,"d":100,"f":95,"h":112,"j":84,"l":110,"n":120,"p":98}},{"type":"Feature","geometry":{"type":"Polygon","coordinates":[[[126.80496,37.28383],[126.82226,37.28383],[126.82226,37.30113],[126.80496,37.30113],[126.80496,37.28383]]]},"properties":{"row":6,"col":13,"walk_min":48.6,"nearest_station_id":"kr_426","nearest_station_name":"Gojan","nearest_station_name_ko":"고잔","a":120,"c":120,"e":120,"g":120,"i":110,"k":120,"m":120,"o":120,"b":120,"d":120,"f":120,"h":120,"j":110,"l":120,"n":120,"p":120}},{"type":"Feature","geometry":{"type":"Polygon","coordinates":[[[126.83957,37.40496],[126.85687,37.40496],[126.85687,37.42226],[126.83957,37.42226],[126.83957,37.40496]]]},"properties":{"row":13,"col":15,"walk_min":44.8,"nearest_station_id":"kr_442","nearest_station_name":"Gwangmyeong","nearest_station_name_ko":"광명","a":80,"c":83,"e":90,"g":94,"i":86,"k":103,"m":104,"o":81,"b":69,"d":72,"f":90,"h":84,"j":86,"l":103,"n":93,"p":81}},{"type":"Feature","geometry":{"type":"Polygon","coordinates":[[[126.75305,37.52609],[126.77035,37.52609],[126.77035,37.54339],[126.75305,37.54339],[126.75305,37.52609]]]},"properties":{"row":20,"col":10,"walk_min":41.5,"nearest_station_id":"kr_292","nearest_station_name":"상동","nearest_station_name_ko":"상동","a":88,"c":90,"e":98,"g":102,"i":94,"k":110,"m":112,"o":84,"b":88,"d":90,"f":98,"h":102,"j":94,"l":110,"n":112,"p":84}},{"type":"Feature","geometry":{"type":"Polygon","coordinates":[[[127.01261,37.1973],[127.02992,37.1973],[127.02992,37.21461],[127.01261,37.21461],[127.01261,37.1973]]]},"properties":{"row":1,"col":25,"walk_min":39.2,"nearest_station_id":"kr_047","nearest_station_name":"Byeongjeom","nearest_station_name_ko":"병점","a":120,"c":120,"e":120,"g":120,"i":110,"k":120,"m":120,"o":120,"b":120,"d":120,"f":120,"h":120,"j":110,"l":120,"n":120,"p":120}},{"type":"Feature","geometry":{"type":"Polygon","coordinates":[[[127.18566,37.73374],[127.20296,37.73374],[127.20296,37.75105],[127.18566,37.75105],[127.18566,37.73374]]]},"properties":{"row":32,"col":35,"walk_min":39.8,"nearest_station_id":"kr_470","nearest_station_name":"Jinjeop","nearest_station_name_ko":"진접","a":108,"c":106,"e":120,"g":106,"i":120,"k":120,"m":116,"o":118,"b":108,"d":106,"f":120,"h":106,"j":120,"l":120,"n":116,"p":118}},{"type":"Feature","geometry":{"type":"Polygon","coordinates":[[[127.02992,37.21461],[127.04722,37.21461],[127.04722,37.23191],[127.02992,37.23191],[127.02992,37.21461]]]},"properties":{"row":2,"col":26,"walk_min":37.7,"nearest_station_id":"kr_047","nearest_station_name":"Byeongjeom","nearest_station_name_ko":"병점","a":120,"c":120,"e":120,"g":120,"i":109,"k":120,"m":120,"o":120,"b":120,"d":120,"f":120,"h":120,"j":109,"l":120,"n":120,"p":120}},{"type":"Feature","geometry":{"type":"Polygon","coordinates":[[[126.80496,37.66453],[126.82226,37.66453],[126.82226,37.68183],[126.80496,37.68183],[126.80496,37.66453]]]},"properties":{"row":28,"col":13,"walk_min":45.0,"nearest_station_id":"kr_145","nearest_station_name":"Wondang","nearest_station_name_ko":"원당","a":92,"c":90,"e":109,"g":96,"i":112,"k":116,"m":105,"o":101,"b":92,"d":90,"f":109,"h":96,"j":112,"l":116,"n":105,"p":101}},{"type":"Feature","geometry":{"type":"Polygon","coordinates":[[[126.9607,37.59531],[126.978,37.59531],[126.978,37.61261],[126.9607,37.61261],[126.9607,37.59531]]]},"properties":{"row":24,"col":22,"walk_min":39.0,"nearest_station_id":"kr_075","nearest_station_name":"홍제","nearest_station_name_ko":"홍제","a":58,"c":55,"e":75,"g":61,"i":78,"k":82,"m":70,"o":66,"b":58,"d":55,"f":75,"h":61,"j":78,"l":82,"n":70,"p":66}},{"type":"Feature","geometry":{"type":"Polygon","coordinates":[[[126.77035,37.52609],[126.78765,37.52609],[126.78765,37.53474],[126.77035,37.53474],[126.77035,37.52609]]]},"properties":{"row":20,"col":11,"walk_min":34.7,"nearest_station_id":"kr_222","nearest_station_name":"춘의","nearest_station_name_ko":"춘의","a":74,"c":77,"e":84,"g":89,"i":80,"k":97,"m":98,"o":71,"b":74,"d":77,"f":84,"h":89,"j":80,"l":97,"n":98,"p":71}},{"type":"Feature","geometry":{"type":"Polygon","coordinates":[[[127.01261,37.26652],[127.02992,37.26652],[127.02992,37.28383],[127.01261,37.28383],[127.01261,37.26652]]]},"properties":{"row":5,"col":25,"walk_min":37.5,"nearest_station_id":"kr_043","nearest_station_name":"Suwon","nearest_station_name_ko":"수원","a":110,"c":112,"e":106,"g":120,"i":96,"k":120,"m":120,"o":110,"b":110,"d":112,"f":106,"h":120,"j":96,"l":120,"n":120,"p":110}},{"type":"Feature","geometry":{"type":"Polygon","coordinates":[[[126.77035,37.35305],[126.78765,37.35305],[126.78765,37.37035],[126.77035,37.37035],[126.77035,37.35305]]]},"properties":{"row":10,"col":11,"walk_min":39.2,"nearest_station_id":"kr_427","nearest_station_name":"Singiloncheon","nearest_station_name_ko":"신길온천","a":120,"c":120,"e":120,"g":120,"i":111,"k":120,"m":120,"o":120,"b":120,"d":120,"f":120,"h":120,"j":111,"l":120,"n":120,"p":120}},{"type":"Feature","geometry":{"type":"Polygon","coordinates":[[[127.13374,37.66453],[127.15105,37.66453],[127.15105,37.68183],[127.13374,37.68183],[127.13374,37.66453]]]},"properties":{"row":28,"col":32,"walk_min":47.7,"nearest_station_id":"kr_310","nearest_station_name":"Byeollaebyeolgaram","nearest_station_name_ko":"별내별가람","a":98,"c":96,"e":109,"g":96,"i":117,"k":116,"m":105,"o":107,"b":98,"d":96,"f":109,"h":96,"j":117,"l":116,"n":105,"p":107}},{"type":"Feature","geometry":{"type":"Polygon","coordinates":[[[126.87418,37.26652],[126.89148,37.26652],[126.89148,37.28383],[126.87418,37.28383],[126.87418,37.26652]]]},"properties":{"row":5,"col":17,"walk_min":50.3,"nearest_station_id":"kr_114","nearest_station_name":"Sangnoksu","nearest_station_name_ko":"상록수","a":116,"c":118,"e":113,"g":120,"i":102,"k":120,"m":120,"o":116,"b":116,"d":118,"f":113,"h":120,"j":102,"l":120,"n":120,"p":116}},{"type":"Feature","geometry":{"type":"Polygon","coordinates":[[[126.94339,37.62992],[126.9607,37.62992],[126.9607,37.64722],[126.94339,37.64722],[126.94339,37.62992]]]},"properties":{"row":26,"col":21,"walk_min":39.2,"nearest_station_id":"kr_409","nearest_station_name":"독바위","nearest_station_name_ko":"독바위","a":66,"c":63,"e":83,"g":69,"i":86,"k":90,"m":79,"o":74,"b":66,"d":63,"f":83,"h":69,"j":86,"l":90,"n":79,"p":74}},{"type":"Feature","geometry":{"type":"Polygon","coordinates":[[[126.83957,37.43957],[126.85687,37.43957],[126.85687,37.45687],[126.83957,37.45687],[126.83957,37.43957]]]},"properties":{"row":15,"col":15,"walk_min":42.7,"nearest_station_id":"kr_220","nearest_station_name":"광명사거리","nearest_station_name_ko":"광명사거리","a":80,"c":83,"e":86,"g":95,"i":86,"k":99,"m":104,"o":77,"b":80,"d":83,"f":86,"h":95,"j":86,"l":99,"n":104,"p":77}},{"type":"Feature","geometry":{"type":"Polygon","coordinates":[[[126.85687,37.66453],[126.87418,37.66453],[126.87418,37.68183],[126.85687,37.68183],[126.85687,37.66453]]]},"properties":{"row":28,"col":16,"walk_min":44.6,"nearest_station_id":"kr_126","nearest_station_name":"Wonheung","nearest_station_name_ko":"원흥","a":87,"c":84,"e":104,"g":91,"i":107,"k":111,"m":100,"o":96,"b":87,"d":84,"f":104,"h":91,"j":107,"l":111,"n":100,"p":96}},{"type":"Feature","geometry":{"type":"Polygon","coordinates":[[[126.71844,37.43957],[126.73574,37.43957],[126.73574,37.45687],[126.71844,37.45687],[126.71844,37.43957]]]},"properties":{"row":15,"col":8,"walk_min":43.0,"nearest_station_id":"kr_378","nearest_station_name":"Dongam","nearest_station_name_ko":"동암","a":96,"c":99,"e":106,"g":110,"i":101,"k":119,"m":120,"o":93,"b":96,"d":99,"f":106,"h":110,"j":101,"l":119,"n":120,"p":93}},{"type":"Feature","geometry":{"type":"Polygon","coordinates":[[[126.92609,37.42226],[126.94339,37.42226],[126.94339,37.43957],[126.92609,37.43957],[126.92609,37.42226]]]},"properties":{"row":14,"col":20,"walk_min":43.2,"nearest_station_id":"kr_413","nearest_station_name":"Gwanak","nearest_station_name_ko":"관악","a":78,"c":81,"e":88,"g":92,"i":84,"k":101,"m":102,"o":79,"b":78,"d":81,"f":88,"h":92,"j":84,"l":101,"n":102,"p":79}},{"type":"Feature","geometry":{"type":"Polygon","coordinates":[[[126.94339,37.26652],[126.9607,37.26652],[126.9607,37.28383],[126.94339,37.28383],[126.94339,37.26652]]]},"properties":{"row":5,"col":21,"walk_min":42.0,"nearest_station_id":"kr_086","nearest_station_name":"Sungkyunkwan University","nearest_station_name_ko":"성균관대","a":105,"c":107,"e":102,"g":119,"i":91,"k":117,"m":120,"o":105,"b":105,"d":107,"f":102,"h":119,"j":91,"l":117,"n":120,"p":105}},{"type":"Feature","geometry":{"type":"Polygon","coordinates":[[[126.978,37.31844],[126.99531,37.31844],[126.99531,37.33574],[126.978,37.33574],[126.978,37.31844]]]},"properties":{"row":8,"col":23,"walk_min":41.9,"nearest_station_id":"kr_085","nearest_station_name":"Sungkyunkwan Univ","nearest_station_name_ko":"성균관대","a":105,"c":108,"e":102,"g":120,"i":91,"k":117,"m":120,"o":106,"b":105,"d":108,"f":102,"h":120,"j":91,"l":117,"n":120,"p":106}},{"type":"Feature","geometry":{"type":"Polygon","coordinates":[[[126.94339,37.43957],[126.9607,37.43957],[126.9607,37.45687],[126.94339,37.45687],[126.94339,37.43957]]]},"properties":{"row":15,"col":21,"walk_min":40.2,"nearest_station_id":"kr_319","nearest_station_name":"Nakseongdae","nearest_station_name_ko":"낙성대","a":63,"c":66,"e":54,"g":77,"i":43,"k":69,"m":80,"o":72,"b":63,"d":66,"f":54,"h":77,"j":43,"l":69,"n":80,"p":72}},{"type":"Feature","geometry":{"type":"Polygon","coordinates":[[[126.89148,37.35305],[126.90879,37.35305],[126.90879,37.37035],[126.89148,37.37035],[126.89148,37.35305]]]},"properties":{"row":10,"col":18,"walk_min":45.0,"nearest_station_id":"kr_364","nearest_station_name":"Surisan","nearest_station_name_ko":"수리산","a":97,"c":100,"e":94,"g":112,"i":83,"k":109,"m":120,"o":98,"b":97,"d":100,"f":94,"h":112,"j":83,"l":109,"n":120,"p":98}},{"type":"Feature","geometry":{"type":"Polygon","coordinates":[[[126.70113,37.33574],[126.71844,37.33574],[126.71844,37.35305],[126.70113,37.35305],[126.70113,37.33574]]]},"properties":{"row":9,"col":7,"walk_min":43.5,"nearest_station_id":"kr_351","nearest_station_name":"Jeongwang","nearest_station_name_ko":"정왕","a":120,"c":120,"e":120,"g":120,"i":120,"k":120,"m":120,"o":120,"b":120,"d":120,"f":120,"h":120,"j":120,"l":120,"n":120,"p":120}},{"type":"Feature","geometry":{"type":"Polygon","coordinates":[[[126.99531,37.37035],[127.01261,37.37035],[127.01261,37.38765],[126.99531,37.38765],[126.99531,37.37035]]]},"properties":{"row":11,"col":24,"walk_min":44.2,"nearest_station_id":"kr_325","nearest_station_name":"Indeogwon","nearest_station_name_ko":"인덕원","a":86,"c":89,"e":77,"g":99,"i":66,"k":92,"m":103,"o":94,"b":86,"d":89,"f":77,"h":99,"j":66,"l":92,"n":103,"p":94}},{"type":"Feature","geometry":{"type":"Polygon","coordinates":[[[126.75305,37.30113],[126.77035,37.30113],[126.77035,37.31844],[126.75305,37.31844],[126.75305,37.30113]]]},"properties":{"row":7,"col":10,"walk_min":42.9,"nearest_station_id":"kr_263","nearest_station_name":"Ansan","nearest_station_name_ko":"안산","a":120,"c":120,"e":120,"g":120,"i":110,"k":120,"m":120,"o":120,"b":120,"d":120,"f":120,"h":120,"j":110,"l":120,"n":120,"p":120}},{"type":"Feature","geometry":{"type":"Polygon","coordinates":[[[127.11644,37.30113],[127.13374,37.30113],[127.13374,37.31844],[127.11644,37.31844],[127.11644,37.30113]]]},"properties":{"row":7,"col":31,"walk_min":52.4,"nearest_station_id":"kr_233","nearest_station_name":"Suji-gu Office","nearest_station_name_ko":"수지구청","a":120,"c":120,"e":96,"g":120,"i":106,"k":111,"m":120,"o":120,"b":120,"d":120,"f":96,"h":120,"j":106,"l":111,"n":120,"p":120}},{"type":"Feature","geometry":{"type":"Polygon","coordinates":[[[126.83957,37.33574],[126.85687,37.33574],[126.85687,37.35305],[126.83957,37.35305],[126.83957,37.33574]]]},"properties":{"row":9,"col":15,"walk_min":46.6,"nearest_station_id":"kr_168","nearest_station_name":"Jungang","nearest_station_name_ko":"중앙","a":119,"c":120,"e":115,"g":120,"i":105,"k":120,"m":120,"o":119,"b":119,"d":120,"f":115,"h":120,"j":105,"l":120,"n":120,"p":119}},{"type":"Feature","geometry":{"type":"Polygon","coordinates":[[[127.16835,37.59531],[127.18566,37.59531],[127.18566,37.61261],[127.16835,37.61261],[127.16835,37.59531]]]},"properties":{"row":24,"col":34,"walk_min":42.0,"nearest_station_id":"kr_264","nearest_station_name":"Guri","nearest_station_name_ko":"구리","a":92,"c":90,"e":84,"g":77,"i":95,"k":79,"m":86,"o":102,"b":92,"d":90,"f":84,"h":77,"j":95,"l":79,"n":86,"p":102}},{"type":"Feature","geometry":{"type":"Polygon","coordinates":[[[127.01261,37.28383],[127.02992,37.28383],[127.02992,37.30113],[127.01261,37.30113],[127.01261,37.28383]]]},"properties":{"row":6,"col":25,"walk_min":40.5,"nearest_station_id":"kr_444","nearest_station_name":"Gwanggyo","nearest_station_name_ko":"광교","a":120,"c":120,"e":100,"g":120,"i":110,"k":114,"m":120,"o":120,"b":120,"d":120,"f":100,"h":120,"j":110,"l":114,"n":120,"p":120}},{"type":"Feature","geometry":{"type":"Polygon","coordinates":[[[126.82226,37.59531],[126.83957,37.59531],[126.83957,37.61261],[126.82226,37.61261],[126.82226,37.59531]]]},"properties":{"row":24,"col":14,"walk_min":45.0,"nearest_station_id":"kr_441","nearest_station_name":"방화","nearest_station_name_ko":"방화","a":90,"c":88,"e":96,"g":101,"i":92,"k":109,"m":110,"o":77,"b":90,"d":88,"f":96,"h":101,"j":92,"l":109,"n":110,"p":77}},{"type":"Feature","geometry":{"type":"Polygon","coordinates":[[[126.63191,37.49148],[126.64922,37.49148],[126.64922,37.50879],[126.63191,37.50879],[126.63191,37.49148]]]},"properties":{"row":18,"col":3,"walk_min":47.0,"nearest_station_id":"kr_330","nearest_station_name":"Dongincheon","nearest_station_name_ko":"동인천","a":112,"c":114,"e":120,"g":120,"i":117,"k":120,"m":120,"o":108,"b":112,"d":114,"f":120,"h":120,"j":117,"l":120,"n":120,"p":108}},{"type":"Feature","geometry":{"type":"Polygon","coordinates":[[[127.15105,37.38765],[127.16835,37.38765],[127.16835,37.40496],[127.15105,37.40496],[127.15105,37.38765]]]},"properties":{"row":12,"col":33,"walk_min":41.7,"nearest_station_id":"kr_108","nearest_station_name":"Imae","nearest_station_name_ko":"이매","a":96,"c":98,"e":72,"g":96,"i":82,"k":87,"m":98,"o":104,"b":96,"d":98,"f":72,"h":96,"j":82,"l":87,"n":98,"p":104}},{"type":"Feature","geometry":{"type":"Polygon","coordinates":[[[127.15105,37.69914],[127.16835,37.69914],[127.16835,37.71644],[127.15105,37.71644],[127.15105,37.69914]]]},"properties":{"row":30,"col":33,"walk_min":43.6,"nearest_station_id":"kr_361","nearest_station_name":"Onam","nearest_station_name_ko":"오남","a":108,"c":106,"e":120,"g":106,"i":120,"k":120,"m":115,"o":117,"b":108,"d":106,"f":120,"h":106,"j":120,"l":120,"n":115,"p":117}},{"type":"Feature","geometry":{"type":"Polygon","coordinates":[[[126.9607,37.24922],[126.978,37.24922],[126.978,37.26652],[126.9607,37.26652],[126.9607,37.24922]]]},"properties":{"row":4,"col":22,"walk_min":47.5,"nearest_station_id":"kr_043","nearest_station_name":"Suwon","nearest_station_name_ko":"수원","a":120,"c":120,"e":116,"g":120,"i":106,"k":120,"m":120,"o":120,"b":120,"d":120,"f":116,"h":120,"j":106,"l":120,"n":120,"p":120}},{"type":"Feature","geometry":{"type":"Polygon","coordinates":[[[126.82226,37.33574],[126.83957,37.33574],[126.83957,37.35305],[126.82226,37.35305],[126.82226,37.33574]]]},"properties":{"row":9,"col":14,"walk_min":44.7,"nearest_station_id":"kr_426","nearest_station_name":"Gojan","nearest_station_name_ko":"고잔","a":120,"c":120,"e":116,"g":120,"i":106,"k":120,"m":120,"o":120,"b":120,"d":120,"f":116,"h":120,"j":106,"l":120,"n":120,"p":120}},{"type":"Feature","geometry":{"type":"Polygon","coordinates":[[[126.83957,37.26652],[126.85687,37.26652],[126.85687,37.28383],[126.83957,37.28383],[126.83957,37.26652]]]},"properties":{"row":5,"col":15,"walk_min":64.5,"nearest_station_id":"kr_114","nearest_station_name":"Sangnoksu","nearest_station_name_ko":"상록수","a":120,"c":120,"e":120,"g":120,"i":116,"k":120,"m":120,"o":120,"b":120,"d":120,"f":120,"h":120,"j":116,"l":120,"n":120,"p":120}},{"type":"Feature","geometry":{"type":"Polygon","coordinates":[[[126.92609,37.66453],[126.94339,37.66453],[126.94339,37.68183],[126.92609,37.68183],[126.92609,37.66453]]]},"properties":{"row":28,"col":20,"walk_min":47.5,"nearest_station_id":"kr_104","nearest_station_name":"Jichuk","nearest_station_name_ko":"지축","a":82,"c":80,"e":98,"g":86,"i":102,"k":106,"m":94,"o":90,"b":82,"d":80,"f":98,"h":86,"j":102,"l":106,"n":94,"p":90}},{"type":"Feature","geometry":{"type":"Polygon","coordinates":[[[126.85687,37.61261],[126.87418,37.61261],[126.87418,37.62992],[126.85687,37.62992],[126.85687,37.61261]]]},"properties":{"row":25,"col":16,"walk_min":43.0,"nearest_station_id":"kr_167","nearest_station_name":"Hwajeong","nearest_station_name_ko":"화정","a":95,"c":92,"e":112,"g":99,"i":115,"k":119,"m":108,"o":104,"b":95,"d":92,"f":112,"h":99,"j":115,"l":119,"n":108,"p":104}},{"type":"Feature","geometry":{"type":"Polygon","coordinates":[[[126.978,37.23191],[126.99531,37.23191],[126.99531,37.24922],[126.978,37.24922],[126.978,37.23191]]]},"properties":{"row":3,"col":23,"walk_min":53.5,"nearest_station_id":"kr_462","nearest_station_name":"Seryu","nearest_station_name_ko":"세류","a":120,"c":120,"e":120,"g":120,"i":116,"k":120,"m":120,"o":120,"b":120,"d":120,"f":120,"h":120,"j":116,"l":120,"n":120,"p":120}},{"type":"Feature","geometry":{"type":"Polygon","coordinates":[[[127.01261,37.80296],[127.02992,37.80296],[127.02992,37.82027],[127.01261,37.82027],[127.01261,37.80296]]]},"properties":{"row":36,"col":25,"walk_min":53.7,"nearest_station_id":"kr_447","nearest_station_name":"Deokgye","nearest_station_name_ko":"덕계","a":120,"c":120,"e":120,"g":120,"i":120,"k":120,"m":120,"o":120,"b":120,"d":120,"f":120,"h":120,"j":120,"l":120,"n":120,"p":120}},{"type":"Feature","geometry":{"type":"Polygon","coordinates":[[[127.20296,37.578],[127.22027,37.578],[127.22027,37.59531],[127.20296,37.59531],[127.20296,37.578]]]},"properties":{"row":23,"col":36,"walk_min":75.3,"nearest_station_id":"kr_331","nearest_station_name":"Misa","nearest_station_name_ko":"미사","a":120,"c":120,"e":117,"g":112,"i":120,"k":112,"m":120,"o":120,"b":120,"d":120,"f":117,"h":112,"j":120,"l":112,"n":120,"p":120}},{"type":"Feature","geometry":{"type":"Polygon","coordinates":[[[126.92609,37.28383],[126.94339,37.28383],[126.94339,37.30113],[126.92609,37.30113],[126.92609,37.28383]]]},"properties":{"row":6,"col":20,"walk_min":43.1,"nearest_station_id":"kr_086","nearest_station_name":"Sungkyunkwan University","nearest_station_name_ko":"성균관대","a":106,"c":108,"e":103,"g":120,"i":92,"k":118,"m":120,"o":106,"b":106,"d":108,"f":103,"h":120,"j":92,"l":118,"n":120,"p":106}},{"type":"Feature","geometry":{"type":"Polygon","coordinates":[[[126.87418,37.61261],[126.89148,37.61261],[126.89148,37.62992],[126.87418,37.62992],[126.87418,37.61261]]]},"properties":{"row":25,"col":17,"walk_min":42.6,"nearest_station_id":"kr_390","nearest_station_name":"구산","nearest_station_name_ko":"구산","a":73,"c":70,"e":90,"g":76,"i":89,"k":97,"m":85,"o":81,"b":73,"d":70,"f":90,"h":76,"j":89,"l":97,"n":85,"p":81}},{"type":"Feature","geometry":{"type":"Polygon","coordinates":[[[127.15105,37.64722],[127.16835,37.64722],[127.16835,37.66453],[127.15105,37.66453],[127.15105,37.64722]]]},"properties":{"row":27,"col":33,"walk_min":46.4,"nearest_station_id":"kr_438","nearest_station_name":"Byeollae","nearest_station_name_ko":"별내","a":107,"c":106,"e":99,"g":93,"i":110,"k":94,"m":102,"o":117,"b":107,"d":106,"f":99,"h":93,"j":110,"l":94,"n":102,"p":117}},{"type":"Feature","geometry":{"type":"Polygon","coordinates":[[[126.70113,37.68183],[126.71844,37.68183],[126.71844,37.69914],[126.70113,37.69914],[126.70113,37.68183]]]},"properties":{"row":29,"col":7,"walk_min":45.4,"nearest_station_id":"kr_424","nearest_station_name":"Daehwa","nearest_station_name_ko":"대화","a":117,"c":115,"e":120,"g":120,"i":120,"k":120,"m":120,"o":120,"b":117,"d":115,"f":120,"h":120,"j":120,"l":120,"n":120,"p":120}},{"type":"Feature","geometry":{"type":"Polygon","coordinates":[[[127.16835,37.62992],[127.18566,37.62992],[127.18566,37.64722],[127.16835,37.64722],[127.16835,37.62992]]]},"properties":{"row":26,"col":34,"walk_min":43.3,"nearest_station_id":"kr_352","nearest_station_name":"Dasan","nearest_station_name_ko":"다산","a":99,"c":98,"e":91,"g":84,"i":102,"k":86,"m":93,"o":109,"b":99,"d":98,"f":91,"h":84,"j":102,"l":86,"n":93,"p":109}},{"type":"Feature","geometry":{"type":"Polygon","coordinates":[[[127.02992,37.28383],[127.04722,37.28383],[127.04722,37.30113],[127.02992,37.30113],[127.02992,37.28383]]]},"properties":{"row":6,"col":26,"walk_min":45.0,"nearest_station_id":"kr_444","nearest_station_name":"Gwanggyo","nearest_station_name_ko":"광교","a":120,"c":120,"e":104,"g":120,"i":114,"k":119,"m":120,"o":120,"b":120,"d":120,"f":104,"h":120,"j":114,"l":119,"n":120,"p":120}},{"type":"Feature","geometry":{"type":"Polygon","coordinates":[[[126.78765,37.28383],[126.80496,37.28383],[126.80496,37.30113],[126.78765,37.30113],[126.78765,37.28383]]]},"properties":{"row":6,"col":12,"walk_min":52.8,"nearest_station_id":"kr_230","nearest_station_name":"Choji","nearest_station_name_ko":"초지","a":120,"c":120,"e":120,"g":120,"i":116,"k":120,"m":120,"o":120,"b":120,"d":120,"f":120,"h":120,"j":116,"l":120,"n":120,"p":120}},{"type":"Feature","geometry":{"type":"Polygon","coordinates":[[[127.08183,37.69914],[127.09914,37.69914],[127.09914,37.71644],[127.08183,37.71644],[127.08183,37.69914]]]},"properties":{"row":30,"col":29,"walk_min":43.5,"nearest_station_id":"kr_467","nearest_station_name":"Jangam","nearest_station_name_ko":"장암","a":92,"c":90,"e":104,"g":90,"i":112,"k":104,"m":92,"o":102,"b":92,"d":90,"f":104,"h":90,"j":112,"l":104,"n":92,"p":102}},{"type":"Feature","geometry":{"type":"Polygon","coordinates":[[[126.73574,37.69914],[126.75305,37.69914],[126.75305,37.71644],[126.73574,37.71644],[126.73574,37.69914]]]},"properties":{"row":30,"col":9,"walk_min":47.5,"nearest_station_id":"kr_424","nearest_station_name":"Daehwa","nearest_station_name_ko":"대화","a":120,"c":118,"e":120,"g":120,"i":120,"k":120,"m":120,"o":120,"b":120,"d":118,"f":120,"h":120,"j":120,"l":120,"n":120,"p":120}},{"type":"Feature","geometry":{"type":"Polygon","coordinates":[[[126.85687,37.38765],[126.87418,37.38765],[126.87418,37.40496],[126.85687,37.40496],[126.85687,37.38765]]]},"properties":{"row":12,"col":16,"walk_min":46.9,"nearest_station_id":"kr_442","nearest_station_name":"Gwangmyeong","nearest_station_name_ko":"광명","a":82,"c":85,"e":92,"g":96,"i":88,"k":105,"m":106,"o":83,"b":71,"d":74,"f":92,"h":86,"j":88,"l":105,"n":95,"p":83}},{"type":"Feature","geometry":{"type":"Polygon","coordinates":[[[127.06453,37.35305],[127.08183,37.35305],[127.08183,37.37035],[127.06453,37.37035],[127.06453,37.35305]]]},"properties":{"row":10,"col":28,"walk_min":47.4,"nearest_station_id":"kr_148","nearest_station_name":"Jeongja","nearest_station_name_ko":"정자","a":104,"c":106,"e":80,"g":104,"i":90,"k":95,"m":106,"o":112,"b":104,"d":106,"f":80,"h":104,"j":90,"l":95,"n":106,"p":112}},{"type":"Feature","geometry":{"type":"Polygon","coordinates":[[[126.75305,37.578],[126.77035,37.578],[126.77035,37.59531],[126.75305,37.59531],[126.75305,37.578]]]},"properties":{"row":23,"col":10,"walk_min":57.8,"nearest_station_id":"kr_429","nearest_station_name":"Gaehwa","nearest_station_name_ko":"개화","a":102,"c":100,"e":108,"g":114,"i":104,"k":120,"m":120,"o":89,"b":102,"d":100,"f":108,"h":114,"j":104,"l":120,"n":120,"p":89}},{"type":"Feature","geometry":{"type":"Polygon","coordinates":[[[126.75305,37.37035],[126.77035,37.37035],[126.77035,37.38765],[126.75305,37.38765],[126.75305,37.37035]]]},"properties":{"row":11,"col":10,"walk_min":45.1,"nearest_station_id":"kr_428","nearest_station_name":"Oido","nearest_station_name_ko":"오이도","a":120,"c":120,"e":120,"g":120,"i":120,"k":120,"m":120,"o":120,"b":120,"d":120,"f":120,"h":120,"j":120,"l":120,"n":120,"p":120}},{"type":"Feature","geometry":{"type":"Polygon","coordinates":[[[127.09914,37.28383],[127.11644,37.28383],[127.11644,37.30113],[127.09914,37.30113],[127.09914,37.28383]]]},"properties":{"row":6,"col":30,"walk_min":47.5,"nearest_station_id":"kr_266","nearest_station_name":"Seongbok","nearest_station_name_ko":"성복","a":118,"c":120,"e":96,"g":120,"i":106,"k":110,"m":120,"o":120,"b":118,"d":120,"f":96,"h":120,"j":106,"l":110,"n":120,"p":120}},{"type":"Feature","geometry":{"type":"Polygon","coordinates":[[[126.89148,37.66453],[126.90879,37.66453],[126.90879,37.68183],[126.89148,37.68183],[126.89148,37.66453]]]},"properties":{"row":28,"col":18,"walk_min":46.6,"nearest_station_id":"kr_115","nearest_station_name":"Samsong","nearest_station_name_ko":"삼송","a":85,"c":82,"e":102,"g":89,"i":105,"k":109,"m":98,"o":94,"b":85,"d":82,"f":102,"h":89,"j":105,"l":109,"n":98,"p":94}},{"type":"Feature","geometry":{"type":"Polygon","coordinates":[[[126.75305,37.69914],[126.77035,37.69914],[126.77035,37.71644],[126.75305,37.71644],[126.75305,37.69914]]]},"properties":{"row":30,"col":10,"walk_min":47.8,"nearest_station_id":"kr_424","nearest_station_name":"Daehwa","nearest_station_name_ko":"대화","a":120,"c":118,"e":120,"g":120,"i":120,"k":120,"m":120,"o":120,"b":120,"d":118,"f":120,"h":120,"j":120,"l":120,"n":120,"p":120}},{"type":"Feature","geometry":{"type":"Polygon","coordinates":[[[126.80496,37.59531],[126.82226,37.59531],[126.82226,37.61261],[126.80496,37.61261],[126.80496,37.59531]]]},"properties":{"row":24,"col":13,"walk_min":52.4,"nearest_station_id":"kr_441","nearest_station_name":"방화","nearest_station_name_ko":"방화","a":97,"c":95,"e":103,"g":108,"i":99,"k":116,"m":117,"o":84,"b":97,"d":95,"f":103,"h":108,"j":99,"l":116,"n":117,"p":84}},{"type":"Feature","geometry":{"type":"Polygon","coordinates":[[[126.66652,37.42226],[126.68383,37.42226],[126.68383,37.43957],[126.66652,37.43957],[126.66652,37.42226]]]},"properties":{"row":14,"col":5,"walk_min":46.4,"nearest_station_id":"kr_248","nearest_station_name":"Juan","nearest_station_name_ko":"주안","a":103,"c":105,"e":112,"g":117,"i":108,"k":120,"m":120,"o":99,"b":103,"d":105,"f":112,"h":117,"j":108,"l":120,"n":120,"p":99}},{"type":"Feature","geometry":{"type":"Polygon","coordinates":[[[127.16835,37.50879],[127.18566,37.50879],[127.18566,37.52609],[127.16835,37.52609],[127.16835,37.50879]]]},"properties":{"row":19,"col":34,"walk_min":46.0,"nearest_station_id":"kr_437","nearest_station_name":"VHS Medical Center","nearest_station_name_ko":"보훈병원","a":91,"c":90,"e":71,"g":77,"i":82,"k":66,"m":77,"o":101,"b":91,"d":90,"f":71,"h":77,"j":82,"l":66,"n":77,"p":101}},{"type":"Feature","geometry":{"type":"Polygon","coordinates":[[[127.16835,37.40496],[127.18566,37.40496],[127.18566,37.42226],[127.16835,37.42226],[127.16835,37.40496]]]},"properties":{"row":13,"col":34,"walk_min":47.5,"nearest_station_id":"kr_236","nearest_station_name":"Samdong","nearest_station_name_ko":"삼동","a":114,"c":116,"e":90,"g":114,"i":100,"k":106,"m":116,"o":120,"b":114,"d":116,"f":90,"h":114,"j":100,"l":106,"n":116,"p":120}},{"type":"Feature","geometry":{"type":"Polygon","coordinates":[[[127.08183,37.37035],[127.09914,37.37035],[127.09914,37.38765],[127.08183,37.38765],[127.08183,37.37035]]]},"properties":{"row":11,"col":29,"walk_min":42.9,"nearest_station_id":"kr_148","nearest_station_name":"Jeongja","nearest_station_name_ko":"정자","a":100,"c":102,"e":76,"g":100,"i":86,"k":91,"m":102,"o":108,"b":100,"d":102,"f":76,"h":100,"j":86,"l":91,"n":102,"p":108}},{"type":"Feature","geometry":{"type":"Polygon","coordinates":[[[126.99531,37.75105],[127.01261,37.75105],[127.01261,37.76835],[126.99531,37.76835],[126.99531,37.75105]]]},"properties":{"row":33,"col":24,"walk_min":48.4,"nearest_station_id":"kr_421","nearest_station_name":"Nogyang","nearest_station_name_ko":"녹양","a":109,"c":107,"e":120,"g":107,"i":120,"k":120,"m":109,"o":118,"b":109,"d":107,"f":120,"h":107,"j":120,"l":120,"n":109,"p":118}},{"type":"Feature","geometry":{"type":"Polygon","coordinates":[[[126.78765,37.59531],[126.80496,37.59531],[126.80496,37.61261],[126.78765,37.61261],[126.78765,37.59531]]]},"properties":{"row":24,"col":12,"walk_min":68.9,"nearest_station_id":"kr_429","nearest_station_name":"Gaehwa","nearest_station_name_ko":"개화","a":113,"c":111,"e":119,"g":120,"i":115,"k":120,"m":120,"o":100,"b":113,"d":111,"f":119,"h":120,"j":115,"l":120,"n":120,"p":100}},{"type":"Feature","geometry":{"type":"Polygon","coordinates":[[[126.70113,37.66453],[126.71844,37.66453],[126.71844,37.68183],[126.70113,37.68183],[126.70113,37.66453]]]},"properties":{"row":28,"col":7,"walk_min":47.4,"nearest_station_id":"kr_424","nearest_station_name":"Daehwa","nearest_station_name_ko":"대화","a":119,"c":117,"e":120,"g":120,"i":120,"k":120,"m":120,"o":120,"b":119,"d":117,"f":120,"h":120,"j":120,"l":120,"n":120,"p":120}},{"type":"Feature","geometry":{"type":"Polygon","coordinates":[[[127.18566,37.43957],[127.20296,37.43957],[127.20296,37.45687],[127.18566,37.45687],[127.18566,37.43957]]]},"properties":{"row":15,"col":35,"walk_min":44.0,"nearest_station_id":"kr_232","nearest_station_name":"Namhansanseong","nearest_station_name_ko":"남한산성입구","a":100,"c":102,"e":78,"g":92,"i":89,"k":73,"m":84,"o":109,"b":100,"d":102,"f":78,"h":92,"j":89,"l":73,"n":84,"p":109}},{"type":"Feature","geometry":{"type":"Polygon","coordinates":[[[127.11644,37.68183],[127.13374,37.68183],[127.13374,37.69914],[127.11644,37.69914],[127.11644,37.68183]]]},"properties":{"row":29,"col":31,"walk_min":50.0,"nearest_station_id":"kr_310","nearest_station_name":"Byeollaebyeolgaram","nearest_station_name_ko":"별내별가람","a":100,"c":98,"e":111,"g":98,"i":119,"k":118,"m":107,"o":109,"b":100,"d":98,"f":111,"h":98,"j":119,"l":118,"n":107,"p":109}},{"type":"Feature","geometry":{"type":"Polygon","coordinates":[[[126.78765,37.43957],[126.80496,37.43957],[126.80496,37.45687],[126.78765,37.45687],[126.78765,37.43957]]]},"properties":{"row":15,"col":12,"walk_min":50.4,"nearest_station_id":"kr_451","nearest_station_name":"Sosa","nearest_station_name_ko":"소사","a":85,"c":87,"e":94,"g":99,"i":90,"k":108,"m":108,"o":82,"b":85,"d":87,"f":94,"h":99,"j":90,"l":108,"n":108,"p":82}},{"type":"Feature","geometry":{"type":"Polygon","coordinates":[[[126.82226,37.43957],[126.83957,37.43957],[126.83957,37.45687],[126.82226,37.45687],[126.82226,37.43957]]]},"properties":{"row":15,"col":14,"walk_min":52.4,"nearest_station_id":"kr_220","nearest_station_name":"광명사거리","nearest_station_name_ko":"광명사거리","a":89,"c":92,"e":95,"g":104,"i":95,"k":108,"m":113,"o":86,"b":89,"d":92,"f":95,"h":104,"j":95,"l":108,"n":113,"p":86}},{"type":"Feature","geometry":{"type":"Polygon","coordinates":[[[126.64922,37.49148],[126.66652,37.49148],[126.66652,37.50879],[126.64922,37.50879],[126.64922,37.49148]]]},"properties":{"row":18,"col":4,"walk_min":43.4,"nearest_station_id":"kr_330","nearest_station_name":"Dongincheon","nearest_station_name_ko":"동인천","a":108,"c":110,"e":117,"g":120,"i":113,"k":120,"m":120,"o":104,"b":108,"d":110,"f":117,"h":120,"j":113,"l":120,"n":120,"p":104}},{"type":"Feature","geometry":{"type":"Polygon","coordinates":[[[126.85687,37.578],[126.87418,37.578],[126.87418,37.59531],[126.85687,37.59531],[126.85687,37.578]]]},"properties":{"row":23,"col":16,"walk_min":45.8,"nearest_station_id":"kr_430","nearest_station_name":"Yangcheon Hyanggyo","nearest_station_name_ko":"양천향교","a":80,"c":78,"e":85,"g":91,"i":81,"k":98,"m":100,"o":66,"b":80,"d":78,"f":85,"h":91,"j":81,"l":98,"n":100,"p":66}},{"type":"Feature","geometry":{"type":"Polygon","coordinates":[[[126.92609,37.43957],[126.94339,37.43957],[126.94339,37.45687],[126.92609,37.45687],[126.92609,37.43957]]]},"properties":{"row":15,"col":20,"walk_min":44.0,"nearest_station_id":"kr_392","nearest_station_name":"Seoksu","nearest_station_name_ko":"석수","a":75,"c":78,"e":85,"g":90,"i":81,"k":98,"m":99,"o":76,"b":75,"d":78,"f":85,"h":90,"j":81,"l":98,"n":99,"p":76}},{"type":"Feature","geometry":{"type":"Polygon","coordinates":[[[126.77035,37.29248],[126.78765,37.29248],[126.78765,37.30113],[126.77035,37.30113],[126.77035,37.29248]]]},"properties":{"row":6,"col":11,"walk_min":45.0,"nearest_station_id":"kr_263","nearest_station_name":"Ansan","nearest_station_name_ko":"안산","a":120,"c":120,"e":120,"g":120,"i":112,"k":120,"m":120,"o":120,"b":120,"d":120,"f":120,"h":120,"j":112,"l":120,"n":120,"p":120}},{"type":"Feature","geometry":{"type":"Polygon","coordinates":[[[126.83957,37.59531],[126.85687,37.59531],[126.85687,37.61261],[126.83957,37.61261],[126.83957,37.59531]]]},"properties":{"row":24,"col":15,"walk_min":52.6,"nearest_station_id":"kr_167","nearest_station_name":"Hwajeong","nearest_station_name_ko":"화정","a":105,"c":102,"e":120,"g":109,"i":120,"k":120,"m":118,"o":114,"b":105,"d":102,"f":120,"h":109,"j":120,"l":120,"n":118,"p":114}},{"type":"Feature","geometry":{"type":"Polygon","coordinates":[[[126.68383,37.42226],[126.70113,37.42226],[126.70113,37.43957],[126.68383,37.43957],[126.68383,37.42226]]]},"properties":{"row":14,"col":6,"walk_min":47.1,"nearest_station_id":"kr_455","nearest_station_name":"Ganseok","nearest_station_name_ko":"간석","a":102,"c":105,"e":112,"g":117,"i":108,"k":120,"m":120,"o":99,"b":102,"d":105,"f":112,"h":117,"j":108,"l":120,"n":120,"p":99}},{"type":"Feature","geometry":{"type":"Polygon","coordinates":[[[127.22027,37.68183],[127.23757,37.68183],[127.23757,37.69914],[127.22027,37.69914],[127.22027,37.68183]]]},"properties":{"row":29,"col":37,"walk_min":49.3,"nearest_station_id":"kr_361","nearest_station_name":"Onam","nearest_station_name_ko":"오남","a":113,"c":111,"e":120,"g":111,"i":120,"k":120,"m":120,"o":120,"b":113,"d":111,"f":120,"h":111,"j":120,"l":120,"n":120,"p":120}},{"type":"Feature","geometry":{"type":"Polygon","coordinates":[[[126.94339,37.64722],[126.9607,37.64722],[126.9607,37.66453],[126.94339,37.66453],[126.94339,37.64722]]]},"properties":{"row":27,"col":21,"walk_min":47.4,"nearest_station_id":"kr_104","nearest_station_name":"Jichuk","nearest_station_name_ko":"지축","a":81,"c":79,"e":98,"g":85,"i":101,"k":105,"m":94,"o":90,"b":81,"d":79,"f":98,"h":85,"j":101,"l":105,"n":94,"p":90}},{"type":"Feature","geometry":{"type":"Polygon","coordinates":[[[127.20296,37.66453],[127.22027,37.66453],[127.22027,37.68183],[127.20296,37.68183],[127.20296,37.66453]]]},"properties":{"row":28,"col":36,"walk_min":52.3,"nearest_station_id":"kr_361","nearest_station_name":"Onam","nearest_station_name_ko":"오남","a":116,"c":114,"e":120,"g":114,"i":120,"k":120,"m":120,"o":120,"b":116,"d":114,"f":120,"h":114,"j":120,"l":120,"n":120,"p":120}},{"type":"Feature","geometry":{"type":"Polygon","coordinates":[[[126.89148,37.37035],[126.90879,37.37035],[126.90879,37.38765],[126.89148,37.38765],[126.89148,37.37035]]]},"properties":{"row":11,"col":18,"walk_min":47.0,"nearest_station_id":"kr_459","nearest_station_name":"Myeonghak","nearest_station_name_ko":"명학","a":90,"c":93,"e":93,"g":105,"i":82,"k":108,"m":114,"o":91,"b":90,"d":93,"f":93,"h":105,"j":82,"l":108,"n":114,"p":91}},{"type":"Feature","geometry":{"type":"Polygon","coordinates":[[[127.02992,37.26652],[127.04722,37.26652],[127.04722,37.28383],[127.02992,37.28383],[127.02992,37.26652]]]},"properties":{"row":5,"col":26,"walk_min":44.5,"nearest_station_id":"kr_357","nearest_station_name":"Gwanggyo Jungang","nearest_station_name_ko":"광교중앙","a":120,"c":120,"e":100,"g":120,"i":110,"k":116,"m":120,"o":120,"b":120,"d":120,"f":100,"h":120,"j":110,"l":116,"n":120,"p":120}},{"type":"Feature","geometry":{"type":"Polygon","coordinates":[[[126.99531,37.38765],[127.01261,37.38765],[127.01261,37.40496],[126.99531,37.40496],[126.99531,37.38765]]]},"properties":{"row":12,"col":24,"walk_min":50.2,"nearest_station_id":"kr_325","nearest_station_name":"Indeogwon","nearest_station_name_ko":"인덕원","a":92,"c":95,"e":83,"g":105,"i":72,"k":98,"m":109,"o":100,"b":92,"d":95,"f":83,"h":105,"j":72,"l":98,"n":109,"p":100}},{"type":"Feature","geometry":{"type":"Polygon","coordinates":[[[126.80496,37.43957],[126.82226,37.43957],[126.82226,37.45687],[126.80496,37.45687],[126.80496,37.43957]]]},"properties":{"row":15,"col":13,"walk_min":53.0,"nearest_station_id":"kr_024","nearest_station_name":"Yeokgok","nearest_station_name_ko":"역곡","a":85,"c":87,"e":94,"g":99,"i":90,"k":107,"m":108,"o":81,"b":85,"d":87,"f":94,"h":99,"j":90,"l":107,"n":108,"p":81}},{"type":"Feature","geometry":{"type":"Polygon","coordinates":[[[127.15105,37.71644],[127.16835,37.71644],[127.16835,37.73374],[127.15105,37.73374],[127.15105,37.71644]]]},"properties":{"row":31,"col":33,"walk_min":61.3,"nearest_station_id":"kr_361","nearest_station_name":"Onam","nearest_station_name_ko":"오남","a":120,"c":120,"e":120,"g":120,"i":120,"k":120,"m":120,"o":120,"b":120,"d":120,"f":120,"h":120,"j":120,"l":120,"n":120,"p":120}},{"type":"Feature","geometry":{"type":"Polygon","coordinates":[[[127.15105,37.68183],[127.16835,37.68183],[127.16835,37.69914],[127.15105,37.69914],[127.15105,37.68183]]]},"properties":{"row":29,"col":33,"walk_min":50.3,"nearest_station_id":"kr_361","nearest_station_name":"Onam","nearest_station_name_ko":"오남","a":114,"c":112,"e":120,"g":112,"i":120,"k":120,"m":120,"o":120,"b":114,"d":112,"f":120,"h":112,"j":120,"l":120,"n":120,"p":120}},{"type":"Feature","geometry":{"type":"Polygon","coordinates":[[[126.978,37.62992],[126.99531,37.62992],[126.99531,37.64722],[126.978,37.64722],[126.978,37.62992]]]},"properties":{"row":26,"col":23,"walk_min":48.3,"nearest_station_id":"kr_116","nearest_station_name":"Suyu (Gangbuk-gu Office)","nearest_station_name_ko":"수유(강북구청)","a":77,"c":75,"e":89,"g":75,"i":97,"k":96,"m":84,"o":86,"b":77,"d":75,"f":89,"h":75,"j":97,"l":96,"n":84,"p":86}},{"type":"Feature","geometry":{"type":"Polygon","coordinates":[[[126.83957,37.42226],[126.85687,37.42226],[126.85687,37.43957],[126.83957,37.43957],[126.83957,37.42226]]]},"properties":{"row":14,"col":15,"walk_min":51.4,"nearest_station_id":"kr_442","nearest_station_name":"Gwangmyeong","nearest_station_name_ko":"광명","a":86,"c":89,"e":96,"g":100,"i":92,"k":109,"m":110,"o":87,"b":75,"d":78,"f":96,"h":90,"j":92,"l":109,"n":99,"p":87}},{"type":"Feature","geometry":{"type":"Polygon","coordinates":[[[127.22027,37.73374],[127.23757,37.73374],[127.23757,37.75105],[127.22027,37.75105],[127.22027,37.73374]]]},"properties":{"row":32,"col":37,"walk_min":46.0,"nearest_station_id":"kr_470","nearest_station_name":"Jinjeop","nearest_station_name_ko":"진접","a":114,"c":112,"e":120,"g":112,"i":120,"k":120,"m":120,"o":120,"b":114,"d":112,"f":120,"h":112,"j":120,"l":120,"n":120,"p":120}},{"type":"Feature","geometry":{"type":"Polygon","coordinates":[[[127.01261,37.82027],[127.02992,37.82027],[127.02992,37.83757],[127.01261,37.83757],[127.01261,37.82027]]]},"properties":{"row":37,"col":25,"walk_min":84.1,"nearest_station_id":"kr_447","nearest_station_name":"Deokgye","nearest_station_name_ko":"덕계","a":120,"c":120,"e":120,"g":120,"i":120,"k":120,"m":120,"o":120,"b":120,"d":120,"f":120,"h":120,"j":120,"l":120,"n":120,"p":120}},{"type":"Feature","geometry":{"type":"Polygon","coordinates":[[[126.9607,37.61261],[126.978,37.61261],[126.978,37.62992],[126.9607,37.62992],[126.9607,37.61261]]]},"properties":{"row":25,"col":22,"walk_min":52.8,"nearest_station_id":"kr_409","nearest_station_name":"독바위","nearest_station_name_ko":"독바위","a":80,"c":77,"e":97,"g":83,"i":100,"k":104,"m":93,"o":88,"b":80,"d":77,"f":97,"h":83,"j":100,"l":104,"n":93,"p":88}},{"type":"Feature","geometry":{"type":"Polygon","coordinates":[[[126.75305,37.5607],[126.77035,37.5607],[126.77035,37.578],[126.75305,37.578],[126.75305,37.5607]]]},"properties":{"row":22,"col":10,"walk_min":54.7,"nearest_station_id":"kr_429","nearest_station_name":"Gaehwa","nearest_station_name_ko":"개화","a":99,"c":97,"e":105,"g":111,"i":101,"k":118,"m":120,"o":86,"b":99,"d":97,"f":105,"h":111,"j":101,"l":118,"n":120,"p":86}},{"type":"Feature","geometry":{"type":"Polygon","coordinates":[[[127.08183,37.18],[127.09914,37.18],[127.09914,37.1973],[127.08183,37.1973],[127.08183,37.18]]]},"properties":{"row":0,"col":29,"walk_min":48.5,"nearest_station_id":"kr_416","nearest_station_name":"Osan College","nearest_station_name_ko":"오산대","a":120,"c":120,"e":120,"g":120,"i":120,"k":120,"m":120,"o":120,"b":120,"d":120,"f":120,"h":120,"j":120,"l":120,"n":120,"p":120}},{"type":"Feature","geometry":{"type":"Polygon","coordinates":[[[126.77035,37.43957],[126.78765,37.43957],[126.78765,37.45687],[126.77035,37.45687],[126.77035,37.43957]]]},"properties":{"row":15,"col":11,"walk_min":53.7,"nearest_station_id":"kr_060","nearest_station_name":"Bucheon","nearest_station_name_ko":"부천","a":91,"c":93,"e":100,"g":105,"i":96,"k":114,"m":115,"o":88,"b":91,"d":93,"f":100,"h":105,"j":96,"l":114,"n":115,"p":88}},{"type":"Feature","geometry":{"type":"Polygon","coordinates":[[[126.71844,37.69914],[126.73574,37.69914],[126.73574,37.71644],[126.71844,37.71644],[126.71844,37.69914]]]},"properties":{"row":30,"col":8,"walk_min":51.8,"nearest_station_id":"kr_424","nearest_station_name":"Daehwa","nearest_station_name_ko":"대화","a":120,"c":120,"e":120,"g":120,"i":120,"k":120,"m":120,"o":120,"b":120,"d":120,"f":120,"h":120,"j":120,"l":120,"n":120,"p":120}},{"type":"Feature","geometry":{"type":"Polygon","coordinates":[[[127.02992,37.31844],[127.04722,37.31844],[127.04722,37.33574],[127.02992,37.33574],[127.02992,37.31844]]]},"properties":{"row":8,"col":26,"walk_min":51.8,"nearest_station_id":"kr_444","nearest_station_name":"Gwanggyo","nearest_station_name_ko":"광교","a":120,"c":120,"e":111,"g":120,"i":120,"k":120,"m":120,"o":120,"b":120,"d":120,"f":111,"h":120,"j":120,"l":120,"n":120,"p":120}},{"type":"Feature","geometry":{"type":"Polygon","coordinates":[[[127.04722,37.33574],[127.06453,37.33574],[127.06453,37.35305],[127.04722,37.35305],[127.04722,37.33574]]]},"properties":{"row":9,"col":27,"walk_min":50.2,"nearest_station_id":"kr_266","nearest_station_name":"Seongbok","nearest_station_name_ko":"성복","a":120,"c":120,"e":98,"g":120,"i":108,"k":113,"m":120,"o":120,"b":120,"d":120,"f":98,"h":120,"j":108,"l":113,"n":120,"p":120}},{"type":"Feature","geometry":{"type":"Polygon","coordinates":[[[127.08183,37.43957],[127.09914,37.43957],[127.09914,37.45687],[127.08183,37.45687],[127.08183,37.43957]]]},"properties":{"row":15,"col":29,"walk_min":49.5,"nearest_station_id":"kr_040","nearest_station_name":"Cheonggyesan","nearest_station_name_ko":"청계산입구","a":86,"c":88,"e":62,"g":86,"i":72,"k":78,"m":88,"o":94,"b":86,"d":88,"f":62,"h":86,"j":72,"l":78,"n":88,"p":94}},{"type":"Feature","geometry":{"type":"Polygon","coordinates":[[[127.15105,37.37035],[127.16835,37.37035],[127.16835,37.38765],[127.15105,37.38765],[127.15105,37.37035]]]},"properties":{"row":11,"col":33,"walk_min":53.4,"nearest_station_id":"kr_108","nearest_station_name":"Imae","nearest_station_name_ko":"이매","a":107,"c":109,"e":83,"g":107,"i":93,"k":98,"m":109,"o":115,"b":107,"d":109,"f":83,"h":107,"j":93,"l":98,"n":109,"p":115}},{"type":"Feature","geometry":{"type":"Polygon","coordinates":[[[126.78765,37.68183],[126.80496,37.68183],[126.80496,37.69914],[126.78765,37.69914],[126.78765,37.68183]]]},"properties":{"row":29,"col":12,"walk_min":52.7,"nearest_station_id":"kr_350","nearest_station_name":"Juyeop","nearest_station_name_ko":"주엽","a":120,"c":120,"e":120,"g":120,"i":120,"k":120,"m":120,"o":120,"b":120,"d":120,"f":120,"h":120,"j":120,"l":120,"n":120,"p":120}},{"type":"Feature","geometry":{"type":"Polygon","coordinates":[[[127.18566,37.66453],[127.20296,37.66453],[127.20296,37.68183],[127.18566,37.68183],[127.18566,37.66453]]]},"properties":{"row":28,"col":35,"walk_min":56.9,"nearest_station_id":"kr_361","nearest_station_name":"Onam","nearest_station_name_ko":"오남","a":120,"c":119,"e":120,"g":119,"i":120,"k":120,"m":120,"o":120,"b":120,"d":119,"f":120,"h":119,"j":120,"l":120,"n":120,"p":120}},{"type":"Feature","geometry":{"type":"Polygon","coordinates":[[[127.02992,37.40496],[127.04722,37.40496],[127.04722,37.42226],[127.02992,37.42226],[127.02992,37.40496]]]},"properties":{"row":13,"col":26,"walk_min":54.5,"nearest_station_id":"kr_346","nearest_station_name":"Seoul Grand park","nearest_station_name_ko":"대공원","a":86,"c":88,"e":76,"g":100,"i":66,"k":92,"m":104,"o":94,"b":86,"d":88,"f":76,"h":100,"j":66,"l":92,"n":104,"p":94}},{"type":"Feature","geometry":{"type":"Polygon","coordinates":[[[126.78765,37.35305],[126.80496,37.35305],[126.80496,37.37035],[126.78765,37.37035],[126.78765,37.35305]]]},"properties":{"row":10,"col":12,"walk_min":50.4,"nearest_station_id":"kr_427","nearest_station_name":"Singiloncheon","nearest_station_name_ko":"신길온천","a":120,"c":120,"e":120,"g":120,"i":120,"k":120,"m":120,"o":120,"b":120,"d":120,"f":120,"h":120,"j":120,"l":120,"n":120,"p":120}},{"type":"Feature","geometry":{"type":"Polygon","coordinates":[[[126.99531,37.66453],[127.01261,37.66453],[127.01261,37.68183],[126.99531,37.68183],[126.99531,37.66453]]]},"properties":{"row":28,"col":24,"walk_min":51.4,"nearest_station_id":"kr_395","nearest_station_name":"Banghak (Dobong-gu Office)","nearest_station_name_ko":"방학(도봉구청)","a":92,"c":90,"e":104,"g":90,"i":112,"k":103,"m":92,"o":101,"b":92,"d":90,"f":104,"h":90,"j":112,"l":103,"n":92,"p":101}},{"type":"Feature","geometry":{"type":"Polygon","coordinates":[[[126.978,37.61261],[126.99531,37.61261],[126.99531,37.62992],[126.978,37.62992],[126.978,37.61261]]]},"properties":{"row":25,"col":23,"walk_min":52.0,"nearest_station_id":"kr_106","nearest_station_name":"Mia","nearest_station_name_ko":"미아","a":78,"c":76,"e":90,"g":76,"i":98,"k":97,"m":86,"o":88,"b":78,"d":76,"f":90,"h":76,"j":98,"l":97,"n":86,"p":88}},{"type":"Feature","geometry":{"type":"Polygon","coordinates":[[[126.99531,37.21461],[127.01261,37.21461],[127.01261,37.23191],[126.99531,37.23191],[126.99531,37.21461]]]},"properties":{"row":2,"col":24,"walk_min":50.3,"nearest_station_id":"kr_462","nearest_station_name":"Seryu","nearest_station_name_ko":"세류","a":120,"c":120,"e":120,"g":120,"i":113,"k":120,"m":120,"o":120,"b":120,"d":120,"f":120,"h":120,"j":113,"l":120,"n":120,"p":120}},{"type":"Feature","geometry":{"type":"Polygon","coordinates":[[[126.70113,37.42226],[126.71844,37.42226],[126.71844,37.43957],[126.70113,37.43957],[126.70113,37.42226]]]},"properties":{"row":14,"col":7,"walk_min":52.8,"nearest_station_id":"kr_455","nearest_station_name":"Ganseok","nearest_station_name_ko":"간석","a":108,"c":111,"e":118,"g":120,"i":114,"k":120,"m":120,"o":105,"b":108,"d":111,"f":118,"h":120,"j":114,"l":120,"n":120,"p":105}},{"type":"Feature","geometry":{"type":"Polygon","coordinates":[[[126.70113,37.31844],[126.71844,37.31844],[126.71844,37.33574],[126.70113,37.33574],[126.70113,37.31844]]]},"properties":{"row":8,"col":7,"walk_min":51.9,"nearest_station_id":"kr_351","nearest_station_name":"Jeongwang","nearest_station_name_ko":"정왕","a":120,"c":120,"e":120,"g":120,"i":120,"k":120,"m":120,"o":120,"b":120,"d":120,"f":120,"h":120,"j":120,"l":120,"n":120,"p":120}},{"type":"Feature","geometry":{"type":"Polygon","coordinates":[[[126.99531,37.76835],[127.01261,37.76835],[127.01261,37.78566],[126.99531,37.78566],[126.99531,37.76835]]]},"properties":{"row":34,"col":24,"walk_min":52.9,"nearest_station_id":"kr_092","nearest_station_name":"Yangju","nearest_station_name_ko":"양주","a":117,"c":115,"e":120,"g":115,"i":120,"k":120,"m":117,"o":120,"b":117,"d":115,"f":120,"h":115,"j":120,"l":120,"n":117,"p":120}},{"type":"Feature","geometry":{"type":"Polygon","coordinates":[[[127.18566,37.50879],[127.20296,37.50879],[127.20296,37.52609],[127.18566,37.52609],[127.18566,37.50879]]]},"properties":{"row":19,"col":35,"walk_min":52.1,"nearest_station_id":"kr_360","nearest_station_name":"Hanam City Hall (Deokpung·Sinjang)","nearest_station_name_ko":"하남시청(덕풍·신장)","a":110,"c":109,"e":100,"g":95,"i":111,"k":95,"m":104,"o":120,"b":110,"d":109,"f":100,"h":95,"j":111,"l":95,"n":104,"p":120}},{"type":"Feature","geometry":{"type":"Polygon","coordinates":[[[126.73574,37.62992],[126.75305,37.62992],[126.75305,37.64722],[126.73574,37.64722],[126.73574,37.62992]]]},"properties":{"row":26,"col":9,"walk_min":90.2,"nearest_station_id":"kr_261","nearest_station_name":"Madu","nearest_station_name_ko":"마두","a":120,"c":120,"e":120,"g":120,"i":120,"k":120,"m":120,"o":120,"b":120,"d":120,"f":120,"h":120,"j":120,"l":120,"n":120,"p":120}},{"type":"Feature","geometry":{"type":"Polygon","coordinates":[[[127.09914,37.42226],[127.11644,37.42226],[127.11644,37.43957],[127.09914,37.43957],[127.09914,37.42226]]]},"properties":{"row":14,"col":30,"walk_min":51.2,"nearest_station_id":"kr_439","nearest_station_name":"Moran","nearest_station_name_ko":"모란","a":115,"c":117,"e":93,"g":107,"i":104,"k":88,"m":100,"o":120,"b":115,"d":117,"f":93,"h":107,"j":104,"l":88,"n":100,"p":120}},{"type":"Feature","geometry":{"type":"Polygon","coordinates":[[[127.13374,37.35305],[127.15105,37.35305],[127.15105,37.37035],[127.13374,37.37035],[127.13374,37.35305]]]},"properties":{"row":10,"col":32,"walk_min":48.7,"nearest_station_id":"kr_148","nearest_station_name":"Jeongja","nearest_station_name_ko":"정자","a":106,"c":108,"e":82,"g":106,"i":92,"k":97,"m":108,"o":114,"b":106,"d":108,"f":82,"h":106,"j":92,"l":97,"n":108,"p":114}},{"type":"Feature","geometry":{"type":"Polygon","coordinates":[[[127.06453,37.21461],[127.08183,37.21461],[127.08183,37.23191],[127.06453,37.23191],[127.06453,37.21461]]]},"properties":{"row":2,"col":28,"walk_min":53.3,"nearest_station_id":"kr_466","nearest_station_name":"Seodongtan","nearest_station_name_ko":"서동탄","a":120,"c":120,"e":120,"g":120,"i":120,"k":120,"m":120,"o":120,"b":120,"d":120,"f":120,"h":120,"j":120,"l":120,"n":120,"p":120}},{"type":"Feature","geometry":{"type":"Polygon","coordinates":[[[127.08183,37.1973],[127.09914,37.1973],[127.09914,37.21461],[127.08183,37.21461],[127.08183,37.1973]]]},"properties":{"row":1,"col":29,"walk_min":51.5,"nearest_station_id":"kr_466","nearest_station_name":"Seodongtan","nearest_station_name_ko":"서동탄","a":120,"c":120,"e":120,"g":120,"i":120,"k":120,"m":120,"o":120,"b":120,"d":120,"f":120,"h":120,"j":120,"l":120,"n":120,"p":120}},{"type":"Feature","geometry":{"type":"Polygon","coordinates":[[[127.18566,37.45687],[127.20296,37.45687],[127.20296,37.47418],[127.18566,37.47418],[127.18566,37.45687]]]},"properties":{"row":16,"col":35,"walk_min":52.8,"nearest_station_id":"kr_232","nearest_station_name":"Namhansanseong","nearest_station_name_ko":"남한산성입구","a":109,"c":111,"e":87,"g":101,"i":98,"k":82,"m":93,"o":118,"b":109,"d":111,"f":87,"h":101,"j":98,"l":82,"n":93,"p":118}},{"type":"Feature","geometry":{"type":"Polygon","coordinates":[[[126.99531,37.68183],[127.01261,37.68183],[127.01261,37.69914],[126.99531,37.69914],[126.99531,37.68183]]]},"properties":{"row":29,"col":24,"walk_min":52.4,"nearest_station_id":"kr_044","nearest_station_name":"Dobongsan","nearest_station_name_ko":"도봉산","a":97,"c":95,"e":109,"g":95,"i":117,"k":109,"m":98,"o":107,"b":97,"d":95,"f":109,"h":95,"j":117,"l":109,"n":98,"p":107}},{"type":"Feature","geometry":{"type":"Polygon","coordinates":[[[126.66652,37.52609],[126.68383,37.52609],[126.68383,37.54339],[126.66652,37.54339],[126.66652,37.52609]]]},"properties":{"row":20,"col":5,"walk_min":56.1,"nearest_station_id":"kr_258","nearest_station_name":"Sangok","nearest_station_name_ko":"산곡","a":112,"c":115,"e":120,"g":120,"i":118,"k":120,"m":120,"o":109,"b":112,"d":115,"f":120,"h":120,"j":118,"l":120,"n":120,"p":109}},{"type":"Feature","geometry":{"type":"Polygon","coordinates":[[[127.08183,37.42226],[127.09914,37.42226],[127.09914,37.43957],[127.08183,37.43957],[127.08183,37.42226]]]},"properties":{"row":14,"col":29,"walk_min":53.3,"nearest_station_id":"kr_439","nearest_station_name":"Moran","nearest_station_name_ko":"모란","a":117,"c":119,"e":95,"g":109,"i":106,"k":90,"m":102,"o":120,"b":117,"d":119,"f":95,"h":109,"j":106,"l":90,"n":102,"p":120}},{"type":"Feature","geometry":{"type":"Polygon","coordinates":[[[127.04722,37.23191],[127.06453,37.23191],[127.06453,37.24922],[127.04722,37.24922],[127.04722,37.23191]]]},"properties":{"row":3,"col":27,"walk_min":51.3,"nearest_station_id":"kr_462","nearest_station_name":"Seryu","nearest_station_name_ko":"세류","a":120,"c":120,"e":120,"g":120,"i":114,"k":120,"m":120,"o":120,"b":120,"d":120,"f":120,"h":120,"j":114,"l":120,"n":120,"p":120}},{"type":"Feature","geometry":{"type":"Polygon","coordinates":[[[127.16835,37.73374],[127.18566,37.73374],[127.18566,37.75105],[127.16835,37.75105],[127.16835,37.73374]]]},"properties":{"row":32,"col":34,"walk_min":67.3,"nearest_station_id":"kr_470","nearest_station_name":"Jinjeop","nearest_station_name_ko":"진접","a":120,"c":120,"e":120,"g":120,"i":120,"k":120,"m":120,"o":120,"b":120,"d":120,"f":120,"h":120,"j":120,"l":120,"n":120,"p":120}},{"type":"Feature","geometry":{"type":"Polygon","coordinates":[[[126.64922,37.50879],[126.66652,37.50879],[126.66652,37.52609],[126.64922,37.52609],[126.64922,37.50879]]]},"properties":{"row":19,"col":4,"walk_min":56.9,"nearest_station_id":"kr_258","nearest_station_name":"Sangok","nearest_station_name_ko":"산곡","a":113,"c":116,"e":120,"g":120,"i":119,"k":120,"m":120,"o":110,"b":113,"d":116,"f":120,"h":120,"j":119,"l":120,"n":120,"p":110}},{"type":"Feature","geometry":{"type":"Polygon","coordinates":[[[126.978,37.33574],[126.99531,37.33574],[126.99531,37.35305],[126.978,37.35305],[126.978,37.33574]]]},"properties":{"row":9,"col":23,"walk_min":56.3,"nearest_station_id":"kr_460","nearest_station_name":"Dangjeong","nearest_station_name_ko":"당정","a":108,"c":111,"e":106,"g":120,"i":95,"k":120,"m":120,"o":109,"b":108,"d":111,"f":106,"h":120,"j":95,"l":120,"n":120,"p":109}},{"type":"Feature","geometry":{"type":"Polygon","coordinates":[[[126.85687,37.33574],[126.87418,37.33574],[126.87418,37.35305],[126.85687,37.35305],[126.85687,37.33574]]]},"properties":{"row":9,"col":16,"walk_min":57.3,"nearest_station_id":"kr_168","nearest_station_name":"Jungang","nearest_station_name_ko":"중앙","a":120,"c":120,"e":120,"g":120,"i":115,"k":120,"m":120,"o":120,"b":120,"d":120,"f":120,"h":120,"j":115,"l":120,"n":120,"p":120}},{"type":"Feature","geometry":{"type":"Polygon","coordinates":[[[127.08183,37.71644],[127.09914,37.71644],[127.09914,37.73374],[127.08183,37.73374],[127.08183,37.71644]]]},"properties":{"row":31,"col":29,"walk_min":61.2,"nearest_station_id":"kr_062","nearest_station_name":"Hoeryong","nearest_station_name_ko":"회룡","a":114,"c":112,"e":120,"g":112,"i":120,"k":120,"m":114,"o":120,"b":114,"d":112,"f":120,"h":112,"j":120,"l":120,"n":114,"p":120}},{"type":"Feature","geometry":{"type":"Polygon","coordinates":[[[126.64922,37.42226],[126.66652,37.42226],[126.66652,37.43957],[126.64922,37.43957],[126.64922,37.42226]]]},"properties":{"row":14,"col":4,"walk_min":54.1,"nearest_station_id":"kr_379","nearest_station_name":"Jemulpo","nearest_station_name_ko":"제물포","a":114,"c":117,"e":120,"g":120,"i":120,"k":120,"m":120,"o":111,"b":114,"d":117,"f":120,"h":120,"j":120,"l":120,"n":120,"p":111}},{"type":"Feature","geometry":{"type":"Polygon","coordinates":[[[127.08183,37.75105],[127.09914,37.75105],[127.09914,37.76835],[127.08183,37.76835],[127.08183,37.75105]]]},"properties":{"row":33,"col":29,"walk_min":58.6,"nearest_station_id":"kr_421","nearest_station_name":"Nogyang","nearest_station_name_ko":"녹양","a":120,"c":118,"e":120,"g":118,"i":120,"k":120,"m":120,"o":120,"b":120,"d":118,"f":120,"h":118,"j":120,"l":120,"n":120,"p":120}},{"type":"Feature","geometry":{"type":"Polygon","coordinates":[[[126.73574,37.43957],[126.75305,37.43957],[126.75305,37.45687],[126.73574,37.45687],[126.73574,37.43957]]]},"properties":{"row":15,"col":9,"walk_min":53.8,"nearest_station_id":"kr_378","nearest_station_name":"Dongam","nearest_station_name_ko":"동암","a":107,"c":110,"e":117,"g":120,"i":112,"k":120,"m":120,"o":104,"b":107,"d":110,"f":117,"h":120,"j":112,"l":120,"n":120,"p":104}},{"type":"Feature","geometry":{"type":"Polygon","coordinates":[[[127.08183,37.26652],[127.09914,37.26652],[127.09914,37.28383],[127.08183,37.28383],[127.08183,37.26652]]]},"properties":{"row":5,"col":29,"walk_min":52.7,"nearest_station_id":"kr_307","nearest_station_name":"Sanghyeon","nearest_station_name_ko":"상현","a":120,"c":120,"e":105,"g":120,"i":115,"k":120,"m":120,"o":120,"b":120,"d":120,"f":105,"h":120,"j":115,"l":120,"n":120,"p":120}},{"type":"Feature","geometry":{"type":"Polygon","coordinates":[[[126.70113,37.64722],[126.71844,37.64722],[126.71844,37.66453],[126.70113,37.66453],[126.70113,37.64722]]]},"properties":{"row":27,"col":7,"walk_min":113.1,"nearest_station_id":"kr_424","nearest_station_name":"Daehwa","nearest_station_name_ko":"대화","a":120,"c":120,"e":120,"g":120,"i":120,"k":120,"m":120,"o":120,"b":120,"d":120,"f":120,"h":120,"j":120,"l":120,"n":120,"p":120}},{"type":"Feature","geometry":{"type":"Polygon","coordinates":[[[126.99531,37.73374],[127.01261,37.73374],[127.01261,37.75105],[126.99531,37.75105],[126.99531,37.73374]]]},"properties":{"row":32,"col":24,"walk_min":57.6,"nearest_station_id":"kr_448","nearest_station_name":"Ganeung","nearest_station_name_ko":"가능","a":117,"c":115,"e":120,"g":115,"i":120,"k":120,"m":117,"o":120,"b":117,"d":115,"f":120,"h":115,"j":120,"l":120,"n":117,"p":120}},{"type":"Feature","geometry":{"type":"Polygon","coordinates":[[[126.94339,37.42226],[126.9607,37.42226],[126.9607,37.43957],[126.94339,37.43957],[126.94339,37.42226]]]},"properties":{"row":14,"col":21,"walk_min":52.8,"nearest_station_id":"kr_367","nearest_station_name":"Government Complex Gwacheon","nearest_station_name_ko":"정부과천청사","a":89,"c":92,"e":80,"g":103,"i":69,"k":95,"m":106,"o":97,"b":89,"d":92,"f":80,"h":103,"j":69,"l":95,"n":106,"p":97}},{"type":"Feature","geometry":{"type":"Polygon","coordinates":[[[126.978,37.35305],[126.99531,37.35305],[126.99531,37.37035],[126.978,37.37035],[126.978,37.35305]]]},"properties":{"row":10,"col":23,"walk_min":53.1,"nearest_station_id":"kr_072","nearest_station_name":"Gunpo","nearest_station_name_ko":"군포","a":103,"c":105,"e":100,"g":117,"i":89,"k":115,"m":120,"o":103,"b":103,"d":105,"f":100,"h":117,"j":89,"l":115,"n":120,"p":103}},{"type":"Feature","geometry":{"type":"Polygon","coordinates":[[[127.06453,37.40496],[127.08183,37.40496],[127.08183,37.42226],[127.06453,37.42226],[127.06453,37.40496]]]},"properties":{"row":13,"col":28,"walk_min":62.0,"nearest_station_id":"kr_041","nearest_station_name":"Pangyo","nearest_station_name_ko":"판교","a":113,"c":115,"e":89,"g":113,"i":99,"k":104,"m":115,"o":120,"b":113,"d":115,"f":89,"h":113,"j":99,"l":104,"n":115,"p":120}},{"type":"Feature","geometry":{"type":"Polygon","coordinates":[[[127.08183,37.80296],[127.09914,37.80296],[127.09914,37.82027],[127.08183,37.82027],[127.08183,37.80296]]]},"properties":{"row":36,"col":29,"walk_min":56.9,"nearest_station_id":"kr_447","nearest_station_name":"Deokgye","nearest_station_name_ko":"덕계","a":120,"c":120,"e":120,"g":120,"i":120,"k":120,"m":120,"o":120,"b":120,"d":120,"f":120,"h":120,"j":120,"l":120,"n":120,"p":120}},{"type":"Feature","geometry":{"type":"Polygon","coordinates":[[[127.01261,37.30113],[127.02992,37.30113],[127.02992,37.31844],[127.01261,37.31844],[127.01261,37.30113]]]},"properties":{"row":7,"col":25,"walk_min":55.1,"nearest_station_id":"kr_444","nearest_station_name":"Gwanggyo","nearest_station_name_ko":"광교","a":120,"c":120,"e":114,"g":120,"i":120,"k":120,"m":120,"o":120,"b":120,"d":120,"f":114,"h":120,"j":120,"l":120,"n":120,"p":120}},{"type":"Feature","geometry":{"type":"Polygon","coordinates":[[[127.16835,37.38765],[127.18566,37.38765],[127.18566,37.40496],[127.16835,37.40496],[127.16835,37.38765]]]},"properties":{"row":12,"col":34,"walk_min":52.8,"nearest_station_id":"kr_236","nearest_station_name":"Samdong","nearest_station_name_ko":"삼동","a":120,"c":120,"e":96,"g":120,"i":106,"k":111,"m":120,"o":120,"b":120,"d":120,"f":96,"h":120,"j":106,"l":111,"n":120,"p":120}},{"type":"Feature","geometry":{"type":"Polygon","coordinates":[[[127.18566,37.47418],[127.20296,37.47418],[127.20296,37.49148],[127.18566,37.49148],[127.18566,37.47418]]]},"properties":{"row":17,"col":35,"walk_min":55.1,"nearest_station_id":"kr_440","nearest_station_name":"Macheon","nearest_station_name_ko":"마천","a":106,"c":105,"e":85,"g":92,"i":95,"k":80,"m":91,"o":115,"b":106,"d":105,"f":85,"h":92,"j":95,"l":80,"n":91,"p":115}},{"type":"Feature","geometry":{"type":"Polygon","coordinates":[[[126.99531,37.69914],[127.01261,37.69914],[127.01261,37.71644],[126.99531,37.71644],[126.99531,37.69914]]]},"properties":{"row":30,"col":24,"walk_min":59.2,"nearest_station_id":"kr_449","nearest_station_name":"Mangwolsa (Shinhan University)","nearest_station_name_ko":"망월사(신한대학교)","a":109,"c":107,"e":120,"g":107,"i":120,"k":120,"m":109,"o":118,"b":109,"d":107,"f":120,"h":107,"j":120,"l":120,"n":109,"p":118}},{"type":"Feature","geometry":{"type":"Polygon","coordinates":[[[126.63191,37.42226],[126.64922,37.42226],[126.64922,37.43957],[126.63191,37.43957],[126.63191,37.42226]]]},"properties":{"row":14,"col":3,"walk_min":58.7,"nearest_station_id":"kr_457","nearest_station_name":"Dowon","nearest_station_name_ko":"도원","a":120,"c":120,"e":120,"g":120,"i":120,"k":120,"m":120,"o":119,"b":120,"d":120,"f":120,"h":120,"j":120,"l":120,"n":120,"p":119}},{"type":"Feature","geometry":{"type":"Polygon","coordinates":[[[127.08183,37.78566],[127.09914,37.78566],[127.09914,37.80296],[127.08183,37.80296],[127.08183,37.78566]]]},"properties":{"row":35,"col":29,"walk_min":54.7,"nearest_station_id":"kr_447","nearest_station_name":"Deokgye","nearest_station_name_ko":"덕계","a":120,"c":120,"e":120,"g":120,"i":120,"k":120,"m":120,"o":120,"b":120,"d":120,"f":120,"h":120,"j":120,"l":120,"n":120,"p":120}},{"type":"Feature","geometry":{"type":"Polygon","coordinates":[[[126.87418,37.33574],[126.89148,37.33574],[126.89148,37.35305],[126.87418,37.35305],[126.87418,37.33574]]]},"properties":{"row":9,"col":17,"walk_min":61.0,"nearest_station_id":"kr_423","nearest_station_name":"Daeyami","nearest_station_name_ko":"대야미","a":119,"c":120,"e":115,"g":120,"i":105,"k":120,"m":120,"o":119,"b":119,"d":120,"f":115,"h":120,"j":105,"l":120,"n":120,"p":119}},{"type":"Feature","geometry":{"type":"Polygon","coordinates":[[[127.08183,37.76835],[127.09914,37.76835],[127.09914,37.78566],[127.08183,37.78566],[127.08183,37.76835]]]},"properties":{"row":34,"col":29,"walk_min":57.6,"nearest_station_id":"kr_092","nearest_station_name":"Yangju","nearest_station_name_ko":"양주","a":120,"c":120,"e":120,"g":120,"i":120,"k":120,"m":120,"o":120,"b":120,"d":120,"f":120,"h":120,"j":120,"l":120,"n":120,"p":120}},{"type":"Feature","geometry":{"type":"Polygon","coordinates":[[[126.75305,37.43957],[126.77035,37.43957],[126.77035,37.45687],[126.75305,37.45687],[126.75305,37.43957]]]},"properties":{"row":15,"col":10,"walk_min":56.2,"nearest_station_id":"kr_452","nearest_station_name":"Jung-dong","nearest_station_name_ko":"중동","a":96,"c":99,"e":106,"g":111,"i":102,"k":119,"m":120,"o":93,"b":96,"d":99,"f":106,"h":111,"j":102,"l":119,"n":120,"p":93}},{"type":"Feature","geometry":{"type":"Polygon","coordinates":[[[127.13374,37.33574],[127.15105,37.33574],[127.15105,37.35305],[127.13374,37.35305],[127.13374,37.33574]]]},"properties":{"row":9,"col":32,"walk_min":55.5,"nearest_station_id":"kr_172","nearest_station_name":"Migeum","nearest_station_name_ko":"미금","a":116,"c":118,"e":92,"g":116,"i":102,"k":108,"m":118,"o":120,"b":116,"d":118,"f":92,"h":116,"j":102,"l":108,"n":118,"p":120}},{"type":"Feature","geometry":{"type":"Polygon","coordinates":[[[127.08183,37.73374],[127.09914,37.73374],[127.09914,37.75105],[127.08183,37.75105],[127.08183,37.73374]]]},"properties":{"row":32,"col":29,"walk_min":57.1,"nearest_station_id":"kr_065","nearest_station_name":"Uijeongbu","nearest_station_name_ko":"의정부","a":113,"c":111,"e":120,"g":111,"i":120,"k":120,"m":113,"o":120,"b":113,"d":111,"f":120,"h":111,"j":120,"l":120,"n":113,"p":120}},{"type":"Feature","geometry":{"type":"Polygon","coordinates":[[[126.99531,37.18],[127.01261,37.18],[127.01261,37.1973],[126.99531,37.1973],[126.99531,37.18]]]},"properties":{"row":0,"col":24,"walk_min":58.9,"nearest_station_id":"kr_047","nearest_station_name":"Byeongjeom","nearest_station_name_ko":"병점","a":120,"c":120,"e":120,"g":120,"i":120,"k":120,"m":120,"o":120,"b":120,"d":120,"f":120,"h":120,"j":120,"l":120,"n":120,"p":120}},{"type":"Feature","geometry":{"type":"Polygon","coordinates":[[[126.77035,37.69914],[126.78765,37.69914],[126.78765,37.71644],[126.77035,37.71644],[126.77035,37.69914]]]},"properties":{"row":30,"col":11,"walk_min":60.0,"nearest_station_id":"kr_350","nearest_station_name":"Juyeop","nearest_station_name_ko":"주엽","a":120,"c":120,"e":120,"g":120,"i":120,"k":120,"m":120,"o":120,"b":120,"d":120,"f":120,"h":120,"j":120,"l":120,"n":120,"p":120}},{"type":"Feature","geometry":{"type":"Polygon","coordinates":[[[126.92609,37.26652],[126.94339,37.26652],[126.94339,37.28383],[126.92609,37.28383],[126.92609,37.26652]]]},"properties":{"row":5,"col":20,"walk_min":58.3,"nearest_station_id":"kr_086","nearest_station_name":"Sungkyunkwan University","nearest_station_name_ko":"성균관대","a":120,"c":120,"e":118,"g":120,"i":107,"k":120,"m":120,"o":120,"b":120,"d":120,"f":118,"h":120,"j":107,"l":120,"n":120,"p":120}},{"type":"Feature","geometry":{"type":"Polygon","coordinates":[[[126.978,37.64722],[126.99531,37.64722],[126.99531,37.66453],[126.978,37.66453],[126.978,37.64722]]]},"properties":{"row":27,"col":23,"walk_min":61.8,"nearest_station_id":"kr_116","nearest_station_name":"Suyu (Gangbuk-gu Office)","nearest_station_name_ko":"수유(강북구청)","a":91,"c":89,"e":103,"g":89,"i":111,"k":110,"m":98,"o":100,"b":91,"d":89,"f":103,"h":89,"j":111,"l":110,"n":98,"p":100}},{"type":"Feature","geometry":{"type":"Polygon","coordinates":[[[126.94339,37.24922],[126.9607,37.24922],[126.9607,37.26652],[126.94339,37.26652],[126.94339,37.24922]]]},"properties":{"row":4,"col":21,"walk_min":60.9,"nearest_station_id":"kr_043","nearest_station_name":"Suwon","nearest_station_name_ko":"수원","a":120,"c":120,"e":120,"g":120,"i":119,"k":120,"m":120,"o":120,"b":120,"d":120,"f":120,"h":120,"j":119,"l":120,"n":120,"p":120}},{"type":"Feature","geometry":{"type":"Polygon","coordinates":[[[127.20296,37.50879],[127.22027,37.50879],[127.22027,37.52609],[127.20296,37.52609],[127.20296,37.50879]]]},"properties":{"row":19,"col":36,"walk_min":56.8,"nearest_station_id":"kr_469","nearest_station_name":"Hanam Geomdansan","nearest_station_name_ko":"하남검단산","a":118,"c":117,"e":108,"g":103,"i":119,"k":103,"m":113,"o":120,"b":118,"d":117,"f":108,"h":103,"j":119,"l":103,"n":113,"p":120}},{"type":"Feature","geometry":{"type":"Polygon","coordinates":[[[126.99531,37.31844],[127.01261,37.31844],[127.01261,37.33574],[126.99531,37.33574],[126.99531,37.31844]]]},"properties":{"row":8,"col":24,"walk_min":58.2,"nearest_station_id":"kr_085","nearest_station_name":"Sungkyunkwan Univ","nearest_station_name_ko":"성균관대","a":120,"c":120,"e":118,"g":120,"i":107,"k":120,"m":120,"o":120,"b":120,"d":120,"f":118,"h":120,"j":107,"l":120,"n":120,"p":120}},{"type":"Feature","geometry":{"type":"Polygon","coordinates":[[[126.5973,37.43957],[126.61461,37.43957],[126.61461,37.45687],[126.5973,37.45687],[126.5973,37.43957]]]},"properties":{"row":15,"col":1,"walk_min":61.0,"nearest_station_id":"kr_458","nearest_station_name":"Incheon","nearest_station_name_ko":"인천","a":120,"c":120,"e":120,"g":120,"i":120,"k":120,"m":120,"o":120,"b":120,"d":120,"f":120,"h":120,"j":120,"l":120,"n":120,"p":120}},{"type":"Feature","geometry":{"type":"Polygon","coordinates":[[[126.73574,37.38765],[126.75305,37.38765],[126.75305,37.40496],[126.73574,37.40496],[126.73574,37.38765]]]},"properties":{"row":12,"col":9,"walk_min":58.7,"nearest_station_id":"kr_428","nearest_station_name":"Oido","nearest_station_name_ko":"오이도","a":120,"c":120,"e":120,"g":120,"i":120,"k":120,"m":120,"o":120,"b":120,"d":120,"f":120,"h":120,"j":120,"l":120,"n":120,"p":120}},{"type":"Feature","geometry":{"type":"Polygon","coordinates":[[[126.77035,37.37035],[126.78765,37.37035],[126.78765,37.38765],[126.77035,37.38765],[126.77035,37.37035]]]},"properties":{"row":11,"col":11,"walk_min":59.5,"nearest_station_id":"kr_428","nearest_station_name":"Oido","nearest_station_name_ko":"오이도","a":120,"c":120,"e":120,"g":120,"i":120,"k":120,"m":120,"o":120,"b":120,"d":120,"f":120,"h":120,"j":120,"l":120,"n":120,"p":120}},{"type":"Feature","geometry":{"type":"Polygon","coordinates":[[[127.09914,37.69914],[127.11644,37.69914],[127.11644,37.71644],[127.09914,37.71644],[127.09914,37.69914]]]},"properties":{"row":30,"col":30,"walk_min":58.6,"nearest_station_id":"kr_310","nearest_station_name":"Byeollaebyeolgaram","nearest_station_name_ko":"별내별가람","a":109,"c":107,"e":120,"g":107,"i":120,"k":120,"m":116,"o":118,"b":109,"d":107,"f":120,"h":107,"j":120,"l":120,"n":116,"p":118}},{"type":"Feature","geometry":{"type":"Polygon","coordinates":[[[126.99531,37.78566],[127.01261,37.78566],[127.01261,37.80296],[126.99531,37.80296],[126.99531,37.78566]]]},"properties":{"row":35,"col":24,"walk_min":55.3,"nearest_station_id":"kr_092","nearest_station_name":"Yangju","nearest_station_name_ko":"양주","a":119,"c":117,"e":120,"g":117,"i":120,"k":120,"m":119,"o":120,"b":119,"d":117,"f":120,"h":117,"j":120,"l":120,"n":119,"p":120}},{"type":"Feature","geometry":{"type":"Polygon","coordinates":[[[127.04722,37.24922],[127.06453,37.24922],[127.06453,37.26652],[127.04722,37.26652],[127.04722,37.24922]]]},"properties":{"row":4,"col":27,"walk_min":55.1,"nearest_station_id":"kr_357","nearest_station_name":"Gwanggyo Jungang","nearest_station_name_ko":"광교중앙","a":120,"c":120,"e":111,"g":120,"i":120,"k":120,"m":120,"o":120,"b":120,"d":120,"f":111,"h":120,"j":120,"l":120,"n":120,"p":120}},{"type":"Feature","geometry":{"type":"Polygon","coordinates":[[[126.83957,37.68183],[126.85687,37.68183],[126.85687,37.69914],[126.83957,37.69914],[126.83957,37.68183]]]},"properties":{"row":29,"col":15,"walk_min":69.4,"nearest_station_id":"kr_145","nearest_station_name":"Wondang","nearest_station_name_ko":"원당","a":116,"c":114,"e":120,"g":120,"i":120,"k":120,"m":120,"o":120,"b":116,"d":114,"f":120,"h":120,"j":120,"l":120,"n":120,"p":120}},{"type":"Feature","geometry":{"type":"Polygon","coordinates":[[[126.70113,37.69914],[126.71844,37.69914],[126.71844,37.71644],[126.70113,37.71644],[126.70113,37.69914]]]},"properties":{"row":30,"col":7,"walk_min":61.8,"nearest_station_id":"kr_424","nearest_station_name":"Daehwa","nearest_station_name_ko":"대화","a":120,"c":120,"e":120,"g":120,"i":120,"k":120,"m":120,"o":120,"b":120,"d":120,"f":120,"h":120,"j":120,"l":120,"n":120,"p":120}},{"type":"Feature","geometry":{"type":"Polygon","coordinates":[[[126.9607,37.62992],[126.978,37.62992],[126.978,37.64722],[126.9607,37.64722],[126.9607,37.62992]]]},"properties":{"row":26,"col":22,"walk_min":58.3,"nearest_station_id":"kr_409","nearest_station_name":"독바위","nearest_station_name_ko":"독바위","a":85,"c":82,"e":102,"g":88,"i":105,"k":109,"m":98,"o":93,"b":85,"d":82,"f":102,"h":88,"j":105,"l":109,"n":98,"p":93}},{"type":"Feature","geometry":{"type":"Polygon","coordinates":[[[126.99531,37.71644],[127.01261,37.71644],[127.01261,37.73374],[126.99531,37.73374],[126.99531,37.71644]]]},"properties":{"row":31,"col":24,"walk_min":57.6,"nearest_station_id":"kr_062","nearest_station_name":"Hoeryong","nearest_station_name_ko":"회룡","a":111,"c":109,"e":120,"g":109,"i":120,"k":120,"m":111,"o":120,"b":111,"d":109,"f":120,"h":109,"j":120,"l":120,"n":111,"p":120}},{"type":"Feature","geometry":{"type":"Polygon","coordinates":[[[126.71844,37.54339],[126.73574,37.54339],[126.73574,37.5607],[126.71844,37.5607],[126.71844,37.54339]]]},"properties":{"row":21,"col":8,"walk_min":59.4,"nearest_station_id":"kr_287","nearest_station_name":"Bupyeong-gu Office","nearest_station_name_ko":"부평구청","a":112,"c":115,"e":120,"g":120,"i":118,"k":120,"m":120,"o":109,"b":112,"d":115,"f":120,"h":120,"j":118,"l":120,"n":120,"p":109}},{"type":"Feature","geometry":{"type":"Polygon","coordinates":[[[126.61461,37.42226],[126.63191,37.42226],[126.63191,37.43957],[126.61461,37.43957],[126.61461,37.42226]]]},"properties":{"row":14,"col":2,"walk_min":61.9,"nearest_station_id":"kr_457","nearest_station_name":"Dowon","nearest_station_name_ko":"도원","a":120,"c":120,"e":120,"g":120,"i":120,"k":120,"m":120,"o":120,"b":120,"d":120,"f":120,"h":120,"j":120,"l":120,"n":120,"p":120}},{"type":"Feature","geometry":{"type":"Polygon","coordinates":[[[126.85687,37.59531],[126.87418,37.59531],[126.87418,37.61261],[126.85687,37.61261],[126.85687,37.59531]]]},"properties":{"row":24,"col":16,"walk_min":57.4,"nearest_station_id":"kr_327","nearest_station_name":"디지털미디어시티","nearest_station_name_ko":"디지털미디어시티","a":83,"c":86,"e":97,"g":96,"i":93,"k":110,"m":105,"o":93,"b":83,"d":86,"f":97,"h":96,"j":93,"l":110,"n":105,"p":93}},{"type":"Feature","geometry":{"type":"Polygon","coordinates":[[[126.73574,37.30113],[126.75305,37.30113],[126.75305,37.31844],[126.73574,37.31844],[126.73574,37.30113]]]},"properties":{"row":7,"col":9,"walk_min":69.8,"nearest_station_id":"kr_427","nearest_station_name":"Singiloncheon","nearest_station_name_ko":"신길온천","a":120,"c":120,"e":120,"g":120,"i":120,"k":120,"m":120,"o":120,"b":120,"d":120,"f":120,"h":120,"j":120,"l":120,"n":120,"p":120}},{"type":"Feature","geometry":{"type":"Polygon","coordinates":[[[126.73574,37.54339],[126.75305,37.54339],[126.75305,37.5607],[126.73574,37.5607],[126.73574,37.54339]]]},"properties":{"row":21,"col":9,"walk_min":59.5,"nearest_station_id":"kr_315","nearest_station_name":"삼산체육관","nearest_station_name_ko":"삼산체육관","a":108,"c":110,"e":118,"g":120,"i":114,"k":120,"m":120,"o":104,"b":108,"d":110,"f":118,"h":120,"j":114,"l":120,"n":120,"p":104}},{"type":"Feature","geometry":{"type":"Polygon","coordinates":[[[127.13374,37.68183],[127.15105,37.68183],[127.15105,37.69914],[127.13374,37.69914],[127.13374,37.68183]]]},"properties":{"row":29,"col":32,"walk_min":81.5,"nearest_station_id":"kr_310","nearest_station_name":"Byeollaebyeolgaram","nearest_station_name_ko":"별내별가람","a":120,"c":120,"e":120,"g":120,"i":120,"k":120,"m":120,"o":120,"b":120,"d":120,"f":120,"h":120,"j":120,"l":120,"n":120,"p":120}},{"type":"Feature","geometry":{"type":"Polygon","coordinates":[[[127.06453,37.38765],[127.08183,37.38765],[127.08183,37.40496],[127.06453,37.40496],[127.06453,37.38765]]]},"properties":{"row":12,"col":28,"walk_min":57.6,"nearest_station_id":"kr_041","nearest_station_name":"Pangyo","nearest_station_name_ko":"판교","a":109,"c":111,"e":85,"g":109,"i":95,"k":100,"m":111,"o":117,"b":109,"d":111,"f":85,"h":109,"j":95,"l":100,"n":111,"p":117}},{"type":"Feature","geometry":{"type":"Polygon","coordinates":[[[127.08183,37.21461],[127.09914,37.21461],[127.09914,37.23191],[127.08183,37.23191],[127.08183,37.21461]]]},"properties":{"row":2,"col":29,"walk_min":65.0,"nearest_station_id":"kr_466","nearest_station_name":"Seodongtan","nearest_station_name_ko":"서동탄","a":120,"c":120,"e":120,"g":120,"i":120,"k":120,"m":120,"o":120,"b":120,"d":120,"f":120,"h":120,"j":120,"l":120,"n":120,"p":120}},{"type":"Feature","geometry":{"type":"Polygon","coordinates":[[[127.16835,37.66453],[127.18566,37.66453],[127.18566,37.68183],[127.16835,37.68183],[127.16835,37.66453]]]},"properties":{"row":28,"col":34,"walk_min":63.7,"nearest_station_id":"kr_361","nearest_station_name":"Onam","nearest_station_name_ko":"오남","a":120,"c":120,"e":120,"g":120,"i":120,"k":120,"m":120,"o":120,"b":120,"d":120,"f":120,"h":120,"j":120,"l":120,"n":120,"p":120}},{"type":"Feature","geometry":{"type":"Polygon","coordinates":[[[126.70113,37.54339],[126.71844,37.54339],[126.71844,37.5607],[126.70113,37.5607],[126.70113,37.54339]]]},"properties":{"row":21,"col":7,"walk_min":61.2,"nearest_station_id":"kr_258","nearest_station_name":"Sangok","nearest_station_name_ko":"산곡","a":117,"c":120,"e":120,"g":120,"i":120,"k":120,"m":120,"o":114,"b":117,"d":120,"f":120,"h":120,"j":120,"l":120,"n":120,"p":114}},{"type":"Feature","geometry":{"type":"Polygon","coordinates":[[[126.82226,37.26652],[126.83957,37.26652],[126.83957,37.28383],[126.82226,37.28383],[126.82226,37.26652]]]},"properties":{"row":5,"col":14,"walk_min":69.8,"nearest_station_id":"kr_425","nearest_station_name":"Hanyang University at Ansan","nearest_station_name_ko":"한대앞","a":120,"c":120,"e":120,"g":120,"i":120,"k":120,"m":120,"o":120,"b":120,"d":120,"f":120,"h":120,"j":120,"l":120,"n":120,"p":120}},{"type":"Feature","geometry":{"type":"Polygon","coordinates":[[[127.18566,37.49148],[127.20296,37.49148],[127.20296,37.50879],[127.18566,37.50879],[127.18566,37.49148]]]},"properties":{"row":18,"col":35,"walk_min":62.0,"nearest_station_id":"kr_440","nearest_station_name":"Macheon","nearest_station_name_ko":"마천","a":113,"c":112,"e":92,"g":99,"i":102,"k":87,"m":98,"o":120,"b":113,"d":112,"f":92,"h":99,"j":102,"l":87,"n":98,"p":120}},{"type":"Feature","geometry":{"type":"Polygon","coordinates":[[[127.13374,37.31844],[127.15105,37.31844],[127.15105,37.33574],[127.13374,37.33574],[127.13374,37.31844]]]},"properties":{"row":8,"col":32,"walk_min":60.4,"nearest_station_id":"kr_202","nearest_station_name":"Dongcheon","nearest_station_name_ko":"동천","a":120,"c":120,"e":100,"g":120,"i":111,"k":115,"m":120,"o":120,"b":120,"d":120,"f":100,"h":120,"j":111,"l":115,"n":120,"p":120}},{"type":"Feature","geometry":{"type":"Polygon","coordinates":[[[127.23757,37.69914],[127.24622,37.69914],[127.24622,37.71644],[127.23757,37.71644],[127.23757,37.69914]]]},"properties":{"row":30,"col":38,"walk_min":55.8,"nearest_station_id":"kr_470","nearest_station_name":"Jinjeop","nearest_station_name_ko":"진접","a":120,"c":120,"e":120,"g":120,"i":120,"k":120,"m":120,"o":120,"b":120,"d":120,"f":120,"h":120,"j":120,"l":120,"n":120,"p":120}},{"type":"Feature","geometry":{"type":"Polygon","coordinates":[[[127.06453,37.24922],[127.08183,37.24922],[127.08183,37.26652],[127.06453,37.26652],[127.06453,37.24922]]]},"properties":{"row":4,"col":28,"walk_min":61.7,"nearest_station_id":"kr_357","nearest_station_name":"Gwanggyo Jungang","nearest_station_name_ko":"광교중앙","a":120,"c":120,"e":118,"g":120,"i":120,"k":120,"m":120,"o":120,"b":120,"d":120,"f":118,"h":120,"j":120,"l":120,"n":120,"p":120}},{"type":"Feature","geometry":{"type":"Polygon","coordinates":[[[126.83957,37.38765],[126.85687,37.38765],[126.85687,37.40496],[126.83957,37.40496],[126.83957,37.38765]]]},"properties":{"row":12,"col":15,"walk_min":75.1,"nearest_station_id":"kr_442","nearest_station_name":"Gwangmyeong","nearest_station_name_ko":"광명","a":110,"c":113,"e":120,"g":120,"i":116,"k":120,"m":120,"o":111,"b":99,"d":102,"f":120,"h":114,"j":116,"l":120,"n":120,"p":111}},{"type":"Feature","geometry":{"type":"Polygon","coordinates":[[[126.87418,37.68183],[126.89148,37.68183],[126.89148,37.69914],[126.87418,37.69914],[126.87418,37.68183]]]},"properties":{"row":29,"col":17,"walk_min":70.0,"nearest_station_id":"kr_115","nearest_station_name":"Samsong","nearest_station_name_ko":"삼송","a":108,"c":105,"e":120,"g":112,"i":120,"k":120,"m":120,"o":117,"b":108,"d":105,"f":120,"h":112,"j":120,"l":120,"n":120,"p":117}},{"type":"Feature","geometry":{"type":"Polygon","coordinates":[[[126.85687,37.68183],[126.87418,37.68183],[126.87418,37.69914],[126.85687,37.69914],[126.85687,37.68183]]]},"properties":{"row":29,"col":16,"walk_min":65.3,"nearest_station_id":"kr_126","nearest_station_name":"Wonheung","nearest_station_name_ko":"원흥","a":107,"c":104,"e":120,"g":111,"i":120,"k":120,"m":120,"o":116,"b":107,"d":104,"f":120,"h":111,"j":120,"l":120,"n":120,"p":116}},{"type":"Feature","geometry":{"type":"Polygon","coordinates":[[[126.68383,37.33574],[126.70113,37.33574],[126.70113,37.35305],[126.68383,37.35305],[126.68383,37.33574]]]},"properties":{"row":9,"col":6,"walk_min":64.0,"nearest_station_id":"kr_428","nearest_station_name":"Oido","nearest_station_name_ko":"오이도","a":120,"c":120,"e":120,"g":120,"i":120,"k":120,"m":120,"o":120,"b":120,"d":120,"f":120,"h":120,"j":120,"l":120,"n":120,"p":120}},{"type":"Feature","geometry":{"type":"Polygon","coordinates":[[[127.18566,37.61261],[127.20296,37.61261],[127.20296,37.62992],[127.18566,37.62992],[127.18566,37.61261]]]},"properties":{"row":25,"col":35,"walk_min":62.3,"nearest_station_id":"kr_352","nearest_station_name":"Dasan","nearest_station_name_ko":"다산","a":118,"c":117,"e":110,"g":103,"i":120,"k":105,"m":112,"o":120,"b":118,"d":117,"f":110,"h":103,"j":120,"l":105,"n":112,"p":120}},{"type":"Feature","geometry":{"type":"Polygon","coordinates":[[[126.90879,37.68183],[126.92609,37.68183],[126.92609,37.69914],[126.90879,37.69914],[126.90879,37.68183]]]},"properties":{"row":29,"col":19,"walk_min":72.3,"nearest_station_id":"kr_115","nearest_station_name":"Samsong","nearest_station_name_ko":"삼송","a":110,"c":107,"e":120,"g":114,"i":120,"k":120,"m":120,"o":119,"b":110,"d":107,"f":120,"h":114,"j":120,"l":120,"n":120,"p":119}},{"type":"Feature","geometry":{"type":"Polygon","coordinates":[[[127.15105,37.66453],[127.16835,37.66453],[127.16835,37.68183],[127.15105,37.68183],[127.15105,37.66453]]]},"properties":{"row":28,"col":33,"walk_min":61.5,"nearest_station_id":"kr_310","nearest_station_name":"Byeollaebyeolgaram","nearest_station_name_ko":"별내별가람","a":112,"c":110,"e":120,"g":110,"i":120,"k":120,"m":118,"o":120,"b":112,"d":110,"f":120,"h":110,"j":120,"l":120,"n":118,"p":120}},{"type":"Feature","geometry":{"type":"Polygon","coordinates":[[[127.18566,37.37035],[127.20296,37.37035],[127.20296,37.38765],[127.18566,37.38765],[127.18566,37.37035]]]},"properties":{"row":11,"col":35,"walk_min":68.8,"nearest_station_id":"kr_237","nearest_station_name":"삼동","nearest_station_name_ko":"삼동","a":120,"c":120,"e":112,"g":120,"i":120,"k":120,"m":120,"o":120,"b":120,"d":120,"f":112,"h":120,"j":120,"l":120,"n":120,"p":120}},{"type":"Feature","geometry":{"type":"Polygon","coordinates":[[[127.01261,37.37035],[127.02992,37.37035],[127.02992,37.38765],[127.01261,37.38765],[127.01261,37.37035]]]},"properties":{"row":11,"col":25,"walk_min":65.1,"nearest_station_id":"kr_325","nearest_station_name":"Indeogwon","nearest_station_name_ko":"인덕원","a":107,"c":110,"e":98,"g":120,"i":87,"k":113,"m":120,"o":115,"b":107,"d":110,"f":98,"h":120,"j":87,"l":113,"n":120,"p":115}},{"type":"Feature","geometry":{"type":"Polygon","coordinates":[[[126.63191,37.50879],[126.64922,37.50879],[126.64922,37.52609],[126.63191,37.52609],[126.63191,37.50879]]]},"properties":{"row":19,"col":3,"walk_min":69.3,"nearest_station_id":"kr_330","nearest_station_name":"Dongincheon","nearest_station_name_ko":"동인천","a":120,"c":120,"e":120,"g":120,"i":120,"k":120,"m":120,"o":120,"b":120,"d":120,"f":120,"h":120,"j":120,"l":120,"n":120,"p":120}},{"type":"Feature","geometry":{"type":"Polygon","coordinates":[[[126.75305,37.29248],[126.77035,37.29248],[126.77035,37.30113],[126.75305,37.30113],[126.75305,37.29248]]]},"properties":{"row":6,"col":10,"walk_min":63.8,"nearest_station_id":"kr_263","nearest_station_name":"Ansan","nearest_station_name_ko":"안산","a":120,"c":120,"e":120,"g":120,"i":120,"k":120,"m":120,"o":120,"b":120,"d":120,"f":120,"h":120,"j":120,"l":120,"n":120,"p":120}},{"type":"Feature","geometry":{"type":"Polygon","coordinates":[[[126.78765,37.37035],[126.80496,37.37035],[126.80496,37.38765],[126.78765,37.38765],[126.78765,37.37035]]]},"properties":{"row":11,"col":12,"walk_min":69.8,"nearest_station_id":"kr_427","nearest_station_name":"Singiloncheon","nearest_station_name_ko":"신길온천","a":120,"c":120,"e":120,"g":120,"i":120,"k":120,"m":120,"o":120,"b":120,"d":120,"f":120,"h":120,"j":120,"l":120,"n":120,"p":120}},{"type":"Feature","geometry":{"type":"Polygon","coordinates":[[[126.99531,37.1973],[127.01261,37.1973],[127.01261,37.21461],[126.99531,37.21461],[126.99531,37.1973]]]},"properties":{"row":1,"col":24,"walk_min":63.8,"nearest_station_id":"kr_047","nearest_station_name":"Byeongjeom","nearest_station_name_ko":"병점","a":120,"c":120,"e":120,"g":120,"i":120,"k":120,"m":120,"o":120,"b":120,"d":120,"f":120,"h":120,"j":120,"l":120,"n":120,"p":120}},{"type":"Feature","geometry":{"type":"Polygon","coordinates":[[[127.20296,37.75105],[127.22027,37.75105],[127.22027,37.76835],[127.20296,37.76835],[127.20296,37.75105]]]},"properties":{"row":33,"col":36,"walk_min":62.4,"nearest_station_id":"kr_470","nearest_station_name":"Jinjeop","nearest_station_name_ko":"진접","a":120,"c":120,"e":120,"g":120,"i":120,"k":120,"m":120,"o":120,"b":120,"d":120,"f":120,"h":120,"j":120,"l":120,"n":120,"p":120}},{"type":"Feature","geometry":{"type":"Polygon","coordinates":[[[127.16835,37.64722],[127.18566,37.64722],[127.18566,37.66453],[127.16835,37.66453],[127.16835,37.64722]]]},"properties":{"row":27,"col":34,"walk_min":64.7,"nearest_station_id":"kr_352","nearest_station_name":"Dasan","nearest_station_name_ko":"다산","a":120,"c":120,"e":113,"g":106,"i":120,"k":108,"m":115,"o":120,"b":120,"d":120,"f":113,"h":106,"j":120,"l":108,"n":115,"p":120}},{"type":"Feature","geometry":{"type":"Polygon","coordinates":[[[126.94339,37.66453],[126.9607,37.66453],[126.9607,37.68183],[126.94339,37.68183],[126.94339,37.66453]]]},"properties":{"row":28,"col":21,"walk_min":61.4,"nearest_station_id":"kr_104","nearest_station_name":"Jichuk","nearest_station_name_ko":"지축","a":95,"c":93,"e":112,"g":99,"i":115,"k":119,"m":108,"o":104,"b":95,"d":93,"f":112,"h":99,"j":115,"l":119,"n":108,"p":104}},{"type":"Feature","geometry":{"type":"Polygon","coordinates":[[[126.82226,37.40496],[126.83957,37.40496],[126.83957,37.42226],[126.82226,37.42226],[126.82226,37.40496]]]},"properties":{"row":13,"col":14,"walk_min":73.2,"nearest_station_id":"kr_442","nearest_station_name":"Gwangmyeong","nearest_station_name_ko":"광명","a":108,"c":111,"e":118,"g":120,"i":114,"k":120,"m":120,"o":109,"b":97,"d":100,"f":118,"h":112,"j":114,"l":120,"n":120,"p":109}},{"type":"Feature","geometry":{"type":"Polygon","coordinates":[[[127.20296,37.37035],[127.22027,37.37035],[127.22027,37.38765],[127.20296,37.38765],[127.20296,37.37035]]]},"properties":{"row":11,"col":36,"walk_min":66.1,"nearest_station_id":"kr_237","nearest_station_name":"삼동","nearest_station_name_ko":"삼동","a":120,"c":120,"e":109,"g":120,"i":119,"k":120,"m":120,"o":120,"b":120,"d":120,"f":109,"h":120,"j":119,"l":120,"n":120,"p":120}},{"type":"Feature","geometry":{"type":"Polygon","coordinates":[[[126.71844,37.38765],[126.73574,37.38765],[126.73574,37.40496],[126.71844,37.40496],[126.71844,37.38765]]]},"properties":{"row":12,"col":8,"walk_min":97.0,"nearest_station_id":"kr_428","nearest_station_name":"Oido","nearest_station_name_ko":"오이도","a":120,"c":120,"e":120,"g":120,"i":120,"k":120,"m":120,"o":120,"b":120,"d":120,"f":120,"h":120,"j":120,"l":120,"n":120,"p":120}},{"type":"Feature","geometry":{"type":"Polygon","coordinates":[[[127.18566,37.59531],[127.20296,37.59531],[127.20296,37.61261],[127.18566,37.61261],[127.18566,37.59531]]]},"properties":{"row":24,"col":35,"walk_min":64.6,"nearest_station_id":"kr_352","nearest_station_name":"Dasan","nearest_station_name_ko":"다산","a":120,"c":120,"e":113,"g":106,"i":120,"k":108,"m":115,"o":120,"b":120,"d":120,"f":113,"h":106,"j":120,"l":108,"n":115,"p":120}},{"type":"Feature","geometry":{"type":"Polygon","coordinates":[[[127.13374,37.69914],[127.15105,37.69914],[127.15105,37.71644],[127.13374,37.71644],[127.13374,37.69914]]]},"properties":{"row":30,"col":32,"walk_min":78.2,"nearest_station_id":"kr_361","nearest_station_name":"Onam","nearest_station_name_ko":"오남","a":120,"c":120,"e":120,"g":120,"i":120,"k":120,"m":120,"o":120,"b":120,"d":120,"f":120,"h":120,"j":120,"l":120,"n":120,"p":120}},{"type":"Feature","geometry":{"type":"Polygon","coordinates":[[[127.04722,37.35305],[127.06453,37.35305],[127.06453,37.37035],[127.04722,37.37035],[127.04722,37.35305]]]},"properties":{"row":10,"col":27,"walk_min":64.6,"nearest_station_id":"kr_148","nearest_station_name":"Jeongja","nearest_station_name_ko":"정자","a":120,"c":120,"e":98,"g":120,"i":108,"k":113,"m":120,"o":120,"b":120,"d":120,"f":98,"h":120,"j":108,"l":113,"n":120,"p":120}},{"type":"Feature","geometry":{"type":"Polygon","coordinates":[[[126.69248,37.35305],[126.70113,37.35305],[126.70113,37.3617],[126.69248,37.3617],[126.69248,37.35305]]]},"properties":{"row":10,"col":6,"walk_min":57.3,"nearest_station_id":"kr_428","nearest_station_name":"Oido","nearest_station_name_ko":"오이도","a":120,"c":120,"e":120,"g":120,"i":120,"k":120,"m":120,"o":120,"b":120,"d":120,"f":120,"h":120,"j":120,"l":120,"n":120,"p":120}},{"type":"Feature","geometry":{"type":"Polygon","coordinates":[[[127.09914,37.43957],[127.11644,37.43957],[127.11644,37.45687],[127.09914,37.45687],[127.09914,37.43957]]]},"properties":{"row":15,"col":30,"walk_min":76.1,"nearest_station_id":"kr_439","nearest_station_name":"Moran","nearest_station_name_ko":"모란","a":120,"c":120,"e":118,"g":120,"i":120,"k":113,"m":120,"o":120,"b":120,"d":120,"f":118,"h":120,"j":120,"l":113,"n":120,"p":120}},{"type":"Feature","geometry":{"type":"Polygon","coordinates":[[[126.82226,37.35305],[126.83957,37.35305],[126.83957,37.37035],[126.82226,37.37035],[126.82226,37.35305]]]},"properties":{"row":10,"col":14,"walk_min":70.3,"nearest_station_id":"kr_426","nearest_station_name":"Gojan","nearest_station_name_ko":"고잔","a":120,"c":120,"e":120,"g":120,"i":120,"k":120,"m":120,"o":120,"b":120,"d":120,"f":120,"h":120,"j":120,"l":120,"n":120,"p":120}},{"type":"Feature","geometry":{"type":"Polygon","coordinates":[[[126.71844,37.42226],[126.73574,37.42226],[126.73574,37.43957],[126.71844,37.43957],[126.71844,37.42226]]]},"properties":{"row":14,"col":8,"walk_min":68.1,"nearest_station_id":"kr_455","nearest_station_name":"Ganseok","nearest_station_name_ko":"간석","a":120,"c":120,"e":120,"g":120,"i":120,"k":120,"m":120,"o":120,"b":120,"d":120,"f":120,"h":120,"j":120,"l":120,"n":120,"p":120}},{"type":"Feature","geometry":{"type":"Polygon","coordinates":[[[126.68383,37.68183],[126.70113,37.68183],[126.70113,37.69914],[126.68383,37.69914],[126.68383,37.68183]]]},"properties":{"row":29,"col":6,"walk_min":67.0,"nearest_station_id":"kr_424","nearest_station_name":"Daehwa","nearest_station_name_ko":"대화","a":120,"c":120,"e":120,"g":120,"i":120,"k":120,"m":120,"o":120,"b":120,"d":120,"f":120,"h":120,"j":120,"l":120,"n":120,"p":120}},{"type":"Feature","geometry":{"type":"Polygon","coordinates":[[[126.5973,37.42226],[126.61461,37.42226],[126.61461,37.43957],[126.5973,37.43957],[126.5973,37.42226]]]},"properties":{"row":14,"col":1,"walk_min":75.0,"nearest_station_id":"kr_458","nearest_station_name":"Incheon","nearest_station_name_ko":"인천","a":120,"c":120,"e":120,"g":120,"i":120,"k":120,"m":120,"o":120,"b":120,"d":120,"f":120,"h":120,"j":120,"l":120,"n":120,"p":120}},{"type":"Feature","geometry":{"type":"Polygon","coordinates":[[[126.82226,37.68183],[126.83957,37.68183],[126.83957,37.69914],[126.82226,37.69914],[126.82226,37.68183]]]},"properties":{"row":29,"col":14,"walk_min":67.3,"nearest_station_id":"kr_145","nearest_station_name":"Wondang","nearest_station_name_ko":"원당","a":114,"c":112,"e":120,"g":118,"i":120,"k":120,"m":120,"o":120,"b":114,"d":112,"f":120,"h":118,"j":120,"l":120,"n":120,"p":120}},{"type":"Feature","geometry":{"type":"Polygon","coordinates":[[[126.80496,37.35305],[126.82226,37.35305],[126.82226,37.37035],[126.80496,37.37035],[126.80496,37.35305]]]},"properties":{"row":10,"col":13,"walk_min":64.9,"nearest_station_id":"kr_263","nearest_station_name":"Ansan","nearest_station_name_ko":"안산","a":120,"c":120,"e":120,"g":120,"i":120,"k":120,"m":120,"o":120,"b":120,"d":120,"f":120,"h":120,"j":120,"l":120,"n":120,"p":120}},{"type":"Feature","geometry":{"type":"Polygon","coordinates":[[[126.87418,37.37035],[126.89148,37.37035],[126.89148,37.38765],[126.87418,37.38765],[126.87418,37.37035]]]},"properties":{"row":11,"col":17,"walk_min":65.7,"nearest_station_id":"kr_442","nearest_station_name":"Gwangmyeong","nearest_station_name_ko":"광명","a":101,"c":104,"e":111,"g":115,"i":107,"k":120,"m":120,"o":102,"b":90,"d":93,"f":111,"h":105,"j":107,"l":120,"n":114,"p":102}},{"type":"Feature","geometry":{"type":"Polygon","coordinates":[[[127.18566,37.75105],[127.20296,37.75105],[127.20296,37.76835],[127.18566,37.76835],[127.18566,37.75105]]]},"properties":{"row":33,"col":35,"walk_min":67.9,"nearest_station_id":"kr_470","nearest_station_name":"Jinjeop","nearest_station_name_ko":"진접","a":120,"c":120,"e":120,"g":120,"i":120,"k":120,"m":120,"o":120,"b":120,"d":120,"f":120,"h":120,"j":120,"l":120,"n":120,"p":120}},{"type":"Feature","geometry":{"type":"Polygon","coordinates":[[[127.18566,37.62992],[127.20296,37.62992],[127.20296,37.64722],[127.18566,37.64722],[127.18566,37.62992]]]},"properties":{"row":26,"col":35,"walk_min":70.4,"nearest_station_id":"kr_352","nearest_station_name":"Dasan","nearest_station_name_ko":"다산","a":120,"c":120,"e":118,"g":111,"i":120,"k":113,"m":120,"o":120,"b":120,"d":120,"f":118,"h":111,"j":120,"l":113,"n":120,"p":120}},{"type":"Feature","geometry":{"type":"Polygon","coordinates":[[[126.80496,37.68183],[126.82226,37.68183],[126.82226,37.69914],[126.80496,37.69914],[126.80496,37.68183]]]},"properties":{"row":29,"col":13,"walk_min":67.7,"nearest_station_id":"kr_145","nearest_station_name":"Wondang","nearest_station_name_ko":"원당","a":115,"c":113,"e":120,"g":119,"i":120,"k":120,"m":120,"o":120,"b":115,"d":113,"f":120,"h":119,"j":120,"l":120,"n":120,"p":120}},{"type":"Feature","geometry":{"type":"Polygon","coordinates":[[[127.11644,37.28383],[127.13374,37.28383],[127.13374,37.30113],[127.11644,37.30113],[127.11644,37.28383]]]},"properties":{"row":6,"col":31,"walk_min":65.4,"nearest_station_id":"kr_233","nearest_station_name":"Suji-gu Office","nearest_station_name_ko":"수지구청","a":120,"c":120,"e":109,"g":120,"i":119,"k":120,"m":120,"o":120,"b":120,"d":120,"f":109,"h":120,"j":119,"l":120,"n":120,"p":120}},{"type":"Feature","geometry":{"type":"Polygon","coordinates":[[[126.75305,37.38765],[126.77035,37.38765],[126.77035,37.40496],[126.75305,37.40496],[126.75305,37.38765]]]},"properties":{"row":12,"col":10,"walk_min":96.2,"nearest_station_id":"kr_428","nearest_station_name":"Oido","nearest_station_name_ko":"오이도","a":120,"c":120,"e":120,"g":120,"i":120,"k":120,"m":120,"o":120,"b":120,"d":120,"f":120,"h":120,"j":120,"l":120,"n":120,"p":120}},{"type":"Feature","geometry":{"type":"Polygon","coordinates":[[[126.99531,37.35305],[127.01261,37.35305],[127.01261,37.37035],[126.99531,37.37035],[126.99531,37.35305]]]},"properties":{"row":10,"col":24,"walk_min":68.5,"nearest_station_id":"kr_072","nearest_station_name":"Gunpo","nearest_station_name_ko":"군포","a":118,"c":120,"e":116,"g":120,"i":104,"k":120,"m":120,"o":118,"b":118,"d":120,"f":116,"h":120,"j":104,"l":120,"n":120,"p":118}},{"type":"Feature","geometry":{"type":"Polygon","coordinates":[[[126.82226,37.42226],[126.83957,37.42226],[126.83957,37.43957],[126.82226,37.43957],[126.82226,37.42226]]]},"properties":{"row":14,"col":14,"walk_min":69.9,"nearest_station_id":"kr_442","nearest_station_name":"Gwangmyeong","nearest_station_name_ko":"광명","a":105,"c":108,"e":115,"g":119,"i":111,"k":120,"m":120,"o":106,"b":94,"d":97,"f":115,"h":109,"j":111,"l":120,"n":118,"p":106}},{"type":"Feature","geometry":{"type":"Polygon","coordinates":[[[126.68383,37.66453],[126.70113,37.66453],[126.70113,37.68183],[126.68383,37.68183],[126.68383,37.66453]]]},"properties":{"row":28,"col":6,"walk_min":71.3,"nearest_station_id":"kr_424","nearest_station_name":"Daehwa","nearest_station_name_ko":"대화","a":120,"c":120,"e":120,"g":120,"i":120,"k":120,"m":120,"o":120,"b":120,"d":120,"f":120,"h":120,"j":120,"l":120,"n":120,"p":120}},{"type":"Feature","geometry":{"type":"Polygon","coordinates":[[[126.64922,37.52609],[126.66652,37.52609],[126.66652,37.54339],[126.64922,37.54339],[126.64922,37.52609]]]},"properties":{"row":20,"col":4,"walk_min":72.1,"nearest_station_id":"kr_258","nearest_station_name":"Sangok","nearest_station_name_ko":"산곡","a":120,"c":120,"e":120,"g":120,"i":120,"k":120,"m":120,"o":120,"b":120,"d":120,"f":120,"h":120,"j":120,"l":120,"n":120,"p":120}},{"type":"Feature","geometry":{"type":"Polygon","coordinates":[[[127.06453,37.37035],[127.08183,37.37035],[127.08183,37.38765],[127.06453,37.38765],[127.06453,37.37035]]]},"properties":{"row":11,"col":28,"walk_min":65.6,"nearest_station_id":"kr_148","nearest_station_name":"Jeongja","nearest_station_name_ko":"정자","a":120,"c":120,"e":99,"g":120,"i":109,"k":114,"m":120,"o":120,"b":120,"d":120,"f":99,"h":120,"j":109,"l":114,"n":120,"p":120}},{"type":"Feature","geometry":{"type":"Polygon","coordinates":[[[127.04722,37.40496],[127.06453,37.40496],[127.06453,37.42226],[127.04722,37.42226],[127.04722,37.40496]]]},"properties":{"row":13,"col":27,"walk_min":66.0,"nearest_station_id":"kr_040","nearest_station_name":"Cheonggyesan","nearest_station_name_ko":"청계산입구","a":102,"c":104,"e":78,"g":103,"i":89,"k":94,"m":105,"o":111,"b":102,"d":104,"f":78,"h":103,"j":89,"l":94,"n":105,"p":111}},{"type":"Feature","geometry":{"type":"Polygon","coordinates":[[[127.02992,37.33574],[127.04722,37.33574],[127.04722,37.35305],[127.02992,37.35305],[127.02992,37.33574]]]},"properties":{"row":9,"col":26,"walk_min":69.7,"nearest_station_id":"kr_444","nearest_station_name":"Gwanggyo","nearest_station_name_ko":"광교","a":120,"c":120,"e":120,"g":120,"i":120,"k":120,"m":120,"o":120,"b":120,"d":120,"f":120,"h":120,"j":120,"l":120,"n":120,"p":120}},{"type":"Feature","geometry":{"type":"Polygon","coordinates":[[[127.09914,37.18],[127.11644,37.18],[127.11644,37.1973],[127.09914,37.1973],[127.09914,37.18]]]},"properties":{"row":0,"col":30,"walk_min":68.4,"nearest_station_id":"kr_416","nearest_station_name":"Osan College","nearest_station_name_ko":"오산대","a":120,"c":120,"e":120,"g":120,"i":120,"k":120,"m":120,"o":120,"b":120,"d":120,"f":120,"h":120,"j":120,"l":120,"n":120,"p":120}},{"type":"Feature","geometry":{"type":"Polygon","coordinates":[[[126.68383,37.54339],[126.70113,37.54339],[126.70113,37.5607],[126.68383,37.5607],[126.68383,37.54339]]]},"properties":{"row":21,"col":6,"walk_min":69.9,"nearest_station_id":"kr_258","nearest_station_name":"Sangok","nearest_station_name_ko":"산곡","a":120,"c":120,"e":120,"g":120,"i":120,"k":120,"m":120,"o":120,"b":120,"d":120,"f":120,"h":120,"j":120,"l":120,"n":120,"p":120}},{"type":"Feature","geometry":{"type":"Polygon","coordinates":[[[126.90879,37.28383],[126.92609,37.28383],[126.92609,37.30113],[126.90879,37.30113],[126.90879,37.28383]]]},"properties":{"row":6,"col":19,"walk_min":74.1,"nearest_station_id":"kr_415","nearest_station_name":"Banwol","nearest_station_name_ko":"반월","a":120,"c":120,"e":120,"g":120,"i":120,"k":120,"m":120,"o":120,"b":120,"d":120,"f":120,"h":120,"j":120,"l":120,"n":120,"p":120}},{"type":"Feature","geometry":{"type":"Polygon","coordinates":[[[126.9607,37.23191],[126.978,37.23191],[126.978,37.24922],[126.9607,37.24922],[126.9607,37.23191]]]},"properties":{"row":3,"col":22,"walk_min":72.7,"nearest_station_id":"kr_043","nearest_station_name":"Suwon","nearest_station_name_ko":"수원","a":120,"c":120,"e":120,"g":120,"i":120,"k":120,"m":120,"o":120,"b":120,"d":120,"f":120,"h":120,"j":120,"l":120,"n":120,"p":120}},{"type":"Feature","geometry":{"type":"Polygon","coordinates":[[[127.13374,37.30113],[127.15105,37.30113],[127.15105,37.31844],[127.13374,37.31844],[127.13374,37.30113]]]},"properties":{"row":7,"col":32,"walk_min":72.7,"nearest_station_id":"kr_233","nearest_station_name":"Suji-gu Office","nearest_station_name_ko":"수지구청","a":120,"c":120,"e":117,"g":120,"i":120,"k":120,"m":120,"o":120,"b":120,"d":120,"f":117,"h":120,"j":120,"l":120,"n":120,"p":120}},{"type":"Feature","geometry":{"type":"Polygon","coordinates":[[[127.20296,37.43957],[127.22027,37.43957],[127.22027,37.45687],[127.20296,37.45687],[127.20296,37.43957]]]},"properties":{"row":15,"col":36,"walk_min":66.3,"nearest_station_id":"kr_236","nearest_station_name":"Samdong","nearest_station_name_ko":"삼동","a":120,"c":120,"e":109,"g":120,"i":119,"k":120,"m":120,"o":120,"b":120,"d":120,"f":109,"h":120,"j":119,"l":120,"n":120,"p":120}},{"type":"Feature","geometry":{"type":"Polygon","coordinates":[[[126.78765,37.69914],[126.80496,37.69914],[126.80496,37.71644],[126.78765,37.71644],[126.78765,37.69914]]]},"properties":{"row":30,"col":12,"walk_min":76.1,"nearest_station_id":"kr_350","nearest_station_name":"Juyeop","nearest_station_name_ko":"주엽","a":120,"c":120,"e":120,"g":120,"i":120,"k":120,"m":120,"o":120,"b":120,"d":120,"f":120,"h":120,"j":120,"l":120,"n":120,"p":120}},{"type":"Feature","geometry":{"type":"Polygon","coordinates":[[[126.85687,37.37035],[126.87418,37.37035],[126.87418,37.38765],[126.85687,37.38765],[126.85687,37.37035]]]},"properties":{"row":11,"col":16,"walk_min":70.5,"nearest_station_id":"kr_442","nearest_station_name":"Gwangmyeong","nearest_station_name_ko":"광명","a":106,"c":108,"e":116,"g":120,"i":112,"k":120,"m":120,"o":106,"b":94,"d":98,"f":116,"h":110,"j":112,"l":120,"n":118,"p":106}},{"type":"Feature","geometry":{"type":"Polygon","coordinates":[[[126.71844,37.30113],[126.73574,37.30113],[126.73574,37.31844],[126.71844,37.31844],[126.71844,37.30113]]]},"properties":{"row":7,"col":8,"walk_min":72.0,"nearest_station_id":"kr_427","nearest_station_name":"Singiloncheon","nearest_station_name_ko":"신길온천","a":120,"c":120,"e":120,"g":120,"i":120,"k":120,"m":120,"o":120,"b":120,"d":120,"f":120,"h":120,"j":120,"l":120,"n":120,"p":120}},{"type":"Feature","geometry":{"type":"Polygon","coordinates":[[[127.08183,37.24922],[127.09914,37.24922],[127.09914,37.26652],[127.08183,37.26652],[127.08183,37.24922]]]},"properties":{"row":4,"col":29,"walk_min":70.3,"nearest_station_id":"kr_307","nearest_station_name":"Sanghyeon","nearest_station_name_ko":"상현","a":120,"c":120,"e":120,"g":120,"i":120,"k":120,"m":120,"o":120,"b":120,"d":120,"f":120,"h":120,"j":120,"l":120,"n":120,"p":120}},{"type":"Feature","geometry":{"type":"Polygon","coordinates":[[[126.92609,37.68183],[126.94339,37.68183],[126.94339,37.69914],[126.92609,37.69914],[126.92609,37.68183]]]},"properties":{"row":29,"col":20,"walk_min":72.1,"nearest_station_id":"kr_104","nearest_station_name":"Jichuk","nearest_station_name_ko":"지축","a":106,"c":104,"e":120,"g":110,"i":120,"k":120,"m":119,"o":115,"b":106,"d":104,"f":120,"h":110,"j":120,"l":120,"n":119,"p":115}},{"type":"Feature","geometry":{"type":"Polygon","coordinates":[[[126.66652,37.40496],[126.68383,37.40496],[126.68383,37.42226],[126.66652,37.42226],[126.66652,37.40496]]]},"properties":{"row":13,"col":5,"walk_min":73.6,"nearest_station_id":"kr_313","nearest_station_name":"주안","nearest_station_name_ko":"주안","a":120,"c":120,"e":120,"g":120,"i":120,"k":120,"m":120,"o":120,"b":120,"d":120,"f":120,"h":120,"j":120,"l":120,"n":120,"p":120}},{"type":"Feature","geometry":{"type":"Polygon","coordinates":[[[127.01261,37.38765],[127.02992,37.38765],[127.02992,37.40496],[127.01261,37.40496],[127.01261,37.38765]]]},"properties":{"row":12,"col":25,"walk_min":68.1,"nearest_station_id":"kr_325","nearest_station_name":"Indeogwon","nearest_station_name_ko":"인덕원","a":110,"c":113,"e":101,"g":120,"i":90,"k":116,"m":120,"o":118,"b":110,"d":113,"f":101,"h":120,"j":90,"l":116,"n":120,"p":118}},{"type":"Feature","geometry":{"type":"Polygon","coordinates":[[[127.06453,37.23191],[127.08183,37.23191],[127.08183,37.24922],[127.06453,37.24922],[127.06453,37.23191]]]},"properties":{"row":3,"col":28,"walk_min":69.2,"nearest_station_id":"kr_047","nearest_station_name":"Byeongjeom","nearest_station_name_ko":"병점","a":120,"c":120,"e":120,"g":120,"i":120,"k":120,"m":120,"o":120,"b":120,"d":120,"f":120,"h":120,"j":120,"l":120,"n":120,"p":120}},{"type":"Feature","geometry":{"type":"Polygon","coordinates":[[[126.89148,37.68183],[126.90879,37.68183],[126.90879,37.69914],[126.89148,37.69914],[126.89148,37.68183]]]},"properties":{"row":29,"col":18,"walk_min":74.0,"nearest_station_id":"kr_115","nearest_station_name":"Samsong","nearest_station_name_ko":"삼송","a":112,"c":109,"e":120,"g":116,"i":120,"k":120,"m":120,"o":120,"b":112,"d":109,"f":120,"h":116,"j":120,"l":120,"n":120,"p":120}},{"type":"Feature","geometry":{"type":"Polygon","coordinates":[[[126.68383,37.40496],[126.70113,37.40496],[126.70113,37.42226],[126.68383,37.42226],[126.68383,37.40496]]]},"properties":{"row":13,"col":6,"walk_min":73.8,"nearest_station_id":"kr_455","nearest_station_name":"Ganseok","nearest_station_name_ko":"간석","a":120,"c":120,"e":120,"g":120,"i":120,"k":120,"m":120,"o":120,"b":120,"d":120,"f":120,"h":120,"j":120,"l":120,"n":120,"p":120}},{"type":"Feature","geometry":{"type":"Polygon","coordinates":[[[126.77035,37.59531],[126.78765,37.59531],[126.78765,37.61261],[126.77035,37.61261],[126.77035,37.59531]]]},"properties":{"row":24,"col":11,"walk_min":73.9,"nearest_station_id":"kr_429","nearest_station_name":"Gaehwa","nearest_station_name_ko":"개화","a":118,"c":116,"e":120,"g":120,"i":120,"k":120,"m":120,"o":105,"b":118,"d":116,"f":120,"h":120,"j":120,"l":120,"n":120,"p":105}},{"type":"Feature","geometry":{"type":"Polygon","coordinates":[[[126.779,37.54339],[126.78765,37.54339],[126.78765,37.5607],[126.779,37.5607],[126.779,37.54339]]]},"properties":{"row":21,"col":11,"walk_min":66.6,"nearest_station_id":"kr_189","nearest_station_name":"Gimpo Int'l Airport","nearest_station_name_ko":"김포공항","a":107,"c":105,"e":113,"g":119,"i":109,"k":120,"m":120,"o":94,"b":107,"d":105,"f":113,"h":119,"j":109,"l":120,"n":120,"p":94}},{"type":"Feature","geometry":{"type":"Polygon","coordinates":[[[127.20296,37.45687],[127.22027,37.45687],[127.22027,37.47418],[127.20296,37.47418],[127.20296,37.45687]]]},"properties":{"row":16,"col":36,"walk_min":72.4,"nearest_station_id":"kr_232","nearest_station_name":"Namhansanseong","nearest_station_name_ko":"남한산성입구","a":120,"c":120,"e":106,"g":120,"i":117,"k":101,"m":112,"o":120,"b":120,"d":120,"f":106,"h":120,"j":117,"l":101,"n":112,"p":120}},{"type":"Feature","geometry":{"type":"Polygon","coordinates":[[[126.70113,37.30113],[126.71844,37.30113],[126.71844,37.31844],[126.70113,37.31844],[126.70113,37.30113]]]},"properties":{"row":7,"col":7,"walk_min":71.4,"nearest_station_id":"kr_351","nearest_station_name":"Jeongwang","nearest_station_name_ko":"정왕","a":120,"c":120,"e":120,"g":120,"i":120,"k":120,"m":120,"o":120,"b":120,"d":120,"f":120,"h":120,"j":120,"l":120,"n":120,"p":120}},{"type":"Feature","geometry":{"type":"Polygon","coordinates":[[[126.83957,37.578],[126.85687,37.578],[126.85687,37.59531],[126.83957,37.59531],[126.83957,37.578]]]},"properties":{"row":23,"col":15,"walk_min":71.0,"nearest_station_id":"kr_430","nearest_station_name":"Yangcheon Hyanggyo","nearest_station_name_ko":"양천향교","a":105,"c":103,"e":110,"g":116,"i":106,"k":120,"m":120,"o":91,"b":105,"d":103,"f":110,"h":116,"j":106,"l":120,"n":120,"p":91}},{"type":"Feature","geometry":{"type":"Polygon","coordinates":[[[126.73574,37.71644],[126.75305,37.71644],[126.75305,37.73374],[126.73574,37.73374],[126.73574,37.71644]]]},"properties":{"row":31,"col":9,"walk_min":73.3,"nearest_station_id":"kr_424","nearest_station_name":"Daehwa","nearest_station_name_ko":"대화","a":120,"c":120,"e":120,"g":120,"i":120,"k":120,"m":120,"o":120,"b":120,"d":120,"f":120,"h":120,"j":120,"l":120,"n":120,"p":120}},{"type":"Feature","geometry":{"type":"Polygon","coordinates":[[[126.75305,37.71644],[126.77035,37.71644],[126.77035,37.73374],[126.75305,37.73374],[126.75305,37.71644]]]},"properties":{"row":31,"col":10,"walk_min":72.4,"nearest_station_id":"kr_424","nearest_station_name":"Daehwa","nearest_station_name_ko":"대화","a":120,"c":120,"e":120,"g":120,"i":120,"k":120,"m":120,"o":120,"b":120,"d":120,"f":120,"h":120,"j":120,"l":120,"n":120,"p":120}},{"type":"Feature","geometry":{"type":"Polygon","coordinates":[[[126.80496,37.42226],[126.82226,37.42226],[126.82226,37.43957],[126.80496,37.43957],[126.80496,37.42226]]]},"properties":{"row":14,"col":13,"walk_min":84.4,"nearest_station_id":"kr_451","nearest_station_name":"Sosa","nearest_station_name_ko":"소사","a":119,"c":120,"e":120,"g":120,"i":120,"k":120,"m":120,"o":116,"b":119,"d":120,"f":120,"h":120,"j":120,"l":120,"n":120,"p":116}},{"type":"Feature","geometry":{"type":"Polygon","coordinates":[[[126.9607,37.64722],[126.978,37.64722],[126.978,37.66453],[126.9607,37.66453],[126.9607,37.64722]]]},"properties":{"row":27,"col":22,"walk_min":70.3,"nearest_station_id":"kr_192","nearest_station_name":"구파발","nearest_station_name_ko":"구파발","a":101,"c":99,"e":118,"g":105,"i":120,"k":120,"m":114,"o":110,"b":101,"d":99,"f":118,"h":105,"j":120,"l":120,"n":114,"p":110}},{"type":"Feature","geometry":{"type":"Polygon","coordinates":[[[127.09914,37.71644],[127.11644,37.71644],[127.11644,37.73374],[127.09914,37.73374],[127.09914,37.71644]]]},"properties":{"row":31,"col":30,"walk_min":79.2,"nearest_station_id":"kr_062","nearest_station_name":"Hoeryong","nearest_station_name_ko":"회룡","a":120,"c":120,"e":120,"g":120,"i":120,"k":120,"m":120,"o":120,"b":120,"d":120,"f":120,"h":120,"j":120,"l":120,"n":120,"p":120}},{"type":"Feature","geometry":{"type":"Polygon","coordinates":[[[127.06453,37.17135],[127.07318,37.17135],[127.07318,37.18],[127.06453,37.18],[127.06453,37.17135]]]},"properties":{"row":-1,"col":28,"walk_min":64.6,"nearest_station_id":"kr_416","nearest_station_name":"Osan College","nearest_station_name_ko":"오산대","a":120,"c":120,"e":120,"g":120,"i":120,"k":120,"m":120,"o":120,"b":120,"d":120,"f":120,"h":120,"j":120,"l":120,"n":120,"p":120}},{"type":"Feature","geometry":{"type":"Polygon","coordinates":[[[126.87418,37.35305],[126.89148,37.35305],[126.89148,37.37035],[126.87418,37.37035],[126.87418,37.35305]]]},"properties":{"row":10,"col":17,"walk_min":70.8,"nearest_station_id":"kr_364","nearest_station_name":"Surisan","nearest_station_name_ko":"수리산","a":120,"c":120,"e":120,"g":120,"i":109,"k":120,"m":120,"o":120,"b":120,"d":120,"f":120,"h":120,"j":109,"l":120,"n":120,"p":120}},{"type":"Feature","geometry":{"type":"Polygon","coordinates":[[[126.92609,37.24922],[126.94339,37.24922],[126.94339,37.26652],[126.92609,37.26652],[126.92609,37.24922]]]},"properties":{"row":4,"col":20,"walk_min":76.2,"nearest_station_id":"kr_086","nearest_station_name":"Sungkyunkwan University","nearest_station_name_ko":"성균관대","a":120,"c":120,"e":120,"g":120,"i":120,"k":120,"m":120,"o":120,"b":120,"d":120,"f":120,"h":120,"j":120,"l":120,"n":120,"p":120}},{"type":"Feature","geometry":{"type":"Polygon","coordinates":[[[126.75305,37.54339],[126.77035,37.54339],[126.77035,37.5607],[126.75305,37.5607],[126.75305,37.54339]]]},"properties":{"row":21,"col":10,"walk_min":71.2,"nearest_station_id":"kr_189","nearest_station_name":"Gimpo Int'l Airport","nearest_station_name_ko":"김포공항","a":111,"c":109,"e":117,"g":120,"i":113,"k":120,"m":120,"o":98,"b":111,"d":109,"f":117,"h":120,"j":113,"l":120,"n":120,"p":98}},{"type":"Feature","geometry":{"type":"Polygon","coordinates":[[[126.89148,37.26652],[126.90879,37.26652],[126.90879,37.28383],[126.89148,37.28383],[126.89148,37.26652]]]},"properties":{"row":5,"col":18,"walk_min":72.6,"nearest_station_id":"kr_415","nearest_station_name":"Banwol","nearest_station_name_ko":"반월","a":120,"c":120,"e":120,"g":120,"i":120,"k":120,"m":120,"o":120,"b":120,"d":120,"f":120,"h":120,"j":120,"l":120,"n":120,"p":120}},{"type":"Feature","geometry":{"type":"Polygon","coordinates":[[[126.68383,37.31844],[126.70113,37.31844],[126.70113,37.33574],[126.68383,37.33574],[126.68383,37.31844]]]},"properties":{"row":8,"col":6,"walk_min":74.9,"nearest_station_id":"kr_351","nearest_station_name":"Jeongwang","nearest_station_name_ko":"정왕","a":120,"c":120,"e":120,"g":120,"i":120,"k":120,"m":120,"o":120,"b":120,"d":120,"f":120,"h":120,"j":120,"l":120,"n":120,"p":120}},{"type":"Feature","geometry":{"type":"Polygon","coordinates":[[[127.15105,37.35305],[127.16835,37.35305],[127.16835,37.37035],[127.15105,37.37035],[127.15105,37.35305]]]},"properties":{"row":10,"col":33,"walk_min":73.0,"nearest_station_id":"kr_148","nearest_station_name":"Jeongja","nearest_station_name_ko":"정자","a":120,"c":120,"e":106,"g":120,"i":116,"k":120,"m":120,"o":120,"b":120,"d":120,"f":106,"h":120,"j":116,"l":120,"n":120,"p":120}},{"type":"Feature","geometry":{"type":"Polygon","coordinates":[[[126.978,37.66453],[126.99531,37.66453],[126.99531,37.68183],[126.978,37.68183],[126.978,37.66453]]]},"properties":{"row":28,"col":23,"walk_min":72.5,"nearest_station_id":"kr_125","nearest_station_name":"Ssangmun","nearest_station_name_ko":"쌍문","a":104,"c":102,"e":116,"g":102,"i":120,"k":120,"m":112,"o":114,"b":104,"d":102,"f":116,"h":102,"j":120,"l":120,"n":112,"p":114}},{"type":"Feature","geometry":{"type":"Polygon","coordinates":[[[126.75305,37.59531],[126.77035,37.59531],[126.77035,37.61261],[126.75305,37.61261],[126.75305,37.59531]]]},"properties":{"row":24,"col":10,"walk_min":74.9,"nearest_station_id":"kr_429","nearest_station_name":"Gaehwa","nearest_station_name_ko":"개화","a":119,"c":117,"e":120,"g":120,"i":120,"k":120,"m":120,"o":106,"b":119,"d":117,"f":120,"h":120,"j":120,"l":120,"n":120,"p":106}},{"type":"Feature","geometry":{"type":"Polygon","coordinates":[[[126.99531,37.80296],[127.01261,37.80296],[127.01261,37.82027],[126.99531,37.82027],[126.99531,37.80296]]]},"properties":{"row":36,"col":24,"walk_min":75.5,"nearest_station_id":"kr_447","nearest_station_name":"Deokgye","nearest_station_name_ko":"덕계","a":120,"c":120,"e":120,"g":120,"i":120,"k":120,"m":120,"o":120,"b":120,"d":120,"f":120,"h":120,"j":120,"l":120,"n":120,"p":120}},{"type":"Feature","geometry":{"type":"Polygon","coordinates":[[[126.64922,37.40496],[126.66652,37.40496],[126.66652,37.42226],[126.64922,37.42226],[126.64922,37.40496]]]},"properties":{"row":13,"col":4,"walk_min":76.2,"nearest_station_id":"kr_456","nearest_station_name":"Dohwa","nearest_station_name_ko":"도화","a":120,"c":120,"e":120,"g":120,"i":120,"k":120,"m":120,"o":120,"b":120,"d":120,"f":120,"h":120,"j":120,"l":120,"n":120,"p":120}},{"type":"Feature","geometry":{"type":"Polygon","coordinates":[[[127.09914,37.80296],[127.11644,37.80296],[127.11644,37.82027],[127.09914,37.82027],[127.09914,37.80296]]]},"properties":{"row":36,"col":30,"walk_min":73.8,"nearest_station_id":"kr_447","nearest_station_name":"Deokgye","nearest_station_name_ko":"덕계","a":120,"c":120,"e":120,"g":120,"i":120,"k":120,"m":120,"o":120,"b":120,"d":120,"f":120,"h":120,"j":120,"l":120,"n":120,"p":120}},{"type":"Feature","geometry":{"type":"Polygon","coordinates":[[[127.09914,37.1973],[127.11644,37.1973],[127.11644,37.21461],[127.09914,37.21461],[127.09914,37.1973]]]},"properties":{"row":1,"col":30,"walk_min":71.0,"nearest_station_id":"kr_466","nearest_station_name":"Seodongtan","nearest_station_name_ko":"서동탄","a":120,"c":120,"e":120,"g":120,"i":120,"k":120,"m":120,"o":120,"b":120,"d":120,"f":120,"h":120,"j":120,"l":120,"n":120,"p":120}},{"type":"Feature","geometry":{"type":"Polygon","coordinates":[[[126.83957,37.35305],[126.85687,37.35305],[126.85687,37.37035],[126.83957,37.37035],[126.83957,37.35305]]]},"properties":{"row":10,"col":15,"walk_min":87.5,"nearest_station_id":"kr_168","nearest_station_name":"Jungang","nearest_station_name_ko":"중앙","a":120,"c":120,"e":120,"g":120,"i":120,"k":120,"m":120,"o":120,"b":120,"d":120,"f":120,"h":120,"j":120,"l":120,"n":120,"p":120}},{"type":"Feature","geometry":{"type":"Polygon","coordinates":[[[126.90879,37.26652],[126.92609,37.26652],[126.92609,37.28383],[126.90879,37.28383],[126.90879,37.26652]]]},"properties":{"row":5,"col":19,"walk_min":91.8,"nearest_station_id":"kr_415","nearest_station_name":"Banwol","nearest_station_name_ko":"반월","a":120,"c":120,"e":120,"g":120,"i":120,"k":120,"m":120,"o":120,"b":120,"d":120,"f":120,"h":120,"j":120,"l":120,"n":120,"p":120}},{"type":"Feature","geometry":{"type":"Polygon","coordinates":[[[127.22027,37.43092],[127.23757,37.43092],[127.23757,37.43957],[127.22027,37.43957],[127.22027,37.43092]]]},"properties":{"row":14,"col":37,"walk_min":73.0,"nearest_station_id":"kr_236","nearest_station_name":"Samdong","nearest_station_name_ko":"삼동","a":120,"c":120,"e":116,"g":120,"i":120,"k":120,"m":120,"o":120,"b":120,"d":120,"f":116,"h":120,"j":120,"l":120,"n":120,"p":120}},{"type":"Feature","geometry":{"type":"Polygon","coordinates":[[[126.978,37.76835],[126.99531,37.76835],[126.99531,37.78566],[126.978,37.78566],[126.978,37.76835]]]},"properties":{"row":34,"col":23,"walk_min":76.0,"nearest_station_id":"kr_092","nearest_station_name":"Yangju","nearest_station_name_ko":"양주","a":120,"c":120,"e":120,"g":120,"i":120,"k":120,"m":120,"o":120,"b":120,"d":120,"f":120,"h":120,"j":120,"l":120,"n":120,"p":120}},{"type":"Feature","geometry":{"type":"Polygon","coordinates":[[[126.73574,37.42226],[126.75305,37.42226],[126.75305,37.43957],[126.73574,37.43957],[126.73574,37.42226]]]},"properties":{"row":14,"col":9,"walk_min":81.1,"nearest_station_id":"kr_378","nearest_station_name":"Dongam","nearest_station_name_ko":"동암","a":120,"c":120,"e":120,"g":120,"i":120,"k":120,"m":120,"o":120,"b":120,"d":120,"f":120,"h":120,"j":120,"l":120,"n":120,"p":120}},{"type":"Feature","geometry":{"type":"Polygon","coordinates":[[[126.70113,37.40496],[126.71844,37.40496],[126.71844,37.42226],[126.70113,37.42226],[126.70113,37.40496]]]},"properties":{"row":13,"col":7,"walk_min":77.0,"nearest_station_id":"kr_455","nearest_station_name":"Ganseok","nearest_station_name_ko":"간석","a":120,"c":120,"e":120,"g":120,"i":120,"k":120,"m":120,"o":120,"b":120,"d":120,"f":120,"h":120,"j":120,"l":120,"n":120,"p":120}},{"type":"Feature","geometry":{"type":"Polygon","coordinates":[[[127.01261,37.35305],[127.02992,37.35305],[127.02992,37.37035],[127.01261,37.37035],[127.01261,37.35305]]]},"properties":{"row":10,"col":25,"walk_min":82.0,"nearest_station_id":"kr_325","nearest_station_name":"Indeogwon","nearest_station_name_ko":"인덕원","a":120,"c":120,"e":115,"g":120,"i":104,"k":120,"m":120,"o":120,"b":120,"d":120,"f":115,"h":120,"j":104,"l":120,"n":120,"p":120}},{"type":"Feature","geometry":{"type":"Polygon","coordinates":[[[127.13374,37.71644],[127.15105,37.71644],[127.15105,37.73374],[127.13374,37.73374],[127.13374,37.71644]]]},"properties":{"row":31,"col":32,"walk_min":87.4,"nearest_station_id":"kr_361","nearest_station_name":"Onam","nearest_station_name_ko":"오남","a":120,"c":120,"e":120,"g":120,"i":120,"k":120,"m":120,"o":120,"b":120,"d":120,"f":120,"h":120,"j":120,"l":120,"n":120,"p":120}},{"type":"Feature","geometry":{"type":"Polygon","coordinates":[[[127.20296,37.64722],[127.22027,37.64722],[127.22027,37.66453],[127.20296,37.66453],[127.20296,37.64722]]]},"properties":{"row":27,"col":36,"walk_min":86.0,"nearest_station_id":"kr_361","nearest_station_name":"Onam","nearest_station_name_ko":"오남","a":120,"c":120,"e":120,"g":120,"i":120,"k":120,"m":120,"o":120,"b":120,"d":120,"f":120,"h":120,"j":120,"l":120,"n":120,"p":120}},{"type":"Feature","geometry":{"type":"Polygon","coordinates":[[[127.20296,37.47418],[127.22027,37.47418],[127.22027,37.49148],[127.20296,37.49148],[127.20296,37.47418]]]},"properties":{"row":17,"col":36,"walk_min":73.9,"nearest_station_id":"kr_440","nearest_station_name":"Macheon","nearest_station_name_ko":"마천","a":120,"c":120,"e":104,"g":111,"i":114,"k":99,"m":110,"o":120,"b":120,"d":120,"f":104,"h":111,"j":114,"l":99,"n":110,"p":120}},{"type":"Feature","geometry":{"type":"Polygon","coordinates":[[[126.978,37.78566],[126.99531,37.78566],[126.99531,37.80296],[126.978,37.80296],[126.978,37.78566]]]},"properties":{"row":35,"col":23,"walk_min":74.6,"nearest_station_id":"kr_092","nearest_station_name":"Yangju","nearest_station_name_ko":"양주","a":120,"c":120,"e":120,"g":120,"i":120,"k":120,"m":120,"o":120,"b":120,"d":120,"f":120,"h":120,"j":120,"l":120,"n":120,"p":120}},{"type":"Feature","geometry":{"type":"Polygon","coordinates":[[[126.99531,37.33574],[127.01261,37.33574],[127.01261,37.35305],[126.99531,37.35305],[126.99531,37.33574]]]},"properties":{"row":9,"col":24,"walk_min":74.8,"nearest_station_id":"kr_460","nearest_station_name":"Dangjeong","nearest_station_name_ko":"당정","a":120,"c":120,"e":120,"g":120,"i":114,"k":120,"m":120,"o":120,"b":120,"d":120,"f":120,"h":120,"j":114,"l":120,"n":120,"p":120}},{"type":"Feature","geometry":{"type":"Polygon","coordinates":[[[126.978,37.68183],[126.99531,37.68183],[126.99531,37.69914],[126.978,37.69914],[126.978,37.68183]]]},"properties":{"row":29,"col":23,"walk_min":78.2,"nearest_station_id":"kr_044","nearest_station_name":"Dobongsan","nearest_station_name_ko":"도봉산","a":120,"c":120,"e":120,"g":120,"i":120,"k":120,"m":120,"o":120,"b":120,"d":120,"f":120,"h":120,"j":120,"l":120,"n":120,"p":120}},{"type":"Feature","geometry":{"type":"Polygon","coordinates":[[[127.09914,37.78566],[127.11644,37.78566],[127.11644,37.80296],[127.09914,37.80296],[127.09914,37.78566]]]},"properties":{"row":35,"col":30,"walk_min":76.2,"nearest_station_id":"kr_447","nearest_station_name":"Deokgye","nearest_station_name_ko":"덕계","a":120,"c":120,"e":120,"g":120,"i":120,"k":120,"m":120,"o":120,"b":120,"d":120,"f":120,"h":120,"j":120,"l":120,"n":120,"p":120}},{"type":"Feature","geometry":{"type":"Polygon","coordinates":[[[126.80496,37.26652],[126.82226,37.26652],[126.82226,37.28383],[126.80496,37.28383],[126.80496,37.26652]]]},"properties":{"row":5,"col":13,"walk_min":85.6,"nearest_station_id":"kr_426","nearest_station_name":"Gojan","nearest_station_name_ko":"고잔","a":120,"c":120,"e":120,"g":120,"i":120,"k":120,"m":120,"o":120,"b":120,"d":120,"f":120,"h":120,"j":120,"l":120,"n":120,"p":120}},{"type":"Feature","geometry":{"type":"Polygon","coordinates":[[[127.09914,37.26652],[127.11644,37.26652],[127.11644,37.28383],[127.09914,37.28383],[127.09914,37.26652]]]},"properties":{"row":5,"col":30,"walk_min":77.8,"nearest_station_id":"kr_307","nearest_station_name":"Sanghyeon","nearest_station_name_ko":"상현","a":120,"c":120,"e":120,"g":120,"i":120,"k":120,"m":120,"o":120,"b":120,"d":120,"f":120,"h":120,"j":120,"l":120,"n":120,"p":120}},{"type":"Feature","geometry":{"type":"Polygon","coordinates":[[[126.85687,37.35305],[126.87418,37.35305],[126.87418,37.37035],[126.85687,37.37035],[126.85687,37.35305]]]},"properties":{"row":10,"col":16,"walk_min":79.0,"nearest_station_id":"kr_364","nearest_station_name":"Surisan","nearest_station_name_ko":"수리산","a":120,"c":120,"e":120,"g":120,"i":117,"k":120,"m":120,"o":120,"b":120,"d":120,"f":120,"h":120,"j":117,"l":120,"n":120,"p":120}},{"type":"Feature","geometry":{"type":"Polygon","coordinates":[[[126.61461,37.50879],[126.63191,37.50879],[126.63191,37.52609],[126.61461,37.52609],[126.61461,37.50879]]]},"properties":{"row":19,"col":2,"walk_min":86.1,"nearest_station_id":"kr_458","nearest_station_name":"Incheon","nearest_station_name_ko":"인천","a":120,"c":120,"e":120,"g":120,"i":120,"k":120,"m":120,"o":120,"b":120,"d":120,"f":120,"h":120,"j":120,"l":120,"n":120,"p":120}},{"type":"Feature","geometry":{"type":"Polygon","coordinates":[[[126.978,37.69914],[126.99531,37.69914],[126.99531,37.71644],[126.978,37.71644],[126.978,37.69914]]]},"properties":{"row":30,"col":23,"walk_min":79.8,"nearest_station_id":"kr_449","nearest_station_name":"Mangwolsa (Shinhan University)","nearest_station_name_ko":"망월사(신한대학교)","a":120,"c":120,"e":120,"g":120,"i":120,"k":120,"m":120,"o":120,"b":120,"d":120,"f":120,"h":120,"j":120,"l":120,"n":120,"p":120}},{"type":"Feature","geometry":{"type":"Polygon","coordinates":[[[127.22027,37.66453],[127.22892,37.66453],[127.22892,37.68183],[127.22027,37.68183],[127.22027,37.66453]]]},"properties":{"row":28,"col":37,"walk_min":75.1,"nearest_station_id":"kr_361","nearest_station_name":"Onam","nearest_station_name_ko":"오남","a":120,"c":120,"e":120,"g":120,"i":120,"k":120,"m":120,"o":120,"b":120,"d":120,"f":120,"h":120,"j":120,"l":120,"n":120,"p":120}},{"type":"Feature","geometry":{"type":"Polygon","coordinates":[[[126.68383,37.69914],[126.70113,37.69914],[126.70113,37.71644],[126.68383,37.71644],[126.68383,37.69914]]]},"properties":{"row":30,"col":6,"walk_min":79.3,"nearest_station_id":"kr_424","nearest_station_name":"Daehwa","nearest_station_name_ko":"대화","a":120,"c":120,"e":120,"g":120,"i":120,"k":120,"m":120,"o":120,"b":120,"d":120,"f":120,"h":120,"j":120,"l":120,"n":120,"p":120}},{"type":"Feature","geometry":{"type":"Polygon","coordinates":[[[126.58865,37.43957],[126.5973,37.43957],[126.5973,37.45687],[126.58865,37.45687],[126.58865,37.43957]]]},"properties":{"row":15,"col":0,"walk_min":75.9,"nearest_station_id":"kr_458","nearest_station_name":"Incheon","nearest_station_name_ko":"인천","a":120,"c":120,"e":120,"g":120,"i":120,"k":120,"m":120,"o":120,"b":120,"d":120,"f":120,"h":120,"j":120,"l":120,"n":120,"p":120}},{"type":"Feature","geometry":{"type":"Polygon","coordinates":[[[127.20296,37.49148],[127.22027,37.49148],[127.22027,37.50879],[127.20296,37.50879],[127.20296,37.49148]]]},"properties":{"row":18,"col":36,"walk_min":81.1,"nearest_station_id":"kr_469","nearest_station_name":"Hanam Geomdansan","nearest_station_name_ko":"하남검단산","a":120,"c":120,"e":120,"g":120,"i":120,"k":120,"m":120,"o":120,"b":120,"d":120,"f":120,"h":120,"j":120,"l":120,"n":120,"p":120}},{"type":"Feature","geometry":{"type":"Polygon","coordinates":[[[126.78765,37.42226],[126.80496,37.42226],[126.80496,37.43957],[126.78765,37.43957],[126.78765,37.42226]]]},"properties":{"row":14,"col":12,"walk_min":78.8,"nearest_station_id":"kr_451","nearest_station_name":"Sosa","nearest_station_name_ko":"소사","a":114,"c":116,"e":120,"g":120,"i":119,"k":120,"m":120,"o":111,"b":114,"d":116,"f":120,"h":120,"j":119,"l":120,"n":120,"p":111}},{"type":"Feature","geometry":{"type":"Polygon","coordinates":[[[126.978,37.75105],[126.99531,37.75105],[126.99531,37.76835],[126.978,37.76835],[126.978,37.75105]]]},"properties":{"row":33,"col":23,"walk_min":78.3,"nearest_station_id":"kr_421","nearest_station_name":"Nogyang","nearest_station_name_ko":"녹양","a":120,"c":120,"e":120,"g":120,"i":120,"k":120,"m":120,"o":120,"b":120,"d":120,"f":120,"h":120,"j":120,"l":120,"n":120,"p":120}},{"type":"Feature","geometry":{"type":"Polygon","coordinates":[[[127.18566,37.64722],[127.20296,37.64722],[127.20296,37.66453],[127.18566,37.66453],[127.18566,37.64722]]]},"properties":{"row":27,"col":35,"walk_min":78.1,"nearest_station_id":"kr_352","nearest_station_name":"Dasan","nearest_station_name_ko":"다산","a":120,"c":120,"e":120,"g":119,"i":120,"k":120,"m":120,"o":120,"b":120,"d":120,"f":120,"h":119,"j":120,"l":120,"n":120,"p":120}},{"type":"Feature","geometry":{"type":"Polygon","coordinates":[[[127.16835,37.37035],[127.18566,37.37035],[127.18566,37.38765],[127.16835,37.38765],[127.16835,37.37035]]]},"properties":{"row":11,"col":34,"walk_min":77.5,"nearest_station_id":"kr_237","nearest_station_name":"삼동","nearest_station_name_ko":"삼동","a":120,"c":120,"e":120,"g":120,"i":120,"k":120,"m":120,"o":120,"b":120,"d":120,"f":120,"h":120,"j":120,"l":120,"n":120,"p":120}},{"type":"Feature","geometry":{"type":"Polygon","coordinates":[[[127.11644,37.69914],[127.13374,37.69914],[127.13374,37.71644],[127.11644,37.71644],[127.11644,37.69914]]]},"properties":{"row":30,"col":31,"walk_min":77.1,"nearest_station_id":"kr_310","nearest_station_name":"Byeollaebyeolgaram","nearest_station_name_ko":"별내별가람","a":120,"c":120,"e":120,"g":120,"i":120,"k":120,"m":120,"o":120,"b":120,"d":120,"f":120,"h":120,"j":120,"l":120,"n":120,"p":120}},{"type":"Feature","geometry":{"type":"Polygon","coordinates":[[[127.09914,37.73374],[127.11644,37.73374],[127.11644,37.75105],[127.09914,37.75105],[127.09914,37.73374]]]},"properties":{"row":32,"col":30,"walk_min":80.6,"nearest_station_id":"kr_065","nearest_station_name":"Uijeongbu","nearest_station_name_ko":"의정부","a":120,"c":120,"e":120,"g":120,"i":120,"k":120,"m":120,"o":120,"b":120,"d":120,"f":120,"h":120,"j":120,"l":120,"n":120,"p":120}},{"type":"Feature","geometry":{"type":"Polygon","coordinates":[[[126.63191,37.40496],[126.64922,37.40496],[126.64922,37.42226],[126.63191,37.42226],[126.63191,37.40496]]]},"properties":{"row":13,"col":3,"walk_min":85.8,"nearest_station_id":"kr_379","nearest_station_name":"Jemulpo","nearest_station_name_ko":"제물포","a":120,"c":120,"e":120,"g":120,"i":120,"k":120,"m":120,"o":120,"b":120,"d":120,"f":120,"h":120,"j":120,"l":120,"n":120,"p":120}},{"type":"Feature","geometry":{"type":"Polygon","coordinates":[[[126.77035,37.42226],[126.78765,37.42226],[126.78765,37.43957],[126.77035,37.43957],[126.77035,37.42226]]]},"properties":{"row":14,"col":11,"walk_min":80.4,"nearest_station_id":"kr_060","nearest_station_name":"Bucheon","nearest_station_name_ko":"부천","a":117,"c":119,"e":120,"g":120,"i":120,"k":120,"m":120,"o":114,"b":117,"d":119,"f":120,"h":120,"j":120,"l":120,"n":120,"p":114}},{"type":"Feature","geometry":{"type":"Polygon","coordinates":[[[126.83957,37.37035],[126.85687,37.37035],[126.85687,37.38765],[126.83957,37.38765],[126.83957,37.37035]]]},"properties":{"row":11,"col":15,"walk_min":80.5,"nearest_station_id":"kr_442","nearest_station_name":"Gwangmyeong","nearest_station_name_ko":"광명","a":116,"c":118,"e":120,"g":120,"i":120,"k":120,"m":120,"o":116,"b":104,"d":108,"f":120,"h":120,"j":120,"l":120,"n":120,"p":116}},{"type":"Feature","geometry":{"type":"Polygon","coordinates":[[[126.77035,37.71644],[126.78765,37.71644],[126.78765,37.73374],[126.77035,37.73374],[126.77035,37.71644]]]},"properties":{"row":31,"col":11,"walk_min":82.5,"nearest_station_id":"kr_424","nearest_station_name":"Daehwa","nearest_station_name_ko":"대화","a":120,"c":120,"e":120,"g":120,"i":120,"k":120,"m":120,"o":120,"b":120,"d":120,"f":120,"h":120,"j":120,"l":120,"n":120,"p":120}},{"type":"Feature","geometry":{"type":"Polygon","coordinates":[[[127.09914,37.21461],[127.11644,37.21461],[127.11644,37.23191],[127.09914,37.23191],[127.09914,37.21461]]]},"properties":{"row":2,"col":30,"walk_min":82.5,"nearest_station_id":"kr_466","nearest_station_name":"Seodongtan","nearest_station_name_ko":"서동탄","a":120,"c":120,"e":120,"g":120,"i":120,"k":120,"m":120,"o":120,"b":120,"d":120,"f":120,"h":120,"j":120,"l":120,"n":120,"p":120}},{"type":"Feature","geometry":{"type":"Polygon","coordinates":[[[126.80496,37.37035],[126.82226,37.37035],[126.82226,37.38765],[126.80496,37.38765],[126.80496,37.37035]]]},"properties":{"row":11,"col":13,"walk_min":84.5,"nearest_station_id":"kr_427","nearest_station_name":"Singiloncheon","nearest_station_name_ko":"신길온천","a":120,"c":120,"e":120,"g":120,"i":120,"k":120,"m":120,"o":120,"b":120,"d":120,"f":120,"h":120,"j":120,"l":120,"n":120,"p":120}},{"type":"Feature","geometry":{"type":"Polygon","coordinates":[[[126.66652,37.54339],[126.68383,37.54339],[126.68383,37.5607],[126.66652,37.5607],[126.66652,37.54339]]]},"properties":{"row":21,"col":5,"walk_min":79.3,"nearest_station_id":"kr_258","nearest_station_name":"Sangok","nearest_station_name_ko":"산곡","a":120,"c":120,"e":120,"g":120,"i":120,"k":120,"m":120,"o":120,"b":120,"d":120,"f":120,"h":120,"j":120,"l":120,"n":120,"p":120}},{"type":"Feature","geometry":{"type":"Polygon","coordinates":[[[127.08183,37.82027],[127.09914,37.82027],[127.09914,37.82892],[127.08183,37.82892],[127.08183,37.82027]]]},"properties":{"row":37,"col":29,"walk_min":73.8,"nearest_station_id":"kr_447","nearest_station_name":"Deokgye","nearest_station_name_ko":"덕계","a":120,"c":120,"e":120,"g":120,"i":120,"k":120,"m":120,"o":120,"b":120,"d":120,"f":120,"h":120,"j":120,"l":120,"n":120,"p":120}},{"type":"Feature","geometry":{"type":"Polygon","coordinates":[[[127.04722,37.38765],[127.06453,37.38765],[127.06453,37.40496],[127.04722,37.40496],[127.04722,37.38765]]]},"properties":{"row":12,"col":27,"walk_min":78.6,"nearest_station_id":"kr_041","nearest_station_name":"Pangyo","nearest_station_name_ko":"판교","a":120,"c":120,"e":106,"g":120,"i":116,"k":120,"m":120,"o":120,"b":120,"d":120,"f":106,"h":120,"j":116,"l":120,"n":120,"p":120}},{"type":"Feature","geometry":{"type":"Polygon","coordinates":[[[127.22027,37.51744],[127.22892,37.51744],[127.22892,37.52609],[127.22027,37.52609],[127.22027,37.51744]]]},"properties":{"row":19,"col":37,"walk_min":72.6,"nearest_station_id":"kr_469","nearest_station_name":"Hanam Geomdansan","nearest_station_name_ko":"하남검단산","a":120,"c":120,"e":120,"g":119,"i":120,"k":119,"m":120,"o":120,"b":120,"d":120,"f":120,"h":119,"j":120,"l":119,"n":120,"p":120}},{"type":"Feature","geometry":{"type":"Polygon","coordinates":[[[126.978,37.71644],[126.99531,37.71644],[126.99531,37.73374],[126.978,37.73374],[126.978,37.71644]]]},"properties":{"row":31,"col":23,"walk_min":85.5,"nearest_station_id":"kr_062","nearest_station_name":"Hoeryong","nearest_station_name_ko":"회룡","a":120,"c":120,"e":120,"g":120,"i":120,"k":120,"m":120,"o":120,"b":120,"d":120,"f":120,"h":120,"j":120,"l":120,"n":120,"p":120}},{"type":"Feature","geometry":{"type":"Polygon","coordinates":[[[126.71844,37.71644],[126.73574,37.71644],[126.73574,37.73374],[126.71844,37.73374],[126.71844,37.71644]]]},"properties":{"row":31,"col":8,"walk_min":78.9,"nearest_station_id":"kr_424","nearest_station_name":"Daehwa","nearest_station_name_ko":"대화","a":120,"c":120,"e":120,"g":120,"i":120,"k":120,"m":120,"o":120,"b":120,"d":120,"f":120,"h":120,"j":120,"l":120,"n":120,"p":120}},{"type":"Feature","geometry":{"type":"Polygon","coordinates":[[[126.94339,37.68183],[126.9607,37.68183],[126.9607,37.69914],[126.94339,37.69914],[126.94339,37.68183]]]},"properties":{"row":29,"col":21,"walk_min":82.6,"nearest_station_id":"kr_104","nearest_station_name":"Jichuk","nearest_station_name_ko":"지축","a":117,"c":115,"e":120,"g":120,"i":120,"k":120,"m":120,"o":120,"b":117,"d":115,"f":120,"h":120,"j":120,"l":120,"n":120,"p":120}},{"type":"Feature","geometry":{"type":"Polygon","coordinates":[[[127.04722,37.37035],[127.06453,37.37035],[127.06453,37.38765],[127.04722,37.38765],[127.04722,37.37035]]]},"properties":{"row":11,"col":27,"walk_min":81.8,"nearest_station_id":"kr_148","nearest_station_name":"Jeongja","nearest_station_name_ko":"정자","a":120,"c":120,"e":115,"g":120,"i":120,"k":120,"m":120,"o":120,"b":120,"d":120,"f":115,"h":120,"j":120,"l":120,"n":120,"p":120}},{"type":"Feature","geometry":{"type":"Polygon","coordinates":[[[126.77035,37.38765],[126.78765,37.38765],[126.78765,37.40496],[126.77035,37.40496],[126.77035,37.38765]]]},"properties":{"row":12,"col":11,"walk_min":99.5,"nearest_station_id":"kr_428","nearest_station_name":"Oido","nearest_station_name_ko":"오이도","a":120,"c":120,"e":120,"g":120,"i":120,"k":120,"m":120,"o":120,"b":120,"d":120,"f":120,"h":120,"j":120,"l":120,"n":120,"p":120}},{"type":"Feature","geometry":{"type":"Polygon","coordinates":[[[127.16835,37.75105],[127.18566,37.75105],[127.18566,37.76835],[127.16835,37.76835],[127.16835,37.75105]]]},"properties":{"row":33,"col":34,"walk_min":89.3,"nearest_station_id":"kr_470","nearest_station_name":"Jinjeop","nearest_station_name_ko":"진접","a":120,"c":120,"e":120,"g":120,"i":120,"k":120,"m":120,"o":120,"b":120,"d":120,"f":120,"h":120,"j":120,"l":120,"n":120,"p":120}},{"type":"Feature","geometry":{"type":"Polygon","coordinates":[[[127.15105,37.33574],[127.16835,37.33574],[127.16835,37.35305],[127.15105,37.35305],[127.15105,37.33574]]]},"properties":{"row":9,"col":33,"walk_min":80.2,"nearest_station_id":"kr_172","nearest_station_name":"Migeum","nearest_station_name_ko":"미금","a":120,"c":120,"e":117,"g":120,"i":120,"k":120,"m":120,"o":120,"b":120,"d":120,"f":117,"h":120,"j":120,"l":120,"n":120,"p":120}},{"type":"Feature","geometry":{"type":"Polygon","coordinates":[[[126.978,37.18],[126.99531,37.18],[126.99531,37.1973],[126.978,37.1973],[126.978,37.18]]]},"properties":{"row":0,"col":23,"walk_min":83.3,"nearest_station_id":"kr_047","nearest_station_name":"Byeongjeom","nearest_station_name_ko":"병점","a":120,"c":120,"e":120,"g":120,"i":120,"k":120,"m":120,"o":120,"b":120,"d":120,"f":120,"h":120,"j":120,"l":120,"n":120,"p":120}},{"type":"Feature","geometry":{"type":"Polygon","coordinates":[[[126.978,37.73374],[126.99531,37.73374],[126.99531,37.75105],[126.978,37.75105],[126.978,37.73374]]]},"properties":{"row":32,"col":23,"walk_min":87.6,"nearest_station_id":"kr_448","nearest_station_name":"Ganeung","nearest_station_name_ko":"가능","a":120,"c":120,"e":120,"g":120,"i":120,"k":120,"m":120,"o":120,"b":120,"d":120,"f":120,"h":120,"j":120,"l":120,"n":120,"p":120}},{"type":"Feature","geometry":{"type":"Polygon","coordinates":[[[126.87418,37.24922],[126.89148,37.24922],[126.89148,37.26652],[126.87418,37.26652],[126.87418,37.24922]]]},"properties":{"row":4,"col":17,"walk_min":85.6,"nearest_station_id":"kr_114","nearest_station_name":"Sangnoksu","nearest_station_name_ko":"상록수","a":120,"c":120,"e":120,"g":120,"i":120,"k":120,"m":120,"o":120,"b":120,"d":120,"f":120,"h":120,"j":120,"l":120,"n":120,"p":120}},{"type":"Feature","geometry":{"type":"Polygon","coordinates":[[[126.69248,37.30978],[126.70113,37.30978],[126.70113,37.31844],[126.69248,37.31844],[126.69248,37.30978]]]},"properties":{"row":7,"col":6,"walk_min":76.3,"nearest_station_id":"kr_351","nearest_station_name":"Jeongwang","nearest_station_name_ko":"정왕","a":120,"c":120,"e":120,"g":120,"i":120,"k":120,"m":120,"o":120,"b":120,"d":120,"f":120,"h":120,"j":120,"l":120,"n":120,"p":120}},{"type":"Feature","geometry":{"type":"Polygon","coordinates":[[[126.73574,37.5607],[126.75305,37.5607],[126.75305,37.578],[126.73574,37.578],[126.73574,37.5607]]]},"properties":{"row":22,"col":9,"walk_min":80.4,"nearest_station_id":"kr_429","nearest_station_name":"Gaehwa","nearest_station_name_ko":"개화","a":120,"c":120,"e":120,"g":120,"i":120,"k":120,"m":120,"o":111,"b":120,"d":120,"f":120,"h":120,"j":120,"l":120,"n":120,"p":111}},{"type":"Feature","geometry":{"type":"Polygon","coordinates":[[[126.9607,37.66453],[126.978,37.66453],[126.978,37.68183],[126.9607,37.68183],[126.9607,37.66453]]]},"properties":{"row":28,"col":22,"walk_min":83.5,"nearest_station_id":"kr_104","nearest_station_name":"Jichuk","nearest_station_name_ko":"지축","a":118,"c":116,"e":120,"g":120,"i":120,"k":120,"m":120,"o":120,"b":118,"d":116,"f":120,"h":120,"j":120,"l":120,"n":120,"p":120}},{"type":"Feature","geometry":{"type":"Polygon","coordinates":[[[127.15105,37.31844],[127.16835,37.31844],[127.16835,37.33574],[127.15105,37.33574],[127.15105,37.31844]]]},"properties":{"row":8,"col":33,"walk_min":82.2,"nearest_station_id":"kr_172","nearest_station_name":"Migeum","nearest_station_name_ko":"미금","a":120,"c":120,"e":119,"g":120,"i":120,"k":120,"m":120,"o":120,"b":120,"d":120,"f":119,"h":120,"j":120,"l":120,"n":120,"p":120}},{"type":"Feature","geometry":{"type":"Polygon","coordinates":[[[127.20296,37.59531],[127.22027,37.59531],[127.22027,37.61261],[127.20296,37.61261],[127.20296,37.59531]]]},"properties":{"row":24,"col":36,"walk_min":85.8,"nearest_station_id":"kr_331","nearest_station_name":"Misa","nearest_station_name_ko":"미사","a":120,"c":120,"e":120,"g":120,"i":120,"k":120,"m":120,"o":120,"b":120,"d":120,"f":120,"h":120,"j":120,"l":120,"n":120,"p":120}},{"type":"Feature","geometry":{"type":"Polygon","coordinates":[[[127.09914,37.75105],[127.11644,37.75105],[127.11644,37.76835],[127.09914,37.76835],[127.09914,37.75105]]]},"properties":{"row":33,"col":30,"walk_min":88.4,"nearest_station_id":"kr_448","nearest_station_name":"Ganeung","nearest_station_name_ko":"가능","a":120,"c":120,"e":120,"g":120,"i":120,"k":120,"m":120,"o":120,"b":120,"d":120,"f":120,"h":120,"j":120,"l":120,"n":120,"p":120}},{"type":"Feature","geometry":{"type":"Polygon","coordinates":[[[126.75305,37.42226],[126.77035,37.42226],[126.77035,37.43957],[126.75305,37.43957],[126.75305,37.42226]]]},"properties":{"row":14,"col":10,"walk_min":85.0,"nearest_station_id":"kr_060","nearest_station_name":"Bucheon","nearest_station_name_ko":"부천","a":120,"c":120,"e":120,"g":120,"i":120,"k":120,"m":120,"o":119,"b":120,"d":120,"f":120,"h":120,"j":120,"l":120,"n":120,"p":119}},{"type":"Feature","geometry":{"type":"Polygon","coordinates":[[[127.20296,37.61261],[127.22027,37.61261],[127.22027,37.62992],[127.20296,37.62992],[127.20296,37.61261]]]},"properties":{"row":25,"col":36,"walk_min":88.7,"nearest_station_id":"kr_352","nearest_station_name":"Dasan","nearest_station_name_ko":"다산","a":120,"c":120,"e":120,"g":120,"i":120,"k":120,"m":120,"o":120,"b":120,"d":120,"f":120,"h":120,"j":120,"l":120,"n":120,"p":120}},{"type":"Feature","geometry":{"type":"Polygon","coordinates":[[[126.70113,37.71644],[126.71844,37.71644],[126.71844,37.73374],[126.70113,37.73374],[126.70113,37.71644]]]},"properties":{"row":31,"col":7,"walk_min":84.2,"nearest_station_id":"kr_424","nearest_station_name":"Daehwa","nearest_station_name_ko":"대화","a":120,"c":120,"e":120,"g":120,"i":120,"k":120,"m":120,"o":120,"b":120,"d":120,"f":120,"h":120,"j":120,"l":120,"n":120,"p":120}},{"type":"Feature","geometry":{"type":"Polygon","coordinates":[[[127.01261,37.31844],[127.02992,37.31844],[127.02992,37.33574],[127.01261,37.33574],[127.01261,37.31844]]]},"properties":{"row":8,"col":25,"walk_min":80.4,"nearest_station_id":"kr_444","nearest_station_name":"Gwanggyo","nearest_station_name_ko":"광교","a":120,"c":120,"e":120,"g":120,"i":120,"k":120,"m":120,"o":120,"b":120,"d":120,"f":120,"h":120,"j":120,"l":120,"n":120,"p":120}},{"type":"Feature","geometry":{"type":"Polygon","coordinates":[[[126.82226,37.38765],[126.83957,37.38765],[126.83957,37.40496],[126.82226,37.40496],[126.82226,37.38765]]]},"properties":{"row":12,"col":14,"walk_min":91.3,"nearest_station_id":"kr_442","nearest_station_name":"Gwangmyeong","nearest_station_name_ko":"광명","a":120,"c":120,"e":120,"g":120,"i":120,"k":120,"m":120,"o":120,"b":115,"d":118,"f":120,"h":120,"j":120,"l":120,"n":120,"p":120}},{"type":"Feature","geometry":{"type":"Polygon","coordinates":[[[126.71844,37.40496],[126.73574,37.40496],[126.73574,37.42226],[126.71844,37.42226],[126.71844,37.40496]]]},"properties":{"row":13,"col":8,"walk_min":89.9,"nearest_station_id":"kr_428","nearest_station_name":"Oido","nearest_station_name_ko":"오이도","a":120,"c":120,"e":120,"g":120,"i":120,"k":120,"m":120,"o":120,"b":120,"d":120,"f":120,"h":120,"j":120,"l":120,"n":120,"p":120}},{"type":"Feature","geometry":{"type":"Polygon","coordinates":[[[127.11644,37.18],[127.13374,37.18],[127.13374,37.1973],[127.11644,37.1973],[127.11644,37.18]]]},"properties":{"row":0,"col":31,"walk_min":90.0,"nearest_station_id":"kr_416","nearest_station_name":"Osan College","nearest_station_name_ko":"오산대","a":120,"c":120,"e":120,"g":120,"i":120,"k":120,"m":120,"o":120,"b":120,"d":120,"f":120,"h":120,"j":120,"l":120,"n":120,"p":120}},{"type":"Feature","geometry":{"type":"Polygon","coordinates":[[[126.94339,37.23191],[126.9607,37.23191],[126.9607,37.24922],[126.94339,37.24922],[126.94339,37.23191]]]},"properties":{"row":3,"col":21,"walk_min":87.2,"nearest_station_id":"kr_043","nearest_station_name":"Suwon","nearest_station_name_ko":"수원","a":120,"c":120,"e":120,"g":120,"i":120,"k":120,"m":120,"o":120,"b":120,"d":120,"f":120,"h":120,"j":120,"l":120,"n":120,"p":120}},{"type":"Feature","geometry":{"type":"Polygon","coordinates":[[[127.09914,37.76835],[127.11644,37.76835],[127.11644,37.78566],[127.09914,37.78566],[127.09914,37.76835]]]},"properties":{"row":34,"col":30,"walk_min":84.6,"nearest_station_id":"kr_092","nearest_station_name":"Yangju","nearest_station_name_ko":"양주","a":120,"c":120,"e":120,"g":120,"i":120,"k":120,"m":120,"o":120,"b":120,"d":120,"f":120,"h":120,"j":120,"l":120,"n":120,"p":120}},{"type":"Feature","geometry":{"type":"Polygon","coordinates":[[[126.89148,37.24922],[126.90879,37.24922],[126.90879,37.26652],[126.89148,37.26652],[126.89148,37.24922]]]},"properties":{"row":4,"col":18,"walk_min":88.4,"nearest_station_id":"kr_114","nearest_station_name":"Sangnoksu","nearest_station_name_ko":"상록수","a":120,"c":120,"e":120,"g":120,"i":120,"k":120,"m":120,"o":120,"b":120,"d":120,"f":120,"h":120,"j":120,"l":120,"n":120,"p":120}},{"type":"Feature","geometry":{"type":"Polygon","coordinates":[[[127.08183,37.23191],[127.09914,37.23191],[127.09914,37.24922],[127.08183,37.24922],[127.08183,37.23191]]]},"properties":{"row":3,"col":29,"walk_min":87.2,"nearest_station_id":"kr_466","nearest_station_name":"Seodongtan","nearest_station_name_ko":"서동탄","a":120,"c":120,"e":120,"g":120,"i":120,"k":120,"m":120,"o":120,"b":120,"d":120,"f":120,"h":120,"j":120,"l":120,"n":120,"p":120}},{"type":"Feature","geometry":{"type":"Polygon","coordinates":[[[127.02992,37.35305],[127.04722,37.35305],[127.04722,37.37035],[127.02992,37.37035],[127.02992,37.35305]]]},"properties":{"row":10,"col":26,"walk_min":84.8,"nearest_station_id":"kr_148","nearest_station_name":"Jeongja","nearest_station_name_ko":"정자","a":120,"c":120,"e":118,"g":120,"i":120,"k":120,"m":120,"o":120,"b":120,"d":120,"f":118,"h":120,"j":120,"l":120,"n":120,"p":120}},{"type":"Feature","geometry":{"type":"Polygon","coordinates":[[[126.73574,37.59531],[126.75305,37.59531],[126.75305,37.61261],[126.73574,37.61261],[126.73574,37.59531]]]},"properties":{"row":24,"col":9,"walk_min":90.9,"nearest_station_id":"kr_429","nearest_station_name":"Gaehwa","nearest_station_name_ko":"개화","a":120,"c":120,"e":120,"g":120,"i":120,"k":120,"m":120,"o":120,"b":120,"d":120,"f":120,"h":120,"j":120,"l":120,"n":120,"p":120}},{"type":"Feature","geometry":{"type":"Polygon","coordinates":[[[127.02992,37.38765],[127.04722,37.38765],[127.04722,37.40496],[127.02992,37.40496],[127.02992,37.38765]]]},"properties":{"row":12,"col":26,"walk_min":85.1,"nearest_station_id":"kr_346","nearest_station_name":"Seoul Grand park","nearest_station_name_ko":"대공원","a":117,"c":119,"e":107,"g":120,"i":97,"k":120,"m":120,"o":120,"b":117,"d":119,"f":107,"h":120,"j":97,"l":120,"n":120,"p":120}},{"type":"Feature","geometry":{"type":"Polygon","coordinates":[[[126.63191,37.52609],[126.64922,37.52609],[126.64922,37.54339],[126.63191,37.54339],[126.63191,37.52609]]]},"properties":{"row":20,"col":3,"walk_min":90.9,"nearest_station_id":"kr_258","nearest_station_name":"Sangok","nearest_station_name_ko":"산곡","a":120,"c":120,"e":120,"g":120,"i":120,"k":120,"m":120,"o":120,"b":120,"d":120,"f":120,"h":120,"j":120,"l":120,"n":120,"p":120}},{"type":"Feature","geometry":{"type":"Polygon","coordinates":[[[126.73574,37.578],[126.75305,37.578],[126.75305,37.59531],[126.73574,37.59531],[126.73574,37.578]]]},"properties":{"row":23,"col":9,"walk_min":85.2,"nearest_station_id":"kr_429","nearest_station_name":"Gaehwa","nearest_station_name_ko":"개화","a":120,"c":120,"e":120,"g":120,"i":120,"k":120,"m":120,"o":116,"b":120,"d":120,"f":120,"h":120,"j":120,"l":120,"n":120,"p":116}},{"type":"Feature","geometry":{"type":"Polygon","coordinates":[[[126.978,37.80296],[126.99531,37.80296],[126.99531,37.82027],[126.978,37.82027],[126.978,37.80296]]]},"properties":{"row":36,"col":23,"walk_min":86.6,"nearest_station_id":"kr_447","nearest_station_name":"Deokgye","nearest_station_name_ko":"덕계","a":120,"c":120,"e":120,"g":120,"i":120,"k":120,"m":120,"o":120,"b":120,"d":120,"f":120,"h":120,"j":120,"l":120,"n":120,"p":120}},{"type":"Feature","geometry":{"type":"Polygon","coordinates":[[[126.67517,37.68183],[126.68383,37.68183],[126.68383,37.69914],[126.67517,37.69914],[126.67517,37.68183]]]},"properties":{"row":29,"col":5,"walk_min":82.7,"nearest_station_id":"kr_424","nearest_station_name":"Daehwa","nearest_station_name_ko":"대화","a":120,"c":120,"e":120,"g":120,"i":120,"k":120,"m":120,"o":120,"b":120,"d":120,"f":120,"h":120,"j":120,"l":120,"n":120,"p":120}},{"type":"Feature","geometry":{"type":"Polygon","coordinates":[[[126.5973,37.40496],[126.61461,37.40496],[126.61461,37.42226],[126.5973,37.42226],[126.5973,37.40496]]]},"properties":{"row":13,"col":1,"walk_min":86.7,"nearest_station_id":"kr_457","nearest_station_name":"Dowon","nearest_station_name_ko":"도원","a":120,"c":120,"e":120,"g":120,"i":120,"k":120,"m":120,"o":120,"b":120,"d":120,"f":120,"h":120,"j":120,"l":120,"n":120,"p":120}},{"type":"Feature","geometry":{"type":"Polygon","coordinates":[[[126.73574,37.40496],[126.75305,37.40496],[126.75305,37.42226],[126.73574,37.42226],[126.73574,37.40496]]]},"properties":{"row":13,"col":9,"walk_min":93.5,"nearest_station_id":"kr_428","nearest_station_name":"Oido","nearest_station_name_ko":"오이도","a":120,"c":120,"e":120,"g":120,"i":120,"k":120,"m":120,"o":120,"b":120,"d":120,"f":120,"h":120,"j":120,"l":120,"n":120,"p":120}},{"type":"Feature","geometry":{"type":"Polygon","coordinates":[[[127.01261,37.33574],[127.02992,37.33574],[127.02992,37.35305],[127.01261,37.35305],[127.01261,37.33574]]]},"properties":{"row":9,"col":25,"walk_min":87.6,"nearest_station_id":"kr_444","nearest_station_name":"Gwanggyo","nearest_station_name_ko":"광교","a":120,"c":120,"e":120,"g":120,"i":120,"k":120,"m":120,"o":120,"b":120,"d":120,"f":120,"h":120,"j":120,"l":120,"n":120,"p":120}},{"type":"Feature","geometry":{"type":"Polygon","coordinates":[[[126.978,37.21461],[126.99531,37.21461],[126.99531,37.23191],[126.978,37.23191],[126.978,37.21461]]]},"properties":{"row":2,"col":23,"walk_min":86.5,"nearest_station_id":"kr_462","nearest_station_name":"Seryu","nearest_station_name_ko":"세류","a":120,"c":120,"e":120,"g":120,"i":120,"k":120,"m":120,"o":120,"b":120,"d":120,"f":120,"h":120,"j":120,"l":120,"n":120,"p":120}},{"type":"Feature","geometry":{"type":"Polygon","coordinates":[[[126.66652,37.66453],[126.68383,37.66453],[126.68383,37.68183],[126.66652,37.68183],[126.66652,37.66453]]]},"properties":{"row":28,"col":5,"walk_min":179.7,"nearest_station_id":"kr_424","nearest_station_name":"Daehwa","nearest_station_name_ko":"대화","a":120,"c":120,"e":120,"g":120,"i":120,"k":120,"m":120,"o":120,"b":120,"d":120,"f":120,"h":120,"j":120,"l":120,"n":120,"p":120}},{"type":"Feature","geometry":{"type":"Polygon","coordinates":[[[126.83957,37.69914],[126.85687,37.69914],[126.85687,37.71644],[126.83957,37.71644],[126.83957,37.69914]]]},"properties":{"row":30,"col":15,"walk_min":88.8,"nearest_station_id":"kr_145","nearest_station_name":"Wondang","nearest_station_name_ko":"원당","a":120,"c":120,"e":120,"g":120,"i":120,"k":120,"m":120,"o":120,"b":120,"d":120,"f":120,"h":120,"j":120,"l":120,"n":120,"p":120}},{"type":"Feature","geometry":{"type":"Polygon","coordinates":[[[127.22027,37.37035],[127.22892,37.37035],[127.22892,37.38765],[127.22027,37.38765],[127.22027,37.37035]]]},"properties":{"row":11,"col":37,"walk_min":80.1,"nearest_station_id":"kr_149","nearest_station_name":"경기광주","nearest_station_name_ko":"경기광주","a":120,"c":120,"e":120,"g":120,"i":120,"k":120,"m":120,"o":120,"b":120,"d":120,"f":120,"h":120,"j":120,"l":120,"n":120,"p":120}},{"type":"Feature","geometry":{"type":"Polygon","coordinates":[[[127.13374,37.28383],[127.15105,37.28383],[127.15105,37.30113],[127.13374,37.30113],[127.13374,37.28383]]]},"properties":{"row":6,"col":32,"walk_min":85.7,"nearest_station_id":"kr_233","nearest_station_name":"Suji-gu Office","nearest_station_name_ko":"수지구청","a":120,"c":120,"e":120,"g":120,"i":120,"k":120,"m":120,"o":120,"b":120,"d":120,"f":120,"h":120,"j":120,"l":120,"n":120,"p":120}},{"type":"Feature","geometry":{"type":"Polygon","coordinates":[[[126.978,37.1973],[126.99531,37.1973],[126.99531,37.21461],[126.978,37.21461],[126.978,37.1973]]]},"properties":{"row":1,"col":23,"walk_min":86.5,"nearest_station_id":"kr_047","nearest_station_name":"Byeongjeom","nearest_station_name_ko":"병점","a":120,"c":120,"e":120,"g":120,"i":120,"k":120,"m":120,"o":120,"b":120,"d":120,"f":120,"h":120,"j":120,"l":120,"n":120,"p":120}},{"type":"Feature","geometry":{"type":"Polygon","coordinates":[[[126.71844,37.5607],[126.73574,37.5607],[126.73574,37.578],[126.71844,37.578],[126.71844,37.5607]]]},"properties":{"row":22,"col":8,"walk_min":91.1,"nearest_station_id":"kr_429","nearest_station_name":"Gaehwa","nearest_station_name_ko":"개화","a":120,"c":120,"e":120,"g":120,"i":120,"k":120,"m":120,"o":120,"b":120,"d":120,"f":120,"h":120,"j":120,"l":120,"n":120,"p":120}},{"type":"Feature","geometry":{"type":"Polygon","coordinates":[[[126.73574,37.28383],[126.75305,37.28383],[126.75305,37.30113],[126.73574,37.30113],[126.73574,37.28383]]]},"properties":{"row":6,"col":9,"walk_min":236.3,"nearest_station_id":"kr_427","nearest_station_name":"Singiloncheon","nearest_station_name_ko":"신길온천","a":120,"c":120,"e":120,"g":120,"i":120,"k":120,"m":120,"o":120,"b":120,"d":120,"f":120,"h":120,"j":120,"l":120,"n":120,"p":120}},{"type":"Feature","geometry":{"type":"Polygon","coordinates":[[[126.70113,37.5607],[126.71844,37.5607],[126.71844,37.578],[126.70113,37.578],[126.70113,37.5607]]]},"properties":{"row":22,"col":7,"walk_min":89.5,"nearest_station_id":"kr_258","nearest_station_name":"Sangok","nearest_station_name_ko":"산곡","a":120,"c":120,"e":120,"g":120,"i":120,"k":120,"m":120,"o":120,"b":120,"d":120,"f":120,"h":120,"j":120,"l":120,"n":120,"p":120}},{"type":"Feature","geometry":{"type":"Polygon","coordinates":[[[126.61461,37.40496],[126.63191,37.40496],[126.63191,37.42226],[126.61461,37.42226],[126.61461,37.40496]]]},"properties":{"row":13,"col":2,"walk_min":87.7,"nearest_station_id":"kr_457","nearest_station_name":"Dowon","nearest_station_name_ko":"도원","a":120,"c":120,"e":120,"g":120,"i":120,"k":120,"m":120,"o":120,"b":120,"d":120,"f":120,"h":120,"j":120,"l":120,"n":120,"p":120}},{"type":"Feature","geometry":{"type":"Polygon","coordinates":[[[126.75305,37.40496],[126.77035,37.40496],[126.77035,37.42226],[126.75305,37.42226],[126.75305,37.40496]]]},"properties":{"row":13,"col":10,"walk_min":99.4,"nearest_station_id":"kr_428","nearest_station_name":"Oido","nearest_station_name_ko":"오이도","a":120,"c":120,"e":120,"g":120,"i":120,"k":120,"m":120,"o":120,"b":120,"d":120,"f":120,"h":120,"j":120,"l":120,"n":120,"p":120}},{"type":"Feature","geometry":{"type":"Polygon","coordinates":[[[127.16835,37.35305],[127.18566,37.35305],[127.18566,37.37035],[127.16835,37.37035],[127.16835,37.35305]]]},"properties":{"row":10,"col":34,"walk_min":104.7,"nearest_station_id":"kr_108","nearest_station_name":"Imae","nearest_station_name_ko":"이매","a":120,"c":120,"e":120,"g":120,"i":120,"k":120,"m":120,"o":120,"b":120,"d":120,"f":120,"h":120,"j":120,"l":120,"n":120,"p":120}},{"type":"Feature","geometry":{"type":"Polygon","coordinates":[[[126.92609,37.69914],[126.94339,37.69914],[126.94339,37.71644],[126.92609,37.71644],[126.92609,37.69914]]]},"properties":{"row":30,"col":20,"walk_min":90.5,"nearest_station_id":"kr_104","nearest_station_name":"Jichuk","nearest_station_name_ko":"지축","a":120,"c":120,"e":120,"g":120,"i":120,"k":120,"m":120,"o":120,"b":120,"d":120,"f":120,"h":120,"j":120,"l":120,"n":120,"p":120}},{"type":"Feature","geometry":{"type":"Polygon","coordinates":[[[126.85687,37.69914],[126.87418,37.69914],[126.87418,37.71644],[126.85687,37.71644],[126.85687,37.69914]]]},"properties":{"row":30,"col":16,"walk_min":99.7,"nearest_station_id":"kr_145","nearest_station_name":"Wondang","nearest_station_name_ko":"원당","a":120,"c":120,"e":120,"g":120,"i":120,"k":120,"m":120,"o":120,"b":120,"d":120,"f":120,"h":120,"j":120,"l":120,"n":120,"p":120}},{"type":"Feature","geometry":{"type":"Polygon","coordinates":[[[126.78765,37.38765],[126.80496,37.38765],[126.80496,37.40496],[126.78765,37.40496],[126.78765,37.38765]]]},"properties":{"row":12,"col":12,"walk_min":97.2,"nearest_station_id":"kr_428","nearest_station_name":"Oido","nearest_station_name_ko":"오이도","a":120,"c":120,"e":120,"g":120,"i":120,"k":120,"m":120,"o":120,"b":120,"d":120,"f":120,"h":120,"j":120,"l":120,"n":120,"p":120}},{"type":"Feature","geometry":{"type":"Polygon","coordinates":[[[127.11644,37.1973],[127.13374,37.1973],[127.13374,37.21461],[127.11644,37.21461],[127.11644,37.1973]]]},"properties":{"row":1,"col":31,"walk_min":94.5,"nearest_station_id":"kr_466","nearest_station_name":"Seodongtan","nearest_station_name_ko":"서동탄","a":120,"c":120,"e":120,"g":120,"i":120,"k":120,"m":120,"o":120,"b":120,"d":120,"f":120,"h":120,"j":120,"l":120,"n":120,"p":120}},{"type":"Feature","geometry":{"type":"Polygon","coordinates":[[[127.22027,37.43957],[127.23757,37.43957],[127.23757,37.45687],[127.22027,37.45687],[127.22027,37.43957]]]},"properties":{"row":15,"col":37,"walk_min":91.8,"nearest_station_id":"kr_236","nearest_station_name":"Samdong","nearest_station_name_ko":"삼동","a":120,"c":120,"e":120,"g":120,"i":120,"k":120,"m":120,"o":120,"b":120,"d":120,"f":120,"h":120,"j":120,"l":120,"n":120,"p":120}},{"type":"Feature","geometry":{"type":"Polygon","coordinates":[[[127.09914,37.82027],[127.11644,37.82027],[127.11644,37.82892],[127.09914,37.82892],[127.09914,37.82027]]]},"properties":{"row":37,"col":30,"walk_min":87.8,"nearest_station_id":"kr_447","nearest_station_name":"Deokgye","nearest_station_name_ko":"덕계","a":120,"c":120,"e":120,"g":120,"i":120,"k":120,"m":120,"o":120,"b":120,"d":120,"f":120,"h":120,"j":120,"l":120,"n":120,"p":120}},{"type":"Feature","geometry":{"type":"Polygon","coordinates":[[[126.85687,37.24922],[126.87418,37.24922],[126.87418,37.26652],[126.85687,37.26652],[126.85687,37.24922]]]},"properties":{"row":4,"col":16,"walk_min":97.4,"nearest_station_id":"kr_114","nearest_station_name":"Sangnoksu","nearest_station_name_ko":"상록수","a":120,"c":120,"e":120,"g":120,"i":120,"k":120,"m":120,"o":120,"b":120,"d":120,"f":120,"h":120,"j":120,"l":120,"n":120,"p":120}},{"type":"Feature","geometry":{"type":"Polygon","coordinates":[[[126.80496,37.69914],[126.82226,37.69914],[126.82226,37.71644],[126.80496,37.71644],[126.80496,37.69914]]]},"properties":{"row":30,"col":13,"walk_min":91.9,"nearest_station_id":"kr_350","nearest_station_name":"Juyeop","nearest_station_name_ko":"주엽","a":120,"c":120,"e":120,"g":120,"i":120,"k":120,"m":120,"o":120,"b":120,"d":120,"f":120,"h":120,"j":120,"l":120,"n":120,"p":120}},{"type":"Feature","geometry":{"type":"Polygon","coordinates":[[[127.11644,37.80296],[127.13374,37.80296],[127.13374,37.82027],[127.11644,37.82027],[127.11644,37.80296]]]},"properties":{"row":36,"col":31,"walk_min":104.3,"nearest_station_id":"kr_447","nearest_station_name":"Deokgye","nearest_station_name_ko":"덕계","a":120,"c":120,"e":120,"g":120,"i":120,"k":120,"m":120,"o":120,"b":120,"d":120,"f":120,"h":120,"j":120,"l":120,"n":120,"p":120}},{"type":"Feature","geometry":{"type":"Polygon","coordinates":[[[127.09914,37.24922],[127.11644,37.24922],[127.11644,37.26652],[127.09914,37.26652],[127.09914,37.24922]]]},"properties":{"row":4,"col":30,"walk_min":94.8,"nearest_station_id":"kr_307","nearest_station_name":"Sanghyeon","nearest_station_name_ko":"상현","a":120,"c":120,"e":120,"g":120,"i":120,"k":120,"m":120,"o":120,"b":120,"d":120,"f":120,"h":120,"j":120,"l":120,"n":120,"p":120}},{"type":"Feature","geometry":{"type":"Polygon","coordinates":[[[127.20296,37.62992],[127.22027,37.62992],[127.22027,37.64722],[127.20296,37.64722],[127.20296,37.62992]]]},"properties":{"row":26,"col":36,"walk_min":93.2,"nearest_station_id":"kr_352","nearest_station_name":"Dasan","nearest_station_name_ko":"다산","a":120,"c":120,"e":120,"g":120,"i":120,"k":120,"m":120,"o":120,"b":120,"d":120,"f":120,"h":120,"j":120,"l":120,"n":120,"p":120}},{"type":"Feature","geometry":{"type":"Polygon","coordinates":[[[126.64922,37.54339],[126.66652,37.54339],[126.66652,37.5607],[126.64922,37.5607],[126.64922,37.54339]]]},"properties":{"row":21,"col":4,"walk_min":95.0,"nearest_station_id":"kr_258","nearest_station_name":"Sangok","nearest_station_name_ko":"산곡","a":120,"c":120,"e":120,"g":120,"i":120,"k":120,"m":120,"o":120,"b":120,"d":120,"f":120,"h":120,"j":120,"l":120,"n":120,"p":120}},{"type":"Feature","geometry":{"type":"Polygon","coordinates":[[[127.22027,37.45687],[127.23757,37.45687],[127.23757,37.47418],[127.22027,37.47418],[127.22027,37.45687]]]},"properties":{"row":16,"col":37,"walk_min":95.6,"nearest_station_id":"kr_232","nearest_station_name":"Namhansanseong","nearest_station_name_ko":"남한산성입구","a":120,"c":120,"e":120,"g":120,"i":120,"k":120,"m":120,"o":120,"b":120,"d":120,"f":120,"h":120,"j":120,"l":120,"n":120,"p":120}},{"type":"Feature","geometry":{"type":"Polygon","coordinates":[[[126.9607,37.68183],[126.978,37.68183],[126.978,37.69914],[126.9607,37.69914],[126.9607,37.68183]]]},"properties":{"row":29,"col":22,"walk_min":92.7,"nearest_station_id":"kr_044","nearest_station_name":"Dobongsan","nearest_station_name_ko":"도봉산","a":120,"c":120,"e":120,"g":120,"i":120,"k":120,"m":120,"o":120,"b":120,"d":120,"f":120,"h":120,"j":120,"l":120,"n":120,"p":120}},{"type":"Feature","geometry":{"type":"Polygon","coordinates":[[[127.02992,37.37035],[127.04722,37.37035],[127.04722,37.38765],[127.02992,37.38765],[127.02992,37.37035]]]},"properties":{"row":11,"col":26,"walk_min":89.5,"nearest_station_id":"kr_325","nearest_station_name":"Indeogwon","nearest_station_name_ko":"인덕원","a":120,"c":120,"e":120,"g":120,"i":112,"k":120,"m":120,"o":120,"b":120,"d":120,"f":120,"h":120,"j":112,"l":120,"n":120,"p":120}},{"type":"Feature","geometry":{"type":"Polygon","coordinates":[[[126.58865,37.42226],[126.5973,37.42226],[126.5973,37.43957],[126.58865,37.43957],[126.58865,37.42226]]]},"properties":{"row":14,"col":0,"walk_min":99.2,"nearest_station_id":"kr_458","nearest_station_name":"Incheon","nearest_station_name_ko":"인천","a":120,"c":120,"e":120,"g":120,"i":120,"k":120,"m":120,"o":120,"b":120,"d":120,"f":120,"h":120,"j":120,"l":120,"n":120,"p":120}},{"type":"Feature","geometry":{"type":"Polygon","coordinates":[[[127.11644,37.71644],[127.13374,37.71644],[127.13374,37.73374],[127.11644,37.73374],[127.11644,37.71644]]]},"properties":{"row":31,"col":31,"walk_min":94.6,"nearest_station_id":"kr_361","nearest_station_name":"Onam","nearest_station_name_ko":"오남","a":120,"c":120,"e":120,"g":120,"i":120,"k":120,"m":120,"o":120,"b":120,"d":120,"f":120,"h":120,"j":120,"l":120,"n":120,"p":120}},{"type":"Feature","geometry":{"type":"Polygon","coordinates":[[[126.66652,37.31844],[126.68383,37.31844],[126.68383,37.33574],[126.66652,37.33574],[126.66652,37.31844]]]},"properties":{"row":8,"col":5,"walk_min":98.0,"nearest_station_id":"kr_351","nearest_station_name":"Jeongwang","nearest_station_name_ko":"정왕","a":120,"c":120,"e":120,"g":120,"i":120,"k":120,"m":120,"o":120,"b":120,"d":120,"f":120,"h":120,"j":120,"l":120,"n":120,"p":120}},{"type":"Feature","geometry":{"type":"Polygon","coordinates":[[[127.11644,37.26652],[127.13374,37.26652],[127.13374,37.28383],[127.11644,37.28383],[127.11644,37.26652]]]},"properties":{"row":5,"col":31,"walk_min":94.1,"nearest_station_id":"kr_307","nearest_station_name":"Sanghyeon","nearest_station_name_ko":"상현","a":120,"c":120,"e":120,"g":120,"i":120,"k":120,"m":120,"o":120,"b":120,"d":120,"f":120,"h":120,"j":120,"l":120,"n":120,"p":120}},{"type":"Feature","geometry":{"type":"Polygon","coordinates":[[[126.82226,37.37035],[126.83957,37.37035],[126.83957,37.38765],[126.82226,37.38765],[126.82226,37.37035]]]},"properties":{"row":11,"col":14,"walk_min":92.0,"nearest_station_id":"kr_442","nearest_station_name":"Gwangmyeong","nearest_station_name_ko":"광명","a":120,"c":120,"e":120,"g":120,"i":120,"k":120,"m":120,"o":120,"b":116,"d":119,"f":120,"h":120,"j":120,"l":120,"n":120,"p":120}},{"type":"Feature","geometry":{"type":"Polygon","coordinates":[[[126.5973,37.49148],[126.61461,37.49148],[126.61461,37.50879],[126.5973,37.50879],[126.5973,37.49148]]]},"properties":{"row":18,"col":1,"walk_min":97.4,"nearest_station_id":"kr_458","nearest_station_name":"Incheon","nearest_station_name_ko":"인천","a":120,"c":120,"e":120,"g":120,"i":120,"k":120,"m":120,"o":120,"b":120,"d":120,"f":120,"h":120,"j":120,"l":120,"n":120,"p":120}},{"type":"Feature","geometry":{"type":"Polygon","coordinates":[[[127.18566,37.76835],[127.20296,37.76835],[127.20296,37.78566],[127.18566,37.78566],[127.18566,37.76835]]]},"properties":{"row":34,"col":35,"walk_min":96.8,"nearest_station_id":"kr_470","nearest_station_name":"Jinjeop","nearest_station_name_ko":"진접","a":120,"c":120,"e":120,"g":120,"i":120,"k":120,"m":120,"o":120,"b":120,"d":120,"f":120,"h":120,"j":120,"l":120,"n":120,"p":120}},{"type":"Feature","geometry":{"type":"Polygon","coordinates":[[[126.64922,37.38765],[126.66652,37.38765],[126.66652,37.40496],[126.64922,37.40496],[126.64922,37.38765]]]},"properties":{"row":12,"col":4,"walk_min":98.8,"nearest_station_id":"kr_456","nearest_station_name":"Dohwa","nearest_station_name_ko":"도화","a":120,"c":120,"e":120,"g":120,"i":120,"k":120,"m":120,"o":120,"b":120,"d":120,"f":120,"h":120,"j":120,"l":120,"n":120,"p":120}},{"type":"Feature","geometry":{"type":"Polygon","coordinates":[[[126.9607,37.21461],[126.978,37.21461],[126.978,37.23191],[126.9607,37.23191],[126.9607,37.21461]]]},"properties":{"row":2,"col":22,"walk_min":100.2,"nearest_station_id":"kr_462","nearest_station_name":"Seryu","nearest_station_name_ko":"세류","a":120,"c":120,"e":120,"g":120,"i":120,"k":120,"m":120,"o":120,"b":120,"d":120,"f":120,"h":120,"j":120,"l":120,"n":120,"p":120}},{"type":"Feature","geometry":{"type":"Polygon","coordinates":[[[127.22027,37.49148],[127.23757,37.49148],[127.23757,37.50879],[127.22027,37.50879],[127.22027,37.49148]]]},"properties":{"row":18,"col":37,"walk_min":104.0,"nearest_station_id":"kr_469","nearest_station_name":"Hanam Geomdansan","nearest_station_name_ko":"하남검단산","a":120,"c":120,"e":120,"g":120,"i":120,"k":120,"m":120,"o":120,"b":120,"d":120,"f":120,"h":120,"j":120,"l":120,"n":120,"p":120}},{"type":"Feature","geometry":{"type":"Polygon","coordinates":[[[126.90879,37.24922],[126.92609,37.24922],[126.92609,37.26652],[126.90879,37.26652],[126.90879,37.24922]]]},"properties":{"row":4,"col":19,"walk_min":96.5,"nearest_station_id":"kr_415","nearest_station_name":"Banwol","nearest_station_name_ko":"반월","a":120,"c":120,"e":120,"g":120,"i":120,"k":120,"m":120,"o":120,"b":120,"d":120,"f":120,"h":120,"j":120,"l":120,"n":120,"p":120}},{"type":"Feature","geometry":{"type":"Polygon","coordinates":[[[126.9607,37.76835],[126.978,37.76835],[126.978,37.78566],[126.9607,37.78566],[126.9607,37.76835]]]},"properties":{"row":34,"col":22,"walk_min":97.3,"nearest_station_id":"kr_092","nearest_station_name":"Yangju","nearest_station_name_ko":"양주","a":120,"c":120,"e":120,"g":120,"i":120,"k":120,"m":120,"o":120,"b":120,"d":120,"f":120,"h":120,"j":120,"l":120,"n":120,"p":120}},{"type":"Feature","geometry":{"type":"Polygon","coordinates":[[[126.82226,37.69914],[126.83957,37.69914],[126.83957,37.71644],[126.82226,37.71644],[126.82226,37.69914]]]},"properties":{"row":30,"col":14,"walk_min":98.6,"nearest_station_id":"kr_145","nearest_station_name":"Wondang","nearest_station_name_ko":"원당","a":120,"c":120,"e":120,"g":120,"i":120,"k":120,"m":120,"o":120,"b":120,"d":120,"f":120,"h":120,"j":120,"l":120,"n":120,"p":120}},{"type":"Feature","geometry":{"type":"Polygon","coordinates":[[[126.68383,37.71644],[126.70113,37.71644],[126.70113,37.73374],[126.68383,37.73374],[126.68383,37.71644]]]},"properties":{"row":31,"col":6,"walk_min":99.5,"nearest_station_id":"kr_424","nearest_station_name":"Daehwa","nearest_station_name_ko":"대화","a":120,"c":120,"e":120,"g":120,"i":120,"k":120,"m":120,"o":120,"b":120,"d":120,"f":120,"h":120,"j":120,"l":120,"n":120,"p":120}},{"type":"Feature","geometry":{"type":"Polygon","coordinates":[[[126.66652,37.38765],[126.68383,37.38765],[126.68383,37.40496],[126.66652,37.40496],[126.66652,37.38765]]]},"properties":{"row":12,"col":5,"walk_min":101.0,"nearest_station_id":"kr_428","nearest_station_name":"Oido","nearest_station_name_ko":"오이도","a":120,"c":120,"e":120,"g":120,"i":120,"k":120,"m":120,"o":120,"b":120,"d":120,"f":120,"h":120,"j":120,"l":120,"n":120,"p":120}},{"type":"Feature","geometry":{"type":"Polygon","coordinates":[[[126.67517,37.69914],[126.68383,37.69914],[126.68383,37.71644],[126.67517,37.71644],[126.67517,37.69914]]]},"properties":{"row":30,"col":5,"walk_min":91.2,"nearest_station_id":"kr_424","nearest_station_name":"Daehwa","nearest_station_name_ko":"대화","a":120,"c":120,"e":120,"g":120,"i":120,"k":120,"m":120,"o":120,"b":120,"d":120,"f":120,"h":120,"j":120,"l":120,"n":120,"p":120}},{"type":"Feature","geometry":{"type":"Polygon","coordinates":[[[127.15105,37.30113],[127.16835,37.30113],[127.16835,37.31844],[127.15105,37.31844],[127.15105,37.30113]]]},"properties":{"row":7,"col":33,"walk_min":103.2,"nearest_station_id":"kr_233","nearest_station_name":"Suji-gu Office","nearest_station_name_ko":"수지구청","a":120,"c":120,"e":120,"g":120,"i":120,"k":120,"m":120,"o":120,"b":120,"d":120,"f":120,"h":120,"j":120,"l":120,"n":120,"p":120}},{"type":"Feature","geometry":{"type":"Polygon","coordinates":[[[127.13374,37.26652],[127.15105,37.26652],[127.15105,37.28383],[127.13374,37.28383],[127.13374,37.26652]]]},"properties":{"row":5,"col":32,"walk_min":99.7,"nearest_station_id":"kr_233","nearest_station_name":"Suji-gu Office","nearest_station_name_ko":"수지구청","a":120,"c":120,"e":120,"g":120,"i":120,"k":120,"m":120,"o":120,"b":120,"d":120,"f":120,"h":120,"j":120,"l":120,"n":120,"p":120}},{"type":"Feature","geometry":{"type":"Polygon","coordinates":[[[126.90879,37.69914],[126.92609,37.69914],[126.92609,37.71644],[126.90879,37.71644],[126.90879,37.69914]]]},"properties":{"row":30,"col":19,"walk_min":106.1,"nearest_station_id":"kr_115","nearest_station_name":"Samsong","nearest_station_name_ko":"삼송","a":120,"c":120,"e":120,"g":120,"i":120,"k":120,"m":120,"o":120,"b":120,"d":120,"f":120,"h":120,"j":120,"l":120,"n":120,"p":120}},{"type":"Feature","geometry":{"type":"Polygon","coordinates":[[[126.73574,37.73374],[126.75305,37.73374],[126.75305,37.75105],[126.73574,37.75105],[126.73574,37.73374]]]},"properties":{"row":32,"col":9,"walk_min":99.8,"nearest_station_id":"kr_424","nearest_station_name":"Daehwa","nearest_station_name_ko":"대화","a":120,"c":120,"e":120,"g":120,"i":120,"k":120,"m":120,"o":120,"b":120,"d":120,"f":120,"h":120,"j":120,"l":120,"n":120,"p":120}},{"type":"Feature","geometry":{"type":"Polygon","coordinates":[[[127.09914,37.23191],[127.11644,37.23191],[127.11644,37.24922],[127.09914,37.24922],[127.09914,37.23191]]]},"properties":{"row":3,"col":30,"walk_min":99.5,"nearest_station_id":"kr_466","nearest_station_name":"Seodongtan","nearest_station_name_ko":"서동탄","a":120,"c":120,"e":120,"g":120,"i":120,"k":120,"m":120,"o":120,"b":120,"d":120,"f":120,"h":120,"j":120,"l":120,"n":120,"p":120}},{"type":"Feature","geometry":{"type":"Polygon","coordinates":[[[127.22027,37.47418],[127.23757,37.47418],[127.23757,37.48283],[127.22027,37.48283],[127.22027,37.47418]]]},"properties":{"row":17,"col":37,"walk_min":97.2,"nearest_station_id":"kr_232","nearest_station_name":"Namhansanseong","nearest_station_name_ko":"남한산성입구","a":120,"c":120,"e":120,"g":120,"i":120,"k":120,"m":120,"o":120,"b":120,"d":120,"f":120,"h":120,"j":120,"l":120,"n":120,"p":120}},{"type":"Feature","geometry":{"type":"Polygon","coordinates":[[[126.89148,37.69914],[126.90879,37.69914],[126.90879,37.71644],[126.89148,37.71644],[126.89148,37.69914]]]},"properties":{"row":30,"col":18,"walk_min":101.0,"nearest_station_id":"kr_115","nearest_station_name":"Samsong","nearest_station_name_ko":"삼송","a":120,"c":120,"e":120,"g":120,"i":120,"k":120,"m":120,"o":120,"b":120,"d":120,"f":120,"h":120,"j":120,"l":120,"n":120,"p":120}},{"type":"Feature","geometry":{"type":"Polygon","coordinates":[[[126.75305,37.73374],[126.77035,37.73374],[126.77035,37.75105],[126.75305,37.75105],[126.75305,37.73374]]]},"properties":{"row":32,"col":10,"walk_min":100.9,"nearest_station_id":"kr_424","nearest_station_name":"Daehwa","nearest_station_name_ko":"대화","a":120,"c":120,"e":120,"g":120,"i":120,"k":120,"m":120,"o":120,"b":120,"d":120,"f":120,"h":120,"j":120,"l":120,"n":120,"p":120}},{"type":"Feature","geometry":{"type":"Polygon","coordinates":[[[126.9607,37.78566],[126.978,37.78566],[126.978,37.80296],[126.9607,37.80296],[126.9607,37.78566]]]},"properties":{"row":35,"col":22,"walk_min":97.0,"nearest_station_id":"kr_092","nearest_station_name":"Yangju","nearest_station_name_ko":"양주","a":120,"c":120,"e":120,"g":120,"i":120,"k":120,"m":120,"o":120,"b":120,"d":120,"f":120,"h":120,"j":120,"l":120,"n":120,"p":120}},{"type":"Feature","geometry":{"type":"Polygon","coordinates":[[[126.80496,37.40496],[126.82226,37.40496],[126.82226,37.42226],[126.80496,37.42226],[126.80496,37.40496]]]},"properties":{"row":13,"col":13,"walk_min":111.4,"nearest_station_id":"kr_442","nearest_station_name":"Gwangmyeong","nearest_station_name_ko":"광명","a":120,"c":120,"e":120,"g":120,"i":120,"k":120,"m":120,"o":120,"b":120,"d":120,"f":120,"h":120,"j":120,"l":120,"n":120,"p":120}},{"type":"Feature","geometry":{"type":"Polygon","coordinates":[[[127.22027,37.35305],[127.23757,37.35305],[127.23757,37.37035],[127.22027,37.37035],[127.22027,37.35305]]]},"properties":{"row":10,"col":37,"walk_min":113.1,"nearest_station_id":"kr_149","nearest_station_name":"경기광주","nearest_station_name_ko":"경기광주","a":120,"c":120,"e":120,"g":120,"i":120,"k":120,"m":120,"o":120,"b":120,"d":120,"f":120,"h":120,"j":120,"l":120,"n":120,"p":120}},{"type":"Feature","geometry":{"type":"Polygon","coordinates":[[[126.78765,37.71644],[126.80496,37.71644],[126.80496,37.73374],[126.78765,37.73374],[126.78765,37.71644]]]},"properties":{"row":31,"col":12,"walk_min":103.2,"nearest_station_id":"kr_350","nearest_station_name":"Juyeop","nearest_station_name_ko":"주엽","a":120,"c":120,"e":120,"g":120,"i":120,"k":120,"m":120,"o":120,"b":120,"d":120,"f":120,"h":120,"j":120,"l":120,"n":120,"p":120}},{"type":"Feature","geometry":{"type":"Polygon","coordinates":[[[127.11644,37.21461],[127.13374,37.21461],[127.13374,37.23191],[127.11644,37.23191],[127.11644,37.21461]]]},"properties":{"row":2,"col":31,"walk_min":104.3,"nearest_station_id":"kr_466","nearest_station_name":"Seodongtan","nearest_station_name_ko":"서동탄","a":120,"c":120,"e":120,"g":120,"i":120,"k":120,"m":120,"o":120,"b":120,"d":120,"f":120,"h":120,"j":120,"l":120,"n":120,"p":120}},{"type":"Feature","geometry":{"type":"Polygon","coordinates":[[[126.77035,37.73374],[126.78765,37.73374],[126.78765,37.75105],[126.77035,37.75105],[126.77035,37.73374]]]},"properties":{"row":32,"col":11,"walk_min":111.1,"nearest_station_id":"kr_424","nearest_station_name":"Daehwa","nearest_station_name_ko":"대화","a":120,"c":120,"e":120,"g":120,"i":120,"k":120,"m":120,"o":120,"b":120,"d":120,"f":120,"h":120,"j":120,"l":120,"n":120,"p":120}},{"type":"Feature","geometry":{"type":"Polygon","coordinates":[[[126.68383,37.38765],[126.70113,37.38765],[126.70113,37.40496],[126.68383,37.40496],[126.68383,37.38765]]]},"properties":{"row":12,"col":6,"walk_min":103.6,"nearest_station_id":"kr_428","nearest_station_name":"Oido","nearest_station_name_ko":"오이도","a":120,"c":120,"e":120,"g":120,"i":120,"k":120,"m":120,"o":120,"b":120,"d":120,"f":120,"h":120,"j":120,"l":120,"n":120,"p":120}},{"type":"Feature","geometry":{"type":"Polygon","coordinates":[[[126.9607,37.71644],[126.978,37.71644],[126.978,37.73374],[126.9607,37.73374],[126.9607,37.71644]]]},"properties":{"row":31,"col":22,"walk_min":103.2,"nearest_station_id":"kr_062","nearest_station_name":"Hoeryong","nearest_station_name_ko":"회룡","a":120,"c":120,"e":120,"g":120,"i":120,"k":120,"m":120,"o":120,"b":120,"d":120,"f":120,"h":120,"j":120,"l":120,"n":120,"p":120}},{"type":"Feature","geometry":{"type":"Polygon","coordinates":[[[126.9607,37.75105],[126.978,37.75105],[126.978,37.76835],[126.9607,37.76835],[126.9607,37.75105]]]},"properties":{"row":33,"col":22,"walk_min":106.2,"nearest_station_id":"kr_421","nearest_station_name":"Nogyang","nearest_station_name_ko":"녹양","a":120,"c":120,"e":120,"g":120,"i":120,"k":120,"m":120,"o":120,"b":120,"d":120,"f":120,"h":120,"j":120,"l":120,"n":120,"p":120}},{"type":"Feature","geometry":{"type":"Polygon","coordinates":[[[126.68383,37.5607],[126.70113,37.5607],[126.70113,37.578],[126.68383,37.578],[126.68383,37.5607]]]},"properties":{"row":22,"col":6,"walk_min":103.2,"nearest_station_id":"kr_258","nearest_station_name":"Sangok","nearest_station_name_ko":"산곡","a":120,"c":120,"e":120,"g":120,"i":120,"k":120,"m":120,"o":120,"b":120,"d":120,"f":120,"h":120,"j":120,"l":120,"n":120,"p":120}},{"type":"Feature","geometry":{"type":"Polygon","coordinates":[[[126.92609,37.23191],[126.94339,37.23191],[126.94339,37.24922],[126.92609,37.24922],[126.92609,37.23191]]]},"properties":{"row":3,"col":20,"walk_min":103.4,"nearest_station_id":"kr_043","nearest_station_name":"Suwon","nearest_station_name_ko":"수원","a":120,"c":120,"e":120,"g":120,"i":120,"k":120,"m":120,"o":120,"b":120,"d":120,"f":120,"h":120,"j":120,"l":120,"n":120,"p":120}},{"type":"Feature","geometry":{"type":"Polygon","coordinates":[[[127.20296,37.76835],[127.22027,37.76835],[127.22027,37.78566],[127.20296,37.78566],[127.20296,37.76835]]]},"properties":{"row":34,"col":36,"walk_min":104.4,"nearest_station_id":"kr_470","nearest_station_name":"Jinjeop","nearest_station_name_ko":"진접","a":120,"c":120,"e":120,"g":120,"i":120,"k":120,"m":120,"o":120,"b":120,"d":120,"f":120,"h":120,"j":120,"l":120,"n":120,"p":120}},{"type":"Feature","geometry":{"type":"Polygon","coordinates":[[[127.11644,37.78566],[127.13374,37.78566],[127.13374,37.80296],[127.11644,37.80296],[127.11644,37.78566]]]},"properties":{"row":35,"col":31,"walk_min":116.9,"nearest_station_id":"kr_447","nearest_station_name":"Deokgye","nearest_station_name_ko":"덕계","a":120,"c":120,"e":120,"g":120,"i":120,"k":120,"m":120,"o":120,"b":120,"d":120,"f":120,"h":120,"j":120,"l":120,"n":120,"p":120}},{"type":"Feature","geometry":{"type":"Polygon","coordinates":[[[127.11644,37.75105],[127.13374,37.75105],[127.13374,37.76835],[127.11644,37.76835],[127.11644,37.75105]]]},"properties":{"row":33,"col":31,"walk_min":104.6,"nearest_station_id":"kr_448","nearest_station_name":"Ganeung","nearest_station_name_ko":"가능","a":120,"c":120,"e":120,"g":120,"i":120,"k":120,"m":120,"o":120,"b":120,"d":120,"f":120,"h":120,"j":120,"l":120,"n":120,"p":120}},{"type":"Feature","geometry":{"type":"Polygon","coordinates":[[[126.9607,37.69914],[126.978,37.69914],[126.978,37.71644],[126.9607,37.71644],[126.9607,37.69914]]]},"properties":{"row":30,"col":22,"walk_min":102.7,"nearest_station_id":"kr_449","nearest_station_name":"Mangwolsa (Shinhan University)","nearest_station_name_ko":"망월사(신한대학교)","a":120,"c":120,"e":120,"g":120,"i":120,"k":120,"m":120,"o":120,"b":120,"d":120,"f":120,"h":120,"j":120,"l":120,"n":120,"p":120}},{"type":"Feature","geometry":{"type":"Polygon","coordinates":[[[126.66652,37.5607],[126.68383,37.5607],[126.68383,37.578],[126.66652,37.578],[126.66652,37.5607]]]},"properties":{"row":22,"col":5,"walk_min":104.4,"nearest_station_id":"kr_258","nearest_station_name":"Sangok","nearest_station_name_ko":"산곡","a":120,"c":120,"e":120,"g":120,"i":120,"k":120,"m":120,"o":120,"b":120,"d":120,"f":120,"h":120,"j":120,"l":120,"n":120,"p":120}},{"type":"Feature","geometry":{"type":"Polygon","coordinates":[[[127.11644,37.73374],[127.13374,37.73374],[127.13374,37.75105],[127.11644,37.75105],[127.11644,37.73374]]]},"properties":{"row":32,"col":31,"walk_min":107.7,"nearest_station_id":"kr_065","nearest_station_name":"Uijeongbu","nearest_station_name_ko":"의정부","a":120,"c":120,"e":120,"g":120,"i":120,"k":120,"m":120,"o":120,"b":120,"d":120,"f":120,"h":120,"j":120,"l":120,"n":120,"p":120}},{"type":"Feature","geometry":{"type":"Polygon","coordinates":[[[127.22027,37.59531],[127.22892,37.59531],[127.22892,37.61261],[127.22027,37.61261],[127.22027,37.59531]]]},"properties":{"row":24,"col":37,"walk_min":104.3,"nearest_station_id":"kr_331","nearest_station_name":"Misa","nearest_station_name_ko":"미사","a":120,"c":120,"e":120,"g":120,"i":120,"k":120,"m":120,"o":120,"b":120,"d":120,"f":120,"h":120,"j":120,"l":120,"n":120,"p":120}},{"type":"Feature","geometry":{"type":"Polygon","coordinates":[[[126.87418,37.69914],[126.89148,37.69914],[126.89148,37.71644],[126.87418,37.71644],[126.87418,37.69914]]]},"properties":{"row":30,"col":17,"walk_min":105.9,"nearest_station_id":"kr_115","nearest_station_name":"Samsong","nearest_station_name_ko":"삼송","a":120,"c":120,"e":120,"g":120,"i":120,"k":120,"m":120,"o":120,"b":120,"d":120,"f":120,"h":120,"j":120,"l":120,"n":120,"p":120}},{"type":"Feature","geometry":{"type":"Polygon","coordinates":[[[126.61461,37.52609],[126.63191,37.52609],[126.63191,37.54339],[126.61461,37.54339],[126.61461,37.52609]]]},"properties":{"row":20,"col":2,"walk_min":105.2,"nearest_station_id":"kr_458","nearest_station_name":"Incheon","nearest_station_name_ko":"인천","a":120,"c":120,"e":120,"g":120,"i":120,"k":120,"m":120,"o":120,"b":120,"d":120,"f":120,"h":120,"j":120,"l":120,"n":120,"p":120}},{"type":"Feature","geometry":{"type":"Polygon","coordinates":[[[127.13374,37.73374],[127.15105,37.73374],[127.15105,37.75105],[127.13374,37.75105],[127.13374,37.73374]]]},"properties":{"row":32,"col":32,"walk_min":111.0,"nearest_station_id":"kr_470","nearest_station_name":"Jinjeop","nearest_station_name_ko":"진접","a":120,"c":120,"e":120,"g":120,"i":120,"k":120,"m":120,"o":120,"b":120,"d":120,"f":120,"h":120,"j":120,"l":120,"n":120,"p":120}},{"type":"Feature","geometry":{"type":"Polygon","coordinates":[[[127.16835,37.33574],[127.18566,37.33574],[127.18566,37.35305],[127.16835,37.35305],[127.16835,37.33574]]]},"properties":{"row":9,"col":34,"walk_min":102.0,"nearest_station_id":"kr_172","nearest_station_name":"Migeum","nearest_station_name_ko":"미금","a":120,"c":120,"e":120,"g":120,"i":120,"k":120,"m":120,"o":120,"b":120,"d":120,"f":120,"h":120,"j":120,"l":120,"n":120,"p":120}},{"type":"Feature","geometry":{"type":"Polygon","coordinates":[[[126.99531,37.82027],[127.01261,37.82027],[127.01261,37.82892],[126.99531,37.82892],[126.99531,37.82027]]]},"properties":{"row":37,"col":24,"walk_min":99.0,"nearest_station_id":"kr_447","nearest_station_name":"Deokgye","nearest_station_name_ko":"덕계","a":120,"c":120,"e":120,"g":120,"i":120,"k":120,"m":120,"o":120,"b":120,"d":120,"f":120,"h":120,"j":120,"l":120,"n":120,"p":120}},{"type":"Feature","geometry":{"type":"Polygon","coordinates":[[[126.77035,37.40496],[126.78765,37.40496],[126.78765,37.42226],[126.77035,37.42226],[126.77035,37.40496]]]},"properties":{"row":13,"col":11,"walk_min":109.3,"nearest_station_id":"kr_428","nearest_station_name":"Oido","nearest_station_name_ko":"오이도","a":120,"c":120,"e":120,"g":120,"i":120,"k":120,"m":120,"o":120,"b":120,"d":120,"f":120,"h":120,"j":120,"l":120,"n":120,"p":120}},{"type":"Feature","geometry":{"type":"Polygon","coordinates":[[[126.72709,37.29248],[126.73574,37.29248],[126.73574,37.30113],[126.72709,37.30113],[126.72709,37.29248]]]},"properties":{"row":6,"col":8,"walk_min":97.5,"nearest_station_id":"kr_427","nearest_station_name":"Singiloncheon","nearest_station_name_ko":"신길온천","a":120,"c":120,"e":120,"g":120,"i":120,"k":120,"m":120,"o":120,"b":120,"d":120,"f":120,"h":120,"j":120,"l":120,"n":120,"p":120}},{"type":"Feature","geometry":{"type":"Polygon","coordinates":[[[126.71844,37.73374],[126.73574,37.73374],[126.73574,37.75105],[126.71844,37.75105],[126.71844,37.73374]]]},"properties":{"row":32,"col":8,"walk_min":105.4,"nearest_station_id":"kr_424","nearest_station_name":"Daehwa","nearest_station_name_ko":"대화","a":120,"c":120,"e":120,"g":120,"i":120,"k":120,"m":120,"o":120,"b":120,"d":120,"f":120,"h":120,"j":120,"l":120,"n":120,"p":120}},{"type":"Feature","geometry":{"type":"Polygon","coordinates":[[[127.15105,37.75105],[127.16835,37.75105],[127.16835,37.76835],[127.15105,37.76835],[127.15105,37.75105]]]},"properties":{"row":33,"col":33,"walk_min":107.2,"nearest_station_id":"kr_470","nearest_station_name":"Jinjeop","nearest_station_name_ko":"진접","a":120,"c":120,"e":120,"g":120,"i":120,"k":120,"m":120,"o":120,"b":120,"d":120,"f":120,"h":120,"j":120,"l":120,"n":120,"p":120}},{"type":"Feature","geometry":{"type":"Polygon","coordinates":[[[126.9607,37.80296],[126.978,37.80296],[126.978,37.82027],[126.9607,37.82027],[126.9607,37.80296]]]},"properties":{"row":36,"col":22,"walk_min":106.1,"nearest_station_id":"kr_447","nearest_station_name":"Deokgye","nearest_station_name_ko":"덕계","a":120,"c":120,"e":120,"g":120,"i":120,"k":120,"m":120,"o":120,"b":120,"d":120,"f":120,"h":120,"j":120,"l":120,"n":120,"p":120}},{"type":"Feature","geometry":{"type":"Polygon","coordinates":[[[127.11644,37.82027],[127.13374,37.82027],[127.13374,37.83757],[127.11644,37.83757],[127.11644,37.82027]]]},"properties":{"row":37,"col":31,"walk_min":117.7,"nearest_station_id":"kr_119","nearest_station_name":"Deokjeong (Seojeong College)","nearest_station_name_ko":"덕정(서정대학)","a":120,"c":120,"e":120,"g":120,"i":120,"k":120,"m":120,"o":120,"b":120,"d":120,"f":120,"h":120,"j":120,"l":120,"n":120,"p":120}},{"type":"Feature","geometry":{"type":"Polygon","coordinates":[[[127.22027,37.578],[127.22892,37.578],[127.22892,37.59531],[127.22027,37.59531],[127.22027,37.578]]]},"properties":{"row":23,"col":37,"walk_min":104.2,"nearest_station_id":"kr_331","nearest_station_name":"Misa","nearest_station_name_ko":"미사","a":120,"c":120,"e":120,"g":120,"i":120,"k":120,"m":120,"o":120,"b":120,"d":120,"f":120,"h":120,"j":120,"l":120,"n":120,"p":120}},{"type":"Feature","geometry":{"type":"Polygon","coordinates":[[[126.94339,37.69914],[126.9607,37.69914],[126.9607,37.71644],[126.94339,37.71644],[126.94339,37.69914]]]},"properties":{"row":30,"col":21,"walk_min":108.7,"nearest_station_id":"kr_104","nearest_station_name":"Jichuk","nearest_station_name_ko":"지축","a":120,"c":120,"e":120,"g":120,"i":120,"k":120,"m":120,"o":120,"b":120,"d":120,"f":120,"h":120,"j":120,"l":120,"n":120,"p":120}},{"type":"Feature","geometry":{"type":"Polygon","coordinates":[[[126.70113,37.38765],[126.71844,37.38765],[126.71844,37.40496],[126.70113,37.40496],[126.70113,37.38765]]]},"properties":{"row":12,"col":7,"walk_min":106.9,"nearest_station_id":"kr_428","nearest_station_name":"Oido","nearest_station_name_ko":"오이도","a":120,"c":120,"e":120,"g":120,"i":120,"k":120,"m":120,"o":120,"b":120,"d":120,"f":120,"h":120,"j":120,"l":120,"n":120,"p":120}},{"type":"Feature","geometry":{"type":"Polygon","coordinates":[[[126.75305,37.61261],[126.77035,37.61261],[126.77035,37.62992],[126.75305,37.62992],[126.75305,37.61261]]]},"properties":{"row":25,"col":10,"walk_min":106.2,"nearest_station_id":"kr_228","nearest_station_name":"Baekseok","nearest_station_name_ko":"백석","a":120,"c":120,"e":120,"g":120,"i":120,"k":120,"m":120,"o":120,"b":120,"d":120,"f":120,"h":120,"j":120,"l":120,"n":120,"p":120}},{"type":"Feature","geometry":{"type":"Polygon","coordinates":[[[126.70113,37.73374],[126.71844,37.73374],[126.71844,37.75105],[126.70113,37.75105],[126.70113,37.73374]]]},"properties":{"row":32,"col":7,"walk_min":112.2,"nearest_station_id":"kr_424","nearest_station_name":"Daehwa","nearest_station_name_ko":"대화","a":120,"c":120,"e":120,"g":120,"i":120,"k":120,"m":120,"o":120,"b":120,"d":120,"f":120,"h":120,"j":120,"l":120,"n":120,"p":120}},{"type":"Feature","geometry":{"type":"Polygon","coordinates":[[[126.82226,37.24922],[126.83957,37.24922],[126.83957,37.26652],[126.82226,37.26652],[126.82226,37.24922]]]},"properties":{"row":4,"col":14,"walk_min":119.5,"nearest_station_id":"kr_114","nearest_station_name":"Sangnoksu","nearest_station_name_ko":"상록수","a":120,"c":120,"e":120,"g":120,"i":120,"k":120,"m":120,"o":120,"b":120,"d":120,"f":120,"h":120,"j":120,"l":120,"n":120,"p":120}},{"type":"Feature","geometry":{"type":"Polygon","coordinates":[[[126.78765,37.40496],[126.80496,37.40496],[126.80496,37.42226],[126.78765,37.42226],[126.78765,37.40496]]]},"properties":{"row":13,"col":12,"walk_min":101.6,"nearest_station_id":"kr_428","nearest_station_name":"Oido","nearest_station_name_ko":"오이도","a":120,"c":120,"e":120,"g":120,"i":120,"k":120,"m":120,"o":120,"b":120,"d":120,"f":120,"h":120,"j":120,"l":120,"n":120,"p":120}},{"type":"Feature","geometry":{"type":"Polygon","coordinates":[[[126.5973,37.50879],[126.61461,37.50879],[126.61461,37.52609],[126.5973,37.52609],[126.5973,37.50879]]]},"properties":{"row":19,"col":1,"walk_min":108.2,"nearest_station_id":"kr_458","nearest_station_name":"Incheon","nearest_station_name_ko":"인천","a":120,"c":120,"e":120,"g":120,"i":120,"k":120,"m":120,"o":120,"b":120,"d":120,"f":120,"h":120,"j":120,"l":120,"n":120,"p":120}},{"type":"Feature","geometry":{"type":"Polygon","coordinates":[[[126.58865,37.41361],[126.5973,37.41361],[126.5973,37.42226],[126.58865,37.42226],[126.58865,37.41361]]]},"properties":{"row":13,"col":0,"walk_min":100.5,"nearest_station_id":"kr_458","nearest_station_name":"Incheon","nearest_station_name_ko":"인천","a":120,"c":120,"e":120,"g":120,"i":120,"k":120,"m":120,"o":120,"b":120,"d":120,"f":120,"h":120,"j":120,"l":120,"n":120,"p":120}},{"type":"Feature","geometry":{"type":"Polygon","coordinates":[[[127.15105,37.28383],[127.16835,37.28383],[127.16835,37.30113],[127.15105,37.30113],[127.15105,37.28383]]]},"properties":{"row":6,"col":33,"walk_min":105.6,"nearest_station_id":"kr_233","nearest_station_name":"Suji-gu Office","nearest_station_name_ko":"수지구청","a":120,"c":120,"e":120,"g":120,"i":120,"k":120,"m":120,"o":120,"b":120,"d":120,"f":120,"h":120,"j":120,"l":120,"n":120,"p":120}},{"type":"Feature","geometry":{"type":"Polygon","coordinates":[[[126.978,37.82027],[126.99531,37.82027],[126.99531,37.82892],[126.978,37.82892],[126.978,37.82027]]]},"properties":{"row":37,"col":23,"walk_min":100.8,"nearest_station_id":"kr_447","nearest_station_name":"Deokgye","nearest_station_name_ko":"덕계","a":120,"c":120,"e":120,"g":120,"i":120,"k":120,"m":120,"o":120,"b":120,"d":120,"f":120,"h":120,"j":120,"l":120,"n":120,"p":120}},{"type":"Feature","geometry":{"type":"Polygon","coordinates":[[[126.71844,37.59531],[126.73574,37.59531],[126.73574,37.61261],[126.71844,37.61261],[126.71844,37.59531]]]},"properties":{"row":24,"col":8,"walk_min":109.9,"nearest_station_id":"kr_429","nearest_station_name":"Gaehwa","nearest_station_name_ko":"개화","a":120,"c":120,"e":120,"g":120,"i":120,"k":120,"m":120,"o":120,"b":120,"d":120,"f":120,"h":120,"j":120,"l":120,"n":120,"p":120}},{"type":"Feature","geometry":{"type":"Polygon","coordinates":[[[126.94339,37.21461],[126.9607,37.21461],[126.9607,37.23191],[126.94339,37.23191],[126.94339,37.21461]]]},"properties":{"row":2,"col":21,"walk_min":112.2,"nearest_station_id":"kr_462","nearest_station_name":"Seryu","nearest_station_name_ko":"세류","a":120,"c":120,"e":120,"g":120,"i":120,"k":120,"m":120,"o":120,"b":120,"d":120,"f":120,"h":120,"j":120,"l":120,"n":120,"p":120}},{"type":"Feature","geometry":{"type":"Polygon","coordinates":[[[127.22027,37.62992],[127.23757,37.62992],[127.23757,37.64722],[127.22027,37.64722],[127.22027,37.62992]]]},"properties":{"row":26,"col":37,"walk_min":111.4,"nearest_station_id":"kr_352","nearest_station_name":"Dasan","nearest_station_name_ko":"다산","a":120,"c":120,"e":120,"g":120,"i":120,"k":120,"m":120,"o":120,"b":120,"d":120,"f":120,"h":120,"j":120,"l":120,"n":120,"p":120}},{"type":"Feature","geometry":{"type":"Polygon","coordinates":[[[126.63191,37.54339],[126.64922,37.54339],[126.64922,37.5607],[126.63191,37.5607],[126.63191,37.54339]]]},"properties":{"row":21,"col":3,"walk_min":111.9,"nearest_station_id":"kr_258","nearest_station_name":"Sangok","nearest_station_name_ko":"산곡","a":120,"c":120,"e":120,"g":120,"i":120,"k":120,"m":120,"o":120,"b":120,"d":120,"f":120,"h":120,"j":120,"l":120,"n":120,"p":120}},{"type":"Feature","geometry":{"type":"Polygon","coordinates":[[[126.71844,37.578],[126.73574,37.578],[126.73574,37.59531],[126.71844,37.59531],[126.71844,37.578]]]},"properties":{"row":23,"col":8,"walk_min":108.2,"nearest_station_id":"kr_429","nearest_station_name":"Gaehwa","nearest_station_name_ko":"개화","a":120,"c":120,"e":120,"g":120,"i":120,"k":120,"m":120,"o":120,"b":120,"d":120,"f":120,"h":120,"j":120,"l":120,"n":120,"p":120}},{"type":"Feature","geometry":{"type":"Polygon","coordinates":[[[126.90879,37.23191],[126.92609,37.23191],[126.92609,37.24922],[126.90879,37.24922],[126.90879,37.23191]]]},"properties":{"row":3,"col":19,"walk_min":115.1,"nearest_station_id":"kr_043","nearest_station_name":"Suwon","nearest_station_name_ko":"수원","a":120,"c":120,"e":120,"g":120,"i":120,"k":120,"m":120,"o":120,"b":120,"d":120,"f":120,"h":120,"j":120,"l":120,"n":120,"p":120}},{"type":"Feature","geometry":{"type":"Polygon","coordinates":[[[126.63191,37.38765],[126.64922,37.38765],[126.64922,37.40496],[126.63191,37.40496],[126.63191,37.38765]]]},"properties":{"row":12,"col":3,"walk_min":110.6,"nearest_station_id":"kr_379","nearest_station_name":"Jemulpo","nearest_station_name_ko":"제물포","a":120,"c":120,"e":120,"g":120,"i":120,"k":120,"m":120,"o":120,"b":120,"d":120,"f":120,"h":120,"j":120,"l":120,"n":120,"p":120}},{"type":"Feature","geometry":{"type":"Polygon","coordinates":[[[127.15105,37.7424],[127.16835,37.7424],[127.16835,37.75105],[127.15105,37.75105],[127.15105,37.7424]]]},"properties":{"row":32,"col":33,"walk_min":106.5,"nearest_station_id":"kr_470","nearest_station_name":"Jinjeop","nearest_station_name_ko":"진접","a":120,"c":120,"e":120,"g":120,"i":120,"k":120,"m":120,"o":120,"b":120,"d":120,"f":120,"h":120,"j":120,"l":120,"n":120,"p":120}},{"type":"Feature","geometry":{"type":"Polygon","coordinates":[[[126.9607,37.18],[126.978,37.18],[126.978,37.1973],[126.9607,37.1973],[126.9607,37.18]]]},"properties":{"row":0,"col":22,"walk_min":109.2,"nearest_station_id":"kr_047","nearest_station_name":"Byeongjeom","nearest_station_name_ko":"병점","a":120,"c":120,"e":120,"g":120,"i":120,"k":120,"m":120,"o":120,"b":120,"d":120,"f":120,"h":120,"j":120,"l":120,"n":120,"p":120}},{"type":"Feature","geometry":{"type":"Polygon","coordinates":[[[126.9607,37.1973],[126.978,37.1973],[126.978,37.21461],[126.9607,37.21461],[126.9607,37.1973]]]},"properties":{"row":1,"col":22,"walk_min":110.1,"nearest_station_id":"kr_047","nearest_station_name":"Byeongjeom","nearest_station_name_ko":"병점","a":120,"c":120,"e":120,"g":120,"i":120,"k":120,"m":120,"o":120,"b":120,"d":120,"f":120,"h":120,"j":120,"l":120,"n":120,"p":120}},{"type":"Feature","geometry":{"type":"Polygon","coordinates":[[[126.73574,37.61261],[126.75305,37.61261],[126.75305,37.62992],[126.73574,37.62992],[126.73574,37.61261]]]},"properties":{"row":25,"col":9,"walk_min":114.2,"nearest_station_id":"kr_261","nearest_station_name":"Madu","nearest_station_name_ko":"마두","a":120,"c":120,"e":120,"g":120,"i":120,"k":120,"m":120,"o":120,"b":120,"d":120,"f":120,"h":120,"j":120,"l":120,"n":120,"p":120}},{"type":"Feature","geometry":{"type":"Polygon","coordinates":[[[126.60596,37.38765],[126.61461,37.38765],[126.61461,37.40496],[126.60596,37.40496],[126.60596,37.38765]]]},"properties":{"row":12,"col":1,"walk_min":110.6,"nearest_station_id":"kr_457","nearest_station_name":"Dowon","nearest_station_name_ko":"도원","a":120,"c":120,"e":120,"g":120,"i":120,"k":120,"m":120,"o":120,"b":120,"d":120,"f":120,"h":120,"j":120,"l":120,"n":120,"p":120}},{"type":"Feature","geometry":{"type":"Polygon","coordinates":[[[126.85687,37.23191],[126.87418,37.23191],[126.87418,37.24922],[126.85687,37.24922],[126.85687,37.23191]]]},"properties":{"row":3,"col":16,"walk_min":115.1,"nearest_station_id":"kr_114","nearest_station_name":"Sangnoksu","nearest_station_name_ko":"상록수","a":120,"c":120,"e":120,"g":120,"i":120,"k":120,"m":120,"o":120,"b":120,"d":120,"f":120,"h":120,"j":120,"l":120,"n":120,"p":120}},{"type":"Feature","geometry":{"type":"Polygon","coordinates":[[[126.80496,37.24922],[126.82226,37.24922],[126.82226,37.26652],[126.80496,37.26652],[126.80496,37.24922]]]},"properties":{"row":4,"col":13,"walk_min":114.9,"nearest_station_id":"kr_426","nearest_station_name":"Gojan","nearest_station_name_ko":"고잔","a":120,"c":120,"e":120,"g":120,"i":120,"k":120,"m":120,"o":120,"b":120,"d":120,"f":120,"h":120,"j":120,"l":120,"n":120,"p":120}},{"type":"Feature","geometry":{"type":"Polygon","coordinates":[[[126.61461,37.38765],[126.63191,37.38765],[126.63191,37.40496],[126.61461,37.40496],[126.61461,37.38765]]]},"properties":{"row":12,"col":2,"walk_min":112.0,"nearest_station_id":"kr_457","nearest_station_name":"Dowon","nearest_station_name_ko":"도원","a":120,"c":120,"e":120,"g":120,"i":120,"k":120,"m":120,"o":120,"b":120,"d":120,"f":120,"h":120,"j":120,"l":120,"n":120,"p":120}},{"type":"Feature","geometry":{"type":"Polygon","coordinates":[[[127.18566,37.35305],[127.20296,37.35305],[127.20296,37.37035],[127.18566,37.37035],[127.18566,37.35305]]]},"properties":{"row":10,"col":35,"walk_min":114.6,"nearest_station_id":"kr_237","nearest_station_name":"삼동","nearest_station_name_ko":"삼동","a":120,"c":120,"e":120,"g":120,"i":120,"k":120,"m":120,"o":120,"b":120,"d":120,"f":120,"h":120,"j":120,"l":120,"n":120,"p":120}},{"type":"Feature","geometry":{"type":"Polygon","coordinates":[[[127.13374,37.18],[127.15105,37.18],[127.15105,37.1973],[127.13374,37.1973],[127.13374,37.18]]]},"properties":{"row":0,"col":32,"walk_min":116.3,"nearest_station_id":"kr_416","nearest_station_name":"Osan College","nearest_station_name_ko":"오산대","a":120,"c":120,"e":120,"g":120,"i":120,"k":120,"m":120,"o":120,"b":120,"d":120,"f":120,"h":120,"j":120,"l":120,"n":120,"p":120}},{"type":"Feature","geometry":{"type":"Polygon","coordinates":[[[127.15105,37.26652],[127.16835,37.26652],[127.16835,37.28383],[127.15105,37.28383],[127.15105,37.26652]]]},"properties":{"row":5,"col":33,"walk_min":116.0,"nearest_station_id":"kr_233","nearest_station_name":"Suji-gu Office","nearest_station_name_ko":"수지구청","a":120,"c":120,"e":120,"g":120,"i":120,"k":120,"m":120,"o":120,"b":120,"d":120,"f":120,"h":120,"j":120,"l":120,"n":120,"p":120}},{"type":"Feature","geometry":{"type":"Polygon","coordinates":[[[127.13374,37.80296],[127.15105,37.80296],[127.15105,37.82027],[127.13374,37.82027],[127.13374,37.80296]]]},"properties":{"row":36,"col":32,"walk_min":115.7,"nearest_station_id":"kr_447","nearest_station_name":"Deokgye","nearest_station_name_ko":"덕계","a":120,"c":120,"e":120,"g":120,"i":120,"k":120,"m":120,"o":120,"b":120,"d":120,"f":120,"h":120,"j":120,"l":120,"n":120,"p":120}},{"type":"Feature","geometry":{"type":"Polygon","coordinates":[[[126.9607,37.73374],[126.978,37.73374],[126.978,37.75105],[126.9607,37.75105],[126.9607,37.73374]]]},"properties":{"row":32,"col":22,"walk_min":116.6,"nearest_station_id":"kr_448","nearest_station_name":"Ganeung","nearest_station_name_ko":"가능","a":120,"c":120,"e":120,"g":120,"i":120,"k":120,"m":120,"o":120,"b":120,"d":120,"f":120,"h":120,"j":120,"l":120,"n":120,"p":120}},{"type":"Feature","geometry":{"type":"Polygon","coordinates":[[[126.80496,37.71644],[126.82226,37.71644],[126.82226,37.73374],[126.80496,37.73374],[126.80496,37.71644]]]},"properties":{"row":31,"col":13,"walk_min":115.2,"nearest_station_id":"kr_350","nearest_station_name":"Juyeop","nearest_station_name_ko":"주엽","a":120,"c":120,"e":120,"g":120,"i":120,"k":120,"m":120,"o":120,"b":120,"d":120,"f":120,"h":120,"j":120,"l":120,"n":120,"p":120}},{"type":"Feature","geometry":{"type":"Polygon","coordinates":[[[126.83957,37.24922],[126.85687,37.24922],[126.85687,37.26652],[126.83957,37.26652],[126.83957,37.24922]]]},"properties":{"row":4,"col":15,"walk_min":116.2,"nearest_station_id":"kr_114","nearest_station_name":"Sangnoksu","nearest_station_name_ko":"상록수","a":120,"c":120,"e":120,"g":120,"i":120,"k":120,"m":120,"o":120,"b":120,"d":120,"f":120,"h":120,"j":120,"l":120,"n":120,"p":120}},{"type":"Feature","geometry":{"type":"Polygon","coordinates":[[[126.87418,37.23191],[126.89148,37.23191],[126.89148,37.24922],[126.87418,37.24922],[126.87418,37.23191]]]},"properties":{"row":3,"col":17,"walk_min":117.8,"nearest_station_id":"kr_114","nearest_station_name":"Sangnoksu","nearest_station_name_ko":"상록수","a":120,"c":120,"e":120,"g":120,"i":120,"k":120,"m":120,"o":120,"b":120,"d":120,"f":120,"h":120,"j":120,"l":120,"n":120,"p":120}},{"type":"Feature","geometry":{"type":"Polygon","coordinates":[[[127.13374,37.1973],[127.15105,37.1973],[127.15105,37.21461],[127.13374,37.21461],[127.13374,37.1973]]]},"properties":{"row":1,"col":32,"walk_min":118.1,"nearest_station_id":"kr_466","nearest_station_name":"Seodongtan","nearest_station_name_ko":"서동탄","a":120,"c":120,"e":120,"g":120,"i":120,"k":120,"m":120,"o":120,"b":120,"d":120,"f":120,"h":120,"j":120,"l":120,"n":120,"p":120}},{"type":"Feature","geometry":{"type":"Polygon","coordinates":[[[126.64922,37.31844],[126.66652,37.31844],[126.66652,37.33574],[126.64922,37.33574],[126.64922,37.31844]]]},"properties":{"row":8,"col":4,"walk_min":115.7,"nearest_station_id":"kr_351","nearest_station_name":"Jeongwang","nearest_station_name_ko":"정왕","a":120,"c":120,"e":120,"g":120,"i":120,"k":120,"m":120,"o":120,"b":120,"d":120,"f":120,"h":120,"j":120,"l":120,"n":120,"p":120}},{"type":"Feature","geometry":{"type":"Polygon","coordinates":[[[127.11644,37.23191],[127.13374,37.23191],[127.13374,37.24922],[127.11644,37.24922],[127.11644,37.23191]]]},"properties":{"row":3,"col":31,"walk_min":118.0,"nearest_station_id":"kr_307","nearest_station_name":"Sanghyeon","nearest_station_name_ko":"상현","a":120,"c":120,"e":120,"g":120,"i":120,"k":120,"m":120,"o":120,"b":120,"d":120,"f":120,"h":120,"j":120,"l":120,"n":120,"p":120}},{"type":"Feature","geometry":{"type":"Polygon","coordinates":[[[126.64922,37.5607],[126.66652,37.5607],[126.66652,37.578],[126.64922,37.578],[126.64922,37.5607]]]},"properties":{"row":22,"col":4,"walk_min":120.1,"nearest_station_id":"kr_258","nearest_station_name":"Sangok","nearest_station_name_ko":"산곡","a":120,"c":120,"e":120,"g":120,"i":120,"k":120,"m":120,"o":120,"b":120,"d":120,"f":120,"h":120,"j":120,"l":120,"n":120,"p":120}},{"type":"Feature","geometry":{"type":"Polygon","coordinates":[[[126.78765,37.73374],[126.80496,37.73374],[126.80496,37.75105],[126.78765,37.75105],[126.78765,37.73374]]]},"properties":{"row":32,"col":12,"walk_min":118.6,"nearest_station_id":"kr_424","nearest_station_name":"Daehwa","nearest_station_name_ko":"대화","a":120,"c":120,"e":120,"g":120,"i":120,"k":120,"m":120,"o":120,"b":120,"d":120,"f":120,"h":120,"j":120,"l":120,"n":120,"p":120}},{"type":"Feature","geometry":{"type":"Polygon","coordinates":[[[126.5973,37.52609],[126.61461,37.52609],[126.61461,37.54339],[126.5973,37.54339],[126.5973,37.52609]]]},"properties":{"row":20,"col":1,"walk_min":124.6,"nearest_station_id":"kr_458","nearest_station_name":"Incheon","nearest_station_name_ko":"인천","a":120,"c":120,"e":120,"g":120,"i":120,"k":120,"m":120,"o":120,"b":120,"d":120,"f":120,"h":120,"j":120,"l":120,"n":120,"p":120}},{"type":"Feature","geometry":{"type":"Polygon","coordinates":[[[127.13374,37.78566],[127.15105,37.78566],[127.15105,37.80296],[127.13374,37.80296],[127.13374,37.78566]]]},"properties":{"row":35,"col":32,"walk_min":132.4,"nearest_station_id":"kr_447","nearest_station_name":"Deokgye","nearest_station_name_ko":"덕계","a":120,"c":120,"e":120,"g":120,"i":120,"k":120,"m":120,"o":120,"b":120,"d":120,"f":120,"h":120,"j":120,"l":120,"n":120,"p":120}},{"type":"Feature","geometry":{"type":"Polygon","coordinates":[[[127.22027,37.61261],[127.22892,37.61261],[127.22892,37.62992],[127.22027,37.62992],[127.22027,37.61261]]]},"properties":{"row":25,"col":37,"walk_min":110.9,"nearest_station_id":"kr_352","nearest_station_name":"Dasan","nearest_station_name_ko":"다산","a":120,"c":120,"e":120,"g":120,"i":120,"k":120,"m":120,"o":120,"b":120,"d":120,"f":120,"h":120,"j":120,"l":120,"n":120,"p":120}},{"type":"Feature","geometry":{"type":"Polygon","coordinates":[[[126.89148,37.23191],[126.90879,37.23191],[126.90879,37.24922],[126.89148,37.24922],[126.89148,37.23191]]]},"properties":{"row":3,"col":18,"walk_min":120.6,"nearest_station_id":"kr_114","nearest_station_name":"Sangnoksu","nearest_station_name_ko":"상록수","a":120,"c":120,"e":120,"g":120,"i":120,"k":120,"m":120,"o":120,"b":120,"d":120,"f":120,"h":120,"j":120,"l":120,"n":120,"p":120}},{"type":"Feature","geometry":{"type":"Polygon","coordinates":[[[126.66652,37.30978],[126.68383,37.30978],[126.68383,37.31844],[126.66652,37.31844],[126.66652,37.30978]]]},"properties":{"row":7,"col":5,"walk_min":109.8,"nearest_station_id":"kr_351","nearest_station_name":"Jeongwang","nearest_station_name_ko":"정왕","a":120,"c":120,"e":120,"g":120,"i":120,"k":120,"m":120,"o":120,"b":120,"d":120,"f":120,"h":120,"j":120,"l":120,"n":120,"p":120}},{"type":"Feature","geometry":{"type":"Polygon","coordinates":[[[126.80496,37.38765],[126.82226,37.38765],[126.82226,37.40496],[126.80496,37.40496],[126.80496,37.38765]]]},"properties":{"row":12,"col":13,"walk_min":117.5,"nearest_station_id":"kr_442","nearest_station_name":"Gwangmyeong","nearest_station_name_ko":"광명","a":120,"c":120,"e":120,"g":120,"i":120,"k":120,"m":120,"o":120,"b":120,"d":120,"f":120,"h":120,"j":120,"l":120,"n":120,"p":120}},{"type":"Feature","geometry":{"type":"Polygon","coordinates":[[[127.16835,37.31844],[127.18566,37.31844],[127.18566,37.33574],[127.16835,37.33574],[127.16835,37.31844]]]},"properties":{"row":8,"col":34,"walk_min":119.5,"nearest_station_id":"kr_172","nearest_station_name":"Migeum","nearest_station_name_ko":"미금","a":120,"c":120,"e":120,"g":120,"i":120,"k":120,"m":120,"o":120,"b":120,"d":120,"f":120,"h":120,"j":120,"l":120,"n":120,"p":120}},{"type":"Feature","geometry":{"type":"Polygon","coordinates":[[[126.92609,37.71644],[126.94339,37.71644],[126.94339,37.73374],[126.92609,37.73374],[126.92609,37.71644]]]},"properties":{"row":31,"col":20,"walk_min":119.1,"nearest_station_id":"kr_115","nearest_station_name":"Samsong","nearest_station_name_ko":"삼송","a":120,"c":120,"e":120,"g":120,"i":120,"k":120,"m":120,"o":120,"b":120,"d":120,"f":120,"h":120,"j":120,"l":120,"n":120,"p":120}},{"type":"Feature","geometry":{"type":"Polygon","coordinates":[[[126.92609,37.21461],[126.94339,37.21461],[126.94339,37.23191],[126.92609,37.23191],[126.92609,37.21461]]]},"properties":{"row":2,"col":20,"walk_min":132.6,"nearest_station_id":"kr_462","nearest_station_name":"Seryu","nearest_station_name_ko":"세류","a":120,"c":120,"e":120,"g":120,"i":120,"k":120,"m":120,"o":120,"b":120,"d":120,"f":120,"h":120,"j":120,"l":120,"n":120,"p":120}},{"type":"Feature","geometry":{"type":"Polygon","coordinates":[[[126.94339,37.78566],[126.9607,37.78566],[126.9607,37.80296],[126.94339,37.80296],[126.94339,37.78566]]]},"properties":{"row":35,"col":21,"walk_min":119.5,"nearest_station_id":"kr_092","nearest_station_name":"Yangju","nearest_station_name_ko":"양주","a":120,"c":120,"e":120,"g":120,"i":120,"k":120,"m":120,"o":120,"b":120,"d":120,"f":120,"h":120,"j":120,"l":120,"n":120,"p":120}},{"type":"Feature","geometry":{"type":"Polygon","coordinates":[[[126.82226,37.71644],[126.83957,37.71644],[126.83957,37.73374],[126.82226,37.73374],[126.82226,37.71644]]]},"properties":{"row":31,"col":14,"walk_min":122.2,"nearest_station_id":"kr_145","nearest_station_name":"Wondang","nearest_station_name_ko":"원당","a":120,"c":120,"e":120,"g":120,"i":120,"k":120,"m":120,"o":120,"b":120,"d":120,"f":120,"h":120,"j":120,"l":120,"n":120,"p":120}},{"type":"Feature","geometry":{"type":"Polygon","coordinates":[[[126.70113,37.578],[126.71844,37.578],[126.71844,37.59531],[126.70113,37.59531],[126.70113,37.578]]]},"properties":{"row":23,"col":7,"walk_min":120.5,"nearest_station_id":"kr_429","nearest_station_name":"Gaehwa","nearest_station_name_ko":"개화","a":120,"c":120,"e":120,"g":120,"i":120,"k":120,"m":120,"o":120,"b":120,"d":120,"f":120,"h":120,"j":120,"l":120,"n":120,"p":120}},{"type":"Feature","geometry":{"type":"Polygon","coordinates":[[[126.9607,37.82027],[126.978,37.82027],[126.978,37.82892],[126.9607,37.82892],[126.9607,37.82027]]]},"properties":{"row":37,"col":22,"walk_min":117.2,"nearest_station_id":"kr_447","nearest_station_name":"Deokgye","nearest_station_name_ko":"덕계","a":120,"c":120,"e":120,"g":120,"i":120,"k":120,"m":120,"o":120,"b":120,"d":120,"f":120,"h":120,"j":120,"l":120,"n":120,"p":120}},{"type":"Feature","geometry":{"type":"Polygon","coordinates":[[[126.94339,37.76835],[126.9607,37.76835],[126.9607,37.78566],[126.94339,37.78566],[126.94339,37.76835]]]},"properties":{"row":34,"col":21,"walk_min":125.7,"nearest_station_id":"kr_092","nearest_station_name":"Yangju","nearest_station_name_ko":"양주","a":120,"c":120,"e":120,"g":120,"i":120,"k":120,"m":120,"o":120,"b":120,"d":120,"f":120,"h":120,"j":120,"l":120,"n":120,"p":120}},{"type":"Feature","geometry":{"type":"Polygon","coordinates":[[[126.68383,37.73374],[126.70113,37.73374],[126.70113,37.75105],[126.68383,37.75105],[126.68383,37.73374]]]},"properties":{"row":32,"col":6,"walk_min":123.1,"nearest_station_id":"kr_424","nearest_station_name":"Daehwa","nearest_station_name_ko":"대화","a":120,"c":120,"e":120,"g":120,"i":120,"k":120,"m":120,"o":120,"b":120,"d":120,"f":120,"h":120,"j":120,"l":120,"n":120,"p":120}},{"type":"Feature","geometry":{"type":"Polygon","coordinates":[[[127.11644,37.76835],[127.13374,37.76835],[127.13374,37.78566],[127.11644,37.78566],[127.11644,37.76835]]]},"properties":{"row":34,"col":31,"walk_min":125.3,"nearest_station_id":"kr_092","nearest_station_name":"Yangju","nearest_station_name_ko":"양주","a":120,"c":120,"e":120,"g":120,"i":120,"k":120,"m":120,"o":120,"b":120,"d":120,"f":120,"h":120,"j":120,"l":120,"n":120,"p":120}},{"type":"Feature","geometry":{"type":"Polygon","coordinates":[[[127.23757,37.45687],[127.24622,37.45687],[127.24622,37.46552],[127.23757,37.46552],[127.23757,37.45687]]]},"properties":{"row":16,"col":38,"walk_min":114.5,"nearest_station_id":"kr_236","nearest_station_name":"Samdong","nearest_station_name_ko":"삼동","a":120,"c":120,"e":120,"g":120,"i":120,"k":120,"m":120,"o":120,"b":120,"d":120,"f":120,"h":120,"j":120,"l":120,"n":120,"p":120}},{"type":"Feature","geometry":{"type":"Polygon","coordinates":[[[127.11644,37.24922],[127.13374,37.24922],[127.13374,37.26652],[127.11644,37.26652],[127.11644,37.24922]]]},"properties":{"row":4,"col":31,"walk_min":118.6,"nearest_station_id":"kr_307","nearest_station_name":"Sanghyeon","nearest_station_name_ko":"상현","a":120,"c":120,"e":120,"g":120,"i":120,"k":120,"m":120,"o":120,"b":120,"d":120,"f":120,"h":120,"j":120,"l":120,"n":120,"p":120}},{"type":"Feature","geometry":{"type":"Polygon","coordinates":[[[127.23757,37.47418],[127.24622,37.47418],[127.24622,37.48283],[127.23757,37.48283],[127.23757,37.47418]]]},"properties":{"row":17,"col":38,"walk_min":114.7,"nearest_station_id":"kr_469","nearest_station_name":"Hanam Geomdansan","nearest_station_name_ko":"하남검단산","a":120,"c":120,"e":120,"g":120,"i":120,"k":120,"m":120,"o":120,"b":120,"d":120,"f":120,"h":120,"j":120,"l":120,"n":120,"p":120}},{"type":"Feature","geometry":{"type":"Polygon","coordinates":[[[127.20296,37.78566],[127.22027,37.78566],[127.22027,37.80296],[127.20296,37.80296],[127.20296,37.78566]]]},"properties":{"row":35,"col":36,"walk_min":125.2,"nearest_station_id":"kr_470","nearest_station_name":"Jinjeop","nearest_station_name_ko":"진접","a":120,"c":120,"e":120,"g":120,"i":120,"k":120,"m":120,"o":120,"b":120,"d":120,"f":120,"h":120,"j":120,"l":120,"n":120,"p":120}},{"type":"Feature","geometry":{"type":"Polygon","coordinates":[[[126.89148,37.71644],[126.90879,37.71644],[126.90879,37.73374],[126.89148,37.73374],[126.89148,37.71644]]]},"properties":{"row":31,"col":18,"walk_min":125.2,"nearest_station_id":"kr_115","nearest_station_name":"Samsong","nearest_station_name_ko":"삼송","a":120,"c":120,"e":120,"g":120,"i":120,"k":120,"m":120,"o":120,"b":120,"d":120,"f":120,"h":120,"j":120,"l":120,"n":120,"p":120}},{"type":"Feature","geometry":{"type":"Polygon","coordinates":[[[126.94339,37.80296],[126.9607,37.80296],[126.9607,37.82027],[126.94339,37.82027],[126.94339,37.80296]]]},"properties":{"row":36,"col":21,"walk_min":128.3,"nearest_station_id":"kr_092","nearest_station_name":"Yangju","nearest_station_name_ko":"양주","a":120,"c":120,"e":120,"g":120,"i":120,"k":120,"m":120,"o":120,"b":120,"d":120,"f":120,"h":120,"j":120,"l":120,"n":120,"p":120}},{"type":"Feature","geometry":{"type":"Polygon","coordinates":[[[126.78765,37.26652],[126.80496,37.26652],[126.80496,37.27517],[126.78765,37.27517],[126.78765,37.26652]]]},"properties":{"row":5,"col":12,"walk_min":122.9,"nearest_station_id":"kr_230","nearest_station_name":"Choji","nearest_station_name_ko":"초지","a":120,"c":120,"e":120,"g":120,"i":120,"k":120,"m":120,"o":120,"b":120,"d":120,"f":120,"h":120,"j":120,"l":120,"n":120,"p":120}},{"type":"Feature","geometry":{"type":"Polygon","coordinates":[[[126.78765,37.24922],[126.80496,37.24922],[126.80496,37.26652],[126.78765,37.26652],[126.78765,37.24922]]]},"properties":{"row":4,"col":12,"walk_min":134.5,"nearest_station_id":"kr_426","nearest_station_name":"Gojan","nearest_station_name_ko":"고잔","a":120,"c":120,"e":120,"g":120,"i":120,"k":120,"m":120,"o":120,"b":120,"d":120,"f":120,"h":120,"j":120,"l":120,"n":120,"p":120}},{"type":"Feature","geometry":{"type":"Polygon","coordinates":[[[126.94339,37.75105],[126.9607,37.75105],[126.9607,37.76835],[126.94339,37.76835],[126.94339,37.75105]]]},"properties":{"row":33,"col":21,"walk_min":128.4,"nearest_station_id":"kr_421","nearest_station_name":"Nogyang","nearest_station_name_ko":"녹양","a":120,"c":120,"e":120,"g":120,"i":120,"k":120,"m":120,"o":120,"b":120,"d":120,"f":120,"h":120,"j":120,"l":120,"n":120,"p":120}},{"type":"Feature","geometry":{"type":"Polygon","coordinates":[[[127.13374,37.75105],[127.15105,37.75105],[127.15105,37.76835],[127.13374,37.76835],[127.13374,37.75105]]]},"properties":{"row":33,"col":32,"walk_min":127.2,"nearest_station_id":"kr_470","nearest_station_name":"Jinjeop","nearest_station_name_ko":"진접","a":120,"c":120,"e":120,"g":120,"i":120,"k":120,"m":120,"o":120,"b":120,"d":120,"f":120,"h":120,"j":120,"l":120,"n":120,"p":120}},{"type":"Feature","geometry":{"type":"Polygon","coordinates":[[[126.64922,37.37035],[126.66652,37.37035],[126.66652,37.38765],[126.64922,37.38765],[126.64922,37.37035]]]},"properties":{"row":11,"col":4,"walk_min":130.3,"nearest_station_id":"kr_428","nearest_station_name":"Oido","nearest_station_name_ko":"오이도","a":120,"c":120,"e":120,"g":120,"i":120,"k":120,"m":120,"o":120,"b":120,"d":120,"f":120,"h":120,"j":120,"l":120,"n":120,"p":120}},{"type":"Feature","geometry":{"type":"Polygon","coordinates":[[[126.63191,37.37035],[126.64922,37.37035],[126.64922,37.38765],[126.63191,37.38765],[126.63191,37.37035]]]},"properties":{"row":11,"col":3,"walk_min":128.8,"nearest_station_id":"kr_428","nearest_station_name":"Oido","nearest_station_name_ko":"오이도","a":120,"c":120,"e":120,"g":120,"i":120,"k":120,"m":120,"o":120,"b":120,"d":120,"f":120,"h":120,"j":120,"l":120,"n":120,"p":120}},{"type":"Feature","geometry":{"type":"Polygon","coordinates":[[[126.61461,37.54339],[126.63191,37.54339],[126.63191,37.5607],[126.61461,37.5607],[126.61461,37.54339]]]},"properties":{"row":21,"col":2,"walk_min":131.0,"nearest_station_id":"kr_458","nearest_station_name":"Incheon","nearest_station_name_ko":"인천","a":120,"c":120,"e":120,"g":120,"i":120,"k":120,"m":120,"o":120,"b":120,"d":120,"f":120,"h":120,"j":120,"l":120,"n":120,"p":120}},{"type":"Feature","geometry":{"type":"Polygon","coordinates":[[[127.18566,37.33574],[127.20296,37.33574],[127.20296,37.35305],[127.18566,37.35305],[127.18566,37.33574]]]},"properties":{"row":9,"col":35,"walk_min":125.8,"nearest_station_id":"kr_237","nearest_station_name":"삼동","nearest_station_name_ko":"삼동","a":120,"c":120,"e":120,"g":120,"i":120,"k":120,"m":120,"o":120,"b":120,"d":120,"f":120,"h":120,"j":120,"l":120,"n":120,"p":120}},{"type":"Feature","geometry":{"type":"Polygon","coordinates":[[[126.73574,37.75105],[126.75305,37.75105],[126.75305,37.76835],[126.73574,37.76835],[126.73574,37.75105]]]},"properties":{"row":33,"col":9,"walk_min":130.3,"nearest_station_id":"kr_424","nearest_station_name":"Daehwa","nearest_station_name_ko":"대화","a":120,"c":120,"e":120,"g":120,"i":120,"k":120,"m":120,"o":120,"b":120,"d":120,"f":120,"h":120,"j":120,"l":120,"n":120,"p":120}},{"type":"Feature","geometry":{"type":"Polygon","coordinates":[[[127.22027,37.56935],[127.22892,37.56935],[127.22892,37.578],[127.22027,37.578],[127.22027,37.56935]]]},"properties":{"row":22,"col":37,"walk_min":120.1,"nearest_station_id":"kr_301","nearest_station_name":"하남풍산","nearest_station_name_ko":"하남풍산","a":120,"c":120,"e":120,"g":120,"i":120,"k":120,"m":120,"o":120,"b":120,"d":120,"f":120,"h":120,"j":120,"l":120,"n":120,"p":120}},{"type":"Feature","geometry":{"type":"Polygon","coordinates":[[[127.15105,37.76835],[127.16835,37.76835],[127.16835,37.78566],[127.15105,37.78566],[127.15105,37.76835]]]},"properties":{"row":34,"col":33,"walk_min":133.8,"nearest_station_id":"kr_470","nearest_station_name":"Jinjeop","nearest_station_name_ko":"진접","a":120,"c":120,"e":120,"g":120,"i":120,"k":120,"m":120,"o":120,"b":120,"d":120,"f":120,"h":120,"j":120,"l":120,"n":120,"p":120}},{"type":"Feature","geometry":{"type":"Polygon","coordinates":[[[126.90879,37.71644],[126.92609,37.71644],[126.92609,37.73374],[126.90879,37.73374],[126.90879,37.71644]]]},"properties":{"row":31,"col":19,"walk_min":134.4,"nearest_station_id":"kr_115","nearest_station_name":"Samsong","nearest_station_name_ko":"삼송","a":120,"c":120,"e":120,"g":120,"i":120,"k":120,"m":120,"o":120,"b":120,"d":120,"f":120,"h":120,"j":120,"l":120,"n":120,"p":120}},{"type":"Feature","geometry":{"type":"Polygon","coordinates":[[[127.13374,37.24922],[127.15105,37.24922],[127.15105,37.26652],[127.13374,37.26652],[127.13374,37.24922]]]},"properties":{"row":4,"col":32,"walk_min":130.4,"nearest_station_id":"kr_307","nearest_station_name":"Sanghyeon","nearest_station_name_ko":"상현","a":120,"c":120,"e":120,"g":120,"i":120,"k":120,"m":120,"o":120,"b":120,"d":120,"f":120,"h":120,"j":120,"l":120,"n":120,"p":120}},{"type":"Feature","geometry":{"type":"Polygon","coordinates":[[[126.66652,37.578],[126.68383,37.578],[126.68383,37.59531],[126.66652,37.59531],[126.66652,37.578]]]},"properties":{"row":23,"col":5,"walk_min":127.6,"nearest_station_id":"kr_258","nearest_station_name":"Sangok","nearest_station_name_ko":"산곡","a":120,"c":120,"e":120,"g":120,"i":120,"k":120,"m":120,"o":120,"b":120,"d":120,"f":120,"h":120,"j":120,"l":120,"n":120,"p":120}},{"type":"Feature","geometry":{"type":"Polygon","coordinates":[[[127.13374,37.21461],[127.15105,37.21461],[127.15105,37.23191],[127.13374,37.23191],[127.13374,37.21461]]]},"properties":{"row":2,"col":32,"walk_min":131.7,"nearest_station_id":"kr_466","nearest_station_name":"Seodongtan","nearest_station_name_ko":"서동탄","a":120,"c":120,"e":120,"g":120,"i":120,"k":120,"m":120,"o":120,"b":120,"d":120,"f":120,"h":120,"j":120,"l":120,"n":120,"p":120}},{"type":"Feature","geometry":{"type":"Polygon","coordinates":[[[126.70113,37.59531],[126.71844,37.59531],[126.71844,37.61261],[126.70113,37.61261],[126.70113,37.59531]]]},"properties":{"row":24,"col":7,"walk_min":128.5,"nearest_station_id":"kr_261","nearest_station_name":"Madu","nearest_station_name_ko":"마두","a":120,"c":120,"e":120,"g":120,"i":120,"k":120,"m":120,"o":120,"b":120,"d":120,"f":120,"h":120,"j":120,"l":120,"n":120,"p":120}},{"type":"Feature","geometry":{"type":"Polygon","coordinates":[[[127.16835,37.76835],[127.18566,37.76835],[127.18566,37.78566],[127.16835,37.78566],[127.16835,37.76835]]]},"properties":{"row":34,"col":34,"walk_min":149.9,"nearest_station_id":"kr_470","nearest_station_name":"Jinjeop","nearest_station_name_ko":"진접","a":120,"c":120,"e":120,"g":120,"i":120,"k":120,"m":120,"o":120,"b":120,"d":120,"f":120,"h":120,"j":120,"l":120,"n":120,"p":120}},{"type":"Feature","geometry":{"type":"Polygon","coordinates":[[[126.68383,37.37035],[126.70113,37.37035],[126.70113,37.38765],[126.68383,37.38765],[126.68383,37.37035]]]},"properties":{"row":11,"col":6,"walk_min":130.8,"nearest_station_id":"kr_428","nearest_station_name":"Oido","nearest_station_name_ko":"오이도","a":120,"c":120,"e":120,"g":120,"i":120,"k":120,"m":120,"o":120,"b":120,"d":120,"f":120,"h":120,"j":120,"l":120,"n":120,"p":120}},{"type":"Feature","geometry":{"type":"Polygon","coordinates":[[[126.94339,37.71644],[126.9607,37.71644],[126.9607,37.73374],[126.94339,37.73374],[126.94339,37.71644]]]},"properties":{"row":31,"col":21,"walk_min":129.5,"nearest_station_id":"kr_062","nearest_station_name":"Hoeryong","nearest_station_name_ko":"회룡","a":120,"c":120,"e":120,"g":120,"i":120,"k":120,"m":120,"o":120,"b":120,"d":120,"f":120,"h":120,"j":120,"l":120,"n":120,"p":120}},{"type":"Feature","geometry":{"type":"Polygon","coordinates":[[[127.20296,37.35305],[127.22027,37.35305],[127.22027,37.37035],[127.20296,37.37035],[127.20296,37.35305]]]},"properties":{"row":10,"col":36,"walk_min":132.3,"nearest_station_id":"kr_237","nearest_station_name":"삼동","nearest_station_name_ko":"삼동","a":120,"c":120,"e":120,"g":120,"i":120,"k":120,"m":120,"o":120,"b":120,"d":120,"f":120,"h":120,"j":120,"l":120,"n":120,"p":120}},{"type":"Feature","geometry":{"type":"Polygon","coordinates":[[[126.63191,37.31844],[126.64922,37.31844],[126.64922,37.32709],[126.63191,37.32709],[126.63191,37.31844]]]},"properties":{"row":8,"col":3,"walk_min":134.8,"nearest_station_id":"kr_351","nearest_station_name":"Jeongwang","nearest_station_name_ko":"정왕","a":120,"c":120,"e":120,"g":120,"i":120,"k":120,"m":120,"o":120,"b":120,"d":120,"f":120,"h":120,"j":120,"l":120,"n":120,"p":120}},{"type":"Feature","geometry":{"type":"Polygon","coordinates":[[[127.22027,37.64722],[127.22892,37.64722],[127.22892,37.66453],[127.22027,37.66453],[127.22027,37.64722]]]},"properties":{"row":27,"col":37,"walk_min":125.6,"nearest_station_id":"kr_361","nearest_station_name":"Onam","nearest_station_name_ko":"오남","a":120,"c":120,"e":120,"g":120,"i":120,"k":120,"m":120,"o":120,"b":120,"d":120,"f":120,"h":120,"j":120,"l":120,"n":120,"p":120}},{"type":"Feature","geometry":{"type":"Polygon","coordinates":[[[127.16835,37.28383],[127.18566,37.28383],[127.18566,37.30113],[127.16835,37.30113],[127.16835,37.28383]]]},"properties":{"row":6,"col":34,"walk_min":149.1,"nearest_station_id":"kr_233","nearest_station_name":"Suji-gu Office","nearest_station_name_ko":"수지구청","a":120,"c":120,"e":120,"g":120,"i":120,"k":120,"m":120,"o":120,"b":120,"d":120,"f":120,"h":120,"j":120,"l":120,"n":120,"p":120}},{"type":"Feature","geometry":{"type":"Polygon","coordinates":[[[126.71844,37.61261],[126.73574,37.61261],[126.73574,37.62992],[126.71844,37.62992],[126.71844,37.61261]]]},"properties":{"row":25,"col":8,"walk_min":131.3,"nearest_station_id":"kr_261","nearest_station_name":"Madu","nearest_station_name_ko":"마두","a":120,"c":120,"e":120,"g":120,"i":120,"k":120,"m":120,"o":120,"b":120,"d":120,"f":120,"h":120,"j":120,"l":120,"n":120,"p":120}},{"type":"Feature","geometry":{"type":"Polygon","coordinates":[[[126.83957,37.71644],[126.85687,37.71644],[126.85687,37.73374],[126.83957,37.73374],[126.83957,37.71644]]]},"properties":{"row":31,"col":15,"walk_min":169.4,"nearest_station_id":"kr_145","nearest_station_name":"Wondang","nearest_station_name_ko":"원당","a":120,"c":120,"e":120,"g":120,"i":120,"k":120,"m":120,"o":120,"b":120,"d":120,"f":120,"h":120,"j":120,"l":120,"n":120,"p":120}},{"type":"Feature","geometry":{"type":"Polygon","coordinates":[[[126.94339,37.1973],[126.9607,37.1973],[126.9607,37.21461],[126.94339,37.21461],[126.94339,37.1973]]]},"properties":{"row":1,"col":21,"walk_min":130.5,"nearest_station_id":"kr_462","nearest_station_name":"Seryu","nearest_station_name_ko":"세류","a":120,"c":120,"e":120,"g":120,"i":120,"k":120,"m":120,"o":120,"b":120,"d":120,"f":120,"h":120,"j":120,"l":120,"n":120,"p":120}},{"type":"Feature","geometry":{"type":"Polygon","coordinates":[[[127.15105,37.18],[127.16835,37.18],[127.16835,37.1973],[127.15105,37.1973],[127.15105,37.18]]]},"properties":{"row":0,"col":33,"walk_min":147.0,"nearest_station_id":"kr_416","nearest_station_name":"Osan College","nearest_station_name_ko":"오산대","a":120,"c":120,"e":120,"g":120,"i":120,"k":120,"m":120,"o":120,"b":120,"d":120,"f":120,"h":120,"j":120,"l":120,"n":120,"p":120}},{"type":"Feature","geometry":{"type":"Polygon","coordinates":[[[126.75305,37.75105],[126.77035,37.75105],[126.77035,37.76835],[126.75305,37.76835],[126.75305,37.75105]]]},"properties":{"row":33,"col":10,"walk_min":137.3,"nearest_station_id":"kr_424","nearest_station_name":"Daehwa","nearest_station_name_ko":"대화","a":120,"c":120,"e":120,"g":120,"i":120,"k":120,"m":120,"o":120,"b":120,"d":120,"f":120,"h":120,"j":120,"l":120,"n":120,"p":120}},{"type":"Feature","geometry":{"type":"Polygon","coordinates":[[[126.66652,37.37035],[126.68383,37.37035],[126.68383,37.38765],[126.66652,37.38765],[126.66652,37.37035]]]},"properties":{"row":11,"col":5,"walk_min":133.4,"nearest_station_id":"kr_428","nearest_station_name":"Oido","nearest_station_name_ko":"오이도","a":120,"c":120,"e":120,"g":120,"i":120,"k":120,"m":120,"o":120,"b":120,"d":120,"f":120,"h":120,"j":120,"l":120,"n":120,"p":120}},{"type":"Feature","geometry":{"type":"Polygon","coordinates":[[[126.71844,37.75105],[126.73574,37.75105],[126.73574,37.76835],[126.71844,37.76835],[126.71844,37.75105]]]},"properties":{"row":33,"col":8,"walk_min":138.9,"nearest_station_id":"kr_424","nearest_station_name":"Daehwa","nearest_station_name_ko":"대화","a":120,"c":120,"e":120,"g":120,"i":120,"k":120,"m":120,"o":120,"b":120,"d":120,"f":120,"h":120,"j":120,"l":120,"n":120,"p":120}},{"type":"Feature","geometry":{"type":"Polygon","coordinates":[[[126.61461,37.37035],[126.63191,37.37035],[126.63191,37.38765],[126.61461,37.38765],[126.61461,37.37035]]]},"properties":{"row":11,"col":2,"walk_min":138.3,"nearest_station_id":"kr_457","nearest_station_name":"Dowon","nearest_station_name_ko":"도원","a":120,"c":120,"e":120,"g":120,"i":120,"k":120,"m":120,"o":120,"b":120,"d":120,"f":120,"h":120,"j":120,"l":120,"n":120,"p":120}},{"type":"Feature","geometry":{"type":"Polygon","coordinates":[[[126.83957,37.23191],[126.85687,37.23191],[126.85687,37.24922],[126.83957,37.24922],[126.83957,37.23191]]]},"properties":{"row":3,"col":15,"walk_min":135.3,"nearest_station_id":"kr_114","nearest_station_name":"Sangnoksu","nearest_station_name_ko":"상록수","a":120,"c":120,"e":120,"g":120,"i":120,"k":120,"m":120,"o":120,"b":120,"d":120,"f":120,"h":120,"j":120,"l":120,"n":120,"p":120}},{"type":"Feature","geometry":{"type":"Polygon","coordinates":[[[126.68383,37.578],[126.70113,37.578],[126.70113,37.59531],[126.68383,37.59531],[126.68383,37.578]]]},"properties":{"row":23,"col":6,"walk_min":132.4,"nearest_station_id":"kr_258","nearest_station_name":"Sangok","nearest_station_name_ko":"산곡","a":120,"c":120,"e":120,"g":120,"i":120,"k":120,"m":120,"o":120,"b":120,"d":120,"f":120,"h":120,"j":120,"l":120,"n":120,"p":120}},{"type":"Feature","geometry":{"type":"Polygon","coordinates":[[[127.16835,37.26652],[127.18566,37.26652],[127.18566,37.28383],[127.16835,37.28383],[127.16835,37.26652]]]},"properties":{"row":5,"col":34,"walk_min":144.8,"nearest_station_id":"kr_233","nearest_station_name":"Suji-gu Office","nearest_station_name_ko":"수지구청","a":120,"c":120,"e":120,"g":120,"i":120,"k":120,"m":120,"o":120,"b":120,"d":120,"f":120,"h":120,"j":120,"l":120,"n":120,"p":120}},{"type":"Feature","geometry":{"type":"Polygon","coordinates":[[[127.18566,37.31844],[127.20296,37.31844],[127.20296,37.33574],[127.18566,37.33574],[127.18566,37.31844]]]},"properties":{"row":8,"col":35,"walk_min":136.1,"nearest_station_id":"kr_172","nearest_station_name":"Migeum","nearest_station_name_ko":"미금","a":120,"c":120,"e":120,"g":120,"i":120,"k":120,"m":120,"o":120,"b":120,"d":120,"f":120,"h":120,"j":120,"l":120,"n":120,"p":120}},{"type":"Feature","geometry":{"type":"Polygon","coordinates":[[[126.94339,37.18],[126.9607,37.18],[126.9607,37.1973],[126.94339,37.1973],[126.94339,37.18]]]},"properties":{"row":0,"col":21,"walk_min":144.2,"nearest_station_id":"kr_047","nearest_station_name":"Byeongjeom","nearest_station_name_ko":"병점","a":120,"c":120,"e":120,"g":120,"i":120,"k":120,"m":120,"o":120,"b":120,"d":120,"f":120,"h":120,"j":120,"l":120,"n":120,"p":120}},{"type":"Feature","geometry":{"type":"Polygon","coordinates":[[[127.15105,37.80296],[127.16835,37.80296],[127.16835,37.82027],[127.15105,37.82027],[127.15105,37.80296]]]},"properties":{"row":36,"col":33,"walk_min":135.8,"nearest_station_id":"kr_447","nearest_station_name":"Deokgye","nearest_station_name_ko":"덕계","a":120,"c":120,"e":120,"g":120,"i":120,"k":120,"m":120,"o":120,"b":120,"d":120,"f":120,"h":120,"j":120,"l":120,"n":120,"p":120}},{"type":"Feature","geometry":{"type":"Polygon","coordinates":[[[126.85687,37.71644],[126.87418,37.71644],[126.87418,37.73374],[126.85687,37.73374],[126.85687,37.71644]]]},"properties":{"row":31,"col":16,"walk_min":186.6,"nearest_station_id":"kr_145","nearest_station_name":"Wondang","nearest_station_name_ko":"원당","a":120,"c":120,"e":120,"g":120,"i":120,"k":120,"m":120,"o":120,"b":120,"d":120,"f":120,"h":120,"j":120,"l":120,"n":120,"p":120}},{"type":"Feature","geometry":{"type":"Polygon","coordinates":[[[126.87418,37.21461],[126.89148,37.21461],[126.89148,37.23191],[126.87418,37.23191],[126.87418,37.21461]]]},"properties":{"row":2,"col":17,"walk_min":145.0,"nearest_station_id":"kr_114","nearest_station_name":"Sangnoksu","nearest_station_name_ko":"상록수","a":120,"c":120,"e":120,"g":120,"i":120,"k":120,"m":120,"o":120,"b":120,"d":120,"f":120,"h":120,"j":120,"l":120,"n":120,"p":120}},{"type":"Feature","geometry":{"type":"Polygon","coordinates":[[[126.70113,37.75105],[126.71844,37.75105],[126.71844,37.76835],[126.70113,37.76835],[126.70113,37.75105]]]},"properties":{"row":33,"col":7,"walk_min":153.6,"nearest_station_id":"kr_424","nearest_station_name":"Daehwa","nearest_station_name_ko":"대화","a":120,"c":120,"e":120,"g":120,"i":120,"k":120,"m":120,"o":120,"b":120,"d":120,"f":120,"h":120,"j":120,"l":120,"n":120,"p":120}},{"type":"Feature","geometry":{"type":"Polygon","coordinates":[[[126.90879,37.21461],[126.92609,37.21461],[126.92609,37.23191],[126.90879,37.23191],[126.90879,37.21461]]]},"properties":{"row":2,"col":19,"walk_min":141.8,"nearest_station_id":"kr_043","nearest_station_name":"Suwon","nearest_station_name_ko":"수원","a":120,"c":120,"e":120,"g":120,"i":120,"k":120,"m":120,"o":120,"b":120,"d":120,"f":120,"h":120,"j":120,"l":120,"n":120,"p":120}},{"type":"Feature","geometry":{"type":"Polygon","coordinates":[[[126.87418,37.71644],[126.89148,37.71644],[126.89148,37.73374],[126.87418,37.73374],[126.87418,37.71644]]]},"properties":{"row":31,"col":17,"walk_min":133.3,"nearest_station_id":"kr_115","nearest_station_name":"Samsong","nearest_station_name_ko":"삼송","a":120,"c":120,"e":120,"g":120,"i":120,"k":120,"m":120,"o":120,"b":120,"d":120,"f":120,"h":120,"j":120,"l":120,"n":120,"p":120}},{"type":"Feature","geometry":{"type":"Polygon","coordinates":[[[127.16835,37.30113],[127.18566,37.30113],[127.18566,37.31844],[127.16835,37.31844],[127.16835,37.30113]]]},"properties":{"row":7,"col":34,"walk_min":138.3,"nearest_station_id":"kr_202","nearest_station_name":"Dongcheon","nearest_station_name_ko":"동천","a":120,"c":120,"e":120,"g":120,"i":120,"k":120,"m":120,"o":120,"b":120,"d":120,"f":120,"h":120,"j":120,"l":120,"n":120,"p":120}},{"type":"Feature","geometry":{"type":"Polygon","coordinates":[[[127.23757,37.62992],[127.25488,37.62992],[127.25488,37.64722],[127.23757,37.64722],[127.23757,37.62992]]]},"properties":{"row":26,"col":38,"walk_min":139.1,"nearest_station_id":"kr_352","nearest_station_name":"Dasan","nearest_station_name_ko":"다산","a":120,"c":120,"e":120,"g":120,"i":120,"k":120,"m":120,"o":120,"b":120,"d":120,"f":120,"h":120,"j":120,"l":120,"n":120,"p":120}},{"type":"Feature","geometry":{"type":"Polygon","coordinates":[[[127.22027,37.78566],[127.22892,37.78566],[127.22892,37.80296],[127.22027,37.80296],[127.22027,37.78566]]]},"properties":{"row":35,"col":37,"walk_min":140.3,"nearest_station_id":"kr_470","nearest_station_name":"Jinjeop","nearest_station_name_ko":"진접","a":120,"c":120,"e":120,"g":120,"i":120,"k":120,"m":120,"o":120,"b":120,"d":120,"f":120,"h":120,"j":120,"l":120,"n":120,"p":120}},{"type":"Feature","geometry":{"type":"Polygon","coordinates":[[[126.60596,37.379],[126.61461,37.379],[126.61461,37.38765],[126.60596,37.38765],[126.60596,37.379]]]},"properties":{"row":11,"col":1,"walk_min":129.5,"nearest_station_id":"kr_457","nearest_station_name":"Dowon","nearest_station_name_ko":"도원","a":120,"c":120,"e":120,"g":120,"i":120,"k":120,"m":120,"o":120,"b":120,"d":120,"f":120,"h":120,"j":120,"l":120,"n":120,"p":120}},{"type":"Feature","geometry":{"type":"Polygon","coordinates":[[[126.85687,37.21461],[126.87418,37.21461],[126.87418,37.23191],[126.85687,37.23191],[126.85687,37.21461]]]},"properties":{"row":2,"col":16,"walk_min":143.5,"nearest_station_id":"kr_114","nearest_station_name":"Sangnoksu","nearest_station_name_ko":"상록수","a":120,"c":120,"e":120,"g":120,"i":120,"k":120,"m":120,"o":120,"b":120,"d":120,"f":120,"h":120,"j":120,"l":120,"n":120,"p":120}},{"type":"Feature","geometry":{"type":"Polygon","coordinates":[[[126.94339,37.82027],[126.9607,37.82027],[126.9607,37.82892],[126.94339,37.82892],[126.94339,37.82027]]]},"properties":{"row":37,"col":21,"walk_min":134.7,"nearest_station_id":"kr_447","nearest_station_name":"Deokgye","nearest_station_name_ko":"덕계","a":120,"c":120,"e":120,"g":120,"i":120,"k":120,"m":120,"o":120,"b":120,"d":120,"f":120,"h":120,"j":120,"l":120,"n":120,"p":120}},{"type":"Feature","geometry":{"type":"Polygon","coordinates":[[[127.11644,37.83757],[127.12509,37.83757],[127.12509,37.84622],[127.11644,37.84622],[127.11644,37.83757]]]},"properties":{"row":38,"col":31,"walk_min":130.7,"nearest_station_id":"kr_119","nearest_station_name":"Deokjeong (Seojeong College)","nearest_station_name_ko":"덕정(서정대학)","a":120,"c":120,"e":120,"g":120,"i":120,"k":120,"m":120,"o":120,"b":120,"d":120,"f":120,"h":120,"j":120,"l":120,"n":120,"p":120}},{"type":"Feature","geometry":{"type":"Polygon","coordinates":[[[126.63191,37.5607],[126.64922,37.5607],[126.64922,37.578],[126.63191,37.578],[126.63191,37.5607]]]},"properties":{"row":22,"col":3,"walk_min":137.4,"nearest_station_id":"kr_258","nearest_station_name":"Sangok","nearest_station_name_ko":"산곡","a":120,"c":120,"e":120,"g":120,"i":120,"k":120,"m":120,"o":120,"b":120,"d":120,"f":120,"h":120,"j":120,"l":120,"n":120,"p":120}},{"type":"Feature","geometry":{"type":"Polygon","coordinates":[[[126.80496,37.23191],[126.82226,37.23191],[126.82226,37.24922],[126.80496,37.24922],[126.80496,37.23191]]]},"properties":{"row":3,"col":13,"walk_min":143.3,"nearest_station_id":"kr_114","nearest_station_name":"Sangnoksu","nearest_station_name_ko":"상록수","a":120,"c":120,"e":120,"g":120,"i":120,"k":120,"m":120,"o":120,"b":120,"d":120,"f":120,"h":120,"j":120,"l":120,"n":120,"p":120}},{"type":"Feature","geometry":{"type":"Polygon","coordinates":[[[127.10779,37.83757],[127.11644,37.83757],[127.11644,37.84622],[127.10779,37.84622],[127.10779,37.83757]]]},"properties":{"row":38,"col":30,"walk_min":131.5,"nearest_station_id":"kr_119","nearest_station_name":"Deokjeong (Seojeong College)","nearest_station_name_ko":"덕정(서정대학)","a":120,"c":120,"e":120,"g":120,"i":120,"k":120,"m":120,"o":120,"b":120,"d":120,"f":120,"h":120,"j":120,"l":120,"n":120,"p":120}},{"type":"Feature","geometry":{"type":"Polygon","coordinates":[[[127.15105,37.1973],[127.16835,37.1973],[127.16835,37.21461],[127.15105,37.21461],[127.15105,37.1973]]]},"properties":{"row":1,"col":33,"walk_min":140.0,"nearest_station_id":"kr_416","nearest_station_name":"Osan College","nearest_station_name_ko":"오산대","a":120,"c":120,"e":120,"g":120,"i":120,"k":120,"m":120,"o":120,"b":120,"d":120,"f":120,"h":120,"j":120,"l":120,"n":120,"p":120}},{"type":"Feature","geometry":{"type":"Polygon","coordinates":[[[126.64922,37.578],[126.66652,37.578],[126.66652,37.59531],[126.64922,37.59531],[126.64922,37.578]]]},"properties":{"row":23,"col":4,"walk_min":141.5,"nearest_station_id":"kr_258","nearest_station_name":"Sangok","nearest_station_name_ko":"산곡","a":120,"c":120,"e":120,"g":120,"i":120,"k":120,"m":120,"o":120,"b":120,"d":120,"f":120,"h":120,"j":120,"l":120,"n":120,"p":120}},{"type":"Feature","geometry":{"type":"Polygon","coordinates":[[[126.5973,37.54339],[126.61461,37.54339],[126.61461,37.5607],[126.5973,37.5607],[126.5973,37.54339]]]},"properties":{"row":21,"col":1,"walk_min":144.2,"nearest_station_id":"kr_458","nearest_station_name":"Incheon","nearest_station_name_ko":"인천","a":120,"c":120,"e":120,"g":120,"i":120,"k":120,"m":120,"o":120,"b":120,"d":120,"f":120,"h":120,"j":120,"l":120,"n":120,"p":120}},{"type":"Feature","geometry":{"type":"Polygon","coordinates":[[[126.80496,37.73374],[126.82226,37.73374],[126.82226,37.75105],[126.80496,37.75105],[126.80496,37.73374]]]},"properties":{"row":32,"col":13,"walk_min":140.2,"nearest_station_id":"kr_350","nearest_station_name":"Juyeop","nearest_station_name_ko":"주엽","a":120,"c":120,"e":120,"g":120,"i":120,"k":120,"m":120,"o":120,"b":120,"d":120,"f":120,"h":120,"j":120,"l":120,"n":120,"p":120}},{"type":"Feature","geometry":{"type":"Polygon","coordinates":[[[127.15105,37.24922],[127.16835,37.24922],[127.16835,37.26652],[127.15105,37.26652],[127.15105,37.24922]]]},"properties":{"row":4,"col":33,"walk_min":140.6,"nearest_station_id":"kr_307","nearest_station_name":"Sanghyeon","nearest_station_name_ko":"상현","a":120,"c":120,"e":120,"g":120,"i":120,"k":120,"m":120,"o":120,"b":120,"d":120,"f":120,"h":120,"j":120,"l":120,"n":120,"p":120}},{"type":"Feature","geometry":{"type":"Polygon","coordinates":[[[127.13374,37.82027],[127.15105,37.82027],[127.15105,37.82892],[127.13374,37.82892],[127.13374,37.82027]]]},"properties":{"row":37,"col":32,"walk_min":135.1,"nearest_station_id":"kr_119","nearest_station_name":"Deokjeong (Seojeong College)","nearest_station_name_ko":"덕정(서정대학)","a":120,"c":120,"e":120,"g":120,"i":120,"k":120,"m":120,"o":120,"b":120,"d":120,"f":120,"h":120,"j":120,"l":120,"n":120,"p":120}},{"type":"Feature","geometry":{"type":"Polygon","coordinates":[[[127.13374,37.76835],[127.15105,37.76835],[127.15105,37.78566],[127.13374,37.78566],[127.13374,37.76835]]]},"properties":{"row":34,"col":32,"walk_min":141.3,"nearest_station_id":"kr_470","nearest_station_name":"Jinjeop","nearest_station_name_ko":"진접","a":120,"c":120,"e":120,"g":120,"i":120,"k":120,"m":120,"o":120,"b":120,"d":120,"f":120,"h":120,"j":120,"l":120,"n":120,"p":120}},{"type":"Feature","geometry":{"type":"Polygon","coordinates":[[[126.82226,37.23191],[126.83957,37.23191],[126.83957,37.24922],[126.82226,37.24922],[126.82226,37.23191]]]},"properties":{"row":3,"col":14,"walk_min":148.0,"nearest_station_id":"kr_114","nearest_station_name":"Sangnoksu","nearest_station_name_ko":"상록수","a":120,"c":120,"e":120,"g":120,"i":120,"k":120,"m":120,"o":120,"b":120,"d":120,"f":120,"h":120,"j":120,"l":120,"n":120,"p":120}},{"type":"Feature","geometry":{"type":"Polygon","coordinates":[[[126.70113,37.61261],[126.71844,37.61261],[126.71844,37.62992],[126.70113,37.62992],[126.70113,37.61261]]]},"properties":{"row":25,"col":7,"walk_min":146.7,"nearest_station_id":"kr_261","nearest_station_name":"Madu","nearest_station_name_ko":"마두","a":120,"c":120,"e":120,"g":120,"i":120,"k":120,"m":120,"o":120,"b":120,"d":120,"f":120,"h":120,"j":120,"l":120,"n":120,"p":120}},{"type":"Feature","geometry":{"type":"Polygon","coordinates":[[[127.15105,37.82027],[127.16835,37.82027],[127.16835,37.83757],[127.15105,37.83757],[127.15105,37.82027]]]},"properties":{"row":37,"col":33,"walk_min":148.1,"nearest_station_id":"kr_119","nearest_station_name":"Deokjeong (Seojeong College)","nearest_station_name_ko":"덕정(서정대학)","a":120,"c":120,"e":120,"g":120,"i":120,"k":120,"m":120,"o":120,"b":120,"d":120,"f":120,"h":120,"j":120,"l":120,"n":120,"p":120}},{"type":"Feature","geometry":{"type":"Polygon","coordinates":[[[127.20296,37.33574],[127.22027,37.33574],[127.22027,37.35305],[127.20296,37.35305],[127.20296,37.33574]]]},"properties":{"row":9,"col":36,"walk_min":148.1,"nearest_station_id":"kr_149","nearest_station_name":"경기광주","nearest_station_name_ko":"경기광주","a":120,"c":120,"e":120,"g":120,"i":120,"k":120,"m":120,"o":120,"b":120,"d":120,"f":120,"h":120,"j":120,"l":120,"n":120,"p":120}},{"type":"Feature","geometry":{"type":"Polygon","coordinates":[[[126.78765,37.75105],[126.80496,37.75105],[126.80496,37.76835],[126.78765,37.76835],[126.78765,37.75105]]]},"properties":{"row":33,"col":12,"walk_min":155.3,"nearest_station_id":"kr_424","nearest_station_name":"Daehwa","nearest_station_name_ko":"대화","a":120,"c":120,"e":120,"g":120,"i":120,"k":120,"m":120,"o":120,"b":120,"d":120,"f":120,"h":120,"j":120,"l":120,"n":120,"p":120}},{"type":"Feature","geometry":{"type":"Polygon","coordinates":[[[126.61461,37.5607],[126.63191,37.5607],[126.63191,37.578],[126.61461,37.578],[126.61461,37.5607]]]},"properties":{"row":22,"col":2,"walk_min":163.2,"nearest_station_id":"kr_258","nearest_station_name":"Sangok","nearest_station_name_ko":"산곡","a":120,"c":120,"e":120,"g":120,"i":120,"k":120,"m":120,"o":120,"b":120,"d":120,"f":120,"h":120,"j":120,"l":120,"n":120,"p":120}},{"type":"Feature","geometry":{"type":"Polygon","coordinates":[[[126.92609,37.78566],[126.94339,37.78566],[126.94339,37.80296],[126.92609,37.80296],[126.92609,37.78566]]]},"properties":{"row":35,"col":20,"walk_min":149.1,"nearest_station_id":"kr_092","nearest_station_name":"Yangju","nearest_station_name_ko":"양주","a":120,"c":120,"e":120,"g":120,"i":120,"k":120,"m":120,"o":120,"b":120,"d":120,"f":120,"h":120,"j":120,"l":120,"n":120,"p":120}},{"type":"Feature","geometry":{"type":"Polygon","coordinates":[[[126.82226,37.73374],[126.83957,37.73374],[126.83957,37.75105],[126.82226,37.75105],[126.82226,37.73374]]]},"properties":{"row":32,"col":14,"walk_min":180.0,"nearest_station_id":"kr_145","nearest_station_name":"Wondang","nearest_station_name_ko":"원당","a":120,"c":120,"e":120,"g":120,"i":120,"k":120,"m":120,"o":120,"b":120,"d":120,"f":120,"h":120,"j":120,"l":120,"n":120,"p":120}},{"type":"Feature","geometry":{"type":"Polygon","coordinates":[[[126.78765,37.23191],[126.80496,37.23191],[126.80496,37.24922],[126.78765,37.24922],[126.78765,37.23191]]]},"properties":{"row":3,"col":12,"walk_min":149.2,"nearest_station_id":"kr_426","nearest_station_name":"Gojan","nearest_station_name_ko":"고잔","a":120,"c":120,"e":120,"g":120,"i":120,"k":120,"m":120,"o":120,"b":120,"d":120,"f":120,"h":120,"j":120,"l":120,"n":120,"p":120}},{"type":"Feature","geometry":{"type":"Polygon","coordinates":[[[126.71844,37.62992],[126.73574,37.62992],[126.73574,37.64722],[126.71844,37.64722],[126.71844,37.62992]]]},"properties":{"row":26,"col":8,"walk_min":153.5,"nearest_station_id":"kr_424","nearest_station_name":"Daehwa","nearest_station_name_ko":"대화","a":120,"c":120,"e":120,"g":120,"i":120,"k":120,"m":120,"o":120,"b":120,"d":120,"f":120,"h":120,"j":120,"l":120,"n":120,"p":120}},{"type":"Feature","geometry":{"type":"Polygon","coordinates":[[[127.13374,37.23191],[127.15105,37.23191],[127.15105,37.24922],[127.13374,37.24922],[127.13374,37.23191]]]},"properties":{"row":3,"col":32,"walk_min":148.1,"nearest_station_id":"kr_307","nearest_station_name":"Sanghyeon","nearest_station_name_ko":"상현","a":120,"c":120,"e":120,"g":120,"i":120,"k":120,"m":120,"o":120,"b":120,"d":120,"f":120,"h":120,"j":120,"l":120,"n":120,"p":120}},{"type":"Feature","geometry":{"type":"Polygon","coordinates":[[[126.68383,37.75105],[126.70113,37.75105],[126.70113,37.76835],[126.68383,37.76835],[126.68383,37.75105]]]},"properties":{"row":33,"col":6,"walk_min":158.0,"nearest_station_id":"kr_424","nearest_station_name":"Daehwa","nearest_station_name_ko":"대화","a":120,"c":120,"e":120,"g":120,"i":120,"k":120,"m":120,"o":120,"b":120,"d":120,"f":120,"h":120,"j":120,"l":120,"n":120,"p":120}},{"type":"Feature","geometry":{"type":"Polygon","coordinates":[[[127.20296,37.80296],[127.22027,37.80296],[127.22027,37.82027],[127.20296,37.82027],[127.20296,37.80296]]]},"properties":{"row":36,"col":36,"walk_min":151.1,"nearest_station_id":"kr_470","nearest_station_name":"Jinjeop","nearest_station_name_ko":"진접","a":120,"c":120,"e":120,"g":120,"i":120,"k":120,"m":120,"o":120,"b":120,"d":120,"f":120,"h":120,"j":120,"l":120,"n":120,"p":120}},{"type":"Feature","geometry":{"type":"Polygon","coordinates":[[[126.92609,37.1973],[126.94339,37.1973],[126.94339,37.21461],[126.92609,37.21461],[126.92609,37.1973]]]},"properties":{"row":1,"col":20,"walk_min":155.2,"nearest_station_id":"kr_462","nearest_station_name":"Seryu","nearest_station_name_ko":"세류","a":120,"c":120,"e":120,"g":120,"i":120,"k":120,"m":120,"o":120,"b":120,"d":120,"f":120,"h":120,"j":120,"l":120,"n":120,"p":120}},{"type":"Feature","geometry":{"type":"Polygon","coordinates":[[[126.92609,37.76835],[126.94339,37.76835],[126.94339,37.78566],[126.92609,37.78566],[126.92609,37.76835]]]},"properties":{"row":34,"col":20,"walk_min":147.5,"nearest_station_id":"kr_421","nearest_station_name":"Nogyang","nearest_station_name_ko":"녹양","a":120,"c":120,"e":120,"g":120,"i":120,"k":120,"m":120,"o":120,"b":120,"d":120,"f":120,"h":120,"j":120,"l":120,"n":120,"p":120}},{"type":"Feature","geometry":{"type":"Polygon","coordinates":[[[126.92609,37.75105],[126.94339,37.75105],[126.94339,37.76835],[126.92609,37.76835],[126.92609,37.75105]]]},"properties":{"row":33,"col":20,"walk_min":151.2,"nearest_station_id":"kr_421","nearest_station_name":"Nogyang","nearest_station_name_ko":"녹양","a":120,"c":120,"e":120,"g":120,"i":120,"k":120,"m":120,"o":120,"b":120,"d":120,"f":120,"h":120,"j":120,"l":120,"n":120,"p":120}},{"type":"Feature","geometry":{"type":"Polygon","coordinates":[[[126.89148,37.21461],[126.90879,37.21461],[126.90879,37.23191],[126.89148,37.23191],[126.89148,37.21461]]]},"properties":{"row":2,"col":18,"walk_min":152.8,"nearest_station_id":"kr_114","nearest_station_name":"Sangnoksu","nearest_station_name_ko":"상록수","a":120,"c":120,"e":120,"g":120,"i":120,"k":120,"m":120,"o":120,"b":120,"d":120,"f":120,"h":120,"j":120,"l":120,"n":120,"p":120}},{"type":"Feature","geometry":{"type":"Polygon","coordinates":[[[126.92609,37.80296],[126.94339,37.80296],[126.94339,37.82027],[126.92609,37.82027],[126.92609,37.80296]]]},"properties":{"row":36,"col":20,"walk_min":150.3,"nearest_station_id":"kr_092","nearest_station_name":"Yangju","nearest_station_name_ko":"양주","a":120,"c":120,"e":120,"g":120,"i":120,"k":120,"m":120,"o":120,"b":120,"d":120,"f":120,"h":120,"j":120,"l":120,"n":120,"p":120}},{"type":"Feature","geometry":{"type":"Polygon","coordinates":[[[126.66652,37.59531],[126.68383,37.59531],[126.68383,37.61261],[126.66652,37.61261],[126.66652,37.59531]]]},"properties":{"row":24,"col":5,"walk_min":157.5,"nearest_station_id":"kr_424","nearest_station_name":"Daehwa","nearest_station_name_ko":"대화","a":120,"c":120,"e":120,"g":120,"i":120,"k":120,"m":120,"o":120,"b":120,"d":120,"f":120,"h":120,"j":120,"l":120,"n":120,"p":120}},{"type":"Feature","geometry":{"type":"Polygon","coordinates":[[[127.15105,37.78566],[127.16835,37.78566],[127.16835,37.80296],[127.15105,37.80296],[127.15105,37.78566]]]},"properties":{"row":35,"col":33,"walk_min":148.4,"nearest_station_id":"kr_470","nearest_station_name":"Jinjeop","nearest_station_name_ko":"진접","a":120,"c":120,"e":120,"g":120,"i":120,"k":120,"m":120,"o":120,"b":120,"d":120,"f":120,"h":120,"j":120,"l":120,"n":120,"p":120}},{"type":"Feature","geometry":{"type":"Polygon","coordinates":[[[126.68383,37.59531],[126.70113,37.59531],[126.70113,37.61261],[126.68383,37.61261],[126.68383,37.59531]]]},"properties":{"row":24,"col":6,"walk_min":150.4,"nearest_station_id":"kr_261","nearest_station_name":"Madu","nearest_station_name_ko":"마두","a":120,"c":120,"e":120,"g":120,"i":120,"k":120,"m":120,"o":120,"b":120,"d":120,"f":120,"h":120,"j":120,"l":120,"n":120,"p":120}},{"type":"Feature","geometry":{"type":"Polygon","coordinates":[[[127.20296,37.31844],[127.22027,37.31844],[127.22027,37.33574],[127.20296,37.33574],[127.20296,37.31844]]]},"properties":{"row":8,"col":36,"walk_min":158.1,"nearest_station_id":"kr_149","nearest_station_name":"경기광주","nearest_station_name_ko":"경기광주","a":120,"c":120,"e":120,"g":120,"i":120,"k":120,"m":120,"o":120,"b":120,"d":120,"f":120,"h":120,"j":120,"l":120,"n":120,"p":120}},{"type":"Feature","geometry":{"type":"Polygon","coordinates":[[[126.90879,37.73374],[126.92609,37.73374],[126.92609,37.75105],[126.90879,37.75105],[126.90879,37.73374]]]},"properties":{"row":32,"col":19,"walk_min":156.3,"nearest_station_id":"kr_115","nearest_station_name":"Samsong","nearest_station_name_ko":"삼송","a":120,"c":120,"e":120,"g":120,"i":120,"k":120,"m":120,"o":120,"b":120,"d":120,"f":120,"h":120,"j":120,"l":120,"n":120,"p":120}},{"type":"Feature","geometry":{"type":"Polygon","coordinates":[[[126.92609,37.73374],[126.94339,37.73374],[126.94339,37.75105],[126.92609,37.75105],[126.92609,37.73374]]]},"properties":{"row":32,"col":20,"walk_min":155.1,"nearest_station_id":"kr_421","nearest_station_name":"Nogyang","nearest_station_name_ko":"녹양","a":120,"c":120,"e":120,"g":120,"i":120,"k":120,"m":120,"o":120,"b":120,"d":120,"f":120,"h":120,"j":120,"l":120,"n":120,"p":120}},{"type":"Feature","geometry":{"type":"Polygon","coordinates":[[[126.94339,37.73374],[126.9607,37.73374],[126.9607,37.75105],[126.94339,37.75105],[126.94339,37.73374]]]},"properties":{"row":32,"col":21,"walk_min":149.4,"nearest_station_id":"kr_448","nearest_station_name":"Ganeung","nearest_station_name_ko":"가능","a":120,"c":120,"e":120,"g":120,"i":120,"k":120,"m":120,"o":120,"b":120,"d":120,"f":120,"h":120,"j":120,"l":120,"n":120,"p":120}},{"type":"Feature","geometry":{"type":"Polygon","coordinates":[[[126.63191,37.35305],[126.64922,37.35305],[126.64922,37.37035],[126.63191,37.37035],[126.63191,37.35305]]]},"properties":{"row":10,"col":3,"walk_min":168.1,"nearest_station_id":"kr_428","nearest_station_name":"Oido","nearest_station_name_ko":"오이도","a":120,"c":120,"e":120,"g":120,"i":120,"k":120,"m":120,"o":120,"b":120,"d":120,"f":120,"h":120,"j":120,"l":120,"n":120,"p":120}},{"type":"Feature","geometry":{"type":"Polygon","coordinates":[[[126.92609,37.82027],[126.94339,37.82027],[126.94339,37.83757],[126.92609,37.83757],[126.92609,37.82027]]]},"properties":{"row":37,"col":20,"walk_min":184.2,"nearest_station_id":"kr_447","nearest_station_name":"Deokgye","nearest_station_name_ko":"덕계","a":120,"c":120,"e":120,"g":120,"i":120,"k":120,"m":120,"o":120,"b":120,"d":120,"f":120,"h":120,"j":120,"l":120,"n":120,"p":120}},{"type":"Feature","geometry":{"type":"Polygon","coordinates":[[[126.83957,37.21461],[126.85687,37.21461],[126.85687,37.23191],[126.83957,37.23191],[126.83957,37.21461]]]},"properties":{"row":2,"col":15,"walk_min":160.7,"nearest_station_id":"kr_114","nearest_station_name":"Sangnoksu","nearest_station_name_ko":"상록수","a":120,"c":120,"e":120,"g":120,"i":120,"k":120,"m":120,"o":120,"b":120,"d":120,"f":120,"h":120,"j":120,"l":120,"n":120,"p":120}},{"type":"Feature","geometry":{"type":"Polygon","coordinates":[[[126.87418,37.73374],[126.89148,37.73374],[126.89148,37.75105],[126.87418,37.75105],[126.87418,37.73374]]]},"properties":{"row":32,"col":17,"walk_min":156.2,"nearest_station_id":"kr_115","nearest_station_name":"Samsong","nearest_station_name_ko":"삼송","a":120,"c":120,"e":120,"g":120,"i":120,"k":120,"m":120,"o":120,"b":120,"d":120,"f":120,"h":120,"j":120,"l":120,"n":120,"p":120}},{"type":"Feature","geometry":{"type":"Polygon","coordinates":[[[127.15105,37.21461],[127.16835,37.21461],[127.16835,37.23191],[127.15105,37.23191],[127.15105,37.21461]]]},"properties":{"row":2,"col":33,"walk_min":158.0,"nearest_station_id":"kr_466","nearest_station_name":"Seodongtan","nearest_station_name_ko":"서동탄","a":120,"c":120,"e":120,"g":120,"i":120,"k":120,"m":120,"o":120,"b":120,"d":120,"f":120,"h":120,"j":120,"l":120,"n":120,"p":120}},{"type":"Feature","geometry":{"type":"Polygon","coordinates":[[[126.89148,37.73374],[126.90879,37.73374],[126.90879,37.75105],[126.89148,37.75105],[126.89148,37.73374]]]},"properties":{"row":32,"col":18,"walk_min":161.2,"nearest_station_id":"kr_115","nearest_station_name":"Samsong","nearest_station_name_ko":"삼송","a":120,"c":120,"e":120,"g":120,"i":120,"k":120,"m":120,"o":120,"b":120,"d":120,"f":120,"h":120,"j":120,"l":120,"n":120,"p":120}},{"type":"Feature","geometry":{"type":"Polygon","coordinates":[[[127.16835,37.24922],[127.18566,37.24922],[127.18566,37.26652],[127.16835,37.26652],[127.16835,37.24922]]]},"properties":{"row":4,"col":34,"walk_min":156.3,"nearest_station_id":"kr_233","nearest_station_name":"Suji-gu Office","nearest_station_name_ko":"수지구청","a":120,"c":120,"e":120,"g":120,"i":120,"k":120,"m":120,"o":120,"b":120,"d":120,"f":120,"h":120,"j":120,"l":120,"n":120,"p":120}},{"type":"Feature","geometry":{"type":"Polygon","coordinates":[[[126.61461,37.30978],[126.63191,37.30978],[126.63191,37.31844],[126.61461,37.31844],[126.61461,37.30978]]]},"properties":{"row":7,"col":2,"walk_min":156.4,"nearest_station_id":"kr_351","nearest_station_name":"Jeongwang","nearest_station_name_ko":"정왕","a":120,"c":120,"e":120,"g":120,"i":120,"k":120,"m":120,"o":120,"b":120,"d":120,"f":120,"h":120,"j":120,"l":120,"n":120,"p":120}},{"type":"Feature","geometry":{"type":"Polygon","coordinates":[[[126.64922,37.35305],[126.66652,37.35305],[126.66652,37.37035],[126.64922,37.37035],[126.64922,37.35305]]]},"properties":{"row":10,"col":4,"walk_min":159.3,"nearest_station_id":"kr_428","nearest_station_name":"Oido","nearest_station_name_ko":"오이도","a":120,"c":120,"e":120,"g":120,"i":120,"k":120,"m":120,"o":120,"b":120,"d":120,"f":120,"h":120,"j":120,"l":120,"n":120,"p":120}},{"type":"Feature","geometry":{"type":"Polygon","coordinates":[[[126.80496,37.75105],[126.82226,37.75105],[126.82226,37.76835],[126.80496,37.76835],[126.80496,37.75105]]]},"properties":{"row":33,"col":13,"walk_min":196.4,"nearest_station_id":"kr_424","nearest_station_name":"Daehwa","nearest_station_name_ko":"대화","a":120,"c":120,"e":120,"g":120,"i":120,"k":120,"m":120,"o":120,"b":120,"d":120,"f":120,"h":120,"j":120,"l":120,"n":120,"p":120}},{"type":"Feature","geometry":{"type":"Polygon","coordinates":[[[126.92609,37.18],[126.94339,37.18],[126.94339,37.1973],[126.92609,37.1973],[126.92609,37.18]]]},"properties":{"row":0,"col":20,"walk_min":159.8,"nearest_station_id":"kr_047","nearest_station_name":"Byeongjeom","nearest_station_name_ko":"병점","a":120,"c":120,"e":120,"g":120,"i":120,"k":120,"m":120,"o":120,"b":120,"d":120,"f":120,"h":120,"j":120,"l":120,"n":120,"p":120}},{"type":"Feature","geometry":{"type":"Polygon","coordinates":[[[126.71844,37.76835],[126.73574,37.76835],[126.73574,37.78566],[126.71844,37.78566],[126.71844,37.76835]]]},"properties":{"row":34,"col":8,"walk_min":160.2,"nearest_station_id":"kr_424","nearest_station_name":"Daehwa","nearest_station_name_ko":"대화","a":120,"c":120,"e":120,"g":120,"i":120,"k":120,"m":120,"o":120,"b":120,"d":120,"f":120,"h":120,"j":120,"l":120,"n":120,"p":120}},{"type":"Feature","geometry":{"type":"Polygon","coordinates":[[[126.63191,37.578],[126.64922,37.578],[126.64922,37.59531],[126.63191,37.59531],[126.63191,37.578]]]},"properties":{"row":23,"col":3,"walk_min":161.1,"nearest_station_id":"kr_258","nearest_station_name":"Sangok","nearest_station_name_ko":"산곡","a":120,"c":120,"e":120,"g":120,"i":120,"k":120,"m":120,"o":120,"b":120,"d":120,"f":120,"h":120,"j":120,"l":120,"n":120,"p":120}},{"type":"Feature","geometry":{"type":"Polygon","coordinates":[[[126.77035,37.75105],[126.78765,37.75105],[126.78765,37.76835],[126.77035,37.76835],[126.77035,37.75105]]]},"properties":{"row":33,"col":11,"walk_min":154.6,"nearest_station_id":"kr_424","nearest_station_name":"Daehwa","nearest_station_name_ko":"대화","a":120,"c":120,"e":120,"g":120,"i":120,"k":120,"m":120,"o":120,"b":120,"d":120,"f":120,"h":120,"j":120,"l":120,"n":120,"p":120}},{"type":"Feature","geometry":{"type":"Polygon","coordinates":[[[127.16835,37.80296],[127.18566,37.80296],[127.18566,37.82027],[127.16835,37.82027],[127.16835,37.80296]]]},"properties":{"row":36,"col":34,"walk_min":158.3,"nearest_station_id":"kr_470","nearest_station_name":"Jinjeop","nearest_station_name_ko":"진접","a":120,"c":120,"e":120,"g":120,"i":120,"k":120,"m":120,"o":120,"b":120,"d":120,"f":120,"h":120,"j":120,"l":120,"n":120,"p":120}},{"type":"Feature","geometry":{"type":"Polygon","coordinates":[[[127.25488,37.63857],[127.27218,37.63857],[127.27218,37.64722],[127.25488,37.64722],[127.25488,37.63857]]]},"properties":{"row":26,"col":39,"walk_min":160.1,"nearest_station_id":"kr_361","nearest_station_name":"Onam","nearest_station_name_ko":"오남","a":120,"c":120,"e":120,"g":120,"i":120,"k":120,"m":120,"o":120,"b":120,"d":120,"f":120,"h":120,"j":120,"l":120,"n":120,"p":120}},{"type":"Feature","geometry":{"type":"Polygon","coordinates":[[[126.68383,37.61261],[126.70113,37.61261],[126.70113,37.62992],[126.68383,37.62992],[126.68383,37.61261]]]},"properties":{"row":25,"col":6,"walk_min":164.1,"nearest_station_id":"kr_424","nearest_station_name":"Daehwa","nearest_station_name_ko":"대화","a":120,"c":120,"e":120,"g":120,"i":120,"k":120,"m":120,"o":120,"b":120,"d":120,"f":120,"h":120,"j":120,"l":120,"n":120,"p":120}},{"type":"Feature","geometry":{"type":"Polygon","coordinates":[[[126.75305,37.76835],[126.77035,37.76835],[126.77035,37.78566],[126.75305,37.78566],[126.75305,37.76835]]]},"properties":{"row":34,"col":10,"walk_min":161.1,"nearest_station_id":"kr_424","nearest_station_name":"Daehwa","nearest_station_name_ko":"대화","a":120,"c":120,"e":120,"g":120,"i":120,"k":120,"m":120,"o":120,"b":120,"d":120,"f":120,"h":120,"j":120,"l":120,"n":120,"p":120}},{"type":"Feature","geometry":{"type":"Polygon","coordinates":[[[127.22027,37.80296],[127.23757,37.80296],[127.23757,37.82027],[127.22027,37.82027],[127.22027,37.80296]]]},"properties":{"row":36,"col":37,"walk_min":181.9,"nearest_station_id":"kr_470","nearest_station_name":"Jinjeop","nearest_station_name_ko":"진접","a":120,"c":120,"e":120,"g":120,"i":120,"k":120,"m":120,"o":120,"b":120,"d":120,"f":120,"h":120,"j":120,"l":120,"n":120,"p":120}},{"type":"Feature","geometry":{"type":"Polygon","coordinates":[[[127.18566,37.26652],[127.20296,37.26652],[127.20296,37.28383],[127.18566,37.28383],[127.18566,37.26652]]]},"properties":{"row":5,"col":35,"walk_min":161.5,"nearest_station_id":"kr_233","nearest_station_name":"Suji-gu Office","nearest_station_name_ko":"수지구청","a":120,"c":120,"e":120,"g":120,"i":120,"k":120,"m":120,"o":120,"b":120,"d":120,"f":120,"h":120,"j":120,"l":120,"n":120,"p":120}},{"type":"Feature","geometry":{"type":"Polygon","coordinates":[[[126.64922,37.59531],[126.66652,37.59531],[126.66652,37.61261],[126.64922,37.61261],[126.64922,37.59531]]]},"properties":{"row":24,"col":4,"walk_min":161.5,"nearest_station_id":"kr_424","nearest_station_name":"Daehwa","nearest_station_name_ko":"대화","a":120,"c":120,"e":120,"g":120,"i":120,"k":120,"m":120,"o":120,"b":120,"d":120,"f":120,"h":120,"j":120,"l":120,"n":120,"p":120}},{"type":"Feature","geometry":{"type":"Polygon","coordinates":[[[127.18566,37.30113],[127.20296,37.30113],[127.20296,37.31844],[127.18566,37.31844],[127.18566,37.30113]]]},"properties":{"row":7,"col":35,"walk_min":159.6,"nearest_station_id":"kr_202","nearest_station_name":"Dongcheon","nearest_station_name_ko":"동천","a":120,"c":120,"e":120,"g":120,"i":120,"k":120,"m":120,"o":120,"b":120,"d":120,"f":120,"h":120,"j":120,"l":120,"n":120,"p":120}},{"type":"Feature","geometry":{"type":"Polygon","coordinates":[[[126.61461,37.35305],[126.63191,37.35305],[126.63191,37.37035],[126.61461,37.37035],[126.61461,37.35305]]]},"properties":{"row":10,"col":2,"walk_min":199.4,"nearest_station_id":"kr_428","nearest_station_name":"Oido","nearest_station_name_ko":"오이도","a":120,"c":120,"e":120,"g":120,"i":120,"k":120,"m":120,"o":120,"b":120,"d":120,"f":120,"h":120,"j":120,"l":120,"n":120,"p":120}},{"type":"Feature","geometry":{"type":"Polygon","coordinates":[[[126.66652,37.35305],[126.68383,37.35305],[126.68383,37.37035],[126.66652,37.37035],[126.66652,37.35305]]]},"properties":{"row":10,"col":5,"walk_min":163.5,"nearest_station_id":"kr_428","nearest_station_name":"Oido","nearest_station_name_ko":"오이도","a":120,"c":120,"e":120,"g":120,"i":120,"k":120,"m":120,"o":120,"b":120,"d":120,"f":120,"h":120,"j":120,"l":120,"n":120,"p":120}},{"type":"Feature","geometry":{"type":"Polygon","coordinates":[[[126.85687,37.1973],[126.87418,37.1973],[126.87418,37.21461],[126.85687,37.21461],[126.85687,37.1973]]]},"properties":{"row":1,"col":16,"walk_min":168.9,"nearest_station_id":"kr_114","nearest_station_name":"Sangnoksu","nearest_station_name_ko":"상록수","a":120,"c":120,"e":120,"g":120,"i":120,"k":120,"m":120,"o":120,"b":120,"d":120,"f":120,"h":120,"j":120,"l":120,"n":120,"p":120}},{"type":"Feature","geometry":{"type":"Polygon","coordinates":[[[127.18566,37.80296],[127.20296,37.80296],[127.20296,37.82027],[127.18566,37.82027],[127.18566,37.80296]]]},"properties":{"row":36,"col":35,"walk_min":166.1,"nearest_station_id":"kr_470","nearest_station_name":"Jinjeop","nearest_station_name_ko":"진접","a":120,"c":120,"e":120,"g":120,"i":120,"k":120,"m":120,"o":120,"b":120,"d":120,"f":120,"h":120,"j":120,"l":120,"n":120,"p":120}},{"type":"Feature","geometry":{"type":"Polygon","coordinates":[[[127.16835,37.78566],[127.18566,37.78566],[127.18566,37.80296],[127.16835,37.80296],[127.16835,37.78566]]]},"properties":{"row":35,"col":34,"walk_min":169.3,"nearest_station_id":"kr_470","nearest_station_name":"Jinjeop","nearest_station_name_ko":"진접","a":120,"c":120,"e":120,"g":120,"i":120,"k":120,"m":120,"o":120,"b":120,"d":120,"f":120,"h":120,"j":120,"l":120,"n":120,"p":120}},{"type":"Feature","geometry":{"type":"Polygon","coordinates":[[[126.77035,37.76835],[126.78765,37.76835],[126.78765,37.78566],[126.77035,37.78566],[126.77035,37.76835]]]},"properties":{"row":34,"col":11,"walk_min":166.7,"nearest_station_id":"kr_424","nearest_station_name":"Daehwa","nearest_station_name_ko":"대화","a":120,"c":120,"e":120,"g":120,"i":120,"k":120,"m":120,"o":120,"b":120,"d":120,"f":120,"h":120,"j":120,"l":120,"n":120,"p":120}},{"type":"Feature","geometry":{"type":"Polygon","coordinates":[[[126.779,37.24922],[126.78765,37.24922],[126.78765,37.25787],[126.779,37.25787],[126.779,37.24922]]]},"properties":{"row":4,"col":11,"walk_min":156.9,"nearest_station_id":"kr_230","nearest_station_name":"Choji","nearest_station_name_ko":"초지","a":120,"c":120,"e":120,"g":120,"i":120,"k":120,"m":120,"o":120,"b":120,"d":120,"f":120,"h":120,"j":120,"l":120,"n":120,"p":120}},{"type":"Feature","geometry":{"type":"Polygon","coordinates":[[[126.70113,37.62992],[126.71844,37.62992],[126.71844,37.64722],[126.70113,37.64722],[126.70113,37.62992]]]},"properties":{"row":26,"col":7,"walk_min":164.3,"nearest_station_id":"kr_424","nearest_station_name":"Daehwa","nearest_station_name_ko":"대화","a":120,"c":120,"e":120,"g":120,"i":120,"k":120,"m":120,"o":120,"b":120,"d":120,"f":120,"h":120,"j":120,"l":120,"n":120,"p":120}},{"type":"Feature","geometry":{"type":"Polygon","coordinates":[[[127.16835,37.1973],[127.18566,37.1973],[127.18566,37.21461],[127.16835,37.21461],[127.16835,37.1973]]]},"properties":{"row":1,"col":34,"walk_min":185.3,"nearest_station_id":"kr_416","nearest_station_name":"Osan College","nearest_station_name_ko":"오산대","a":120,"c":120,"e":120,"g":120,"i":120,"k":120,"m":120,"o":120,"b":120,"d":120,"f":120,"h":120,"j":120,"l":120,"n":120,"p":120}},{"type":"Feature","geometry":{"type":"Polygon","coordinates":[[[127.15105,37.23191],[127.16835,37.23191],[127.16835,37.24922],[127.15105,37.24922],[127.15105,37.23191]]]},"properties":{"row":3,"col":33,"walk_min":166.1,"nearest_station_id":"kr_307","nearest_station_name":"Sanghyeon","nearest_station_name_ko":"상현","a":120,"c":120,"e":120,"g":120,"i":120,"k":120,"m":120,"o":120,"b":120,"d":120,"f":120,"h":120,"j":120,"l":120,"n":120,"p":120}},{"type":"Feature","geometry":{"type":"Polygon","coordinates":[[[126.82226,37.21461],[126.83957,37.21461],[126.83957,37.23191],[126.82226,37.23191],[126.82226,37.21461]]]},"properties":{"row":2,"col":14,"walk_min":175.6,"nearest_station_id":"kr_114","nearest_station_name":"Sangnoksu","nearest_station_name_ko":"상록수","a":120,"c":120,"e":120,"g":120,"i":120,"k":120,"m":120,"o":120,"b":120,"d":120,"f":120,"h":120,"j":120,"l":120,"n":120,"p":120}},{"type":"Feature","geometry":{"type":"Polygon","coordinates":[[[126.70113,37.76835],[126.71844,37.76835],[126.71844,37.78566],[126.70113,37.78566],[126.70113,37.76835]]]},"properties":{"row":34,"col":7,"walk_min":169.3,"nearest_station_id":"kr_424","nearest_station_name":"Daehwa","nearest_station_name_ko":"대화","a":120,"c":120,"e":120,"g":120,"i":120,"k":120,"m":120,"o":120,"b":120,"d":120,"f":120,"h":120,"j":120,"l":120,"n":120,"p":120}},{"type":"Feature","geometry":{"type":"Polygon","coordinates":[[[127.18566,37.24922],[127.20296,37.24922],[127.20296,37.26652],[127.18566,37.26652],[127.18566,37.24922]]]},"properties":{"row":4,"col":35,"walk_min":172.0,"nearest_station_id":"kr_233","nearest_station_name":"Suji-gu Office","nearest_station_name_ko":"수지구청","a":120,"c":120,"e":120,"g":120,"i":120,"k":120,"m":120,"o":120,"b":120,"d":120,"f":120,"h":120,"j":120,"l":120,"n":120,"p":120}},{"type":"Feature","geometry":{"type":"Polygon","coordinates":[[[126.90879,37.80296],[126.92609,37.80296],[126.92609,37.82027],[126.90879,37.82027],[126.90879,37.80296]]]},"properties":{"row":36,"col":19,"walk_min":177.4,"nearest_station_id":"kr_092","nearest_station_name":"Yangju","nearest_station_name_ko":"양주","a":120,"c":120,"e":120,"g":120,"i":120,"k":120,"m":120,"o":120,"b":120,"d":120,"f":120,"h":120,"j":120,"l":120,"n":120,"p":120}},{"type":"Feature","geometry":{"type":"Polygon","coordinates":[[[127.22027,37.33574],[127.23757,37.33574],[127.23757,37.35305],[127.22027,37.35305],[127.22027,37.33574]]]},"properties":{"row":9,"col":37,"walk_min":169.3,"nearest_station_id":"kr_149","nearest_station_name":"경기광주","nearest_station_name_ko":"경기광주","a":120,"c":120,"e":120,"g":120,"i":120,"k":120,"m":120,"o":120,"b":120,"d":120,"f":120,"h":120,"j":120,"l":120,"n":120,"p":120}},{"type":"Feature","geometry":{"type":"Polygon","coordinates":[[[126.90879,37.78566],[126.92609,37.78566],[126.92609,37.80296],[126.90879,37.80296],[126.90879,37.78566]]]},"properties":{"row":35,"col":19,"walk_min":175.8,"nearest_station_id":"kr_092","nearest_station_name":"Yangju","nearest_station_name_ko":"양주","a":120,"c":120,"e":120,"g":120,"i":120,"k":120,"m":120,"o":120,"b":120,"d":120,"f":120,"h":120,"j":120,"l":120,"n":120,"p":120}},{"type":"Feature","geometry":{"type":"Polygon","coordinates":[[[127.16835,37.82027],[127.18566,37.82027],[127.18566,37.83757],[127.16835,37.83757],[127.16835,37.82027]]]},"properties":{"row":37,"col":34,"walk_min":177.9,"nearest_station_id":"kr_119","nearest_station_name":"Deokjeong (Seojeong College)","nearest_station_name_ko":"덕정(서정대학)","a":120,"c":120,"e":120,"g":120,"i":120,"k":120,"m":120,"o":120,"b":120,"d":120,"f":120,"h":120,"j":120,"l":120,"n":120,"p":120}},{"type":"Feature","geometry":{"type":"Polygon","coordinates":[[[126.63191,37.59531],[126.64922,37.59531],[126.64922,37.61261],[126.63191,37.61261],[126.63191,37.59531]]]},"properties":{"row":24,"col":3,"walk_min":174.8,"nearest_station_id":"kr_258","nearest_station_name":"Sangok","nearest_station_name_ko":"산곡","a":120,"c":120,"e":120,"g":120,"i":120,"k":120,"m":120,"o":120,"b":120,"d":120,"f":120,"h":120,"j":120,"l":120,"n":120,"p":120}},{"type":"Feature","geometry":{"type":"Polygon","coordinates":[[[127.16835,37.23191],[127.18566,37.23191],[127.18566,37.24922],[127.16835,37.24922],[127.16835,37.23191]]]},"properties":{"row":3,"col":34,"walk_min":176.7,"nearest_station_id":"kr_307","nearest_station_name":"Sanghyeon","nearest_station_name_ko":"상현","a":120,"c":120,"e":120,"g":120,"i":120,"k":120,"m":120,"o":120,"b":120,"d":120,"f":120,"h":120,"j":120,"l":120,"n":120,"p":120}},{"type":"Feature","geometry":{"type":"Polygon","coordinates":[[[126.85687,37.73374],[126.87418,37.73374],[126.87418,37.75105],[126.85687,37.75105],[126.85687,37.73374]]]},"properties":{"row":32,"col":16,"walk_min":174.1,"nearest_station_id":"kr_145","nearest_station_name":"Wondang","nearest_station_name_ko":"원당","a":120,"c":120,"e":120,"g":120,"i":120,"k":120,"m":120,"o":120,"b":120,"d":120,"f":120,"h":120,"j":120,"l":120,"n":120,"p":120}},{"type":"Feature","geometry":{"type":"Polygon","coordinates":[[[127.20296,37.30113],[127.22027,37.30113],[127.22027,37.31844],[127.20296,37.31844],[127.20296,37.30113]]]},"properties":{"row":7,"col":36,"walk_min":183.7,"nearest_station_id":"kr_202","nearest_station_name":"Dongcheon","nearest_station_name_ko":"동천","a":120,"c":120,"e":120,"g":120,"i":120,"k":120,"m":120,"o":120,"b":120,"d":120,"f":120,"h":120,"j":120,"l":120,"n":120,"p":120}},{"type":"Feature","geometry":{"type":"Polygon","coordinates":[[[126.90879,37.76835],[126.92609,37.76835],[126.92609,37.78566],[126.90879,37.78566],[126.90879,37.76835]]]},"properties":{"row":34,"col":19,"walk_min":175.8,"nearest_station_id":"kr_421","nearest_station_name":"Nogyang","nearest_station_name_ko":"녹양","a":120,"c":120,"e":120,"g":120,"i":120,"k":120,"m":120,"o":120,"b":120,"d":120,"f":120,"h":120,"j":120,"l":120,"n":120,"p":120}},{"type":"Feature","geometry":{"type":"Polygon","coordinates":[[[126.90879,37.75105],[126.92609,37.75105],[126.92609,37.76835],[126.90879,37.76835],[126.90879,37.75105]]]},"properties":{"row":33,"col":19,"walk_min":172.4,"nearest_station_id":"kr_421","nearest_station_name":"Nogyang","nearest_station_name_ko":"녹양","a":120,"c":120,"e":120,"g":120,"i":120,"k":120,"m":120,"o":120,"b":120,"d":120,"f":120,"h":120,"j":120,"l":120,"n":120,"p":120}},{"type":"Feature","geometry":{"type":"Polygon","coordinates":[[[126.73574,37.76835],[126.75305,37.76835],[126.75305,37.78566],[126.73574,37.78566],[126.73574,37.76835]]]},"properties":{"row":34,"col":9,"walk_min":173.8,"nearest_station_id":"kr_424","nearest_station_name":"Daehwa","nearest_station_name_ko":"대화","a":120,"c":120,"e":120,"g":120,"i":120,"k":120,"m":120,"o":120,"b":120,"d":120,"f":120,"h":120,"j":120,"l":120,"n":120,"p":120}},{"type":"Feature","geometry":{"type":"Polygon","coordinates":[[[126.78765,37.21461],[126.80496,37.21461],[126.80496,37.23191],[126.78765,37.23191],[126.78765,37.21461]]]},"properties":{"row":2,"col":12,"walk_min":180.4,"nearest_station_id":"kr_426","nearest_station_name":"Gojan","nearest_station_name_ko":"고잔","a":120,"c":120,"e":120,"g":120,"i":120,"k":120,"m":120,"o":120,"b":120,"d":120,"f":120,"h":120,"j":120,"l":120,"n":120,"p":120}},{"type":"Feature","geometry":{"type":"Polygon","coordinates":[[[126.87418,37.1973],[126.89148,37.1973],[126.89148,37.21461],[126.87418,37.21461],[126.87418,37.1973]]]},"properties":{"row":1,"col":17,"walk_min":175.7,"nearest_station_id":"kr_114","nearest_station_name":"Sangnoksu","nearest_station_name_ko":"상록수","a":120,"c":120,"e":120,"g":120,"i":120,"k":120,"m":120,"o":120,"b":120,"d":120,"f":120,"h":120,"j":120,"l":120,"n":120,"p":120}},{"type":"Feature","geometry":{"type":"Polygon","coordinates":[[[127.16835,37.18],[127.18566,37.18],[127.18566,37.1973],[127.16835,37.1973],[127.16835,37.18]]]},"properties":{"row":0,"col":34,"walk_min":179.8,"nearest_station_id":"kr_416","nearest_station_name":"Osan College","nearest_station_name_ko":"오산대","a":120,"c":120,"e":120,"g":120,"i":120,"k":120,"m":120,"o":120,"b":120,"d":120,"f":120,"h":120,"j":120,"l":120,"n":120,"p":120}},{"type":"Feature","geometry":{"type":"Polygon","coordinates":[[[126.68383,37.62992],[126.70113,37.62992],[126.70113,37.64722],[126.68383,37.64722],[126.68383,37.62992]]]},"properties":{"row":26,"col":6,"walk_min":178.5,"nearest_station_id":"kr_424","nearest_station_name":"Daehwa","nearest_station_name_ko":"대화","a":120,"c":120,"e":120,"g":120,"i":120,"k":120,"m":120,"o":120,"b":120,"d":120,"f":120,"h":120,"j":120,"l":120,"n":120,"p":120}},{"type":"Feature","geometry":{"type":"Polygon","coordinates":[[[126.5973,37.5607],[126.61461,37.5607],[126.61461,37.578],[126.5973,37.578],[126.5973,37.5607]]]},"properties":{"row":22,"col":1,"walk_min":183.6,"nearest_station_id":"kr_458","nearest_station_name":"Incheon","nearest_station_name_ko":"인천","a":120,"c":120,"e":120,"g":120,"i":120,"k":120,"m":120,"o":120,"b":120,"d":120,"f":120,"h":120,"j":120,"l":120,"n":120,"p":120}},{"type":"Feature","geometry":{"type":"Polygon","coordinates":[[[126.90879,37.1973],[126.92609,37.1973],[126.92609,37.21461],[126.90879,37.21461],[126.90879,37.1973]]]},"properties":{"row":1,"col":19,"walk_min":179.9,"nearest_station_id":"kr_462","nearest_station_name":"Seryu","nearest_station_name_ko":"세류","a":120,"c":120,"e":120,"g":120,"i":120,"k":120,"m":120,"o":120,"b":120,"d":120,"f":120,"h":120,"j":120,"l":120,"n":120,"p":120}},{"type":"Feature","geometry":{"type":"Polygon","coordinates":[[[126.80496,37.21461],[126.82226,37.21461],[126.82226,37.23191],[126.80496,37.23191],[126.80496,37.21461]]]},"properties":{"row":2,"col":13,"walk_min":176.6,"nearest_station_id":"kr_114","nearest_station_name":"Sangnoksu","nearest_station_name_ko":"상록수","a":120,"c":120,"e":120,"g":120,"i":120,"k":120,"m":120,"o":120,"b":120,"d":120,"f":120,"h":120,"j":120,"l":120,"n":120,"p":120}},{"type":"Feature","geometry":{"type":"Polygon","coordinates":[[[126.5973,37.30113],[126.61461,37.30113],[126.61461,37.31844],[126.5973,37.31844],[126.5973,37.30113]]]},"properties":{"row":7,"col":1,"walk_min":177.8,"nearest_station_id":"kr_351","nearest_station_name":"Jeongwang","nearest_station_name_ko":"정왕","a":120,"c":120,"e":120,"g":120,"i":120,"k":120,"m":120,"o":120,"b":120,"d":120,"f":120,"h":120,"j":120,"l":120,"n":120,"p":120}},{"type":"Feature","geometry":{"type":"Polygon","coordinates":[[[127.26353,37.64722],[127.27218,37.64722],[127.27218,37.65587],[127.26353,37.65587],[127.26353,37.64722]]]},"properties":{"row":27,"col":39,"walk_min":169.7,"nearest_station_id":"kr_361","nearest_station_name":"Onam","nearest_station_name_ko":"오남","a":120,"c":120,"e":120,"g":120,"i":120,"k":120,"m":120,"o":120,"b":120,"d":120,"f":120,"h":120,"j":120,"l":120,"n":120,"p":120}},{"type":"Feature","geometry":{"type":"Polygon","coordinates":[[[126.83957,37.1973],[126.85687,37.1973],[126.85687,37.21461],[126.83957,37.21461],[126.83957,37.1973]]]},"properties":{"row":1,"col":15,"walk_min":183.5,"nearest_station_id":"kr_114","nearest_station_name":"Sangnoksu","nearest_station_name_ko":"상록수","a":120,"c":120,"e":120,"g":120,"i":120,"k":120,"m":120,"o":120,"b":120,"d":120,"f":120,"h":120,"j":120,"l":120,"n":120,"p":120}},{"type":"Feature","geometry":{"type":"Polygon","coordinates":[[[127.20296,37.82027],[127.22027,37.82027],[127.22027,37.82892],[127.20296,37.82892],[127.20296,37.82027]]]},"properties":{"row":37,"col":36,"walk_min":173.1,"nearest_station_id":"kr_470","nearest_station_name":"Jinjeop","nearest_station_name_ko":"진접","a":120,"c":120,"e":120,"g":120,"i":120,"k":120,"m":120,"o":120,"b":120,"d":120,"f":120,"h":120,"j":120,"l":120,"n":120,"p":120}},{"type":"Feature","geometry":{"type":"Polygon","coordinates":[[[126.89148,37.1973],[126.90879,37.1973],[126.90879,37.21461],[126.89148,37.21461],[126.89148,37.1973]]]},"properties":{"row":1,"col":18,"walk_min":192.6,"nearest_station_id":"kr_462","nearest_station_name":"Seryu","nearest_station_name_ko":"세류","a":120,"c":120,"e":120,"g":120,"i":120,"k":120,"m":120,"o":120,"b":120,"d":120,"f":120,"h":120,"j":120,"l":120,"n":120,"p":120}},{"type":"Feature","geometry":{"type":"Polygon","coordinates":[[[127.18566,37.82027],[127.20296,37.82027],[127.20296,37.82892],[127.18566,37.82892],[127.18566,37.82027]]]},"properties":{"row":37,"col":35,"walk_min":176.5,"nearest_station_id":"kr_470","nearest_station_name":"Jinjeop","nearest_station_name_ko":"진접","a":120,"c":120,"e":120,"g":120,"i":120,"k":120,"m":120,"o":120,"b":120,"d":120,"f":120,"h":120,"j":120,"l":120,"n":120,"p":120}},{"type":"Feature","geometry":{"type":"Polygon","coordinates":[[[126.78765,37.76835],[126.80496,37.76835],[126.80496,37.78566],[126.78765,37.78566],[126.78765,37.76835]]]},"properties":{"row":34,"col":12,"walk_min":195.7,"nearest_station_id":"kr_424","nearest_station_name":"Daehwa","nearest_station_name_ko":"대화","a":120,"c":120,"e":120,"g":120,"i":120,"k":120,"m":120,"o":120,"b":120,"d":120,"f":120,"h":120,"j":120,"l":120,"n":120,"p":120}},{"type":"Feature","geometry":{"type":"Polygon","coordinates":[[[126.61461,37.578],[126.63191,37.578],[126.63191,37.59531],[126.61461,37.59531],[126.61461,37.578]]]},"properties":{"row":23,"col":2,"walk_min":185.0,"nearest_station_id":"kr_258","nearest_station_name":"Sangok","nearest_station_name_ko":"산곡","a":120,"c":120,"e":120,"g":120,"i":120,"k":120,"m":120,"o":120,"b":120,"d":120,"f":120,"h":120,"j":120,"l":120,"n":120,"p":120}},{"type":"Feature","geometry":{"type":"Polygon","coordinates":[[[126.87418,37.75105],[126.89148,37.75105],[126.89148,37.76835],[126.87418,37.76835],[126.87418,37.75105]]]},"properties":{"row":33,"col":17,"walk_min":184.9,"nearest_station_id":"kr_115","nearest_station_name":"Samsong","nearest_station_name_ko":"삼송","a":120,"c":120,"e":120,"g":120,"i":120,"k":120,"m":120,"o":120,"b":120,"d":120,"f":120,"h":120,"j":120,"l":120,"n":120,"p":120}},{"type":"Feature","geometry":{"type":"Polygon","coordinates":[[[127.20296,37.26652],[127.22027,37.26652],[127.22027,37.28383],[127.20296,37.28383],[127.20296,37.26652]]]},"properties":{"row":5,"col":36,"walk_min":181.4,"nearest_station_id":"kr_233","nearest_station_name":"Suji-gu Office","nearest_station_name_ko":"수지구청","a":120,"c":120,"e":120,"g":120,"i":120,"k":120,"m":120,"o":120,"b":120,"d":120,"f":120,"h":120,"j":120,"l":120,"n":120,"p":120}},{"type":"Feature","geometry":{"type":"Polygon","coordinates":[[[127.18566,37.28383],[127.20296,37.28383],[127.20296,37.30113],[127.18566,37.30113],[127.18566,37.28383]]]},"properties":{"row":6,"col":35,"walk_min":188.3,"nearest_station_id":"kr_233","nearest_station_name":"Suji-gu Office","nearest_station_name_ko":"수지구청","a":120,"c":120,"e":120,"g":120,"i":120,"k":120,"m":120,"o":120,"b":120,"d":120,"f":120,"h":120,"j":120,"l":120,"n":120,"p":120}},{"type":"Feature","geometry":{"type":"Polygon","coordinates":[[[127.22027,37.31844],[127.22892,37.31844],[127.22892,37.33574],[127.22027,37.33574],[127.22027,37.31844]]]},"properties":{"row":8,"col":37,"walk_min":177.6,"nearest_station_id":"kr_149","nearest_station_name":"경기광주","nearest_station_name_ko":"경기광주","a":120,"c":120,"e":120,"g":120,"i":120,"k":120,"m":120,"o":120,"b":120,"d":120,"f":120,"h":120,"j":120,"l":120,"n":120,"p":120}},{"type":"Feature","geometry":{"type":"Polygon","coordinates":[[[126.77035,37.78566],[126.78765,37.78566],[126.78765,37.80296],[126.77035,37.80296],[126.77035,37.78566]]]},"properties":{"row":35,"col":11,"walk_min":190.1,"nearest_station_id":"kr_424","nearest_station_name":"Daehwa","nearest_station_name_ko":"대화","a":120,"c":120,"e":120,"g":120,"i":120,"k":120,"m":120,"o":120,"b":120,"d":120,"f":120,"h":120,"j":120,"l":120,"n":120,"p":120}},{"type":"Feature","geometry":{"type":"Polygon","coordinates":[[[126.66652,37.61261],[126.68383,37.61261],[126.68383,37.62992],[126.66652,37.62992],[126.66652,37.61261]]]},"properties":{"row":25,"col":5,"walk_min":183.2,"nearest_station_id":"kr_424","nearest_station_name":"Daehwa","nearest_station_name_ko":"대화","a":120,"c":120,"e":120,"g":120,"i":120,"k":120,"m":120,"o":120,"b":120,"d":120,"f":120,"h":120,"j":120,"l":120,"n":120,"p":120}},{"type":"Feature","geometry":{"type":"Polygon","coordinates":[[[126.71844,37.78566],[126.73574,37.78566],[126.73574,37.80296],[126.71844,37.80296],[126.71844,37.78566]]]},"properties":{"row":35,"col":8,"walk_min":189.8,"nearest_station_id":"kr_424","nearest_station_name":"Daehwa","nearest_station_name_ko":"대화","a":120,"c":120,"e":120,"g":120,"i":120,"k":120,"m":120,"o":120,"b":120,"d":120,"f":120,"h":120,"j":120,"l":120,"n":120,"p":120}},{"type":"Feature","geometry":{"type":"Polygon","coordinates":[[[126.64922,37.34439],[126.66652,37.34439],[126.66652,37.35305],[126.64922,37.35305],[126.64922,37.34439]]]},"properties":{"row":9,"col":4,"walk_min":186.6,"nearest_station_id":"kr_428","nearest_station_name":"Oido","nearest_station_name_ko":"오이도","a":120,"c":120,"e":120,"g":120,"i":120,"k":120,"m":120,"o":120,"b":120,"d":120,"f":120,"h":120,"j":120,"l":120,"n":120,"p":120}},{"type":"Feature","geometry":{"type":"Polygon","coordinates":[[[127.16835,37.21461],[127.18566,37.21461],[127.18566,37.23191],[127.16835,37.23191],[127.16835,37.21461]]]},"properties":{"row":2,"col":34,"walk_min":185.8,"nearest_station_id":"kr_466","nearest_station_name":"Seodongtan","nearest_station_name_ko":"서동탄","a":120,"c":120,"e":120,"g":120,"i":120,"k":120,"m":120,"o":120,"b":120,"d":120,"f":120,"h":120,"j":120,"l":120,"n":120,"p":120}},{"type":"Feature","geometry":{"type":"Polygon","coordinates":[[[126.90879,37.18],[126.92609,37.18],[126.92609,37.1973],[126.90879,37.1973],[126.90879,37.18]]]},"properties":{"row":0,"col":19,"walk_min":186.5,"nearest_station_id":"kr_047","nearest_station_name":"Byeongjeom","nearest_station_name_ko":"병점","a":120,"c":120,"e":120,"g":120,"i":120,"k":120,"m":120,"o":120,"b":120,"d":120,"f":120,"h":120,"j":120,"l":120,"n":120,"p":120}},{"type":"Feature","geometry":{"type":"Polygon","coordinates":[[[126.89148,37.75105],[126.90879,37.75105],[126.90879,37.76835],[126.89148,37.76835],[126.89148,37.75105]]]},"properties":{"row":33,"col":18,"walk_min":185.6,"nearest_station_id":"kr_115","nearest_station_name":"Samsong","nearest_station_name_ko":"삼송","a":120,"c":120,"e":120,"g":120,"i":120,"k":120,"m":120,"o":120,"b":120,"d":120,"f":120,"h":120,"j":120,"l":120,"n":120,"p":120}},{"type":"Feature","geometry":{"type":"Polygon","coordinates":[[[126.64922,37.61261],[126.66652,37.61261],[126.66652,37.62992],[126.64922,37.62992],[126.64922,37.61261]]]},"properties":{"row":25,"col":4,"walk_min":188.9,"nearest_station_id":"kr_424","nearest_station_name":"Daehwa","nearest_station_name_ko":"대화","a":120,"c":120,"e":120,"g":120,"i":120,"k":120,"m":120,"o":120,"b":120,"d":120,"f":120,"h":120,"j":120,"l":120,"n":120,"p":120}},{"type":"Feature","geometry":{"type":"Polygon","coordinates":[[[126.58865,37.5607],[126.5973,37.5607],[126.5973,37.578],[126.58865,37.578],[126.58865,37.5607]]]},"properties":{"row":22,"col":0,"walk_min":194.2,"nearest_station_id":"kr_458","nearest_station_name":"Incheon","nearest_station_name_ko":"인천","a":120,"c":120,"e":120,"g":120,"i":120,"k":120,"m":120,"o":120,"b":120,"d":120,"f":120,"h":120,"j":120,"l":120,"n":120,"p":120}},{"type":"Feature","geometry":{"type":"Polygon","coordinates":[[[127.20296,37.28383],[127.22027,37.28383],[127.22027,37.30113],[127.20296,37.30113],[127.20296,37.28383]]]},"properties":{"row":6,"col":36,"walk_min":190.0,"nearest_station_id":"kr_233","nearest_station_name":"Suji-gu Office","nearest_station_name_ko":"수지구청","a":120,"c":120,"e":120,"g":120,"i":120,"k":120,"m":120,"o":120,"b":120,"d":120,"f":120,"h":120,"j":120,"l":120,"n":120,"p":120}},{"type":"Feature","geometry":{"type":"Polygon","coordinates":[[[126.87418,37.18],[126.89148,37.18],[126.89148,37.1973],[126.87418,37.1973],[126.87418,37.18]]]},"properties":{"row":0,"col":17,"walk_min":189.7,"nearest_station_id":"kr_114","nearest_station_name":"Sangnoksu","nearest_station_name_ko":"상록수","a":120,"c":120,"e":120,"g":120,"i":120,"k":120,"m":120,"o":120,"b":120,"d":120,"f":120,"h":120,"j":120,"l":120,"n":120,"p":120}},{"type":"Feature","geometry":{"type":"Polygon","coordinates":[[[126.75305,37.78566],[126.77035,37.78566],[126.77035,37.80296],[126.75305,37.80296],[126.75305,37.78566]]]},"properties":{"row":35,"col":10,"walk_min":187.7,"nearest_station_id":"kr_424","nearest_station_name":"Daehwa","nearest_station_name_ko":"대화","a":120,"c":120,"e":120,"g":120,"i":120,"k":120,"m":120,"o":120,"b":120,"d":120,"f":120,"h":120,"j":120,"l":120,"n":120,"p":120}},{"type":"Feature","geometry":{"type":"Polygon","coordinates":[[[126.85687,37.75105],[126.87418,37.75105],[126.87418,37.76835],[126.85687,37.76835],[126.85687,37.75105]]]},"properties":{"row":33,"col":16,"walk_min":190.4,"nearest_station_id":"kr_145","nearest_station_name":"Wondang","nearest_station_name_ko":"원당","a":120,"c":120,"e":120,"g":120,"i":120,"k":120,"m":120,"o":120,"b":120,"d":120,"f":120,"h":120,"j":120,"l":120,"n":120,"p":120}},{"type":"Feature","geometry":{"type":"Polygon","coordinates":[[[126.68383,37.76835],[126.70113,37.76835],[126.70113,37.78566],[126.68383,37.78566],[126.68383,37.76835]]]},"properties":{"row":34,"col":6,"walk_min":190.4,"nearest_station_id":"kr_424","nearest_station_name":"Daehwa","nearest_station_name_ko":"대화","a":120,"c":120,"e":120,"g":120,"i":120,"k":120,"m":120,"o":120,"b":120,"d":120,"f":120,"h":120,"j":120,"l":120,"n":120,"p":120}},{"type":"Feature","geometry":{"type":"Polygon","coordinates":[[[127.20296,37.24922],[127.22027,37.24922],[127.22027,37.26652],[127.20296,37.26652],[127.20296,37.24922]]]},"properties":{"row":4,"col":36,"walk_min":188.2,"nearest_station_id":"kr_233","nearest_station_name":"Suji-gu Office","nearest_station_name_ko":"수지구청","a":120,"c":120,"e":120,"g":120,"i":120,"k":120,"m":120,"o":120,"b":120,"d":120,"f":120,"h":120,"j":120,"l":120,"n":120,"p":120}},{"type":"Feature","geometry":{"type":"Polygon","coordinates":[[[126.70113,37.78566],[126.71844,37.78566],[126.71844,37.80296],[126.70113,37.80296],[126.70113,37.78566]]]},"properties":{"row":35,"col":7,"walk_min":193.3,"nearest_station_id":"kr_424","nearest_station_name":"Daehwa","nearest_station_name_ko":"대화","a":120,"c":120,"e":120,"g":120,"i":120,"k":120,"m":120,"o":120,"b":120,"d":120,"f":120,"h":120,"j":120,"l":120,"n":120,"p":120}},{"type":"Feature","geometry":{"type":"Polygon","coordinates":[[[126.61461,37.59531],[126.63191,37.59531],[126.63191,37.61261],[126.61461,37.61261],[126.61461,37.59531]]]},"properties":{"row":24,"col":2,"walk_min":195.4,"nearest_station_id":"kr_258","nearest_station_name":"Sangok","nearest_station_name_ko":"산곡","a":120,"c":120,"e":120,"g":120,"i":120,"k":120,"m":120,"o":120,"b":120,"d":120,"f":120,"h":120,"j":120,"l":120,"n":120,"p":120}},{"type":"Feature","geometry":{"type":"Polygon","coordinates":[[[126.85687,37.18],[126.87418,37.18],[126.87418,37.1973],[126.85687,37.1973],[126.85687,37.18]]]},"properties":{"row":0,"col":16,"walk_min":194.8,"nearest_station_id":"kr_114","nearest_station_name":"Sangnoksu","nearest_station_name_ko":"상록수","a":120,"c":120,"e":120,"g":120,"i":120,"k":120,"m":120,"o":120,"b":120,"d":120,"f":120,"h":120,"j":120,"l":120,"n":120,"p":120}},{"type":"Feature","geometry":{"type":"Polygon","coordinates":[[[126.89148,37.78566],[126.90879,37.78566],[126.90879,37.79431],[126.89148,37.79431],[126.89148,37.78566]]]},"properties":{"row":35,"col":18,"walk_min":192.9,"nearest_station_id":"kr_092","nearest_station_name":"Yangju","nearest_station_name_ko":"양주","a":120,"c":120,"e":120,"g":120,"i":120,"k":120,"m":120,"o":120,"b":120,"d":120,"f":120,"h":120,"j":120,"l":120,"n":120,"p":120}},{"type":"Feature","geometry":{"type":"Polygon","coordinates":[[[127.22027,37.30113],[127.22892,37.30113],[127.22892,37.31844],[127.22027,37.31844],[127.22027,37.30113]]]},"properties":{"row":7,"col":37,"walk_min":188.8,"nearest_station_id":"kr_173","nearest_station_name":"Chowol","nearest_station_name_ko":"초월","a":120,"c":120,"e":120,"g":120,"i":120,"k":120,"m":120,"o":120,"b":120,"d":120,"f":120,"h":120,"j":120,"l":120,"n":120,"p":120}},{"type":"Feature","geometry":{"type":"Polygon","coordinates":[[[127.23757,37.33574],[127.25488,37.33574],[127.25488,37.34439],[127.23757,37.34439],[127.23757,37.33574]]]},"properties":{"row":9,"col":38,"walk_min":191.2,"nearest_station_id":"kr_173","nearest_station_name":"Chowol","nearest_station_name_ko":"초월","a":120,"c":120,"e":120,"g":120,"i":120,"k":120,"m":120,"o":120,"b":120,"d":120,"f":120,"h":120,"j":120,"l":120,"n":120,"p":120}},{"type":"Feature","geometry":{"type":"Polygon","coordinates":[[[127.18566,37.78566],[127.19431,37.78566],[127.19431,37.80296],[127.18566,37.80296],[127.18566,37.78566]]]},"properties":{"row":35,"col":35,"walk_min":194.6,"nearest_station_id":"kr_470","nearest_station_name":"Jinjeop","nearest_station_name_ko":"진접","a":120,"c":120,"e":120,"g":120,"i":120,"k":120,"m":120,"o":120,"b":120,"d":120,"f":120,"h":120,"j":120,"l":120,"n":120,"p":120}},{"type":"Feature","geometry":{"type":"Polygon","coordinates":[[[126.68383,37.64722],[126.70113,37.64722],[126.70113,37.66453],[126.68383,37.66453],[126.68383,37.64722]]]},"properties":{"row":27,"col":6,"walk_min":198.5,"nearest_station_id":"kr_424","nearest_station_name":"Daehwa","nearest_station_name_ko":"대화","a":120,"c":120,"e":120,"g":120,"i":120,"k":120,"m":120,"o":120,"b":120,"d":120,"f":120,"h":120,"j":120,"l":120,"n":120,"p":120}},{"type":"Feature","geometry":{"type":"Polygon","coordinates":[[[126.63191,37.33574],[126.64922,37.33574],[126.64922,37.35305],[126.63191,37.35305],[126.63191,37.33574]]]},"properties":{"row":9,"col":3,"walk_min":200.8,"nearest_station_id":"kr_428","nearest_station_name":"Oido","nearest_station_name_ko":"오이도","a":120,"c":120,"e":120,"g":120,"i":120,"k":120,"m":120,"o":120,"b":120,"d":120,"f":120,"h":120,"j":120,"l":120,"n":120,"p":120}},{"type":"Feature","geometry":{"type":"Polygon","coordinates":[[[127.18566,37.23191],[127.20296,37.23191],[127.20296,37.24922],[127.18566,37.24922],[127.18566,37.23191]]]},"properties":{"row":3,"col":35,"walk_min":194.8,"nearest_station_id":"kr_233","nearest_station_name":"Suji-gu Office","nearest_station_name_ko":"수지구청","a":120,"c":120,"e":120,"g":120,"i":120,"k":120,"m":120,"o":120,"b":120,"d":120,"f":120,"h":120,"j":120,"l":120,"n":120,"p":120}},{"type":"Feature","geometry":{"type":"Polygon","coordinates":[[[126.66652,37.34439],[126.67517,37.34439],[126.67517,37.35305],[126.66652,37.35305],[126.66652,37.34439]]]},"properties":{"row":9,"col":5,"walk_min":188.2,"nearest_station_id":"kr_428","nearest_station_name":"Oido","nearest_station_name_ko":"오이도","a":120,"c":120,"e":120,"g":120,"i":120,"k":120,"m":120,"o":120,"b":120,"d":120,"f":120,"h":120,"j":120,"l":120,"n":120,"p":120}},{"type":"Feature","geometry":{"type":"Polygon","coordinates":[[[126.63191,37.61261],[126.64922,37.61261],[126.64922,37.62992],[126.63191,37.62992],[126.63191,37.61261]]]},"properties":{"row":25,"col":3,"walk_min":196.5,"nearest_station_id":"kr_424","nearest_station_name":"Daehwa","nearest_station_name_ko":"대화","a":120,"c":120,"e":120,"g":120,"i":120,"k":120,"m":120,"o":120,"b":120,"d":120,"f":120,"h":120,"j":120,"l":120,"n":120,"p":120}},{"type":"Feature","geometry":{"type":"Polygon","coordinates":[[[126.83957,37.73374],[126.85687,37.73374],[126.85687,37.75105],[126.83957,37.75105],[126.83957,37.73374]]]},"properties":{"row":32,"col":15,"walk_min":196.6,"nearest_station_id":"kr_145","nearest_station_name":"Wondang","nearest_station_name_ko":"원당","a":120,"c":120,"e":120,"g":120,"i":120,"k":120,"m":120,"o":120,"b":120,"d":120,"f":120,"h":120,"j":120,"l":120,"n":120,"p":120}},{"type":"Feature","geometry":{"type":"Polygon","coordinates":[[[126.80496,37.1973],[126.82226,37.1973],[126.82226,37.21461],[126.80496,37.21461],[126.80496,37.1973]]]},"properties":{"row":1,"col":13,"walk_min":201.9,"nearest_station_id":"kr_114","nearest_station_name":"Sangnoksu","nearest_station_name_ko":"상록수","a":120,"c":120,"e":120,"g":120,"i":120,"k":120,"m":120,"o":120,"b":120,"d":120,"f":120,"h":120,"j":120,"l":120,"n":120,"p":120}},{"type":"Feature","geometry":{"type":"Polygon","coordinates":[[[127.18566,37.18],[127.20296,37.18],[127.20296,37.1973],[127.18566,37.1973],[127.18566,37.18]]]},"properties":{"row":0,"col":35,"walk_min":207.7,"nearest_station_id":"kr_416","nearest_station_name":"Osan College","nearest_station_name_ko":"오산대","a":120,"c":120,"e":120,"g":120,"i":120,"k":120,"m":120,"o":120,"b":120,"d":120,"f":120,"h":120,"j":120,"l":120,"n":120,"p":120}},{"type":"Feature","geometry":{"type":"Polygon","coordinates":[[[126.73574,37.78566],[126.75305,37.78566],[126.75305,37.80296],[126.73574,37.80296],[126.73574,37.78566]]]},"properties":{"row":35,"col":9,"walk_min":198.6,"nearest_station_id":"kr_424","nearest_station_name":"Daehwa","nearest_station_name_ko":"대화","a":120,"c":120,"e":120,"g":120,"i":120,"k":120,"m":120,"o":120,"b":120,"d":120,"f":120,"h":120,"j":120,"l":120,"n":120,"p":120}},{"type":"Feature","geometry":{"type":"Polygon","coordinates":[[[126.89148,37.80296],[126.90879,37.80296],[126.90879,37.82027],[126.89148,37.82027],[126.89148,37.80296]]]},"properties":{"row":36,"col":18,"walk_min":207.0,"nearest_station_id":"kr_092","nearest_station_name":"Yangju","nearest_station_name_ko":"양주","a":120,"c":120,"e":120,"g":120,"i":120,"k":120,"m":120,"o":120,"b":120,"d":120,"f":120,"h":120,"j":120,"l":120,"n":120,"p":120}},{"type":"Feature","geometry":{"type":"Polygon","coordinates":[[[126.82226,37.1973],[126.83957,37.1973],[126.83957,37.21461],[126.82226,37.21461],[126.82226,37.1973]]]},"properties":{"row":1,"col":14,"walk_min":201.3,"nearest_station_id":"kr_114","nearest_station_name":"Sangnoksu","nearest_station_name_ko":"상록수","a":120,"c":120,"e":120,"g":120,"i":120,"k":120,"m":120,"o":120,"b":120,"d":120,"f":120,"h":120,"j":120,"l":120,"n":120,"p":120}},{"type":"Feature","geometry":{"type":"Polygon","coordinates":[[[126.66652,37.62992],[126.68383,37.62992],[126.68383,37.64722],[126.66652,37.64722],[126.66652,37.62992]]]},"properties":{"row":26,"col":5,"walk_min":197.1,"nearest_station_id":"kr_424","nearest_station_name":"Daehwa","nearest_station_name_ko":"대화","a":120,"c":120,"e":120,"g":120,"i":120,"k":120,"m":120,"o":120,"b":120,"d":120,"f":120,"h":120,"j":120,"l":120,"n":120,"p":120}},{"type":"Feature","geometry":{"type":"Polygon","coordinates":[[[126.89148,37.76835],[126.90879,37.76835],[126.90879,37.78566],[126.89148,37.78566],[126.89148,37.76835]]]},"properties":{"row":34,"col":18,"walk_min":198.8,"nearest_station_id":"kr_421","nearest_station_name":"Nogyang","nearest_station_name_ko":"녹양","a":120,"c":120,"e":120,"g":120,"i":120,"k":120,"m":120,"o":120,"b":120,"d":120,"f":120,"h":120,"j":120,"l":120,"n":120,"p":120}},{"type":"Feature","geometry":{"type":"Polygon","coordinates":[[[126.83957,37.18],[126.85687,37.18],[126.85687,37.1973],[126.83957,37.1973],[126.83957,37.18]]]},"properties":{"row":0,"col":15,"walk_min":205.6,"nearest_station_id":"kr_114","nearest_station_name":"Sangnoksu","nearest_station_name_ko":"상록수","a":120,"c":120,"e":120,"g":120,"i":120,"k":120,"m":120,"o":120,"b":120,"d":120,"f":120,"h":120,"j":120,"l":120,"n":120,"p":120}},{"type":"Feature","geometry":{"type":"Polygon","coordinates":[[[126.58865,37.30113],[126.5973,37.30113],[126.5973,37.30978],[126.58865,37.30978],[126.58865,37.30113]]]},"properties":{"row":7,"col":0,"walk_min":194.6,"nearest_station_id":"kr_351","nearest_station_name":"Jeongwang","nearest_station_name_ko":"정왕","a":120,"c":120,"e":120,"g":120,"i":120,"k":120,"m":120,"o":120,"b":120,"d":120,"f":120,"h":120,"j":120,"l":120,"n":120,"p":120}},{"type":"Feature","geometry":{"type":"Polygon","coordinates":[[[126.80496,37.76835],[126.82226,37.76835],[126.82226,37.78566],[126.80496,37.78566],[126.80496,37.76835]]]},"properties":{"row":34,"col":13,"walk_min":212.2,"nearest_station_id":"kr_424","nearest_station_name":"Daehwa","nearest_station_name_ko":"대화","a":120,"c":120,"e":120,"g":120,"i":120,"k":120,"m":120,"o":120,"b":120,"d":120,"f":120,"h":120,"j":120,"l":120,"n":120,"p":120}},{"type":"Feature","geometry":{"type":"Polygon","coordinates":[[[126.77035,37.21461],[126.78765,37.21461],[126.78765,37.23191],[126.77035,37.23191],[126.77035,37.21461]]]},"properties":{"row":2,"col":11,"walk_min":233.2,"nearest_station_id":"kr_230","nearest_station_name":"Choji","nearest_station_name_ko":"초지","a":120,"c":120,"e":120,"g":120,"i":120,"k":120,"m":120,"o":120,"b":120,"d":120,"f":120,"h":120,"j":120,"l":120,"n":120,"p":120}},{"type":"Feature","geometry":{"type":"Polygon","coordinates":[[[126.83957,37.75105],[126.85687,37.75105],[126.85687,37.76835],[126.83957,37.76835],[126.83957,37.75105]]]},"properties":{"row":33,"col":15,"walk_min":207.6,"nearest_station_id":"kr_145","nearest_station_name":"Wondang","nearest_station_name_ko":"원당","a":120,"c":120,"e":120,"g":120,"i":120,"k":120,"m":120,"o":120,"b":120,"d":120,"f":120,"h":120,"j":120,"l":120,"n":120,"p":120}},{"type":"Feature","geometry":{"type":"Polygon","coordinates":[[[126.58,37.578],[126.5973,37.578],[126.5973,37.59531],[126.58,37.59531],[126.58,37.578]]]},"properties":{"row":23,"col":0,"walk_min":223.4,"nearest_station_id":"kr_458","nearest_station_name":"Incheon","nearest_station_name_ko":"인천","a":120,"c":120,"e":120,"g":120,"i":120,"k":120,"m":120,"o":120,"b":120,"d":120,"f":120,"h":120,"j":120,"l":120,"n":120,"p":120}},{"type":"Feature","geometry":{"type":"Polygon","coordinates":[[[126.5973,37.578],[126.61461,37.578],[126.61461,37.59531],[126.5973,37.59531],[126.5973,37.578]]]},"properties":{"row":23,"col":1,"walk_min":203.9,"nearest_station_id":"kr_258","nearest_station_name":"Sangok","nearest_station_name_ko":"산곡","a":120,"c":120,"e":120,"g":120,"i":120,"k":120,"m":120,"o":120,"b":120,"d":120,"f":120,"h":120,"j":120,"l":120,"n":120,"p":120}},{"type":"Feature","geometry":{"type":"Polygon","coordinates":[[[126.68383,37.78566],[126.70113,37.78566],[126.70113,37.80296],[126.68383,37.80296],[126.68383,37.78566]]]},"properties":{"row":35,"col":6,"walk_min":205.1,"nearest_station_id":"kr_424","nearest_station_name":"Daehwa","nearest_station_name_ko":"대화","a":120,"c":120,"e":120,"g":120,"i":120,"k":120,"m":120,"o":120,"b":120,"d":120,"f":120,"h":120,"j":120,"l":120,"n":120,"p":120}},{"type":"Feature","geometry":{"type":"Polygon","coordinates":[[[126.89148,37.18],[126.90879,37.18],[126.90879,37.1973],[126.89148,37.1973],[126.89148,37.18]]]},"properties":{"row":0,"col":18,"walk_min":204.2,"nearest_station_id":"kr_462","nearest_station_name":"Seryu","nearest_station_name_ko":"세류","a":120,"c":120,"e":120,"g":120,"i":120,"k":120,"m":120,"o":120,"b":120,"d":120,"f":120,"h":120,"j":120,"l":120,"n":120,"p":120}},{"type":"Feature","geometry":{"type":"Polygon","coordinates":[[[127.22027,37.26652],[127.23757,37.26652],[127.23757,37.28383],[127.22027,37.28383],[127.22027,37.26652]]]},"properties":{"row":5,"col":37,"walk_min":209.0,"nearest_station_id":"kr_173","nearest_station_name":"Chowol","nearest_station_name_ko":"초월","a":120,"c":120,"e":120,"g":120,"i":120,"k":120,"m":120,"o":120,"b":120,"d":120,"f":120,"h":120,"j":120,"l":120,"n":120,"p":120}},{"type":"Feature","geometry":{"type":"Polygon","coordinates":[[[126.58,37.28383],[126.5973,37.28383],[126.5973,37.30113],[126.58,37.30113],[126.58,37.28383]]]},"properties":{"row":6,"col":0,"walk_min":364.9,"nearest_station_id":"kr_351","nearest_station_name":"Jeongwang","nearest_station_name_ko":"정왕","a":120,"c":120,"e":120,"g":120,"i":120,"k":120,"m":120,"o":120,"b":120,"d":120,"f":120,"h":120,"j":120,"l":120,"n":120,"p":120}},{"type":"Feature","geometry":{"type":"Polygon","coordinates":[[[126.61461,37.61261],[126.63191,37.61261],[126.63191,37.62992],[126.61461,37.62992],[126.61461,37.61261]]]},"properties":{"row":25,"col":2,"walk_min":207.3,"nearest_station_id":"kr_424","nearest_station_name":"Daehwa","nearest_station_name_ko":"대화","a":120,"c":120,"e":120,"g":120,"i":120,"k":120,"m":120,"o":120,"b":120,"d":120,"f":120,"h":120,"j":120,"l":120,"n":120,"p":120}},{"type":"Feature","geometry":{"type":"Polygon","coordinates":[[[127.18566,37.1973],[127.20296,37.1973],[127.20296,37.21461],[127.18566,37.21461],[127.18566,37.1973]]]},"properties":{"row":1,"col":35,"walk_min":216.3,"nearest_station_id":"kr_416","nearest_station_name":"Osan College","nearest_station_name_ko":"오산대","a":120,"c":120,"e":120,"g":120,"i":120,"k":120,"m":120,"o":120,"b":120,"d":120,"f":120,"h":120,"j":120,"l":120,"n":120,"p":120}},{"type":"Feature","geometry":{"type":"Polygon","coordinates":[[[126.5973,37.59531],[126.61461,37.59531],[126.61461,37.61261],[126.5973,37.61261],[126.5973,37.59531]]]},"properties":{"row":24,"col":1,"walk_min":210.9,"nearest_station_id":"kr_258","nearest_station_name":"Sangok","nearest_station_name_ko":"산곡","a":120,"c":120,"e":120,"g":120,"i":120,"k":120,"m":120,"o":120,"b":120,"d":120,"f":120,"h":120,"j":120,"l":120,"n":120,"p":120}},{"type":"Feature","geometry":{"type":"Polygon","coordinates":[[[127.20296,37.23191],[127.22027,37.23191],[127.22027,37.24922],[127.20296,37.24922],[127.20296,37.23191]]]},"properties":{"row":3,"col":36,"walk_min":210.6,"nearest_station_id":"kr_233","nearest_station_name":"Suji-gu Office","nearest_station_name_ko":"수지구청","a":120,"c":120,"e":120,"g":120,"i":120,"k":120,"m":120,"o":120,"b":120,"d":120,"f":120,"h":120,"j":120,"l":120,"n":120,"p":120}},{"type":"Feature","geometry":{"type":"Polygon","coordinates":[[[127.22027,37.24922],[127.22892,37.24922],[127.22892,37.26652],[127.22027,37.26652],[127.22027,37.24922]]]},"properties":{"row":4,"col":37,"walk_min":204.8,"nearest_station_id":"kr_233","nearest_station_name":"Suji-gu Office","nearest_station_name_ko":"수지구청","a":120,"c":120,"e":120,"g":120,"i":120,"k":120,"m":120,"o":120,"b":120,"d":120,"f":120,"h":120,"j":120,"l":120,"n":120,"p":120}},{"type":"Feature","geometry":{"type":"Polygon","coordinates":[[[127.22027,37.28383],[127.22892,37.28383],[127.22892,37.30113],[127.22027,37.30113],[127.22027,37.28383]]]},"properties":{"row":6,"col":37,"walk_min":204.9,"nearest_station_id":"kr_173","nearest_station_name":"Chowol","nearest_station_name_ko":"초월","a":120,"c":120,"e":120,"g":120,"i":120,"k":120,"m":120,"o":120,"b":120,"d":120,"f":120,"h":120,"j":120,"l":120,"n":120,"p":120}},{"type":"Feature","geometry":{"type":"Polygon","coordinates":[[[126.70113,37.80296],[126.71844,37.80296],[126.71844,37.82027],[126.70113,37.82027],[126.70113,37.80296]]]},"properties":{"row":36,"col":7,"walk_min":214.2,"nearest_station_id":"kr_424","nearest_station_name":"Daehwa","nearest_station_name_ko":"대화","a":120,"c":120,"e":120,"g":120,"i":120,"k":120,"m":120,"o":120,"b":120,"d":120,"f":120,"h":120,"j":120,"l":120,"n":120,"p":120}},{"type":"Feature","geometry":{"type":"Polygon","coordinates":[[[126.71844,37.80296],[126.73574,37.80296],[126.73574,37.82027],[126.71844,37.82027],[126.71844,37.80296]]]},"properties":{"row":36,"col":8,"walk_min":215.8,"nearest_station_id":"kr_424","nearest_station_name":"Daehwa","nearest_station_name_ko":"대화","a":120,"c":120,"e":120,"g":120,"i":120,"k":120,"m":120,"o":120,"b":120,"d":120,"f":120,"h":120,"j":120,"l":120,"n":120,"p":120}},{"type":"Feature","geometry":{"type":"Polygon","coordinates":[[[126.66652,37.64722],[126.68383,37.64722],[126.68383,37.66453],[126.66652,37.66453],[126.66652,37.64722]]]},"properties":{"row":27,"col":5,"walk_min":212.7,"nearest_station_id":"kr_424","nearest_station_name":"Daehwa","nearest_station_name_ko":"대화","a":120,"c":120,"e":120,"g":120,"i":120,"k":120,"m":120,"o":120,"b":120,"d":120,"f":120,"h":120,"j":120,"l":120,"n":120,"p":120}},{"type":"Feature","geometry":{"type":"Polygon","coordinates":[[[126.78765,37.78566],[126.80496,37.78566],[126.80496,37.80296],[126.78765,37.80296],[126.78765,37.78566]]]},"properties":{"row":35,"col":12,"walk_min":224.0,"nearest_station_id":"kr_424","nearest_station_name":"Daehwa","nearest_station_name_ko":"대화","a":120,"c":120,"e":120,"g":120,"i":120,"k":120,"m":120,"o":120,"b":120,"d":120,"f":120,"h":120,"j":120,"l":120,"n":120,"p":120}},{"type":"Feature","geometry":{"type":"Polygon","coordinates":[[[126.77035,37.1973],[126.78765,37.1973],[126.78765,37.21461],[126.77035,37.21461],[126.77035,37.1973]]]},"properties":{"row":1,"col":11,"walk_min":213.5,"nearest_station_id":"kr_426","nearest_station_name":"Gojan","nearest_station_name_ko":"고잔","a":120,"c":120,"e":120,"g":120,"i":120,"k":120,"m":120,"o":120,"b":120,"d":120,"f":120,"h":120,"j":120,"l":120,"n":120,"p":120}},{"type":"Feature","geometry":{"type":"Polygon","coordinates":[[[126.77035,37.23191],[126.78765,37.23191],[126.78765,37.24922],[126.77035,37.24922],[126.77035,37.23191]]]},"properties":{"row":3,"col":11,"walk_min":301.0,"nearest_station_id":"kr_230","nearest_station_name":"Choji","nearest_station_name_ko":"초지","a":120,"c":120,"e":120,"g":120,"i":120,"k":120,"m":120,"o":120,"b":120,"d":120,"f":120,"h":120,"j":120,"l":120,"n":120,"p":120}},{"type":"Feature","geometry":{"type":"Polygon","coordinates":[[[126.78765,37.1973],[126.80496,37.1973],[126.80496,37.21461],[126.78765,37.21461],[126.78765,37.1973]]]},"properties":{"row":1,"col":12,"walk_min":216.1,"nearest_station_id":"kr_114","nearest_station_name":"Sangnoksu","nearest_station_name_ko":"상록수","a":120,"c":120,"e":120,"g":120,"i":120,"k":120,"m":120,"o":120,"b":120,"d":120,"f":120,"h":120,"j":120,"l":120,"n":120,"p":120}},{"type":"Feature","geometry":{"type":"Polygon","coordinates":[[[127.16835,37.17135],[127.18566,37.17135],[127.18566,37.18],[127.16835,37.18],[127.16835,37.17135]]]},"properties":{"row":-1,"col":34,"walk_min":225.1,"nearest_station_id":"kr_416","nearest_station_name":"Osan College","nearest_station_name_ko":"오산대","a":120,"c":120,"e":120,"g":120,"i":120,"k":120,"m":120,"o":120,"b":120,"d":120,"f":120,"h":120,"j":120,"l":120,"n":120,"p":120}},{"type":"Feature","geometry":{"type":"Polygon","coordinates":[[[126.61461,37.33574],[126.63191,37.33574],[126.63191,37.35305],[126.61461,37.35305],[126.61461,37.33574]]]},"properties":{"row":9,"col":2,"walk_min":215.0,"nearest_station_id":"kr_428","nearest_station_name":"Oido","nearest_station_name_ko":"오이도","a":120,"c":120,"e":120,"g":120,"i":120,"k":120,"m":120,"o":120,"b":120,"d":120,"f":120,"h":120,"j":120,"l":120,"n":120,"p":120}},{"type":"Feature","geometry":{"type":"Polygon","coordinates":[[[126.67517,37.78566],[126.68383,37.78566],[126.68383,37.80296],[126.67517,37.80296],[126.67517,37.78566]]]},"properties":{"row":35,"col":5,"walk_min":213.9,"nearest_station_id":"kr_424","nearest_station_name":"Daehwa","nearest_station_name_ko":"대화","a":120,"c":120,"e":120,"g":120,"i":120,"k":120,"m":120,"o":120,"b":120,"d":120,"f":120,"h":120,"j":120,"l":120,"n":120,"p":120}},{"type":"Feature","geometry":{"type":"Polygon","coordinates":[[[126.73574,37.80296],[126.75305,37.80296],[126.75305,37.82027],[126.73574,37.82027],[126.73574,37.80296]]]},"properties":{"row":36,"col":9,"walk_min":215.8,"nearest_station_id":"kr_424","nearest_station_name":"Daehwa","nearest_station_name_ko":"대화","a":120,"c":120,"e":120,"g":120,"i":120,"k":120,"m":120,"o":120,"b":120,"d":120,"f":120,"h":120,"j":120,"l":120,"n":120,"p":120}},{"type":"Feature","geometry":{"type":"Polygon","coordinates":[[[127.18566,37.21461],[127.20296,37.21461],[127.20296,37.23191],[127.18566,37.23191],[127.18566,37.21461]]]},"properties":{"row":2,"col":35,"walk_min":215.9,"nearest_station_id":"kr_466","nearest_station_name":"Seodongtan","nearest_station_name_ko":"서동탄","a":120,"c":120,"e":120,"g":120,"i":120,"k":120,"m":120,"o":120,"b":120,"d":120,"f":120,"h":120,"j":120,"l":120,"n":120,"p":120}},{"type":"Feature","geometry":{"type":"Polygon","coordinates":[[[126.67517,37.76835],[126.68383,37.76835],[126.68383,37.78566],[126.67517,37.78566],[126.67517,37.76835]]]},"properties":{"row":34,"col":5,"walk_min":208.3,"nearest_station_id":"kr_424","nearest_station_name":"Daehwa","nearest_station_name_ko":"대화","a":120,"c":120,"e":120,"g":120,"i":120,"k":120,"m":120,"o":120,"b":120,"d":120,"f":120,"h":120,"j":120,"l":120,"n":120,"p":120}},{"type":"Feature","geometry":{"type":"Polygon","coordinates":[[[127.23757,37.81161],[127.24622,37.81161],[127.24622,37.82027],[127.23757,37.82027],[127.23757,37.81161]]]},"properties":{"row":36,"col":38,"walk_min":207.5,"nearest_station_id":"kr_470","nearest_station_name":"Jinjeop","nearest_station_name_ko":"진접","a":120,"c":120,"e":120,"g":120,"i":120,"k":120,"m":120,"o":120,"b":120,"d":120,"f":120,"h":120,"j":120,"l":120,"n":120,"p":120}},{"type":"Feature","geometry":{"type":"Polygon","coordinates":[[[126.75305,37.80296],[126.77035,37.80296],[126.77035,37.82027],[126.75305,37.82027],[126.75305,37.80296]]]},"properties":{"row":36,"col":10,"walk_min":218.4,"nearest_station_id":"kr_424","nearest_station_name":"Daehwa","nearest_station_name_ko":"대화","a":120,"c":120,"e":120,"g":120,"i":120,"k":120,"m":120,"o":120,"b":120,"d":120,"f":120,"h":120,"j":120,"l":120,"n":120,"p":120}},{"type":"Feature","geometry":{"type":"Polygon","coordinates":[[[126.77035,37.80296],[126.78765,37.80296],[126.78765,37.82027],[126.77035,37.82027],[126.77035,37.80296]]]},"properties":{"row":36,"col":11,"walk_min":216.4,"nearest_station_id":"kr_424","nearest_station_name":"Daehwa","nearest_station_name_ko":"대화","a":120,"c":120,"e":120,"g":120,"i":120,"k":120,"m":120,"o":120,"b":120,"d":120,"f":120,"h":120,"j":120,"l":120,"n":120,"p":120}},{"type":"Feature","geometry":{"type":"Polygon","coordinates":[[[126.64922,37.62992],[126.66652,37.62992],[126.66652,37.64722],[126.64922,37.64722],[126.64922,37.62992]]]},"properties":{"row":26,"col":4,"walk_min":217.9,"nearest_station_id":"kr_424","nearest_station_name":"Daehwa","nearest_station_name_ko":"대화","a":120,"c":120,"e":120,"g":120,"i":120,"k":120,"m":120,"o":120,"b":120,"d":120,"f":120,"h":120,"j":120,"l":120,"n":120,"p":120}},{"type":"Feature","geometry":{"type":"Polygon","coordinates":[[[126.83957,37.76835],[126.85687,37.76835],[126.85687,37.78566],[126.83957,37.78566],[126.83957,37.76835]]]},"properties":{"row":34,"col":15,"walk_min":237.2,"nearest_station_id":"kr_145","nearest_station_name":"Wondang","nearest_station_name_ko":"원당","a":120,"c":120,"e":120,"g":120,"i":120,"k":120,"m":120,"o":120,"b":120,"d":120,"f":120,"h":120,"j":120,"l":120,"n":120,"p":120}},{"type":"Feature","geometry":{"type":"Polygon","coordinates":[[[126.78765,37.80296],[126.80496,37.80296],[126.80496,37.82027],[126.78765,37.82027],[126.78765,37.80296]]]},"properties":{"row":36,"col":12,"walk_min":261.0,"nearest_station_id":"kr_424","nearest_station_name":"Daehwa","nearest_station_name_ko":"대화","a":120,"c":120,"e":120,"g":120,"i":120,"k":120,"m":120,"o":120,"b":120,"d":120,"f":120,"h":120,"j":120,"l":120,"n":120,"p":120}},{"type":"Feature","geometry":{"type":"Polygon","coordinates":[[[127.20296,37.18],[127.22027,37.18],[127.22027,37.1973],[127.20296,37.1973],[127.20296,37.18]]]},"properties":{"row":0,"col":36,"walk_min":221.4,"nearest_station_id":"kr_416","nearest_station_name":"Osan College","nearest_station_name_ko":"오산대","a":120,"c":120,"e":120,"g":120,"i":120,"k":120,"m":120,"o":120,"b":120,"d":120,"f":120,"h":120,"j":120,"l":120,"n":120,"p":120}},{"type":"Feature","geometry":{"type":"Polygon","coordinates":[[[126.90879,37.82027],[126.92609,37.82027],[126.92609,37.83757],[126.90879,37.83757],[126.90879,37.82027]]]},"properties":{"row":37,"col":19,"walk_min":220.7,"nearest_station_id":"kr_447","nearest_station_name":"Deokgye","nearest_station_name_ko":"덕계","a":120,"c":120,"e":120,"g":120,"i":120,"k":120,"m":120,"o":120,"b":120,"d":120,"f":120,"h":120,"j":120,"l":120,"n":120,"p":120}},{"type":"Feature","geometry":{"type":"Polygon","coordinates":[[[127.22027,37.23191],[127.22892,37.23191],[127.22892,37.24922],[127.22027,37.24922],[127.22027,37.23191]]]},"properties":{"row":3,"col":37,"walk_min":220.2,"nearest_station_id":"kr_233","nearest_station_name":"Suji-gu Office","nearest_station_name_ko":"수지구청","a":120,"c":120,"e":120,"g":120,"i":120,"k":120,"m":120,"o":120,"b":120,"d":120,"f":120,"h":120,"j":120,"l":120,"n":120,"p":120}},{"type":"Feature","geometry":{"type":"Polygon","coordinates":[[[126.87418,37.76835],[126.89148,37.76835],[126.89148,37.78566],[126.87418,37.78566],[126.87418,37.76835]]]},"properties":{"row":34,"col":17,"walk_min":221.0,"nearest_station_id":"kr_115","nearest_station_name":"Samsong","nearest_station_name_ko":"삼송","a":120,"c":120,"e":120,"g":120,"i":120,"k":120,"m":120,"o":120,"b":120,"d":120,"f":120,"h":120,"j":120,"l":120,"n":120,"p":120}},{"type":"Feature","geometry":{"type":"Polygon","coordinates":[[[126.87418,37.80296],[126.89148,37.80296],[126.89148,37.82027],[126.87418,37.82027],[126.87418,37.80296]]]},"properties":{"row":36,"col":17,"walk_min":237.0,"nearest_station_id":"kr_092","nearest_station_name":"Yangju","nearest_station_name_ko":"양주","a":120,"c":120,"e":120,"g":120,"i":120,"k":120,"m":120,"o":120,"b":120,"d":120,"f":120,"h":120,"j":120,"l":120,"n":120,"p":120}},{"type":"Feature","geometry":{"type":"Polygon","coordinates":[[[126.63191,37.62992],[126.64922,37.62992],[126.64922,37.64722],[126.63191,37.64722],[126.63191,37.62992]]]},"properties":{"row":26,"col":3,"walk_min":225.9,"nearest_station_id":"kr_424","nearest_station_name":"Daehwa","nearest_station_name_ko":"대화","a":120,"c":120,"e":120,"g":120,"i":120,"k":120,"m":120,"o":120,"b":120,"d":120,"f":120,"h":120,"j":120,"l":120,"n":120,"p":120}},{"type":"Feature","geometry":{"type":"Polygon","coordinates":[[[126.61461,37.62992],[126.63191,37.62992],[126.63191,37.64722],[126.61461,37.64722],[126.61461,37.62992]]]},"properties":{"row":26,"col":2,"walk_min":226.1,"nearest_station_id":"kr_424","nearest_station_name":"Daehwa","nearest_station_name_ko":"대화","a":120,"c":120,"e":120,"g":120,"i":120,"k":120,"m":120,"o":120,"b":120,"d":120,"f":120,"h":120,"j":120,"l":120,"n":120,"p":120}},{"type":"Feature","geometry":{"type":"Polygon","coordinates":[[[126.82226,37.75105],[126.83957,37.75105],[126.83957,37.76835],[126.82226,37.76835],[126.82226,37.75105]]]},"properties":{"row":33,"col":14,"walk_min":227.8,"nearest_station_id":"kr_350","nearest_station_name":"Juyeop","nearest_station_name_ko":"주엽","a":120,"c":120,"e":120,"g":120,"i":120,"k":120,"m":120,"o":120,"b":120,"d":120,"f":120,"h":120,"j":120,"l":120,"n":120,"p":120}},{"type":"Feature","geometry":{"type":"Polygon","coordinates":[[[127.20296,37.1973],[127.22027,37.1973],[127.22027,37.21461],[127.20296,37.21461],[127.20296,37.1973]]]},"properties":{"row":1,"col":36,"walk_min":227.7,"nearest_station_id":"kr_416","nearest_station_name":"Osan College","nearest_station_name_ko":"오산대","a":120,"c":120,"e":120,"g":120,"i":120,"k":120,"m":120,"o":120,"b":120,"d":120,"f":120,"h":120,"j":120,"l":120,"n":120,"p":120}},{"type":"Feature","geometry":{"type":"Polygon","coordinates":[[[126.80496,37.78566],[126.82226,37.78566],[126.82226,37.80296],[126.80496,37.80296],[126.80496,37.78566]]]},"properties":{"row":35,"col":13,"walk_min":232.4,"nearest_station_id":"kr_424","nearest_station_name":"Daehwa","nearest_station_name_ko":"대화","a":120,"c":120,"e":120,"g":120,"i":120,"k":120,"m":120,"o":120,"b":120,"d":120,"f":120,"h":120,"j":120,"l":120,"n":120,"p":120}},{"type":"Feature","geometry":{"type":"Polygon","coordinates":[[[127.20296,37.21461],[127.22027,37.21461],[127.22027,37.23191],[127.20296,37.23191],[127.20296,37.21461]]]},"properties":{"row":2,"col":36,"walk_min":232.0,"nearest_station_id":"kr_416","nearest_station_name":"Osan College","nearest_station_name_ko":"오산대","a":120,"c":120,"e":120,"g":120,"i":120,"k":120,"m":120,"o":120,"b":120,"d":120,"f":120,"h":120,"j":120,"l":120,"n":120,"p":120}},{"type":"Feature","geometry":{"type":"Polygon","coordinates":[[[127.23757,37.82027],[127.25488,37.82027],[127.25488,37.83757],[127.23757,37.83757],[127.23757,37.82027]]]},"properties":{"row":37,"col":38,"walk_min":232.1,"nearest_station_id":"kr_470","nearest_station_name":"Jinjeop","nearest_station_name_ko":"진접","a":120,"c":120,"e":120,"g":120,"i":120,"k":120,"m":120,"o":120,"b":120,"d":120,"f":120,"h":120,"j":120,"l":120,"n":120,"p":120}},{"type":"Feature","geometry":{"type":"Polygon","coordinates":[[[126.64922,37.64722],[126.66652,37.64722],[126.66652,37.66453],[126.64922,37.66453],[126.64922,37.64722]]]},"properties":{"row":27,"col":4,"walk_min":230.4,"nearest_station_id":"kr_424","nearest_station_name":"Daehwa","nearest_station_name_ko":"대화","a":120,"c":120,"e":120,"g":120,"i":120,"k":120,"m":120,"o":120,"b":120,"d":120,"f":120,"h":120,"j":120,"l":120,"n":120,"p":120}},{"type":"Feature","geometry":{"type":"Polygon","coordinates":[[[126.82226,37.18],[126.83957,37.18],[126.83957,37.1973],[126.82226,37.1973],[126.82226,37.18]]]},"properties":{"row":0,"col":14,"walk_min":225.3,"nearest_station_id":"kr_114","nearest_station_name":"Sangnoksu","nearest_station_name_ko":"상록수","a":120,"c":120,"e":120,"g":120,"i":120,"k":120,"m":120,"o":120,"b":120,"d":120,"f":120,"h":120,"j":120,"l":120,"n":120,"p":120}},{"type":"Feature","geometry":{"type":"Polygon","coordinates":[[[126.5973,37.61261],[126.61461,37.61261],[126.61461,37.62992],[126.5973,37.62992],[126.5973,37.61261]]]},"properties":{"row":25,"col":1,"walk_min":228.4,"nearest_station_id":"kr_424","nearest_station_name":"Daehwa","nearest_station_name_ko":"대화","a":120,"c":120,"e":120,"g":120,"i":120,"k":120,"m":120,"o":120,"b":120,"d":120,"f":120,"h":120,"j":120,"l":120,"n":120,"p":120}},{"type":"Feature","geometry":{"type":"Polygon","coordinates":[[[126.85687,37.76835],[126.87418,37.76835],[126.87418,37.78566],[126.85687,37.78566],[126.85687,37.76835]]]},"properties":{"row":34,"col":16,"walk_min":234.1,"nearest_station_id":"kr_145","nearest_station_name":"Wondang","nearest_station_name_ko":"원당","a":120,"c":120,"e":120,"g":120,"i":120,"k":120,"m":120,"o":120,"b":120,"d":120,"f":120,"h":120,"j":120,"l":120,"n":120,"p":120}},{"type":"Feature","geometry":{"type":"Polygon","coordinates":[[[126.87418,37.78566],[126.89148,37.78566],[126.89148,37.80296],[126.87418,37.80296],[126.87418,37.78566]]]},"properties":{"row":35,"col":17,"walk_min":229.8,"nearest_station_id":"kr_092","nearest_station_name":"Yangju","nearest_station_name_ko":"양주","a":120,"c":120,"e":120,"g":120,"i":120,"k":120,"m":120,"o":120,"b":120,"d":120,"f":120,"h":120,"j":120,"l":120,"n":120,"p":120}},{"type":"Feature","geometry":{"type":"Polygon","coordinates":[[[126.89148,37.1627],[126.90013,37.1627],[126.90013,37.18],[126.89148,37.18],[126.89148,37.1627]]]},"properties":{"row":-1,"col":18,"walk_min":228.6,"nearest_station_id":"kr_047","nearest_station_name":"Byeongjeom","nearest_station_name_ko":"병점","a":120,"c":120,"e":120,"g":120,"i":120,"k":120,"m":120,"o":120,"b":120,"d":120,"f":120,"h":120,"j":120,"l":120,"n":120,"p":120}},{"type":"Feature","geometry":{"type":"Polygon","coordinates":[[[127.23757,37.26652],[127.24622,37.26652],[127.24622,37.27517],[127.23757,37.27517],[127.23757,37.26652]]]},"properties":{"row":5,"col":38,"walk_min":222.8,"nearest_station_id":"kr_173","nearest_station_name":"Chowol","nearest_station_name_ko":"초월","a":120,"c":120,"e":120,"g":120,"i":120,"k":120,"m":120,"o":120,"b":120,"d":120,"f":120,"h":120,"j":120,"l":120,"n":120,"p":120}},{"type":"Feature","geometry":{"type":"Polygon","coordinates":[[[126.80496,37.18],[126.82226,37.18],[126.82226,37.1973],[126.80496,37.1973],[126.80496,37.18]]]},"properties":{"row":0,"col":13,"walk_min":241.5,"nearest_station_id":"kr_114","nearest_station_name":"Sangnoksu","nearest_station_name_ko":"상록수","a":120,"c":120,"e":120,"g":120,"i":120,"k":120,"m":120,"o":120,"b":120,"d":120,"f":120,"h":120,"j":120,"l":120,"n":120,"p":120}},{"type":"Feature","geometry":{"type":"Polygon","coordinates":[[[126.85687,37.17135],[126.86552,37.17135],[126.86552,37.18],[126.85687,37.18],[126.85687,37.17135]]]},"properties":{"row":-1,"col":16,"walk_min":225.5,"nearest_station_id":"kr_114","nearest_station_name":"Sangnoksu","nearest_station_name_ko":"상록수","a":120,"c":120,"e":120,"g":120,"i":120,"k":120,"m":120,"o":120,"b":120,"d":120,"f":120,"h":120,"j":120,"l":120,"n":120,"p":120}},{"type":"Feature","geometry":{"type":"Polygon","coordinates":[[[126.5973,37.33574],[126.61461,37.33574],[126.61461,37.35305],[126.5973,37.35305],[126.5973,37.33574]]]},"properties":{"row":9,"col":1,"walk_min":235.6,"nearest_station_id":"kr_428","nearest_station_name":"Oido","nearest_station_name_ko":"오이도","a":120,"c":120,"e":120,"g":120,"i":120,"k":120,"m":120,"o":120,"b":120,"d":120,"f":120,"h":120,"j":120,"l":120,"n":120,"p":120}},{"type":"Feature","geometry":{"type":"Polygon","coordinates":[[[126.82226,37.76835],[126.83957,37.76835],[126.83957,37.78566],[126.82226,37.78566],[126.82226,37.76835]]]},"properties":{"row":34,"col":14,"walk_min":235.4,"nearest_station_id":"kr_350","nearest_station_name":"Juyeop","nearest_station_name_ko":"주엽","a":120,"c":120,"e":120,"g":120,"i":120,"k":120,"m":120,"o":120,"b":120,"d":120,"f":120,"h":120,"j":120,"l":120,"n":120,"p":120}},{"type":"Feature","geometry":{"type":"Polygon","coordinates":[[[126.75305,37.1973],[126.77035,37.1973],[126.77035,37.21461],[126.75305,37.21461],[126.75305,37.1973]]]},"properties":{"row":1,"col":10,"walk_min":241.5,"nearest_station_id":"kr_230","nearest_station_name":"Choji","nearest_station_name_ko":"초지","a":120,"c":120,"e":120,"g":120,"i":120,"k":120,"m":120,"o":120,"b":120,"d":120,"f":120,"h":120,"j":120,"l":120,"n":120,"p":120}},{"type":"Feature","geometry":{"type":"Polygon","coordinates":[[[127.18566,37.17135],[127.20296,37.17135],[127.20296,37.18],[127.18566,37.18],[127.18566,37.17135]]]},"properties":{"row":-1,"col":35,"walk_min":227.5,"nearest_station_id":"kr_416","nearest_station_name":"Osan College","nearest_station_name_ko":"오산대","a":120,"c":120,"e":120,"g":120,"i":120,"k":120,"m":120,"o":120,"b":120,"d":120,"f":120,"h":120,"j":120,"l":120,"n":120,"p":120}},{"type":"Feature","geometry":{"type":"Polygon","coordinates":[[[126.68383,37.80296],[126.70113,37.80296],[126.70113,37.82027],[126.68383,37.82027],[126.68383,37.80296]]]},"properties":{"row":36,"col":6,"walk_min":236.5,"nearest_station_id":"kr_424","nearest_station_name":"Daehwa","nearest_station_name_ko":"대화","a":120,"c":120,"e":120,"g":120,"i":120,"k":120,"m":120,"o":120,"b":120,"d":120,"f":120,"h":120,"j":120,"l":120,"n":120,"p":120}},{"type":"Feature","geometry":{"type":"Polygon","coordinates":[[[126.78765,37.18],[126.80496,37.18],[126.80496,37.1973],[126.78765,37.1973],[126.78765,37.18]]]},"properties":{"row":0,"col":12,"walk_min":242.8,"nearest_station_id":"kr_114","nearest_station_name":"Sangnoksu","nearest_station_name_ko":"상록수","a":120,"c":120,"e":120,"g":120,"i":120,"k":120,"m":120,"o":120,"b":120,"d":120,"f":120,"h":120,"j":120,"l":120,"n":120,"p":120}},{"type":"Feature","geometry":{"type":"Polygon","coordinates":[[[126.67517,37.80296],[126.68383,37.80296],[126.68383,37.81161],[126.67517,37.81161],[126.67517,37.80296]]]},"properties":{"row":36,"col":5,"walk_min":230.6,"nearest_station_id":"kr_424","nearest_station_name":"Daehwa","nearest_station_name_ko":"대화","a":120,"c":120,"e":120,"g":120,"i":120,"k":120,"m":120,"o":120,"b":120,"d":120,"f":120,"h":120,"j":120,"l":120,"n":120,"p":120}},{"type":"Feature","geometry":{"type":"Polygon","coordinates":[[[126.58,37.59531],[126.5973,37.59531],[126.5973,37.61261],[126.58,37.61261],[126.58,37.59531]]]},"properties":{"row":24,"col":0,"walk_min":235.8,"nearest_station_id":"kr_458","nearest_station_name":"Incheon","nearest_station_name_ko":"인천","a":120,"c":120,"e":120,"g":120,"i":120,"k":120,"m":120,"o":120,"b":120,"d":120,"f":120,"h":120,"j":120,"l":120,"n":120,"p":120}},{"type":"Feature","geometry":{"type":"Polygon","coordinates":[[[126.70978,37.82027],[126.71844,37.82027],[126.71844,37.82892],[126.70978,37.82892],[126.70978,37.82027]]]},"properties":{"row":37,"col":7,"walk_min":232.1,"nearest_station_id":"kr_424","nearest_station_name":"Daehwa","nearest_station_name_ko":"대화","a":120,"c":120,"e":120,"g":120,"i":120,"k":120,"m":120,"o":120,"b":120,"d":120,"f":120,"h":120,"j":120,"l":120,"n":120,"p":120}},{"type":"Feature","geometry":{"type":"Polygon","coordinates":[[[126.5973,37.35305],[126.61461,37.35305],[126.61461,37.3617],[126.5973,37.3617],[126.5973,37.35305]]]},"properties":{"row":10,"col":1,"walk_min":238.9,"nearest_station_id":"kr_428","nearest_station_name":"Oido","nearest_station_name_ko":"오이도","a":120,"c":120,"e":120,"g":120,"i":120,"k":120,"m":120,"o":120,"b":120,"d":120,"f":120,"h":120,"j":120,"l":120,"n":120,"p":120}},{"type":"Feature","geometry":{"type":"Polygon","coordinates":[[[126.77035,37.82027],[126.78765,37.82027],[126.78765,37.83757],[126.77035,37.83757],[126.77035,37.82027]]]},"properties":{"row":37,"col":11,"walk_min":243.0,"nearest_station_id":"kr_424","nearest_station_name":"Daehwa","nearest_station_name_ko":"대화","a":120,"c":120,"e":120,"g":120,"i":120,"k":120,"m":120,"o":120,"b":120,"d":120,"f":120,"h":120,"j":120,"l":120,"n":120,"p":120}},{"type":"Feature","geometry":{"type":"Polygon","coordinates":[[[126.77035,37.18],[126.78765,37.18],[126.78765,37.1973],[126.77035,37.1973],[126.77035,37.18]]]},"properties":{"row":0,"col":11,"walk_min":244.2,"nearest_station_id":"kr_426","nearest_station_name":"Gojan","nearest_station_name_ko":"고잔","a":120,"c":120,"e":120,"g":120,"i":120,"k":120,"m":120,"o":120,"b":120,"d":120,"f":120,"h":120,"j":120,"l":120,"n":120,"p":120}},{"type":"Feature","geometry":{"type":"Polygon","coordinates":[[[126.71844,37.82027],[126.73574,37.82027],[126.73574,37.82892],[126.71844,37.82892],[126.71844,37.82027]]]},"properties":{"row":37,"col":8,"walk_min":237.4,"nearest_station_id":"kr_424","nearest_station_name":"Daehwa","nearest_station_name_ko":"대화","a":120,"c":120,"e":120,"g":120,"i":120,"k":120,"m":120,"o":120,"b":120,"d":120,"f":120,"h":120,"j":120,"l":120,"n":120,"p":120}},{"type":"Feature","geometry":{"type":"Polygon","coordinates":[[[126.73574,37.82027],[126.75305,37.82027],[126.75305,37.82892],[126.73574,37.82892],[126.73574,37.82027]]]},"properties":{"row":37,"col":9,"walk_min":241.9,"nearest_station_id":"kr_424","nearest_station_name":"Daehwa","nearest_station_name_ko":"대화","a":120,"c":120,"e":120,"g":120,"i":120,"k":120,"m":120,"o":120,"b":120,"d":120,"f":120,"h":120,"j":120,"l":120,"n":120,"p":120}},{"type":"Feature","geometry":{"type":"Polygon","coordinates":[[[126.75305,37.82027],[126.77035,37.82027],[126.77035,37.82892],[126.75305,37.82892],[126.75305,37.82027]]]},"properties":{"row":37,"col":10,"walk_min":242.4,"nearest_station_id":"kr_424","nearest_station_name":"Daehwa","nearest_station_name_ko":"대화","a":120,"c":120,"e":120,"g":120,"i":120,"k":120,"m":120,"o":120,"b":120,"d":120,"f":120,"h":120,"j":120,"l":120,"n":120,"p":120}},{"type":"Feature","geometry":{"type":"Polygon","coordinates":[[[126.75305,37.18],[126.77035,37.18],[126.77035,37.1973],[126.75305,37.1973],[126.75305,37.18]]]},"properties":{"row":0,"col":10,"walk_min":244.2,"nearest_station_id":"kr_230","nearest_station_name":"Choji","nearest_station_name_ko":"초지","a":120,"c":120,"e":120,"g":120,"i":120,"k":120,"m":120,"o":120,"b":120,"d":120,"f":120,"h":120,"j":120,"l":120,"n":120,"p":120}},{"type":"Feature","geometry":{"type":"Polygon","coordinates":[[[126.58,37.61261],[126.5973,37.61261],[126.5973,37.62992],[126.58,37.62992],[126.58,37.61261]]]},"properties":{"row":25,"col":0,"walk_min":243.4,"nearest_station_id":"kr_424","nearest_station_name":"Daehwa","nearest_station_name_ko":"대화","a":120,"c":120,"e":120,"g":120,"i":120,"k":120,"m":120,"o":120,"b":120,"d":120,"f":120,"h":120,"j":120,"l":120,"n":120,"p":120}},{"type":"Feature","geometry":{"type":"Polygon","coordinates":[[[126.85687,37.78566],[126.87418,37.78566],[126.87418,37.80296],[126.85687,37.80296],[126.85687,37.78566]]]},"properties":{"row":35,"col":16,"walk_min":246.9,"nearest_station_id":"kr_145","nearest_station_name":"Wondang","nearest_station_name_ko":"원당","a":120,"c":120,"e":120,"g":120,"i":120,"k":120,"m":120,"o":120,"b":120,"d":120,"f":120,"h":120,"j":120,"l":120,"n":120,"p":120}},{"type":"Feature","geometry":{"type":"Polygon","coordinates":[[[126.82226,37.78566],[126.83957,37.78566],[126.83957,37.80296],[126.82226,37.80296],[126.82226,37.78566]]]},"properties":{"row":35,"col":14,"walk_min":251.4,"nearest_station_id":"kr_424","nearest_station_name":"Daehwa","nearest_station_name_ko":"대화","a":120,"c":120,"e":120,"g":120,"i":120,"k":120,"m":120,"o":120,"b":120,"d":120,"f":120,"h":120,"j":120,"l":120,"n":120,"p":120}},{"type":"Feature","geometry":{"type":"Polygon","coordinates":[[[127.22027,37.18],[127.23757,37.18],[127.23757,37.1973],[127.22027,37.1973],[127.22027,37.18]]]},"properties":{"row":0,"col":37,"walk_min":253.0,"nearest_station_id":"kr_416","nearest_station_name":"Osan College","nearest_station_name_ko":"오산대","a":120,"c":120,"e":120,"g":120,"i":120,"k":120,"m":120,"o":120,"b":120,"d":120,"f":120,"h":120,"j":120,"l":120,"n":120,"p":120}},{"type":"Feature","geometry":{"type":"Polygon","coordinates":[[[126.90879,37.83757],[126.91744,37.83757],[126.91744,37.85488],[126.90879,37.85488],[126.90879,37.83757]]]},"properties":{"row":38,"col":19,"walk_min":244.7,"nearest_station_id":"kr_447","nearest_station_name":"Deokgye","nearest_station_name_ko":"덕계","a":120,"c":120,"e":120,"g":120,"i":120,"k":120,"m":120,"o":120,"b":120,"d":120,"f":120,"h":120,"j":120,"l":120,"n":120,"p":120}},{"type":"Feature","geometry":{"type":"Polygon","coordinates":[[[126.64922,37.66453],[126.66652,37.66453],[126.66652,37.68183],[126.64922,37.68183],[126.64922,37.66453]]]},"properties":{"row":28,"col":4,"walk_min":247.3,"nearest_station_id":"kr_424","nearest_station_name":"Daehwa","nearest_station_name_ko":"대화","a":120,"c":120,"e":120,"g":120,"i":120,"k":120,"m":120,"o":120,"b":120,"d":120,"f":120,"h":120,"j":120,"l":120,"n":120,"p":120}},{"type":"Feature","geometry":{"type":"Polygon","coordinates":[[[126.83957,37.1627],[126.85687,37.1627],[126.85687,37.18],[126.83957,37.18],[126.83957,37.1627]]]},"properties":{"row":-1,"col":15,"walk_min":247.5,"nearest_station_id":"kr_114","nearest_station_name":"Sangnoksu","nearest_station_name_ko":"상록수","a":120,"c":120,"e":120,"g":120,"i":120,"k":120,"m":120,"o":120,"b":120,"d":120,"f":120,"h":120,"j":120,"l":120,"n":120,"p":120}},{"type":"Feature","geometry":{"type":"Polygon","coordinates":[[[127.22027,37.1973],[127.23757,37.1973],[127.23757,37.21461],[127.22027,37.21461],[127.22027,37.1973]]]},"properties":{"row":1,"col":37,"walk_min":256.7,"nearest_station_id":"kr_416","nearest_station_name":"Osan College","nearest_station_name_ko":"오산대","a":120,"c":120,"e":120,"g":120,"i":120,"k":120,"m":120,"o":120,"b":120,"d":120,"f":120,"h":120,"j":120,"l":120,"n":120,"p":120}},{"type":"Feature","geometry":{"type":"Polygon","coordinates":[[[126.63191,37.64722],[126.64922,37.64722],[126.64922,37.66453],[126.63191,37.66453],[126.63191,37.64722]]]},"properties":{"row":27,"col":3,"walk_min":245.7,"nearest_station_id":"kr_424","nearest_station_name":"Daehwa","nearest_station_name_ko":"대화","a":120,"c":120,"e":120,"g":120,"i":120,"k":120,"m":120,"o":120,"b":120,"d":120,"f":120,"h":120,"j":120,"l":120,"n":120,"p":120}},{"type":"Feature","geometry":{"type":"Polygon","coordinates":[[[126.5973,37.62992],[126.61461,37.62992],[126.61461,37.64722],[126.5973,37.64722],[126.5973,37.62992]]]},"properties":{"row":26,"col":1,"walk_min":244.9,"nearest_station_id":"kr_424","nearest_station_name":"Daehwa","nearest_station_name_ko":"대화","a":120,"c":120,"e":120,"g":120,"i":120,"k":120,"m":120,"o":120,"b":120,"d":120,"f":120,"h":120,"j":120,"l":120,"n":120,"p":120}},{"type":"Feature","geometry":{"type":"Polygon","coordinates":[[[126.68383,37.82027],[126.70113,37.82027],[126.70113,37.82892],[126.68383,37.82892],[126.68383,37.82027]]]},"properties":{"row":37,"col":6,"walk_min":246.1,"nearest_station_id":"kr_424","nearest_station_name":"Daehwa","nearest_station_name_ko":"대화","a":120,"c":120,"e":120,"g":120,"i":120,"k":120,"m":120,"o":120,"b":120,"d":120,"f":120,"h":120,"j":120,"l":120,"n":120,"p":120}},{"type":"Feature","geometry":{"type":"Polygon","coordinates":[[[126.58,37.33574],[126.5973,37.33574],[126.5973,37.35305],[126.58,37.35305],[126.58,37.33574]]]},"properties":{"row":9,"col":0,"walk_min":262.2,"nearest_station_id":"kr_428","nearest_station_name":"Oido","nearest_station_name_ko":"오이도","a":120,"c":120,"e":120,"g":120,"i":120,"k":120,"m":120,"o":120,"b":120,"d":120,"f":120,"h":120,"j":120,"l":120,"n":120,"p":120}},{"type":"Feature","geometry":{"type":"Polygon","coordinates":[[[126.85687,37.80296],[126.87418,37.80296],[126.87418,37.82027],[126.85687,37.82027],[126.85687,37.80296]]]},"properties":{"row":36,"col":16,"walk_min":253.5,"nearest_station_id":"kr_092","nearest_station_name":"Yangju","nearest_station_name_ko":"양주","a":120,"c":120,"e":120,"g":120,"i":120,"k":120,"m":120,"o":120,"b":120,"d":120,"f":120,"h":120,"j":120,"l":120,"n":120,"p":120}},{"type":"Feature","geometry":{"type":"Polygon","coordinates":[[[126.89148,37.82027],[126.90013,37.82027],[126.90013,37.82892],[126.89148,37.82892],[126.89148,37.82027]]]},"properties":{"row":37,"col":18,"walk_min":242.7,"nearest_station_id":"kr_447","nearest_station_name":"Deokgye","nearest_station_name_ko":"덕계","a":120,"c":120,"e":120,"g":120,"i":120,"k":120,"m":120,"o":120,"b":120,"d":120,"f":120,"h":120,"j":120,"l":120,"n":120,"p":120}},{"type":"Feature","geometry":{"type":"Polygon","coordinates":[[[126.61461,37.64722],[126.63191,37.64722],[126.63191,37.66453],[126.61461,37.66453],[126.61461,37.64722]]]},"properties":{"row":27,"col":2,"walk_min":250.6,"nearest_station_id":"kr_424","nearest_station_name":"Daehwa","nearest_station_name_ko":"대화","a":120,"c":120,"e":120,"g":120,"i":120,"k":120,"m":120,"o":120,"b":120,"d":120,"f":120,"h":120,"j":120,"l":120,"n":120,"p":120}},{"type":"Feature","geometry":{"type":"Polygon","coordinates":[[[127.22027,37.22326],[127.22892,37.22326],[127.22892,37.23191],[127.22027,37.23191],[127.22027,37.22326]]]},"properties":{"row":2,"col":37,"walk_min":245.7,"nearest_station_id":"kr_233","nearest_station_name":"Suji-gu Office","nearest_station_name_ko":"수지구청","a":120,"c":120,"e":120,"g":120,"i":120,"k":120,"m":120,"o":120,"b":120,"d":120,"f":120,"h":120,"j":120,"l":120,"n":120,"p":120}},{"type":"Feature","geometry":{"type":"Polygon","coordinates":[[[127.24622,37.83757],[127.25488,37.83757],[127.25488,37.84622],[127.24622,37.84622],[127.24622,37.83757]]]},"properties":{"row":38,"col":38,"walk_min":245.8,"nearest_station_id":"kr_470","nearest_station_name":"Jinjeop","nearest_station_name_ko":"진접","a":120,"c":120,"e":120,"g":120,"i":120,"k":120,"m":120,"o":120,"b":120,"d":120,"f":120,"h":120,"j":120,"l":120,"n":120,"p":120}},{"type":"Feature","geometry":{"type":"Polygon","coordinates":[[[126.73574,37.1973],[126.75305,37.1973],[126.75305,37.21461],[126.73574,37.21461],[126.73574,37.1973]]]},"properties":{"row":1,"col":9,"walk_min":257.7,"nearest_station_id":"kr_230","nearest_station_name":"Choji","nearest_station_name_ko":"초지","a":120,"c":120,"e":120,"g":120,"i":120,"k":120,"m":120,"o":120,"b":120,"d":120,"f":120,"h":120,"j":120,"l":120,"n":120,"p":120}},{"type":"Feature","geometry":{"type":"Polygon","coordinates":[[[126.80496,37.80296],[126.82226,37.80296],[126.82226,37.82027],[126.80496,37.82027],[126.80496,37.80296]]]},"properties":{"row":36,"col":13,"walk_min":262.2,"nearest_station_id":"kr_424","nearest_station_name":"Daehwa","nearest_station_name_ko":"대화","a":120,"c":120,"e":120,"g":120,"i":120,"k":120,"m":120,"o":120,"b":120,"d":120,"f":120,"h":120,"j":120,"l":120,"n":120,"p":120}},{"type":"Feature","geometry":{"type":"Polygon","coordinates":[[[127.20296,37.1627],[127.21161,37.1627],[127.21161,37.18],[127.20296,37.18],[127.20296,37.1627]]]},"properties":{"row":-1,"col":36,"walk_min":254.7,"nearest_station_id":"kr_416","nearest_station_name":"Osan College","nearest_station_name_ko":"오산대","a":120,"c":120,"e":120,"g":120,"i":120,"k":120,"m":120,"o":120,"b":120,"d":120,"f":120,"h":120,"j":120,"l":120,"n":120,"p":120}},{"type":"Feature","geometry":{"type":"Polygon","coordinates":[[[126.5973,37.64722],[126.61461,37.64722],[126.61461,37.66453],[126.5973,37.66453],[126.5973,37.64722]]]},"properties":{"row":27,"col":1,"walk_min":258.1,"nearest_station_id":"kr_424","nearest_station_name":"Daehwa","nearest_station_name_ko":"대화","a":120,"c":120,"e":120,"g":120,"i":120,"k":120,"m":120,"o":120,"b":120,"d":120,"f":120,"h":120,"j":120,"l":120,"n":120,"p":120}},{"type":"Feature","geometry":{"type":"Polygon","coordinates":[[[126.58,37.35305],[126.5973,37.35305],[126.5973,37.3617],[126.58,37.3617],[126.58,37.35305]]]},"properties":{"row":10,"col":0,"walk_min":260.3,"nearest_station_id":"kr_428","nearest_station_name":"Oido","nearest_station_name_ko":"오이도","a":120,"c":120,"e":120,"g":120,"i":120,"k":120,"m":120,"o":120,"b":120,"d":120,"f":120,"h":120,"j":120,"l":120,"n":120,"p":120}},{"type":"Feature","geometry":{"type":"Polygon","coordinates":[[[126.73574,37.18],[126.75305,37.18],[126.75305,37.1973],[126.73574,37.1973],[126.73574,37.18]]]},"properties":{"row":0,"col":9,"walk_min":260.0,"nearest_station_id":"kr_230","nearest_station_name":"Choji","nearest_station_name_ko":"초지","a":120,"c":120,"e":120,"g":120,"i":120,"k":120,"m":120,"o":120,"b":120,"d":120,"f":120,"h":120,"j":120,"l":120,"n":120,"p":120}},{"type":"Feature","geometry":{"type":"Polygon","coordinates":[[[126.58,37.62992],[126.5973,37.62992],[126.5973,37.64722],[126.58,37.64722],[126.58,37.62992]]]},"properties":{"row":26,"col":0,"walk_min":262.1,"nearest_station_id":"kr_424","nearest_station_name":"Daehwa","nearest_station_name_ko":"대화","a":120,"c":120,"e":120,"g":120,"i":120,"k":120,"m":120,"o":120,"b":120,"d":120,"f":120,"h":120,"j":120,"l":120,"n":120,"p":120}},{"type":"Feature","geometry":{"type":"Polygon","coordinates":[[[126.83957,37.80296],[126.85687,37.80296],[126.85687,37.82027],[126.83957,37.82027],[126.83957,37.80296]]]},"properties":{"row":36,"col":15,"walk_min":271.8,"nearest_station_id":"kr_424","nearest_station_name":"Daehwa","nearest_station_name_ko":"대화","a":120,"c":120,"e":120,"g":120,"i":120,"k":120,"m":120,"o":120,"b":120,"d":120,"f":120,"h":120,"j":120,"l":120,"n":120,"p":120}},{"type":"Feature","geometry":{"type":"Polygon","coordinates":[[[126.63191,37.66453],[126.64922,37.66453],[126.64922,37.68183],[126.63191,37.68183],[126.63191,37.66453]]]},"properties":{"row":28,"col":3,"walk_min":265.0,"nearest_station_id":"kr_424","nearest_station_name":"Daehwa","nearest_station_name_ko":"대화","a":120,"c":120,"e":120,"g":120,"i":120,"k":120,"m":120,"o":120,"b":120,"d":120,"f":120,"h":120,"j":120,"l":120,"n":120,"p":120}},{"type":"Feature","geometry":{"type":"Polygon","coordinates":[[[126.83957,37.78566],[126.85687,37.78566],[126.85687,37.80296],[126.83957,37.80296],[126.83957,37.78566]]]},"properties":{"row":35,"col":15,"walk_min":263.0,"nearest_station_id":"kr_145","nearest_station_name":"Wondang","nearest_station_name_ko":"원당","a":120,"c":120,"e":120,"g":120,"i":120,"k":120,"m":120,"o":120,"b":120,"d":120,"f":120,"h":120,"j":120,"l":120,"n":120,"p":120}},{"type":"Feature","geometry":{"type":"Polygon","coordinates":[[[126.64922,37.68183],[126.66652,37.68183],[126.66652,37.69914],[126.64922,37.69914],[126.64922,37.68183]]]},"properties":{"row":29,"col":4,"walk_min":265.7,"nearest_station_id":"kr_424","nearest_station_name":"Daehwa","nearest_station_name_ko":"대화","a":120,"c":120,"e":120,"g":120,"i":120,"k":120,"m":120,"o":120,"b":120,"d":120,"f":120,"h":120,"j":120,"l":120,"n":120,"p":120}},{"type":"Feature","geometry":{"type":"Polygon","coordinates":[[[126.82226,37.80296],[126.83957,37.80296],[126.83957,37.82027],[126.82226,37.82027],[126.82226,37.80296]]]},"properties":{"row":36,"col":14,"walk_min":270.4,"nearest_station_id":"kr_424","nearest_station_name":"Daehwa","nearest_station_name_ko":"대화","a":120,"c":120,"e":120,"g":120,"i":120,"k":120,"m":120,"o":120,"b":120,"d":120,"f":120,"h":120,"j":120,"l":120,"n":120,"p":120}},{"type":"Feature","geometry":{"type":"Polygon","coordinates":[[[127.25488,37.83757],[127.26353,37.83757],[127.26353,37.85488],[127.25488,37.85488],[127.25488,37.83757]]]},"properties":{"row":38,"col":39,"walk_min":262.9,"nearest_station_id":"kr_470","nearest_station_name":"Jinjeop","nearest_station_name_ko":"진접","a":120,"c":120,"e":120,"g":120,"i":120,"k":120,"m":120,"o":120,"b":120,"d":120,"f":120,"h":120,"j":120,"l":120,"n":120,"p":120}},{"type":"Feature","geometry":{"type":"Polygon","coordinates":[[[126.71844,37.1973],[126.73574,37.1973],[126.73574,37.21461],[126.71844,37.21461],[126.71844,37.1973]]]},"properties":{"row":1,"col":8,"walk_min":279.7,"nearest_station_id":"kr_263","nearest_station_name":"Ansan","nearest_station_name_ko":"안산","a":120,"c":120,"e":120,"g":120,"i":120,"k":120,"m":120,"o":120,"b":120,"d":120,"f":120,"h":120,"j":120,"l":120,"n":120,"p":120}},{"type":"Feature","geometry":{"type":"Polygon","coordinates":[[[126.58,37.64722],[126.5973,37.64722],[126.5973,37.66453],[126.58,37.66453],[126.58,37.64722]]]},"properties":{"row":27,"col":0,"walk_min":278.9,"nearest_station_id":"kr_424","nearest_station_name":"Daehwa","nearest_station_name_ko":"대화","a":120,"c":120,"e":120,"g":120,"i":120,"k":120,"m":120,"o":120,"b":120,"d":120,"f":120,"h":120,"j":120,"l":120,"n":120,"p":120}},{"type":"Feature","geometry":{"type":"Polygon","coordinates":[[[126.61461,37.66453],[126.63191,37.66453],[126.63191,37.68183],[126.61461,37.68183],[126.61461,37.66453]]]},"properties":{"row":28,"col":2,"walk_min":277.3,"nearest_station_id":"kr_424","nearest_station_name":"Daehwa","nearest_station_name_ko":"대화","a":120,"c":120,"e":120,"g":120,"i":120,"k":120,"m":120,"o":120,"b":120,"d":120,"f":120,"h":120,"j":120,"l":120,"n":120,"p":120}},{"type":"Feature","geometry":{"type":"Polygon","coordinates":[[[126.80496,37.82027],[126.82226,37.82027],[126.82226,37.83757],[126.80496,37.83757],[126.80496,37.82027]]]},"properties":{"row":37,"col":13,"walk_min":296.8,"nearest_station_id":"kr_424","nearest_station_name":"Daehwa","nearest_station_name_ko":"대화","a":120,"c":120,"e":120,"g":120,"i":120,"k":120,"m":120,"o":120,"b":120,"d":120,"f":120,"h":120,"j":120,"l":120,"n":120,"p":120}},{"type":"Feature","geometry":{"type":"Polygon","coordinates":[[[126.5973,37.66453],[126.61461,37.66453],[126.61461,37.68183],[126.5973,37.68183],[126.5973,37.66453]]]},"properties":{"row":28,"col":1,"walk_min":281.4,"nearest_station_id":"kr_424","nearest_station_name":"Daehwa","nearest_station_name_ko":"대화","a":120,"c":120,"e":120,"g":120,"i":120,"k":120,"m":120,"o":120,"b":120,"d":120,"f":120,"h":120,"j":120,"l":120,"n":120,"p":120}},{"type":"Feature","geometry":{"type":"Polygon","coordinates":[[[126.86552,37.82027],[126.87418,37.82027],[126.87418,37.82892],[126.86552,37.82892],[126.86552,37.82027]]]},"properties":{"row":37,"col":16,"walk_min":272.2,"nearest_station_id":"kr_092","nearest_station_name":"Yangju","nearest_station_name_ko":"양주","a":120,"c":120,"e":120,"g":120,"i":120,"k":120,"m":120,"o":120,"b":120,"d":120,"f":120,"h":120,"j":120,"l":120,"n":120,"p":120}},{"type":"Feature","geometry":{"type":"Polygon","coordinates":[[[126.63191,37.68183],[126.64922,37.68183],[126.64922,37.69914],[126.63191,37.69914],[126.63191,37.68183]]]},"properties":{"row":29,"col":3,"walk_min":283.4,"nearest_station_id":"kr_424","nearest_station_name":"Daehwa","nearest_station_name_ko":"대화","a":120,"c":120,"e":120,"g":120,"i":120,"k":120,"m":120,"o":120,"b":120,"d":120,"f":120,"h":120,"j":120,"l":120,"n":120,"p":120}},{"type":"Feature","geometry":{"type":"Polygon","coordinates":[[[126.71844,37.18],[126.73574,37.18],[126.73574,37.1973],[126.71844,37.1973],[126.71844,37.18]]]},"properties":{"row":0,"col":8,"walk_min":282.2,"nearest_station_id":"kr_230","nearest_station_name":"Choji","nearest_station_name_ko":"초지","a":120,"c":120,"e":120,"g":120,"i":120,"k":120,"m":120,"o":120,"b":120,"d":120,"f":120,"h":120,"j":120,"l":120,"n":120,"p":120}},{"type":"Feature","geometry":{"type":"Polygon","coordinates":[[[127.20296,37.15404],[127.21161,37.15404],[127.21161,37.1627],[127.20296,37.1627],[127.20296,37.15404]]]},"properties":{"row":-2,"col":36,"walk_min":273.8,"nearest_station_id":"kr_053","nearest_station_name":"Osan","nearest_station_name_ko":"오산","a":120,"c":120,"e":120,"g":120,"i":120,"k":120,"m":120,"o":120,"b":120,"d":120,"f":120,"h":120,"j":120,"l":120,"n":120,"p":120}},{"type":"Feature","geometry":{"type":"Polygon","coordinates":[[[126.73574,37.21461],[126.75305,37.21461],[126.75305,37.23191],[126.73574,37.23191],[126.73574,37.21461]]]},"properties":{"row":2,"col":9,"walk_min":288.1,"nearest_station_id":"kr_230","nearest_station_name":"Choji","nearest_station_name_ko":"초지","a":120,"c":120,"e":120,"g":120,"i":120,"k":120,"m":120,"o":120,"b":120,"d":120,"f":120,"h":120,"j":120,"l":120,"n":120,"p":120}},{"type":"Feature","geometry":{"type":"Polygon","coordinates":[[[126.71844,37.21461],[126.73574,37.21461],[126.73574,37.23191],[126.71844,37.23191],[126.71844,37.21461]]]},"properties":{"row":2,"col":8,"walk_min":290.4,"nearest_station_id":"kr_263","nearest_station_name":"Ansan","nearest_station_name_ko":"안산","a":120,"c":120,"e":120,"g":120,"i":120,"k":120,"m":120,"o":120,"b":120,"d":120,"f":120,"h":120,"j":120,"l":120,"n":120,"p":120}},{"type":"Feature","geometry":{"type":"Polygon","coordinates":[[[126.78765,37.17135],[126.79631,37.17135],[126.79631,37.18],[126.78765,37.18],[126.78765,37.17135]]]},"properties":{"row":-1,"col":12,"walk_min":282.5,"nearest_station_id":"kr_114","nearest_station_name":"Sangnoksu","nearest_station_name_ko":"상록수","a":120,"c":120,"e":120,"g":120,"i":120,"k":120,"m":120,"o":120,"b":120,"d":120,"f":120,"h":120,"j":120,"l":120,"n":120,"p":120}},{"type":"Feature","geometry":{"type":"Polygon","coordinates":[[[127.19431,37.15404],[127.20296,37.15404],[127.20296,37.1627],[127.19431,37.1627],[127.19431,37.15404]]]},"properties":{"row":-2,"col":35,"walk_min":283.1,"nearest_station_id":"kr_053","nearest_station_name":"Osan","nearest_station_name_ko":"오산","a":120,"c":120,"e":120,"g":120,"i":120,"k":120,"m":120,"o":120,"b":120,"d":120,"f":120,"h":120,"j":120,"l":120,"n":120,"p":120}},{"type":"Feature","geometry":{"type":"Polygon","coordinates":[[[126.73574,37.17135],[126.74439,37.17135],[126.74439,37.18],[126.73574,37.18],[126.73574,37.17135]]]},"properties":{"row":-1,"col":9,"walk_min":282.9,"nearest_station_id":"kr_230","nearest_station_name":"Choji","nearest_station_name_ko":"초지","a":120,"c":120,"e":120,"g":120,"i":120,"k":120,"m":120,"o":120,"b":120,"d":120,"f":120,"h":120,"j":120,"l":120,"n":120,"p":120}},{"type":"Feature","geometry":{"type":"Polygon","coordinates":[[[126.83957,37.82027],[126.85687,37.82027],[126.85687,37.82892],[126.83957,37.82892],[126.83957,37.82027]]]},"properties":{"row":37,"col":15,"walk_min":283.0,"nearest_station_id":"kr_092","nearest_station_name":"Yangju","nearest_station_name_ko":"양주","a":120,"c":120,"e":120,"g":120,"i":120,"k":120,"m":120,"o":120,"b":120,"d":120,"f":120,"h":120,"j":120,"l":120,"n":120,"p":120}},{"type":"Feature","geometry":{"type":"Polygon","coordinates":[[[126.82226,37.82027],[126.83092,37.82027],[126.83092,37.83757],[126.82226,37.83757],[126.82226,37.82027]]]},"properties":{"row":37,"col":14,"walk_min":307.2,"nearest_station_id":"kr_424","nearest_station_name":"Daehwa","nearest_station_name_ko":"대화","a":120,"c":120,"e":120,"g":120,"i":120,"k":120,"m":120,"o":120,"b":120,"d":120,"f":120,"h":120,"j":120,"l":120,"n":120,"p":120}},{"type":"Feature","geometry":{"type":"Polygon","coordinates":[[[126.779,37.17135],[126.78765,37.17135],[126.78765,37.18],[126.779,37.18],[126.779,37.17135]]]},"properties":{"row":-1,"col":11,"walk_min":284.5,"nearest_station_id":"kr_114","nearest_station_name":"Sangnoksu","nearest_station_name_ko":"상록수","a":120,"c":120,"e":120,"g":120,"i":120,"k":120,"m":120,"o":120,"b":120,"d":120,"f":120,"h":120,"j":120,"l":120,"n":120,"p":120}},{"type":"Feature","geometry":{"type":"Polygon","coordinates":[[[126.58,37.66453],[126.5973,37.66453],[126.5973,37.68183],[126.58,37.68183],[126.58,37.66453]]]},"properties":{"row":28,"col":0,"walk_min":294.5,"nearest_station_id":"kr_424","nearest_station_name":"Daehwa","nearest_station_name_ko":"대화","a":120,"c":120,"e":120,"g":120,"i":120,"k":120,"m":120,"o":120,"b":120,"d":120,"f":120,"h":120,"j":120,"l":120,"n":120,"p":120}},{"type":"Feature","geometry":{"type":"Polygon","coordinates":[[[126.64922,37.69914],[126.66652,37.69914],[126.66652,37.71644],[126.64922,37.71644],[126.64922,37.69914]]]},"properties":{"row":30,"col":4,"walk_min":294.6,"nearest_station_id":"kr_424","nearest_station_name":"Daehwa","nearest_station_name_ko":"대화","a":120,"c":120,"e":120,"g":120,"i":120,"k":120,"m":120,"o":120,"b":120,"d":120,"f":120,"h":120,"j":120,"l":120,"n":120,"p":120}},{"type":"Feature","geometry":{"type":"Polygon","coordinates":[[[127.23757,37.18],[127.25488,37.18],[127.25488,37.1973],[127.23757,37.1973],[127.23757,37.18]]]},"properties":{"row":0,"col":38,"walk_min":302.8,"nearest_station_id":"kr_416","nearest_station_name":"Osan College","nearest_station_name_ko":"오산대","a":120,"c":120,"e":120,"g":120,"i":120,"k":120,"m":120,"o":120,"b":120,"d":120,"f":120,"h":120,"j":120,"l":120,"n":120,"p":120}},{"type":"Feature","geometry":{"type":"Polygon","coordinates":[[[126.61461,37.68183],[126.63191,37.68183],[126.63191,37.69914],[126.61461,37.69914],[126.61461,37.68183]]]},"properties":{"row":29,"col":2,"walk_min":304.4,"nearest_station_id":"kr_424","nearest_station_name":"Daehwa","nearest_station_name_ko":"대화","a":120,"c":120,"e":120,"g":120,"i":120,"k":120,"m":120,"o":120,"b":120,"d":120,"f":120,"h":120,"j":120,"l":120,"n":120,"p":120}},{"type":"Feature","geometry":{"type":"Polygon","coordinates":[[[126.63191,37.69914],[126.64922,37.69914],[126.64922,37.71644],[126.63191,37.71644],[126.63191,37.69914]]]},"properties":{"row":30,"col":3,"walk_min":302.4,"nearest_station_id":"kr_424","nearest_station_name":"Daehwa","nearest_station_name_ko":"대화","a":120,"c":120,"e":120,"g":120,"i":120,"k":120,"m":120,"o":120,"b":120,"d":120,"f":120,"h":120,"j":120,"l":120,"n":120,"p":120}},{"type":"Feature","geometry":{"type":"Polygon","coordinates":[[[126.75305,37.21461],[126.77035,37.21461],[126.77035,37.23191],[126.75305,37.23191],[126.75305,37.21461]]]},"properties":{"row":2,"col":10,"walk_min":303.2,"nearest_station_id":"kr_230","nearest_station_name":"Choji","nearest_station_name_ko":"초지","a":120,"c":120,"e":120,"g":120,"i":120,"k":120,"m":120,"o":120,"b":120,"d":120,"f":120,"h":120,"j":120,"l":120,"n":120,"p":120}},{"type":"Feature","geometry":{"type":"Polygon","coordinates":[[[126.71844,37.1627],[126.73574,37.1627],[126.73574,37.18],[126.71844,37.18],[126.71844,37.1627]]]},"properties":{"row":-1,"col":8,"walk_min":304.0,"nearest_station_id":"kr_230","nearest_station_name":"Choji","nearest_station_name_ko":"초지","a":120,"c":120,"e":120,"g":120,"i":120,"k":120,"m":120,"o":120,"b":120,"d":120,"f":120,"h":120,"j":120,"l":120,"n":120,"p":120}},{"type":"Feature","geometry":{"type":"Polygon","coordinates":[[[126.70113,37.18],[126.71844,37.18],[126.71844,37.1973],[126.70113,37.1973],[126.70113,37.18]]]},"properties":{"row":0,"col":7,"walk_min":307.1,"nearest_station_id":"kr_263","nearest_station_name":"Ansan","nearest_station_name_ko":"안산","a":120,"c":120,"e":120,"g":120,"i":120,"k":120,"m":120,"o":120,"b":120,"d":120,"f":120,"h":120,"j":120,"l":120,"n":120,"p":120}},{"type":"Feature","geometry":{"type":"Polygon","coordinates":[[[126.5973,37.68183],[126.61461,37.68183],[126.61461,37.69914],[126.5973,37.69914],[126.5973,37.68183]]]},"properties":{"row":29,"col":1,"walk_min":307.1,"nearest_station_id":"kr_424","nearest_station_name":"Daehwa","nearest_station_name_ko":"대화","a":120,"c":120,"e":120,"g":120,"i":120,"k":120,"m":120,"o":120,"b":120,"d":120,"f":120,"h":120,"j":120,"l":120,"n":120,"p":120}},{"type":"Feature","geometry":{"type":"Polygon","coordinates":[[[126.57135,37.63857],[126.58,37.63857],[126.58,37.64722],[126.57135,37.64722],[126.57135,37.63857]]]},"properties":{"row":26,"col":-1,"walk_min":297.7,"nearest_station_id":"kr_424","nearest_station_name":"Daehwa","nearest_station_name_ko":"대화","a":120,"c":120,"e":120,"g":120,"i":120,"k":120,"m":120,"o":120,"b":120,"d":120,"f":120,"h":120,"j":120,"l":120,"n":120,"p":120}},{"type":"Feature","geometry":{"type":"Polygon","coordinates":[[[126.70113,37.21461],[126.71844,37.21461],[126.71844,37.23191],[126.70113,37.23191],[126.70113,37.21461]]]},"properties":{"row":2,"col":7,"walk_min":306.3,"nearest_station_id":"kr_263","nearest_station_name":"Ansan","nearest_station_name_ko":"안산","a":120,"c":120,"e":120,"g":120,"i":120,"k":120,"m":120,"o":120,"b":120,"d":120,"f":120,"h":120,"j":120,"l":120,"n":120,"p":120}},{"type":"Feature","geometry":{"type":"Polygon","coordinates":[[[126.70113,37.1973],[126.71844,37.1973],[126.71844,37.21461],[126.70113,37.21461],[126.70113,37.1973]]]},"properties":{"row":1,"col":7,"walk_min":305.7,"nearest_station_id":"kr_263","nearest_station_name":"Ansan","nearest_station_name_ko":"안산","a":120,"c":120,"e":120,"g":120,"i":120,"k":120,"m":120,"o":120,"b":120,"d":120,"f":120,"h":120,"j":120,"l":120,"n":120,"p":120}},{"type":"Feature","geometry":{"type":"Polygon","coordinates":[[[126.73574,37.23191],[126.75305,37.23191],[126.75305,37.24922],[126.73574,37.24922],[126.73574,37.23191]]]},"properties":{"row":3,"col":9,"walk_min":314.2,"nearest_station_id":"kr_263","nearest_station_name":"Ansan","nearest_station_name_ko":"안산","a":120,"c":120,"e":120,"g":120,"i":120,"k":120,"m":120,"o":120,"b":120,"d":120,"f":120,"h":120,"j":120,"l":120,"n":120,"p":120}},{"type":"Feature","geometry":{"type":"Polygon","coordinates":[[[126.58,37.68183],[126.5973,37.68183],[126.5973,37.69914],[126.58,37.69914],[126.58,37.68183]]]},"properties":{"row":29,"col":0,"walk_min":316.6,"nearest_station_id":"kr_424","nearest_station_name":"Daehwa","nearest_station_name_ko":"대화","a":120,"c":120,"e":120,"g":120,"i":120,"k":120,"m":120,"o":120,"b":120,"d":120,"f":120,"h":120,"j":120,"l":120,"n":120,"p":120}},{"type":"Feature","geometry":{"type":"Polygon","coordinates":[[[126.61461,37.69914],[126.63191,37.69914],[126.63191,37.71644],[126.61461,37.71644],[126.61461,37.69914]]]},"properties":{"row":30,"col":2,"walk_min":319.0,"nearest_station_id":"kr_424","nearest_station_name":"Daehwa","nearest_station_name_ko":"대화","a":120,"c":120,"e":120,"g":120,"i":120,"k":120,"m":120,"o":120,"b":120,"d":120,"f":120,"h":120,"j":120,"l":120,"n":120,"p":120}},{"type":"Feature","geometry":{"type":"Polygon","coordinates":[[[126.71844,37.23191],[126.73574,37.23191],[126.73574,37.24922],[126.71844,37.24922],[126.71844,37.23191]]]},"properties":{"row":3,"col":8,"walk_min":317.6,"nearest_station_id":"kr_263","nearest_station_name":"Ansan","nearest_station_name_ko":"안산","a":120,"c":120,"e":120,"g":120,"i":120,"k":120,"m":120,"o":120,"b":120,"d":120,"f":120,"h":120,"j":120,"l":120,"n":120,"p":120}},{"type":"Feature","geometry":{"type":"Polygon","coordinates":[[[126.64922,37.71644],[126.66652,37.71644],[126.66652,37.73374],[126.64922,37.73374],[126.64922,37.71644]]]},"properties":{"row":31,"col":4,"walk_min":320.4,"nearest_station_id":"kr_424","nearest_station_name":"Daehwa","nearest_station_name_ko":"대화","a":120,"c":120,"e":120,"g":120,"i":120,"k":120,"m":120,"o":120,"b":120,"d":120,"f":120,"h":120,"j":120,"l":120,"n":120,"p":120}},{"type":"Feature","geometry":{"type":"Polygon","coordinates":[[[126.66652,37.71644],[126.67517,37.71644],[126.67517,37.73374],[126.66652,37.73374],[126.66652,37.71644]]]},"properties":{"row":31,"col":5,"walk_min":317.7,"nearest_station_id":"kr_424","nearest_station_name":"Daehwa","nearest_station_name_ko":"대화","a":120,"c":120,"e":120,"g":120,"i":120,"k":120,"m":120,"o":120,"b":120,"d":120,"f":120,"h":120,"j":120,"l":120,"n":120,"p":120}},{"type":"Feature","geometry":{"type":"Polygon","coordinates":[[[126.75305,37.23191],[126.77035,37.23191],[126.77035,37.24922],[126.75305,37.24922],[126.75305,37.23191]]]},"properties":{"row":3,"col":10,"walk_min":327.8,"nearest_station_id":"kr_230","nearest_station_name":"Choji","nearest_station_name_ko":"초지","a":120,"c":120,"e":120,"g":120,"i":120,"k":120,"m":120,"o":120,"b":120,"d":120,"f":120,"h":120,"j":120,"l":120,"n":120,"p":120}},{"type":"Feature","geometry":{"type":"Polygon","coordinates":[[[126.63191,37.71644],[126.64922,37.71644],[126.64922,37.73374],[126.63191,37.73374],[126.63191,37.71644]]]},"properties":{"row":31,"col":3,"walk_min":326.9,"nearest_station_id":"kr_424","nearest_station_name":"Daehwa","nearest_station_name_ko":"대화","a":120,"c":120,"e":120,"g":120,"i":120,"k":120,"m":120,"o":120,"b":120,"d":120,"f":120,"h":120,"j":120,"l":120,"n":120,"p":120}},{"type":"Feature","geometry":{"type":"Polygon","coordinates":[[[126.68383,37.21461],[126.70113,37.21461],[126.70113,37.23191],[126.68383,37.23191],[126.68383,37.21461]]]},"properties":{"row":2,"col":6,"walk_min":329.5,"nearest_station_id":"kr_427","nearest_station_name":"Singiloncheon","nearest_station_name_ko":"신길온천","a":120,"c":120,"e":120,"g":120,"i":120,"k":120,"m":120,"o":120,"b":120,"d":120,"f":120,"h":120,"j":120,"l":120,"n":120,"p":120}},{"type":"Feature","geometry":{"type":"Polygon","coordinates":[[[126.71844,37.15404],[126.72709,37.15404],[126.72709,37.1627],[126.71844,37.1627],[126.71844,37.15404]]]},"properties":{"row":-2,"col":8,"walk_min":321.5,"nearest_station_id":"kr_230","nearest_station_name":"Choji","nearest_station_name_ko":"초지","a":120,"c":120,"e":120,"g":120,"i":120,"k":120,"m":120,"o":120,"b":120,"d":120,"f":120,"h":120,"j":120,"l":120,"n":120,"p":120}},{"type":"Feature","geometry":{"type":"Polygon","coordinates":[[[126.70113,37.23191],[126.71844,37.23191],[126.71844,37.24922],[126.70113,37.24922],[126.70113,37.23191]]]},"properties":{"row":3,"col":7,"walk_min":328.9,"nearest_station_id":"kr_263","nearest_station_name":"Ansan","nearest_station_name_ko":"안산","a":120,"c":120,"e":120,"g":120,"i":120,"k":120,"m":120,"o":120,"b":120,"d":120,"f":120,"h":120,"j":120,"l":120,"n":120,"p":120}},{"type":"Feature","geometry":{"type":"Polygon","coordinates":[[[126.68383,37.1973],[126.70113,37.1973],[126.70113,37.21461],[126.68383,37.21461],[126.68383,37.1973]]]},"properties":{"row":1,"col":6,"walk_min":334.0,"nearest_station_id":"kr_263","nearest_station_name":"Ansan","nearest_station_name_ko":"안산","a":120,"c":120,"e":120,"g":120,"i":120,"k":120,"m":120,"o":120,"b":120,"d":120,"f":120,"h":120,"j":120,"l":120,"n":120,"p":120}},{"type":"Feature","geometry":{"type":"Polygon","coordinates":[[[126.70113,37.14539],[126.71844,37.14539],[126.71844,37.1627],[126.70113,37.1627],[126.70113,37.14539]]]},"properties":{"row":-2,"col":7,"walk_min":333.4,"nearest_station_id":"kr_230","nearest_station_name":"Choji","nearest_station_name_ko":"초지","a":120,"c":120,"e":120,"g":120,"i":120,"k":120,"m":120,"o":120,"b":120,"d":120,"f":120,"h":120,"j":120,"l":120,"n":120,"p":120}},{"type":"Feature","geometry":{"type":"Polygon","coordinates":[[[126.5973,37.69914],[126.61461,37.69914],[126.61461,37.71644],[126.5973,37.71644],[126.5973,37.69914]]]},"properties":{"row":30,"col":1,"walk_min":330.3,"nearest_station_id":"kr_424","nearest_station_name":"Daehwa","nearest_station_name_ko":"대화","a":120,"c":120,"e":120,"g":120,"i":120,"k":120,"m":120,"o":120,"b":120,"d":120,"f":120,"h":120,"j":120,"l":120,"n":120,"p":120}},{"type":"Feature","geometry":{"type":"Polygon","coordinates":[[[126.68383,37.18],[126.70113,37.18],[126.70113,37.1973],[126.68383,37.1973],[126.68383,37.18]]]},"properties":{"row":0,"col":6,"walk_min":332.0,"nearest_station_id":"kr_263","nearest_station_name":"Ansan","nearest_station_name_ko":"안산","a":120,"c":120,"e":120,"g":120,"i":120,"k":120,"m":120,"o":120,"b":120,"d":120,"f":120,"h":120,"j":120,"l":120,"n":120,"p":120}},{"type":"Feature","geometry":{"type":"Polygon","coordinates":[[[126.5627,37.67318],[126.58,37.67318],[126.58,37.68183],[126.5627,37.68183],[126.5627,37.67318]]]},"properties":{"row":28,"col":-1,"walk_min":330.1,"nearest_station_id":"kr_424","nearest_station_name":"Daehwa","nearest_station_name_ko":"대화","a":120,"c":120,"e":120,"g":120,"i":120,"k":120,"m":120,"o":120,"b":120,"d":120,"f":120,"h":120,"j":120,"l":120,"n":120,"p":120}},{"type":"Feature","geometry":{"type":"Polygon","coordinates":[[[126.70978,37.17135],[126.71844,37.17135],[126.71844,37.18],[126.70978,37.18],[126.70978,37.17135]]]},"properties":{"row":-1,"col":7,"walk_min":326.6,"nearest_station_id":"kr_230","nearest_station_name":"Choji","nearest_station_name_ko":"초지","a":120,"c":120,"e":120,"g":120,"i":120,"k":120,"m":120,"o":120,"b":120,"d":120,"f":120,"h":120,"j":120,"l":120,"n":120,"p":120}},{"type":"Feature","geometry":{"type":"Polygon","coordinates":[[[127.25488,37.18],[127.27218,37.18],[127.27218,37.18865],[127.25488,37.18865],[127.25488,37.18]]]},"properties":{"row":0,"col":39,"walk_min":335.4,"nearest_station_id":"kr_416","nearest_station_name":"Osan College","nearest_station_name_ko":"오산대","a":120,"c":120,"e":120,"g":120,"i":120,"k":120,"m":120,"o":120,"b":120,"d":120,"f":120,"h":120,"j":120,"l":120,"n":120,"p":120}},{"type":"Feature","geometry":{"type":"Polygon","coordinates":[[[126.61461,37.71644],[126.63191,37.71644],[126.63191,37.73374],[126.61461,37.73374],[126.61461,37.71644]]]},"properties":{"row":31,"col":2,"walk_min":338.6,"nearest_station_id":"kr_424","nearest_station_name":"Daehwa","nearest_station_name_ko":"대화","a":120,"c":120,"e":120,"g":120,"i":120,"k":120,"m":120,"o":120,"b":120,"d":120,"f":120,"h":120,"j":120,"l":120,"n":120,"p":120}},{"type":"Feature","geometry":{"type":"Polygon","coordinates":[[[126.68383,37.23191],[126.70113,37.23191],[126.70113,37.24922],[126.68383,37.24922],[126.68383,37.23191]]]},"properties":{"row":3,"col":6,"walk_min":340.1,"nearest_station_id":"kr_427","nearest_station_name":"Singiloncheon","nearest_station_name_ko":"신길온천","a":120,"c":120,"e":120,"g":120,"i":120,"k":120,"m":120,"o":120,"b":120,"d":120,"f":120,"h":120,"j":120,"l":120,"n":120,"p":120}},{"type":"Feature","geometry":{"type":"Polygon","coordinates":[[[126.73574,37.24922],[126.75305,37.24922],[126.75305,37.26652],[126.73574,37.26652],[126.73574,37.24922]]]},"properties":{"row":4,"col":9,"walk_min":338.6,"nearest_station_id":"kr_263","nearest_station_name":"Ansan","nearest_station_name_ko":"안산","a":120,"c":120,"e":120,"g":120,"i":120,"k":120,"m":120,"o":120,"b":120,"d":120,"f":120,"h":120,"j":120,"l":120,"n":120,"p":120}},{"type":"Feature","geometry":{"type":"Polygon","coordinates":[[[126.58,37.69914],[126.5973,37.69914],[126.5973,37.71644],[126.58,37.71644],[126.58,37.69914]]]},"properties":{"row":30,"col":0,"walk_min":344.4,"nearest_station_id":"kr_424","nearest_station_name":"Daehwa","nearest_station_name_ko":"대화","a":120,"c":120,"e":120,"g":120,"i":120,"k":120,"m":120,"o":120,"b":120,"d":120,"f":120,"h":120,"j":120,"l":120,"n":120,"p":120}},{"type":"Feature","geometry":{"type":"Polygon","coordinates":[[[126.66652,37.73374],[126.67517,37.73374],[126.67517,37.75105],[126.66652,37.75105],[126.66652,37.73374]]]},"properties":{"row":32,"col":5,"walk_min":341.5,"nearest_station_id":"kr_424","nearest_station_name":"Daehwa","nearest_station_name_ko":"대화","a":120,"c":120,"e":120,"g":120,"i":120,"k":120,"m":120,"o":120,"b":120,"d":120,"f":120,"h":120,"j":120,"l":120,"n":120,"p":120}},{"type":"Feature","geometry":{"type":"Polygon","coordinates":[[[126.75305,37.24922],[126.7617,37.24922],[126.7617,37.26652],[126.75305,37.26652],[126.75305,37.24922]]]},"properties":{"row":4,"col":10,"walk_min":349.9,"nearest_station_id":"kr_263","nearest_station_name":"Ansan","nearest_station_name_ko":"안산","a":120,"c":120,"e":120,"g":120,"i":120,"k":120,"m":120,"o":120,"b":120,"d":120,"f":120,"h":120,"j":120,"l":120,"n":120,"p":120}},{"type":"Feature","geometry":{"type":"Polygon","coordinates":[[[126.5627,37.68183],[126.57135,37.68183],[126.57135,37.69048],[126.5627,37.69048],[126.5627,37.68183]]]},"properties":{"row":29,"col":-1,"walk_min":341.7,"nearest_station_id":"kr_424","nearest_station_name":"Daehwa","nearest_station_name_ko":"대화","a":120,"c":120,"e":120,"g":120,"i":120,"k":120,"m":120,"o":120,"b":120,"d":120,"f":120,"h":120,"j":120,"l":120,"n":120,"p":120}},{"type":"Feature","geometry":{"type":"Polygon","coordinates":[[[126.64922,37.73374],[126.66652,37.73374],[126.66652,37.75105],[126.64922,37.75105],[126.64922,37.73374]]]},"properties":{"row":32,"col":4,"walk_min":347.6,"nearest_station_id":"kr_424","nearest_station_name":"Daehwa","nearest_station_name_ko":"대화","a":120,"c":120,"e":120,"g":120,"i":120,"k":120,"m":120,"o":120,"b":120,"d":120,"f":120,"h":120,"j":120,"l":120,"n":120,"p":120}},{"type":"Feature","geometry":{"type":"Polygon","coordinates":[[[126.71844,37.24922],[126.73574,37.24922],[126.73574,37.25787],[126.71844,37.25787],[126.71844,37.24922]]]},"properties":{"row":4,"col":8,"walk_min":343.9,"nearest_station_id":"kr_263","nearest_station_name":"Ansan","nearest_station_name_ko":"안산","a":120,"c":120,"e":120,"g":120,"i":120,"k":120,"m":120,"o":120,"b":120,"d":120,"f":120,"h":120,"j":120,"l":120,"n":120,"p":120}},{"type":"Feature","geometry":{"type":"Polygon","coordinates":[[[126.70113,37.24922],[126.71844,37.24922],[126.71844,37.26652],[126.70113,37.26652],[126.70113,37.24922]]]},"properties":{"row":4,"col":7,"walk_min":351.5,"nearest_station_id":"kr_427","nearest_station_name":"Singiloncheon","nearest_station_name_ko":"신길온천","a":120,"c":120,"e":120,"g":120,"i":120,"k":120,"m":120,"o":120,"b":120,"d":120,"f":120,"h":120,"j":120,"l":120,"n":120,"p":120}},{"type":"Feature","geometry":{"type":"Polygon","coordinates":[[[126.63191,37.73374],[126.64922,37.73374],[126.64922,37.75105],[126.63191,37.75105],[126.63191,37.73374]]]},"properties":{"row":32,"col":3,"walk_min":353.0,"nearest_station_id":"kr_424","nearest_station_name":"Daehwa","nearest_station_name_ko":"대화","a":120,"c":120,"e":120,"g":120,"i":120,"k":120,"m":120,"o":120,"b":120,"d":120,"f":120,"h":120,"j":120,"l":120,"n":120,"p":120}},{"type":"Feature","geometry":{"type":"Polygon","coordinates":[[[126.55404,37.68183],[126.5627,37.68183],[126.5627,37.69048],[126.55404,37.69048],[126.55404,37.68183]]]},"properties":{"row":29,"col":-2,"walk_min":344.9,"nearest_station_id":"kr_424","nearest_station_name":"Daehwa","nearest_station_name_ko":"대화","a":120,"c":120,"e":120,"g":120,"i":120,"k":120,"m":120,"o":120,"b":120,"d":120,"f":120,"h":120,"j":120,"l":120,"n":120,"p":120}},{"type":"Feature","geometry":{"type":"Polygon","coordinates":[[[126.66652,37.21461],[126.68383,37.21461],[126.68383,37.23191],[126.66652,37.23191],[126.66652,37.21461]]]},"properties":{"row":2,"col":5,"walk_min":354.7,"nearest_station_id":"kr_427","nearest_station_name":"Singiloncheon","nearest_station_name_ko":"신길온천","a":120,"c":120,"e":120,"g":120,"i":120,"k":120,"m":120,"o":120,"b":120,"d":120,"f":120,"h":120,"j":120,"l":120,"n":120,"p":120}},{"type":"Feature","geometry":{"type":"Polygon","coordinates":[[[126.5973,37.71644],[126.61461,37.71644],[126.61461,37.73374],[126.5973,37.73374],[126.5973,37.71644]]]},"properties":{"row":31,"col":1,"walk_min":352.6,"nearest_station_id":"kr_424","nearest_station_name":"Daehwa","nearest_station_name_ko":"대화","a":120,"c":120,"e":120,"g":120,"i":120,"k":120,"m":120,"o":120,"b":120,"d":120,"f":120,"h":120,"j":120,"l":120,"n":120,"p":120}},{"type":"Feature","geometry":{"type":"Polygon","coordinates":[[[126.66652,37.23191],[126.68383,37.23191],[126.68383,37.24922],[126.66652,37.24922],[126.66652,37.23191]]]},"properties":{"row":3,"col":5,"walk_min":360.4,"nearest_station_id":"kr_427","nearest_station_name":"Singiloncheon","nearest_station_name_ko":"신길온천","a":120,"c":120,"e":120,"g":120,"i":120,"k":120,"m":120,"o":120,"b":120,"d":120,"f":120,"h":120,"j":120,"l":120,"n":120,"p":120}},{"type":"Feature","geometry":{"type":"Polygon","coordinates":[[[126.66652,37.1973],[126.68383,37.1973],[126.68383,37.21461],[126.66652,37.21461],[126.66652,37.1973]]]},"properties":{"row":1,"col":5,"walk_min":363.5,"nearest_station_id":"kr_427","nearest_station_name":"Singiloncheon","nearest_station_name_ko":"신길온천","a":120,"c":120,"e":120,"g":120,"i":120,"k":120,"m":120,"o":120,"b":120,"d":120,"f":120,"h":120,"j":120,"l":120,"n":120,"p":120}},{"type":"Feature","geometry":{"type":"Polygon","coordinates":[[[126.61461,37.73374],[126.63191,37.73374],[126.63191,37.75105],[126.61461,37.75105],[126.61461,37.73374]]]},"properties":{"row":32,"col":2,"walk_min":358.8,"nearest_station_id":"kr_424","nearest_station_name":"Daehwa","nearest_station_name_ko":"대화","a":120,"c":120,"e":120,"g":120,"i":120,"k":120,"m":120,"o":120,"b":120,"d":120,"f":120,"h":120,"j":120,"l":120,"n":120,"p":120}},{"type":"Feature","geometry":{"type":"Polygon","coordinates":[[[126.68383,37.24922],[126.70113,37.24922],[126.70113,37.26652],[126.68383,37.26652],[126.68383,37.24922]]]},"properties":{"row":4,"col":6,"walk_min":356.4,"nearest_station_id":"kr_427","nearest_station_name":"Singiloncheon","nearest_station_name_ko":"신길온천","a":120,"c":120,"e":120,"g":120,"i":120,"k":120,"m":120,"o":120,"b":120,"d":120,"f":120,"h":120,"j":120,"l":120,"n":120,"p":120}},{"type":"Feature","geometry":{"type":"Polygon","coordinates":[[[127.26353,37.17135],[127.27218,37.17135],[127.27218,37.18],[127.26353,37.18],[127.26353,37.17135]]]},"properties":{"row":-1,"col":39,"walk_min":350.7,"nearest_station_id":"kr_053","nearest_station_name":"Osan","nearest_station_name_ko":"오산","a":120,"c":120,"e":120,"g":120,"i":120,"k":120,"m":120,"o":120,"b":120,"d":120,"f":120,"h":120,"j":120,"l":120,"n":120,"p":120}},{"type":"Feature","geometry":{"type":"Polygon","coordinates":[[[126.58,37.71644],[126.5973,37.71644],[126.5973,37.73374],[126.58,37.73374],[126.58,37.71644]]]},"properties":{"row":31,"col":0,"walk_min":364.6,"nearest_station_id":"kr_424","nearest_station_name":"Daehwa","nearest_station_name_ko":"대화","a":120,"c":120,"e":120,"g":120,"i":120,"k":120,"m":120,"o":120,"b":120,"d":120,"f":120,"h":120,"j":120,"l":120,"n":120,"p":120}},{"type":"Feature","geometry":{"type":"Polygon","coordinates":[[[127.27218,37.17135],[127.28948,37.17135],[127.28948,37.18],[127.27218,37.18],[127.27218,37.17135]]]},"properties":{"row":-1,"col":40,"walk_min":364.4,"nearest_station_id":"kr_267","nearest_station_name":"이천","nearest_station_name_ko":"이천","a":120,"c":120,"e":120,"g":120,"i":120,"k":120,"m":120,"o":120,"b":120,"d":120,"f":120,"h":120,"j":120,"l":120,"n":120,"p":120}},{"type":"Feature","geometry":{"type":"Polygon","coordinates":[[[126.73574,37.26652],[126.75305,37.26652],[126.75305,37.28383],[126.73574,37.28383],[126.73574,37.26652]]]},"properties":{"row":5,"col":9,"walk_min":371.4,"nearest_station_id":"kr_263","nearest_station_name":"Ansan","nearest_station_name_ko":"안산","a":120,"c":120,"e":120,"g":120,"i":120,"k":120,"m":120,"o":120,"b":120,"d":120,"f":120,"h":120,"j":120,"l":120,"n":120,"p":120}},{"type":"Feature","geometry":{"type":"Polygon","coordinates":[[[126.64922,37.75105],[126.66652,37.75105],[126.66652,37.76835],[126.64922,37.76835],[126.64922,37.75105]]]},"properties":{"row":33,"col":4,"walk_min":367.5,"nearest_station_id":"kr_424","nearest_station_name":"Daehwa","nearest_station_name_ko":"대화","a":120,"c":120,"e":120,"g":120,"i":120,"k":120,"m":120,"o":120,"b":120,"d":120,"f":120,"h":120,"j":120,"l":120,"n":120,"p":120}},{"type":"Feature","geometry":{"type":"Polygon","coordinates":[[[126.67517,37.24922],[126.68383,37.24922],[126.68383,37.26652],[126.67517,37.26652],[126.67517,37.24922]]]},"properties":{"row":4,"col":5,"walk_min":370.5,"nearest_station_id":"kr_427","nearest_station_name":"Singiloncheon","nearest_station_name_ko":"신길온천","a":120,"c":120,"e":120,"g":120,"i":120,"k":120,"m":120,"o":120,"b":120,"d":120,"f":120,"h":120,"j":120,"l":120,"n":120,"p":120}},{"type":"Feature","geometry":{"type":"Polygon","coordinates":[[[126.64922,37.23191],[126.66652,37.23191],[126.66652,37.24922],[126.64922,37.24922],[126.64922,37.23191]]]},"properties":{"row":3,"col":4,"walk_min":376.6,"nearest_station_id":"kr_351","nearest_station_name":"Jeongwang","nearest_station_name_ko":"정왕","a":120,"c":120,"e":120,"g":120,"i":120,"k":120,"m":120,"o":120,"b":120,"d":120,"f":120,"h":120,"j":120,"l":120,"n":120,"p":120}},{"type":"Feature","geometry":{"type":"Polygon","coordinates":[[[126.63191,37.75105],[126.64922,37.75105],[126.64922,37.76835],[126.63191,37.76835],[126.63191,37.75105]]]},"properties":{"row":33,"col":3,"walk_min":379.7,"nearest_station_id":"kr_424","nearest_station_name":"Daehwa","nearest_station_name_ko":"대화","a":120,"c":120,"e":120,"g":120,"i":120,"k":120,"m":120,"o":120,"b":120,"d":120,"f":120,"h":120,"j":120,"l":120,"n":120,"p":120}},{"type":"Feature","geometry":{"type":"Polygon","coordinates":[[[126.5973,37.73374],[126.61461,37.73374],[126.61461,37.75105],[126.5973,37.75105],[126.5973,37.73374]]]},"properties":{"row":32,"col":1,"walk_min":380.9,"nearest_station_id":"kr_424","nearest_station_name":"Daehwa","nearest_station_name_ko":"대화","a":120,"c":120,"e":120,"g":120,"i":120,"k":120,"m":120,"o":120,"b":120,"d":120,"f":120,"h":120,"j":120,"l":120,"n":120,"p":120}},{"type":"Feature","geometry":{"type":"Polygon","coordinates":[[[126.61461,37.75105],[126.63191,37.75105],[126.63191,37.76835],[126.61461,37.76835],[126.61461,37.75105]]]},"properties":{"row":33,"col":2,"walk_min":381.5,"nearest_station_id":"kr_424","nearest_station_name":"Daehwa","nearest_station_name_ko":"대화","a":120,"c":120,"e":120,"g":120,"i":120,"k":120,"m":120,"o":120,"b":120,"d":120,"f":120,"h":120,"j":120,"l":120,"n":120,"p":120}},{"type":"Feature","geometry":{"type":"Polygon","coordinates":[[[126.66652,37.26652],[126.68383,37.26652],[126.68383,37.28383],[126.66652,37.28383],[126.66652,37.26652]]]},"properties":{"row":5,"col":5,"walk_min":398.1,"nearest_station_id":"kr_351","nearest_station_name":"Jeongwang","nearest_station_name_ko":"정왕","a":120,"c":120,"e":120,"g":120,"i":120,"k":120,"m":120,"o":120,"b":120,"d":120,"f":120,"h":120,"j":120,"l":120,"n":120,"p":120}},{"type":"Feature","geometry":{"type":"Polygon","coordinates":[[[126.5627,37.70779],[126.58,37.70779],[126.58,37.71644],[126.5627,37.71644],[126.5627,37.70779]]]},"properties":{"row":30,"col":-1,"walk_min":383.1,"nearest_station_id":"kr_424","nearest_station_name":"Daehwa","nearest_station_name_ko":"대화","a":120,"c":120,"e":120,"g":120,"i":120,"k":120,"m":120,"o":120,"b":120,"d":120,"f":120,"h":120,"j":120,"l":120,"n":120,"p":120}},{"type":"Feature","geometry":{"type":"Polygon","coordinates":[[[126.64922,37.26652],[126.66652,37.26652],[126.66652,37.28383],[126.64922,37.28383],[126.64922,37.26652]]]},"properties":{"row":5,"col":4,"walk_min":418.2,"nearest_station_id":"kr_351","nearest_station_name":"Jeongwang","nearest_station_name_ko":"정왕","a":120,"c":120,"e":120,"g":120,"i":120,"k":120,"m":120,"o":120,"b":120,"d":120,"f":120,"h":120,"j":120,"l":120,"n":120,"p":120}},{"type":"Feature","geometry":{"type":"Polygon","coordinates":[[[126.64922,37.1973],[126.66652,37.1973],[126.66652,37.21461],[126.64922,37.21461],[126.64922,37.1973]]]},"properties":{"row":1,"col":4,"walk_min":397.2,"nearest_station_id":"kr_427","nearest_station_name":"Singiloncheon","nearest_station_name_ko":"신길온천","a":120,"c":120,"e":120,"g":120,"i":120,"k":120,"m":120,"o":120,"b":120,"d":120,"f":120,"h":120,"j":120,"l":120,"n":120,"p":120}},{"type":"Feature","geometry":{"type":"Polygon","coordinates":[[[127.28083,37.18],[127.28948,37.18],[127.28948,37.18865],[127.28083,37.18865],[127.28083,37.18]]]},"properties":{"row":0,"col":40,"walk_min":379.9,"nearest_station_id":"kr_267","nearest_station_name":"이천","nearest_station_name_ko":"이천","a":120,"c":120,"e":120,"g":120,"i":120,"k":120,"m":120,"o":120,"b":120,"d":120,"f":120,"h":120,"j":120,"l":120,"n":120,"p":120}},{"type":"Feature","geometry":{"type":"Polygon","coordinates":[[[126.58,37.73374],[126.5973,37.73374],[126.5973,37.75105],[126.58,37.75105],[126.58,37.73374]]]},"properties":{"row":32,"col":0,"walk_min":389.3,"nearest_station_id":"kr_424","nearest_station_name":"Daehwa","nearest_station_name_ko":"대화","a":120,"c":120,"e":120,"g":120,"i":120,"k":120,"m":120,"o":120,"b":120,"d":120,"f":120,"h":120,"j":120,"l":120,"n":120,"p":120}},{"type":"Feature","geometry":{"type":"Polygon","coordinates":[[[127.28948,37.18],[127.30679,37.18],[127.30679,37.18865],[127.28948,37.18865],[127.28948,37.18]]]},"properties":{"row":0,"col":41,"walk_min":395.2,"nearest_station_id":"kr_267","nearest_station_name":"이천","nearest_station_name_ko":"이천","a":120,"c":120,"e":120,"g":120,"i":120,"k":120,"m":120,"o":120,"b":120,"d":120,"f":120,"h":120,"j":120,"l":120,"n":120,"p":120}},{"type":"Feature","geometry":{"type":"Polygon","coordinates":[[[126.64922,37.76835],[126.65787,37.76835],[126.65787,37.77701],[126.64922,37.77701],[126.64922,37.76835]]]},"properties":{"row":34,"col":4,"walk_min":389.2,"nearest_station_id":"kr_424","nearest_station_name":"Daehwa","nearest_station_name_ko":"대화","a":120,"c":120,"e":120,"g":120,"i":120,"k":120,"m":120,"o":120,"b":120,"d":120,"f":120,"h":120,"j":120,"l":120,"n":120,"p":120}},{"type":"Feature","geometry":{"type":"Polygon","coordinates":[[[126.64922,37.21461],[126.66652,37.21461],[126.66652,37.23191],[126.64922,37.23191],[126.64922,37.21461]]]},"properties":{"row":2,"col":4,"walk_min":405.4,"nearest_station_id":"kr_427","nearest_station_name":"Singiloncheon","nearest_station_name_ko":"신길온천","a":120,"c":120,"e":120,"g":120,"i":120,"k":120,"m":120,"o":120,"b":120,"d":120,"f":120,"h":120,"j":120,"l":120,"n":120,"p":120}},{"type":"Feature","geometry":{"type":"Polygon","coordinates":[[[127.28948,37.17135],[127.30679,37.17135],[127.30679,37.18],[127.28948,37.18],[127.28948,37.17135]]]},"properties":{"row":-1,"col":41,"walk_min":396.1,"nearest_station_id":"kr_267","nearest_station_name":"이천","nearest_station_name_ko":"이천","a":120,"c":120,"e":120,"g":120,"i":120,"k":120,"m":120,"o":120,"b":120,"d":120,"f":120,"h":120,"j":120,"l":120,"n":120,"p":120}},{"type":"Feature","geometry":{"type":"Polygon","coordinates":[[[126.5627,37.71644],[126.58,37.71644],[126.58,37.73374],[126.5627,37.73374],[126.5627,37.71644]]]},"properties":{"row":31,"col":-1,"walk_min":400.3,"nearest_station_id":"kr_424","nearest_station_name":"Daehwa","nearest_station_name_ko":"대화","a":120,"c":120,"e":120,"g":120,"i":120,"k":120,"m":120,"o":120,"b":120,"d":120,"f":120,"h":120,"j":120,"l":120,"n":120,"p":120}},{"type":"Feature","geometry":{"type":"Polygon","coordinates":[[[126.64922,37.24922],[126.65787,37.24922],[126.65787,37.26652],[126.64922,37.26652],[126.64922,37.24922]]]},"properties":{"row":4,"col":4,"walk_min":407.6,"nearest_station_id":"kr_351","nearest_station_name":"Jeongwang","nearest_station_name_ko":"정왕","a":120,"c":120,"e":120,"g":120,"i":120,"k":120,"m":120,"o":120,"b":120,"d":120,"f":120,"h":120,"j":120,"l":120,"n":120,"p":120}},{"type":"Feature","geometry":{"type":"Polygon","coordinates":[[[126.63191,37.76835],[126.64922,37.76835],[126.64922,37.77701],[126.63191,37.77701],[126.63191,37.76835]]]},"properties":{"row":34,"col":3,"walk_min":396.1,"nearest_station_id":"kr_424","nearest_station_name":"Daehwa","nearest_station_name_ko":"대화","a":120,"c":120,"e":120,"g":120,"i":120,"k":120,"m":120,"o":120,"b":120,"d":120,"f":120,"h":120,"j":120,"l":120,"n":120,"p":120}},{"type":"Feature","geometry":{"type":"Polygon","coordinates":[[[126.72709,37.26652],[126.73574,37.26652],[126.73574,37.28383],[126.72709,37.28383],[126.72709,37.26652]]]},"properties":{"row":5,"col":8,"walk_min":397.1,"nearest_station_id":"kr_427","nearest_station_name":"Singiloncheon","nearest_station_name_ko":"신길온천","a":120,"c":120,"e":120,"g":120,"i":120,"k":120,"m":120,"o":120,"b":120,"d":120,"f":120,"h":120,"j":120,"l":120,"n":120,"p":120}},{"type":"Feature","geometry":{"type":"Polygon","coordinates":[[[126.63191,37.23191],[126.64922,37.23191],[126.64922,37.24922],[126.63191,37.24922],[126.63191,37.23191]]]},"properties":{"row":3,"col":3,"walk_min":436.5,"nearest_station_id":"kr_351","nearest_station_name":"Jeongwang","nearest_station_name_ko":"정왕","a":120,"c":120,"e":120,"g":120,"i":120,"k":120,"m":120,"o":120,"b":120,"d":120,"f":120,"h":120,"j":120,"l":120,"n":120,"p":120}},{"type":"Feature","geometry":{"type":"Polygon","coordinates":[[[126.66652,37.18],[126.68383,37.18],[126.68383,37.1973],[126.66652,37.1973],[126.66652,37.18]]]},"properties":{"row":0,"col":5,"walk_min":408.9,"nearest_station_id":"kr_263","nearest_station_name":"Ansan","nearest_station_name_ko":"안산","a":120,"c":120,"e":120,"g":120,"i":120,"k":120,"m":120,"o":120,"b":120,"d":120,"f":120,"h":120,"j":120,"l":120,"n":120,"p":120}},{"type":"Feature","geometry":{"type":"Polygon","coordinates":[[[126.63191,37.24922],[126.64922,37.24922],[126.64922,37.26652],[126.63191,37.26652],[126.63191,37.24922]]]},"properties":{"row":4,"col":3,"walk_min":433.5,"nearest_station_id":"kr_351","nearest_station_name":"Jeongwang","nearest_station_name_ko":"정왕","a":120,"c":120,"e":120,"g":120,"i":120,"k":120,"m":120,"o":120,"b":120,"d":120,"f":120,"h":120,"j":120,"l":120,"n":120,"p":120}},{"type":"Feature","geometry":{"type":"Polygon","coordinates":[[[126.64922,37.18],[126.66652,37.18],[126.66652,37.1973],[126.64922,37.1973],[126.64922,37.18]]]},"properties":{"row":0,"col":4,"walk_min":412.6,"nearest_station_id":"kr_427","nearest_station_name":"Singiloncheon","nearest_station_name_ko":"신길온천","a":120,"c":120,"e":120,"g":120,"i":120,"k":120,"m":120,"o":120,"b":120,"d":120,"f":120,"h":120,"j":120,"l":120,"n":120,"p":120}},{"type":"Feature","geometry":{"type":"Polygon","coordinates":[[[126.5627,37.73374],[126.58,37.73374],[126.58,37.7424],[126.5627,37.7424],[126.5627,37.73374]]]},"properties":{"row":32,"col":-1,"walk_min":409.3,"nearest_station_id":"kr_424","nearest_station_name":"Daehwa","nearest_station_name_ko":"대화","a":120,"c":120,"e":120,"g":120,"i":120,"k":120,"m":120,"o":120,"b":120,"d":120,"f":120,"h":120,"j":120,"l":120,"n":120,"p":120}},{"type":"Feature","geometry":{"type":"Polygon","coordinates":[[[126.62326,37.76835],[126.63191,37.76835],[126.63191,37.77701],[126.62326,37.77701],[126.62326,37.76835]]]},"properties":{"row":34,"col":2,"walk_min":408.3,"nearest_station_id":"kr_424","nearest_station_name":"Daehwa","nearest_station_name_ko":"대화","a":120,"c":120,"e":120,"g":120,"i":120,"k":120,"m":120,"o":120,"b":120,"d":120,"f":120,"h":120,"j":120,"l":120,"n":120,"p":120}},{"type":"Feature","geometry":{"type":"Polygon","coordinates":[[[126.58,37.75105],[126.5973,37.75105],[126.5973,37.7597],[126.58,37.7597],[126.58,37.75105]]]},"properties":{"row":33,"col":0,"walk_min":410.9,"nearest_station_id":"kr_424","nearest_station_name":"Daehwa","nearest_station_name_ko":"대화","a":120,"c":120,"e":120,"g":120,"i":120,"k":120,"m":120,"o":120,"b":120,"d":120,"f":120,"h":120,"j":120,"l":120,"n":120,"p":120}},{"type":"Feature","geometry":{"type":"Polygon","coordinates":[[[126.64922,37.28383],[126.66652,37.28383],[126.66652,37.30113],[126.64922,37.30113],[126.64922,37.28383]]]},"properties":{"row":6,"col":4,"walk_min":436.8,"nearest_station_id":"kr_351","nearest_station_name":"Jeongwang","nearest_station_name_ko":"정왕","a":120,"c":120,"e":120,"g":120,"i":120,"k":120,"m":120,"o":120,"b":120,"d":120,"f":120,"h":120,"j":120,"l":120,"n":120,"p":120}},{"type":"Feature","geometry":{"type":"Polygon","coordinates":[[[126.63191,37.18],[126.64922,37.18],[126.64922,37.1973],[126.63191,37.1973],[126.63191,37.18]]]},"properties":{"row":0,"col":3,"walk_min":429.2,"nearest_station_id":"kr_427","nearest_station_name":"Singiloncheon","nearest_station_name_ko":"신길온천","a":120,"c":120,"e":120,"g":120,"i":120,"k":120,"m":120,"o":120,"b":120,"d":120,"f":120,"h":120,"j":120,"l":120,"n":120,"p":120}},{"type":"Feature","geometry":{"type":"Polygon","coordinates":[[[126.55404,37.73374],[126.5627,37.73374],[126.5627,37.7424],[126.55404,37.7424],[126.55404,37.73374]]]},"properties":{"row":32,"col":-2,"walk_min":424.9,"nearest_station_id":"kr_424","nearest_station_name":"Daehwa","nearest_station_name_ko":"대화","a":120,"c":120,"e":120,"g":120,"i":120,"k":120,"m":120,"o":120,"b":120,"d":120,"f":120,"h":120,"j":120,"l":120,"n":120,"p":120}},{"type":"Feature","geometry":{"type":"Polygon","coordinates":[[[126.64057,37.1973],[126.64922,37.1973],[126.64922,37.21461],[126.64057,37.21461],[126.64057,37.1973]]]},"properties":{"row":1,"col":3,"walk_min":433.6,"nearest_station_id":"kr_427","nearest_station_name":"Singiloncheon","nearest_station_name_ko":"신길온천","a":120,"c":120,"e":120,"g":120,"i":120,"k":120,"m":120,"o":120,"b":120,"d":120,"f":120,"h":120,"j":120,"l":120,"n":120,"p":120}},{"type":"Feature","geometry":{"type":"Polygon","coordinates":[[[126.63191,37.26652],[126.64922,37.26652],[126.64922,37.28383],[126.63191,37.28383],[126.63191,37.26652]]]},"properties":{"row":5,"col":3,"walk_min":474.5,"nearest_station_id":"kr_351","nearest_station_name":"Jeongwang","nearest_station_name_ko":"정왕","a":120,"c":120,"e":120,"g":120,"i":120,"k":120,"m":120,"o":120,"b":120,"d":120,"f":120,"h":120,"j":120,"l":120,"n":120,"p":120}},{"type":"Feature","geometry":{"type":"Polygon","coordinates":[[[126.62326,37.18],[126.63191,37.18],[126.63191,37.18865],[126.62326,37.18865],[126.62326,37.18]]]},"properties":{"row":0,"col":2,"walk_min":440.3,"nearest_station_id":"kr_427","nearest_station_name":"Singiloncheon","nearest_station_name_ko":"신길온천","a":120,"c":120,"e":120,"g":120,"i":120,"k":120,"m":120,"o":120,"b":120,"d":120,"f":120,"h":120,"j":120,"l":120,"n":120,"p":120}},{"type":"Feature","geometry":{"type":"Polygon","coordinates":[[[126.63191,37.28383],[126.64922,37.28383],[126.64922,37.30113],[126.63191,37.30113],[126.63191,37.28383]]]},"properties":{"row":6,"col":3,"walk_min":454.5,"nearest_station_id":"kr_351","nearest_station_name":"Jeongwang","nearest_station_name_ko":"정왕","a":120,"c":120,"e":120,"g":120,"i":120,"k":120,"m":120,"o":120,"b":120,"d":120,"f":120,"h":120,"j":120,"l":120,"n":120,"p":120}},{"type":"Feature","geometry":{"type":"Polygon","coordinates":[[[126.63191,37.21461],[126.64922,37.21461],[126.64922,37.23191],[126.63191,37.23191],[126.63191,37.21461]]]},"properties":{"row":2,"col":3,"walk_min":461.7,"nearest_station_id":"kr_351","nearest_station_name":"Jeongwang","nearest_station_name_ko":"정왕","a":120,"c":120,"e":120,"g":120,"i":120,"k":120,"m":120,"o":120,"b":120,"d":120,"f":120,"h":120,"j":120,"l":120,"n":120,"p":120}},{"type":"Feature","geometry":{"type":"Polygon","coordinates":[[[126.61461,37.24922],[126.63191,37.24922],[126.63191,37.26652],[126.61461,37.26652],[126.61461,37.24922]]]},"properties":{"row":4,"col":2,"walk_min":470.4,"nearest_station_id":"kr_351","nearest_station_name":"Jeongwang","nearest_station_name_ko":"정왕","a":120,"c":120,"e":120,"g":120,"i":120,"k":120,"m":120,"o":120,"b":120,"d":120,"f":120,"h":120,"j":120,"l":120,"n":120,"p":120}},{"type":"Feature","geometry":{"type":"Polygon","coordinates":[[[126.61461,37.23191],[126.63191,37.23191],[126.63191,37.24922],[126.61461,37.24922],[126.61461,37.23191]]]},"properties":{"row":3,"col":2,"walk_min":474.0,"nearest_station_id":"kr_351","nearest_station_name":"Jeongwang","nearest_station_name_ko":"정왕","a":120,"c":120,"e":120,"g":120,"i":120,"k":120,"m":120,"o":120,"b":120,"d":120,"f":120,"h":120,"j":120,"l":120,"n":120,"p":120}},{"type":"Feature","geometry":{"type":"Polygon","coordinates":[[[126.62326,37.28383],[126.63191,37.28383],[126.63191,37.29248],[126.62326,37.29248],[126.62326,37.28383]]]},"properties":{"row":6,"col":2,"walk_min":466.7,"nearest_station_id":"kr_351","nearest_station_name":"Jeongwang","nearest_station_name_ko":"정왕","a":120,"c":120,"e":120,"g":120,"i":120,"k":120,"m":120,"o":120,"b":120,"d":120,"f":120,"h":120,"j":120,"l":120,"n":120,"p":120}},{"type":"Feature","geometry":{"type":"Polygon","coordinates":[[[126.61461,37.21461],[126.63191,37.21461],[126.63191,37.23191],[126.61461,37.23191],[126.61461,37.21461]]]},"properties":{"row":2,"col":2,"walk_min":478.6,"nearest_station_id":"kr_351","nearest_station_name":"Jeongwang","nearest_station_name_ko":"정왕","a":120,"c":120,"e":120,"g":120,"i":120,"k":120,"m":120,"o":120,"b":120,"d":120,"f":120,"h":120,"j":120,"l":120,"n":120,"p":120}},{"type":"Feature","geometry":{"type":"Polygon","coordinates":[[[126.62326,37.27517],[126.63191,37.27517],[126.63191,37.28383],[126.62326,37.28383],[126.62326,37.27517]]]},"properties":{"row":5,"col":2,"walk_min":474.2,"nearest_station_id":"kr_351","nearest_station_name":"Jeongwang","nearest_station_name_ko":"정왕","a":120,"c":120,"e":120,"g":120,"i":120,"k":120,"m":120,"o":120,"b":120,"d":120,"f":120,"h":120,"j":120,"l":120,"n":120,"p":120}},{"type":"Feature","geometry":{"type":"Polygon","coordinates":[[[126.60596,37.26652],[126.61461,37.26652],[126.61461,37.28383],[126.60596,37.28383],[126.60596,37.26652]]]},"properties":{"row":5,"col":1,"walk_min":501.4,"nearest_station_id":"kr_351","nearest_station_name":"Jeongwang","nearest_station_name_ko":"정왕","a":120,"c":120,"e":120,"g":120,"i":120,"k":120,"m":120,"o":120,"b":120,"d":120,"f":120,"h":120,"j":120,"l":120,"n":120,"p":120}},{"type":"Feature","geometry":{"type":"Polygon","coordinates":[[[126.5973,37.24922],[126.61461,37.24922],[126.61461,37.26652],[126.5973,37.26652],[126.5973,37.24922]]]},"properties":{"row":4,"col":1,"walk_min":488.6,"nearest_station_id":"kr_351","nearest_station_name":"Jeongwang","nearest_station_name_ko":"정왕","a":120,"c":120,"e":120,"g":120,"i":120,"k":120,"m":120,"o":120,"b":120,"d":120,"f":120,"h":120,"j":120,"l":120,"n":120,"p":120}},{"type":"Feature","geometry":{"type":"Polygon","coordinates":[[[126.5973,37.23191],[126.61461,37.23191],[126.61461,37.24922],[126.5973,37.24922],[126.5973,37.23191]]]},"properties":{"row":3,"col":1,"walk_min":497.4,"nearest_station_id":"kr_351","nearest_station_name":"Jeongwang","nearest_station_name_ko":"정왕","a":120,"c":120,"e":120,"g":120,"i":120,"k":120,"m":120,"o":120,"b":120,"d":120,"f":120,"h":120,"j":120,"l":120,"n":120,"p":120}},{"type":"Feature","geometry":{"type":"Polygon","coordinates":[[[126.58,37.24922],[126.5973,37.24922],[126.5973,37.26652],[126.58,37.26652],[126.58,37.24922]]]},"properties":{"row":4,"col":0,"walk_min":512.2,"nearest_station_id":"kr_351","nearest_station_name":"Jeongwang","nearest_station_name_ko":"정왕","a":120,"c":120,"e":120,"g":120,"i":120,"k":120,"m":120,"o":120,"b":120,"d":120,"f":120,"h":120,"j":120,"l":120,"n":120,"p":120}},{"type":"Feature","geometry":{"type":"Polygon","coordinates":[[[126.5973,37.21461],[126.61461,37.21461],[126.61461,37.23191],[126.5973,37.23191],[126.5973,37.21461]]]},"properties":{"row":2,"col":1,"walk_min":539.3,"nearest_station_id":"kr_351","nearest_station_name":"Jeongwang","nearest_station_name_ko":"정왕","a":120,"c":120,"e":120,"g":120,"i":120,"k":120,"m":120,"o":120,"b":120,"d":120,"f":120,"h":120,"j":120,"l":120,"n":120,"p":120}},{"type":"Feature","geometry":{"type":"Polygon","coordinates":[[[126.58,37.23191],[126.5973,37.23191],[126.5973,37.24922],[126.58,37.24922],[126.58,37.23191]]]},"properties":{"row":3,"col":0,"walk_min":517.7,"nearest_station_id":"kr_351","nearest_station_name":"Jeongwang","nearest_station_name_ko":"정왕","a":120,"c":120,"e":120,"g":120,"i":120,"k":120,"m":120,"o":120,"b":120,"d":120,"f":120,"h":120,"j":120,"l":120,"n":120,"p":120}},{"type":"Feature","geometry":{"type":"Polygon","coordinates":[[[126.58,37.26652],[126.58865,37.26652],[126.58865,37.28383],[126.58,37.28383],[126.58,37.26652]]]},"properties":{"row":5,"col":0,"walk_min":527.3,"nearest_station_id":"kr_351","nearest_station_name":"Jeongwang","nearest_station_name_ko":"정왕","a":120,"c":120,"e":120,"g":120,"i":120,"k":120,"m":120,"o":120,"b":120,"d":120,"f":120,"h":120,"j":120,"l":120,"n":120,"p":120}},{"type":"Feature","geometry":{"type":"Polygon","coordinates":[[[126.58,37.21461],[126.5973,37.21461],[126.5973,37.23191],[126.58,37.23191],[126.58,37.21461]]]},"properties":{"row":2,"col":0,"walk_min":548.2,"nearest_station_id":"kr_351","nearest_station_name":"Jeongwang","nearest_station_name_ko":"정왕","a":120,"c":120,"e":120,"g":120,"i":120,"k":120,"m":120,"o":120,"b":120,"d":120,"f":120,"h":120,"j":120,"l":120,"n":120,"p":120}},{"type":"Feature","geometry":{"type":"Polygon","coordinates":[[[126.57135,37.23191],[126.58,37.23191],[126.58,37.24057],[126.57135,37.24057],[126.57135,37.23191]]]},"properties":{"row":3,"col":-1,"walk_min":548.3,"nearest_station_id":"kr_351","nearest_station_name":"Jeongwang","nearest_station_name_ko":"정왕","a":120,"c":120,"e":120,"g":120,"i":120,"k":120,"m":120,"o":120,"b":120,"d":120,"f":120,"h":120,"j":120,"l":120,"n":120,"p":120}},{"type":"Feature","geometry":{"type":"Polygon","coordinates":[[[126.57135,37.25787],[126.58,37.25787],[126.58,37.26652],[126.57135,37.26652],[126.57135,37.25787]]]},"properties":{"row":4,"col":-1,"walk_min":557.4,"nearest_station_id":"kr_351","nearest_station_name":"Jeongwang","nearest_station_name_ko":"정왕","a":120,"c":120,"e":120,"g":120,"i":120,"k":120,"m":120,"o":120,"b":120,"d":120,"f":120,"h":120,"j":120,"l":120,"n":120,"p":120}},{"type":"Feature","geometry":{"type":"Polygon","coordinates":[[[126.57135,37.26652],[126.58,37.26652],[126.58,37.27517],[126.57135,37.27517],[126.57135,37.26652]]]},"properties":{"row":5,"col":-1,"walk_min":562.5,"nearest_station_id":"kr_351","nearest_station_name":"Jeongwang","nearest_station_name_ko":"정왕","a":120,"c":120,"e":120,"g":120,"i":120,"k":120,"m":120,"o":120,"b":120,"d":120,"f":120,"h":120,"j":120,"l":120,"n":120,"p":120}},{"type":"Feature","geometry":{"type":"Polygon","coordinates":[[[126.58865,37.20596],[126.5973,37.20596],[126.5973,37.21461],[126.58865,37.21461],[126.58865,37.20596]]]},"properties":{"row":1,"col":0,"walk_min":569.0,"nearest_station_id":"kr_351","nearest_station_name":"Jeongwang","nearest_station_name_ko":"정왕","a":120,"c":120,"e":120,"g":120,"i":120,"k":120,"m":120,"o":120,"b":120,"d":120,"f":120,"h":120,"j":120,"l":120,"n":120,"p":120}},{"type":"Feature","geometry":{"type":"Polygon","coordinates":[[[126.57135,37.21461],[126.58,37.21461],[126.58,37.22326],[126.57135,37.22326],[126.57135,37.21461]]]},"properties":{"row":2,"col":-1,"walk_min":568.8,"nearest_station_id":"kr_351","nearest_station_name":"Jeongwang","nearest_station_name_ko":"정왕","a":120,"c":120,"e":120,"g":120,"i":120,"k":120,"m":120,"o":120,"b":120,"d":120,"f":120,"h":120,"j":120,"l":120,"n":120,"p":120}},{"type":"Feature","geometry":{"type":"Polygon","coordinates":[[[126.5627,37.20596],[126.58,37.20596],[126.58,37.21461],[126.5627,37.21461],[126.5627,37.20596]]]},"properties":{"row":1,"col":-1,"walk_min":576.7,"nearest_station_id":"kr_351","nearest_station_name":"Jeongwang","nearest_station_name_ko":"정왕","a":120,"c":120,"e":120,"g":120,"i":120,"k":120,"m":120,"o":120,"b":120,"d":120,"f":120,"h":120,"j":120,"l":120,"n":120,"p":120}},{"type":"Feature","geometry":{"type":"Polygon","coordinates":[[[126.5973,37.20596],[126.61461,37.20596],[126.61461,37.21461],[126.5973,37.21461],[126.5973,37.20596]]]},"properties":{"row":1,"col":1,"walk_min":579.4,"nearest_station_id":"kr_351","nearest_station_name":"Jeongwang","nearest_station_name_ko":"정왕","a":120,"c":120,"e":120,"g":120,"i":120,"k":120,"m":120,"o":120,"b":120,"d":120,"f":120,"h":120,"j":120,"l":120,"n":120,"p":120}},{"type":"Feature","geometry":{"type":"Polygon","coordinates":[[[126.54539,37.1973],[126.5627,37.1973],[126.5627,37.21461],[126.54539,37.21461],[126.54539,37.1973]]]},"properties":{"row":1,"col":-2,"walk_min":600.4,"nearest_station_id":"kr_351","nearest_station_name":"Jeongwang","nearest_station_name_ko":"정왕","a":120,"c":120,"e":120,"g":120,"i":120,"k":120,"m":120,"o":120,"b":120,"d":120,"f":120,"h":120,"j":120,"l":120,"n":120,"p":120}},{"type":"Feature","geometry":{"type":"Polygon","coordinates":[[[126.53674,37.1973],[126.54539,37.1973],[126.54539,37.20596],[126.53674,37.20596],[126.53674,37.1973]]]},"properties":{"row":1,"col":-3,"walk_min":618.2,"nearest_station_id":"kr_351","nearest_station_name":"Jeongwang","nearest_station_name_ko":"정왕","a":120,"c":120,"e":120,"g":120,"i":120,"k":120,"m":120,"o":120,"b":120,"d":120,"f":120,"h":120,"j":120,"l":120,"n":120,"p":120}}]}