{"type":"FeatureCollection","features":[{"type":"Feature","geometry":{"type":"Point","coordinates":[126.901864,37.501864]},"properties":{"row":12,"col":12,"walk_min":1.8,"nearest_station_id":"kr_365","nearest_station_name":"신풍","nearest_station_name_ko":"신풍","a":44,"b":44,"c":47,"d":47,"e":32,"f":32,"g":49,"h":49,"i":37,"j":37,"k":45,"l":45,"m":56,"n":56,"o":49,"p":49}},{"type":"Feature","geometry":{"type":"Point","coordinates":[127.00569,37.501864]},"properties":{"row":12,"col":16,"walk_min":1.4,"nearest_station_id":"kr_002","nearest_station_name":"Express Bus Terminal","nearest_station_name_ko":"고속터미널","a":19,"b":19,"c":22,"d":22,"e":7,"f":7,"g":24,"h":24,"i":12,"j":12,"k":20,"l":20,"m":31,"n":31,"o":28,"p":28}},{"type":"Feature","geometry":{"type":"Point","coordinates":[126.97973400000001,37.501864]},"properties":{"row":12,"col":15,"walk_min":6.2,"nearest_station_id":"kr_003","nearest_station_name":"Dongjak","nearest_station_name_ko":"동작","a":20,"b":20,"c":22,"d":22,"e":16,"f":16,"g":33,"h":33,"i":12,"j":12,"k":29,"l":29,"m":40,"n":40,"o":28,"p":28}},{"type":"Feature","geometry":{"type":"Point","coordinates":[126.92782,37.501864]},"properties":{"row":12,"col":13,"walk_min":1.3,"nearest_station_id":"kr_299","nearest_station_name":"신대방삼거리","nearest_station_name_ko":"신대방삼거리","a":39,"b":39,"c":42,"d":42,"e":27,"f":27,"g":44,"h":44,"i":32,"j":32,"k":40,"l":40,"m":51,"n":51,"o":48,"p":48}},{"type":"Feature","geometry":{"type":"Point","coordinates":[126.97973400000001,37.553774]},"properties":{"row":14,"col":15,"walk_min":2.5,"nearest_station_id":"kr_033","nearest_station_name":"Hoehyeon (Namdaemun Market)","nearest_station_name_ko":"회현(남대문시장)","a":4,"b":4,"c":6,"d":6,"e":26,"f":26,"g":16,"h":16,"i":24,"j":24,"k":36,"l":36,"m":24,"n":24,"o":18,"p":18}},{"type":"Feature","geometry":{"type":"Point","coordinates":[127.031644,37.501864]},"properties":{"row":12,"col":17,"walk_min":1.8,"nearest_station_id":"kr_434","nearest_station_name":"Eonju","nearest_station_name_ko":"언주","a":26,"b":26,"c":28,"d":28,"e":6,"f":6,"g":26,"h":26,"i":17,"j":17,"k":15,"l":15,"m":27,"n":27,"o":35,"p":35}},{"type":"Feature","geometry":{"type":"Point","coordinates":[126.97973400000001,37.579733999999995]},"properties":{"row":15,"col":15,"walk_min":5.8,"nearest_station_id":"kr_022","nearest_station_name":"Anguk","nearest_station_name_ko":"안국","a":14,"b":14,"c":12,"d":12,"e":32,"f":32,"g":18,"h":18,"i":34,"j":34,"k":38,"l":38,"m":27,"n":27,"o":23,"p":23}},{"type":"Feature","geometry":{"type":"Point","coordinates":[126.901864,37.44995]},"properties":{"row":10,"col":12,"walk_min":10.4,"nearest_station_id":"kr_008","nearest_station_name":"Geumcheon-gu Office","nearest_station_name_ko":"금천구청","a":36,"b":36,"c":39,"d":39,"e":46,"f":46,"g":51,"h":51,"i":42,"j":42,"k":59,"l":59,"m":60,"n":60,"o":37,"p":37}},{"type":"Feature","geometry":{"type":"Point","coordinates":[127.00569,37.553774]},"properties":{"row":14,"col":16,"walk_min":1.2,"nearest_station_id":"kr_349","nearest_station_name":"Yaksu","nearest_station_name_ko":"약수","a":10,"b":10,"c":10,"d":10,"e":17,"f":17,"g":14,"h":14,"i":27,"j":27,"k":31,"l":31,"m":23,"n":23,"o":21,"p":21}},{"type":"Feature","geometry":{"type":"Point","coordinates":[126.92782,37.398034]},"properties":{"row":8,"col":13,"walk_min":16.4,"nearest_station_id":"kr_010","nearest_station_name":"Anyang","nearest_station_name_ko":"안양","a":55,"b":55,"c":57,"d":57,"e":64,"f":64,"g":69,"h":69,"i":55,"j":55,"k":78,"l":78,"m":78,"n":78,"o":55,"p":55}},{"type":"Feature","geometry":{"type":"Point","coordinates":[127.00569,37.579733999999995]},"properties":{"row":15,"col":16,"walk_min":0.8,"nearest_station_id":"kr_057","nearest_station_name":"Hyehwa","nearest_station_name_ko":"혜화","a":14,"b":14,"c":12,"d":12,"e":26,"f":26,"g":12,"h":12,"i":34,"j":34,"k":32,"l":32,"m":21,"n":21,"o":23,"p":23}},{"type":"Feature","geometry":{"type":"Point","coordinates":[127.083564,37.501864]},"properties":{"row":12,"col":19,"walk_min":2.2,"nearest_station_id":"kr_394","nearest_station_name":"삼전","nearest_station_name_ko":"삼전","a":37,"b":37,"c":39,"d":39,"e":15,"f":15,"g":30,"h":30,"i":26,"j":26,"k":10,"l":10,"m":21,"n":21,"o":45,"p":45}},{"type":"Feature","geometry":{"type":"Point","coordinates":[126.87590399999999,37.501864]},"properties":{"row":12,"col":11,"walk_min":2.5,"nearest_station_id":"kr_019","nearest_station_name":"Guro","nearest_station_name_ko":"구로","a":22,"b":22,"c":24,"d":24,"e":32,"f":32,"g":36,"h":36,"i":28,"j":28,"k":44,"l":44,"m":46,"n":46,"o":18,"p":18}},{"type":"Feature","geometry":{"type":"Point","coordinates":[127.10952000000002,37.501864]},"properties":{"row":12,"col":20,"walk_min":1.4,"nearest_station_id":"kr_015","nearest_station_name":"Seokchon","nearest_station_name_ko":"석촌","a":39,"b":39,"c":41,"d":41,"e":17,"f":17,"g":30,"h":30,"i":28,"j":28,"k":12,"l":12,"m":23,"n":23,"o":47,"p":47}},{"type":"Feature","geometry":{"type":"Point","coordinates":[127.057604,37.501864]},"properties":{"row":12,"col":18,"walk_min":1.7,"nearest_station_id":"kr_279","nearest_station_name":"Samseong(World Trade Center Seoul)","nearest_station_name_ko":"삼성(무역센터)","a":33,"b":33,"c":35,"d":35,"e":10,"f":10,"g":30,"h":30,"i":20,"j":20,"k":10,"l":10,"m":21,"n":21,"o":42,"p":42}},{"type":"Feature","geometry":{"type":"Point","coordinates":[127.031644,37.475904]},"properties":{"row":11,"col":17,"walk_min":4.2,"nearest_station_id":"kr_020","nearest_station_name":"Yangjae","nearest_station_name_ko":"양재","a":31,"b":31,"c":33,"d":33,"e":7,"f":7,"g":32,"h":32,"i":18,"j":18,"k":23,"l":23,"m":34,"n":34,"o":40,"p":40}},{"type":"Feature","geometry":{"type":"Point","coordinates":[127.031644,37.579733999999995]},"properties":{"row":15,"col":17,"walk_min":0.6,"nearest_station_id":"kr_026","nearest_station_name":"Jegidong","nearest_station_name_ko":"제기동","a":17,"b":17,"c":15,"d":15,"e":29,"f":29,"g":15,"h":15,"i":37,"j":37,"k":28,"l":28,"m":17,"n":17,"o":26,"p":26}},{"type":"Feature","geometry":{"type":"Point","coordinates":[126.953774,37.372080000000004]},"properties":{"row":7,"col":14,"walk_min":16.5,"nearest_station_id":"kr_023","nearest_station_name":"Geumjeong","nearest_station_name_ko":"금정","a":62,"b":62,"c":66,"d":66,"e":60,"f":60,"g":76,"h":76,"i":48,"j":48,"k":74,"l":74,"m":86,"n":86,"o":64,"p":64}},{"type":"Feature","geometry":{"type":"Point","coordinates":[126.798034,37.475904]},"properties":{"row":11,"col":8,"walk_min":7.4,"nearest_station_id":"kr_451","nearest_station_name":"Sosa","nearest_station_name_ko":"소사","a":42,"b":42,"c":44,"d":44,"e":51,"f":51,"g":56,"h":56,"i":47,"j":47,"k":65,"l":65,"m":65,"n":65,"o":39,"p":39}},{"type":"Feature","geometry":{"type":"Point","coordinates":[127.057604,37.579733999999995]},"properties":{"row":15,"col":18,"walk_min":6.9,"nearest_station_id":"kr_031","nearest_station_name":"Hoegi","nearest_station_name_ko":"회기","a":28,"b":28,"c":26,"d":26,"e":40,"f":40,"g":26,"h":26,"i":48,"j":48,"k":40,"l":40,"m":29,"n":29,"o":37,"p":37}},{"type":"Feature","geometry":{"type":"Point","coordinates":[126.953774,37.320164]},"properties":{"row":5,"col":14,"walk_min":26.0,"nearest_station_id":"kr_032","nearest_station_name":"Uiwang","nearest_station_name_ko":"의왕","a":83,"b":83,"c":86,"d":86,"e":80,"f":80,"g":97,"h":97,"i":69,"j":69,"k":95,"l":95,"m":106,"n":106,"o":84,"p":84}},{"type":"Feature","geometry":{"type":"Point","coordinates":[127.057604,37.60569]},"properties":{"row":16,"col":18,"walk_min":2.2,"nearest_station_id":"kr_165","nearest_station_name":"돌곶이","nearest_station_name_ko":"돌곶이","a":30,"b":30,"c":29,"d":29,"e":38,"f":38,"g":26,"h":26,"i":48,"j":48,"k":46,"l":46,"m":35,"n":35,"o":41,"p":41}},{"type":"Feature","geometry":{"type":"Point","coordinates":[126.92782,37.527820000000006]},"properties":{"row":13,"col":13,"walk_min":3.8,"nearest_station_id":"kr_180","nearest_station_name":"여의나루","nearest_station_name_ko":"여의나루","a":19,"b":19,"c":22,"d":22,"e":27,"f":27,"g":32,"h":32,"i":23,"j":23,"k":40,"l":40,"m":41,"n":41,"o":18,"p":18}},{"type":"Feature","geometry":{"type":"Point","coordinates":[127.057604,37.44995]},"properties":{"row":10,"col":18,"walk_min":10.7,"nearest_station_id":"kr_040","nearest_station_name":"Cheonggyesan","nearest_station_name_ko":"청계산입구","a":47,"b":47,"c":49,"d":49,"e":23,"f":23,"g":48,"h":48,"i":34,"j":34,"k":39,"l":39,"m":50,"n":50,"o":56,"p":56}},{"type":"Feature","geometry":{"type":"Point","coordinates":[127.10952000000002,37.398034]},"properties":{"row":8,"col":20,"walk_min":9.9,"nearest_station_id":"kr_041","nearest_station_name":"Pangyo","nearest_station_name_ko":"판교","a":61,"b":61,"c":63,"d":63,"e":37,"f":37,"g":61,"h":61,"i":47,"j":47,"k":52,"l":52,"m":63,"n":63,"o":69,"p":69}},{"type":"Feature","geometry":{"type":"Point","coordinates":[127.057604,37.631644]},"properties":{"row":17,"col":18,"walk_min":1.7,"nearest_station_id":"kr_393","nearest_station_name":"Wolgye (Induk University)","nearest_station_name_ko":"월계(인덕대학교)","a":35,"b":35,"c":33,"d":33,"e":47,"f":47,"g":33,"h":33,"i":55,"j":55,"k":47,"l":47,"m":35,"n":35,"o":44,"p":44}},{"type":"Feature","geometry":{"type":"Point","coordinates":[127.00569,37.268254]},"properties":{"row":3,"col":16,"walk_min":21.9,"nearest_station_id":"kr_043","nearest_station_name":"Suwon","nearest_station_name_ko":"수원","a":94,"b":94,"c":96,"d":96,"e":91,"f":91,"g":108,"h":108,"i":80,"j":80,"k":106,"l":106,"m":117,"n":117,"o":94,"p":94}},{"type":"Feature","geometry":{"type":"Point","coordinates":[127.031644,37.683564000000004]},"properties":{"row":19,"col":17,"walk_min":11.5,"nearest_station_id":"kr_044","nearest_station_name":"Dobongsan","nearest_station_name_ko":"도봉산","a":56,"b":56,"c":54,"d":54,"e":68,"f":68,"g":54,"h":54,"i":76,"j":76,"k":68,"l":68,"m":58,"n":58,"o":66,"p":66}},{"type":"Feature","geometry":{"type":"Point","coordinates":[127.031644,37.657604000000006]},"properties":{"row":18,"col":17,"walk_min":7.0,"nearest_station_id":"kr_395","nearest_station_name":"Banghak (Dobong-gu Office)","nearest_station_name_ko":"방학(도봉구청)","a":48,"b":48,"c":46,"d":46,"e":60,"f":60,"g":46,"h":46,"i":68,"j":68,"k":59,"l":59,"m":48,"n":48,"o":57,"p":57}},{"type":"Feature","geometry":{"type":"Point","coordinates":[127.083564,37.553774]},"properties":{"row":14,"col":19,"walk_min":4.0,"nearest_station_id":"kr_046","nearest_station_name":"군자","nearest_station_name_ko":"군자","a":28,"b":28,"c":27,"d":27,"e":31,"f":31,"g":14,"h":14,"i":37,"j":37,"k":34,"l":34,"m":23,"n":23,"o":38,"p":38}},{"type":"Feature","geometry":{"type":"Point","coordinates":[127.031644,37.21634]},"properties":{"row":1,"col":17,"walk_min":29.8,"nearest_station_id":"kr_047","nearest_station_name":"Byeongjeom","nearest_station_name_ko":"병점","a":115,"b":115,"c":118,"d":118,"e":112,"f":112,"g":120,"h":120,"i":101,"j":101,"k":120,"l":120,"m":120,"n":120,"o":116,"p":116}},{"type":"Feature","geometry":{"type":"Point","coordinates":[127.135474,37.501864]},"properties":{"row":12,"col":21,"walk_min":3.3,"nearest_station_id":"kr_306","nearest_station_name":"개롱","nearest_station_name_ko":"개롱","a":50,"b":50,"c":49,"d":49,"e":28,"f":28,"g":36,"h":36,"i":39,"j":39,"k":23,"l":23,"m":34,"n":34,"o":59,"p":59}},{"type":"Feature","geometry":{"type":"Point","coordinates":[126.901864,37.527820000000006]},"properties":{"row":13,"col":12,"walk_min":2.0,"nearest_station_id":"kr_049","nearest_station_name":"Dangsan","nearest_station_name_ko":"당산","a":22,"b":22,"c":20,"d":20,"e":28,"f":28,"g":33,"h":33,"i":24,"j":24,"k":41,"l":41,"m":43,"n":43,"o":9,"p":9}},{"type":"Feature","geometry":{"type":"Point","coordinates":[127.135474,37.527820000000006]},"properties":{"row":13,"col":21,"walk_min":2.0,"nearest_station_id":"kr_074","nearest_station_name":"둔촌동","nearest_station_name_ko":"둔촌동","a":40,"b":40,"c":39,"d":39,"e":26,"f":26,"g":26,"h":26,"i":37,"j":37,"k":21,"l":21,"m":32,"n":32,"o":50,"p":50}},{"type":"Feature","geometry":{"type":"Point","coordinates":[127.10952000000002,37.527820000000006]},"properties":{"row":13,"col":20,"walk_min":5.2,"nearest_station_id":"kr_226","nearest_station_name":"Gangdong-gu Office","nearest_station_name_ko":"강동구청","a":41,"b":41,"c":40,"d":40,"e":29,"f":29,"g":26,"h":26,"i":40,"j":40,"k":24,"l":24,"m":35,"n":35,"o":51,"p":51}},{"type":"Feature","geometry":{"type":"Point","coordinates":[127.00569,37.527820000000006]},"properties":{"row":13,"col":16,"walk_min":6.3,"nearest_station_id":"kr_334","nearest_station_name":"한강진","nearest_station_name_ko":"한강진","a":17,"b":17,"c":20,"d":20,"e":27,"f":27,"g":18,"h":18,"i":27,"j":27,"k":38,"l":38,"m":27,"n":27,"o":31,"p":31}},{"type":"Feature","geometry":{"type":"Point","coordinates":[126.77208,37.475904]},"properties":{"row":11,"col":7,"walk_min":9.1,"nearest_station_id":"kr_060","nearest_station_name":"Bucheon","nearest_station_name_ko":"부천","a":46,"b":46,"c":48,"d":48,"e":55,"f":55,"g":60,"h":60,"i":51,"j":51,"k":69,"l":69,"m":70,"n":70,"o":43,"p":43}},{"type":"Feature","geometry":{"type":"Point","coordinates":[127.031644,37.70952]},"properties":{"row":20,"col":17,"walk_min":12.6,"nearest_station_id":"kr_449","nearest_station_name":"Mangwolsa (Shinhan University)","nearest_station_name_ko":"망월사(신한대학교)","a":63,"b":63,"c":61,"d":61,"e":75,"f":75,"g":61,"h":61,"i":83,"j":83,"k":75,"l":75,"m":63,"n":63,"o":72,"p":72}},{"type":"Feature","geometry":{"type":"Point","coordinates":[126.953774,37.579733999999995]},"properties":{"row":15,"col":14,"walk_min":7.9,"nearest_station_id":"kr_067","nearest_station_name":"무악재","nearest_station_name_ko":"무악재","a":25,"b":25,"c":22,"d":22,"e":42,"f":42,"g":28,"h":28,"i":44,"j":44,"k":48,"l":48,"m":37,"n":37,"o":33,"p":33}},{"type":"Feature","geometry":{"type":"Point","coordinates":[127.031644,37.735473999999996]},"properties":{"row":21,"col":17,"walk_min":11.8,"nearest_station_id":"kr_065","nearest_station_name":"Uijeongbu","nearest_station_name_ko":"의정부","a":68,"b":68,"c":66,"d":66,"e":80,"f":80,"g":66,"h":66,"i":88,"j":88,"k":80,"l":80,"m":68,"n":68,"o":77,"p":77}},{"type":"Feature","geometry":{"type":"Point","coordinates":[127.031644,37.553774]},"properties":{"row":14,"col":17,"walk_min":1.9,"nearest_station_id":"kr_296","nearest_station_name":"행당","nearest_station_name_ko":"행당","a":16,"b":16,"c":15,"d":15,"e":24,"f":24,"g":4,"h":4,"i":34,"j":34,"k":24,"l":24,"m":13,"n":13,"o":27,"p":27}},{"type":"Feature","geometry":{"type":"Point","coordinates":[126.953774,37.346123999999996]},"properties":{"row":6,"col":14,"walk_min":16.5,"nearest_station_id":"kr_072","nearest_station_name":"Gunpo","nearest_station_name_ko":"군포","a":66,"b":66,"c":68,"d":68,"e":64,"f":64,"g":80,"h":80,"i":52,"j":52,"k":78,"l":78,"m":90,"n":90,"o":66,"p":66}},{"type":"Feature","geometry":{"type":"Point","coordinates":[126.87590399999999,37.553774]},"properties":{"row":14,"col":11,"walk_min":15.6,"nearest_station_id":"kr_073","nearest_station_name":"Yeomchang","nearest_station_name_ko":"염창","a":42,"b":42,"c":40,"d":40,"e":47,"f":47,"g":53,"h":53,"i":43,"j":43,"k":60,"l":60,"m":62,"n":62,"o":28,"p":28}},{"type":"Feature","geometry":{"type":"Point","coordinates":[126.823994,37.501864]},"properties":{"row":12,"col":9,"walk_min":10.5,"nearest_station_id":"kr_177","nearest_station_name":"까치울","nearest_station_name_ko":"까치울","a":46,"b":46,"c":48,"d":48,"e":54,"f":54,"g":60,"h":60,"i":50,"j":50,"k":68,"l":68,"m":68,"n":68,"o":42,"p":42}},{"type":"Feature","geometry":{"type":"Point","coordinates":[126.92782,37.60569]},"properties":{"row":16,"col":13,"walk_min":1.6,"nearest_station_id":"kr_123","nearest_station_name":"Bulgwang","nearest_station_name_ko":"불광","a":26,"b":26,"c":24,"d":24,"e":44,"f":44,"g":30,"h":30,"i":46,"j":46,"k":50,"l":50,"m":39,"n":39,"o":35,"p":35}},{"type":"Feature","geometry":{"type":"Point","coordinates":[126.92782,37.346123999999996]},"properties":{"row":6,"col":13,"walk_min":7.2,"nearest_station_id":"kr_364","nearest_station_name":"Surisan","nearest_station_name_ko":"수리산","a":59,"b":59,"c":62,"d":62,"e":56,"f":56,"g":74,"h":74,"i":45,"j":45,"k":71,"l":71,"m":82,"n":82,"o":60,"p":60}},{"type":"Feature","geometry":{"type":"Point","coordinates":[127.031644,37.60569]},"properties":{"row":16,"col":17,"walk_min":2.7,"nearest_station_id":"kr_091","nearest_station_name":"Miasageori","nearest_station_name_ko":"미아사거리","a":26,"b":26,"c":24,"d":24,"e":38,"f":38,"g":24,"h":24,"i":46,"j":46,"k":44,"l":44,"m":33,"n":33,"o":35,"p":35}},{"type":"Feature","geometry":{"type":"Point","coordinates":[126.97973400000001,37.29421000000001]},"properties":{"row":4,"col":15,"walk_min":8.5,"nearest_station_id":"kr_085","nearest_station_name":"Sungkyunkwan Univ","nearest_station_name_ko":"성균관대","a":72,"b":72,"c":74,"d":74,"e":68,"f":68,"g":86,"h":86,"i":58,"j":58,"k":84,"l":84,"m":94,"n":94,"o":72,"p":72}},{"type":"Feature","geometry":{"type":"Point","coordinates":[127.10952000000002,37.553774]},"properties":{"row":14,"col":20,"walk_min":22.7,"nearest_station_id":"kr_088","nearest_station_name":"광나루","nearest_station_name_ko":"광나루","a":53,"b":53,"c":52,"d":52,"e":53,"f":53,"g":38,"h":38,"i":61,"j":61,"k":48,"l":48,"m":48,"n":48,"o":63,"p":63}},{"type":"Feature","geometry":{"type":"Point","coordinates":[127.031644,37.761433999999994]},"properties":{"row":22,"col":17,"walk_min":9.0,"nearest_station_id":"kr_421","nearest_station_name":"Nogyang","nearest_station_name_ko":"녹양","a":70,"b":70,"c":68,"d":68,"e":82,"f":82,"g":68,"h":68,"i":90,"j":90,"k":81,"l":81,"m":70,"n":70,"o":79,"p":79}},{"type":"Feature","geometry":{"type":"Point","coordinates":[127.083564,37.60569]},"properties":{"row":16,"col":19,"walk_min":2.5,"nearest_station_id":"kr_163","nearest_station_name":"먹골","nearest_station_name_ko":"먹골","a":38,"b":38,"c":36,"d":36,"e":44,"f":44,"g":28,"h":28,"i":50,"j":50,"k":48,"l":48,"m":36,"n":36,"o":48,"p":48}},{"type":"Feature","geometry":{"type":"Point","coordinates":[127.057604,37.553774]},"properties":{"row":14,"col":18,"walk_min":1.0,"nearest_station_id":"kr_103","nearest_station_name":"장한평","nearest_station_name_ko":"장한평","a":22,"b":22,"c":21,"d":21,"e":31,"f":31,"g":8,"h":8,"i":37,"j":37,"k":28,"l":28,"m":17,"n":17,"o":32,"p":32}},{"type":"Feature","geometry":{"type":"Point","coordinates":[126.953774,37.553774]},"properties":{"row":14,"col":14,"walk_min":1.7,"nearest_station_id":"kr_326","nearest_station_name":"Ahyeon","nearest_station_name_ko":"아현","a":9,"b":9,"c":7,"d":7,"e":32,"f":32,"g":20,"h":20,"i":29,"j":29,"k":40,"l":40,"m":29,"n":29,"o":9,"p":9}},{"type":"Feature","geometry":{"type":"Point","coordinates":[126.84994999999999,37.553774]},"properties":{"row":14,"col":10,"walk_min":2.6,"nearest_station_id":"kr_102","nearest_station_name":"Gayang","nearest_station_name_ko":"가양","a":34,"b":34,"c":31,"d":31,"e":39,"f":39,"g":45,"h":45,"i":35,"j":35,"k":52,"l":52,"m":54,"n":54,"o":20,"p":20}},{"type":"Feature","geometry":{"type":"Point","coordinates":[126.901864,37.657604000000006]},"properties":{"row":18,"col":12,"walk_min":17.7,"nearest_station_id":"kr_115","nearest_station_name":"Samsong","nearest_station_name_ko":"삼송","a":56,"b":56,"c":53,"d":53,"e":73,"f":73,"g":60,"h":60,"i":76,"j":76,"k":80,"l":80,"m":69,"n":69,"o":65,"p":65}},{"type":"Feature","geometry":{"type":"Point","coordinates":[126.720164,37.475904]},"properties":{"row":11,"col":5,"walk_min":13.8,"nearest_station_id":"kr_105","nearest_station_name":"Bupyeong","nearest_station_name_ko":"부평","a":61,"b":61,"c":64,"d":64,"e":71,"f":71,"g":76,"h":76,"i":67,"j":67,"k":84,"l":84,"m":85,"n":85,"o":58,"p":58}},{"type":"Feature","geometry":{"type":"Point","coordinates":[127.031644,37.631644]},"properties":{"row":17,"col":17,"walk_min":6.1,"nearest_station_id":"kr_116","nearest_station_name":"Suyu (Gangbuk-gu Office)","nearest_station_name_ko":"수유(강북구청)","a":35,"b":35,"c":33,"d":33,"e":47,"f":47,"g":33,"h":33,"i":55,"j":55,"k":54,"l":54,"m":42,"n":42,"o":44,"p":44}},{"type":"Feature","geometry":{"type":"Point","coordinates":[127.135474,37.398034]},"properties":{"row":8,"col":21,"walk_min":15.7,"nearest_station_id":"kr_108","nearest_station_name":"Imae","nearest_station_name_ko":"이매","a":70,"b":70,"c":72,"d":72,"e":46,"f":46,"g":70,"h":70,"i":56,"j":56,"k":61,"l":61,"m":72,"n":72,"o":78,"p":78}},{"type":"Feature","geometry":{"type":"Point","coordinates":[127.083564,37.579733999999995]},"properties":{"row":15,"col":19,"walk_min":3.5,"nearest_station_id":"kr_120","nearest_station_name":"사가정","nearest_station_name_ko":"사가정","a":34,"b":34,"c":34,"d":34,"e":38,"f":38,"g":20,"h":20,"i":42,"j":42,"k":40,"l":40,"m":28,"n":28,"o":44,"p":44}},{"type":"Feature","geometry":{"type":"Point","coordinates":[126.87590399999999,37.29421000000001]},"properties":{"row":4,"col":11,"walk_min":17.2,"nearest_station_id":"kr_114","nearest_station_name":"Sangnoksu","nearest_station_name_ko":"상록수","a":83,"b":83,"c":85,"d":85,"e":80,"f":80,"g":97,"h":97,"i":69,"j":69,"k":95,"l":95,"m":106,"n":106,"o":83,"p":83}},{"type":"Feature","geometry":{"type":"Point","coordinates":[127.10952000000002,37.475904]},"properties":{"row":11,"col":20,"walk_min":7.7,"nearest_station_id":"kr_117","nearest_station_name":"Munjeong","nearest_station_name_ko":"문정","a":52,"b":52,"c":54,"d":54,"e":30,"f":30,"g":44,"h":44,"i":41,"j":41,"k":25,"l":25,"m":36,"n":36,"o":60,"p":60}},{"type":"Feature","geometry":{"type":"Point","coordinates":[127.135474,37.553774]},"properties":{"row":14,"col":21,"walk_min":3.8,"nearest_station_id":"kr_200","nearest_station_name":"Amsa History Park","nearest_station_name_ko":"암사역사공원","a":43,"b":43,"c":42,"d":42,"e":36,"f":36,"g":29,"h":29,"i":46,"j":46,"k":30,"l":30,"m":38,"n":38,"o":54,"p":54}},{"type":"Feature","geometry":{"type":"Point","coordinates":[126.87590399999999,37.657604000000006]},"properties":{"row":18,"col":11,"walk_min":16.1,"nearest_station_id":"kr_126","nearest_station_name":"Wonheung","nearest_station_name_ko":"원흥","a":58,"b":58,"c":55,"d":55,"e":75,"f":75,"g":62,"h":62,"i":78,"j":78,"k":82,"l":82,"m":71,"n":71,"o":67,"p":67}},{"type":"Feature","geometry":{"type":"Point","coordinates":[127.135474,37.475904]},"properties":{"row":11,"col":21,"walk_min":7.5,"nearest_station_id":"kr_127","nearest_station_name":"Jangji","nearest_station_name_ko":"장지","a":54,"b":54,"c":56,"d":56,"e":32,"f":32,"g":46,"h":46,"i":42,"j":42,"k":26,"l":26,"m":38,"n":38,"o":62,"p":62}},{"type":"Feature","geometry":{"type":"Point","coordinates":[126.823994,37.553774]},"properties":{"row":14,"col":9,"walk_min":4.9,"nearest_station_id":"kr_391","nearest_station_name":"Magok","nearest_station_name_ko":"마곡","a":43,"b":43,"c":46,"d":46,"e":53,"f":53,"g":58,"h":58,"i":49,"j":49,"k":66,"l":66,"m":67,"n":67,"o":37,"p":37}},{"type":"Feature","geometry":{"type":"Point","coordinates":[126.97973400000001,37.475904]},"properties":{"row":11,"col":15,"walk_min":3.1,"nearest_station_id":"kr_133","nearest_station_name":"Sadang","nearest_station_name_ko":"사당","a":23,"b":23,"c":26,"d":26,"e":14,"f":14,"g":36,"h":36,"i":3,"j":3,"k":29,"l":29,"m":40,"n":40,"o":31,"p":31}},{"type":"Feature","geometry":{"type":"Point","coordinates":[126.97973400000001,37.527820000000006]},"properties":{"row":13,"col":15,"walk_min":3.2,"nearest_station_id":"kr_295","nearest_station_name":"녹사평","nearest_station_name_ko":"녹사평","a":11,"b":11,"c":13,"d":13,"e":24,"f":24,"g":19,"h":19,"i":21,"j":21,"k":38,"l":38,"m":28,"n":28,"o":24,"p":24}},{"type":"Feature","geometry":{"type":"Point","coordinates":[127.031644,37.527820000000006]},"properties":{"row":13,"col":17,"walk_min":6.0,"nearest_station_id":"kr_138","nearest_station_name":"압구정","nearest_station_name_ko":"압구정","a":24,"b":24,"c":23,"d":23,"e":14,"f":14,"g":22,"h":22,"i":24,"j":24,"k":28,"l":28,"m":31,"n":31,"o":35,"p":35}},{"type":"Feature","geometry":{"type":"Point","coordinates":[126.92782,37.553774]},"properties":{"row":14,"col":13,"walk_min":2.7,"nearest_station_id":"kr_376","nearest_station_name":"Sinchon","nearest_station_name_ko":"신촌","a":14,"b":14,"c":12,"d":12,"e":37,"f":37,"g":25,"h":25,"i":34,"j":34,"k":45,"l":45,"m":34,"n":34,"o":6,"p":6}},{"type":"Feature","geometry":{"type":"Point","coordinates":[126.84994999999999,37.657604000000006]},"properties":{"row":18,"col":10,"walk_min":15.8,"nearest_station_id":"kr_145","nearest_station_name":"Wondang","nearest_station_name_ko":"원당","a":63,"b":63,"c":61,"d":61,"e":80,"f":80,"g":67,"h":67,"i":83,"j":83,"k":87,"l":87,"m":76,"n":76,"o":72,"p":72}},{"type":"Feature","geometry":{"type":"Point","coordinates":[127.16143400000001,37.553774]},"properties":{"row":14,"col":22,"walk_min":5.3,"nearest_station_id":"kr_171","nearest_station_name":"Sangil-dong","nearest_station_name_ko":"상일동","a":51,"b":51,"c":50,"d":50,"e":41,"f":41,"g":37,"h":37,"i":52,"j":52,"k":36,"l":36,"m":46,"n":46,"o":61,"p":61}},{"type":"Feature","geometry":{"type":"Point","coordinates":[127.10952000000002,37.372080000000004]},"properties":{"row":7,"col":20,"walk_min":14.9,"nearest_station_id":"kr_148","nearest_station_name":"Jeongja","nearest_station_name_ko":"정자","a":72,"b":72,"c":74,"d":74,"e":48,"f":48,"g":72,"h":72,"i":58,"j":58,"k":63,"l":63,"m":74,"n":74,"o":80,"p":80}},{"type":"Feature","geometry":{"type":"Point","coordinates":[127.00569,37.475904]},"properties":{"row":11,"col":16,"walk_min":7.9,"nearest_station_id":"kr_344","nearest_station_name":"Bangbae","nearest_station_name_ko":"방배","a":31,"b":31,"c":34,"d":34,"e":16,"f":16,"g":39,"h":39,"i":11,"j":11,"k":31,"l":31,"m":42,"n":42,"o":40,"p":40}},{"type":"Feature","geometry":{"type":"Point","coordinates":[126.74612400000001,37.475904]},"properties":{"row":11,"col":6,"walk_min":10.8,"nearest_station_id":"kr_159","nearest_station_name":"Songnae","nearest_station_name_ko":"송내","a":53,"b":53,"c":56,"d":56,"e":63,"f":63,"g":68,"h":68,"i":59,"j":59,"k":76,"l":76,"m":77,"n":77,"o":50,"p":50}},{"type":"Feature","geometry":{"type":"Point","coordinates":[127.057604,37.475904]},"properties":{"row":11,"col":18,"walk_min":13.4,"nearest_station_id":"kr_164","nearest_station_name":"Dogok","nearest_station_name_ko":"도곡","a":45,"b":45,"c":47,"d":47,"e":21,"f":21,"g":45,"h":45,"i":31,"j":31,"k":36,"l":36,"m":47,"n":47,"o":53,"p":53}},{"type":"Feature","geometry":{"type":"Point","coordinates":[127.057604,37.527820000000006]},"properties":{"row":13,"col":18,"walk_min":3.8,"nearest_station_id":"kr_181","nearest_station_name":"Jayang","nearest_station_name_ko":"자양","a":35,"b":35,"c":34,"d":34,"e":24,"f":24,"g":21,"h":21,"i":29,"j":29,"k":37,"l":37,"m":30,"n":30,"o":45,"p":45}},{"type":"Feature","geometry":{"type":"Point","coordinates":[126.823994,37.631644]},"properties":{"row":17,"col":9,"walk_min":7.5,"nearest_station_id":"kr_167","nearest_station_name":"Hwajeong","nearest_station_name_ko":"화정","a":60,"b":60,"c":56,"d":56,"e":76,"f":76,"g":64,"h":64,"i":80,"j":80,"k":84,"l":84,"m":72,"n":72,"o":68,"p":68}},{"type":"Feature","geometry":{"type":"Point","coordinates":[126.823994,37.320164]},"properties":{"row":5,"col":9,"walk_min":14.3,"nearest_station_id":"kr_426","nearest_station_name":"Gojan","nearest_station_name_ko":"고잔","a":89,"b":89,"c":91,"d":91,"e":85,"f":85,"g":103,"h":103,"i":75,"j":75,"k":101,"l":101,"m":112,"n":112,"o":89,"p":89}},{"type":"Feature","geometry":{"type":"Point","coordinates":[127.135474,37.44995]},"properties":{"row":10,"col":21,"walk_min":6.4,"nearest_station_id":"kr_170","nearest_station_name":"Namwirye","nearest_station_name_ko":"남위례","a":57,"b":57,"c":59,"d":59,"e":35,"f":35,"g":49,"h":49,"i":46,"j":46,"k":30,"l":30,"m":41,"n":41,"o":66,"p":66}},{"type":"Feature","geometry":{"type":"Point","coordinates":[127.10952000000002,37.346123999999996]},"properties":{"row":6,"col":20,"walk_min":10.5,"nearest_station_id":"kr_172","nearest_station_name":"Migeum","nearest_station_name_ko":"미금","a":72,"b":72,"c":74,"d":74,"e":48,"f":48,"g":72,"h":72,"i":58,"j":58,"k":62,"l":62,"m":74,"n":74,"o":80,"p":80}},{"type":"Feature","geometry":{"type":"Point","coordinates":[126.798034,37.501864]},"properties":{"row":12,"col":8,"walk_min":4.9,"nearest_station_id":"kr_206","nearest_station_name":"부천종합운동장","nearest_station_name_ko":"부천종합운동장","a":42,"b":42,"c":45,"d":45,"e":52,"f":52,"g":57,"h":57,"i":48,"j":48,"k":65,"l":65,"m":66,"n":66,"o":39,"p":39}},{"type":"Feature","geometry":{"type":"Point","coordinates":[126.92782,37.631644]},"properties":{"row":17,"col":13,"walk_min":9.2,"nearest_station_id":"kr_192","nearest_station_name":"구파발","nearest_station_name_ko":"구파발","a":40,"b":40,"c":38,"d":38,"e":57,"f":57,"g":44,"h":44,"i":60,"j":60,"k":64,"l":64,"m":53,"n":53,"o":49,"p":49}},{"type":"Feature","geometry":{"type":"Point","coordinates":[126.798034,37.553774]},"properties":{"row":14,"col":8,"walk_min":18.5,"nearest_station_id":"kr_189","nearest_station_name":"Gimpo Int'l Airport","nearest_station_name_ko":"김포공항","a":58,"b":58,"c":56,"d":56,"e":64,"f":64,"g":70,"h":70,"i":60,"j":60,"k":78,"l":78,"m":80,"n":80,"o":46,"p":46}},{"type":"Feature","geometry":{"type":"Point","coordinates":[126.953774,37.527820000000006]},"properties":{"row":13,"col":14,"walk_min":5.8,"nearest_station_id":"kr_397","nearest_station_name":"Yongsan","nearest_station_name_ko":"용산","a":12,"b":12,"c":15,"d":15,"e":28,"f":28,"g":27,"h":27,"i":25,"j":25,"k":42,"l":42,"m":36,"n":36,"o":26,"p":26}},{"type":"Feature","geometry":{"type":"Point","coordinates":[126.823994,37.475904]},"properties":{"row":11,"col":9,"walk_min":12.9,"nearest_station_id":"kr_194","nearest_station_name":"천왕","nearest_station_name_ko":"천왕","a":47,"b":47,"c":50,"d":50,"e":57,"f":57,"g":61,"h":61,"i":52,"j":52,"k":70,"l":70,"m":71,"n":71,"o":44,"p":44}},{"type":"Feature","geometry":{"type":"Point","coordinates":[127.057604,37.683564000000004]},"properties":{"row":19,"col":18,"walk_min":8.4,"nearest_station_id":"kr_195","nearest_station_name":"수락산","nearest_station_name_ko":"수락산","a":56,"b":56,"c":55,"d":55,"e":64,"f":64,"g":50,"h":50,"i":73,"j":73,"k":68,"l":68,"m":57,"n":57,"o":66,"p":66}},{"type":"Feature","geometry":{"type":"Point","coordinates":[127.083564,37.527820000000006]},"properties":{"row":13,"col":19,"walk_min":6.7,"nearest_station_id":"kr_210","nearest_station_name":"Guui(Gwangjin-gu Office)","nearest_station_name_ko":"구의(광진구청)","a":34,"b":34,"c":33,"d":33,"e":30,"f":30,"g":19,"h":19,"i":41,"j":41,"k":15,"l":15,"m":10,"n":10,"o":44,"p":44}},{"type":"Feature","geometry":{"type":"Point","coordinates":[126.798034,37.631644]},"properties":{"row":17,"col":8,"walk_min":14.1,"nearest_station_id":"kr_198","nearest_station_name":"Daegok","nearest_station_name_ko":"대곡","a":70,"b":70,"c":67,"d":67,"e":87,"f":87,"g":74,"h":74,"i":90,"j":90,"k":94,"l":94,"m":83,"n":83,"o":79,"p":79}},{"type":"Feature","geometry":{"type":"Point","coordinates":[127.057604,37.657604000000006]},"properties":{"row":18,"col":18,"walk_min":2.0,"nearest_station_id":"kr_199","nearest_station_name":"Nowon","nearest_station_name_ko":"노원","a":40,"b":40,"c":38,"d":38,"e":52,"f":52,"g":38,"h":38,"i":60,"j":60,"k":58,"l":58,"m":47,"n":47,"o":49,"p":49}},{"type":"Feature","geometry":{"type":"Point","coordinates":[126.84994999999999,37.527820000000006]},"properties":{"row":13,"col":10,"walk_min":3.2,"nearest_station_id":"kr_225","nearest_station_name":"Kkachisan","nearest_station_name_ko":"까치산","a":32,"b":32,"c":34,"d":34,"e":41,"f":41,"g":46,"h":46,"i":37,"j":37,"k":54,"l":54,"m":55,"n":55,"o":28,"p":28}},{"type":"Feature","geometry":{"type":"Point","coordinates":[126.901864,37.553774]},"properties":{"row":14,"col":12,"walk_min":5.7,"nearest_station_id":"kr_240","nearest_station_name":"망원","nearest_station_name_ko":"망원","a":26,"b":26,"c":29,"d":29,"e":40,"f":40,"g":39,"h":39,"i":36,"j":36,"k":53,"l":53,"m":48,"n":48,"o":35,"p":35}},{"type":"Feature","geometry":{"type":"Point","coordinates":[126.87590399999999,37.475904]},"properties":{"row":11,"col":11,"walk_min":3.8,"nearest_station_id":"kr_291","nearest_station_name":"가산디지털단지","nearest_station_name_ko":"가산디지털단지","a":47,"b":47,"c":50,"d":50,"e":41,"f":41,"g":59,"h":59,"i":46,"j":46,"k":54,"l":54,"m":65,"n":65,"o":44,"p":44}},{"type":"Feature","geometry":{"type":"Point","coordinates":[126.953774,37.501864]},"properties":{"row":12,"col":14,"walk_min":2.5,"nearest_station_id":"kr_244","nearest_station_name":"상도","nearest_station_name_ko":"상도","a":36,"b":36,"c":38,"d":38,"e":24,"f":24,"g":42,"h":42,"i":28,"j":28,"k":36,"l":36,"m":48,"n":48,"o":44,"p":44}},{"type":"Feature","geometry":{"type":"Point","coordinates":[126.84994999999999,37.475904]},"properties":{"row":11,"col":10,"walk_min":5.5,"nearest_station_id":"kr_220","nearest_station_name":"광명사거리","nearest_station_name_ko":"광명사거리","a":42,"b":42,"c":46,"d":46,"e":48,"f":48,"g":58,"h":58,"i":48,"j":48,"k":62,"l":62,"m":66,"n":66,"o":40,"p":40}},{"type":"Feature","geometry":{"type":"Point","coordinates":[126.77208,37.501864]},"properties":{"row":12,"col":7,"walk_min":4.6,"nearest_station_id":"kr_254","nearest_station_name":"신중동","nearest_station_name_ko":"신중동","a":47,"b":47,"c":49,"d":49,"e":56,"f":56,"g":61,"h":61,"i":52,"j":52,"k":70,"l":70,"m":70,"n":70,"o":43,"p":43}},{"type":"Feature","geometry":{"type":"Point","coordinates":[127.083564,37.657604000000006]},"properties":{"row":18,"col":19,"walk_min":11.2,"nearest_station_id":"kr_229","nearest_station_name":"Sanggye","nearest_station_name_ko":"상계","a":52,"b":52,"c":49,"d":49,"e":63,"f":63,"g":50,"h":50,"i":71,"j":71,"k":70,"l":70,"m":59,"n":59,"o":61,"p":61}},{"type":"Feature","geometry":{"type":"Point","coordinates":[126.798034,37.320164]},"properties":{"row":5,"col":8,"walk_min":8.8,"nearest_station_id":"kr_230","nearest_station_name":"Choji","nearest_station_name_ko":"초지","a":86,"b":86,"c":89,"d":89,"e":83,"f":83,"g":101,"h":101,"i":72,"j":72,"k":98,"l":98,"m":109,"n":109,"o":87,"p":87}},{"type":"Feature","geometry":{"type":"Point","coordinates":[127.135474,37.579733999999995]},"properties":{"row":15,"col":21,"walk_min":9.7,"nearest_station_id":"kr_231","nearest_station_name":"Jangja Lake Park","nearest_station_name_ko":"장자호수공원","a":56,"b":56,"c":55,"d":55,"e":48,"f":48,"g":41,"h":41,"i":59,"j":59,"k":43,"l":43,"m":51,"n":51,"o":66,"p":66}},{"type":"Feature","geometry":{"type":"Point","coordinates":[127.16143400000001,37.44995]},"properties":{"row":10,"col":22,"walk_min":7.4,"nearest_station_id":"kr_232","nearest_station_name":"Namhansanseong","nearest_station_name_ko":"남한산성입구","a":63,"b":63,"c":65,"d":65,"e":41,"f":41,"g":55,"h":55,"i":52,"j":52,"k":36,"l":36,"m":47,"n":47,"o":72,"p":72}},{"type":"Feature","geometry":{"type":"Point","coordinates":[127.083564,37.320164]},"properties":{"row":5,"col":19,"walk_min":7.3,"nearest_station_id":"kr_233","nearest_station_name":"Suji-gu Office","nearest_station_name_ko":"수지구청","a":75,"b":75,"c":77,"d":77,"e":51,"f":51,"g":75,"h":75,"i":61,"j":61,"k":66,"l":66,"m":77,"n":77,"o":83,"p":83}},{"type":"Feature","geometry":{"type":"Point","coordinates":[127.213344,37.398034]},"properties":{"row":8,"col":24,"walk_min":25.2,"nearest_station_id":"kr_237","nearest_station_name":"삼동","nearest_station_name_ko":"삼동","a":92,"b":92,"c":94,"d":94,"e":68,"f":68,"g":92,"h":92,"i":78,"j":78,"k":83,"l":83,"m":94,"n":94,"o":100,"p":100}},{"type":"Feature","geometry":{"type":"Point","coordinates":[126.97973400000001,37.44995]},"properties":{"row":10,"col":15,"walk_min":21.9,"nearest_station_id":"kr_247","nearest_station_name":"Namtaeryeong","nearest_station_name_ko":"남태령","a":45,"b":45,"c":48,"d":48,"e":36,"f":36,"g":59,"h":59,"i":25,"j":25,"k":51,"l":51,"m":62,"n":62,"o":54,"p":54}},{"type":"Feature","geometry":{"type":"Point","coordinates":[126.668254,37.44995]},"properties":{"row":10,"col":3,"walk_min":17.0,"nearest_station_id":"kr_456","nearest_station_name":"Dohwa","nearest_station_name_ko":"도화","a":76,"b":76,"c":78,"d":78,"e":85,"f":85,"g":90,"h":90,"i":81,"j":81,"k":99,"l":99,"m":99,"n":99,"o":72,"p":72}},{"type":"Feature","geometry":{"type":"Point","coordinates":[126.953774,37.398034]},"properties":{"row":8,"col":14,"walk_min":9.5,"nearest_station_id":"kr_284","nearest_station_name":"Pyeongchon","nearest_station_name_ko":"평촌","a":54,"b":54,"c":58,"d":58,"e":46,"f":46,"g":68,"h":68,"i":34,"j":34,"k":60,"l":60,"m":72,"n":72,"o":62,"p":62}},{"type":"Feature","geometry":{"type":"Point","coordinates":[126.69421,37.501864]},"properties":{"row":12,"col":4,"walk_min":10.6,"nearest_station_id":"kr_258","nearest_station_name":"Sangok","nearest_station_name_ko":"산곡","a":67,"b":67,"c":70,"d":70,"e":77,"f":77,"g":82,"h":82,"i":73,"j":73,"k":90,"l":90,"m":91,"n":91,"o":64,"p":64}},{"type":"Feature","geometry":{"type":"Point","coordinates":[126.77208,37.657604000000006]},"properties":{"row":18,"col":7,"walk_min":5.4,"nearest_station_id":"kr_302","nearest_station_name":"Jeongbalsan","nearest_station_name_ko":"정발산","a":71,"b":71,"c":68,"d":68,"e":88,"f":88,"g":75,"h":75,"i":91,"j":91,"k":95,"l":95,"m":84,"n":84,"o":80,"p":80}},{"type":"Feature","geometry":{"type":"Point","coordinates":[127.135474,37.60569]},"properties":{"row":16,"col":21,"walk_min":6.9,"nearest_station_id":"kr_303","nearest_station_name":"Donggureung","nearest_station_name_ko":"동구릉","a":59,"b":59,"c":58,"d":58,"e":51,"f":51,"g":44,"h":44,"i":62,"j":62,"k":46,"l":46,"m":54,"n":54,"o":69,"p":69}},{"type":"Feature","geometry":{"type":"Point","coordinates":[127.00569,37.44995]},"properties":{"row":10,"col":16,"walk_min":9.4,"nearest_station_id":"kr_281","nearest_station_name":"Seonbawi","nearest_station_name_ko":"선바위","a":36,"b":36,"c":39,"d":39,"e":27,"f":27,"g":50,"h":50,"i":16,"j":16,"k":42,"l":42,"m":53,"n":53,"o":45,"p":45}},{"type":"Feature","geometry":{"type":"Point","coordinates":[126.720164,37.501864]},"properties":{"row":12,"col":5,"walk_min":4.3,"nearest_station_id":"kr_287","nearest_station_name":"Bupyeong-gu Office","nearest_station_name_ko":"부평구청","a":57,"b":57,"c":60,"d":60,"e":67,"f":67,"g":72,"h":72,"i":63,"j":63,"k":80,"l":80,"m":81,"n":81,"o":54,"p":54}},{"type":"Feature","geometry":{"type":"Point","coordinates":[126.901864,37.475904]},"properties":{"row":11,"col":12,"walk_min":7.8,"nearest_station_id":"kr_288","nearest_station_name":"Guro Digital Complex","nearest_station_name_ko":"구로디지털단지","a":31,"b":31,"c":34,"d":34,"e":35,"f":35,"g":46,"h":46,"i":24,"j":24,"k":50,"l":50,"m":55,"n":55,"o":28,"p":28}},{"type":"Feature","geometry":{"type":"Point","coordinates":[126.74612400000001,37.501864]},"properties":{"row":12,"col":6,"walk_min":3.4,"nearest_station_id":"kr_292","nearest_station_name":"상동","nearest_station_name_ko":"상동","a":49,"b":49,"c":52,"d":52,"e":59,"f":59,"g":64,"h":64,"i":55,"j":55,"k":72,"l":72,"m":73,"n":73,"o":46,"p":46}},{"type":"Feature","geometry":{"type":"Point","coordinates":[126.901864,37.579733999999995]},"properties":{"row":15,"col":12,"walk_min":4.7,"nearest_station_id":"kr_339","nearest_station_name":"증산","nearest_station_name_ko":"증산","a":34,"b":34,"c":35,"d":35,"e":48,"f":48,"g":42,"h":42,"i":44,"j":44,"k":61,"l":61,"m":51,"n":51,"o":43,"p":43}},{"type":"Feature","geometry":{"type":"Point","coordinates":[127.083564,37.475904]},"properties":{"row":11,"col":19,"walk_min":9.6,"nearest_station_id":"kr_298","nearest_station_name":"Irwon","nearest_station_name_ko":"일원","a":50,"b":50,"c":52,"d":52,"e":26,"f":26,"g":50,"h":50,"i":37,"j":37,"k":32,"l":32,"m":43,"n":43,"o":59,"p":59}},{"type":"Feature","geometry":{"type":"Point","coordinates":[127.213344,37.553774]},"properties":{"row":14,"col":24,"walk_min":18.2,"nearest_station_id":"kr_301","nearest_station_name":"하남풍산","nearest_station_name_ko":"하남풍산","a":73,"b":73,"c":72,"d":72,"e":63,"f":63,"g":58,"h":58,"i":74,"j":74,"k":58,"l":58,"m":68,"n":68,"o":83,"p":83}},{"type":"Feature","geometry":{"type":"Point","coordinates":[127.057604,37.29421000000001]},"properties":{"row":4,"col":18,"walk_min":13.2,"nearest_station_id":"kr_307","nearest_station_name":"Sanghyeon","nearest_station_name_ko":"상현","a":89,"b":89,"c":90,"d":90,"e":65,"f":65,"g":89,"h":89,"i":75,"j":75,"k":80,"l":80,"m":91,"n":91,"o":97,"p":97}},{"type":"Feature","geometry":{"type":"Point","coordinates":[127.10952000000002,37.657604000000006]},"properties":{"row":18,"col":20,"walk_min":10.4,"nearest_station_id":"kr_310","nearest_station_name":"Byeollaebyeolgaram","nearest_station_name_ko":"별내별가람","a":60,"b":60,"c":58,"d":58,"e":71,"f":71,"g":58,"h":58,"i":79,"j":79,"k":78,"l":78,"m":67,"n":67,"o":69,"p":69}},{"type":"Feature","geometry":{"type":"Point","coordinates":[126.87590399999999,37.527820000000006]},"properties":{"row":13,"col":11,"walk_min":2.8,"nearest_station_id":"kr_366","nearest_station_name":"Omokgyo","nearest_station_name_ko":"오목교","a":28,"b":28,"c":31,"d":31,"e":34,"f":34,"g":43,"h":43,"i":30,"j":30,"k":48,"l":48,"m":52,"n":52,"o":26,"p":26}},{"type":"Feature","geometry":{"type":"Point","coordinates":[126.901864,37.60569]},"properties":{"row":16,"col":12,"walk_min":11.6,"nearest_station_id":"kr_390","nearest_station_name":"구산","nearest_station_name_ko":"구산","a":42,"b":42,"c":39,"d":39,"e":59,"f":59,"g":45,"h":45,"i":58,"j":58,"k":66,"l":66,"m":54,"n":54,"o":50,"p":50}},{"type":"Feature","geometry":{"type":"Point","coordinates":[126.953774,37.475904]},"properties":{"row":11,"col":14,"walk_min":6.4,"nearest_station_id":"kr_370","nearest_station_name":"Seoul Nat'l University (Gwanak-gu Office)","nearest_station_name_ko":"서울대입구(관악구청)","a":32,"b":32,"c":34,"d":34,"e":23,"f":23,"g":45,"h":45,"i":12,"j":12,"k":38,"l":38,"m":49,"n":49,"o":36,"p":36}},{"type":"Feature","geometry":{"type":"Point","coordinates":[126.97973400000001,37.398034]},"properties":{"row":8,"col":15,"walk_min":14.6,"nearest_station_id":"kr_325","nearest_station_name":"Indeogwon","nearest_station_name_ko":"인덕원","a":57,"b":57,"c":60,"d":60,"e":48,"f":48,"g":70,"h":70,"i":37,"j":37,"k":63,"l":63,"m":74,"n":74,"o":65,"p":65}},{"type":"Feature","geometry":{"type":"Point","coordinates":[126.64229399999999,37.475904]},"properties":{"row":11,"col":2,"walk_min":9.6,"nearest_station_id":"kr_457","nearest_station_name":"Dowon","nearest_station_name_ko":"도원","a":73,"b":73,"c":76,"d":76,"e":83,"f":83,"g":88,"h":88,"i":79,"j":79,"k":96,"l":96,"m":97,"n":97,"o":70,"p":70}},{"type":"Feature","geometry":{"type":"Point","coordinates":[127.18739000000001,37.553774]},"properties":{"row":14,"col":23,"walk_min":6.4,"nearest_station_id":"kr_332","nearest_station_name":"미사","nearest_station_name_ko":"미사","a":58,"b":58,"c":57,"d":57,"e":48,"f":48,"g":43,"h":43,"i":59,"j":59,"k":43,"l":43,"m":52,"n":52,"o":68,"p":68}},{"type":"Feature","geometry":{"type":"Point","coordinates":[127.00569,37.42399400000001]},"properties":{"row":9,"col":16,"walk_min":11.6,"nearest_station_id":"kr_346","nearest_station_name":"Seoul Grand park","nearest_station_name_ko":"대공원","a":44,"b":44,"c":46,"d":46,"e":34,"f":34,"g":57,"h":57,"i":24,"j":24,"k":50,"l":50,"m":61,"n":61,"o":52,"p":52}},{"type":"Feature","geometry":{"type":"Point","coordinates":[126.74612400000001,37.657604000000006]},"properties":{"row":18,"col":6,"walk_min":17.9,"nearest_station_id":"kr_350","nearest_station_name":"Juyeop","nearest_station_name_ko":"주엽","a":87,"b":87,"c":85,"d":85,"e":104,"f":104,"g":91,"h":91,"i":107,"j":107,"k":111,"l":111,"m":100,"n":100,"o":96,"p":96}},{"type":"Feature","geometry":{"type":"Point","coordinates":[126.74612400000001,37.346123999999996]},"properties":{"row":6,"col":6,"walk_min":9.7,"nearest_station_id":"kr_351","nearest_station_name":"Jeongwang","nearest_station_name_ko":"정왕","a":100,"b":100,"c":103,"d":103,"e":97,"f":97,"g":115,"h":115,"i":86,"j":86,"k":112,"l":112,"m":120,"n":120,"o":101,"p":101}},{"type":"Feature","geometry":{"type":"Point","coordinates":[127.135474,37.631644]},"properties":{"row":17,"col":21,"walk_min":15.5,"nearest_station_id":"kr_438","nearest_station_name":"Byeollae","nearest_station_name_ko":"별내","a":76,"b":76,"c":76,"d":76,"e":68,"f":68,"g":62,"h":62,"i":80,"j":80,"k":64,"l":64,"m":72,"n":72,"o":86,"p":86}},{"type":"Feature","geometry":{"type":"Point","coordinates":[127.135474,37.42399400000001]},"properties":{"row":9,"col":21,"walk_min":15.1,"nearest_station_id":"kr_439","nearest_station_name":"Moran","nearest_station_name_ko":"모란","a":79,"b":79,"c":81,"d":81,"e":57,"f":57,"g":71,"h":71,"i":68,"j":68,"k":52,"l":52,"m":64,"n":64,"o":88,"p":88}},{"type":"Feature","geometry":{"type":"Point","coordinates":[126.798034,37.579733999999995]},"properties":{"row":15,"col":8,"walk_min":9.3,"nearest_station_id":"kr_429","nearest_station_name":"Gaehwa","nearest_station_name_ko":"개화","a":53,"b":53,"c":51,"d":51,"e":59,"f":59,"g":65,"h":65,"i":55,"j":55,"k":72,"l":72,"m":74,"n":74,"o":40,"p":40}},{"type":"Feature","geometry":{"type":"Point","coordinates":[127.213344,37.527820000000006]},"properties":{"row":13,"col":24,"walk_min":36.0,"nearest_station_id":"kr_469","nearest_station_name":"Hanam Geomdansan","nearest_station_name_ko":"하남검단산","a":97,"b":97,"c":96,"d":96,"e":87,"f":87,"g":82,"h":82,"i":98,"j":98,"k":82,"l":82,"m":92,"n":92,"o":107,"p":107}},{"type":"Feature","geometry":{"type":"Point","coordinates":[127.18739000000001,37.70952]},"properties":{"row":20,"col":23,"walk_min":8.6,"nearest_station_id":"kr_361","nearest_station_name":"Onam","nearest_station_name_ko":"오남","a":73,"b":73,"c":71,"d":71,"e":85,"f":85,"g":71,"h":71,"i":93,"j":93,"k":92,"l":92,"m":80,"n":80,"o":82,"p":82}},{"type":"Feature","geometry":{"type":"Point","coordinates":[126.97973400000001,37.42399400000001]},"properties":{"row":9,"col":15,"walk_min":17.3,"nearest_station_id":"kr_367","nearest_station_name":"Government Complex Gwacheon","nearest_station_name_ko":"정부과천청사","a":53,"b":53,"c":56,"d":56,"e":44,"f":44,"g":67,"h":67,"i":33,"j":33,"k":59,"l":59,"m":70,"n":70,"o":61,"p":61}},{"type":"Feature","geometry":{"type":"Point","coordinates":[126.92782,37.475904]},"properties":{"row":11,"col":13,"walk_min":7.7,"nearest_station_id":"kr_375","nearest_station_name":"Sillim","nearest_station_name_ko":"신림","a":37,"b":37,"c":39,"d":39,"e":29,"f":29,"g":51,"h":51,"i":19,"j":19,"k":45,"l":45,"m":56,"n":56,"o":33,"p":33}},{"type":"Feature","geometry":{"type":"Point","coordinates":[126.69421,37.475904]},"properties":{"row":11,"col":4,"walk_min":9.6,"nearest_station_id":"kr_378","nearest_station_name":"Dongam","nearest_station_name_ko":"동암","a":63,"b":63,"c":66,"d":66,"e":73,"f":73,"g":77,"h":77,"i":68,"j":68,"k":86,"l":86,"m":87,"n":87,"o":60,"p":60}},{"type":"Feature","geometry":{"type":"Point","coordinates":[126.668254,37.475904]},"properties":{"row":11,"col":3,"walk_min":14.8,"nearest_station_id":"kr_456","nearest_station_name":"Dohwa","nearest_station_name_ko":"도화","a":74,"b":74,"c":76,"d":76,"e":83,"f":83,"g":88,"h":88,"i":79,"j":79,"k":97,"l":97,"m":97,"n":97,"o":70,"p":70}},{"type":"Feature","geometry":{"type":"Point","coordinates":[126.84994999999999,37.501864]},"properties":{"row":12,"col":10,"walk_min":6.4,"nearest_station_id":"kr_382","nearest_station_name":"Gaebong","nearest_station_name_ko":"개봉","a":30,"b":30,"c":33,"d":33,"e":40,"f":40,"g":44,"h":44,"i":35,"j":35,"k":53,"l":53,"m":54,"n":54,"o":27,"p":27}},{"type":"Feature","geometry":{"type":"Point","coordinates":[127.031644,37.190384]},"properties":{"row":0,"col":17,"walk_min":14.9,"nearest_station_id":"kr_388","nearest_station_name":"Sema","nearest_station_name_ko":"세마","a":105,"b":105,"c":108,"d":108,"e":102,"f":102,"g":120,"h":120,"i":91,"j":91,"k":117,"l":117,"m":120,"n":120,"o":106,"p":106}},{"type":"Feature","geometry":{"type":"Point","coordinates":[126.901864,37.42399400000001]},"properties":{"row":9,"col":12,"walk_min":6.4,"nearest_station_id":"kr_413","nearest_station_name":"Gwanak","nearest_station_name_ko":"관악","a":41,"b":41,"c":44,"d":44,"e":51,"f":51,"g":55,"h":55,"i":47,"j":47,"k":64,"l":64,"m":65,"n":65,"o":42,"p":42}},{"type":"Feature","geometry":{"type":"Point","coordinates":[126.901864,37.320164]},"properties":{"row":5,"col":12,"walk_min":7.7,"nearest_station_id":"kr_415","nearest_station_name":"Banwol","nearest_station_name_ko":"반월","a":70,"b":70,"c":72,"d":72,"e":67,"f":67,"g":84,"h":84,"i":56,"j":56,"k":82,"l":82,"m":93,"n":93,"o":70,"p":70}},{"type":"Feature","geometry":{"type":"Point","coordinates":[126.74612400000001,37.683564000000004]},"properties":{"row":19,"col":6,"walk_min":13.3,"nearest_station_id":"kr_424","nearest_station_name":"Daehwa","nearest_station_name_ko":"대화","a":85,"b":85,"c":83,"d":83,"e":102,"f":102,"g":89,"h":89,"i":105,"j":105,"k":109,"l":109,"m":98,"n":98,"o":94,"p":94}},{"type":"Feature","geometry":{"type":"Point","coordinates":[126.84994999999999,37.320164]},"properties":{"row":5,"col":10,"walk_min":18.1,"nearest_station_id":"kr_168","nearest_station_name":"Jungang","nearest_station_name_ko":"중앙","a":90,"b":90,"c":92,"d":92,"e":86,"f":86,"g":104,"h":104,"i":76,"j":76,"k":102,"l":102,"m":113,"n":113,"o":90,"p":90}},{"type":"Feature","geometry":{"type":"Point","coordinates":[126.77208,37.346123999999996]},"properties":{"row":6,"col":7,"walk_min":19.3,"nearest_station_id":"kr_427","nearest_station_name":"Singiloncheon","nearest_station_name_ko":"신길온천","a":104,"b":104,"c":107,"d":107,"e":101,"f":101,"g":119,"h":119,"i":91,"j":91,"k":117,"l":117,"m":120,"n":120,"o":105,"p":105}},{"type":"Feature","geometry":{"type":"Point","coordinates":[126.74612400000001,37.372080000000004]},"properties":{"row":7,"col":6,"walk_min":25.4,"nearest_station_id":"kr_428","nearest_station_name":"Oido","nearest_station_name_ko":"오이도","a":118,"b":118,"c":120,"d":120,"e":115,"f":115,"g":120,"h":120,"i":104,"j":104,"k":120,"l":120,"m":120,"n":120,"o":119,"p":119}},{"type":"Feature","geometry":{"type":"Point","coordinates":[127.16143400000001,37.501864]},"properties":{"row":12,"col":22,"walk_min":18.5,"nearest_station_id":"kr_440","nearest_station_name":"Macheon","nearest_station_name_ko":"마천","a":70,"b":70,"c":68,"d":68,"e":48,"f":48,"g":56,"h":56,"i":58,"j":58,"k":44,"l":44,"m":54,"n":54,"o":78,"p":78}},{"type":"Feature","geometry":{"type":"Point","coordinates":[126.87590399999999,37.42399400000001]},"properties":{"row":9,"col":11,"walk_min":15.5,"nearest_station_id":"kr_442","nearest_station_name":"Gwangmyeong","nearest_station_name_ko":"광명","a":50,"b":40,"c":54,"d":42,"e":60,"f":60,"g":64,"h":54,"i":56,"j":56,"k":74,"l":74,"m":74,"n":64,"o":52,"p":52}},{"type":"Feature","geometry":{"type":"Point","coordinates":[127.031644,37.29421000000001]},"properties":{"row":4,"col":17,"walk_min":42.0,"nearest_station_id":"kr_444","nearest_station_name":"Gwanggyo","nearest_station_name_ko":"광교","a":120,"b":120,"c":120,"d":120,"e":101,"f":101,"g":120,"h":120,"i":111,"j":111,"k":116,"l":116,"m":120,"n":120,"o":120,"p":120}},{"type":"Feature","geometry":{"type":"Point","coordinates":[127.057604,37.813343999999994]},"properties":{"row":24,"col":18,"walk_min":9.2,"nearest_station_id":"kr_447","nearest_station_name":"Deokgye","nearest_station_name_ko":"덕계","a":83,"b":83,"c":81,"d":81,"e":95,"f":95,"g":81,"h":81,"i":103,"j":103,"k":94,"l":94,"m":83,"n":83,"o":92,"p":92}},{"type":"Feature","geometry":{"type":"Point","coordinates":[126.69421,37.44995]},"properties":{"row":10,"col":4,"walk_min":16.1,"nearest_station_id":"kr_455","nearest_station_name":"Ganseok","nearest_station_name_ko":"간석","a":71,"b":71,"c":74,"d":74,"e":81,"f":81,"g":86,"h":86,"i":77,"j":77,"k":94,"l":94,"m":95,"n":95,"o":68,"p":68}},{"type":"Feature","geometry":{"type":"Point","coordinates":[126.61634,37.475904]},"properties":{"row":11,"col":1,"walk_min":9.7,"nearest_station_id":"kr_458","nearest_station_name":"Incheon","nearest_station_name_ko":"인천","a":78,"b":78,"c":80,"d":80,"e":87,"f":87,"g":92,"h":92,"i":83,"j":83,"k":101,"l":101,"m":101,"n":101,"o":74,"p":74}},{"type":"Feature","geometry":{"type":"Point","coordinates":[126.92782,37.372080000000004]},"properties":{"row":7,"col":13,"walk_min":12.5,"nearest_station_id":"kr_459","nearest_station_name":"Myeonghak","nearest_station_name_ko":"명학","a":56,"b":56,"c":58,"d":58,"e":58,"f":58,"g":70,"h":70,"i":48,"j":48,"k":74,"l":74,"m":80,"n":80,"o":56,"p":56}},{"type":"Feature","geometry":{"type":"Point","coordinates":[127.00569,37.242294]},"properties":{"row":2,"col":16,"walk_min":14.6,"nearest_station_id":"kr_462","nearest_station_name":"Seryu","nearest_station_name_ko":"세류","a":92,"b":92,"c":95,"d":95,"e":89,"f":89,"g":107,"h":107,"i":78,"j":78,"k":104,"l":104,"m":115,"n":115,"o":93,"p":93}},{"type":"Feature","geometry":{"type":"Point","coordinates":[127.057604,37.190384]},"properties":{"row":0,"col":18,"walk_min":13.1,"nearest_station_id":"kr_466","nearest_station_name":"Seodongtan","nearest_station_name_ko":"서동탄","a":103,"b":103,"c":105,"d":105,"e":100,"f":100,"g":117,"h":117,"i":89,"j":89,"k":115,"l":115,"m":120,"n":120,"o":103,"p":103}},{"type":"Feature","geometry":{"type":"Point","coordinates":[127.057604,37.70952]},"properties":{"row":20,"col":18,"walk_min":11.3,"nearest_station_id":"kr_449","nearest_station_name":"Mangwolsa (Shinhan University)","nearest_station_name_ko":"망월사(신한대학교)","a":61,"b":61,"c":59,"d":59,"e":73,"f":73,"g":59,"h":59,"i":81,"j":81,"k":73,"l":73,"m":61,"n":61,"o":70,"p":70}},{"type":"Feature","geometry":{"type":"Point","coordinates":[127.10952000000002,37.60569]},"properties":{"row":16,"col":20,"walk_min":16.4,"nearest_station_id":"kr_468","nearest_station_name":"Sinnae","nearest_station_name_ko":"신내","a":55,"b":55,"c":54,"d":54,"e":63,"f":63,"g":49,"h":49,"i":72,"j":72,"k":70,"l":70,"m":59,"n":59,"o":65,"p":65}},{"type":"Feature","geometry":{"type":"Point","coordinates":[127.213344,37.70952]},"properties":{"row":20,"col":24,"walk_min":17.2,"nearest_station_id":"kr_470","nearest_station_name":"Jinjeop","nearest_station_name_ko":"진접","a":85,"b":85,"c":83,"d":83,"e":97,"f":97,"g":83,"h":83,"i":105,"j":105,"k":104,"l":104,"m":93,"n":93,"o":95,"p":95}},{"type":"Feature","geometry":{"type":"Point","coordinates":[126.84994999999999,37.29421000000001]},"properties":{"row":4,"col":10,"walk_min":13.4,"nearest_station_id":"kr_114","nearest_station_name":"Sangnoksu","nearest_station_name_ko":"상록수","a":79,"b":79,"c":81,"d":81,"e":76,"f":76,"g":93,"h":93,"i":65,"j":65,"k":91,"l":91,"m":102,"n":102,"o":79,"p":79}},{"type":"Feature","geometry":{"type":"Point","coordinates":[126.97973400000001,37.268254]},"properties":{"row":3,"col":15,"walk_min":18.6,"nearest_station_id":"kr_461","nearest_station_name":"Hwaseo","nearest_station_name_ko":"화서","a":87,"b":87,"c":90,"d":90,"e":84,"f":84,"g":101,"h":101,"i":73,"j":73,"k":99,"l":99,"m":110,"n":110,"o":88,"p":88}},{"type":"Feature","geometry":{"type":"Point","coordinates":[127.083564,37.631644]},"properties":{"row":17,"col":19,"walk_min":14.3,"nearest_station_id":"kr_176","nearest_station_name":"공릉","nearest_station_name_ko":"공릉","a":49,"b":49,"c":48,"d":48,"e":57,"f":57,"g":43,"h":43,"i":66,"j":66,"k":63,"l":63,"m":52,"n":52,"o":59,"p":59}},{"type":"Feature","geometry":{"type":"Point","coordinates":[126.77208,37.631644]},"properties":{"row":17,"col":7,"walk_min":16.1,"nearest_station_id":"kr_228","nearest_station_name":"Baekseok","nearest_station_name_ko":"백석","a":77,"b":77,"c":74,"d":74,"e":94,"f":94,"g":81,"h":81,"i":97,"j":97,"k":101,"l":101,"m":90,"n":90,"o":86,"p":86}},{"type":"Feature","geometry":{"type":"Point","coordinates":[126.901864,37.631644]},"properties":{"row":17,"col":12,"walk_min":11.3,"nearest_station_id":"kr_188","nearest_station_name":"Gupabal","nearest_station_name_ko":"구파발","a":43,"b":43,"c":40,"d":40,"e":60,"f":60,"g":46,"h":46,"i":62,"j":62,"k":66,"l":66,"m":55,"n":55,"o":51,"p":51}},{"type":"Feature","geometry":{"type":"Point","coordinates":[126.84994999999999,37.579733999999995]},"properties":{"row":15,"col":10,"walk_min":51.3,"nearest_station_id":"kr_430","nearest_station_name":"Yangcheon Hyanggyo","nearest_station_name_ko":"양천향교","a":85,"b":85,"c":83,"d":83,"e":90,"f":90,"g":96,"h":96,"i":86,"j":86,"k":103,"l":103,"m":105,"n":105,"o":71,"p":71}},{"type":"Feature","geometry":{"type":"Point","coordinates":[126.92782,37.320164]},"properties":{"row":5,"col":13,"walk_min":19.9,"nearest_station_id":"kr_423","nearest_station_name":"Daeyami","nearest_station_name_ko":"대야미","a":78,"b":78,"c":80,"d":80,"e":74,"f":74,"g":92,"h":92,"i":64,"j":64,"k":90,"l":90,"m":101,"n":101,"o":78,"p":78}},{"type":"Feature","geometry":{"type":"Point","coordinates":[126.953774,37.29421000000001]},"properties":{"row":4,"col":14,"walk_min":16.7,"nearest_station_id":"kr_086","nearest_station_name":"Sungkyunkwan University","nearest_station_name_ko":"성균관대","a":80,"b":80,"c":82,"d":82,"e":77,"f":77,"g":94,"h":94,"i":66,"j":66,"k":92,"l":92,"m":103,"n":103,"o":80,"p":80}},{"type":"Feature","geometry":{"type":"Point","coordinates":[127.18739000000001,37.398034]},"properties":{"row":8,"col":23,"walk_min":32.0,"nearest_station_id":"kr_236","nearest_station_name":"Samdong","nearest_station_name_ko":"삼동","a":99,"b":99,"c":101,"d":101,"e":75,"f":75,"g":99,"h":99,"i":85,"j":85,"k":90,"l":90,"m":101,"n":101,"o":107,"p":107}},{"type":"Feature","geometry":{"type":"Point","coordinates":[126.92782,37.579733999999995]},"properties":{"row":15,"col":13,"walk_min":11.8,"nearest_station_id":"kr_110","nearest_station_name":"Hongje (Seoul Culture Arts Univ.)","nearest_station_name_ko":"홍제(서울문화예술대)","a":31,"b":31,"c":28,"d":28,"e":48,"f":48,"g":34,"h":34,"i":51,"j":51,"k":55,"l":55,"m":44,"n":44,"o":39,"p":39}},{"type":"Feature","geometry":{"type":"Point","coordinates":[127.16143400000001,37.631644]},"properties":{"row":17,"col":22,"walk_min":22.7,"nearest_station_id":"kr_352","nearest_station_name":"Dasan","nearest_station_name_ko":"다산","a":79,"b":79,"c":78,"d":78,"e":71,"f":71,"g":64,"h":64,"i":82,"j":82,"k":66,"l":66,"m":73,"n":73,"o":89,"p":89}},{"type":"Feature","geometry":{"type":"Point","coordinates":[126.823994,37.527820000000006]},"properties":{"row":13,"col":9,"walk_min":17.2,"nearest_station_id":"kr_297","nearest_station_name":"Hwagok","nearest_station_name_ko":"화곡","a":48,"b":48,"c":51,"d":51,"e":58,"f":58,"g":63,"h":63,"i":54,"j":54,"k":71,"l":71,"m":72,"n":72,"o":45,"p":45}},{"type":"Feature","geometry":{"type":"Point","coordinates":[126.77208,37.320164]},"properties":{"row":5,"col":7,"walk_min":17.6,"nearest_station_id":"kr_263","nearest_station_name":"Ansan","nearest_station_name_ko":"안산","a":99,"b":99,"c":102,"d":102,"e":96,"f":96,"g":113,"h":113,"i":85,"j":85,"k":111,"l":111,"m":120,"n":120,"o":99,"p":99}},{"type":"Feature","geometry":{"type":"Point","coordinates":[126.87590399999999,37.44995]},"properties":{"row":10,"col":11,"walk_min":17.3,"nearest_station_id":"kr_008","nearest_station_name":"Geumcheon-gu Office","nearest_station_name_ko":"금천구청","a":43,"b":43,"c":46,"d":46,"e":53,"f":53,"g":58,"h":58,"i":49,"j":49,"k":66,"l":66,"m":67,"n":67,"o":44,"p":44}},{"type":"Feature","geometry":{"type":"Point","coordinates":[126.823994,37.579733999999995]},"properties":{"row":15,"col":9,"walk_min":23.2,"nearest_station_id":"kr_441","nearest_station_name":"방화","nearest_station_name_ko":"방화","a":68,"b":68,"c":66,"d":66,"e":74,"f":74,"g":79,"h":79,"i":70,"j":70,"k":87,"l":87,"m":88,"n":88,"o":55,"p":55}},{"type":"Feature","geometry":{"type":"Point","coordinates":[127.057604,37.735473999999996]},"properties":{"row":21,"col":18,"walk_min":16.3,"nearest_station_id":"kr_065","nearest_station_name":"Uijeongbu","nearest_station_name_ko":"의정부","a":72,"b":72,"c":70,"d":70,"e":84,"f":84,"g":70,"h":70,"i":92,"j":92,"k":84,"l":84,"m":72,"n":72,"o":81,"p":81}},{"type":"Feature","geometry":{"type":"Point","coordinates":[127.10952000000002,37.631644]},"properties":{"row":17,"col":20,"walk_min":25.0,"nearest_station_id":"kr_438","nearest_station_name":"Byeollae","nearest_station_name_ko":"별내","a":86,"b":86,"c":85,"d":85,"e":78,"f":78,"g":72,"h":72,"i":89,"j":89,"k":73,"l":73,"m":81,"n":81,"o":96,"p":96}},{"type":"Feature","geometry":{"type":"Point","coordinates":[127.00569,37.60569]},"properties":{"row":16,"col":16,"walk_min":15.8,"nearest_station_id":"kr_082","nearest_station_name":"Gireum","nearest_station_name_ko":"길음","a":36,"b":36,"c":34,"d":34,"e":48,"f":48,"g":35,"h":35,"i":56,"j":56,"k":55,"l":55,"m":44,"n":44,"o":46,"p":46}},{"type":"Feature","geometry":{"type":"Point","coordinates":[127.057604,37.761433999999994]},"properties":{"row":22,"col":18,"walk_min":18.0,"nearest_station_id":"kr_421","nearest_station_name":"Nogyang","nearest_station_name_ko":"녹양","a":79,"b":79,"c":77,"d":77,"e":91,"f":91,"g":77,"h":77,"i":99,"j":99,"k":90,"l":90,"m":79,"n":79,"o":88,"p":88}},{"type":"Feature","geometry":{"type":"Point","coordinates":[126.901864,37.29421000000001]},"properties":{"row":4,"col":12,"walk_min":37.0,"nearest_station_id":"kr_415","nearest_station_name":"Banwol","nearest_station_name_ko":"반월","a":99,"b":99,"c":101,"d":101,"e":96,"f":96,"g":113,"h":113,"i":85,"j":85,"k":111,"l":111,"m":120,"n":120,"o":99,"p":99}},{"type":"Feature","geometry":{"type":"Point","coordinates":[126.823994,37.657604000000006]},"properties":{"row":18,"col":9,"walk_min":18.9,"nearest_station_id":"kr_145","nearest_station_name":"Wondang","nearest_station_name_ko":"원당","a":66,"b":66,"c":64,"d":64,"e":83,"f":83,"g":70,"h":70,"i":86,"j":86,"k":90,"l":90,"m":79,"n":79,"o":75,"p":75}},{"type":"Feature","geometry":{"type":"Point","coordinates":[127.031644,37.78739]},"properties":{"row":23,"col":17,"walk_min":25.2,"nearest_station_id":"kr_092","nearest_station_name":"Yangju","nearest_station_name_ko":"양주","a":89,"b":89,"c":87,"d":87,"e":101,"f":101,"g":87,"h":87,"i":109,"j":109,"k":100,"l":100,"m":89,"n":89,"o":98,"p":98}},{"type":"Feature","geometry":{"type":"Point","coordinates":[127.10952000000002,37.320164]},"properties":{"row":5,"col":20,"walk_min":21.6,"nearest_station_id":"kr_233","nearest_station_name":"Suji-gu Office","nearest_station_name_ko":"수지구청","a":90,"b":90,"c":92,"d":92,"e":66,"f":66,"g":90,"h":90,"i":76,"j":76,"k":81,"l":81,"m":92,"n":92,"o":98,"p":98}},{"type":"Feature","geometry":{"type":"Point","coordinates":[127.083564,37.346123999999996]},"properties":{"row":6,"col":19,"walk_min":24.6,"nearest_station_id":"kr_202","nearest_station_name":"Dongcheon","nearest_station_name_ko":"동천","a":89,"b":89,"c":91,"d":91,"e":65,"f":65,"g":89,"h":89,"i":76,"j":76,"k":80,"l":80,"m":92,"n":92,"o":98,"p":98}},{"type":"Feature","geometry":{"type":"Point","coordinates":[126.720164,37.372080000000004]},"properties":{"row":7,"col":5,"walk_min":36.6,"nearest_station_id":"kr_428","nearest_station_name":"Oido","nearest_station_name_ko":"오이도","a":120,"b":120,"c":120,"d":120,"e":120,"f":120,"g":120,"h":120,"i":116,"j":116,"k":120,"l":120,"m":120,"n":120,"o":120,"p":120}},{"type":"Feature","geometry":{"type":"Point","coordinates":[126.77208,37.683564000000004]},"properties":{"row":19,"col":7,"walk_min":26.6,"nearest_station_id":"kr_350","nearest_station_name":"Juyeop","nearest_station_name_ko":"주엽","a":96,"b":96,"c":94,"d":94,"e":113,"f":113,"g":100,"h":100,"i":116,"j":116,"k":120,"l":120,"m":109,"n":109,"o":105,"p":105}},{"type":"Feature","geometry":{"type":"Point","coordinates":[126.720164,37.346123999999996]},"properties":{"row":6,"col":5,"walk_min":23.7,"nearest_station_id":"kr_351","nearest_station_name":"Jeongwang","nearest_station_name_ko":"정왕","a":114,"b":114,"c":117,"d":117,"e":111,"f":111,"g":120,"h":120,"i":100,"j":100,"k":120,"l":120,"m":120,"n":120,"o":115,"p":115}},{"type":"Feature","geometry":{"type":"Point","coordinates":[127.083564,37.683564000000004]},"properties":{"row":19,"col":19,"walk_min":21.9,"nearest_station_id":"kr_262","nearest_station_name":"Buramsan","nearest_station_name_ko":"불암산","a":65,"b":65,"c":63,"d":63,"e":77,"f":77,"g":63,"h":63,"i":85,"j":85,"k":83,"l":83,"m":72,"n":72,"o":74,"p":74}},{"type":"Feature","geometry":{"type":"Point","coordinates":[126.87590399999999,37.398034]},"properties":{"row":8,"col":11,"walk_min":29.8,"nearest_station_id":"kr_442","nearest_station_name":"Gwangmyeong","nearest_station_name_ko":"광명","a":65,"b":54,"c":68,"d":57,"e":75,"f":75,"g":79,"h":69,"i":71,"j":71,"k":88,"l":88,"m":89,"n":78,"o":66,"p":66}},{"type":"Feature","geometry":{"type":"Point","coordinates":[126.92782,37.657604000000006]},"properties":{"row":18,"col":13,"walk_min":26.4,"nearest_station_id":"kr_104","nearest_station_name":"Jichuk","nearest_station_name_ko":"지축","a":60,"b":60,"c":58,"d":58,"e":77,"f":77,"g":64,"h":64,"i":80,"j":80,"k":84,"l":84,"m":73,"n":73,"o":69,"p":69}},{"type":"Feature","geometry":{"type":"Point","coordinates":[127.16143400000001,37.60569]},"properties":{"row":16,"col":22,"walk_min":24.1,"nearest_station_id":"kr_264","nearest_station_name":"Guri","nearest_station_name_ko":"구리","a":74,"b":74,"c":72,"d":72,"e":66,"f":66,"g":59,"h":59,"i":77,"j":77,"k":61,"l":61,"m":68,"n":68,"o":84,"p":84}},{"type":"Feature","geometry":{"type":"Point","coordinates":[126.64229399999999,37.44995]},"properties":{"row":10,"col":2,"walk_min":21.8,"nearest_station_id":"kr_457","nearest_station_name":"Dowon","nearest_station_name_ko":"도원","a":85,"b":85,"c":88,"d":88,"e":95,"f":95,"g":100,"h":100,"i":91,"j":91,"k":108,"l":108,"m":109,"n":109,"o":82,"p":82}},{"type":"Feature","geometry":{"type":"Point","coordinates":[127.083564,37.29421000000001]},"properties":{"row":4,"col":19,"walk_min":19.3,"nearest_station_id":"kr_307","nearest_station_name":"Sanghyeon","nearest_station_name_ko":"상현","a":95,"b":95,"c":96,"d":96,"e":71,"f":71,"g":95,"h":95,"i":81,"j":81,"k":86,"l":86,"m":97,"n":97,"o":103,"p":103}},{"type":"Feature","geometry":{"type":"Point","coordinates":[127.00569,37.631644]},"properties":{"row":17,"col":16,"walk_min":17.3,"nearest_station_id":"kr_116","nearest_station_name":"Suyu (Gangbuk-gu Office)","nearest_station_name_ko":"수유(강북구청)","a":46,"b":46,"c":44,"d":44,"e":58,"f":58,"g":44,"h":44,"i":66,"j":66,"k":65,"l":65,"m":53,"n":53,"o":55,"p":55}},{"type":"Feature","geometry":{"type":"Point","coordinates":[127.031644,37.242294]},"properties":{"row":2,"col":17,"walk_min":25.6,"nearest_station_id":"kr_462","nearest_station_name":"Seryu","nearest_station_name_ko":"세류","a":103,"b":103,"c":106,"d":106,"e":100,"f":100,"g":118,"h":118,"i":89,"j":89,"k":115,"l":115,"m":120,"n":120,"o":104,"p":104}},{"type":"Feature","geometry":{"type":"Point","coordinates":[127.057604,37.78739]},"properties":{"row":23,"col":18,"walk_min":23.9,"nearest_station_id":"kr_092","nearest_station_name":"Yangju","nearest_station_name_ko":"양주","a":88,"b":88,"c":86,"d":86,"e":100,"f":100,"g":86,"h":86,"i":108,"j":108,"k":99,"l":99,"m":88,"n":88,"o":97,"p":97}},{"type":"Feature","geometry":{"type":"Point","coordinates":[127.135474,37.657604000000006]},"properties":{"row":18,"col":21,"walk_min":25.5,"nearest_station_id":"kr_310","nearest_station_name":"Byeollaebyeolgaram","nearest_station_name_ko":"별내별가람","a":76,"b":76,"c":74,"d":74,"e":86,"f":86,"g":74,"h":74,"i":94,"j":94,"k":94,"l":94,"m":82,"n":82,"o":84,"p":84}},{"type":"Feature","geometry":{"type":"Point","coordinates":[126.87590399999999,37.631644]},"properties":{"row":17,"col":11,"walk_min":23.3,"nearest_station_id":"kr_126","nearest_station_name":"Wonheung","nearest_station_name_ko":"원흥","a":65,"b":65,"c":62,"d":62,"e":82,"f":82,"g":69,"h":69,"i":85,"j":85,"k":89,"l":89,"m":78,"n":78,"o":74,"p":74}},{"type":"Feature","geometry":{"type":"Point","coordinates":[126.798034,37.657604000000006]},"properties":{"row":18,"col":8,"walk_min":24.3,"nearest_station_id":"kr_228","nearest_station_name":"Baekseok","nearest_station_name_ko":"백석","a":85,"b":85,"c":82,"d":82,"e":102,"f":102,"g":89,"h":89,"i":105,"j":105,"k":109,"l":109,"m":98,"n":98,"o":94,"p":94}},{"type":"Feature","geometry":{"type":"Point","coordinates":[127.213344,37.735473999999996]},"properties":{"row":21,"col":24,"walk_min":31.6,"nearest_station_id":"kr_470","nearest_station_name":"Jinjeop","nearest_station_name_ko":"진접","a":100,"b":100,"c":98,"d":98,"e":112,"f":112,"g":98,"h":98,"i":120,"j":120,"k":119,"l":119,"m":108,"n":108,"o":110,"p":110}},{"type":"Feature","geometry":{"type":"Point","coordinates":[126.823994,37.29421000000001]},"properties":{"row":4,"col":9,"walk_min":30.0,"nearest_station_id":"kr_426","nearest_station_name":"Gojan","nearest_station_name_ko":"고잔","a":105,"b":105,"c":107,"d":107,"e":101,"f":101,"g":119,"h":119,"i":91,"j":91,"k":117,"l":117,"m":120,"n":120,"o":105,"p":105}},{"type":"Feature","geometry":{"type":"Point","coordinates":[127.16143400000001,37.475904]},"properties":{"row":11,"col":22,"walk_min":22.8,"nearest_station_id":"kr_440","nearest_station_name":"Macheon","nearest_station_name_ko":"마천","a":74,"b":74,"c":73,"d":73,"e":53,"f":53,"g":60,"h":60,"i":63,"j":63,"k":48,"l":48,"m":59,"n":59,"o":83,"p":83}},{"type":"Feature","geometry":{"type":"Point","coordinates":[126.77208,37.579733999999995]},"properties":{"row":15,"col":7,"walk_min":34.8,"nearest_station_id":"kr_429","nearest_station_name":"Gaehwa","nearest_station_name_ko":"개화","a":79,"b":79,"c":77,"d":77,"e":85,"f":85,"g":91,"h":91,"i":81,"j":81,"k":98,"l":98,"m":100,"n":100,"o":66,"p":66}},{"type":"Feature","geometry":{"type":"Point","coordinates":[127.031644,37.44995]},"properties":{"row":10,"col":17,"walk_min":18.0,"nearest_station_id":"kr_040","nearest_station_name":"Cheonggyesan","nearest_station_name_ko":"청계산입구","a":54,"b":54,"c":56,"d":56,"e":30,"f":30,"g":55,"h":55,"i":41,"j":41,"k":46,"l":46,"m":57,"n":57,"o":63,"p":63}},{"type":"Feature","geometry":{"type":"Point","coordinates":[127.16143400000001,37.527820000000006]},"properties":{"row":13,"col":22,"walk_min":23.5,"nearest_station_id":"kr_437","nearest_station_name":"VHS Medical Center","nearest_station_name_ko":"보훈병원","a":68,"b":68,"c":68,"d":68,"e":48,"f":48,"g":54,"h":54,"i":60,"j":60,"k":44,"l":44,"m":54,"n":54,"o":78,"p":78}},{"type":"Feature","geometry":{"type":"Point","coordinates":[127.18739000000001,37.735473999999996]},"properties":{"row":21,"col":23,"walk_min":36.8,"nearest_station_id":"kr_470","nearest_station_name":"Jinjeop","nearest_station_name_ko":"진접","a":105,"b":105,"c":103,"d":103,"e":117,"f":117,"g":103,"h":103,"i":120,"j":120,"k":120,"l":120,"m":113,"n":113,"o":115,"p":115}},{"type":"Feature","geometry":{"type":"Point","coordinates":[127.16143400000001,37.42399400000001]},"properties":{"row":9,"col":22,"walk_min":25.2,"nearest_station_id":"kr_265","nearest_station_name":"Dandaeogeori","nearest_station_name_ko":"단대오거리","a":83,"b":83,"c":85,"d":85,"e":61,"f":61,"g":75,"h":75,"i":72,"j":72,"k":56,"l":56,"m":67,"n":67,"o":91,"p":91}},{"type":"Feature","geometry":{"type":"Point","coordinates":[127.10952000000002,37.683564000000004]},"properties":{"row":19,"col":20,"walk_min":31.0,"nearest_station_id":"kr_310","nearest_station_name":"Byeollaebyeolgaram","nearest_station_name_ko":"별내별가람","a":81,"b":81,"c":79,"d":79,"e":92,"f":92,"g":79,"h":79,"i":100,"j":100,"k":99,"l":99,"m":88,"n":88,"o":90,"p":90}},{"type":"Feature","geometry":{"type":"Point","coordinates":[127.057604,37.320164]},"properties":{"row":5,"col":18,"walk_min":25.8,"nearest_station_id":"kr_266","nearest_station_name":"Seongbok","nearest_station_name_ko":"성복","a":97,"b":97,"c":99,"d":99,"e":74,"f":74,"g":98,"h":98,"i":84,"j":84,"k":89,"l":89,"m":100,"n":100,"o":106,"p":106}},{"type":"Feature","geometry":{"type":"Point","coordinates":[127.18739000000001,37.683564000000004]},"properties":{"row":19,"col":23,"walk_min":30.8,"nearest_station_id":"kr_361","nearest_station_name":"Onam","nearest_station_name_ko":"오남","a":95,"b":95,"c":93,"d":93,"e":107,"f":107,"g":93,"h":93,"i":115,"j":115,"k":114,"l":114,"m":102,"n":102,"o":104,"p":104}},{"type":"Feature","geometry":{"type":"Point","coordinates":[126.901864,37.398034]},"properties":{"row":8,"col":12,"walk_min":27.0,"nearest_station_id":"kr_010","nearest_station_name":"Anyang","nearest_station_name_ko":"안양","a":66,"b":66,"c":68,"d":68,"e":75,"f":75,"g":80,"h":80,"i":66,"j":66,"k":89,"l":89,"m":89,"n":89,"o":66,"p":66}},{"type":"Feature","geometry":{"type":"Point","coordinates":[127.213344,37.42399400000001]},"properties":{"row":9,"col":24,"walk_min":39.7,"nearest_station_id":"kr_236","nearest_station_name":"Samdong","nearest_station_name_ko":"삼동","a":107,"b":107,"c":109,"d":109,"e":83,"f":83,"g":107,"h":107,"i":93,"j":93,"k":98,"l":98,"m":109,"n":109,"o":115,"p":115}},{"type":"Feature","geometry":{"type":"Point","coordinates":[126.84994999999999,37.631644]},"properties":{"row":17,"col":10,"walk_min":23.0,"nearest_station_id":"kr_167","nearest_station_name":"Hwajeong","nearest_station_name_ko":"화정","a":75,"b":75,"c":72,"d":72,"e":92,"f":92,"g":79,"h":79,"i":95,"j":95,"k":99,"l":99,"m":88,"n":88,"o":84,"p":84}},{"type":"Feature","geometry":{"type":"Point","coordinates":[127.00569,37.29421000000001]},"properties":{"row":4,"col":16,"walk_min":30.3,"nearest_station_id":"kr_461","nearest_station_name":"Hwaseo","nearest_station_name_ko":"화서","a":98,"b":98,"c":101,"d":101,"e":95,"f":95,"g":112,"h":112,"i":84,"j":84,"k":110,"l":110,"m":120,"n":120,"o":99,"p":99}},{"type":"Feature","geometry":{"type":"Point","coordinates":[127.135474,37.372080000000004]},"properties":{"row":7,"col":21,"walk_min":31.4,"nearest_station_id":"kr_108","nearest_station_name":"Imae","nearest_station_name_ko":"이매","a":85,"b":85,"c":87,"d":87,"e":61,"f":61,"g":85,"h":85,"i":71,"j":71,"k":76,"l":76,"m":87,"n":87,"o":93,"p":93}},{"type":"Feature","geometry":{"type":"Point","coordinates":[126.87590399999999,37.320164]},"properties":{"row":5,"col":11,"walk_min":30.7,"nearest_station_id":"kr_114","nearest_station_name":"Sangnoksu","nearest_station_name_ko":"상록수","a":97,"b":97,"c":99,"d":99,"e":94,"f":94,"g":111,"h":111,"i":83,"j":83,"k":109,"l":109,"m":120,"n":120,"o":97,"p":97}},{"type":"Feature","geometry":{"type":"Point","coordinates":[127.18739000000001,37.42399400000001]},"properties":{"row":9,"col":23,"walk_min":31.6,"nearest_station_id":"kr_236","nearest_station_name":"Samdong","nearest_station_name_ko":"삼동","a":99,"b":99,"c":101,"d":101,"e":75,"f":75,"g":99,"h":99,"i":85,"j":85,"k":90,"l":90,"m":101,"n":101,"o":107,"p":107}},{"type":"Feature","geometry":{"type":"Point","coordinates":[126.69421,37.527820000000006]},"properties":{"row":13,"col":4,"walk_min":32.7,"nearest_station_id":"kr_258","nearest_station_name":"Sangok","nearest_station_name_ko":"산곡","a":89,"b":89,"c":92,"d":92,"e":99,"f":99,"g":104,"h":104,"i":95,"j":95,"k":112,"l":112,"m":113,"n":113,"o":86,"p":86}},{"type":"Feature","geometry":{"type":"Point","coordinates":[127.18739000000001,37.579733999999995]},"properties":{"row":15,"col":23,"walk_min":33.7,"nearest_station_id":"kr_331","nearest_station_name":"Misa","nearest_station_name_ko":"미사","a":86,"b":86,"c":85,"d":85,"e":76,"f":76,"g":71,"h":71,"i":87,"j":87,"k":71,"l":71,"m":80,"n":80,"o":96,"p":96}},{"type":"Feature","geometry":{"type":"Point","coordinates":[127.031644,37.813343999999994]},"properties":{"row":24,"col":17,"walk_min":30.4,"nearest_station_id":"kr_447","nearest_station_name":"Deokgye","nearest_station_name_ko":"덕계","a":104,"b":104,"c":102,"d":102,"e":116,"f":116,"g":102,"h":102,"i":120,"j":120,"k":115,"l":115,"m":104,"n":104,"o":113,"p":113}},{"type":"Feature","geometry":{"type":"Point","coordinates":[127.057604,37.42399400000001]},"properties":{"row":9,"col":18,"walk_min":37.1,"nearest_station_id":"kr_040","nearest_station_name":"Cheonggyesan","nearest_station_name_ko":"청계산입구","a":73,"b":73,"c":75,"d":75,"e":49,"f":49,"g":74,"h":74,"i":60,"j":60,"k":65,"l":65,"m":76,"n":76,"o":82,"p":82}},{"type":"Feature","geometry":{"type":"Point","coordinates":[127.10952000000002,37.44995]},"properties":{"row":10,"col":20,"walk_min":45.1,"nearest_station_id":"kr_146","nearest_station_name":"Bokjeong","nearest_station_name_ko":"복정","a":93,"b":93,"c":95,"d":95,"e":71,"f":71,"g":85,"h":85,"i":82,"j":82,"k":66,"l":66,"m":77,"n":77,"o":101,"p":101}},{"type":"Feature","geometry":{"type":"Point","coordinates":[126.97973400000001,37.372080000000004]},"properties":{"row":7,"col":15,"walk_min":34.9,"nearest_station_id":"kr_284","nearest_station_name":"Pyeongchon","nearest_station_name_ko":"평촌","a":80,"b":80,"c":83,"d":83,"e":71,"f":71,"g":94,"h":94,"i":60,"j":60,"k":86,"l":86,"m":97,"n":97,"o":88,"p":88}},{"type":"Feature","geometry":{"type":"Point","coordinates":[127.10952000000002,37.579733999999995]},"properties":{"row":15,"col":20,"walk_min":22.4,"nearest_station_id":"kr_120","nearest_station_name":"사가정","nearest_station_name_ko":"사가정","a":53,"b":53,"c":52,"d":52,"e":56,"f":56,"g":38,"h":38,"i":61,"j":61,"k":59,"l":59,"m":47,"n":47,"o":63,"p":63}},{"type":"Feature","geometry":{"type":"Point","coordinates":[126.97973400000001,37.320164]},"properties":{"row":5,"col":15,"walk_min":33.9,"nearest_station_id":"kr_085","nearest_station_name":"Sungkyunkwan Univ","nearest_station_name_ko":"성균관대","a":97,"b":97,"c":100,"d":100,"e":94,"f":94,"g":112,"h":112,"i":83,"j":83,"k":109,"l":109,"m":120,"n":120,"o":98,"p":98}},{"type":"Feature","geometry":{"type":"Point","coordinates":[126.87590399999999,37.579733999999995]},"properties":{"row":15,"col":11,"walk_min":31.7,"nearest_station_id":"kr_327","nearest_station_name":"디지털미디어시티","nearest_station_name_ko":"디지털미디어시티","a":58,"b":58,"c":61,"d":61,"e":72,"f":72,"g":71,"h":71,"i":68,"j":68,"k":85,"l":85,"m":80,"n":80,"o":68,"p":68}},{"type":"Feature","geometry":{"type":"Point","coordinates":[126.720164,37.527820000000006]},"properties":{"row":13,"col":5,"walk_min":27.7,"nearest_station_id":"kr_287","nearest_station_name":"Bupyeong-gu Office","nearest_station_name_ko":"부평구청","a":81,"b":81,"c":84,"d":84,"e":91,"f":91,"g":96,"h":96,"i":87,"j":87,"k":104,"l":104,"m":105,"n":105,"o":78,"p":78}},{"type":"Feature","geometry":{"type":"Point","coordinates":[126.720164,37.44995]},"properties":{"row":10,"col":5,"walk_min":34.5,"nearest_station_id":"kr_378","nearest_station_name":"Dongam","nearest_station_name_ko":"동암","a":88,"b":88,"c":90,"d":90,"e":98,"f":98,"g":102,"h":102,"i":92,"j":92,"k":110,"l":110,"m":112,"n":112,"o":84,"p":84}},{"type":"Feature","geometry":{"type":"Point","coordinates":[126.720164,37.683564000000004]},"properties":{"row":19,"col":5,"walk_min":30.3,"nearest_station_id":"kr_424","nearest_station_name":"Daehwa","nearest_station_name_ko":"대화","a":102,"b":102,"c":100,"d":100,"e":119,"f":119,"g":106,"h":106,"i":120,"j":120,"k":120,"l":120,"m":115,"n":115,"o":111,"p":111}},{"type":"Feature","geometry":{"type":"Point","coordinates":[127.057604,37.21634]},"properties":{"row":1,"col":18,"walk_min":34.6,"nearest_station_id":"kr_466","nearest_station_name":"Seodongtan","nearest_station_name_ko":"서동탄","a":120,"b":120,"c":120,"d":120,"e":120,"f":120,"g":120,"h":120,"i":111,"j":111,"k":120,"l":120,"m":120,"n":120,"o":120,"p":120}},{"type":"Feature","geometry":{"type":"Point","coordinates":[126.92782,37.42399400000001]},"properties":{"row":9,"col":13,"walk_min":34.7,"nearest_station_id":"kr_413","nearest_station_name":"Gwanak","nearest_station_name_ko":"관악","a":70,"b":70,"c":73,"d":73,"e":80,"f":80,"g":84,"h":84,"i":76,"j":76,"k":93,"l":93,"m":94,"n":94,"o":71,"p":71}},{"type":"Feature","geometry":{"type":"Point","coordinates":[126.901864,37.346123999999996]},"properties":{"row":6,"col":12,"walk_min":30.8,"nearest_station_id":"kr_364","nearest_station_name":"Surisan","nearest_station_name_ko":"수리산","a":83,"b":83,"c":86,"d":86,"e":80,"f":80,"g":98,"h":98,"i":69,"j":69,"k":95,"l":95,"m":106,"n":106,"o":84,"p":84}},{"type":"Feature","geometry":{"type":"Point","coordinates":[127.16143400000001,37.579733999999995]},"properties":{"row":15,"col":22,"walk_min":26.5,"nearest_station_id":"kr_231","nearest_station_name":"Jangja Lake Park","nearest_station_name_ko":"장자호수공원","a":72,"b":72,"c":72,"d":72,"e":64,"f":64,"g":58,"h":58,"i":76,"j":76,"k":60,"l":60,"m":68,"n":68,"o":82,"p":82}},{"type":"Feature","geometry":{"type":"Point","coordinates":[126.953774,37.60569]},"properties":{"row":16,"col":14,"walk_min":31.6,"nearest_station_id":"kr_080","nearest_station_name":"녹번","nearest_station_name_ko":"녹번","a":54,"b":54,"c":51,"d":51,"e":71,"f":71,"g":58,"h":58,"i":74,"j":74,"k":78,"l":78,"m":67,"n":67,"o":63,"p":63}},{"type":"Feature","geometry":{"type":"Point","coordinates":[126.74612400000001,37.527820000000006]},"properties":{"row":13,"col":6,"walk_min":31.5,"nearest_station_id":"kr_315","nearest_station_name":"삼산체육관","nearest_station_name_ko":"삼산체육관","a":80,"b":80,"c":82,"d":82,"e":90,"f":90,"g":94,"h":94,"i":86,"j":86,"k":104,"l":104,"m":104,"n":104,"o":76,"p":76}},{"type":"Feature","geometry":{"type":"Point","coordinates":[126.61634,37.44995]},"properties":{"row":10,"col":1,"walk_min":40.5,"nearest_station_id":"kr_458","nearest_station_name":"Incheon","nearest_station_name_ko":"인천","a":108,"b":108,"c":110,"d":110,"e":118,"f":118,"g":120,"h":120,"i":114,"j":114,"k":120,"l":120,"m":120,"n":120,"o":104,"p":104}},{"type":"Feature","geometry":{"type":"Point","coordinates":[127.00569,37.657604000000006]},"properties":{"row":18,"col":16,"walk_min":34.2,"nearest_station_id":"kr_125","nearest_station_name":"Ssangmun","nearest_station_name_ko":"쌍문","a":66,"b":66,"c":64,"d":64,"e":78,"f":78,"g":64,"h":64,"i":86,"j":86,"k":85,"l":85,"m":73,"n":73,"o":75,"p":75}},{"type":"Feature","geometry":{"type":"Point","coordinates":[126.77208,37.527820000000006]},"properties":{"row":13,"col":7,"walk_min":30.8,"nearest_station_id":"kr_280","nearest_station_name":"부천시청","nearest_station_name_ko":"부천시청","a":75,"b":75,"c":78,"d":78,"e":85,"f":85,"g":90,"h":90,"i":81,"j":81,"k":98,"l":98,"m":99,"n":99,"o":72,"p":72}},{"type":"Feature","geometry":{"type":"Point","coordinates":[126.97973400000001,37.60569]},"properties":{"row":16,"col":15,"walk_min":41.5,"nearest_station_id":"kr_061","nearest_station_name":"Hansung Univ. (Samseongyo)","nearest_station_name_ko":"한성대입구(삼선교)","a":56,"b":56,"c":54,"d":54,"e":68,"f":68,"g":54,"h":54,"i":76,"j":76,"k":74,"l":74,"m":64,"n":64,"o":66,"p":66}},{"type":"Feature","geometry":{"type":"Point","coordinates":[127.00569,37.21634]},"properties":{"row":1,"col":16,"walk_min":47.6,"nearest_station_id":"kr_047","nearest_station_name":"Byeongjeom","nearest_station_name_ko":"병점","a":120,"b":120,"c":120,"d":120,"e":120,"f":120,"g":120,"h":120,"i":119,"j":119,"k":120,"l":120,"m":120,"n":120,"o":120,"p":120}},{"type":"Feature","geometry":{"type":"Point","coordinates":[127.18739000000001,37.527820000000006]},"properties":{"row":13,"col":23,"walk_min":35.4,"nearest_station_id":"kr_360","nearest_station_name":"Hanam City Hall (Deokpung·Sinjang)","nearest_station_name_ko":"하남시청(덕풍·신장)","a":93,"b":93,"c":92,"d":92,"e":83,"f":83,"g":78,"h":78,"i":94,"j":94,"k":78,"l":78,"m":87,"n":87,"o":103,"p":103}},{"type":"Feature","geometry":{"type":"Point","coordinates":[127.213344,37.683564000000004]},"properties":{"row":19,"col":24,"walk_min":40.2,"nearest_station_id":"kr_361","nearest_station_name":"Onam","nearest_station_name_ko":"오남","a":104,"b":104,"c":102,"d":102,"e":116,"f":116,"g":102,"h":102,"i":120,"j":120,"k":120,"l":120,"m":111,"n":111,"o":113,"p":113}},{"type":"Feature","geometry":{"type":"Point","coordinates":[126.798034,37.527820000000006]},"properties":{"row":13,"col":8,"walk_min":32.8,"nearest_station_id":"kr_206","nearest_station_name":"부천종합운동장","nearest_station_name_ko":"부천종합운동장","a":70,"b":70,"c":73,"d":73,"e":80,"f":80,"g":85,"h":85,"i":76,"j":76,"k":93,"l":93,"m":94,"n":94,"o":67,"p":67}},{"type":"Feature","geometry":{"type":"Point","coordinates":[126.798034,37.29421000000001]},"properties":{"row":4,"col":8,"walk_min":41.4,"nearest_station_id":"kr_230","nearest_station_name":"Choji","nearest_station_name_ko":"초지","a":118,"b":118,"c":120,"d":120,"e":115,"f":115,"g":120,"h":120,"i":104,"j":104,"k":120,"l":120,"m":120,"n":120,"o":119,"p":119}},{"type":"Feature","geometry":{"type":"Point","coordinates":[126.720164,37.657604000000006]},"properties":{"row":18,"col":5,"walk_min":34.0,"nearest_station_id":"kr_424","nearest_station_name":"Daehwa","nearest_station_name_ko":"대화","a":106,"b":106,"c":104,"d":104,"e":120,"f":120,"g":110,"h":110,"i":120,"j":120,"k":120,"l":120,"m":119,"n":119,"o":115,"p":115}},{"type":"Feature","geometry":{"type":"Point","coordinates":[126.590384,37.475904]},"properties":{"row":11,"col":0,"walk_min":26.9,"nearest_station_id":"kr_458","nearest_station_name":"Incheon","nearest_station_name_ko":"인천","a":95,"b":95,"c":97,"d":97,"e":104,"f":104,"g":109,"h":109,"i":100,"j":100,"k":118,"l":118,"m":118,"n":118,"o":91,"p":91}},{"type":"Feature","geometry":{"type":"Point","coordinates":[126.953774,37.44995]},"properties":{"row":10,"col":14,"walk_min":33.6,"nearest_station_id":"kr_319","nearest_station_name":"Nakseongdae","nearest_station_name_ko":"낙성대","a":57,"b":57,"c":60,"d":60,"e":48,"f":48,"g":71,"h":71,"i":37,"j":37,"k":63,"l":63,"m":74,"n":74,"o":66,"p":66}},{"type":"Feature","geometry":{"type":"Point","coordinates":[126.953774,37.631644]},"properties":{"row":17,"col":14,"walk_min":40.2,"nearest_station_id":"kr_409","nearest_station_name":"독바위","nearest_station_name_ko":"독바위","a":67,"b":67,"c":64,"d":64,"e":84,"f":84,"g":70,"h":70,"i":87,"j":87,"k":91,"l":91,"m":80,"n":80,"o":75,"p":75}},{"type":"Feature","geometry":{"type":"Point","coordinates":[126.84994999999999,37.44995]},"properties":{"row":10,"col":10,"walk_min":34.6,"nearest_station_id":"kr_256","nearest_station_name":"Cheolsan","nearest_station_name_ko":"철산","a":75,"b":75,"c":78,"d":78,"e":75,"f":75,"g":89,"h":89,"i":80,"j":80,"k":88,"l":88,"m":99,"n":99,"o":72,"p":72}},{"type":"Feature","geometry":{"type":"Point","coordinates":[126.823994,37.60569]},"properties":{"row":16,"col":9,"walk_min":37.5,"nearest_station_id":"kr_198","nearest_station_name":"Daegok","nearest_station_name_ko":"대곡","a":94,"b":94,"c":90,"d":90,"e":110,"f":110,"g":98,"h":98,"i":114,"j":114,"k":118,"l":118,"m":106,"n":106,"o":102,"p":102}},{"type":"Feature","geometry":{"type":"Point","coordinates":[127.10952000000002,37.42399400000001]},"properties":{"row":9,"col":20,"walk_min":39.3,"nearest_station_id":"kr_439","nearest_station_name":"Moran","nearest_station_name_ko":"모란","a":103,"b":103,"c":105,"d":105,"e":81,"f":81,"g":95,"h":95,"i":92,"j":92,"k":76,"l":76,"m":88,"n":88,"o":112,"p":112}},{"type":"Feature","geometry":{"type":"Point","coordinates":[126.84994999999999,37.42399400000001]},"properties":{"row":9,"col":10,"walk_min":43.3,"nearest_station_id":"kr_442","nearest_station_name":"Gwangmyeong","nearest_station_name_ko":"광명","a":78,"b":67,"c":81,"d":70,"e":88,"f":88,"g":92,"h":82,"i":84,"j":84,"k":101,"l":101,"m":102,"n":91,"o":79,"p":79}},{"type":"Feature","geometry":{"type":"Point","coordinates":[127.031644,37.42399400000001]},"properties":{"row":9,"col":17,"walk_min":33.7,"nearest_station_id":"kr_346","nearest_station_name":"Seoul Grand park","nearest_station_name_ko":"대공원","a":66,"b":66,"c":68,"d":68,"e":56,"f":56,"g":79,"h":79,"i":46,"j":46,"k":72,"l":72,"m":83,"n":83,"o":74,"p":74}},{"type":"Feature","geometry":{"type":"Point","coordinates":[126.84994999999999,37.60569]},"properties":{"row":16,"col":10,"walk_min":47.5,"nearest_station_id":"kr_167","nearest_station_name":"Hwajeong","nearest_station_name_ko":"화정","a":100,"b":100,"c":96,"d":96,"e":116,"f":116,"g":104,"h":104,"i":120,"j":120,"k":120,"l":120,"m":112,"n":112,"o":108,"p":108}},{"type":"Feature","geometry":{"type":"Point","coordinates":[126.668254,37.501864]},"properties":{"row":12,"col":3,"walk_min":36.0,"nearest_station_id":"kr_258","nearest_station_name":"Sangok","nearest_station_name_ko":"산곡","a":92,"b":92,"c":95,"d":95,"e":102,"f":102,"g":107,"h":107,"i":98,"j":98,"k":115,"l":115,"m":116,"n":116,"o":89,"p":89}},{"type":"Feature","geometry":{"type":"Point","coordinates":[127.16143400000001,37.70952]},"properties":{"row":20,"col":22,"walk_min":39.5,"nearest_station_id":"kr_361","nearest_station_name":"Onam","nearest_station_name_ko":"오남","a":104,"b":104,"c":102,"d":102,"e":116,"f":116,"g":102,"h":102,"i":120,"j":120,"k":120,"l":120,"m":110,"n":110,"o":112,"p":112}},{"type":"Feature","geometry":{"type":"Point","coordinates":[127.031644,37.268254]},"properties":{"row":3,"col":17,"walk_min":40.4,"nearest_station_id":"kr_357","nearest_station_name":"Gwanggyo Jungang","nearest_station_name_ko":"광교중앙","a":119,"b":119,"c":120,"d":120,"e":96,"f":96,"g":120,"h":120,"i":106,"j":106,"k":111,"l":111,"m":120,"n":120,"o":120,"p":120}},{"type":"Feature","geometry":{"type":"Point","coordinates":[126.953774,37.268254]},"properties":{"row":3,"col":14,"walk_min":42.4,"nearest_station_id":"kr_461","nearest_station_name":"Hwaseo","nearest_station_name_ko":"화서","a":110,"b":110,"c":113,"d":113,"e":107,"f":107,"g":120,"h":120,"i":96,"j":96,"k":120,"l":120,"m":120,"n":120,"o":111,"p":111}},{"type":"Feature","geometry":{"type":"Point","coordinates":[127.083564,37.398034]},"properties":{"row":8,"col":19,"walk_min":44.9,"nearest_station_id":"kr_041","nearest_station_name":"Pangyo","nearest_station_name_ko":"판교","a":96,"b":96,"c":98,"d":98,"e":72,"f":72,"g":96,"h":96,"i":82,"j":82,"k":87,"l":87,"m":98,"n":98,"o":104,"p":104}},{"type":"Feature","geometry":{"type":"Point","coordinates":[127.10952000000002,37.29421000000001]},"properties":{"row":4,"col":20,"walk_min":47.6,"nearest_station_id":"kr_233","nearest_station_name":"Suji-gu Office","nearest_station_name_ko":"수지구청","a":116,"b":116,"c":118,"d":118,"e":92,"f":92,"g":116,"h":116,"i":102,"j":102,"k":107,"l":107,"m":118,"n":118,"o":120,"p":120}},{"type":"Feature","geometry":{"type":"Point","coordinates":[126.901864,37.372080000000004]},"properties":{"row":7,"col":12,"walk_min":39.8,"nearest_station_id":"kr_459","nearest_station_name":"Myeonghak","nearest_station_name_ko":"명학","a":83,"b":83,"c":86,"d":86,"e":86,"f":86,"g":98,"h":98,"i":75,"j":75,"k":101,"l":101,"m":107,"n":107,"o":84,"p":84}},{"type":"Feature","geometry":{"type":"Point","coordinates":[127.18739000000001,37.44995]},"properties":{"row":10,"col":23,"walk_min":39.3,"nearest_station_id":"kr_232","nearest_station_name":"Namhansanseong","nearest_station_name_ko":"남한산성입구","a":95,"b":95,"c":97,"d":97,"e":73,"f":73,"g":87,"h":87,"i":84,"j":84,"k":68,"l":68,"m":79,"n":79,"o":104,"p":104}},{"type":"Feature","geometry":{"type":"Point","coordinates":[127.057604,37.268254]},"properties":{"row":3,"col":18,"walk_min":40.2,"nearest_station_id":"kr_357","nearest_station_name":"Gwanggyo Jungang","nearest_station_name_ko":"광교중앙","a":119,"b":119,"c":120,"d":120,"e":96,"f":96,"g":120,"h":120,"i":106,"j":106,"k":111,"l":111,"m":120,"n":120,"o":120,"p":120}},{"type":"Feature","geometry":{"type":"Point","coordinates":[127.213344,37.579733999999995]},"properties":{"row":15,"col":24,"walk_min":85.2,"nearest_station_id":"kr_331","nearest_station_name":"Misa","nearest_station_name_ko":"미사","a":120,"b":120,"c":120,"d":120,"e":120,"f":120,"g":120,"h":120,"i":120,"j":120,"k":120,"l":120,"m":120,"n":120,"o":120,"p":120}},{"type":"Feature","geometry":{"type":"Point","coordinates":[127.083564,37.70952]},"properties":{"row":20,"col":19,"walk_min":43.8,"nearest_station_id":"kr_467","nearest_station_name":"Jangam","nearest_station_name_ko":"장암","a":92,"b":92,"c":90,"d":90,"e":104,"f":104,"g":90,"h":90,"i":112,"j":112,"k":104,"l":104,"m":93,"n":93,"o":102,"p":102}},{"type":"Feature","geometry":{"type":"Point","coordinates":[126.92782,37.44995]},"properties":{"row":10,"col":13,"walk_min":35.0,"nearest_station_id":"kr_392","nearest_station_name":"Seoksu","nearest_station_name_ko":"석수","a":66,"b":66,"c":69,"d":69,"e":76,"f":76,"g":81,"h":81,"i":72,"j":72,"k":89,"l":89,"m":90,"n":90,"o":67,"p":67}},{"type":"Feature","geometry":{"type":"Point","coordinates":[127.135474,37.683564000000004]},"properties":{"row":19,"col":21,"walk_min":62.4,"nearest_station_id":"kr_310","nearest_station_name":"Byeollaebyeolgaram","nearest_station_name_ko":"별내별가람","a":112,"b":112,"c":110,"d":110,"e":120,"f":120,"g":110,"h":110,"i":120,"j":120,"k":120,"l":120,"m":119,"n":119,"o":120,"p":120}},{"type":"Feature","geometry":{"type":"Point","coordinates":[126.92782,37.29421000000001]},"properties":{"row":4,"col":13,"walk_min":46.8,"nearest_station_id":"kr_415","nearest_station_name":"Banwol","nearest_station_name_ko":"반월","a":109,"b":109,"c":111,"d":111,"e":106,"f":106,"g":120,"h":120,"i":95,"j":95,"k":120,"l":120,"m":120,"n":120,"o":109,"p":109}},{"type":"Feature","geometry":{"type":"Point","coordinates":[126.798034,37.44995]},"properties":{"row":10,"col":8,"walk_min":44.0,"nearest_station_id":"kr_451","nearest_station_name":"Sosa","nearest_station_name_ko":"소사","a":79,"b":79,"c":81,"d":81,"e":88,"f":88,"g":93,"h":93,"i":84,"j":84,"k":102,"l":102,"m":102,"n":102,"o":76,"p":76}},{"type":"Feature","geometry":{"type":"Point","coordinates":[126.74612400000001,37.631644]},"properties":{"row":17,"col":6,"walk_min":94.0,"nearest_station_id":"kr_261","nearest_station_name":"Madu","nearest_station_name_ko":"마두","a":120,"b":120,"c":120,"d":120,"e":120,"f":120,"g":120,"h":120,"i":120,"j":120,"k":120,"l":120,"m":120,"n":120,"o":120,"p":120}},{"type":"Feature","geometry":{"type":"Point","coordinates":[126.798034,37.346123999999996]},"properties":{"row":6,"col":8,"walk_min":41.5,"nearest_station_id":"kr_263","nearest_station_name":"Ansan","nearest_station_name_ko":"안산","a":120,"b":120,"c":120,"d":120,"e":120,"f":120,"g":120,"h":120,"i":108,"j":108,"k":120,"l":120,"m":120,"n":120,"o":120,"p":120}},{"type":"Feature","geometry":{"type":"Point","coordinates":[127.00569,37.761433999999994]},"properties":{"row":22,"col":16,"walk_min":43.1,"nearest_station_id":"kr_421","nearest_station_name":"Nogyang","nearest_station_name_ko":"녹양","a":104,"b":104,"c":102,"d":102,"e":116,"f":116,"g":102,"h":102,"i":120,"j":120,"k":115,"l":115,"m":104,"n":104,"o":113,"p":113}},{"type":"Feature","geometry":{"type":"Point","coordinates":[127.083564,37.372080000000004]},"properties":{"row":7,"col":19,"walk_min":45.6,"nearest_station_id":"kr_148","nearest_station_name":"Jeongja","nearest_station_name_ko":"정자","a":103,"b":103,"c":105,"d":105,"e":79,"f":79,"g":103,"h":103,"i":89,"j":89,"k":94,"l":94,"m":105,"n":105,"o":111,"p":111}},{"type":"Feature","geometry":{"type":"Point","coordinates":[126.61634,37.501864]},"properties":{"row":12,"col":1,"walk_min":74.6,"nearest_station_id":"kr_458","nearest_station_name":"Incheon","nearest_station_name_ko":"인천","a":120,"b":120,"c":120,"d":120,"e":120,"f":120,"g":120,"h":120,"i":120,"j":120,"k":120,"l":120,"m":120,"n":120,"o":120,"p":120}},{"type":"Feature","geometry":{"type":"Point","coordinates":[127.16143400000001,37.683564000000004]},"properties":{"row":19,"col":22,"walk_min":49.4,"nearest_station_id":"kr_361","nearest_station_name":"Onam","nearest_station_name_ko":"오남","a":113,"b":113,"c":111,"d":111,"e":120,"f":120,"g":111,"h":111,"i":120,"j":120,"k":120,"l":120,"m":120,"n":120,"o":120,"p":120}},{"type":"Feature","geometry":{"type":"Point","coordinates":[127.083564,37.268254]},"properties":{"row":3,"col":19,"walk_min":51.6,"nearest_station_id":"kr_307","nearest_station_name":"Sanghyeon","nearest_station_name_ko":"상현","a":120,"b":120,"c":120,"d":120,"e":104,"f":104,"g":120,"h":120,"i":114,"j":114,"k":119,"l":119,"m":120,"n":120,"o":120,"p":120}},{"type":"Feature","geometry":{"type":"Point","coordinates":[127.083564,37.44995]},"properties":{"row":10,"col":19,"walk_min":41.8,"nearest_station_id":"kr_040","nearest_station_name":"Cheonggyesan","nearest_station_name_ko":"청계산입구","a":78,"b":78,"c":80,"d":80,"e":54,"f":54,"g":79,"h":79,"i":65,"j":65,"k":70,"l":70,"m":81,"n":81,"o":87,"p":87}},{"type":"Feature","geometry":{"type":"Point","coordinates":[126.84994999999999,37.268254]},"properties":{"row":3,"col":10,"walk_min":78.5,"nearest_station_id":"kr_114","nearest_station_name":"Sangnoksu","nearest_station_name_ko":"상록수","a":120,"b":120,"c":120,"d":120,"e":120,"f":120,"g":120,"h":120,"i":120,"j":120,"k":120,"l":120,"m":120,"n":120,"o":120,"p":120}},{"type":"Feature","geometry":{"type":"Point","coordinates":[126.74612400000001,37.320164]},"properties":{"row":5,"col":6,"walk_min":43.3,"nearest_station_id":"kr_427","nearest_station_name":"Singiloncheon","nearest_station_name_ko":"신길온천","a":120,"b":120,"c":120,"d":120,"e":120,"f":120,"g":120,"h":120,"i":115,"j":115,"k":120,"l":120,"m":120,"n":120,"o":120,"p":120}},{"type":"Feature","geometry":{"type":"Point","coordinates":[126.77208,37.44995]},"properties":{"row":10,"col":7,"walk_min":47.0,"nearest_station_id":"kr_060","nearest_station_name":"Bucheon","nearest_station_name_ko":"부천","a":84,"b":84,"c":86,"d":86,"e":93,"f":93,"g":98,"h":98,"i":89,"j":89,"k":107,"l":107,"m":108,"n":108,"o":81,"p":81}},{"type":"Feature","geometry":{"type":"Point","coordinates":[127.083564,37.190384]},"properties":{"row":0,"col":19,"walk_min":43.6,"nearest_station_id":"kr_466","nearest_station_name":"Seodongtan","nearest_station_name_ko":"서동탄","a":120,"b":120,"c":120,"d":120,"e":120,"f":120,"g":120,"h":120,"i":120,"j":120,"k":120,"l":120,"m":120,"n":120,"o":120,"p":120}},{"type":"Feature","geometry":{"type":"Point","coordinates":[126.720164,37.320164]},"properties":{"row":5,"col":5,"walk_min":50.1,"nearest_station_id":"kr_351","nearest_station_name":"Jeongwang","nearest_station_name_ko":"정왕","a":120,"b":120,"c":120,"d":120,"e":120,"f":120,"g":120,"h":120,"i":120,"j":120,"k":120,"l":120,"m":120,"n":120,"o":120,"p":120}},{"type":"Feature","geometry":{"type":"Point","coordinates":[126.953774,37.42399400000001]},"properties":{"row":9,"col":14,"walk_min":43.5,"nearest_station_id":"kr_367","nearest_station_name":"Government Complex Gwacheon","nearest_station_name_ko":"정부과천청사","a":80,"b":80,"c":82,"d":82,"e":70,"f":70,"g":94,"h":94,"i":60,"j":60,"k":86,"l":86,"m":96,"n":96,"o":88,"p":88}},{"type":"Feature","geometry":{"type":"Point","coordinates":[126.77208,37.553774]},"properties":{"row":14,"col":7,"walk_min":61.9,"nearest_station_id":"kr_189","nearest_station_name":"Gimpo Int'l Airport","nearest_station_name_ko":"김포공항","a":102,"b":102,"c":100,"d":100,"e":108,"f":108,"g":114,"h":114,"i":104,"j":104,"k":120,"l":120,"m":120,"n":120,"o":89,"p":89}},{"type":"Feature","geometry":{"type":"Point","coordinates":[126.77208,37.29421000000001]},"properties":{"row":4,"col":7,"walk_min":43.5,"nearest_station_id":"kr_263","nearest_station_name":"Ansan","nearest_station_name_ko":"안산","a":120,"b":120,"c":120,"d":120,"e":120,"f":120,"g":120,"h":120,"i":110,"j":110,"k":120,"l":120,"m":120,"n":120,"o":120,"p":120}},{"type":"Feature","geometry":{"type":"Point","coordinates":[126.97973400000001,37.242294]},"properties":{"row":2,"col":15,"walk_min":53.4,"nearest_station_id":"kr_462","nearest_station_name":"Seryu","nearest_station_name_ko":"세류","a":120,"b":120,"c":120,"d":120,"e":120,"f":120,"g":120,"h":120,"i":116,"j":116,"k":120,"l":120,"m":120,"n":120,"o":120,"p":120}},{"type":"Feature","geometry":{"type":"Point","coordinates":[126.798034,37.683564000000004]},"properties":{"row":19,"col":8,"walk_min":51.3,"nearest_station_id":"kr_302","nearest_station_name":"Jeongbalsan","nearest_station_name_ko":"정발산","a":117,"b":117,"c":114,"d":114,"e":120,"f":120,"g":120,"h":120,"i":120,"j":120,"k":120,"l":120,"m":120,"n":120,"o":120,"p":120}},{"type":"Feature","geometry":{"type":"Point","coordinates":[126.87590399999999,37.60569]},"properties":{"row":16,"col":11,"walk_min":50.1,"nearest_station_id":"kr_390","nearest_station_name":"구산","nearest_station_name_ko":"구산","a":80,"b":80,"c":77,"d":77,"e":97,"f":97,"g":83,"h":83,"i":96,"j":96,"k":104,"l":104,"m":92,"n":92,"o":88,"p":88}},{"type":"Feature","geometry":{"type":"Point","coordinates":[126.84994999999999,37.398034]},"properties":{"row":8,"col":10,"walk_min":59.7,"nearest_station_id":"kr_442","nearest_station_name":"Gwangmyeong","nearest_station_name_ko":"광명","a":95,"b":84,"c":98,"d":87,"e":105,"f":105,"g":109,"h":99,"i":101,"j":101,"k":118,"l":118,"m":119,"n":108,"o":96,"p":96}},{"type":"Feature","geometry":{"type":"Point","coordinates":[127.23930399999999,37.398034]},"properties":{"row":8,"col":25,"walk_min":46.0,"nearest_station_id":"kr_149","nearest_station_name":"경기광주","nearest_station_name_ko":"경기광주","a":120,"b":120,"c":120,"d":120,"e":98,"f":98,"g":120,"h":120,"i":108,"j":108,"k":113,"l":113,"m":120,"n":120,"o":120,"p":120}},{"type":"Feature","geometry":{"type":"Point","coordinates":[126.823994,37.346123999999996]},"properties":{"row":6,"col":9,"walk_min":49.4,"nearest_station_id":"kr_426","nearest_station_name":"Gojan","nearest_station_name_ko":"고잔","a":120,"b":120,"c":120,"d":120,"e":120,"f":120,"g":120,"h":120,"i":110,"j":110,"k":120,"l":120,"m":120,"n":120,"o":120,"p":120}},{"type":"Feature","geometry":{"type":"Point","coordinates":[126.823994,37.44995]},"properties":{"row":10,"col":9,"walk_min":48.0,"nearest_station_id":"kr_024","nearest_station_name":"Yeokgok","nearest_station_name_ko":"역곡","a":80,"b":80,"c":82,"d":82,"e":89,"f":89,"g":94,"h":94,"i":85,"j":85,"k":102,"l":102,"m":103,"n":103,"o":76,"p":76}},{"type":"Feature","geometry":{"type":"Point","coordinates":[126.87590399999999,37.268254]},"properties":{"row":3,"col":11,"walk_min":64.9,"nearest_station_id":"kr_114","nearest_station_name":"Sangnoksu","nearest_station_name_ko":"상록수","a":120,"b":120,"c":120,"d":120,"e":120,"f":120,"g":120,"h":120,"i":117,"j":117,"k":120,"l":120,"m":120,"n":120,"o":120,"p":120}},{"type":"Feature","geometry":{"type":"Point","coordinates":[127.00569,37.683564000000004]},"properties":{"row":19,"col":16,"walk_min":46.9,"nearest_station_id":"kr_044","nearest_station_name":"Dobongsan","nearest_station_name_ko":"도봉산","a":92,"b":92,"c":90,"d":90,"e":104,"f":104,"g":90,"h":90,"i":112,"j":112,"k":104,"l":104,"m":93,"n":93,"o":102,"p":102}},{"type":"Feature","geometry":{"type":"Point","coordinates":[126.74612400000001,37.44995]},"properties":{"row":10,"col":6,"walk_min":48.8,"nearest_station_id":"kr_159","nearest_station_name":"Songnae","nearest_station_name_ko":"송내","a":91,"b":91,"c":94,"d":94,"e":101,"f":101,"g":106,"h":106,"i":97,"j":97,"k":114,"l":114,"m":115,"n":115,"o":88,"p":88}},{"type":"Feature","geometry":{"type":"Point","coordinates":[127.00569,37.372080000000004]},"properties":{"row":7,"col":16,"walk_min":54.3,"nearest_station_id":"kr_325","nearest_station_name":"Indeogwon","nearest_station_name_ko":"인덕원","a":96,"b":96,"c":99,"d":99,"e":87,"f":87,"g":109,"h":109,"i":76,"j":76,"k":102,"l":102,"m":113,"n":113,"o":104,"p":104}},{"type":"Feature","geometry":{"type":"Point","coordinates":[126.668254,37.527820000000006]},"properties":{"row":13,"col":3,"walk_min":55.5,"nearest_station_id":"kr_258","nearest_station_name":"Sangok","nearest_station_name_ko":"산곡","a":112,"b":112,"c":114,"d":114,"e":120,"f":120,"g":120,"h":120,"i":118,"j":118,"k":120,"l":120,"m":120,"n":120,"o":108,"p":108}},{"type":"Feature","geometry":{"type":"Point","coordinates":[126.84994999999999,37.346123999999996]},"properties":{"row":6,"col":10,"walk_min":58.7,"nearest_station_id":"kr_168","nearest_station_name":"Jungang","nearest_station_name_ko":"중앙","a":120,"b":120,"c":120,"d":120,"e":120,"f":120,"g":120,"h":120,"i":117,"j":117,"k":120,"l":120,"m":120,"n":120,"o":120,"p":120}},{"type":"Feature","geometry":{"type":"Point","coordinates":[127.083564,37.42399400000001]},"properties":{"row":9,"col":19,"walk_min":53.3,"nearest_station_id":"kr_040","nearest_station_name":"Cheonggyesan","nearest_station_name_ko":"청계산입구","a":89,"b":89,"c":91,"d":91,"e":65,"f":65,"g":90,"h":90,"i":76,"j":76,"k":81,"l":81,"m":92,"n":92,"o":98,"p":98}},{"type":"Feature","geometry":{"type":"Point","coordinates":[126.64229399999999,37.501864]},"properties":{"row":12,"col":2,"walk_min":51.8,"nearest_station_id":"kr_330","nearest_station_name":"Dongincheon","nearest_station_name_ko":"동인천","a":117,"b":117,"c":119,"d":119,"e":120,"f":120,"g":120,"h":120,"i":120,"j":120,"k":120,"l":120,"m":120,"n":120,"o":113,"p":113}},{"type":"Feature","geometry":{"type":"Point","coordinates":[127.083564,37.735473999999996]},"properties":{"row":21,"col":19,"walk_min":51.3,"nearest_station_id":"kr_065","nearest_station_name":"Uijeongbu","nearest_station_name_ko":"의정부","a":107,"b":107,"c":105,"d":105,"e":119,"f":119,"g":105,"h":105,"i":120,"j":120,"k":119,"l":119,"m":107,"n":107,"o":116,"p":116}},{"type":"Feature","geometry":{"type":"Point","coordinates":[127.16143400000001,37.398034]},"properties":{"row":8,"col":22,"walk_min":47.6,"nearest_station_id":"kr_108","nearest_station_name":"Imae","nearest_station_name_ko":"이매","a":102,"b":102,"c":104,"d":104,"e":78,"f":78,"g":102,"h":102,"i":88,"j":88,"k":93,"l":93,"m":104,"n":104,"o":110,"p":110}},{"type":"Feature","geometry":{"type":"Point","coordinates":[126.77208,37.372080000000004]},"properties":{"row":7,"col":7,"walk_min":50.3,"nearest_station_id":"kr_428","nearest_station_name":"Oido","nearest_station_name_ko":"오이도","a":120,"b":120,"c":120,"d":120,"e":120,"f":120,"g":120,"h":120,"i":120,"j":120,"k":120,"l":120,"m":120,"n":120,"o":120,"p":120}},{"type":"Feature","geometry":{"type":"Point","coordinates":[127.18739000000001,37.475904]},"properties":{"row":11,"col":23,"walk_min":50.3,"nearest_station_id":"kr_440","nearest_station_name":"Macheon","nearest_station_name_ko":"마천","a":101,"b":101,"c":100,"d":100,"e":80,"f":80,"g":87,"h":87,"i":90,"j":90,"k":75,"l":75,"m":86,"n":86,"o":110,"p":110}},{"type":"Feature","geometry":{"type":"Point","coordinates":[127.00569,37.190384]},"properties":{"row":0,"col":16,"walk_min":53.2,"nearest_station_id":"kr_047","nearest_station_name":"Byeongjeom","nearest_station_name_ko":"병점","a":120,"b":120,"c":120,"d":120,"e":120,"f":120,"g":120,"h":120,"i":120,"j":120,"k":120,"l":120,"m":120,"n":120,"o":120,"p":120}},{"type":"Feature","geometry":{"type":"Point","coordinates":[126.798034,37.60569]},"properties":{"row":16,"col":8,"walk_min":61.9,"nearest_station_id":"kr_198","nearest_station_name":"Daegok","nearest_station_name_ko":"대곡","a":118,"b":118,"c":115,"d":115,"e":120,"f":120,"g":120,"h":120,"i":120,"j":120,"k":120,"l":120,"m":120,"n":120,"o":120,"p":120}},{"type":"Feature","geometry":{"type":"Point","coordinates":[127.16143400000001,37.657604000000006]},"properties":{"row":18,"col":22,"walk_min":54.8,"nearest_station_id":"kr_438","nearest_station_name":"Byeollae","nearest_station_name_ko":"별내","a":116,"b":116,"c":115,"d":115,"e":108,"f":108,"g":102,"h":102,"i":119,"j":119,"k":103,"l":103,"m":111,"n":111,"o":120,"p":120}},{"type":"Feature","geometry":{"type":"Point","coordinates":[127.00569,37.735473999999996]},"properties":{"row":21,"col":16,"walk_min":51.5,"nearest_station_id":"kr_065","nearest_station_name":"Uijeongbu","nearest_station_name_ko":"의정부","a":108,"b":108,"c":106,"d":106,"e":120,"f":120,"g":106,"h":106,"i":120,"j":120,"k":120,"l":120,"m":108,"n":108,"o":116,"p":116}},{"type":"Feature","geometry":{"type":"Point","coordinates":[126.97973400000001,37.346123999999996]},"properties":{"row":6,"col":15,"walk_min":50.2,"nearest_station_id":"kr_072","nearest_station_name":"Gunpo","nearest_station_name_ko":"군포","a":100,"b":100,"c":102,"d":102,"e":97,"f":97,"g":114,"h":114,"i":86,"j":86,"k":112,"l":112,"m":120,"n":120,"o":100,"p":100}},{"type":"Feature","geometry":{"type":"Point","coordinates":[127.00569,37.70952]},"properties":{"row":20,"col":16,"walk_min":50.9,"nearest_station_id":"kr_449","nearest_station_name":"Mangwolsa (Shinhan University)","nearest_station_name_ko":"망월사(신한대학교)","a":101,"b":101,"c":99,"d":99,"e":113,"f":113,"g":99,"h":99,"i":120,"j":120,"k":113,"l":113,"m":101,"n":101,"o":110,"p":110}},{"type":"Feature","geometry":{"type":"Point","coordinates":[127.083564,37.78739]},"properties":{"row":23,"col":19,"walk_min":49.5,"nearest_station_id":"kr_092","nearest_station_name":"Yangju","nearest_station_name_ko":"양주","a":114,"b":114,"c":112,"d":112,"e":120,"f":120,"g":112,"h":112,"i":120,"j":120,"k":120,"l":120,"m":114,"n":114,"o":120,"p":120}},{"type":"Feature","geometry":{"type":"Point","coordinates":[126.74612400000001,37.70952]},"properties":{"row":20,"col":6,"walk_min":53.4,"nearest_station_id":"kr_424","nearest_station_name":"Daehwa","nearest_station_name_ko":"대화","a":120,"b":120,"c":120,"d":120,"e":120,"f":120,"g":120,"h":120,"i":120,"j":120,"k":120,"l":120,"m":120,"n":120,"o":120,"p":120}},{"type":"Feature","geometry":{"type":"Point","coordinates":[127.083564,37.761433999999994]},"properties":{"row":22,"col":19,"walk_min":53.1,"nearest_station_id":"kr_092","nearest_station_name":"Yangju","nearest_station_name_ko":"양주","a":117,"b":117,"c":115,"d":115,"e":120,"f":120,"g":115,"h":115,"i":120,"j":120,"k":120,"l":120,"m":117,"n":117,"o":120,"p":120}},{"type":"Feature","geometry":{"type":"Point","coordinates":[127.00569,37.398034]},"properties":{"row":8,"col":16,"walk_min":49.0,"nearest_station_id":"kr_325","nearest_station_name":"Indeogwon","nearest_station_name_ko":"인덕원","a":91,"b":91,"c":94,"d":94,"e":82,"f":82,"g":104,"h":104,"i":71,"j":71,"k":97,"l":97,"m":108,"n":108,"o":99,"p":99}},{"type":"Feature","geometry":{"type":"Point","coordinates":[127.135474,37.346123999999996]},"properties":{"row":6,"col":21,"walk_min":48.7,"nearest_station_id":"kr_172","nearest_station_name":"Migeum","nearest_station_name_ko":"미금","a":110,"b":110,"c":112,"d":112,"e":86,"f":86,"g":110,"h":110,"i":96,"j":96,"k":101,"l":101,"m":112,"n":112,"o":118,"p":118}},{"type":"Feature","geometry":{"type":"Point","coordinates":[127.23930399999999,37.70952]},"properties":{"row":20,"col":25,"walk_min":47.9,"nearest_station_id":"kr_470","nearest_station_name":"Jinjeop","nearest_station_name_ko":"진접","a":116,"b":116,"c":114,"d":114,"e":120,"f":120,"g":114,"h":114,"i":120,"j":120,"k":120,"l":120,"m":120,"n":120,"o":120,"p":120}},{"type":"Feature","geometry":{"type":"Point","coordinates":[127.057604,37.346123999999996]},"properties":{"row":6,"col":18,"walk_min":50.2,"nearest_station_id":"kr_202","nearest_station_name":"Dongcheon","nearest_station_name_ko":"동천","a":114,"b":114,"c":116,"d":116,"e":90,"f":90,"g":114,"h":114,"i":101,"j":101,"k":105,"l":105,"m":117,"n":117,"o":120,"p":120}},{"type":"Feature","geometry":{"type":"Point","coordinates":[126.84994999999999,37.683564000000004]},"properties":{"row":19,"col":10,"walk_min":59.5,"nearest_station_id":"kr_145","nearest_station_name":"Wondang","nearest_station_name_ko":"원당","a":106,"b":106,"c":104,"d":104,"e":120,"f":120,"g":110,"h":110,"i":120,"j":120,"k":120,"l":120,"m":120,"n":120,"o":116,"p":116}},{"type":"Feature","geometry":{"type":"Point","coordinates":[127.00569,37.78739]},"properties":{"row":23,"col":16,"walk_min":50.2,"nearest_station_id":"kr_092","nearest_station_name":"Yangju","nearest_station_name_ko":"양주","a":114,"b":114,"c":112,"d":112,"e":120,"f":120,"g":112,"h":112,"i":120,"j":120,"k":120,"l":120,"m":114,"n":114,"o":120,"p":120}},{"type":"Feature","geometry":{"type":"Point","coordinates":[127.083564,37.21634]},"properties":{"row":1,"col":19,"walk_min":57.0,"nearest_station_id":"kr_466","nearest_station_name":"Seodongtan","nearest_station_name_ko":"서동탄","a":120,"b":120,"c":120,"d":120,"e":120,"f":120,"g":120,"h":120,"i":120,"j":120,"k":120,"l":120,"m":120,"n":120,"o":120,"p":120}},{"type":"Feature","geometry":{"type":"Point","coordinates":[126.668254,37.42399400000001]},"properties":{"row":9,"col":3,"walk_min":54.9,"nearest_station_id":"kr_248","nearest_station_name":"Juan","nearest_station_name_ko":"주안","a":112,"b":112,"c":114,"d":114,"e":120,"f":120,"g":120,"h":120,"i":117,"j":117,"k":120,"l":120,"m":120,"n":120,"o":108,"p":108}},{"type":"Feature","geometry":{"type":"Point","coordinates":[126.823994,37.683564000000004]},"properties":{"row":19,"col":9,"walk_min":62.4,"nearest_station_id":"kr_145","nearest_station_name":"Wondang","nearest_station_name_ko":"원당","a":109,"b":109,"c":107,"d":107,"e":120,"f":120,"g":113,"h":113,"i":120,"j":120,"k":120,"l":120,"m":120,"n":120,"o":118,"p":118}},{"type":"Feature","geometry":{"type":"Point","coordinates":[127.083564,37.813343999999994]},"properties":{"row":24,"col":19,"walk_min":59.5,"nearest_station_id":"kr_447","nearest_station_name":"Deokgye","nearest_station_name_ko":"덕계","a":120,"b":120,"c":120,"d":120,"e":120,"f":120,"g":120,"h":120,"i":120,"j":120,"k":120,"l":120,"m":120,"n":120,"o":120,"p":120}},{"type":"Feature","geometry":{"type":"Point","coordinates":[127.00569,37.320164]},"properties":{"row":5,"col":16,"walk_min":59.8,"nearest_station_id":"kr_444","nearest_station_name":"Gwanggyo","nearest_station_name_ko":"광교","a":120,"b":120,"c":120,"d":120,"e":119,"f":119,"g":120,"h":120,"i":120,"j":120,"k":120,"l":120,"m":120,"n":120,"o":120,"p":120}},{"type":"Feature","geometry":{"type":"Point","coordinates":[127.16143400000001,37.735473999999996]},"properties":{"row":21,"col":22,"walk_min":83.1,"nearest_station_id":"kr_470","nearest_station_name":"Jinjeop","nearest_station_name_ko":"진접","a":120,"b":120,"c":120,"d":120,"e":120,"f":120,"g":120,"h":120,"i":120,"j":120,"k":120,"l":120,"m":120,"n":120,"o":120,"p":120}},{"type":"Feature","geometry":{"type":"Point","coordinates":[126.69421,37.42399400000001]},"properties":{"row":9,"col":4,"walk_min":54.6,"nearest_station_id":"kr_455","nearest_station_name":"Ganseok","nearest_station_name_ko":"간석","a":110,"b":110,"c":113,"d":113,"e":120,"f":120,"g":120,"h":120,"i":116,"j":116,"k":120,"l":120,"m":120,"n":120,"o":107,"p":107}},{"type":"Feature","geometry":{"type":"Point","coordinates":[126.69421,37.346123999999996]},"properties":{"row":6,"col":4,"walk_min":56.7,"nearest_station_id":"kr_428","nearest_station_name":"Oido","nearest_station_name_ko":"오이도","a":120,"b":120,"c":120,"d":120,"e":120,"f":120,"g":120,"h":120,"i":120,"j":120,"k":120,"l":120,"m":120,"n":120,"o":120,"p":120}},{"type":"Feature","geometry":{"type":"Point","coordinates":[126.953774,37.657604000000006]},"properties":{"row":18,"col":14,"walk_min":56.5,"nearest_station_id":"kr_104","nearest_station_name":"Jichuk","nearest_station_name_ko":"지축","a":90,"b":90,"c":88,"d":88,"e":108,"f":108,"g":94,"h":94,"i":110,"j":110,"k":114,"l":114,"m":104,"n":104,"o":100,"p":100}},{"type":"Feature","geometry":{"type":"Point","coordinates":[127.135474,37.320164]},"properties":{"row":5,"col":21,"walk_min":56.6,"nearest_station_id":"kr_202","nearest_station_name":"Dongcheon","nearest_station_name_ko":"동천","a":120,"b":120,"c":120,"d":120,"e":97,"f":97,"g":120,"h":120,"i":108,"j":108,"k":112,"l":112,"m":120,"n":120,"o":120,"p":120}},{"type":"Feature","geometry":{"type":"Point","coordinates":[126.97973400000001,37.631644]},"properties":{"row":17,"col":15,"walk_min":53.4,"nearest_station_id":"kr_116","nearest_station_name":"Suyu (Gangbuk-gu Office)","nearest_station_name_ko":"수유(강북구청)","a":82,"b":82,"c":80,"d":80,"e":94,"f":94,"g":80,"h":80,"i":102,"j":102,"k":101,"l":101,"m":89,"n":89,"o":91,"p":91}},{"type":"Feature","geometry":{"type":"Point","coordinates":[126.87590399999999,37.683564000000004]},"properties":{"row":19,"col":11,"walk_min":61.0,"nearest_station_id":"kr_115","nearest_station_name":"Samsong","nearest_station_name_ko":"삼송","a":99,"b":99,"c":96,"d":96,"e":116,"f":116,"g":103,"h":103,"i":119,"j":119,"k":120,"l":120,"m":112,"n":112,"o":108,"p":108}},{"type":"Feature","geometry":{"type":"Point","coordinates":[126.69421,37.683564000000004]},"properties":{"row":19,"col":4,"walk_min":62.2,"nearest_station_id":"kr_424","nearest_station_name":"Daehwa","nearest_station_name_ko":"대화","a":120,"b":120,"c":120,"d":120,"e":120,"f":120,"g":120,"h":120,"i":120,"j":120,"k":120,"l":120,"m":120,"n":120,"o":120,"p":120}},{"type":"Feature","geometry":{"type":"Point","coordinates":[126.92782,37.683564000000004]},"properties":{"row":19,"col":13,"walk_min":61.6,"nearest_station_id":"kr_104","nearest_station_name":"Jichuk","nearest_station_name_ko":"지축","a":96,"b":96,"c":94,"d":94,"e":113,"f":113,"g":100,"h":100,"i":116,"j":116,"k":120,"l":120,"m":109,"n":109,"o":105,"p":105}},{"type":"Feature","geometry":{"type":"Point","coordinates":[127.18739000000001,37.631644]},"properties":{"row":17,"col":23,"walk_min":61.4,"nearest_station_id":"kr_352","nearest_station_name":"Dasan","nearest_station_name_ko":"다산","a":117,"b":117,"c":116,"d":116,"e":109,"f":109,"g":102,"h":102,"i":120,"j":120,"k":104,"l":104,"m":111,"n":111,"o":120,"p":120}},{"type":"Feature","geometry":{"type":"Point","coordinates":[126.69421,37.372080000000004]},"properties":{"row":7,"col":4,"walk_min":113.1,"nearest_station_id":"kr_428","nearest_station_name":"Oido","nearest_station_name_ko":"오이도","a":120,"b":120,"c":120,"d":120,"e":120,"f":120,"g":120,"h":120,"i":120,"j":120,"k":120,"l":120,"m":120,"n":120,"o":120,"p":120}},{"type":"Feature","geometry":{"type":"Point","coordinates":[126.77208,37.70952]},"properties":{"row":20,"col":7,"walk_min":62.4,"nearest_station_id":"kr_424","nearest_station_name":"Daehwa","nearest_station_name_ko":"대화","a":120,"b":120,"c":120,"d":120,"e":120,"f":120,"g":120,"h":120,"i":120,"j":120,"k":120,"l":120,"m":120,"n":120,"o":120,"p":120}},{"type":"Feature","geometry":{"type":"Point","coordinates":[126.720164,37.70952]},"properties":{"row":20,"col":5,"walk_min":60.3,"nearest_station_id":"kr_424","nearest_station_name":"Daehwa","nearest_station_name_ko":"대화","a":120,"b":120,"c":120,"d":120,"e":120,"f":120,"g":120,"h":120,"i":120,"j":120,"k":120,"l":120,"m":120,"n":120,"o":120,"p":120}},{"type":"Feature","geometry":{"type":"Point","coordinates":[127.031644,37.320164]},"properties":{"row":5,"col":17,"walk_min":58.2,"nearest_station_id":"kr_444","nearest_station_name":"Gwanggyo","nearest_station_name_ko":"광교","a":120,"b":120,"c":120,"d":120,"e":117,"f":117,"g":120,"h":120,"i":120,"j":120,"k":120,"l":120,"m":120,"n":120,"o":120,"p":120}},{"type":"Feature","geometry":{"type":"Point","coordinates":[127.18739000000001,37.60569]},"properties":{"row":16,"col":23,"walk_min":57.5,"nearest_station_id":"kr_352","nearest_station_name":"Dasan","nearest_station_name_ko":"다산","a":114,"b":114,"c":112,"d":112,"e":106,"f":106,"g":98,"h":98,"i":116,"j":116,"k":100,"l":100,"m":108,"n":108,"o":120,"p":120}},{"type":"Feature","geometry":{"type":"Point","coordinates":[126.901864,37.683564000000004]},"properties":{"row":19,"col":12,"walk_min":67.7,"nearest_station_id":"kr_115","nearest_station_name":"Samsong","nearest_station_name_ko":"삼송","a":106,"b":106,"c":103,"d":103,"e":120,"f":120,"g":110,"h":110,"i":120,"j":120,"k":120,"l":120,"m":119,"n":119,"o":115,"p":115}},{"type":"Feature","geometry":{"type":"Point","coordinates":[127.18739000000001,37.501864]},"properties":{"row":12,"col":23,"walk_min":55.5,"nearest_station_id":"kr_440","nearest_station_name":"Macheon","nearest_station_name_ko":"마천","a":106,"b":106,"c":106,"d":106,"e":86,"f":86,"g":92,"h":92,"i":96,"j":96,"k":80,"l":80,"m":92,"n":92,"o":116,"p":116}},{"type":"Feature","geometry":{"type":"Point","coordinates":[127.16143400000001,37.372080000000004]},"properties":{"row":7,"col":22,"walk_min":65.2,"nearest_station_id":"kr_108","nearest_station_name":"Imae","nearest_station_name_ko":"이매","a":119,"b":119,"c":120,"d":120,"e":95,"f":95,"g":119,"h":119,"i":105,"j":105,"k":110,"l":110,"m":120,"n":120,"o":120,"p":120}},{"type":"Feature","geometry":{"type":"Point","coordinates":[127.057604,37.242294]},"properties":{"row":2,"col":18,"walk_min":57.1,"nearest_station_id":"kr_462","nearest_station_name":"Seryu","nearest_station_name_ko":"세류","a":120,"b":120,"c":120,"d":120,"e":120,"f":120,"g":120,"h":120,"i":120,"j":120,"k":120,"l":120,"m":120,"n":120,"o":120,"p":120}},{"type":"Feature","geometry":{"type":"Point","coordinates":[126.64229399999999,37.42399400000001]},"properties":{"row":9,"col":2,"walk_min":63.3,"nearest_station_id":"kr_379","nearest_station_name":"Jemulpo","nearest_station_name_ko":"제물포","a":120,"b":120,"c":120,"d":120,"e":120,"f":120,"g":120,"h":120,"i":120,"j":120,"k":120,"l":120,"m":120,"n":120,"o":120,"p":120}},{"type":"Feature","geometry":{"type":"Point","coordinates":[127.031644,37.398034]},"properties":{"row":8,"col":17,"walk_min":73.0,"nearest_station_id":"kr_346","nearest_station_name":"Seoul Grand park","nearest_station_name_ko":"대공원","a":105,"b":105,"c":107,"d":107,"e":95,"f":95,"g":118,"h":118,"i":85,"j":85,"k":111,"l":111,"m":120,"n":120,"o":113,"p":113}},{"type":"Feature","geometry":{"type":"Point","coordinates":[126.798034,37.372080000000004]},"properties":{"row":7,"col":8,"walk_min":67.8,"nearest_station_id":"kr_427","nearest_station_name":"Singiloncheon","nearest_station_name_ko":"신길온천","a":120,"b":120,"c":120,"d":120,"e":120,"f":120,"g":120,"h":120,"i":120,"j":120,"k":120,"l":120,"m":120,"n":120,"o":120,"p":120}},{"type":"Feature","geometry":{"type":"Point","coordinates":[126.87590399999999,37.346123999999996]},"properties":{"row":6,"col":11,"walk_min":64.8,"nearest_station_id":"kr_423","nearest_station_name":"Daeyami","nearest_station_name_ko":"대야미","a":120,"b":120,"c":120,"d":120,"e":119,"f":119,"g":120,"h":120,"i":109,"j":109,"k":120,"l":120,"m":120,"n":120,"o":120,"p":120}},{"type":"Feature","geometry":{"type":"Point","coordinates":[126.92782,37.268254]},"properties":{"row":3,"col":13,"walk_min":68.9,"nearest_station_id":"kr_086","nearest_station_name":"Sungkyunkwan University","nearest_station_name_ko":"성균관대","a":120,"b":120,"c":120,"d":120,"e":120,"f":120,"g":120,"h":120,"i":118,"j":118,"k":120,"l":120,"m":120,"n":120,"o":120,"p":120}},{"type":"Feature","geometry":{"type":"Point","coordinates":[126.74612400000001,37.29421000000001]},"properties":{"row":4,"col":6,"walk_min":153.3,"nearest_station_id":"kr_427","nearest_station_name":"Singiloncheon","nearest_station_name_ko":"신길온천","a":120,"b":120,"c":120,"d":120,"e":120,"f":120,"g":120,"h":120,"i":120,"j":120,"k":120,"l":120,"m":120,"n":120,"o":120,"p":120}},{"type":"Feature","geometry":{"type":"Point","coordinates":[126.97973400000001,37.657604000000006]},"properties":{"row":18,"col":15,"walk_min":70.1,"nearest_station_id":"kr_116","nearest_station_name":"Suyu (Gangbuk-gu Office)","nearest_station_name_ko":"수유(강북구청)","a":99,"b":99,"c":97,"d":97,"e":111,"f":111,"g":97,"h":97,"i":119,"j":119,"k":118,"l":118,"m":106,"n":106,"o":108,"p":108}},{"type":"Feature","geometry":{"type":"Point","coordinates":[126.720164,37.42399400000001]},"properties":{"row":9,"col":5,"walk_min":69.3,"nearest_station_id":"kr_455","nearest_station_name":"Ganseok","nearest_station_name_ko":"간석","a":120,"b":120,"c":120,"d":120,"e":120,"f":120,"g":120,"h":120,"i":120,"j":120,"k":120,"l":120,"m":120,"n":120,"o":120,"p":120}},{"type":"Feature","geometry":{"type":"Point","coordinates":[126.69421,37.320164]},"properties":{"row":5,"col":4,"walk_min":69.4,"nearest_station_id":"kr_351","nearest_station_name":"Jeongwang","nearest_station_name_ko":"정왕","a":120,"b":120,"c":120,"d":120,"e":120,"f":120,"g":120,"h":120,"i":120,"j":120,"k":120,"l":120,"m":120,"n":120,"o":120,"p":120}},{"type":"Feature","geometry":{"type":"Point","coordinates":[126.74612400000001,37.398034]},"properties":{"row":8,"col":6,"walk_min":69.7,"nearest_station_id":"kr_428","nearest_station_name":"Oido","nearest_station_name_ko":"오이도","a":120,"b":120,"c":120,"d":120,"e":120,"f":120,"g":120,"h":120,"i":120,"j":120,"k":120,"l":120,"m":120,"n":120,"o":120,"p":120}},{"type":"Feature","geometry":{"type":"Point","coordinates":[127.10952000000002,37.70952]},"properties":{"row":20,"col":20,"walk_min":67.5,"nearest_station_id":"kr_310","nearest_station_name":"Byeollaebyeolgaram","nearest_station_name_ko":"별내별가람","a":118,"b":118,"c":116,"d":116,"e":120,"f":120,"g":116,"h":116,"i":120,"j":120,"k":120,"l":120,"m":120,"n":120,"o":120,"p":120}},{"type":"Feature","geometry":{"type":"Point","coordinates":[126.720164,37.553774]},"properties":{"row":14,"col":5,"walk_min":68.2,"nearest_station_id":"kr_287","nearest_station_name":"Bupyeong-gu Office","nearest_station_name_ko":"부평구청","a":120,"b":120,"c":120,"d":120,"e":120,"f":120,"g":120,"h":120,"i":120,"j":120,"k":120,"l":120,"m":120,"n":120,"o":118,"p":118}},{"type":"Feature","geometry":{"type":"Point","coordinates":[126.61634,37.42399400000001]},"properties":{"row":9,"col":1,"walk_min":69.4,"nearest_station_id":"kr_457","nearest_station_name":"Dowon","nearest_station_name_ko":"도원","a":120,"b":120,"c":120,"d":120,"e":120,"f":120,"g":120,"h":120,"i":120,"j":120,"k":120,"l":120,"m":120,"n":120,"o":120,"p":120}},{"type":"Feature","geometry":{"type":"Point","coordinates":[126.74612400000001,37.553774]},"properties":{"row":14,"col":6,"walk_min":65.7,"nearest_station_id":"kr_189","nearest_station_name":"Gimpo Int'l Airport","nearest_station_name_ko":"김포공항","a":106,"b":106,"c":104,"d":104,"e":112,"f":112,"g":118,"h":118,"i":108,"j":108,"k":120,"l":120,"m":120,"n":120,"o":93,"p":93}},{"type":"Feature","geometry":{"type":"Point","coordinates":[127.00569,37.813343999999994]},"properties":{"row":24,"col":16,"walk_min":81.6,"nearest_station_id":"kr_447","nearest_station_name":"Deokgye","nearest_station_name_ko":"덕계","a":120,"b":120,"c":120,"d":120,"e":120,"f":120,"g":120,"h":120,"i":120,"j":120,"k":120,"l":120,"m":120,"n":120,"o":120,"p":120}},{"type":"Feature","geometry":{"type":"Point","coordinates":[126.823994,37.268254]},"properties":{"row":3,"col":9,"walk_min":83.5,"nearest_station_id":"kr_425","nearest_station_name":"Hanyang University at Ansan","nearest_station_name_ko":"한대앞","a":120,"b":120,"c":120,"d":120,"e":120,"f":120,"g":120,"h":120,"i":120,"j":120,"k":120,"l":120,"m":120,"n":120,"o":120,"p":120}},{"type":"Feature","geometry":{"type":"Point","coordinates":[127.23930399999999,37.683564000000004]},"properties":{"row":19,"col":25,"walk_min":53.6,"nearest_station_id":"kr_361","nearest_station_name":"Onam","nearest_station_name_ko":"오남","a":118,"b":118,"c":116,"d":116,"e":120,"f":120,"g":116,"h":116,"i":120,"j":120,"k":120,"l":120,"m":120,"n":120,"o":120,"p":120}},{"type":"Feature","geometry":{"type":"Point","coordinates":[126.69421,37.553774]},"properties":{"row":14,"col":4,"walk_min":75.8,"nearest_station_id":"kr_258","nearest_station_name":"Sangok","nearest_station_name_ko":"산곡","a":120,"b":120,"c":120,"d":120,"e":120,"f":120,"g":120,"h":120,"i":120,"j":120,"k":120,"l":120,"m":120,"n":120,"o":120,"p":120}},{"type":"Feature","geometry":{"type":"Point","coordinates":[127.213344,37.657604000000006]},"properties":{"row":18,"col":24,"walk_min":88.8,"nearest_station_id":"kr_361","nearest_station_name":"Onam","nearest_station_name_ko":"오남","a":120,"b":120,"c":120,"d":120,"e":120,"f":120,"g":120,"h":120,"i":120,"j":120,"k":120,"l":120,"m":120,"n":120,"o":120,"p":120}},{"type":"Feature","geometry":{"type":"Point","coordinates":[126.69421,37.657604000000006]},"properties":{"row":18,"col":4,"walk_min":139.8,"nearest_station_id":"kr_424","nearest_station_name":"Daehwa","nearest_station_name_ko":"대화","a":120,"b":120,"c":120,"d":120,"e":120,"f":120,"g":120,"h":120,"i":120,"j":120,"k":120,"l":120,"m":120,"n":120,"o":120,"p":120}},{"type":"Feature","geometry":{"type":"Point","coordinates":[127.18739000000001,37.657604000000006]},"properties":{"row":18,"col":23,"walk_min":72.6,"nearest_station_id":"kr_361","nearest_station_name":"Onam","nearest_station_name_ko":"오남","a":120,"b":120,"c":120,"d":120,"e":120,"f":120,"g":120,"h":120,"i":120,"j":120,"k":120,"l":120,"m":120,"n":120,"o":120,"p":120}},{"type":"Feature","geometry":{"type":"Point","coordinates":[127.18739000000001,37.372080000000004]},"properties":{"row":7,"col":23,"walk_min":84.5,"nearest_station_id":"kr_237","nearest_station_name":"삼동","nearest_station_name_ko":"삼동","a":120,"b":120,"c":120,"d":120,"e":120,"f":120,"g":120,"h":120,"i":120,"j":120,"k":120,"l":120,"m":120,"n":120,"o":120,"p":120}},{"type":"Feature","geometry":{"type":"Point","coordinates":[126.74612400000001,37.579733999999995]},"properties":{"row":15,"col":6,"walk_min":77.9,"nearest_station_id":"kr_429","nearest_station_name":"Gaehwa","nearest_station_name_ko":"개화","a":120,"b":120,"c":120,"d":120,"e":120,"f":120,"g":120,"h":120,"i":120,"j":120,"k":120,"l":120,"m":120,"n":120,"o":109,"p":109}},{"type":"Feature","geometry":{"type":"Point","coordinates":[126.953774,37.242294]},"properties":{"row":2,"col":14,"walk_min":76.8,"nearest_station_id":"kr_043","nearest_station_name":"Suwon","nearest_station_name_ko":"수원","a":120,"b":120,"c":120,"d":120,"e":120,"f":120,"g":120,"h":120,"i":120,"j":120,"k":120,"l":120,"m":120,"n":120,"o":120,"p":120}},{"type":"Feature","geometry":{"type":"Point","coordinates":[127.23930399999999,37.735473999999996]},"properties":{"row":21,"col":25,"walk_min":55.6,"nearest_station_id":"kr_470","nearest_station_name":"Jinjeop","nearest_station_name_ko":"진접","a":120,"b":120,"c":120,"d":120,"e":120,"f":120,"g":120,"h":120,"i":120,"j":120,"k":120,"l":120,"m":120,"n":120,"o":120,"p":120}},{"type":"Feature","geometry":{"type":"Point","coordinates":[127.213344,37.761433999999994]},"properties":{"row":22,"col":24,"walk_min":70.5,"nearest_station_id":"kr_470","nearest_station_name":"Jinjeop","nearest_station_name_ko":"진접","a":120,"b":120,"c":120,"d":120,"e":120,"f":120,"g":120,"h":120,"i":120,"j":120,"k":120,"l":120,"m":120,"n":120,"o":120,"p":120}},{"type":"Feature","geometry":{"type":"Point","coordinates":[126.590384,37.44995]},"properties":{"row":10,"col":0,"walk_min":68.8,"nearest_station_id":"kr_458","nearest_station_name":"Incheon","nearest_station_name_ko":"인천","a":120,"b":120,"c":120,"d":120,"e":120,"f":120,"g":120,"h":120,"i":120,"j":120,"k":120,"l":120,"m":120,"n":120,"o":120,"p":120}},{"type":"Feature","geometry":{"type":"Point","coordinates":[126.823994,37.42399400000001]},"properties":{"row":9,"col":9,"walk_min":79.1,"nearest_station_id":"kr_442","nearest_station_name":"Gwangmyeong","nearest_station_name_ko":"광명","a":114,"b":103,"c":117,"d":106,"e":120,"f":120,"g":120,"h":118,"i":120,"j":120,"k":120,"l":120,"m":120,"n":120,"o":115,"p":115}},{"type":"Feature","geometry":{"type":"Point","coordinates":[127.213344,37.372080000000004]},"properties":{"row":7,"col":24,"walk_min":86.0,"nearest_station_id":"kr_237","nearest_station_name":"삼동","nearest_station_name_ko":"삼동","a":120,"b":120,"c":120,"d":120,"e":120,"f":120,"g":120,"h":120,"i":120,"j":120,"k":120,"l":120,"m":120,"n":120,"o":120,"p":120}},{"type":"Feature","geometry":{"type":"Point","coordinates":[127.057604,37.372080000000004]},"properties":{"row":7,"col":18,"walk_min":72.8,"nearest_station_id":"kr_148","nearest_station_name":"Jeongja","nearest_station_name_ko":"정자","a":120,"b":120,"c":120,"d":120,"e":106,"f":106,"g":120,"h":120,"i":116,"j":116,"k":120,"l":120,"m":120,"n":120,"o":120,"p":120}},{"type":"Feature","geometry":{"type":"Point","coordinates":[126.720164,37.398034]},"properties":{"row":8,"col":5,"walk_min":97.6,"nearest_station_id":"kr_428","nearest_station_name":"Oido","nearest_station_name_ko":"오이도","a":120,"b":120,"c":120,"d":120,"e":120,"f":120,"g":120,"h":120,"i":120,"j":120,"k":120,"l":120,"m":120,"n":120,"o":120,"p":120}},{"type":"Feature","geometry":{"type":"Point","coordinates":[127.135474,37.70952]},"properties":{"row":20,"col":21,"walk_min":81.1,"nearest_station_id":"kr_361","nearest_station_name":"Onam","nearest_station_name_ko":"오남","a":120,"b":120,"c":120,"d":120,"e":120,"f":120,"g":120,"h":120,"i":120,"j":120,"k":120,"l":120,"m":120,"n":120,"o":120,"p":120}},{"type":"Feature","geometry":{"type":"Point","coordinates":[126.87590399999999,37.372080000000004]},"properties":{"row":7,"col":11,"walk_min":70.3,"nearest_station_id":"kr_442","nearest_station_name":"Gwangmyeong","nearest_station_name_ko":"광명","a":105,"b":94,"c":108,"d":97,"e":115,"f":115,"g":119,"h":109,"i":111,"j":111,"k":120,"l":120,"m":120,"n":118,"o":106,"p":106}},{"type":"Feature","geometry":{"type":"Point","coordinates":[127.18739000000001,37.761433999999994]},"properties":{"row":22,"col":23,"walk_min":75.3,"nearest_station_id":"kr_470","nearest_station_name":"Jinjeop","nearest_station_name_ko":"진접","a":120,"b":120,"c":120,"d":120,"e":120,"f":120,"g":120,"h":120,"i":120,"j":120,"k":120,"l":120,"m":120,"n":120,"o":120,"p":120}},{"type":"Feature","geometry":{"type":"Point","coordinates":[126.953774,37.683564000000004]},"properties":{"row":19,"col":14,"walk_min":79.6,"nearest_station_id":"kr_104","nearest_station_name":"Jichuk","nearest_station_name_ko":"지축","a":114,"b":114,"c":112,"d":112,"e":120,"f":120,"g":118,"h":118,"i":120,"j":120,"k":120,"l":120,"m":120,"n":120,"o":120,"p":120}},{"type":"Feature","geometry":{"type":"Point","coordinates":[127.031644,37.346123999999996]},"properties":{"row":6,"col":17,"walk_min":78.3,"nearest_station_id":"kr_444","nearest_station_name":"Gwanggyo","nearest_station_name_ko":"광교","a":120,"b":120,"c":120,"d":120,"e":120,"f":120,"g":120,"h":120,"i":120,"j":120,"k":120,"l":120,"m":120,"n":120,"o":120,"p":120}},{"type":"Feature","geometry":{"type":"Point","coordinates":[127.10952000000002,37.190384]},"properties":{"row":0,"col":20,"walk_min":73.8,"nearest_station_id":"kr_416","nearest_station_name":"Osan College","nearest_station_name_ko":"오산대","a":120,"b":120,"c":120,"d":120,"e":120,"f":120,"g":120,"h":120,"i":120,"j":120,"k":120,"l":120,"m":120,"n":120,"o":120,"p":120}},{"type":"Feature","geometry":{"type":"Point","coordinates":[127.213344,37.501864]},"properties":{"row":12,"col":24,"walk_min":80.7,"nearest_station_id":"kr_469","nearest_station_name":"Hanam Geomdansan","nearest_station_name_ko":"하남검단산","a":120,"b":120,"c":120,"d":120,"e":120,"f":120,"g":120,"h":120,"i":120,"j":120,"k":120,"l":120,"m":120,"n":120,"o":120,"p":120}},{"type":"Feature","geometry":{"type":"Point","coordinates":[127.213344,37.44995]},"properties":{"row":10,"col":24,"walk_min":72.7,"nearest_station_id":"kr_232","nearest_station_name":"Namhansanseong","nearest_station_name_ko":"남한산성입구","a":120,"b":120,"c":120,"d":120,"e":107,"f":107,"g":120,"h":120,"i":118,"j":118,"k":102,"l":102,"m":113,"n":113,"o":120,"p":120}},{"type":"Feature","geometry":{"type":"Point","coordinates":[126.798034,37.70952]},"properties":{"row":20,"col":8,"walk_min":87.0,"nearest_station_id":"kr_350","nearest_station_name":"Juyeop","nearest_station_name_ko":"주엽","a":120,"b":120,"c":120,"d":120,"e":120,"f":120,"g":120,"h":120,"i":120,"j":120,"k":120,"l":120,"m":120,"n":120,"o":120,"p":120}},{"type":"Feature","geometry":{"type":"Point","coordinates":[126.69421,37.70952]},"properties":{"row":20,"col":4,"walk_min":80.1,"nearest_station_id":"kr_424","nearest_station_name":"Daehwa","nearest_station_name_ko":"대화","a":120,"b":120,"c":120,"d":120,"e":120,"f":120,"g":120,"h":120,"i":120,"j":120,"k":120,"l":120,"m":120,"n":120,"o":120,"p":120}},{"type":"Feature","geometry":{"type":"Point","coordinates":[127.057604,37.398034]},"properties":{"row":8,"col":18,"walk_min":72.1,"nearest_station_id":"kr_041","nearest_station_name":"Pangyo","nearest_station_name_ko":"판교","a":120,"b":120,"c":120,"d":120,"e":99,"f":99,"g":120,"h":120,"i":109,"j":109,"k":114,"l":114,"m":120,"n":120,"o":120,"p":120}},{"type":"Feature","geometry":{"type":"Point","coordinates":[126.77208,37.60569]},"properties":{"row":16,"col":7,"walk_min":81.9,"nearest_station_id":"kr_429","nearest_station_name":"Gaehwa","nearest_station_name_ko":"개화","a":120,"b":120,"c":120,"d":120,"e":120,"f":120,"g":120,"h":120,"i":120,"j":120,"k":120,"l":120,"m":120,"n":120,"o":113,"p":113}},{"type":"Feature","geometry":{"type":"Point","coordinates":[126.84994999999999,37.372080000000004]},"properties":{"row":7,"col":10,"walk_min":81.2,"nearest_station_id":"kr_442","nearest_station_name":"Gwangmyeong","nearest_station_name_ko":"광명","a":116,"b":105,"c":119,"d":108,"e":120,"f":120,"g":120,"h":120,"i":120,"j":120,"k":120,"l":120,"m":120,"n":120,"o":117,"p":117}},{"type":"Feature","geometry":{"type":"Point","coordinates":[126.823994,37.398034]},"properties":{"row":8,"col":9,"walk_min":99.0,"nearest_station_id":"kr_442","nearest_station_name":"Gwangmyeong","nearest_station_name_ko":"광명","a":120,"b":120,"c":120,"d":120,"e":120,"f":120,"g":120,"h":120,"i":120,"j":120,"k":120,"l":120,"m":120,"n":120,"o":120,"p":120}},{"type":"Feature","geometry":{"type":"Point","coordinates":[126.798034,37.42399400000001]},"properties":{"row":9,"col":8,"walk_min":83.8,"nearest_station_id":"kr_451","nearest_station_name":"Sosa","nearest_station_name_ko":"소사","a":119,"b":119,"c":120,"d":120,"e":120,"f":120,"g":120,"h":120,"i":120,"j":120,"k":120,"l":120,"m":120,"n":120,"o":116,"p":116}},{"type":"Feature","geometry":{"type":"Point","coordinates":[127.057604,37.164424000000004]},"properties":{"row":-1,"col":18,"walk_min":64.6,"nearest_station_id":"kr_416","nearest_station_name":"Osan College","nearest_station_name_ko":"오산대","a":120,"b":120,"c":120,"d":120,"e":120,"f":120,"g":120,"h":120,"i":120,"j":120,"k":120,"l":120,"m":120,"n":120,"o":120,"p":120}},{"type":"Feature","geometry":{"type":"Point","coordinates":[127.135474,37.29421000000001]},"properties":{"row":4,"col":21,"walk_min":78.3,"nearest_station_id":"kr_233","nearest_station_name":"Suji-gu Office","nearest_station_name_ko":"수지구청","a":120,"b":120,"c":120,"d":120,"e":120,"f":120,"g":120,"h":120,"i":120,"j":120,"k":120,"l":120,"m":120,"n":120,"o":120,"p":120}},{"type":"Feature","geometry":{"type":"Point","coordinates":[126.901864,37.268254]},"properties":{"row":3,"col":12,"walk_min":84.4,"nearest_station_id":"kr_415","nearest_station_name":"Banwol","nearest_station_name_ko":"반월","a":120,"b":120,"c":120,"d":120,"e":120,"f":120,"g":120,"h":120,"i":120,"j":120,"k":120,"l":120,"m":120,"n":120,"o":120,"p":120}},{"type":"Feature","geometry":{"type":"Point","coordinates":[126.64229399999999,37.527820000000006]},"properties":{"row":13,"col":2,"walk_min":81.3,"nearest_station_id":"kr_258","nearest_station_name":"Sangok","nearest_station_name_ko":"산곡","a":120,"b":120,"c":120,"d":120,"e":120,"f":120,"g":120,"h":120,"i":120,"j":120,"k":120,"l":120,"m":120,"n":120,"o":120,"p":120}},{"type":"Feature","geometry":{"type":"Point","coordinates":[127.10952000000002,37.813343999999994]},"properties":{"row":24,"col":20,"walk_min":83.9,"nearest_station_id":"kr_447","nearest_station_name":"Deokgye","nearest_station_name_ko":"덕계","a":120,"b":120,"c":120,"d":120,"e":120,"f":120,"g":120,"h":120,"i":120,"j":120,"k":120,"l":120,"m":120,"n":120,"o":120,"p":120}},{"type":"Feature","geometry":{"type":"Point","coordinates":[127.083564,37.242294]},"properties":{"row":2,"col":19,"walk_min":79.2,"nearest_station_id":"kr_357","nearest_station_name":"Gwanggyo Jungang","nearest_station_name_ko":"광교중앙","a":120,"b":120,"c":120,"d":120,"e":120,"f":120,"g":120,"h":120,"i":120,"j":120,"k":120,"l":120,"m":120,"n":120,"o":120,"p":120}},{"type":"Feature","geometry":{"type":"Point","coordinates":[127.10952000000002,37.21634]},"properties":{"row":1,"col":20,"walk_min":83.8,"nearest_station_id":"kr_466","nearest_station_name":"Seodongtan","nearest_station_name_ko":"서동탄","a":120,"b":120,"c":120,"d":120,"e":120,"f":120,"g":120,"h":120,"i":120,"j":120,"k":120,"l":120,"m":120,"n":120,"o":120,"p":120}},{"type":"Feature","geometry":{"type":"Point","coordinates":[127.031644,37.372080000000004]},"properties":{"row":7,"col":17,"walk_min":83.3,"nearest_station_id":"kr_325","nearest_station_name":"Indeogwon","nearest_station_name_ko":"인덕원","a":120,"b":120,"c":120,"d":120,"e":116,"f":116,"g":120,"h":120,"i":105,"j":105,"k":120,"l":120,"m":120,"n":120,"o":120,"p":120}},{"type":"Feature","geometry":{"type":"Point","coordinates":[126.97973400000001,37.761433999999994]},"properties":{"row":22,"col":15,"walk_min":83.9,"nearest_station_id":"kr_421","nearest_station_name":"Nogyang","nearest_station_name_ko":"녹양","a":120,"b":120,"c":120,"d":120,"e":120,"f":120,"g":120,"h":120,"i":120,"j":120,"k":120,"l":120,"m":120,"n":120,"o":120,"p":120}},{"type":"Feature","geometry":{"type":"Point","coordinates":[126.74612400000001,37.42399400000001]},"properties":{"row":9,"col":6,"walk_min":86.5,"nearest_station_id":"kr_378","nearest_station_name":"Dongam","nearest_station_name_ko":"동암","a":120,"b":120,"c":120,"d":120,"e":120,"f":120,"g":120,"h":120,"i":120,"j":120,"k":120,"l":120,"m":120,"n":120,"o":120,"p":120}},{"type":"Feature","geometry":{"type":"Point","coordinates":[127.213344,37.475904]},"properties":{"row":11,"col":24,"walk_min":80.7,"nearest_station_id":"kr_232","nearest_station_name":"Namhansanseong","nearest_station_name_ko":"남한산성입구","a":120,"b":120,"c":120,"d":120,"e":115,"f":115,"g":120,"h":120,"i":120,"j":120,"k":110,"l":110,"m":120,"n":120,"o":120,"p":120}},{"type":"Feature","geometry":{"type":"Point","coordinates":[126.97973400000001,37.78739]},"properties":{"row":23,"col":15,"walk_min":80.0,"nearest_station_id":"kr_092","nearest_station_name":"Yangju","nearest_station_name_ko":"양주","a":120,"b":120,"c":120,"d":120,"e":120,"f":120,"g":120,"h":120,"i":120,"j":120,"k":120,"l":120,"m":120,"n":120,"o":120,"p":120}},{"type":"Feature","geometry":{"type":"Point","coordinates":[127.00569,37.346123999999996]},"properties":{"row":6,"col":16,"walk_min":80.2,"nearest_station_id":"kr_072","nearest_station_name":"Gunpo","nearest_station_name_ko":"군포","a":120,"b":120,"c":120,"d":120,"e":120,"f":120,"g":120,"h":120,"i":116,"j":116,"k":120,"l":120,"m":120,"n":120,"o":120,"p":120}},{"type":"Feature","geometry":{"type":"Point","coordinates":[126.97973400000001,37.683564000000004]},"properties":{"row":19,"col":15,"walk_min":83.8,"nearest_station_id":"kr_410","nearest_station_name":"Dobong","nearest_station_name_ko":"도봉","a":120,"b":120,"c":120,"d":120,"e":120,"f":120,"g":120,"h":120,"i":120,"j":120,"k":120,"l":120,"m":120,"n":120,"o":120,"p":120}},{"type":"Feature","geometry":{"type":"Point","coordinates":[126.74612400000001,37.60569]},"properties":{"row":16,"col":6,"walk_min":93.1,"nearest_station_id":"kr_228","nearest_station_name":"Baekseok","nearest_station_name_ko":"백석","a":120,"b":120,"c":120,"d":120,"e":120,"f":120,"g":120,"h":120,"i":120,"j":120,"k":120,"l":120,"m":120,"n":120,"o":120,"p":120}},{"type":"Feature","geometry":{"type":"Point","coordinates":[127.10952000000002,37.78739]},"properties":{"row":23,"col":20,"walk_min":86.6,"nearest_station_id":"kr_447","nearest_station_name":"Deokgye","nearest_station_name_ko":"덕계","a":120,"b":120,"c":120,"d":120,"e":120,"f":120,"g":120,"h":120,"i":120,"j":120,"k":120,"l":120,"m":120,"n":120,"o":120,"p":120}},{"type":"Feature","geometry":{"type":"Point","coordinates":[127.10952000000002,37.268254]},"properties":{"row":3,"col":20,"walk_min":84.1,"nearest_station_id":"kr_307","nearest_station_name":"Sanghyeon","nearest_station_name_ko":"상현","a":120,"b":120,"c":120,"d":120,"e":120,"f":120,"g":120,"h":120,"i":120,"j":120,"k":120,"l":120,"m":120,"n":120,"o":120,"p":120}},{"type":"Feature","geometry":{"type":"Point","coordinates":[126.97973400000001,37.70952]},"properties":{"row":20,"col":15,"walk_min":84.9,"nearest_station_id":"kr_449","nearest_station_name":"Mangwolsa (Shinhan University)","nearest_station_name_ko":"망월사(신한대학교)","a":120,"b":120,"c":120,"d":120,"e":120,"f":120,"g":120,"h":120,"i":120,"j":120,"k":120,"l":120,"m":120,"n":120,"o":120,"p":120}},{"type":"Feature","geometry":{"type":"Point","coordinates":[127.10952000000002,37.735473999999996]},"properties":{"row":21,"col":20,"walk_min":88.6,"nearest_station_id":"kr_065","nearest_station_name":"Uijeongbu","nearest_station_name_ko":"의정부","a":120,"b":120,"c":120,"d":120,"e":120,"f":120,"g":120,"h":120,"i":120,"j":120,"k":120,"l":120,"m":120,"n":120,"o":120,"p":120}},{"type":"Feature","geometry":{"type":"Point","coordinates":[126.77208,37.42399400000001]},"properties":{"row":9,"col":7,"walk_min":89.3,"nearest_station_id":"kr_060","nearest_station_name":"Bucheon","nearest_station_name_ko":"부천","a":120,"b":120,"c":120,"d":120,"e":120,"f":120,"g":120,"h":120,"i":120,"j":120,"k":120,"l":120,"m":120,"n":120,"o":120,"p":120}},{"type":"Feature","geometry":{"type":"Point","coordinates":[126.798034,37.268254]},"properties":{"row":3,"col":8,"walk_min":112.9,"nearest_station_id":"kr_426","nearest_station_name":"Gojan","nearest_station_name_ko":"고잔","a":120,"b":120,"c":120,"d":120,"e":120,"f":120,"g":120,"h":120,"i":120,"j":120,"k":120,"l":120,"m":120,"n":120,"o":120,"p":120}},{"type":"Feature","geometry":{"type":"Point","coordinates":[127.16143400000001,37.346123999999996]},"properties":{"row":6,"col":22,"walk_min":85.9,"nearest_station_id":"kr_172","nearest_station_name":"Migeum","nearest_station_name_ko":"미금","a":120,"b":120,"c":120,"d":120,"e":120,"f":120,"g":120,"h":120,"i":120,"j":120,"k":120,"l":120,"m":120,"n":120,"o":120,"p":120}},{"type":"Feature","geometry":{"type":"Point","coordinates":[126.668254,37.553774]},"properties":{"row":14,"col":3,"walk_min":89.2,"nearest_station_id":"kr_258","nearest_station_name":"Sangok","nearest_station_name_ko":"산곡","a":120,"b":120,"c":120,"d":120,"e":120,"f":120,"g":120,"h":120,"i":120,"j":120,"k":120,"l":120,"m":120,"n":120,"o":120,"p":120}},{"type":"Feature","geometry":{"type":"Point","coordinates":[126.823994,37.372080000000004]},"properties":{"row":7,"col":9,"walk_min":85.8,"nearest_station_id":"kr_263","nearest_station_name":"Ansan","nearest_station_name_ko":"안산","a":120,"b":120,"c":120,"d":120,"e":120,"f":120,"g":120,"h":120,"i":120,"j":120,"k":120,"l":120,"m":120,"n":120,"o":120,"p":120}},{"type":"Feature","geometry":{"type":"Point","coordinates":[126.77208,37.398034]},"properties":{"row":8,"col":7,"walk_min":110.0,"nearest_station_id":"kr_428","nearest_station_name":"Oido","nearest_station_name_ko":"오이도","a":120,"b":120,"c":120,"d":120,"e":120,"f":120,"g":120,"h":120,"i":120,"j":120,"k":120,"l":120,"m":120,"n":120,"o":120,"p":120}},{"type":"Feature","geometry":{"type":"Point","coordinates":[126.97973400000001,37.190384]},"properties":{"row":0,"col":15,"walk_min":90.4,"nearest_station_id":"kr_047","nearest_station_name":"Byeongjeom","nearest_station_name_ko":"병점","a":120,"b":120,"c":120,"d":120,"e":120,"f":120,"g":120,"h":120,"i":120,"j":120,"k":120,"l":120,"m":120,"n":120,"o":120,"p":120}},{"type":"Feature","geometry":{"type":"Point","coordinates":[126.97973400000001,37.735473999999996]},"properties":{"row":21,"col":15,"walk_min":94.6,"nearest_station_id":"kr_448","nearest_station_name":"Ganeung","nearest_station_name_ko":"가능","a":120,"b":120,"c":120,"d":120,"e":120,"f":120,"g":120,"h":120,"i":120,"j":120,"k":120,"l":120,"m":120,"n":120,"o":120,"p":120}},{"type":"Feature","geometry":{"type":"Point","coordinates":[127.16143400000001,37.320164]},"properties":{"row":5,"col":22,"walk_min":99.0,"nearest_station_id":"kr_202","nearest_station_name":"Dongcheon","nearest_station_name_ko":"동천","a":120,"b":120,"c":120,"d":120,"e":120,"f":120,"g":120,"h":120,"i":120,"j":120,"k":120,"l":120,"m":120,"n":120,"o":120,"p":120}},{"type":"Feature","geometry":{"type":"Point","coordinates":[127.213344,37.60569]},"properties":{"row":16,"col":24,"walk_min":92.8,"nearest_station_id":"kr_331","nearest_station_name":"Misa","nearest_station_name_ko":"미사","a":120,"b":120,"c":120,"d":120,"e":120,"f":120,"g":120,"h":120,"i":120,"j":120,"k":120,"l":120,"m":120,"n":120,"o":120,"p":120}},{"type":"Feature","geometry":{"type":"Point","coordinates":[126.668254,37.398034]},"properties":{"row":8,"col":3,"walk_min":93.2,"nearest_station_id":"kr_248","nearest_station_name":"Juan","nearest_station_name_ko":"주안","a":120,"b":120,"c":120,"d":120,"e":120,"f":120,"g":120,"h":120,"i":120,"j":120,"k":120,"l":120,"m":120,"n":120,"o":120,"p":120}},{"type":"Feature","geometry":{"type":"Point","coordinates":[126.720164,37.29421000000001]},"properties":{"row":4,"col":5,"walk_min":84.4,"nearest_station_id":"kr_427","nearest_station_name":"Singiloncheon","nearest_station_name_ko":"신길온천","a":120,"b":120,"c":120,"d":120,"e":120,"f":120,"g":120,"h":120,"i":120,"j":120,"k":120,"l":120,"m":120,"n":120,"o":120,"p":120}},{"type":"Feature","geometry":{"type":"Point","coordinates":[127.10952000000002,37.761433999999994]},"properties":{"row":22,"col":20,"walk_min":91.7,"nearest_station_id":"kr_092","nearest_station_name":"Yangju","nearest_station_name_ko":"양주","a":120,"b":120,"c":120,"d":120,"e":120,"f":120,"g":120,"h":120,"i":120,"j":120,"k":120,"l":120,"m":120,"n":120,"o":120,"p":120}},{"type":"Feature","geometry":{"type":"Point","coordinates":[126.69421,37.398034]},"properties":{"row":8,"col":4,"walk_min":96.8,"nearest_station_id":"kr_428","nearest_station_name":"Oido","nearest_station_name_ko":"오이도","a":120,"b":120,"c":120,"d":120,"e":120,"f":120,"g":120,"h":120,"i":120,"j":120,"k":120,"l":120,"m":120,"n":120,"o":120,"p":120}},{"type":"Feature","geometry":{"type":"Point","coordinates":[127.23930399999999,37.42399400000001]},"properties":{"row":9,"col":25,"walk_min":77.9,"nearest_station_id":"kr_149","nearest_station_name":"경기광주","nearest_station_name_ko":"경기광주","a":120,"b":120,"c":120,"d":120,"e":120,"f":120,"g":120,"h":120,"i":120,"j":120,"k":120,"l":120,"m":120,"n":120,"o":120,"p":120}},{"type":"Feature","geometry":{"type":"Point","coordinates":[126.74612400000001,37.735473999999996]},"properties":{"row":21,"col":6,"walk_min":93.5,"nearest_station_id":"kr_424","nearest_station_name":"Daehwa","nearest_station_name_ko":"대화","a":120,"b":120,"c":120,"d":120,"e":120,"f":120,"g":120,"h":120,"i":120,"j":120,"k":120,"l":120,"m":120,"n":120,"o":120,"p":120}},{"type":"Feature","geometry":{"type":"Point","coordinates":[126.77208,37.735473999999996]},"properties":{"row":21,"col":7,"walk_min":99.7,"nearest_station_id":"kr_424","nearest_station_name":"Daehwa","nearest_station_name_ko":"대화","a":120,"b":120,"c":120,"d":120,"e":120,"f":120,"g":120,"h":120,"i":120,"j":120,"k":120,"l":120,"m":120,"n":120,"o":120,"p":120}},{"type":"Feature","geometry":{"type":"Point","coordinates":[126.97973400000001,37.813343999999994]},"properties":{"row":24,"col":15,"walk_min":96.0,"nearest_station_id":"kr_447","nearest_station_name":"Deokgye","nearest_station_name_ko":"덕계","a":120,"b":120,"c":120,"d":120,"e":120,"f":120,"g":120,"h":120,"i":120,"j":120,"k":120,"l":120,"m":120,"n":120,"o":120,"p":120}},{"type":"Feature","geometry":{"type":"Point","coordinates":[126.668254,37.683564000000004]},"properties":{"row":19,"col":3,"walk_min":170.5,"nearest_station_id":"kr_424","nearest_station_name":"Daehwa","nearest_station_name_ko":"대화","a":120,"b":120,"c":120,"d":120,"e":120,"f":120,"g":120,"h":120,"i":120,"j":120,"k":120,"l":120,"m":120,"n":120,"o":120,"p":120}},{"type":"Feature","geometry":{"type":"Point","coordinates":[126.92782,37.242294]},"properties":{"row":2,"col":13,"walk_min":98.5,"nearest_station_id":"kr_043","nearest_station_name":"Suwon","nearest_station_name_ko":"수원","a":120,"b":120,"c":120,"d":120,"e":120,"f":120,"g":120,"h":120,"i":120,"j":120,"k":120,"l":120,"m":120,"n":120,"o":120,"p":120}},{"type":"Feature","geometry":{"type":"Point","coordinates":[126.97973400000001,37.21634]},"properties":{"row":1,"col":15,"walk_min":90.6,"nearest_station_id":"kr_462","nearest_station_name":"Seryu","nearest_station_name_ko":"세류","a":120,"b":120,"c":120,"d":120,"e":120,"f":120,"g":120,"h":120,"i":120,"j":120,"k":120,"l":120,"m":120,"n":120,"o":120,"p":120}},{"type":"Feature","geometry":{"type":"Point","coordinates":[126.84994999999999,37.70952]},"properties":{"row":20,"col":10,"walk_min":122.9,"nearest_station_id":"kr_145","nearest_station_name":"Wondang","nearest_station_name_ko":"원당","a":120,"b":120,"c":120,"d":120,"e":120,"f":120,"g":120,"h":120,"i":120,"j":120,"k":120,"l":120,"m":120,"n":120,"o":120,"p":120}},{"type":"Feature","geometry":{"type":"Point","coordinates":[126.590384,37.42399400000001]},"properties":{"row":9,"col":0,"walk_min":92.7,"nearest_station_id":"kr_458","nearest_station_name":"Incheon","nearest_station_name_ko":"인천","a":120,"b":120,"c":120,"d":120,"e":120,"f":120,"g":120,"h":120,"i":120,"j":120,"k":120,"l":120,"m":120,"n":120,"o":120,"p":120}},{"type":"Feature","geometry":{"type":"Point","coordinates":[126.92782,37.70952]},"properties":{"row":20,"col":13,"walk_min":99.7,"nearest_station_id":"kr_115","nearest_station_name":"Samsong","nearest_station_name_ko":"삼송","a":120,"b":120,"c":120,"d":120,"e":120,"f":120,"g":120,"h":120,"i":120,"j":120,"k":120,"l":120,"m":120,"n":120,"o":120,"p":120}},{"type":"Feature","geometry":{"type":"Point","coordinates":[126.798034,37.398034]},"properties":{"row":8,"col":8,"walk_min":104.9,"nearest_station_id":"kr_428","nearest_station_name":"Oido","nearest_station_name_ko":"오이도","a":120,"b":120,"c":120,"d":120,"e":120,"f":120,"g":120,"h":120,"i":120,"j":120,"k":120,"l":120,"m":120,"n":120,"o":120,"p":120}},{"type":"Feature","geometry":{"type":"Point","coordinates":[126.720164,37.735473999999996]},"properties":{"row":21,"col":5,"walk_min":99.9,"nearest_station_id":"kr_424","nearest_station_name":"Daehwa","nearest_station_name_ko":"대화","a":120,"b":120,"c":120,"d":120,"e":120,"f":120,"g":120,"h":120,"i":120,"j":120,"k":120,"l":120,"m":120,"n":120,"o":120,"p":120}},{"type":"Feature","geometry":{"type":"Point","coordinates":[126.61634,37.527820000000006]},"properties":{"row":13,"col":1,"walk_min":105.2,"nearest_station_id":"kr_458","nearest_station_name":"Incheon","nearest_station_name_ko":"인천","a":120,"b":120,"c":120,"d":120,"e":120,"f":120,"g":120,"h":120,"i":120,"j":120,"k":120,"l":120,"m":120,"n":120,"o":120,"p":120}},{"type":"Feature","geometry":{"type":"Point","coordinates":[126.64229399999999,37.398034]},"properties":{"row":8,"col":2,"walk_min":101.9,"nearest_station_id":"kr_379","nearest_station_name":"Jemulpo","nearest_station_name_ko":"제물포","a":120,"b":120,"c":120,"d":120,"e":120,"f":120,"g":120,"h":120,"i":120,"j":120,"k":120,"l":120,"m":120,"n":120,"o":120,"p":120}},{"type":"Feature","geometry":{"type":"Point","coordinates":[127.213344,37.631644]},"properties":{"row":17,"col":24,"walk_min":98.1,"nearest_station_id":"kr_352","nearest_station_name":"Dasan","nearest_station_name_ko":"다산","a":120,"b":120,"c":120,"d":120,"e":120,"f":120,"g":120,"h":120,"i":120,"j":120,"k":120,"l":120,"m":120,"n":120,"o":120,"p":120}},{"type":"Feature","geometry":{"type":"Point","coordinates":[126.668254,37.320164]},"properties":{"row":5,"col":3,"walk_min":105.0,"nearest_station_id":"kr_351","nearest_station_name":"Jeongwang","nearest_station_name_ko":"정왕","a":120,"b":120,"c":120,"d":120,"e":120,"f":120,"g":120,"h":120,"i":120,"j":120,"k":120,"l":120,"m":120,"n":120,"o":120,"p":120}},{"type":"Feature","geometry":{"type":"Point","coordinates":[127.135474,37.735473999999996]},"properties":{"row":21,"col":21,"walk_min":106.8,"nearest_station_id":"kr_361","nearest_station_name":"Onam","nearest_station_name_ko":"오남","a":120,"b":120,"c":120,"d":120,"e":120,"f":120,"g":120,"h":120,"i":120,"j":120,"k":120,"l":120,"m":120,"n":120,"o":120,"p":120}},{"type":"Feature","geometry":{"type":"Point","coordinates":[126.823994,37.70952]},"properties":{"row":20,"col":9,"walk_min":103.0,"nearest_station_id":"kr_145","nearest_station_name":"Wondang","nearest_station_name_ko":"원당","a":120,"b":120,"c":120,"d":120,"e":120,"f":120,"g":120,"h":120,"i":120,"j":120,"k":120,"l":120,"m":120,"n":120,"o":120,"p":120}},{"type":"Feature","geometry":{"type":"Point","coordinates":[126.668254,37.70952]},"properties":{"row":20,"col":3,"walk_min":231.6,"nearest_station_id":"kr_424","nearest_station_name":"Daehwa","nearest_station_name_ko":"대화","a":120,"b":120,"c":120,"d":120,"e":120,"f":120,"g":120,"h":120,"i":120,"j":120,"k":120,"l":120,"m":120,"n":120,"o":120,"p":120}},{"type":"Feature","geometry":{"type":"Point","coordinates":[127.135474,37.268254]},"properties":{"row":3,"col":21,"walk_min":106.3,"nearest_station_id":"kr_307","nearest_station_name":"Sanghyeon","nearest_station_name_ko":"상현","a":120,"b":120,"c":120,"d":120,"e":120,"f":120,"g":120,"h":120,"i":120,"j":120,"k":120,"l":120,"m":120,"n":120,"o":120,"p":120}},{"type":"Feature","geometry":{"type":"Point","coordinates":[126.87590399999999,37.242294]},"properties":{"row":2,"col":11,"walk_min":108.7,"nearest_station_id":"kr_114","nearest_station_name":"Sangnoksu","nearest_station_name_ko":"상록수","a":120,"b":120,"c":120,"d":120,"e":120,"f":120,"g":120,"h":120,"i":120,"j":120,"k":120,"l":120,"m":120,"n":120,"o":120,"p":120}},{"type":"Feature","geometry":{"type":"Point","coordinates":[127.10952000000002,37.242294]},"properties":{"row":2,"col":20,"walk_min":104.0,"nearest_station_id":"kr_307","nearest_station_name":"Sanghyeon","nearest_station_name_ko":"상현","a":120,"b":120,"c":120,"d":120,"e":120,"f":120,"g":120,"h":120,"i":120,"j":120,"k":120,"l":120,"m":120,"n":120,"o":120,"p":120}},{"type":"Feature","geometry":{"type":"Point","coordinates":[126.61634,37.398034]},"properties":{"row":8,"col":1,"walk_min":105.1,"nearest_station_id":"kr_457","nearest_station_name":"Dowon","nearest_station_name_ko":"도원","a":120,"b":120,"c":120,"d":120,"e":120,"f":120,"g":120,"h":120,"i":120,"j":120,"k":120,"l":120,"m":120,"n":120,"o":120,"p":120}},{"type":"Feature","geometry":{"type":"Point","coordinates":[126.901864,37.70952]},"properties":{"row":20,"col":12,"walk_min":111.3,"nearest_station_id":"kr_115","nearest_station_name":"Samsong","nearest_station_name_ko":"삼송","a":120,"b":120,"c":120,"d":120,"e":120,"f":120,"g":120,"h":120,"i":120,"j":120,"k":120,"l":120,"m":120,"n":120,"o":120,"p":120}},{"type":"Feature","geometry":{"type":"Point","coordinates":[126.69421,37.735473999999996]},"properties":{"row":21,"col":4,"walk_min":113.6,"nearest_station_id":"kr_424","nearest_station_name":"Daehwa","nearest_station_name_ko":"대화","a":120,"b":120,"c":120,"d":120,"e":120,"f":120,"g":120,"h":120,"i":120,"j":120,"k":120,"l":120,"m":120,"n":120,"o":120,"p":120}},{"type":"Feature","geometry":{"type":"Point","coordinates":[126.901864,37.242294]},"properties":{"row":2,"col":12,"walk_min":114.0,"nearest_station_id":"kr_114","nearest_station_name":"Sangnoksu","nearest_station_name_ko":"상록수","a":120,"b":120,"c":120,"d":120,"e":120,"f":120,"g":120,"h":120,"i":120,"j":120,"k":120,"l":120,"m":120,"n":120,"o":120,"p":120}},{"type":"Feature","geometry":{"type":"Point","coordinates":[127.23930399999999,37.44995]},"properties":{"row":10,"col":25,"walk_min":104.3,"nearest_station_id":"kr_236","nearest_station_name":"Samdong","nearest_station_name_ko":"삼동","a":120,"b":120,"c":120,"d":120,"e":120,"f":120,"g":120,"h":120,"i":120,"j":120,"k":120,"l":120,"m":120,"n":120,"o":120,"p":120}},{"type":"Feature","geometry":{"type":"Point","coordinates":[127.23930399999999,37.372080000000004]},"properties":{"row":7,"col":25,"walk_min":95.8,"nearest_station_id":"kr_149","nearest_station_name":"경기광주","nearest_station_name_ko":"경기광주","a":120,"b":120,"c":120,"d":120,"e":120,"f":120,"g":120,"h":120,"i":120,"j":120,"k":120,"l":120,"m":120,"n":120,"o":120,"p":120}},{"type":"Feature","geometry":{"type":"Point","coordinates":[127.057604,37.839304000000006]},"properties":{"row":25,"col":18,"walk_min":93.5,"nearest_station_id":"kr_119","nearest_station_name":"Deokjeong (Seojeong College)","nearest_station_name_ko":"덕정(서정대학)","a":120,"b":120,"c":120,"d":120,"e":120,"f":120,"g":120,"h":120,"i":120,"j":120,"k":120,"l":120,"m":120,"n":120,"o":120,"p":120}},{"type":"Feature","geometry":{"type":"Point","coordinates":[126.720164,37.579733999999995]},"properties":{"row":15,"col":5,"walk_min":106.4,"nearest_station_id":"kr_429","nearest_station_name":"Gaehwa","nearest_station_name_ko":"개화","a":120,"b":120,"c":120,"d":120,"e":120,"f":120,"g":120,"h":120,"i":120,"j":120,"k":120,"l":120,"m":120,"n":120,"o":120,"p":120}},{"type":"Feature","geometry":{"type":"Point","coordinates":[127.135474,37.190384]},"properties":{"row":0,"col":21,"walk_min":110.2,"nearest_station_id":"kr_416","nearest_station_name":"Osan College","nearest_station_name_ko":"오산대","a":120,"b":120,"c":120,"d":120,"e":120,"f":120,"g":120,"h":120,"i":120,"j":120,"k":120,"l":120,"m":120,"n":120,"o":120,"p":120}},{"type":"Feature","geometry":{"type":"Point","coordinates":[126.87590399999999,37.70952]},"properties":{"row":20,"col":11,"walk_min":112.6,"nearest_station_id":"kr_115","nearest_station_name":"Samsong","nearest_station_name_ko":"삼송","a":120,"b":120,"c":120,"d":120,"e":120,"f":120,"g":120,"h":120,"i":120,"j":120,"k":120,"l":120,"m":120,"n":120,"o":120,"p":120}},{"type":"Feature","geometry":{"type":"Point","coordinates":[127.16143400000001,37.761433999999994]},"properties":{"row":22,"col":22,"walk_min":111.5,"nearest_station_id":"kr_470","nearest_station_name":"Jinjeop","nearest_station_name_ko":"진접","a":120,"b":120,"c":120,"d":120,"e":120,"f":120,"g":120,"h":120,"i":120,"j":120,"k":120,"l":120,"m":120,"n":120,"o":120,"p":120}},{"type":"Feature","geometry":{"type":"Point","coordinates":[127.16143400000001,37.29421000000001]},"properties":{"row":4,"col":22,"walk_min":113.5,"nearest_station_id":"kr_233","nearest_station_name":"Suji-gu Office","nearest_station_name_ko":"수지구청","a":120,"b":120,"c":120,"d":120,"e":120,"f":120,"g":120,"h":120,"i":120,"j":120,"k":120,"l":120,"m":120,"n":120,"o":120,"p":120}},{"type":"Feature","geometry":{"type":"Point","coordinates":[127.135474,37.813343999999994]},"properties":{"row":24,"col":21,"walk_min":122.5,"nearest_station_id":"kr_447","nearest_station_name":"Deokgye","nearest_station_name_ko":"덕계","a":120,"b":120,"c":120,"d":120,"e":120,"f":120,"g":120,"h":120,"i":120,"j":120,"k":120,"l":120,"m":120,"n":120,"o":120,"p":120}},{"type":"Feature","geometry":{"type":"Point","coordinates":[126.69421,37.579733999999995]},"properties":{"row":15,"col":4,"walk_min":121.0,"nearest_station_id":"kr_258","nearest_station_name":"Sangok","nearest_station_name_ko":"산곡","a":120,"b":120,"c":120,"d":120,"e":120,"f":120,"g":120,"h":120,"i":120,"j":120,"k":120,"l":120,"m":120,"n":120,"o":120,"p":120}},{"type":"Feature","geometry":{"type":"Point","coordinates":[126.953774,37.21634]},"properties":{"row":1,"col":14,"walk_min":115.6,"nearest_station_id":"kr_462","nearest_station_name":"Seryu","nearest_station_name_ko":"세류","a":120,"b":120,"c":120,"d":120,"e":120,"f":120,"g":120,"h":120,"i":120,"j":120,"k":120,"l":120,"m":120,"n":120,"o":120,"p":120}},{"type":"Feature","geometry":{"type":"Point","coordinates":[126.953774,37.70952]},"properties":{"row":20,"col":14,"walk_min":111.6,"nearest_station_id":"kr_449","nearest_station_name":"Mangwolsa (Shinhan University)","nearest_station_name_ko":"망월사(신한대학교)","a":120,"b":120,"c":120,"d":120,"e":120,"f":120,"g":120,"h":120,"i":120,"j":120,"k":120,"l":120,"m":120,"n":120,"o":120,"p":120}},{"type":"Feature","geometry":{"type":"Point","coordinates":[126.64229399999999,37.553774]},"properties":{"row":14,"col":2,"walk_min":114.4,"nearest_station_id":"kr_258","nearest_station_name":"Sangok","nearest_station_name_ko":"산곡","a":120,"b":120,"c":120,"d":120,"e":120,"f":120,"g":120,"h":120,"i":120,"j":120,"k":120,"l":120,"m":120,"n":120,"o":120,"p":120}},{"type":"Feature","geometry":{"type":"Point","coordinates":[126.720164,37.60569]},"properties":{"row":16,"col":5,"walk_min":119.5,"nearest_station_id":"kr_261","nearest_station_name":"Madu","nearest_station_name_ko":"마두","a":120,"b":120,"c":120,"d":120,"e":120,"f":120,"g":120,"h":120,"i":120,"j":120,"k":120,"l":120,"m":120,"n":120,"o":120,"p":120}},{"type":"Feature","geometry":{"type":"Point","coordinates":[126.953774,37.78739]},"properties":{"row":23,"col":14,"walk_min":113.5,"nearest_station_id":"kr_092","nearest_station_name":"Yangju","nearest_station_name_ko":"양주","a":120,"b":120,"c":120,"d":120,"e":120,"f":120,"g":120,"h":120,"i":120,"j":120,"k":120,"l":120,"m":120,"n":120,"o":120,"p":120}},{"type":"Feature","geometry":{"type":"Point","coordinates":[127.213344,37.78739]},"properties":{"row":23,"col":24,"walk_min":125.0,"nearest_station_id":"kr_470","nearest_station_name":"Jinjeop","nearest_station_name_ko":"진접","a":120,"b":120,"c":120,"d":120,"e":120,"f":120,"g":120,"h":120,"i":120,"j":120,"k":120,"l":120,"m":120,"n":120,"o":120,"p":120}},{"type":"Feature","geometry":{"type":"Point","coordinates":[126.798034,37.735473999999996]},"properties":{"row":21,"col":8,"walk_min":120.0,"nearest_station_id":"kr_350","nearest_station_name":"Juyeop","nearest_station_name_ko":"주엽","a":120,"b":120,"c":120,"d":120,"e":120,"f":120,"g":120,"h":120,"i":120,"j":120,"k":120,"l":120,"m":120,"n":120,"o":120,"p":120}},{"type":"Feature","geometry":{"type":"Point","coordinates":[126.590384,37.501864]},"properties":{"row":12,"col":0,"walk_min":109.8,"nearest_station_id":"kr_458","nearest_station_name":"Incheon","nearest_station_name_ko":"인천","a":120,"b":120,"c":120,"d":120,"e":120,"f":120,"g":120,"h":120,"i":120,"j":120,"k":120,"l":120,"m":120,"n":120,"o":120,"p":120}},{"type":"Feature","geometry":{"type":"Point","coordinates":[127.23930399999999,37.475904]},"properties":{"row":11,"col":25,"walk_min":109.2,"nearest_station_id":"kr_469","nearest_station_name":"Hanam Geomdansan","nearest_station_name_ko":"하남검단산","a":120,"b":120,"c":120,"d":120,"e":120,"f":120,"g":120,"h":120,"i":120,"j":120,"k":120,"l":120,"m":120,"n":120,"o":120,"p":120}},{"type":"Feature","geometry":{"type":"Point","coordinates":[127.16143400000001,37.268254]},"properties":{"row":3,"col":22,"walk_min":126.8,"nearest_station_id":"kr_233","nearest_station_name":"Suji-gu Office","nearest_station_name_ko":"수지구청","a":120,"b":120,"c":120,"d":120,"e":120,"f":120,"g":120,"h":120,"i":120,"j":120,"k":120,"l":120,"m":120,"n":120,"o":120,"p":120}},{"type":"Feature","geometry":{"type":"Point","coordinates":[127.135474,37.21634]},"properties":{"row":1,"col":21,"walk_min":121.8,"nearest_station_id":"kr_466","nearest_station_name":"Seodongtan","nearest_station_name_ko":"서동탄","a":120,"b":120,"c":120,"d":120,"e":120,"f":120,"g":120,"h":120,"i":120,"j":120,"k":120,"l":120,"m":120,"n":120,"o":120,"p":120}},{"type":"Feature","geometry":{"type":"Point","coordinates":[126.953774,37.761433999999994]},"properties":{"row":22,"col":14,"walk_min":124.0,"nearest_station_id":"kr_421","nearest_station_name":"Nogyang","nearest_station_name_ko":"녹양","a":120,"b":120,"c":120,"d":120,"e":120,"f":120,"g":120,"h":120,"i":120,"j":120,"k":120,"l":120,"m":120,"n":120,"o":120,"p":120}},{"type":"Feature","geometry":{"type":"Point","coordinates":[127.18739000000001,37.78739]},"properties":{"row":23,"col":23,"walk_min":164.7,"nearest_station_id":"kr_470","nearest_station_name":"Jinjeop","nearest_station_name_ko":"진접","a":120,"b":120,"c":120,"d":120,"e":120,"f":120,"g":120,"h":120,"i":120,"j":120,"k":120,"l":120,"m":120,"n":120,"o":120,"p":120}},{"type":"Feature","geometry":{"type":"Point","coordinates":[126.84994999999999,37.242294]},"properties":{"row":2,"col":10,"walk_min":125.8,"nearest_station_id":"kr_114","nearest_station_name":"Sangnoksu","nearest_station_name_ko":"상록수","a":120,"b":120,"c":120,"d":120,"e":120,"f":120,"g":120,"h":120,"i":120,"j":120,"k":120,"l":120,"m":120,"n":120,"o":120,"p":120}},{"type":"Feature","geometry":{"type":"Point","coordinates":[127.18739000000001,37.346123999999996]},"properties":{"row":6,"col":23,"walk_min":119.9,"nearest_station_id":"kr_237","nearest_station_name":"삼동","nearest_station_name_ko":"삼동","a":120,"b":120,"c":120,"d":120,"e":120,"f":120,"g":120,"h":120,"i":120,"j":120,"k":120,"l":120,"m":120,"n":120,"o":120,"p":120}},{"type":"Feature","geometry":{"type":"Point","coordinates":[126.953774,37.813343999999994]},"properties":{"row":24,"col":14,"walk_min":125.1,"nearest_station_id":"kr_447","nearest_station_name":"Deokgye","nearest_station_name_ko":"덕계","a":120,"b":120,"c":120,"d":120,"e":120,"f":120,"g":120,"h":120,"i":120,"j":120,"k":120,"l":120,"m":120,"n":120,"o":120,"p":120}},{"type":"Feature","geometry":{"type":"Point","coordinates":[127.135474,37.761433999999994]},"properties":{"row":22,"col":21,"walk_min":126.0,"nearest_station_id":"kr_470","nearest_station_name":"Jinjeop","nearest_station_name_ko":"진접","a":120,"b":120,"c":120,"d":120,"e":120,"f":120,"g":120,"h":120,"i":120,"j":120,"k":120,"l":120,"m":120,"n":120,"o":120,"p":120}},{"type":"Feature","geometry":{"type":"Point","coordinates":[126.668254,37.579733999999995]},"properties":{"row":15,"col":3,"walk_min":125.4,"nearest_station_id":"kr_258","nearest_station_name":"Sangok","nearest_station_name_ko":"산곡","a":120,"b":120,"c":120,"d":120,"e":120,"f":120,"g":120,"h":120,"i":120,"j":120,"k":120,"l":120,"m":120,"n":120,"o":120,"p":120}},{"type":"Feature","geometry":{"type":"Point","coordinates":[127.135474,37.78739]},"properties":{"row":23,"col":21,"walk_min":133.9,"nearest_station_id":"kr_447","nearest_station_name":"Deokgye","nearest_station_name_ko":"덕계","a":120,"b":120,"c":120,"d":120,"e":120,"f":120,"g":120,"h":120,"i":120,"j":120,"k":120,"l":120,"m":120,"n":120,"o":120,"p":120}},{"type":"Feature","geometry":{"type":"Point","coordinates":[126.953774,37.735473999999996]},"properties":{"row":21,"col":14,"walk_min":139.4,"nearest_station_id":"kr_448","nearest_station_name":"Ganeung","nearest_station_name_ko":"가능","a":120,"b":120,"c":120,"d":120,"e":120,"f":120,"g":120,"h":120,"i":120,"j":120,"k":120,"l":120,"m":120,"n":120,"o":120,"p":120}},{"type":"Feature","geometry":{"type":"Point","coordinates":[126.92782,37.21634]},"properties":{"row":1,"col":13,"walk_min":140.4,"nearest_station_id":"kr_462","nearest_station_name":"Seryu","nearest_station_name_ko":"세류","a":120,"b":120,"c":120,"d":120,"e":120,"f":120,"g":120,"h":120,"i":120,"j":120,"k":120,"l":120,"m":120,"n":120,"o":120,"p":120}},{"type":"Feature","geometry":{"type":"Point","coordinates":[127.00569,37.839304000000006]},"properties":{"row":25,"col":16,"walk_min":112.8,"nearest_station_id":"kr_119","nearest_station_name":"Deokjeong (Seojeong College)","nearest_station_name_ko":"덕정(서정대학)","a":120,"b":120,"c":120,"d":120,"e":120,"f":120,"g":120,"h":120,"i":120,"j":120,"k":120,"l":120,"m":120,"n":120,"o":120,"p":120}},{"type":"Feature","geometry":{"type":"Point","coordinates":[126.953774,37.190384]},"properties":{"row":0,"col":14,"walk_min":131.3,"nearest_station_id":"kr_047","nearest_station_name":"Byeongjeom","nearest_station_name_ko":"병점","a":120,"b":120,"c":120,"d":120,"e":120,"f":120,"g":120,"h":120,"i":120,"j":120,"k":120,"l":120,"m":120,"n":120,"o":120,"p":120}},{"type":"Feature","geometry":{"type":"Point","coordinates":[127.10952000000002,37.839304000000006]},"properties":{"row":25,"col":20,"walk_min":125.9,"nearest_station_id":"kr_119","nearest_station_name":"Deokjeong (Seojeong College)","nearest_station_name_ko":"덕정(서정대학)","a":120,"b":120,"c":120,"d":120,"e":120,"f":120,"g":120,"h":120,"i":120,"j":120,"k":120,"l":120,"m":120,"n":120,"o":120,"p":120}},{"type":"Feature","geometry":{"type":"Point","coordinates":[127.18739000000001,37.320164]},"properties":{"row":5,"col":23,"walk_min":139.7,"nearest_station_id":"kr_172","nearest_station_name":"Migeum","nearest_station_name_ko":"미금","a":120,"b":120,"c":120,"d":120,"e":120,"f":120,"g":120,"h":120,"i":120,"j":120,"k":120,"l":120,"m":120,"n":120,"o":120,"p":120}},{"type":"Feature","geometry":{"type":"Point","coordinates":[126.64229399999999,37.320164]},"properties":{"row":5,"col":2,"walk_min":129.4,"nearest_station_id":"kr_351","nearest_station_name":"Jeongwang","nearest_station_name_ko":"정왕","a":120,"b":120,"c":120,"d":120,"e":120,"f":120,"g":120,"h":120,"i":120,"j":120,"k":120,"l":120,"m":120,"n":120,"o":120,"p":120}},{"type":"Feature","geometry":{"type":"Point","coordinates":[127.23930399999999,37.501864]},"properties":{"row":12,"col":25,"walk_min":117.4,"nearest_station_id":"kr_469","nearest_station_name":"Hanam Geomdansan","nearest_station_name_ko":"하남검단산","a":120,"b":120,"c":120,"d":120,"e":120,"f":120,"g":120,"h":120,"i":120,"j":120,"k":120,"l":120,"m":120,"n":120,"o":120,"p":120}},{"type":"Feature","geometry":{"type":"Point","coordinates":[127.23930399999999,37.631644]},"properties":{"row":17,"col":25,"walk_min":133.6,"nearest_station_id":"kr_352","nearest_station_name":"Dasan","nearest_station_name_ko":"다산","a":120,"b":120,"c":120,"d":120,"e":120,"f":120,"g":120,"h":120,"i":120,"j":120,"k":120,"l":120,"m":120,"n":120,"o":120,"p":120}},{"type":"Feature","geometry":{"type":"Point","coordinates":[126.823994,37.242294]},"properties":{"row":2,"col":9,"walk_min":140.2,"nearest_station_id":"kr_114","nearest_station_name":"Sangnoksu","nearest_station_name_ko":"상록수","a":120,"b":120,"c":120,"d":120,"e":120,"f":120,"g":120,"h":120,"i":120,"j":120,"k":120,"l":120,"m":120,"n":120,"o":120,"p":120}},{"type":"Feature","geometry":{"type":"Point","coordinates":[126.64229399999999,37.372080000000004]},"properties":{"row":7,"col":2,"walk_min":135.8,"nearest_station_id":"kr_428","nearest_station_name":"Oido","nearest_station_name_ko":"오이도","a":120,"b":120,"c":120,"d":120,"e":120,"f":120,"g":120,"h":120,"i":120,"j":120,"k":120,"l":120,"m":120,"n":120,"o":120,"p":120}},{"type":"Feature","geometry":{"type":"Point","coordinates":[126.61634,37.553774]},"properties":{"row":14,"col":1,"walk_min":140.9,"nearest_station_id":"kr_458","nearest_station_name":"Incheon","nearest_station_name_ko":"인천","a":120,"b":120,"c":120,"d":120,"e":120,"f":120,"g":120,"h":120,"i":120,"j":120,"k":120,"l":120,"m":120,"n":120,"o":120,"p":120}},{"type":"Feature","geometry":{"type":"Point","coordinates":[126.74612400000001,37.761433999999994]},"properties":{"row":22,"col":6,"walk_min":141.4,"nearest_station_id":"kr_424","nearest_station_name":"Daehwa","nearest_station_name_ko":"대화","a":120,"b":120,"c":120,"d":120,"e":120,"f":120,"g":120,"h":120,"i":120,"j":120,"k":120,"l":120,"m":120,"n":120,"o":120,"p":120}},{"type":"Feature","geometry":{"type":"Point","coordinates":[127.135474,37.242294]},"properties":{"row":2,"col":21,"walk_min":137.8,"nearest_station_id":"kr_307","nearest_station_name":"Sanghyeon","nearest_station_name_ko":"상현","a":120,"b":120,"c":120,"d":120,"e":120,"f":120,"g":120,"h":120,"i":120,"j":120,"k":120,"l":120,"m":120,"n":120,"o":120,"p":120}},{"type":"Feature","geometry":{"type":"Point","coordinates":[126.668254,37.372080000000004]},"properties":{"row":7,"col":3,"walk_min":140.4,"nearest_station_id":"kr_428","nearest_station_name":"Oido","nearest_station_name_ko":"오이도","a":120,"b":120,"c":120,"d":120,"e":120,"f":120,"g":120,"h":120,"i":120,"j":120,"k":120,"l":120,"m":120,"n":120,"o":120,"p":120}},{"type":"Feature","geometry":{"type":"Point","coordinates":[127.16143400000001,37.190384]},"properties":{"row":0,"col":22,"walk_min":153.7,"nearest_station_id":"kr_416","nearest_station_name":"Osan College","nearest_station_name_ko":"오산대","a":120,"b":120,"c":120,"d":120,"e":120,"f":120,"g":120,"h":120,"i":120,"j":120,"k":120,"l":120,"m":120,"n":120,"o":120,"p":120}},{"type":"Feature","geometry":{"type":"Point","coordinates":[126.798034,37.242294]},"properties":{"row":2,"col":8,"walk_min":144.6,"nearest_station_id":"kr_426","nearest_station_name":"Gojan","nearest_station_name_ko":"고잔","a":120,"b":120,"c":120,"d":120,"e":120,"f":120,"g":120,"h":120,"i":120,"j":120,"k":120,"l":120,"m":120,"n":120,"o":120,"p":120}},{"type":"Feature","geometry":{"type":"Point","coordinates":[126.720164,37.761433999999994]},"properties":{"row":22,"col":5,"walk_min":146.3,"nearest_station_id":"kr_424","nearest_station_name":"Daehwa","nearest_station_name_ko":"대화","a":120,"b":120,"c":120,"d":120,"e":120,"f":120,"g":120,"h":120,"i":120,"j":120,"k":120,"l":120,"m":120,"n":120,"o":120,"p":120}},{"type":"Feature","geometry":{"type":"Point","coordinates":[126.61634,37.372080000000004]},"properties":{"row":7,"col":1,"walk_min":139.4,"nearest_station_id":"kr_428","nearest_station_name":"Oido","nearest_station_name_ko":"오이도","a":120,"b":120,"c":120,"d":120,"e":120,"f":120,"g":120,"h":120,"i":120,"j":120,"k":120,"l":120,"m":120,"n":120,"o":120,"p":120}},{"type":"Feature","geometry":{"type":"Point","coordinates":[126.92782,37.735473999999996]},"properties":{"row":21,"col":13,"walk_min":149.1,"nearest_station_id":"kr_115","nearest_station_name":"Samsong","nearest_station_name_ko":"삼송","a":120,"b":120,"c":120,"d":120,"e":120,"f":120,"g":120,"h":120,"i":120,"j":120,"k":120,"l":120,"m":120,"n":120,"o":120,"p":120}},{"type":"Feature","geometry":{"type":"Point","coordinates":[126.823994,37.735473999999996]},"properties":{"row":21,"col":9,"walk_min":147.8,"nearest_station_id":"kr_350","nearest_station_name":"Juyeop","nearest_station_name_ko":"주엽","a":120,"b":120,"c":120,"d":120,"e":120,"f":120,"g":120,"h":120,"i":120,"j":120,"k":120,"l":120,"m":120,"n":120,"o":120,"p":120}},{"type":"Feature","geometry":{"type":"Point","coordinates":[126.590384,37.527820000000006]},"properties":{"row":13,"col":0,"walk_min":130.6,"nearest_station_id":"kr_458","nearest_station_name":"Incheon","nearest_station_name_ko":"인천","a":120,"b":120,"c":120,"d":120,"e":120,"f":120,"g":120,"h":120,"i":120,"j":120,"k":120,"l":120,"m":120,"n":120,"o":120,"p":120}},{"type":"Feature","geometry":{"type":"Point","coordinates":[127.16143400000001,37.813343999999994]},"properties":{"row":24,"col":22,"walk_min":144.5,"nearest_station_id":"kr_447","nearest_station_name":"Deokgye","nearest_station_name_ko":"덕계","a":120,"b":120,"c":120,"d":120,"e":120,"f":120,"g":120,"h":120,"i":120,"j":120,"k":120,"l":120,"m":120,"n":120,"o":120,"p":120}},{"type":"Feature","geometry":{"type":"Point","coordinates":[126.87590399999999,37.21634]},"properties":{"row":1,"col":11,"walk_min":151.6,"nearest_station_id":"kr_114","nearest_station_name":"Sangnoksu","nearest_station_name_ko":"상록수","a":120,"b":120,"c":120,"d":120,"e":120,"f":120,"g":120,"h":120,"i":120,"j":120,"k":120,"l":120,"m":120,"n":120,"o":120,"p":120}},{"type":"Feature","geometry":{"type":"Point","coordinates":[126.64229399999999,37.579733999999995]},"properties":{"row":15,"col":2,"walk_min":150.1,"nearest_station_id":"kr_258","nearest_station_name":"Sangok","nearest_station_name_ko":"산곡","a":120,"b":120,"c":120,"d":120,"e":120,"f":120,"g":120,"h":120,"i":120,"j":120,"k":120,"l":120,"m":120,"n":120,"o":120,"p":120}},{"type":"Feature","geometry":{"type":"Point","coordinates":[126.901864,37.735473999999996]},"properties":{"row":21,"col":12,"walk_min":149.9,"nearest_station_id":"kr_115","nearest_station_name":"Samsong","nearest_station_name_ko":"삼송","a":120,"b":120,"c":120,"d":120,"e":120,"f":120,"g":120,"h":120,"i":120,"j":120,"k":120,"l":120,"m":120,"n":120,"o":120,"p":120}},{"type":"Feature","geometry":{"type":"Point","coordinates":[126.87590399999999,37.735473999999996]},"properties":{"row":21,"col":11,"walk_min":159.6,"nearest_station_id":"kr_115","nearest_station_name":"Samsong","nearest_station_name_ko":"삼송","a":120,"b":120,"c":120,"d":120,"e":120,"f":120,"g":120,"h":120,"i":120,"j":120,"k":120,"l":120,"m":120,"n":120,"o":120,"p":120}},{"type":"Feature","geometry":{"type":"Point","coordinates":[126.84994999999999,37.735473999999996]},"properties":{"row":21,"col":10,"walk_min":187.4,"nearest_station_id":"kr_145","nearest_station_name":"Wondang","nearest_station_name_ko":"원당","a":120,"b":120,"c":120,"d":120,"e":120,"f":120,"g":120,"h":120,"i":120,"j":120,"k":120,"l":120,"m":120,"n":120,"o":120,"p":120}},{"type":"Feature","geometry":{"type":"Point","coordinates":[126.901864,37.21634]},"properties":{"row":1,"col":12,"walk_min":162.2,"nearest_station_id":"kr_114","nearest_station_name":"Sangnoksu","nearest_station_name_ko":"상록수","a":120,"b":120,"c":120,"d":120,"e":120,"f":120,"g":120,"h":120,"i":120,"j":120,"k":120,"l":120,"m":120,"n":120,"o":120,"p":120}},{"type":"Feature","geometry":{"type":"Point","coordinates":[126.720164,37.631644]},"properties":{"row":17,"col":5,"walk_min":150.7,"nearest_station_id":"kr_424","nearest_station_name":"Daehwa","nearest_station_name_ko":"대화","a":120,"b":120,"c":120,"d":120,"e":120,"f":120,"g":120,"h":120,"i":120,"j":120,"k":120,"l":120,"m":120,"n":120,"o":120,"p":120}},{"type":"Feature","geometry":{"type":"Point","coordinates":[127.16143400000001,37.21634]},"properties":{"row":1,"col":22,"walk_min":161.2,"nearest_station_id":"kr_466","nearest_station_name":"Seodongtan","nearest_station_name_ko":"서동탄","a":120,"b":120,"c":120,"d":120,"e":120,"f":120,"g":120,"h":120,"i":120,"j":120,"k":120,"l":120,"m":120,"n":120,"o":120,"p":120}},{"type":"Feature","geometry":{"type":"Point","coordinates":[127.213344,37.346123999999996]},"properties":{"row":6,"col":24,"walk_min":149.8,"nearest_station_id":"kr_149","nearest_station_name":"경기광주","nearest_station_name_ko":"경기광주","a":120,"b":120,"c":120,"d":120,"e":120,"f":120,"g":120,"h":120,"i":120,"j":120,"k":120,"l":120,"m":120,"n":120,"o":120,"p":120}},{"type":"Feature","geometry":{"type":"Point","coordinates":[126.69421,37.60569]},"properties":{"row":16,"col":4,"walk_min":148.8,"nearest_station_id":"kr_261","nearest_station_name":"Madu","nearest_station_name_ko":"마두","a":120,"b":120,"c":120,"d":120,"e":120,"f":120,"g":120,"h":120,"i":120,"j":120,"k":120,"l":120,"m":120,"n":120,"o":120,"p":120}},{"type":"Feature","geometry":{"type":"Point","coordinates":[127.16143400000001,37.78739]},"properties":{"row":23,"col":22,"walk_min":147.9,"nearest_station_id":"kr_470","nearest_station_name":"Jinjeop","nearest_station_name_ko":"진접","a":120,"b":120,"c":120,"d":120,"e":120,"f":120,"g":120,"h":120,"i":120,"j":120,"k":120,"l":120,"m":120,"n":120,"o":120,"p":120}},{"type":"Feature","geometry":{"type":"Point","coordinates":[126.590384,37.553774]},"properties":{"row":14,"col":0,"walk_min":166.5,"nearest_station_id":"kr_458","nearest_station_name":"Incheon","nearest_station_name_ko":"인천","a":120,"b":120,"c":120,"d":120,"e":120,"f":120,"g":120,"h":120,"i":120,"j":120,"k":120,"l":120,"m":120,"n":120,"o":120,"p":120}},{"type":"Feature","geometry":{"type":"Point","coordinates":[126.77208,37.761433999999994]},"properties":{"row":22,"col":7,"walk_min":153.2,"nearest_station_id":"kr_424","nearest_station_name":"Daehwa","nearest_station_name_ko":"대화","a":120,"b":120,"c":120,"d":120,"e":120,"f":120,"g":120,"h":120,"i":120,"j":120,"k":120,"l":120,"m":120,"n":120,"o":120,"p":120}},{"type":"Feature","geometry":{"type":"Point","coordinates":[127.18739000000001,37.29421000000001]},"properties":{"row":4,"col":23,"walk_min":173.0,"nearest_station_id":"kr_233","nearest_station_name":"Suji-gu Office","nearest_station_name_ko":"수지구청","a":120,"b":120,"c":120,"d":120,"e":120,"f":120,"g":120,"h":120,"i":120,"j":120,"k":120,"l":120,"m":120,"n":120,"o":120,"p":120}},{"type":"Feature","geometry":{"type":"Point","coordinates":[126.798034,37.761433999999994]},"properties":{"row":22,"col":8,"walk_min":169.3,"nearest_station_id":"kr_424","nearest_station_name":"Daehwa","nearest_station_name_ko":"대화","a":120,"b":120,"c":120,"d":120,"e":120,"f":120,"g":120,"h":120,"i":120,"j":120,"k":120,"l":120,"m":120,"n":120,"o":120,"p":120}},{"type":"Feature","geometry":{"type":"Point","coordinates":[126.92782,37.78739]},"properties":{"row":23,"col":13,"walk_min":155.5,"nearest_station_id":"kr_092","nearest_station_name":"Yangju","nearest_station_name_ko":"양주","a":120,"b":120,"c":120,"d":120,"e":120,"f":120,"g":120,"h":120,"i":120,"j":120,"k":120,"l":120,"m":120,"n":120,"o":120,"p":120}},{"type":"Feature","geometry":{"type":"Point","coordinates":[126.84994999999999,37.21634]},"properties":{"row":1,"col":10,"walk_min":162.9,"nearest_station_id":"kr_114","nearest_station_name":"Sangnoksu","nearest_station_name_ko":"상록수","a":120,"b":120,"c":120,"d":120,"e":120,"f":120,"g":120,"h":120,"i":120,"j":120,"k":120,"l":120,"m":120,"n":120,"o":120,"p":120}},{"type":"Feature","geometry":{"type":"Point","coordinates":[127.18739000000001,37.268254]},"properties":{"row":3,"col":23,"walk_min":161.0,"nearest_station_id":"kr_233","nearest_station_name":"Suji-gu Office","nearest_station_name_ko":"수지구청","a":120,"b":120,"c":120,"d":120,"e":120,"f":120,"g":120,"h":120,"i":120,"j":120,"k":120,"l":120,"m":120,"n":120,"o":120,"p":120}},{"type":"Feature","geometry":{"type":"Point","coordinates":[126.69421,37.761433999999994]},"properties":{"row":22,"col":4,"walk_min":169.2,"nearest_station_id":"kr_424","nearest_station_name":"Daehwa","nearest_station_name_ko":"대화","a":120,"b":120,"c":120,"d":120,"e":120,"f":120,"g":120,"h":120,"i":120,"j":120,"k":120,"l":120,"m":120,"n":120,"o":120,"p":120}},{"type":"Feature","geometry":{"type":"Point","coordinates":[127.213344,37.813343999999994]},"properties":{"row":24,"col":24,"walk_min":160.2,"nearest_station_id":"kr_470","nearest_station_name":"Jinjeop","nearest_station_name_ko":"진접","a":120,"b":120,"c":120,"d":120,"e":120,"f":120,"g":120,"h":120,"i":120,"j":120,"k":120,"l":120,"m":120,"n":120,"o":120,"p":120}},{"type":"Feature","geometry":{"type":"Point","coordinates":[126.92782,37.761433999999994]},"properties":{"row":22,"col":13,"walk_min":156.0,"nearest_station_id":"kr_421","nearest_station_name":"Nogyang","nearest_station_name_ko":"녹양","a":120,"b":120,"c":120,"d":120,"e":120,"f":120,"g":120,"h":120,"i":120,"j":120,"k":120,"l":120,"m":120,"n":120,"o":120,"p":120}},{"type":"Feature","geometry":{"type":"Point","coordinates":[126.92782,37.813343999999994]},"properties":{"row":24,"col":13,"walk_min":162.7,"nearest_station_id":"kr_092","nearest_station_name":"Yangju","nearest_station_name_ko":"양주","a":120,"b":120,"c":120,"d":120,"e":120,"f":120,"g":120,"h":120,"i":120,"j":120,"k":120,"l":120,"m":120,"n":120,"o":120,"p":120}},{"type":"Feature","geometry":{"type":"Point","coordinates":[127.16143400000001,37.242294]},"properties":{"row":2,"col":22,"walk_min":161.3,"nearest_station_id":"kr_307","nearest_station_name":"Sanghyeon","nearest_station_name_ko":"상현","a":120,"b":120,"c":120,"d":120,"e":120,"f":120,"g":120,"h":120,"i":120,"j":120,"k":120,"l":120,"m":120,"n":120,"o":120,"p":120}},{"type":"Feature","geometry":{"type":"Point","coordinates":[126.668254,37.60569]},"properties":{"row":16,"col":3,"walk_min":164.5,"nearest_station_id":"kr_424","nearest_station_name":"Daehwa","nearest_station_name_ko":"대화","a":120,"b":120,"c":120,"d":120,"e":120,"f":120,"g":120,"h":120,"i":120,"j":120,"k":120,"l":120,"m":120,"n":120,"o":120,"p":120}},{"type":"Feature","geometry":{"type":"Point","coordinates":[127.213344,37.320164]},"properties":{"row":5,"col":24,"walk_min":168.5,"nearest_station_id":"kr_149","nearest_station_name":"경기광주","nearest_station_name_ko":"경기광주","a":120,"b":120,"c":120,"d":120,"e":120,"f":120,"g":120,"h":120,"i":120,"j":120,"k":120,"l":120,"m":120,"n":120,"o":120,"p":120}},{"type":"Feature","geometry":{"type":"Point","coordinates":[126.61634,37.320164]},"properties":{"row":5,"col":1,"walk_min":161.8,"nearest_station_id":"kr_428","nearest_station_name":"Oido","nearest_station_name_ko":"오이도","a":120,"b":120,"c":120,"d":120,"e":120,"f":120,"g":120,"h":120,"i":120,"j":120,"k":120,"l":120,"m":120,"n":120,"o":120,"p":120}},{"type":"Feature","geometry":{"type":"Point","coordinates":[126.92782,37.190384]},"properties":{"row":0,"col":13,"walk_min":166.6,"nearest_station_id":"kr_047","nearest_station_name":"Byeongjeom","nearest_station_name_ko":"병점","a":120,"b":120,"c":120,"d":120,"e":120,"f":120,"g":120,"h":120,"i":120,"j":120,"k":120,"l":120,"m":120,"n":120,"o":120,"p":120}},{"type":"Feature","geometry":{"type":"Point","coordinates":[127.26525999999998,37.631644]},"properties":{"row":17,"col":26,"walk_min":160.2,"nearest_station_id":"kr_331","nearest_station_name":"Misa","nearest_station_name_ko":"미사","a":120,"b":120,"c":120,"d":120,"e":120,"f":120,"g":120,"h":120,"i":120,"j":120,"k":120,"l":120,"m":120,"n":120,"o":120,"p":120}},{"type":"Feature","geometry":{"type":"Point","coordinates":[126.69421,37.631644]},"properties":{"row":17,"col":4,"walk_min":170.9,"nearest_station_id":"kr_424","nearest_station_name":"Daehwa","nearest_station_name_ko":"대화","a":120,"b":120,"c":120,"d":120,"e":120,"f":120,"g":120,"h":120,"i":120,"j":120,"k":120,"l":120,"m":120,"n":120,"o":120,"p":120}},{"type":"Feature","geometry":{"type":"Point","coordinates":[127.18739000000001,37.813343999999994]},"properties":{"row":24,"col":23,"walk_min":169.1,"nearest_station_id":"kr_470","nearest_station_name":"Jinjeop","nearest_station_name_ko":"진접","a":120,"b":120,"c":120,"d":120,"e":120,"f":120,"g":120,"h":120,"i":120,"j":120,"k":120,"l":120,"m":120,"n":120,"o":120,"p":120}},{"type":"Feature","geometry":{"type":"Point","coordinates":[126.77208,37.242294]},"properties":{"row":2,"col":7,"walk_min":287.6,"nearest_station_id":"kr_230","nearest_station_name":"Choji","nearest_station_name_ko":"초지","a":120,"b":120,"c":120,"d":120,"e":120,"f":120,"g":120,"h":120,"i":120,"j":120,"k":120,"l":120,"m":120,"n":120,"o":120,"p":120}},{"type":"Feature","geometry":{"type":"Point","coordinates":[127.16143400000001,37.839304000000006]},"properties":{"row":25,"col":22,"walk_min":157.7,"nearest_station_id":"kr_119","nearest_station_name":"Deokjeong (Seojeong College)","nearest_station_name_ko":"덕정(서정대학)","a":120,"b":120,"c":120,"d":120,"e":120,"f":120,"g":120,"h":120,"i":120,"j":120,"k":120,"l":120,"m":120,"n":120,"o":120,"p":120}},{"type":"Feature","geometry":{"type":"Point","coordinates":[126.823994,37.21634]},"properties":{"row":1,"col":9,"walk_min":182.4,"nearest_station_id":"kr_114","nearest_station_name":"Sangnoksu","nearest_station_name_ko":"상록수","a":120,"b":120,"c":120,"d":120,"e":120,"f":120,"g":120,"h":120,"i":120,"j":120,"k":120,"l":120,"m":120,"n":120,"o":120,"p":120}},{"type":"Feature","geometry":{"type":"Point","coordinates":[126.64229399999999,37.60569]},"properties":{"row":16,"col":2,"walk_min":176.4,"nearest_station_id":"kr_424","nearest_station_name":"Daehwa","nearest_station_name_ko":"대화","a":120,"b":120,"c":120,"d":120,"e":120,"f":120,"g":120,"h":120,"i":120,"j":120,"k":120,"l":120,"m":120,"n":120,"o":120,"p":120}},{"type":"Feature","geometry":{"type":"Point","coordinates":[126.92782,37.839304000000006]},"properties":{"row":25,"col":13,"walk_min":216.6,"nearest_station_id":"kr_447","nearest_station_name":"Deokgye","nearest_station_name_ko":"덕계","a":120,"b":120,"c":120,"d":120,"e":120,"f":120,"g":120,"h":120,"i":120,"j":120,"k":120,"l":120,"m":120,"n":120,"o":120,"p":120}},{"type":"Feature","geometry":{"type":"Point","coordinates":[126.64229399999999,37.346123999999996]},"properties":{"row":6,"col":2,"walk_min":191.2,"nearest_station_id":"kr_428","nearest_station_name":"Oido","nearest_station_name_ko":"오이도","a":120,"b":120,"c":120,"d":120,"e":120,"f":120,"g":120,"h":120,"i":120,"j":120,"k":120,"l":120,"m":120,"n":120,"o":120,"p":120}},{"type":"Feature","geometry":{"type":"Point","coordinates":[126.720164,37.78739]},"properties":{"row":23,"col":5,"walk_min":181.5,"nearest_station_id":"kr_424","nearest_station_name":"Daehwa","nearest_station_name_ko":"대화","a":120,"b":120,"c":120,"d":120,"e":120,"f":120,"g":120,"h":120,"i":120,"j":120,"k":120,"l":120,"m":120,"n":120,"o":120,"p":120}},{"type":"Feature","geometry":{"type":"Point","coordinates":[126.77208,37.78739]},"properties":{"row":23,"col":7,"walk_min":183.2,"nearest_station_id":"kr_424","nearest_station_name":"Daehwa","nearest_station_name_ko":"대화","a":120,"b":120,"c":120,"d":120,"e":120,"f":120,"g":120,"h":120,"i":120,"j":120,"k":120,"l":120,"m":120,"n":120,"o":120,"p":120}},{"type":"Feature","geometry":{"type":"Point","coordinates":[126.668254,37.346123999999996]},"properties":{"row":6,"col":3,"walk_min":179.9,"nearest_station_id":"kr_428","nearest_station_name":"Oido","nearest_station_name_ko":"오이도","a":120,"b":120,"c":120,"d":120,"e":120,"f":120,"g":120,"h":120,"i":120,"j":120,"k":120,"l":120,"m":120,"n":120,"o":120,"p":120}},{"type":"Feature","geometry":{"type":"Point","coordinates":[126.87590399999999,37.190384]},"properties":{"row":0,"col":11,"walk_min":185.0,"nearest_station_id":"kr_114","nearest_station_name":"Sangnoksu","nearest_station_name_ko":"상록수","a":120,"b":120,"c":120,"d":120,"e":120,"f":120,"g":120,"h":120,"i":120,"j":120,"k":120,"l":120,"m":120,"n":120,"o":120,"p":120}},{"type":"Feature","geometry":{"type":"Point","coordinates":[126.798034,37.21634]},"properties":{"row":1,"col":8,"walk_min":186.9,"nearest_station_id":"kr_114","nearest_station_name":"Sangnoksu","nearest_station_name_ko":"상록수","a":120,"b":120,"c":120,"d":120,"e":120,"f":120,"g":120,"h":120,"i":120,"j":120,"k":120,"l":120,"m":120,"n":120,"o":120,"p":120}},{"type":"Feature","geometry":{"type":"Point","coordinates":[127.26525999999998,37.657604000000006]},"properties":{"row":18,"col":26,"walk_min":169.7,"nearest_station_id":"kr_361","nearest_station_name":"Onam","nearest_station_name_ko":"오남","a":120,"b":120,"c":120,"d":120,"e":120,"f":120,"g":120,"h":120,"i":120,"j":120,"k":120,"l":120,"m":120,"n":120,"o":120,"p":120}},{"type":"Feature","geometry":{"type":"Point","coordinates":[126.74612400000001,37.78739]},"properties":{"row":23,"col":6,"walk_min":188.9,"nearest_station_id":"kr_424","nearest_station_name":"Daehwa","nearest_station_name_ko":"대화","a":120,"b":120,"c":120,"d":120,"e":120,"f":120,"g":120,"h":120,"i":120,"j":120,"k":120,"l":120,"m":120,"n":120,"o":120,"p":120}},{"type":"Feature","geometry":{"type":"Point","coordinates":[126.61634,37.579733999999995]},"properties":{"row":15,"col":1,"walk_min":187.0,"nearest_station_id":"kr_258","nearest_station_name":"Sangok","nearest_station_name_ko":"산곡","a":120,"b":120,"c":120,"d":120,"e":120,"f":120,"g":120,"h":120,"i":120,"j":120,"k":120,"l":120,"m":120,"n":120,"o":120,"p":120}},{"type":"Feature","geometry":{"type":"Point","coordinates":[126.901864,37.761433999999994]},"properties":{"row":22,"col":12,"walk_min":185.2,"nearest_station_id":"kr_421","nearest_station_name":"Nogyang","nearest_station_name_ko":"녹양","a":120,"b":120,"c":120,"d":120,"e":120,"f":120,"g":120,"h":120,"i":120,"j":120,"k":120,"l":120,"m":120,"n":120,"o":120,"p":120}},{"type":"Feature","geometry":{"type":"Point","coordinates":[127.18739000000001,37.242294]},"properties":{"row":2,"col":23,"walk_min":185.9,"nearest_station_id":"kr_233","nearest_station_name":"Suji-gu Office","nearest_station_name_ko":"수지구청","a":120,"b":120,"c":120,"d":120,"e":120,"f":120,"g":120,"h":120,"i":120,"j":120,"k":120,"l":120,"m":120,"n":120,"o":120,"p":120}},{"type":"Feature","geometry":{"type":"Point","coordinates":[126.69421,37.78739]},"properties":{"row":23,"col":4,"walk_min":196.9,"nearest_station_id":"kr_424","nearest_station_name":"Daehwa","nearest_station_name_ko":"대화","a":120,"b":120,"c":120,"d":120,"e":120,"f":120,"g":120,"h":120,"i":120,"j":120,"k":120,"l":120,"m":120,"n":120,"o":120,"p":120}},{"type":"Feature","geometry":{"type":"Point","coordinates":[126.87590399999999,37.761433999999994]},"properties":{"row":22,"col":11,"walk_min":198.1,"nearest_station_id":"kr_115","nearest_station_name":"Samsong","nearest_station_name_ko":"삼송","a":120,"b":120,"c":120,"d":120,"e":120,"f":120,"g":120,"h":120,"i":120,"j":120,"k":120,"l":120,"m":120,"n":120,"o":120,"p":120}},{"type":"Feature","geometry":{"type":"Point","coordinates":[127.213344,37.268254]},"properties":{"row":3,"col":24,"walk_min":189.3,"nearest_station_id":"kr_233","nearest_station_name":"Suji-gu Office","nearest_station_name_ko":"수지구청","a":120,"b":120,"c":120,"d":120,"e":120,"f":120,"g":120,"h":120,"i":120,"j":120,"k":120,"l":120,"m":120,"n":120,"o":120,"p":120}},{"type":"Feature","geometry":{"type":"Point","coordinates":[127.23930399999999,37.346123999999996]},"properties":{"row":6,"col":25,"walk_min":186.0,"nearest_station_id":"kr_149","nearest_station_name":"경기광주","nearest_station_name_ko":"경기광주","a":120,"b":120,"c":120,"d":120,"e":120,"f":120,"g":120,"h":120,"i":120,"j":120,"k":120,"l":120,"m":120,"n":120,"o":120,"p":120}},{"type":"Feature","geometry":{"type":"Point","coordinates":[127.18739000000001,37.190384]},"properties":{"row":0,"col":23,"walk_min":203.5,"nearest_station_id":"kr_416","nearest_station_name":"Osan College","nearest_station_name_ko":"오산대","a":120,"b":120,"c":120,"d":120,"e":120,"f":120,"g":120,"h":120,"i":120,"j":120,"k":120,"l":120,"m":120,"n":120,"o":120,"p":120}},{"type":"Feature","geometry":{"type":"Point","coordinates":[126.901864,37.78739]},"properties":{"row":23,"col":12,"walk_min":190.1,"nearest_station_id":"kr_092","nearest_station_name":"Yangju","nearest_station_name_ko":"양주","a":120,"b":120,"c":120,"d":120,"e":120,"f":120,"g":120,"h":120,"i":120,"j":120,"k":120,"l":120,"m":120,"n":120,"o":120,"p":120}},{"type":"Feature","geometry":{"type":"Point","coordinates":[126.61634,37.29421000000001]},"properties":{"row":4,"col":1,"walk_min":323.4,"nearest_station_id":"kr_351","nearest_station_name":"Jeongwang","nearest_station_name_ko":"정왕","a":120,"b":120,"c":120,"d":120,"e":120,"f":120,"g":120,"h":120,"i":120,"j":120,"k":120,"l":120,"m":120,"n":120,"o":120,"p":120}},{"type":"Feature","geometry":{"type":"Point","coordinates":[127.213344,37.29421000000001]},"properties":{"row":4,"col":24,"walk_min":194.8,"nearest_station_id":"kr_202","nearest_station_name":"Dongcheon","nearest_station_name_ko":"동천","a":120,"b":120,"c":120,"d":120,"e":120,"f":120,"g":120,"h":120,"i":120,"j":120,"k":120,"l":120,"m":120,"n":120,"o":120,"p":120}},{"type":"Feature","geometry":{"type":"Point","coordinates":[126.901864,37.813343999999994]},"properties":{"row":24,"col":12,"walk_min":207.5,"nearest_station_id":"kr_092","nearest_station_name":"Yangju","nearest_station_name_ko":"양주","a":120,"b":120,"c":120,"d":120,"e":120,"f":120,"g":120,"h":120,"i":120,"j":120,"k":120,"l":120,"m":120,"n":120,"o":120,"p":120}},{"type":"Feature","geometry":{"type":"Point","coordinates":[126.84994999999999,37.190384]},"properties":{"row":0,"col":10,"walk_min":197.9,"nearest_station_id":"kr_114","nearest_station_name":"Sangnoksu","nearest_station_name_ko":"상록수","a":120,"b":120,"c":120,"d":120,"e":120,"f":120,"g":120,"h":120,"i":120,"j":120,"k":120,"l":120,"m":120,"n":120,"o":120,"p":120}},{"type":"Feature","geometry":{"type":"Point","coordinates":[126.590384,37.29421000000001]},"properties":{"row":4,"col":0,"walk_min":305.9,"nearest_station_id":"kr_351","nearest_station_name":"Jeongwang","nearest_station_name_ko":"정왕","a":120,"b":120,"c":120,"d":120,"e":120,"f":120,"g":120,"h":120,"i":120,"j":120,"k":120,"l":120,"m":120,"n":120,"o":120,"p":120}},{"type":"Feature","geometry":{"type":"Point","coordinates":[126.84994999999999,37.761433999999994]},"properties":{"row":22,"col":10,"walk_min":210.7,"nearest_station_id":"kr_145","nearest_station_name":"Wondang","nearest_station_name_ko":"원당","a":120,"b":120,"c":120,"d":120,"e":120,"f":120,"g":120,"h":120,"i":120,"j":120,"k":120,"l":120,"m":120,"n":120,"o":120,"p":120}},{"type":"Feature","geometry":{"type":"Point","coordinates":[126.61634,37.60569]},"properties":{"row":16,"col":1,"walk_min":203.1,"nearest_station_id":"kr_258","nearest_station_name":"Sangok","nearest_station_name_ko":"산곡","a":120,"b":120,"c":120,"d":120,"e":120,"f":120,"g":120,"h":120,"i":120,"j":120,"k":120,"l":120,"m":120,"n":120,"o":120,"p":120}},{"type":"Feature","geometry":{"type":"Point","coordinates":[127.213344,37.242294]},"properties":{"row":2,"col":24,"walk_min":207.7,"nearest_station_id":"kr_233","nearest_station_name":"Suji-gu Office","nearest_station_name_ko":"수지구청","a":120,"b":120,"c":120,"d":120,"e":120,"f":120,"g":120,"h":120,"i":120,"j":120,"k":120,"l":120,"m":120,"n":120,"o":120,"p":120}},{"type":"Feature","geometry":{"type":"Point","coordinates":[126.668254,37.631644]},"properties":{"row":17,"col":3,"walk_min":198.6,"nearest_station_id":"kr_424","nearest_station_name":"Daehwa","nearest_station_name_ko":"대화","a":120,"b":120,"c":120,"d":120,"e":120,"f":120,"g":120,"h":120,"i":120,"j":120,"k":120,"l":120,"m":120,"n":120,"o":120,"p":120}},{"type":"Feature","geometry":{"type":"Point","coordinates":[126.901864,37.190384]},"properties":{"row":0,"col":12,"walk_min":199.9,"nearest_station_id":"kr_462","nearest_station_name":"Seryu","nearest_station_name_ko":"세류","a":120,"b":120,"c":120,"d":120,"e":120,"f":120,"g":120,"h":120,"i":120,"j":120,"k":120,"l":120,"m":120,"n":120,"o":120,"p":120}},{"type":"Feature","geometry":{"type":"Point","coordinates":[127.18739000000001,37.839304000000006]},"properties":{"row":25,"col":23,"walk_min":191.3,"nearest_station_id":"kr_119","nearest_station_name":"Deokjeong (Seojeong College)","nearest_station_name_ko":"덕정(서정대학)","a":120,"b":120,"c":120,"d":120,"e":120,"f":120,"g":120,"h":120,"i":120,"j":120,"k":120,"l":120,"m":120,"n":120,"o":120,"p":120}},{"type":"Feature","geometry":{"type":"Point","coordinates":[127.18739000000001,37.21634]},"properties":{"row":1,"col":23,"walk_min":208.5,"nearest_station_id":"kr_466","nearest_station_name":"Seodongtan","nearest_station_name_ko":"서동탄","a":120,"b":120,"c":120,"d":120,"e":120,"f":120,"g":120,"h":120,"i":120,"j":120,"k":120,"l":120,"m":120,"n":120,"o":120,"p":120}},{"type":"Feature","geometry":{"type":"Point","coordinates":[127.23930399999999,37.813343999999994]},"properties":{"row":24,"col":25,"walk_min":205.9,"nearest_station_id":"kr_470","nearest_station_name":"Jinjeop","nearest_station_name_ko":"진접","a":120,"b":120,"c":120,"d":120,"e":120,"f":120,"g":120,"h":120,"i":120,"j":120,"k":120,"l":120,"m":120,"n":120,"o":120,"p":120}},{"type":"Feature","geometry":{"type":"Point","coordinates":[126.77208,37.21634]},"properties":{"row":1,"col":7,"walk_min":243.8,"nearest_station_id":"kr_230","nearest_station_name":"Choji","nearest_station_name_ko":"초지","a":120,"b":120,"c":120,"d":120,"e":120,"f":120,"g":120,"h":120,"i":120,"j":120,"k":120,"l":120,"m":120,"n":120,"o":120,"p":120}},{"type":"Feature","geometry":{"type":"Point","coordinates":[126.590384,37.579733999999995]},"properties":{"row":15,"col":0,"walk_min":213.5,"nearest_station_id":"kr_458","nearest_station_name":"Incheon","nearest_station_name_ko":"인천","a":120,"b":120,"c":120,"d":120,"e":120,"f":120,"g":120,"h":120,"i":120,"j":120,"k":120,"l":120,"m":120,"n":120,"o":120,"p":120}},{"type":"Feature","geometry":{"type":"Point","coordinates":[126.64229399999999,37.631644]},"properties":{"row":17,"col":2,"walk_min":217.5,"nearest_station_id":"kr_424","nearest_station_name":"Daehwa","nearest_station_name_ko":"대화","a":120,"b":120,"c":120,"d":120,"e":120,"f":120,"g":120,"h":120,"i":120,"j":120,"k":120,"l":120,"m":120,"n":120,"o":120,"p":120}},{"type":"Feature","geometry":{"type":"Point","coordinates":[126.720164,37.813343999999994]},"properties":{"row":24,"col":5,"walk_min":221.0,"nearest_station_id":"kr_424","nearest_station_name":"Daehwa","nearest_station_name_ko":"대화","a":120,"b":120,"c":120,"d":120,"e":120,"f":120,"g":120,"h":120,"i":120,"j":120,"k":120,"l":120,"m":120,"n":120,"o":120,"p":120}},{"type":"Feature","geometry":{"type":"Point","coordinates":[126.668254,37.657604000000006]},"properties":{"row":18,"col":3,"walk_min":222.3,"nearest_station_id":"kr_424","nearest_station_name":"Daehwa","nearest_station_name_ko":"대화","a":120,"b":120,"c":120,"d":120,"e":120,"f":120,"g":120,"h":120,"i":120,"j":120,"k":120,"l":120,"m":120,"n":120,"o":120,"p":120}},{"type":"Feature","geometry":{"type":"Point","coordinates":[126.798034,37.78739]},"properties":{"row":23,"col":8,"walk_min":221.4,"nearest_station_id":"kr_424","nearest_station_name":"Daehwa","nearest_station_name_ko":"대화","a":120,"b":120,"c":120,"d":120,"e":120,"f":120,"g":120,"h":120,"i":120,"j":120,"k":120,"l":120,"m":120,"n":120,"o":120,"p":120}},{"type":"Feature","geometry":{"type":"Point","coordinates":[126.61634,37.631644]},"properties":{"row":17,"col":1,"walk_min":226.1,"nearest_station_id":"kr_424","nearest_station_name":"Daehwa","nearest_station_name_ko":"대화","a":120,"b":120,"c":120,"d":120,"e":120,"f":120,"g":120,"h":120,"i":120,"j":120,"k":120,"l":120,"m":120,"n":120,"o":120,"p":120}},{"type":"Feature","geometry":{"type":"Point","coordinates":[126.823994,37.190384]},"properties":{"row":0,"col":9,"walk_min":222.7,"nearest_station_id":"kr_114","nearest_station_name":"Sangnoksu","nearest_station_name_ko":"상록수","a":120,"b":120,"c":120,"d":120,"e":120,"f":120,"g":120,"h":120,"i":120,"j":120,"k":120,"l":120,"m":120,"n":120,"o":120,"p":120}},{"type":"Feature","geometry":{"type":"Point","coordinates":[127.16143400000001,37.164424000000004]},"properties":{"row":-1,"col":22,"walk_min":205.1,"nearest_station_id":"kr_416","nearest_station_name":"Osan College","nearest_station_name_ko":"오산대","a":120,"b":120,"c":120,"d":120,"e":120,"f":120,"g":120,"h":120,"i":120,"j":120,"k":120,"l":120,"m":120,"n":120,"o":120,"p":120}},{"type":"Feature","geometry":{"type":"Point","coordinates":[126.61634,37.346123999999996]},"properties":{"row":6,"col":1,"walk_min":223.1,"nearest_station_id":"kr_428","nearest_station_name":"Oido","nearest_station_name_ko":"오이도","a":120,"b":120,"c":120,"d":120,"e":120,"f":120,"g":120,"h":120,"i":120,"j":120,"k":120,"l":120,"m":120,"n":120,"o":120,"p":120}},{"type":"Feature","geometry":{"type":"Point","coordinates":[126.668254,37.78739]},"properties":{"row":23,"col":3,"walk_min":211.8,"nearest_station_id":"kr_424","nearest_station_name":"Daehwa","nearest_station_name_ko":"대화","a":120,"b":120,"c":120,"d":120,"e":120,"f":120,"g":120,"h":120,"i":120,"j":120,"k":120,"l":120,"m":120,"n":120,"o":120,"p":120}},{"type":"Feature","geometry":{"type":"Point","coordinates":[126.74612400000001,37.813343999999994]},"properties":{"row":24,"col":6,"walk_min":224.8,"nearest_station_id":"kr_424","nearest_station_name":"Daehwa","nearest_station_name_ko":"대화","a":120,"b":120,"c":120,"d":120,"e":120,"f":120,"g":120,"h":120,"i":120,"j":120,"k":120,"l":120,"m":120,"n":120,"o":120,"p":120}},{"type":"Feature","geometry":{"type":"Point","coordinates":[126.668254,37.761433999999994]},"properties":{"row":22,"col":3,"walk_min":285.5,"nearest_station_id":"kr_424","nearest_station_name":"Daehwa","nearest_station_name_ko":"대화","a":120,"b":120,"c":120,"d":120,"e":120,"f":120,"g":120,"h":120,"i":120,"j":120,"k":120,"l":120,"m":120,"n":120,"o":120,"p":120}},{"type":"Feature","geometry":{"type":"Point","coordinates":[126.590384,37.60569]},"properties":{"row":16,"col":0,"walk_min":230.8,"nearest_station_id":"kr_458","nearest_station_name":"Incheon","nearest_station_name_ko":"인천","a":120,"b":120,"c":120,"d":120,"e":120,"f":120,"g":120,"h":120,"i":120,"j":120,"k":120,"l":120,"m":120,"n":120,"o":120,"p":120}},{"type":"Feature","geometry":{"type":"Point","coordinates":[126.823994,37.761433999999994]},"properties":{"row":22,"col":9,"walk_min":224.8,"nearest_station_id":"kr_350","nearest_station_name":"Juyeop","nearest_station_name_ko":"주엽","a":120,"b":120,"c":120,"d":120,"e":120,"f":120,"g":120,"h":120,"i":120,"j":120,"k":120,"l":120,"m":120,"n":120,"o":120,"p":120}},{"type":"Feature","geometry":{"type":"Point","coordinates":[126.77208,37.813343999999994]},"properties":{"row":24,"col":7,"walk_min":223.9,"nearest_station_id":"kr_424","nearest_station_name":"Daehwa","nearest_station_name_ko":"대화","a":120,"b":120,"c":120,"d":120,"e":120,"f":120,"g":120,"h":120,"i":120,"j":120,"k":120,"l":120,"m":120,"n":120,"o":120,"p":120}},{"type":"Feature","geometry":{"type":"Point","coordinates":[126.798034,37.813343999999994]},"properties":{"row":24,"col":8,"walk_min":268.4,"nearest_station_id":"kr_424","nearest_station_name":"Daehwa","nearest_station_name_ko":"대화","a":120,"b":120,"c":120,"d":120,"e":120,"f":120,"g":120,"h":120,"i":120,"j":120,"k":120,"l":120,"m":120,"n":120,"o":120,"p":120}},{"type":"Feature","geometry":{"type":"Point","coordinates":[127.213344,37.190384]},"properties":{"row":0,"col":24,"walk_min":227.1,"nearest_station_id":"kr_416","nearest_station_name":"Osan College","nearest_station_name_ko":"오산대","a":120,"b":120,"c":120,"d":120,"e":120,"f":120,"g":120,"h":120,"i":120,"j":120,"k":120,"l":120,"m":120,"n":120,"o":120,"p":120}},{"type":"Feature","geometry":{"type":"Point","coordinates":[126.798034,37.190384]},"properties":{"row":0,"col":8,"walk_min":235.4,"nearest_station_id":"kr_114","nearest_station_name":"Sangnoksu","nearest_station_name_ko":"상록수","a":120,"b":120,"c":120,"d":120,"e":120,"f":120,"g":120,"h":120,"i":120,"j":120,"k":120,"l":120,"m":120,"n":120,"o":120,"p":120}},{"type":"Feature","geometry":{"type":"Point","coordinates":[127.23930399999999,37.268254]},"properties":{"row":3,"col":25,"walk_min":219.0,"nearest_station_id":"kr_173","nearest_station_name":"Chowol","nearest_station_name_ko":"초월","a":120,"b":120,"c":120,"d":120,"e":120,"f":120,"g":120,"h":120,"i":120,"j":120,"k":120,"l":120,"m":120,"n":120,"o":120,"p":120}},{"type":"Feature","geometry":{"type":"Point","coordinates":[126.87590399999999,37.813343999999994]},"properties":{"row":24,"col":11,"walk_min":247.8,"nearest_station_id":"kr_092","nearest_station_name":"Yangju","nearest_station_name_ko":"양주","a":120,"b":120,"c":120,"d":120,"e":120,"f":120,"g":120,"h":120,"i":120,"j":120,"k":120,"l":120,"m":120,"n":120,"o":120,"p":120}},{"type":"Feature","geometry":{"type":"Point","coordinates":[126.69421,37.813343999999994]},"properties":{"row":24,"col":4,"walk_min":234.6,"nearest_station_id":"kr_424","nearest_station_name":"Daehwa","nearest_station_name_ko":"대화","a":120,"b":120,"c":120,"d":120,"e":120,"f":120,"g":120,"h":120,"i":120,"j":120,"k":120,"l":120,"m":120,"n":120,"o":120,"p":120}},{"type":"Feature","geometry":{"type":"Point","coordinates":[126.77208,37.190384]},"properties":{"row":0,"col":7,"walk_min":236.3,"nearest_station_id":"kr_426","nearest_station_name":"Gojan","nearest_station_name_ko":"고잔","a":120,"b":120,"c":120,"d":120,"e":120,"f":120,"g":120,"h":120,"i":120,"j":120,"k":120,"l":120,"m":120,"n":120,"o":120,"p":120}},{"type":"Feature","geometry":{"type":"Point","coordinates":[126.87590399999999,37.78739]},"properties":{"row":23,"col":11,"walk_min":232.6,"nearest_station_id":"kr_092","nearest_station_name":"Yangju","nearest_station_name_ko":"양주","a":120,"b":120,"c":120,"d":120,"e":120,"f":120,"g":120,"h":120,"i":120,"j":120,"k":120,"l":120,"m":120,"n":120,"o":120,"p":120}},{"type":"Feature","geometry":{"type":"Point","coordinates":[127.213344,37.21634]},"properties":{"row":1,"col":24,"walk_min":236.5,"nearest_station_id":"kr_416","nearest_station_name":"Osan College","nearest_station_name_ko":"오산대","a":120,"b":120,"c":120,"d":120,"e":120,"f":120,"g":120,"h":120,"i":120,"j":120,"k":120,"l":120,"m":120,"n":120,"o":120,"p":120}},{"type":"Feature","geometry":{"type":"Point","coordinates":[126.823994,37.78739]},"properties":{"row":23,"col":9,"walk_min":242.6,"nearest_station_id":"kr_424","nearest_station_name":"Daehwa","nearest_station_name_ko":"대화","a":120,"b":120,"c":120,"d":120,"e":120,"f":120,"g":120,"h":120,"i":120,"j":120,"k":120,"l":120,"m":120,"n":120,"o":120,"p":120}},{"type":"Feature","geometry":{"type":"Point","coordinates":[126.901864,37.164424000000004]},"properties":{"row":-1,"col":12,"walk_min":228.6,"nearest_station_id":"kr_047","nearest_station_name":"Byeongjeom","nearest_station_name_ko":"병점","a":120,"b":120,"c":120,"d":120,"e":120,"f":120,"g":120,"h":120,"i":120,"j":120,"k":120,"l":120,"m":120,"n":120,"o":120,"p":120}},{"type":"Feature","geometry":{"type":"Point","coordinates":[126.84994999999999,37.164424000000004]},"properties":{"row":-1,"col":10,"walk_min":242.0,"nearest_station_id":"kr_114","nearest_station_name":"Sangnoksu","nearest_station_name_ko":"상록수","a":120,"b":120,"c":120,"d":120,"e":120,"f":120,"g":120,"h":120,"i":120,"j":120,"k":120,"l":120,"m":120,"n":120,"o":120,"p":120}},{"type":"Feature","geometry":{"type":"Point","coordinates":[126.901864,37.839304000000006]},"properties":{"row":25,"col":12,"walk_min":238.4,"nearest_station_id":"kr_447","nearest_station_name":"Deokgye","nearest_station_name_ko":"덕계","a":120,"b":120,"c":120,"d":120,"e":120,"f":120,"g":120,"h":120,"i":120,"j":120,"k":120,"l":120,"m":120,"n":120,"o":120,"p":120}},{"type":"Feature","geometry":{"type":"Point","coordinates":[127.18739000000001,37.164424000000004]},"properties":{"row":-1,"col":23,"walk_min":245.8,"nearest_station_id":"kr_053","nearest_station_name":"Osan","nearest_station_name_ko":"오산","a":120,"b":120,"c":120,"d":120,"e":120,"f":120,"g":120,"h":120,"i":120,"j":120,"k":120,"l":120,"m":120,"n":120,"o":120,"p":120}},{"type":"Feature","geometry":{"type":"Point","coordinates":[126.64229399999999,37.657604000000006]},"properties":{"row":18,"col":2,"walk_min":246.7,"nearest_station_id":"kr_424","nearest_station_name":"Daehwa","nearest_station_name_ko":"대화","a":120,"b":120,"c":120,"d":120,"e":120,"f":120,"g":120,"h":120,"i":120,"j":120,"k":120,"l":120,"m":120,"n":120,"o":120,"p":120}},{"type":"Feature","geometry":{"type":"Point","coordinates":[126.668254,37.813343999999994]},"properties":{"row":24,"col":3,"walk_min":230.6,"nearest_station_id":"kr_424","nearest_station_name":"Daehwa","nearest_station_name_ko":"대화","a":120,"b":120,"c":120,"d":120,"e":120,"f":120,"g":120,"h":120,"i":120,"j":120,"k":120,"l":120,"m":120,"n":120,"o":120,"p":120}},{"type":"Feature","geometry":{"type":"Point","coordinates":[127.23930399999999,37.839304000000006]},"properties":{"row":25,"col":25,"walk_min":240.8,"nearest_station_id":"kr_470","nearest_station_name":"Jinjeop","nearest_station_name_ko":"진접","a":120,"b":120,"c":120,"d":120,"e":120,"f":120,"g":120,"h":120,"i":120,"j":120,"k":120,"l":120,"m":120,"n":120,"o":120,"p":120}},{"type":"Feature","geometry":{"type":"Point","coordinates":[126.74612400000001,37.190384]},"properties":{"row":0,"col":6,"walk_min":252.6,"nearest_station_id":"kr_230","nearest_station_name":"Choji","nearest_station_name_ko":"초지","a":120,"b":120,"c":120,"d":120,"e":120,"f":120,"g":120,"h":120,"i":120,"j":120,"k":120,"l":120,"m":120,"n":120,"o":120,"p":120}},{"type":"Feature","geometry":{"type":"Point","coordinates":[126.590384,37.346123999999996]},"properties":{"row":6,"col":0,"walk_min":256.3,"nearest_station_id":"kr_428","nearest_station_name":"Oido","nearest_station_name_ko":"오이도","a":120,"b":120,"c":120,"d":120,"e":120,"f":120,"g":120,"h":120,"i":120,"j":120,"k":120,"l":120,"m":120,"n":120,"o":120,"p":120}},{"type":"Feature","geometry":{"type":"Point","coordinates":[126.590384,37.631644]},"properties":{"row":17,"col":0,"walk_min":253.0,"nearest_station_id":"kr_424","nearest_station_name":"Daehwa","nearest_station_name_ko":"대화","a":120,"b":120,"c":120,"d":120,"e":120,"f":120,"g":120,"h":120,"i":120,"j":120,"k":120,"l":120,"m":120,"n":120,"o":120,"p":120}},{"type":"Feature","geometry":{"type":"Point","coordinates":[126.61634,37.657604000000006]},"properties":{"row":18,"col":1,"walk_min":258.2,"nearest_station_id":"kr_424","nearest_station_name":"Daehwa","nearest_station_name_ko":"대화","a":120,"b":120,"c":120,"d":120,"e":120,"f":120,"g":120,"h":120,"i":120,"j":120,"k":120,"l":120,"m":120,"n":120,"o":120,"p":120}},{"type":"Feature","geometry":{"type":"Point","coordinates":[126.84994999999999,37.78739]},"properties":{"row":23,"col":10,"walk_min":254.4,"nearest_station_id":"kr_145","nearest_station_name":"Wondang","nearest_station_name_ko":"원당","a":120,"b":120,"c":120,"d":120,"e":120,"f":120,"g":120,"h":120,"i":120,"j":120,"k":120,"l":120,"m":120,"n":120,"o":120,"p":120}},{"type":"Feature","geometry":{"type":"Point","coordinates":[126.77208,37.839304000000006]},"properties":{"row":25,"col":7,"walk_min":247.1,"nearest_station_id":"kr_424","nearest_station_name":"Daehwa","nearest_station_name_ko":"대화","a":120,"b":120,"c":120,"d":120,"e":120,"f":120,"g":120,"h":120,"i":120,"j":120,"k":120,"l":120,"m":120,"n":120,"o":120,"p":120}},{"type":"Feature","geometry":{"type":"Point","coordinates":[126.84994999999999,37.813343999999994]},"properties":{"row":24,"col":10,"walk_min":270.4,"nearest_station_id":"kr_092","nearest_station_name":"Yangju","nearest_station_name_ko":"양주","a":120,"b":120,"c":120,"d":120,"e":120,"f":120,"g":120,"h":120,"i":120,"j":120,"k":120,"l":120,"m":120,"n":120,"o":120,"p":120}},{"type":"Feature","geometry":{"type":"Point","coordinates":[127.23930399999999,37.190384]},"properties":{"row":0,"col":25,"walk_min":287.5,"nearest_station_id":"kr_416","nearest_station_name":"Osan College","nearest_station_name_ko":"오산대","a":120,"b":120,"c":120,"d":120,"e":120,"f":120,"g":120,"h":120,"i":120,"j":120,"k":120,"l":120,"m":120,"n":120,"o":120,"p":120}},{"type":"Feature","geometry":{"type":"Point","coordinates":[126.823994,37.813343999999994]},"properties":{"row":24,"col":9,"walk_min":268.0,"nearest_station_id":"kr_424","nearest_station_name":"Daehwa","nearest_station_name_ko":"대화","a":120,"b":120,"c":120,"d":120,"e":120,"f":120,"g":120,"h":120,"i":120,"j":120,"k":120,"l":120,"m":120,"n":120,"o":120,"p":120}},{"type":"Feature","geometry":{"type":"Point","coordinates":[127.213344,37.164424000000004]},"properties":{"row":-1,"col":24,"walk_min":261.1,"nearest_station_id":"kr_053","nearest_station_name":"Osan","nearest_station_name_ko":"오산","a":120,"b":120,"c":120,"d":120,"e":120,"f":120,"g":120,"h":120,"i":120,"j":120,"k":120,"l":120,"m":120,"n":120,"o":120,"p":120}},{"type":"Feature","geometry":{"type":"Point","coordinates":[126.64229399999999,37.683564000000004]},"properties":{"row":19,"col":2,"walk_min":273.4,"nearest_station_id":"kr_424","nearest_station_name":"Daehwa","nearest_station_name_ko":"대화","a":120,"b":120,"c":120,"d":120,"e":120,"f":120,"g":120,"h":120,"i":120,"j":120,"k":120,"l":120,"m":120,"n":120,"o":120,"p":120}},{"type":"Feature","geometry":{"type":"Point","coordinates":[126.590384,37.657604000000006]},"properties":{"row":18,"col":0,"walk_min":277.3,"nearest_station_id":"kr_424","nearest_station_name":"Daehwa","nearest_station_name_ko":"대화","a":120,"b":120,"c":120,"d":120,"e":120,"f":120,"g":120,"h":120,"i":120,"j":120,"k":120,"l":120,"m":120,"n":120,"o":120,"p":120}},{"type":"Feature","geometry":{"type":"Point","coordinates":[126.74612400000001,37.21634]},"properties":{"row":1,"col":6,"walk_min":283.1,"nearest_station_id":"kr_230","nearest_station_name":"Choji","nearest_station_name_ko":"초지","a":120,"b":120,"c":120,"d":120,"e":120,"f":120,"g":120,"h":120,"i":120,"j":120,"k":120,"l":120,"m":120,"n":120,"o":120,"p":120}},{"type":"Feature","geometry":{"type":"Point","coordinates":[127.26525999999998,37.839304000000006]},"properties":{"row":25,"col":26,"walk_min":262.9,"nearest_station_id":"kr_470","nearest_station_name":"Jinjeop","nearest_station_name_ko":"진접","a":120,"b":120,"c":120,"d":120,"e":120,"f":120,"g":120,"h":120,"i":120,"j":120,"k":120,"l":120,"m":120,"n":120,"o":120,"p":120}},{"type":"Feature","geometry":{"type":"Point","coordinates":[126.720164,37.190384]},"properties":{"row":0,"col":5,"walk_min":287.6,"nearest_station_id":"kr_230","nearest_station_name":"Choji","nearest_station_name_ko":"초지","a":120,"b":120,"c":120,"d":120,"e":120,"f":120,"g":120,"h":120,"i":120,"j":120,"k":120,"l":120,"m":120,"n":120,"o":120,"p":120}},{"type":"Feature","geometry":{"type":"Point","coordinates":[126.720164,37.21634]},"properties":{"row":1,"col":5,"walk_min":291.8,"nearest_station_id":"kr_263","nearest_station_name":"Ansan","nearest_station_name_ko":"안산","a":120,"b":120,"c":120,"d":120,"e":120,"f":120,"g":120,"h":120,"i":120,"j":120,"k":120,"l":120,"m":120,"n":120,"o":120,"p":120}},{"type":"Feature","geometry":{"type":"Point","coordinates":[126.798034,37.164424000000004]},"properties":{"row":-1,"col":8,"walk_min":282.5,"nearest_station_id":"kr_114","nearest_station_name":"Sangnoksu","nearest_station_name_ko":"상록수","a":120,"b":120,"c":120,"d":120,"e":120,"f":120,"g":120,"h":120,"i":120,"j":120,"k":120,"l":120,"m":120,"n":120,"o":120,"p":120}},{"type":"Feature","geometry":{"type":"Point","coordinates":[126.61634,37.683564000000004]},"properties":{"row":19,"col":1,"walk_min":297.8,"nearest_station_id":"kr_424","nearest_station_name":"Daehwa","nearest_station_name_ko":"대화","a":120,"b":120,"c":120,"d":120,"e":120,"f":120,"g":120,"h":120,"i":120,"j":120,"k":120,"l":120,"m":120,"n":120,"o":120,"p":120}},{"type":"Feature","geometry":{"type":"Point","coordinates":[126.74612400000001,37.164424000000004]},"properties":{"row":-1,"col":6,"walk_min":282.9,"nearest_station_id":"kr_230","nearest_station_name":"Choji","nearest_station_name_ko":"초지","a":120,"b":120,"c":120,"d":120,"e":120,"f":120,"g":120,"h":120,"i":120,"j":120,"k":120,"l":120,"m":120,"n":120,"o":120,"p":120}},{"type":"Feature","geometry":{"type":"Point","coordinates":[126.77208,37.164424000000004]},"properties":{"row":-1,"col":7,"walk_min":284.5,"nearest_station_id":"kr_114","nearest_station_name":"Sangnoksu","nearest_station_name_ko":"상록수","a":120,"b":120,"c":120,"d":120,"e":120,"f":120,"g":120,"h":120,"i":120,"j":120,"k":120,"l":120,"m":120,"n":120,"o":120,"p":120}},{"type":"Feature","geometry":{"type":"Point","coordinates":[126.590384,37.683564000000004]},"properties":{"row":19,"col":0,"walk_min":308.4,"nearest_station_id":"kr_424","nearest_station_name":"Daehwa","nearest_station_name_ko":"대화","a":120,"b":120,"c":120,"d":120,"e":120,"f":120,"g":120,"h":120,"i":120,"j":120,"k":120,"l":120,"m":120,"n":120,"o":120,"p":120}},{"type":"Feature","geometry":{"type":"Point","coordinates":[126.64229399999999,37.70952]},"properties":{"row":20,"col":2,"walk_min":306.5,"nearest_station_id":"kr_424","nearest_station_name":"Daehwa","nearest_station_name_ko":"대화","a":120,"b":120,"c":120,"d":120,"e":120,"f":120,"g":120,"h":120,"i":120,"j":120,"k":120,"l":120,"m":120,"n":120,"o":120,"p":120}},{"type":"Feature","geometry":{"type":"Point","coordinates":[126.720164,37.164424000000004]},"properties":{"row":-1,"col":5,"walk_min":314.0,"nearest_station_id":"kr_230","nearest_station_name":"Choji","nearest_station_name_ko":"초지","a":120,"b":120,"c":120,"d":120,"e":120,"f":120,"g":120,"h":120,"i":120,"j":120,"k":120,"l":120,"m":120,"n":120,"o":120,"p":120}},{"type":"Feature","geometry":{"type":"Point","coordinates":[126.564424,37.631644]},"properties":{"row":17,"col":-1,"walk_min":297.7,"nearest_station_id":"kr_424","nearest_station_name":"Daehwa","nearest_station_name_ko":"대화","a":120,"b":120,"c":120,"d":120,"e":120,"f":120,"g":120,"h":120,"i":120,"j":120,"k":120,"l":120,"m":120,"n":120,"o":120,"p":120}},{"type":"Feature","geometry":{"type":"Point","coordinates":[126.74612400000001,37.242294]},"properties":{"row":2,"col":6,"walk_min":323.6,"nearest_station_id":"kr_263","nearest_station_name":"Ansan","nearest_station_name_ko":"안산","a":120,"b":120,"c":120,"d":120,"e":120,"f":120,"g":120,"h":120,"i":120,"j":120,"k":120,"l":120,"m":120,"n":120,"o":120,"p":120}},{"type":"Feature","geometry":{"type":"Point","coordinates":[126.61634,37.70952]},"properties":{"row":20,"col":1,"walk_min":327.4,"nearest_station_id":"kr_424","nearest_station_name":"Daehwa","nearest_station_name_ko":"대화","a":120,"b":120,"c":120,"d":120,"e":120,"f":120,"g":120,"h":120,"i":120,"j":120,"k":120,"l":120,"m":120,"n":120,"o":120,"p":120}},{"type":"Feature","geometry":{"type":"Point","coordinates":[126.720164,37.242294]},"properties":{"row":2,"col":5,"walk_min":328.7,"nearest_station_id":"kr_263","nearest_station_name":"Ansan","nearest_station_name_ko":"안산","a":120,"b":120,"c":120,"d":120,"e":120,"f":120,"g":120,"h":120,"i":120,"j":120,"k":120,"l":120,"m":120,"n":120,"o":120,"p":120}},{"type":"Feature","geometry":{"type":"Point","coordinates":[126.69421,37.21634]},"properties":{"row":1,"col":4,"walk_min":325.5,"nearest_station_id":"kr_263","nearest_station_name":"Ansan","nearest_station_name_ko":"안산","a":120,"b":120,"c":120,"d":120,"e":120,"f":120,"g":120,"h":120,"i":120,"j":120,"k":120,"l":120,"m":120,"n":120,"o":120,"p":120}},{"type":"Feature","geometry":{"type":"Point","coordinates":[126.69421,37.190384]},"properties":{"row":0,"col":4,"walk_min":324.9,"nearest_station_id":"kr_263","nearest_station_name":"Ansan","nearest_station_name_ko":"안산","a":120,"b":120,"c":120,"d":120,"e":120,"f":120,"g":120,"h":120,"i":120,"j":120,"k":120,"l":120,"m":120,"n":120,"o":120,"p":120}},{"type":"Feature","geometry":{"type":"Point","coordinates":[126.69421,37.242294]},"properties":{"row":2,"col":4,"walk_min":341.6,"nearest_station_id":"kr_427","nearest_station_name":"Singiloncheon","nearest_station_name_ko":"신길온천","a":120,"b":120,"c":120,"d":120,"e":120,"f":120,"g":120,"h":120,"i":120,"j":120,"k":120,"l":120,"m":120,"n":120,"o":120,"p":120}},{"type":"Feature","geometry":{"type":"Point","coordinates":[126.668254,37.735473999999996]},"properties":{"row":21,"col":3,"walk_min":337.6,"nearest_station_id":"kr_424","nearest_station_name":"Daehwa","nearest_station_name_ko":"대화","a":120,"b":120,"c":120,"d":120,"e":120,"f":120,"g":120,"h":120,"i":120,"j":120,"k":120,"l":120,"m":120,"n":120,"o":120,"p":120}},{"type":"Feature","geometry":{"type":"Point","coordinates":[126.823994,37.839304000000006]},"properties":{"row":25,"col":9,"walk_min":328.4,"nearest_station_id":"kr_424","nearest_station_name":"Daehwa","nearest_station_name_ko":"대화","a":120,"b":120,"c":120,"d":120,"e":120,"f":120,"g":120,"h":120,"i":120,"j":120,"k":120,"l":120,"m":120,"n":120,"o":120,"p":120}},{"type":"Feature","geometry":{"type":"Point","coordinates":[126.564424,37.683564000000004]},"properties":{"row":19,"col":-1,"walk_min":336.7,"nearest_station_id":"kr_424","nearest_station_name":"Daehwa","nearest_station_name_ko":"대화","a":120,"b":120,"c":120,"d":120,"e":120,"f":120,"g":120,"h":120,"i":120,"j":120,"k":120,"l":120,"m":120,"n":120,"o":120,"p":120}},{"type":"Feature","geometry":{"type":"Point","coordinates":[126.590384,37.70952]},"properties":{"row":20,"col":0,"walk_min":345.3,"nearest_station_id":"kr_424","nearest_station_name":"Daehwa","nearest_station_name_ko":"대화","a":120,"b":120,"c":120,"d":120,"e":120,"f":120,"g":120,"h":120,"i":120,"j":120,"k":120,"l":120,"m":120,"n":120,"o":120,"p":120}},{"type":"Feature","geometry":{"type":"Point","coordinates":[127.26525999999998,37.190384]},"properties":{"row":0,"col":26,"walk_min":335.4,"nearest_station_id":"kr_267","nearest_station_name":"이천","nearest_station_name_ko":"이천","a":120,"b":120,"c":120,"d":120,"e":120,"f":120,"g":120,"h":120,"i":120,"j":120,"k":120,"l":120,"m":120,"n":120,"o":120,"p":120}},{"type":"Feature","geometry":{"type":"Point","coordinates":[126.64229399999999,37.735473999999996]},"properties":{"row":21,"col":2,"walk_min":345.2,"nearest_station_id":"kr_424","nearest_station_name":"Daehwa","nearest_station_name_ko":"대화","a":120,"b":120,"c":120,"d":120,"e":120,"f":120,"g":120,"h":120,"i":120,"j":120,"k":120,"l":120,"m":120,"n":120,"o":120,"p":120}},{"type":"Feature","geometry":{"type":"Point","coordinates":[126.69421,37.164424000000004]},"properties":{"row":-1,"col":4,"walk_min":336.5,"nearest_station_id":"kr_263","nearest_station_name":"Ansan","nearest_station_name_ko":"안산","a":120,"b":120,"c":120,"d":120,"e":120,"f":120,"g":120,"h":120,"i":120,"j":120,"k":120,"l":120,"m":120,"n":120,"o":120,"p":120}},{"type":"Feature","geometry":{"type":"Point","coordinates":[126.61634,37.735473999999996]},"properties":{"row":21,"col":1,"walk_min":359.1,"nearest_station_id":"kr_424","nearest_station_name":"Daehwa","nearest_station_name_ko":"대화","a":120,"b":120,"c":120,"d":120,"e":120,"f":120,"g":120,"h":120,"i":120,"j":120,"k":120,"l":120,"m":120,"n":120,"o":120,"p":120}},{"type":"Feature","geometry":{"type":"Point","coordinates":[126.69421,37.138470000000005]},"properties":{"row":-2,"col":4,"walk_min":339.7,"nearest_station_id":"kr_230","nearest_station_name":"Choji","nearest_station_name_ko":"초지","a":120,"b":120,"c":120,"d":120,"e":120,"f":120,"g":120,"h":120,"i":120,"j":120,"k":120,"l":120,"m":120,"n":120,"o":120,"p":120}},{"type":"Feature","geometry":{"type":"Point","coordinates":[126.668254,37.21634]},"properties":{"row":1,"col":3,"walk_min":368.2,"nearest_station_id":"kr_427","nearest_station_name":"Singiloncheon","nearest_station_name_ko":"신길온천","a":120,"b":120,"c":120,"d":120,"e":120,"f":120,"g":120,"h":120,"i":120,"j":120,"k":120,"l":120,"m":120,"n":120,"o":120,"p":120}},{"type":"Feature","geometry":{"type":"Point","coordinates":[126.668254,37.242294]},"properties":{"row":2,"col":3,"walk_min":364.1,"nearest_station_id":"kr_427","nearest_station_name":"Singiloncheon","nearest_station_name_ko":"신길온천","a":120,"b":120,"c":120,"d":120,"e":120,"f":120,"g":120,"h":120,"i":120,"j":120,"k":120,"l":120,"m":120,"n":120,"o":120,"p":120}},{"type":"Feature","geometry":{"type":"Point","coordinates":[126.74612400000001,37.268254]},"properties":{"row":3,"col":6,"walk_min":364.0,"nearest_station_id":"kr_263","nearest_station_name":"Ansan","nearest_station_name_ko":"안산","a":120,"b":120,"c":120,"d":120,"e":120,"f":120,"g":120,"h":120,"i":120,"j":120,"k":120,"l":120,"m":120,"n":120,"o":120,"p":120}},{"type":"Feature","geometry":{"type":"Point","coordinates":[126.668254,37.190384]},"properties":{"row":0,"col":3,"walk_min":398.4,"nearest_station_id":"kr_263","nearest_station_name":"Ansan","nearest_station_name_ko":"안산","a":120,"b":120,"c":120,"d":120,"e":120,"f":120,"g":120,"h":120,"i":120,"j":120,"k":120,"l":120,"m":120,"n":120,"o":120,"p":120}},{"type":"Feature","geometry":{"type":"Point","coordinates":[127.26525999999998,37.164424000000004]},"properties":{"row":-1,"col":26,"walk_min":353.7,"nearest_station_id":"kr_053","nearest_station_name":"Osan","nearest_station_name_ko":"오산","a":120,"b":120,"c":120,"d":120,"e":120,"f":120,"g":120,"h":120,"i":120,"j":120,"k":120,"l":120,"m":120,"n":120,"o":120,"p":120}},{"type":"Feature","geometry":{"type":"Point","coordinates":[126.590384,37.735473999999996]},"properties":{"row":21,"col":0,"walk_min":380.9,"nearest_station_id":"kr_424","nearest_station_name":"Daehwa","nearest_station_name_ko":"대화","a":120,"b":120,"c":120,"d":120,"e":120,"f":120,"g":120,"h":120,"i":120,"j":120,"k":120,"l":120,"m":120,"n":120,"o":120,"p":120}},{"type":"Feature","geometry":{"type":"Point","coordinates":[126.69421,37.268254]},"properties":{"row":3,"col":4,"walk_min":362.7,"nearest_station_id":"kr_427","nearest_station_name":"Singiloncheon","nearest_station_name_ko":"신길온천","a":120,"b":120,"c":120,"d":120,"e":120,"f":120,"g":120,"h":120,"i":120,"j":120,"k":120,"l":120,"m":120,"n":120,"o":120,"p":120}},{"type":"Feature","geometry":{"type":"Point","coordinates":[126.64229399999999,37.761433999999994]},"properties":{"row":22,"col":2,"walk_min":382.3,"nearest_station_id":"kr_424","nearest_station_name":"Daehwa","nearest_station_name_ko":"대화","a":120,"b":120,"c":120,"d":120,"e":120,"f":120,"g":120,"h":120,"i":120,"j":120,"k":120,"l":120,"m":120,"n":120,"o":120,"p":120}},{"type":"Feature","geometry":{"type":"Point","coordinates":[127.291214,37.164424000000004]},"properties":{"row":-1,"col":27,"walk_min":388.1,"nearest_station_id":"kr_267","nearest_station_name":"이천","nearest_station_name_ko":"이천","a":120,"b":120,"c":120,"d":120,"e":120,"f":120,"g":120,"h":120,"i":120,"j":120,"k":120,"l":120,"m":120,"n":120,"o":120,"p":120}},{"type":"Feature","geometry":{"type":"Point","coordinates":[126.668254,37.268254]},"properties":{"row":3,"col":3,"walk_min":395.7,"nearest_station_id":"kr_351","nearest_station_name":"Jeongwang","nearest_station_name_ko":"정왕","a":120,"b":120,"c":120,"d":120,"e":120,"f":120,"g":120,"h":120,"i":120,"j":120,"k":120,"l":120,"m":120,"n":120,"o":120,"p":120}},{"type":"Feature","geometry":{"type":"Point","coordinates":[126.61634,37.761433999999994]},"properties":{"row":22,"col":1,"walk_min":388.2,"nearest_station_id":"kr_424","nearest_station_name":"Daehwa","nearest_station_name_ko":"대화","a":120,"b":120,"c":120,"d":120,"e":120,"f":120,"g":120,"h":120,"i":120,"j":120,"k":120,"l":120,"m":120,"n":120,"o":120,"p":120}},{"type":"Feature","geometry":{"type":"Point","coordinates":[126.64229399999999,37.242294]},"properties":{"row":2,"col":2,"walk_min":417.9,"nearest_station_id":"kr_351","nearest_station_name":"Jeongwang","nearest_station_name_ko":"정왕","a":120,"b":120,"c":120,"d":120,"e":120,"f":120,"g":120,"h":120,"i":120,"j":120,"k":120,"l":120,"m":120,"n":120,"o":120,"p":120}},{"type":"Feature","geometry":{"type":"Point","coordinates":[126.564424,37.70952]},"properties":{"row":20,"col":-1,"walk_min":390.3,"nearest_station_id":"kr_424","nearest_station_name":"Daehwa","nearest_station_name_ko":"대화","a":120,"b":120,"c":120,"d":120,"e":120,"f":120,"g":120,"h":120,"i":120,"j":120,"k":120,"l":120,"m":120,"n":120,"o":120,"p":120}},{"type":"Feature","geometry":{"type":"Point","coordinates":[127.291214,37.190384]},"properties":{"row":0,"col":27,"walk_min":390.1,"nearest_station_id":"kr_267","nearest_station_name":"이천","nearest_station_name_ko":"이천","a":120,"b":120,"c":120,"d":120,"e":120,"f":120,"g":120,"h":120,"i":120,"j":120,"k":120,"l":120,"m":120,"n":120,"o":120,"p":120}},{"type":"Feature","geometry":{"type":"Point","coordinates":[126.64229399999999,37.190384]},"properties":{"row":0,"col":2,"walk_min":418.0,"nearest_station_id":"kr_427","nearest_station_name":"Singiloncheon","nearest_station_name_ko":"신길온천","a":120,"b":120,"c":120,"d":120,"e":120,"f":120,"g":120,"h":120,"i":120,"j":120,"k":120,"l":120,"m":120,"n":120,"o":120,"p":120}},{"type":"Feature","geometry":{"type":"Point","coordinates":[126.564424,37.735473999999996]},"properties":{"row":21,"col":-1,"walk_min":407.9,"nearest_station_id":"kr_424","nearest_station_name":"Daehwa","nearest_station_name_ko":"대화","a":120,"b":120,"c":120,"d":120,"e":120,"f":120,"g":120,"h":120,"i":120,"j":120,"k":120,"l":120,"m":120,"n":120,"o":120,"p":120}},{"type":"Feature","geometry":{"type":"Point","coordinates":[126.720164,37.268254]},"properties":{"row":3,"col":5,"walk_min":397.2,"nearest_station_id":"kr_427","nearest_station_name":"Singiloncheon","nearest_station_name_ko":"신길온천","a":120,"b":120,"c":120,"d":120,"e":120,"f":120,"g":120,"h":120,"i":120,"j":120,"k":120,"l":120,"m":120,"n":120,"o":120,"p":120}},{"type":"Feature","geometry":{"type":"Point","coordinates":[126.64229399999999,37.21634]},"properties":{"row":1,"col":2,"walk_min":443.1,"nearest_station_id":"kr_427","nearest_station_name":"Singiloncheon","nearest_station_name_ko":"신길온천","a":120,"b":120,"c":120,"d":120,"e":120,"f":120,"g":120,"h":120,"i":120,"j":120,"k":120,"l":120,"m":120,"n":120,"o":120,"p":120}},{"type":"Feature","geometry":{"type":"Point","coordinates":[126.668254,37.29421000000001]},"properties":{"row":4,"col":3,"walk_min":432.6,"nearest_station_id":"kr_351","nearest_station_name":"Jeongwang","nearest_station_name_ko":"정왕","a":120,"b":120,"c":120,"d":120,"e":120,"f":120,"g":120,"h":120,"i":120,"j":120,"k":120,"l":120,"m":120,"n":120,"o":120,"p":120}},{"type":"Feature","geometry":{"type":"Point","coordinates":[126.64229399999999,37.268254]},"properties":{"row":3,"col":2,"walk_min":453.5,"nearest_station_id":"kr_351","nearest_station_name":"Jeongwang","nearest_station_name_ko":"정왕","a":120,"b":120,"c":120,"d":120,"e":120,"f":120,"g":120,"h":120,"i":120,"j":120,"k":120,"l":120,"m":120,"n":120,"o":120,"p":120}},{"type":"Feature","geometry":{"type":"Point","coordinates":[126.64229399999999,37.29421000000001]},"properties":{"row":4,"col":2,"walk_min":451.4,"nearest_station_id":"kr_351","nearest_station_name":"Jeongwang","nearest_station_name_ko":"정왕","a":120,"b":120,"c":120,"d":120,"e":120,"f":120,"g":120,"h":120,"i":120,"j":120,"k":120,"l":120,"m":120,"n":120,"o":120,"p":120}},{"type":"Feature","geometry":{"type":"Point","coordinates":[126.61634,37.190384]},"properties":{"row":0,"col":1,"walk_min":440.3,"nearest_station_id":"kr_427","nearest_station_name":"Singiloncheon","nearest_station_name_ko":"신길온천","a":120,"b":120,"c":120,"d":120,"e":120,"f":120,"g":120,"h":120,"i":120,"j":120,"k":120,"l":120,"m":120,"n":120,"o":120,"p":120}},{"type":"Feature","geometry":{"type":"Point","coordinates":[126.61634,37.242294]},"properties":{"row":2,"col":1,"walk_min":477.3,"nearest_station_id":"kr_351","nearest_station_name":"Jeongwang","nearest_station_name_ko":"정왕","a":120,"b":120,"c":120,"d":120,"e":120,"f":120,"g":120,"h":120,"i":120,"j":120,"k":120,"l":120,"m":120,"n":120,"o":120,"p":120}},{"type":"Feature","geometry":{"type":"Point","coordinates":[126.61634,37.21634]},"properties":{"row":1,"col":1,"walk_min":516.5,"nearest_station_id":"kr_351","nearest_station_name":"Jeongwang","nearest_station_name_ko":"정왕","a":120,"b":120,"c":120,"d":120,"e":120,"f":120,"g":120,"h":120,"i":120,"j":120,"k":120,"l":120,"m":120,"n":120,"o":120,"p":120}},{"type":"Feature","geometry":{"type":"Point","coordinates":[126.61634,37.268254]},"properties":{"row":3,"col":1,"walk_min":487.3,"nearest_station_id":"kr_351","nearest_station_name":"Jeongwang","nearest_station_name_ko":"정왕","a":120,"b":120,"c":120,"d":120,"e":120,"f":120,"g":120,"h":120,"i":120,"j":120,"k":120,"l":120,"m":120,"n":120,"o":120,"p":120}},{"type":"Feature","geometry":{"type":"Point","coordinates":[126.590384,37.242294]},"properties":{"row":2,"col":0,"walk_min":510.7,"nearest_station_id":"kr_351","nearest_station_name":"Jeongwang","nearest_station_name_ko":"정왕","a":120,"b":120,"c":120,"d":120,"e":120,"f":120,"g":120,"h":120,"i":120,"j":120,"k":120,"l":120,"m":120,"n":120,"o":120,"p":120}},{"type":"Feature","geometry":{"type":"Point","coordinates":[126.590384,37.268254]},"properties":{"row":3,"col":0,"walk_min":514.9,"nearest_station_id":"kr_351","nearest_station_name":"Jeongwang","nearest_station_name_ko":"정왕","a":120,"b":120,"c":120,"d":120,"e":120,"f":120,"g":120,"h":120,"i":120,"j":120,"k":120,"l":120,"m":120,"n":120,"o":120,"p":120}},{"type":"Feature","geometry":{"type":"Point","coordinates":[126.590384,37.21634]},"properties":{"row":1,"col":0,"walk_min":551.9,"nearest_station_id":"kr_351","nearest_station_name":"Jeongwang","nearest_station_name_ko":"정왕","a":120,"b":120,"c":120,"d":120,"e":120,"f":120,"g":120,"h":120,"i":120,"j":120,"k":120,"l":120,"m":120,"n":120,"o":120,"p":120}},{"type":"Feature","geometry":{"type":"Point","coordinates":[126.564424,37.242294]},"properties":{"row":2,"col":-1,"walk_min":548.3,"nearest_station_id":"kr_351","nearest_station_name":"Jeongwang","nearest_station_name_ko":"정왕","a":120,"b":120,"c":120,"d":120,"e":120,"f":120,"g":120,"h":120,"i":120,"j":120,"k":120,"l":120,"m":120,"n":120,"o":120,"p":120}},{"type":"Feature","geometry":{"type":"Point","coordinates":[126.564424,37.268254]},"properties":{"row":3,"col":-1,"walk_min":560.0,"nearest_station_id":"kr_351","nearest_station_name":"Jeongwang","nearest_station_name_ko":"정왕","a":120,"b":120,"c":120,"d":120,"e":120,"f":120,"g":120,"h":120,"i":120,"j":120,"k":120,"l":120,"m":120,"n":120,"o":120,"p":120}},{"type":"Feature","geometry":{"type":"Point","coordinates":[126.564424,37.21634]},"properties":{"row":1,"col":-1,"walk_min":578.4,"nearest_station_id":"kr_351","nearest_station_name":"Jeongwang","nearest_station_name_ko":"정왕","a":120,"b":120,"c":120,"d":120,"e":120,"f":120,"g":120,"h":120,"i":120,"j":120,"k":120,"l":120,"m":120,"n":120,"o":120,"p":120}},{"type":"Feature","geometry":{"type":"Point","coordinates":[126.564424,37.190384]},"properties":{"row":0,"col":-1,"walk_min":599.8,"nearest_station_id":"kr_351","nearest_station_name":"Jeongwang","nearest_station_name_ko":"정왕","a":120,"b":120,"c":120,"d":120,"e":120,"f":120,"g":120,"h":120,"i":120,"j":120,"k":120,"l":120,"m":120,"n":120,"o":120,"p":120}},{"type":"Feature","geometry":{"type":"Point","coordinates":[126.53847,37.21634]},"properties":{"row":1,"col":-2,"walk_min":605.0,"nearest_station_id":"kr_351","nearest_station_name":"Jeongwang","nearest_station_name_ko":"정왕","a":120,"b":120,"c":120,"d":120,"e":120,"f":120,"g":120,"h":120,"i":120,"j":120,"k":120,"l":120,"m":120,"n":120,"o":120,"p":120}},{"type":"Feature","geometry":{"type":"Point","coordinates":[126.53847,37.190384]},"properties":{"row":0,"col":-2,"walk_min":611.8,"nearest_station_id":"kr_351","nearest_station_name":"Jeongwang","nearest_station_name_ko":"정왕","a":120,"b":120,"c":120,"d":120,"e":120,"f":120,"g":120,"h":120,"i":120,"j":120,"k":120,"l":120,"m":120,"n":120,"o":120,"p":120}}]}