{"type":"FeatureCollection","features":[{"type":"Feature","geometry":{"type":"Polygon","coordinates":[[[126.89925,37.46832],[126.92413,37.50248],[126.87438,37.50248],[126.89925,37.46832]]]},"properties":{"row":2,"col":5,"walk_min":4.8,"nearest_station_id":"kr_288","nearest_station_name":"Guro Digital Complex","nearest_station_name_ko":"구로디지털단지","a":36,"c":39,"e":34,"g":47,"i":31,"k":48,"m":55,"o":36,"b":36,"d":39,"f":34,"h":47,"j":31,"l":48,"n":55,"p":36}},{"type":"Feature","geometry":{"type":"Polygon","coordinates":[[[126.87438,37.50248],[126.92413,37.50248],[126.89925,37.53663],[126.87438,37.50248]]]},"properties":{"row":3,"col":4,"walk_min":2.0,"nearest_station_id":"kr_365","nearest_station_name":"신풍","nearest_station_name_ko":"신풍","a":33,"c":35,"e":31,"g":42,"i":31,"k":44,"m":50,"o":33,"b":33,"d":35,"f":31,"h":42,"j":31,"l":44,"n":50,"p":33}},{"type":"Feature","geometry":{"type":"Polygon","coordinates":[[[126.99875,37.46832],[127.02363,37.50248],[126.97388,37.50248],[126.99875,37.46832]]]},"properties":{"row":2,"col":9,"walk_min":5.1,"nearest_station_id":"kr_344","nearest_station_name":"Bangbae","nearest_station_name_ko":"방배","a":25,"c":27,"e":13,"g":33,"i":11,"k":27,"m":38,"o":33,"b":25,"d":27,"f":13,"h":33,"j":11,"l":27,"n":38,"p":33}},{"type":"Feature","geometry":{"type":"Polygon","coordinates":[[[126.97388,37.50248],[127.02363,37.50248],[126.99875,37.53663],[126.97388,37.50248]]]},"properties":{"row":3,"col":8,"walk_min":4.1,"nearest_station_id":"kr_002","nearest_station_name":"Express Bus Terminal","nearest_station_name_ko":"고속터미널","a":19,"c":21,"e":16,"g":25,"i":16,"k":29,"m":33,"o":29,"b":19,"d":21,"f":16,"h":25,"j":16,"l":29,"n":33,"p":29}},{"type":"Feature","geometry":{"type":"Polygon","coordinates":[[[127.02363,37.50248],[127.0485,37.53663],[126.99875,37.53663],[127.02363,37.50248]]]},"properties":{"row":3,"col":9,"walk_min":5.2,"nearest_station_id":"kr_138","nearest_station_name":"압구정","nearest_station_name_ko":"압구정","a":22,"c":23,"e":17,"g":22,"i":23,"k":29,"m":30,"o":33,"b":22,"d":23,"f":17,"h":22,"j":23,"l":29,"n":30,"p":33}},{"type":"Feature","geometry":{"type":"Polygon","coordinates":[[[126.949,37.46832],[126.99875,37.46832],[126.97388,37.50248],[126.949,37.46832]]]},"properties":{"row":2,"col":8,"walk_min":4.4,"nearest_station_id":"kr_133","nearest_station_name":"Sadang","nearest_station_name_ko":"사당","a":26,"c":28,"e":17,"g":39,"i":7,"k":32,"m":43,"o":33,"b":26,"d":28,"f":17,"h":39,"j":7,"l":32,"n":43,"p":33}},{"type":"Feature","geometry":{"type":"Polygon","coordinates":[[[126.97388,37.50248],[126.99875,37.53663],[126.949,37.53663],[126.97388,37.50248]]]},"properties":{"row":3,"col":7,"walk_min":4.6,"nearest_station_id":"kr_295","nearest_station_name":"녹사평","nearest_station_name_ko":"녹사평","a":13,"c":15,"e":24,"g":24,"i":20,"k":37,"m":33,"o":25,"b":13,"d":15,"f":24,"h":24,"j":20,"l":37,"n":33,"p":25}},{"type":"Feature","geometry":{"type":"Polygon","coordinates":[[[126.89925,37.46832],[126.949,37.46832],[126.92413,37.50248],[126.89925,37.46832]]]},"properties":{"row":2,"col":6,"walk_min":7.2,"nearest_station_id":"kr_375","nearest_station_name":"Sillim","nearest_station_name_ko":"신림","a":35,"c":37,"e":30,"g":48,"i":21,"k":45,"m":55,"o":33,"b":35,"d":37,"f":30,"h":48,"j":21,"l":45,"n":55,"p":33}},{"type":"Feature","geometry":{"type":"Polygon","coordinates":[[[126.92413,37.50248],[126.949,37.53663],[126.89925,37.53663],[126.92413,37.50248]]]},"properties":{"row":3,"col":5,"walk_min":2.8,"nearest_station_id":"kr_180","nearest_station_name":"여의나루","nearest_station_name_ko":"여의나루","a":24,"c":25,"e":27,"g":35,"i":25,"k":40,"m":44,"o":21,"b":24,"d":25,"f":27,"h":35,"j":25,"l":40,"n":44,"p":21}},{"type":"Feature","geometry":{"type":"Polygon","coordinates":[[[126.949,37.46832],[126.97388,37.50248],[126.92413,37.50248],[126.949,37.46832]]]},"properties":{"row":2,"col":7,"walk_min":4.3,"nearest_station_id":"kr_370","nearest_station_name":"Seoul Nat'l University (Gwanak-gu Office)","nearest_station_name_ko":"서울대입구(관악구청)","a":35,"c":38,"e":25,"g":45,"i":22,"k":39,"m":50,"o":41,"b":35,"d":38,"f":25,"h":45,"j":22,"l":39,"n":50,"p":41}},{"type":"Feature","geometry":{"type":"Polygon","coordinates":[[[126.92413,37.50248],[126.97388,37.50248],[126.949,37.53663],[126.92413,37.50248]]]},"properties":{"row":3,"col":6,"walk_min":3.1,"nearest_station_id":"kr_244","nearest_station_name":"상도","nearest_station_name_ko":"상도","a":30,"c":33,"e":26,"g":38,"i":28,"k":39,"m":45,"o":39,"b":30,"d":33,"f":26,"h":38,"j":28,"l":39,"n":45,"p":39}},{"type":"Feature","geometry":{"type":"Polygon","coordinates":[[[126.949,37.53663],[126.99875,37.53663],[126.97388,37.57079],[126.949,37.53663]]]},"properties":{"row":4,"col":8,"walk_min":3.1,"nearest_station_id":"kr_033","nearest_station_name":"Hoehyeon (Namdaemun Market)","nearest_station_name_ko":"회현(남대문시장)","a":8,"c":10,"e":27,"g":19,"i":24,"k":38,"m":28,"o":20,"b":8,"d":10,"f":27,"h":19,"j":24,"l":38,"n":28,"p":20}},{"type":"Feature","geometry":{"type":"Polygon","coordinates":[[[126.99875,37.53663],[127.02363,37.57079],[126.97388,37.57079],[126.99875,37.53663]]]},"properties":{"row":4,"col":9,"walk_min":2.1,"nearest_station_id":"kr_349","nearest_station_name":"Yaksu","nearest_station_name_ko":"약수","a":9,"c":10,"e":21,"g":15,"i":26,"k":33,"m":24,"o":21,"b":9,"d":10,"f":21,"h":15,"j":26,"l":33,"n":24,"p":21}},{"type":"Feature","geometry":{"type":"Polygon","coordinates":[[[126.99875,37.46832],[127.0485,37.46832],[127.02363,37.50248],[126.99875,37.46832]]]},"properties":{"row":2,"col":10,"walk_min":5.4,"nearest_station_id":"kr_020","nearest_station_name":"Yangjae","nearest_station_name_ko":"양재","a":31,"c":33,"e":10,"g":34,"i":15,"k":26,"m":37,"o":40,"b":31,"d":33,"f":10,"h":34,"j":15,"l":26,"n":37,"p":40}},{"type":"Feature","geometry":{"type":"Polygon","coordinates":[[[127.02363,37.50248],[127.07338,37.50248],[127.0485,37.53663],[127.02363,37.50248]]]},"properties":{"row":3,"col":10,"walk_min":2.4,"nearest_station_id":"kr_279","nearest_station_name":"Samseong(World Trade Center Seoul)","nearest_station_name_ko":"삼성(무역센터)","a":30,"c":31,"e":11,"g":26,"i":20,"k":17,"m":25,"o":39,"b":30,"d":31,"f":11,"h":26,"j":20,"l":17,"n":25,"p":39}},{"type":"Feature","geometry":{"type":"Polygon","coordinates":[[[127.0485,37.46832],[127.07338,37.50248],[127.02363,37.50248],[127.0485,37.46832]]]},"properties":{"row":2,"col":11,"walk_min":6.2,"nearest_station_id":"kr_164","nearest_station_name":"Dogok","nearest_station_name_ko":"도곡","a":35,"c":37,"e":12,"g":35,"i":23,"k":23,"m":34,"o":44,"b":35,"d":37,"f":12,"h":35,"j":23,"l":23,"n":34,"p":44}},{"type":"Feature","geometry":{"type":"Polygon","coordinates":[[[126.97388,37.57079],[126.99875,37.60495],[126.949,37.60495],[126.97388,37.57079]]]},"properties":{"row":5,"col":7,"walk_min":21.9,"nearest_station_id":"kr_022","nearest_station_name":"Anguk","nearest_station_name_ko":"안국","a":36,"c":33,"e":52,"g":38,"i":56,"k":58,"m":47,"o":45,"b":36,"d":33,"f":52,"h":38,"j":56,"l":58,"n":47,"p":45}},{"type":"Feature","geometry":{"type":"Polygon","coordinates":[[[126.97388,37.57079],[127.02363,37.57079],[126.99875,37.60495],[126.97388,37.57079]]]},"properties":{"row":5,"col":8,"walk_min":3.9,"nearest_station_id":"kr_057","nearest_station_name":"Hyehwa","nearest_station_name_ko":"혜화","a":15,"c":13,"e":30,"g":16,"i":35,"k":36,"m":25,"o":25,"b":15,"d":13,"f":30,"h":16,"j":35,"l":36,"n":25,"p":25}},{"type":"Feature","geometry":{"type":"Polygon","coordinates":[[[126.87438,37.43416],[126.92413,37.43416],[126.89925,37.46832],[126.87438,37.43416]]]},"properties":{"row":1,"col":4,"walk_min":12.7,"nearest_station_id":"kr_008","nearest_station_name":"Geumcheon-gu Office","nearest_station_name_ko":"금천구청","a":43,"c":46,"e":53,"g":57,"i":49,"k":66,"m":67,"o":44,"b":41,"d":44,"f":53,"h":56,"j":49,"l":66,"n":65,"p":44}},{"type":"Feature","geometry":{"type":"Polygon","coordinates":[[[126.92413,37.43416],[126.949,37.46832],[126.89925,37.46832],[126.92413,37.43416]]]},"properties":{"row":1,"col":5,"walk_min":27.6,"nearest_station_id":"kr_392","nearest_station_name":"Seoksu","nearest_station_name_ko":"석수","a":57,"c":60,"e":67,"g":72,"i":63,"k":80,"m":81,"o":58,"b":57,"d":60,"f":67,"h":72,"j":63,"l":80,"n":81,"p":58}},{"type":"Feature","geometry":{"type":"Polygon","coordinates":[[[126.99875,37.53663],[127.0485,37.53663],[127.02363,37.57079],[126.99875,37.53663]]]},"properties":{"row":4,"col":10,"walk_min":3.5,"nearest_station_id":"kr_296","nearest_station_name":"행당","nearest_station_name_ko":"행당","a":17,"c":17,"e":20,"g":13,"i":29,"k":29,"m":22,"o":28,"b":17,"d":17,"f":20,"h":13,"j":29,"l":29,"n":22,"p":28}},{"type":"Feature","geometry":{"type":"Polygon","coordinates":[[[126.92413,37.36584],[126.949,37.4],[126.89925,37.4],[126.92413,37.36584]]]},"properties":{"row":-1,"col":5,"walk_min":18.4,"nearest_station_id":"kr_459","nearest_station_name":"Myeonghak","nearest_station_name_ko":"명학","a":60,"c":62,"e":65,"g":74,"i":55,"k":80,"m":83,"o":60,"b":60,"d":62,"f":65,"h":74,"j":55,"l":80,"n":83,"p":60}},{"type":"Feature","geometry":{"type":"Polygon","coordinates":[[[126.89925,37.4],[126.949,37.4],[126.92413,37.43416],[126.89925,37.4]]]},"properties":{"row":0,"col":6,"walk_min":21.4,"nearest_station_id":"kr_010","nearest_station_name":"Anyang","nearest_station_name_ko":"안양","a":60,"c":62,"e":68,"g":74,"i":60,"k":81,"m":83,"o":61,"b":60,"d":62,"f":68,"h":74,"j":60,"l":81,"n":83,"p":61}},{"type":"Feature","geometry":{"type":"Polygon","coordinates":[[[127.02363,37.57079],[127.0485,37.60495],[126.99875,37.60495],[127.02363,37.57079]]]},"properties":{"row":5,"col":9,"walk_min":4.0,"nearest_station_id":"kr_026","nearest_station_name":"Jegidong","nearest_station_name_ko":"제기동","a":22,"c":20,"e":34,"g":20,"i":42,"k":38,"m":27,"o":31,"b":22,"d":20,"f":34,"h":20,"j":42,"l":38,"n":27,"p":31}},{"type":"Feature","geometry":{"type":"Polygon","coordinates":[[[127.0485,37.46832],[127.09825,37.46832],[127.07338,37.50248],[127.0485,37.46832]]]},"properties":{"row":2,"col":12,"walk_min":10.1,"nearest_station_id":"kr_164","nearest_station_name":"Dogok","nearest_station_name_ko":"도곡","a":46,"c":48,"e":22,"g":45,"i":32,"k":31,"m":42,"o":54,"b":46,"d":48,"f":22,"h":45,"j":32,"l":31,"n":42,"p":54}},{"type":"Feature","geometry":{"type":"Polygon","coordinates":[[[127.07338,37.50248],[127.12313,37.50248],[127.09825,37.53663],[127.07338,37.50248]]]},"properties":{"row":3,"col":12,"walk_min":2.8,"nearest_station_id":"kr_015","nearest_station_name":"Seokchon","nearest_station_name_ko":"석촌","a":38,"c":39,"e":19,"g":28,"i":30,"k":13,"m":21,"o":46,"b":38,"d":39,"f":19,"h":28,"j":30,"l":13,"n":21,"p":46}},{"type":"Feature","geometry":{"type":"Polygon","coordinates":[[[127.07338,37.50248],[127.09825,37.53663],[127.0485,37.53663],[127.07338,37.50248]]]},"properties":{"row":3,"col":11,"walk_min":4.6,"nearest_station_id":"kr_181","nearest_station_name":"Jayang","nearest_station_name_ko":"자양","a":34,"c":34,"e":24,"g":22,"i":32,"k":23,"m":20,"o":44,"b":34,"d":34,"f":24,"h":22,"j":32,"l":23,"n":20,"p":44}},{"type":"Feature","geometry":{"type":"Polygon","coordinates":[[[127.09825,37.46832],[127.12313,37.50248],[127.07338,37.50248],[127.09825,37.46832]]]},"properties":{"row":2,"col":13,"walk_min":5.7,"nearest_station_id":"kr_298","nearest_station_name":"Irwon","nearest_station_name_ko":"일원","a":45,"c":47,"e":22,"g":40,"i":33,"k":21,"m":32,"o":53,"b":45,"d":47,"f":22,"h":40,"j":33,"l":21,"n":32,"p":53}},{"type":"Feature","geometry":{"type":"Polygon","coordinates":[[[126.8495,37.46832],[126.89925,37.46832],[126.87438,37.50248],[126.8495,37.46832]]]},"properties":{"row":2,"col":4,"walk_min":4.3,"nearest_station_id":"kr_291","nearest_station_name":"가산디지털단지","nearest_station_name_ko":"가산디지털단지","a":41,"c":44,"e":41,"g":54,"i":42,"k":54,"m":62,"o":38,"b":41,"d":44,"f":41,"h":54,"j":42,"l":54,"n":62,"p":38}},{"type":"Feature","geometry":{"type":"Polygon","coordinates":[[[126.82463,37.50248],[126.87438,37.50248],[126.8495,37.53663],[126.82463,37.50248]]]},"properties":{"row":3,"col":2,"walk_min":6.3,"nearest_station_id":"kr_382","nearest_station_name":"Gaebong","nearest_station_name_ko":"개봉","a":34,"c":36,"e":43,"g":48,"i":39,"k":56,"m":57,"o":30,"b":34,"d":36,"f":43,"h":48,"j":39,"l":56,"n":57,"p":30}},{"type":"Feature","geometry":{"type":"Polygon","coordinates":[[[126.87438,37.50248],[126.89925,37.53663],[126.8495,37.53663],[126.87438,37.50248]]]},"properties":{"row":3,"col":3,"walk_min":2.8,"nearest_station_id":"kr_366","nearest_station_name":"Omokgyo","nearest_station_name_ko":"오목교","a":27,"c":30,"e":35,"g":42,"i":31,"k":48,"m":51,"o":25,"b":27,"d":30,"f":35,"h":42,"j":31,"l":48,"n":51,"p":25}},{"type":"Feature","geometry":{"type":"Polygon","coordinates":[[[127.09825,37.46832],[127.148,37.46832],[127.12313,37.50248],[127.09825,37.46832]]]},"properties":{"row":2,"col":14,"walk_min":7.2,"nearest_station_id":"kr_117","nearest_station_name":"Munjeong","nearest_station_name_ko":"문정","a":52,"c":54,"e":30,"g":44,"i":41,"k":25,"m":36,"o":60,"b":52,"d":54,"f":30,"h":44,"j":41,"l":25,"n":36,"p":60}},{"type":"Feature","geometry":{"type":"Polygon","coordinates":[[[127.12313,37.50248],[127.148,37.53663],[127.09825,37.53663],[127.12313,37.50248]]]},"properties":{"row":3,"col":13,"walk_min":3.7,"nearest_station_id":"kr_226","nearest_station_name":"Gangdong-gu Office","nearest_station_name_ko":"강동구청","a":42,"c":41,"e":27,"g":28,"i":38,"k":22,"m":33,"o":51,"b":42,"d":41,"f":27,"h":28,"j":38,"l":22,"n":33,"p":51}},{"type":"Feature","geometry":{"type":"Polygon","coordinates":[[[127.02363,37.57079],[127.07338,37.57079],[127.0485,37.60495],[127.02363,37.57079]]]},"properties":{"row":5,"col":10,"walk_min":3.9,"nearest_station_id":"kr_031","nearest_station_name":"Hoegi","nearest_station_name_ko":"회기","a":23,"c":21,"e":35,"g":21,"i":43,"k":35,"m":24,"o":33,"b":23,"d":21,"f":35,"h":21,"j":43,"l":35,"n":24,"p":33}},{"type":"Feature","geometry":{"type":"Polygon","coordinates":[[[126.92413,37.36584],[126.97388,37.36584],[126.949,37.4],[126.92413,37.36584]]]},"properties":{"row":-1,"col":6,"walk_min":16.2,"nearest_station_id":"kr_023","nearest_station_name":"Geumjeong","nearest_station_name_ko":"금정","a":61,"c":64,"e":59,"g":75,"i":48,"k":74,"m":84,"o":63,"b":61,"d":64,"f":59,"h":75,"j":48,"l":74,"n":84,"p":63}},{"type":"Feature","geometry":{"type":"Polygon","coordinates":[[[126.97388,37.36584],[126.99875,37.4],[126.949,37.4],[126.97388,37.36584]]]},"properties":{"row":-1,"col":7,"walk_min":20.4,"nearest_station_id":"kr_284","nearest_station_name":"Pyeongchon","nearest_station_name_ko":"평촌","a":65,"c":68,"e":56,"g":78,"i":45,"k":71,"m":82,"o":72,"b":65,"d":68,"f":56,"h":78,"j":45,"l":71,"n":82,"p":72}},{"type":"Feature","geometry":{"type":"Polygon","coordinates":[[[126.75,37.46832],[126.79975,37.46832],[126.77488,37.50248],[126.75,37.46832]]]},"properties":{"row":2,"col":0,"walk_min":8.6,"nearest_station_id":"kr_060","nearest_station_name":"Bucheon","nearest_station_name_ko":"부천","a":46,"c":48,"e":55,"g":60,"i":51,"k":69,"m":70,"o":43,"b":46,"d":48,"f":55,"h":60,"j":51,"l":69,"n":70,"p":43}},{"type":"Feature","geometry":{"type":"Polygon","coordinates":[[[126.79975,37.46832],[126.82463,37.50248],[126.77488,37.50248],[126.79975,37.46832]]]},"properties":{"row":2,"col":1,"walk_min":6.7,"nearest_station_id":"kr_451","nearest_station_name":"Sosa","nearest_station_name_ko":"소사","a":43,"c":45,"e":52,"g":57,"i":48,"k":66,"m":66,"o":40,"b":43,"d":45,"f":52,"h":57,"j":48,"l":66,"n":66,"p":40}},{"type":"Feature","geometry":{"type":"Polygon","coordinates":[[[126.79975,37.46832],[126.8495,37.46832],[126.82463,37.50248],[126.79975,37.46832]]]},"properties":{"row":2,"col":2,"walk_min":11.3,"nearest_station_id":"kr_194","nearest_station_name":"천왕","nearest_station_name_ko":"천왕","a":46,"c":49,"e":55,"g":60,"i":51,"k":68,"m":70,"o":43,"b":46,"d":49,"f":55,"h":60,"j":51,"l":68,"n":70,"p":43}},{"type":"Feature","geometry":{"type":"Polygon","coordinates":[[[127.07338,37.57079],[127.09825,37.60495],[127.0485,37.60495],[127.07338,37.57079]]]},"properties":{"row":5,"col":11,"walk_min":4.1,"nearest_station_id":"kr_031","nearest_station_name":"Hoegi","nearest_station_name_ko":"회기","a":32,"c":31,"e":40,"g":24,"i":47,"k":43,"m":32,"o":42,"b":32,"d":31,"f":40,"h":24,"j":47,"l":43,"n":32,"p":42}},{"type":"Feature","geometry":{"type":"Polygon","coordinates":[[[126.92413,37.29752],[126.97388,37.29752],[126.949,37.33168],[126.92413,37.29752]]]},"properties":{"row":-3,"col":6,"walk_min":26.8,"nearest_station_id":"kr_032","nearest_station_name":"Uiwang","nearest_station_name_ko":"의왕","a":87,"c":89,"e":84,"g":100,"i":73,"k":99,"m":107,"o":87,"b":87,"d":89,"f":84,"h":100,"j":73,"l":99,"n":107,"p":87}},{"type":"Feature","geometry":{"type":"Polygon","coordinates":[[[126.92413,37.29752],[126.949,37.33168],[126.89925,37.33168],[126.92413,37.29752]]]},"properties":{"row":-3,"col":5,"walk_min":18.8,"nearest_station_id":"kr_423","nearest_station_name":"Daeyami","nearest_station_name_ko":"대야미","a":78,"c":80,"e":75,"g":92,"i":64,"k":90,"m":100,"o":78,"b":78,"d":80,"f":75,"h":92,"j":64,"l":90,"n":100,"p":78}},{"type":"Feature","geometry":{"type":"Polygon","coordinates":[[[126.97388,37.29752],[126.99875,37.33168],[126.949,37.33168],[126.97388,37.29752]]]},"properties":{"row":-3,"col":7,"walk_min":29.3,"nearest_station_id":"kr_085","nearest_station_name":"Sungkyunkwan Univ","nearest_station_name_ko":"성균관대","a":90,"c":93,"e":87,"g":105,"i":76,"k":102,"m":113,"o":91,"b":90,"d":93,"f":87,"h":105,"j":76,"l":102,"n":113,"p":91}},{"type":"Feature","geometry":{"type":"Polygon","coordinates":[[[127.0485,37.60495],[127.09825,37.60495],[127.07338,37.63911],[127.0485,37.60495]]]},"properties":{"row":6,"col":12,"walk_min":3.3,"nearest_station_id":"kr_163","nearest_station_name":"먹골","nearest_station_name_ko":"먹골","a":35,"c":34,"e":43,"g":29,"i":51,"k":48,"m":37,"o":46,"b":35,"d":34,"f":43,"h":29,"j":51,"l":48,"n":37,"p":46}},{"type":"Feature","geometry":{"type":"Polygon","coordinates":[[[127.0485,37.60495],[127.07338,37.63911],[127.02363,37.63911],[127.0485,37.60495]]]},"properties":{"row":6,"col":11,"walk_min":3.4,"nearest_station_id":"kr_393","nearest_station_name":"Wolgye (Induk University)","nearest_station_name_ko":"월계(인덕대학교)","a":34,"c":32,"e":45,"g":31,"i":53,"k":49,"m":37,"o":43,"b":34,"d":32,"f":45,"h":31,"j":53,"l":49,"n":37,"p":43}},{"type":"Feature","geometry":{"type":"Polygon","coordinates":[[[126.89925,37.53663],[126.949,37.53663],[126.92413,37.57079],[126.89925,37.53663]]]},"properties":{"row":4,"col":6,"walk_min":3.1,"nearest_station_id":"kr_376","nearest_station_name":"Sinchon","nearest_station_name_ko":"신촌","a":17,"c":17,"e":33,"g":29,"i":30,"k":44,"m":38,"o":12,"b":17,"d":17,"f":33,"h":29,"j":30,"l":44,"n":38,"p":12}},{"type":"Feature","geometry":{"type":"Polygon","coordinates":[[[127.02363,37.43416],[127.07338,37.43416],[127.0485,37.46832],[127.02363,37.43416]]]},"properties":{"row":1,"col":10,"walk_min":23.8,"nearest_station_id":"kr_040","nearest_station_name":"Cheonggyesan","nearest_station_name_ko":"청계산입구","a":59,"c":61,"e":38,"g":63,"i":44,"k":54,"m":65,"o":68,"b":59,"d":61,"f":38,"h":63,"j":44,"l":54,"n":65,"p":68}},{"type":"Feature","geometry":{"type":"Polygon","coordinates":[[[127.07338,37.43416],[127.09825,37.46832],[127.0485,37.46832],[127.07338,37.43416]]]},"properties":{"row":1,"col":11,"walk_min":26.2,"nearest_station_id":"kr_040","nearest_station_name":"Cheonggyesan","nearest_station_name_ko":"청계산입구","a":62,"c":64,"e":38,"g":63,"i":49,"k":54,"m":65,"o":71,"b":62,"d":64,"f":38,"h":63,"j":49,"l":54,"n":65,"p":71}},{"type":"Feature","geometry":{"type":"Polygon","coordinates":[[[127.07338,37.36584],[127.12313,37.36584],[127.09825,37.4],[127.07338,37.36584]]]},"properties":{"row":-1,"col":12,"walk_min":30.9,"nearest_station_id":"kr_148","nearest_station_name":"Jeongja","nearest_station_name_ko":"정자","a":87,"c":89,"e":63,"g":87,"i":73,"k":78,"m":89,"o":95,"b":87,"d":89,"f":63,"h":87,"j":73,"l":78,"n":89,"p":95}},{"type":"Feature","geometry":{"type":"Polygon","coordinates":[[[127.09825,37.4],[127.148,37.4],[127.12313,37.43416],[127.09825,37.4]]]},"properties":{"row":0,"col":14,"walk_min":18.6,"nearest_station_id":"kr_041","nearest_station_name":"Pangyo","nearest_station_name_ko":"판교","a":74,"c":76,"e":51,"g":72,"i":61,"k":60,"m":72,"o":83,"b":74,"d":76,"f":51,"h":72,"j":61,"l":60,"n":72,"p":83}},{"type":"Feature","geometry":{"type":"Polygon","coordinates":[[[127.09825,37.4],[127.12313,37.43416],[127.07338,37.43416],[127.09825,37.4]]]},"properties":{"row":0,"col":13,"walk_min":42.9,"nearest_station_id":"kr_040","nearest_station_name":"Cheonggyesan","nearest_station_name_ko":"청계산입구","a":92,"c":94,"e":68,"g":89,"i":79,"k":77,"m":88,"o":100,"b":92,"d":94,"f":68,"h":89,"j":79,"l":77,"n":88,"p":100}},{"type":"Feature","geometry":{"type":"Polygon","coordinates":[[[127.12313,37.36584],[127.148,37.4],[127.09825,37.4],[127.12313,37.36584]]]},"properties":{"row":-1,"col":13,"walk_min":17.6,"nearest_station_id":"kr_108","nearest_station_name":"Imae","nearest_station_name_ko":"이매","a":72,"c":74,"e":48,"g":72,"i":58,"k":63,"m":74,"o":80,"b":72,"d":74,"f":48,"h":72,"j":58,"l":63,"n":74,"p":80}},{"type":"Feature","geometry":{"type":"Polygon","coordinates":[[[127.02363,37.63911],[127.07338,37.63911],[127.0485,37.67327],[127.02363,37.63911]]]},"properties":{"row":7,"col":10,"walk_min":3.9,"nearest_station_id":"kr_199","nearest_station_name":"Nowon","nearest_station_name_ko":"노원","a":40,"c":38,"e":52,"g":38,"i":60,"k":55,"m":43,"o":49,"b":40,"d":38,"f":52,"h":38,"j":60,"l":55,"n":43,"p":49}},{"type":"Feature","geometry":{"type":"Polygon","coordinates":[[[127.02363,37.22921],[127.0485,37.26337],[126.99875,37.26337],[127.02363,37.22921]]]},"properties":{"row":-5,"col":9,"walk_min":25.6,"nearest_station_id":"kr_462","nearest_station_name":"Seryu","nearest_station_name_ko":"세류","a":102,"c":104,"e":95,"g":114,"i":88,"k":110,"m":118,"o":103,"b":102,"d":104,"f":95,"h":114,"j":88,"l":110,"n":118,"p":103}},{"type":"Feature","geometry":{"type":"Polygon","coordinates":[[[126.99875,37.26337],[127.02363,37.29752],[126.97388,37.29752],[126.99875,37.26337]]]},"properties":{"row":-4,"col":9,"walk_min":20.8,"nearest_station_id":"kr_461","nearest_station_name":"Hwaseo","nearest_station_name_ko":"화서","a":88,"c":91,"e":85,"g":102,"i":74,"k":100,"m":111,"o":89,"b":88,"d":91,"f":85,"h":102,"j":74,"l":100,"n":111,"p":89}},{"type":"Feature","geometry":{"type":"Polygon","coordinates":[[[126.99875,37.26337],[127.0485,37.26337],[127.02363,37.29752],[126.99875,37.26337]]]},"properties":{"row":-4,"col":10,"walk_min":34.0,"nearest_station_id":"kr_357","nearest_station_name":"Gwanggyo Jungang","nearest_station_name_ko":"광교중앙","a":110,"c":111,"e":95,"g":116,"i":97,"k":110,"m":119,"o":110,"b":110,"d":111,"f":95,"h":116,"j":97,"l":110,"n":119,"p":110}},{"type":"Feature","geometry":{"type":"Polygon","coordinates":[[[126.99875,37.67327],[127.0485,37.67327],[127.02363,37.70743],[126.99875,37.67327]]]},"properties":{"row":8,"col":10,"walk_min":26.3,"nearest_station_id":"kr_044","nearest_station_name":"Dobongsan","nearest_station_name_ko":"도봉산","a":72,"c":70,"e":84,"g":70,"i":92,"k":84,"m":73,"o":82,"b":72,"d":70,"f":84,"h":70,"j":92,"l":84,"n":73,"p":82}},{"type":"Feature","geometry":{"type":"Polygon","coordinates":[[[127.0485,37.67327],[127.07338,37.70743],[127.02363,37.70743],[127.0485,37.67327]]]},"properties":{"row":8,"col":11,"walk_min":10.6,"nearest_station_id":"kr_449","nearest_station_name":"Mangwolsa (Shinhan University)","nearest_station_name_ko":"망월사(신한대학교)","a":59,"c":57,"e":69,"g":55,"i":78,"k":71,"m":59,"o":68,"b":59,"d":57,"f":69,"h":55,"j":78,"l":71,"n":59,"p":68}},{"type":"Feature","geometry":{"type":"Polygon","coordinates":[[[127.02363,37.63911],[127.0485,37.67327],[126.99875,37.67327],[127.02363,37.63911]]]},"properties":{"row":7,"col":9,"walk_min":18.3,"nearest_station_id":"kr_395","nearest_station_name":"Banghak (Dobong-gu Office)","nearest_station_name_ko":"방학(도봉구청)","a":55,"c":53,"e":67,"g":53,"i":75,"k":70,"m":58,"o":64,"b":55,"d":53,"f":67,"h":53,"j":75,"l":70,"n":58,"p":64}},{"type":"Feature","geometry":{"type":"Polygon","coordinates":[[[127.0485,37.53663],[127.09825,37.53663],[127.07338,37.57079],[127.0485,37.53663]]]},"properties":{"row":4,"col":12,"walk_min":3.9,"nearest_station_id":"kr_046","nearest_station_name":"군자","nearest_station_name_ko":"군자","a":29,"c":28,"e":29,"g":15,"i":36,"k":29,"m":20,"o":39,"b":29,"d":28,"f":29,"h":15,"j":36,"l":29,"n":20,"p":39}},{"type":"Feature","geometry":{"type":"Polygon","coordinates":[[[127.09825,37.53663],[127.12313,37.57079],[127.07338,37.57079],[127.09825,37.53663]]]},"properties":{"row":4,"col":13,"walk_min":13.3,"nearest_station_id":"kr_046","nearest_station_name":"군자","nearest_station_name_ko":"군자","a":40,"c":39,"e":42,"g":26,"i":49,"k":41,"m":35,"o":50,"b":40,"d":39,"f":42,"h":26,"j":49,"l":41,"n":35,"p":50}},{"type":"Feature","geometry":{"type":"Polygon","coordinates":[[[126.99875,37.19505],[127.0485,37.19505],[127.02363,37.22921],[126.99875,37.19505]]]},"properties":{"row":-6,"col":10,"walk_min":33.6,"nearest_station_id":"kr_047","nearest_station_name":"Byeongjeom","nearest_station_name_ko":"병점","a":114,"c":116,"e":112,"g":120,"i":105,"k":119,"m":120,"o":115,"b":114,"d":116,"f":112,"h":120,"j":105,"l":119,"n":120,"p":115}},{"type":"Feature","geometry":{"type":"Polygon","coordinates":[[[127.0485,37.19505],[127.07338,37.22921],[127.02363,37.22921],[127.0485,37.19505]]]},"properties":{"row":-6,"col":11,"walk_min":30.7,"nearest_station_id":"kr_466","nearest_station_name":"Seodongtan","nearest_station_name_ko":"서동탄","a":116,"c":118,"e":115,"g":120,"i":104,"k":120,"m":120,"o":117,"b":116,"d":118,"f":115,"h":120,"j":104,"l":120,"n":120,"p":117}},{"type":"Feature","geometry":{"type":"Polygon","coordinates":[[[127.148,37.46832],[127.17288,37.50248],[127.12313,37.50248],[127.148,37.46832]]]},"properties":{"row":2,"col":15,"walk_min":11.5,"nearest_station_id":"kr_440","nearest_station_name":"Macheon","nearest_station_name_ko":"마천","a":60,"c":60,"e":38,"g":48,"i":49,"k":33,"m":44,"o":68,"b":60,"d":60,"f":38,"h":48,"j":49,"l":33,"n":44,"p":68}},{"type":"Feature","geometry":{"type":"Polygon","coordinates":[[[127.12313,37.50248],[127.17288,37.50248],[127.148,37.53663],[127.12313,37.50248]]]},"properties":{"row":3,"col":14,"walk_min":9.2,"nearest_station_id":"kr_306","nearest_station_name":"개롱","nearest_station_name_ko":"개롱","a":55,"c":54,"e":36,"g":41,"i":46,"k":31,"m":42,"o":65,"b":55,"d":54,"f":36,"h":41,"j":46,"l":31,"n":42,"p":65}},{"type":"Feature","geometry":{"type":"Polygon","coordinates":[[[126.8495,37.53663],[126.89925,37.53663],[126.87438,37.57079],[126.8495,37.53663]]]},"properties":{"row":4,"col":4,"walk_min":8.7,"nearest_station_id":"kr_073","nearest_station_name":"Yeomchang","nearest_station_name_ko":"염창","a":35,"c":35,"e":41,"g":47,"i":37,"k":54,"m":56,"o":25,"b":35,"d":35,"f":41,"h":47,"j":37,"l":54,"n":56,"p":25}},{"type":"Feature","geometry":{"type":"Polygon","coordinates":[[[127.09825,37.53663],[127.148,37.53663],[127.12313,37.57079],[127.09825,37.53663]]]},"properties":{"row":4,"col":14,"walk_min":10.1,"nearest_station_id":"kr_088","nearest_station_name":"광나루","nearest_station_name_ko":"광나루","a":45,"c":44,"e":38,"g":31,"i":48,"k":33,"m":39,"o":55,"b":45,"d":44,"f":38,"h":31,"j":48,"l":33,"n":39,"p":55}},{"type":"Feature","geometry":{"type":"Polygon","coordinates":[[[127.148,37.53663],[127.17288,37.57079],[127.12313,37.57079],[127.148,37.53663]]]},"properties":{"row":4,"col":15,"walk_min":4.2,"nearest_station_id":"kr_200","nearest_station_name":"Amsa History Park","nearest_station_name_ko":"암사역사공원","a":46,"c":45,"e":37,"g":32,"i":47,"k":31,"m":40,"o":56,"b":46,"d":45,"f":37,"h":32,"j":47,"l":31,"n":40,"p":56}},{"type":"Feature","geometry":{"type":"Polygon","coordinates":[[[127.02363,37.70743],[127.0485,37.74159],[126.99875,37.74159],[127.02363,37.70743]]]},"properties":{"row":9,"col":9,"walk_min":28.4,"nearest_station_id":"kr_065","nearest_station_name":"Uijeongbu","nearest_station_name_ko":"의정부","a":83,"c":81,"e":95,"g":81,"i":100,"k":95,"m":83,"o":92,"b":83,"d":81,"f":95,"h":81,"j":100,"l":95,"n":83,"p":92}},{"type":"Feature","geometry":{"type":"Polygon","coordinates":[[[127.02363,37.70743],[127.07338,37.70743],[127.0485,37.74159],[127.02363,37.70743]]]},"properties":{"row":9,"col":10,"walk_min":12.3,"nearest_station_id":"kr_449","nearest_station_name":"Mangwolsa (Shinhan University)","nearest_station_name_ko":"망월사(신한대학교)","a":63,"c":61,"e":75,"g":61,"i":83,"k":75,"m":63,"o":72,"b":63,"d":61,"f":75,"h":61,"j":83,"l":75,"n":63,"p":72}},{"type":"Feature","geometry":{"type":"Polygon","coordinates":[[[126.92413,37.57079],[126.97388,37.57079],[126.949,37.60495],[126.92413,37.57079]]]},"properties":{"row":5,"col":6,"walk_min":10.9,"nearest_station_id":"kr_067","nearest_station_name":"무악재","nearest_station_name_ko":"무악재","a":29,"c":26,"e":46,"g":32,"i":48,"k":52,"m":41,"o":37,"b":29,"d":26,"f":46,"h":32,"j":48,"l":52,"n":41,"p":37}},{"type":"Feature","geometry":{"type":"Polygon","coordinates":[[[126.99875,37.74159],[127.0485,37.74159],[127.02363,37.77575],[126.99875,37.74159]]]},"properties":{"row":10,"col":10,"walk_min":23.7,"nearest_station_id":"kr_421","nearest_station_name":"Nogyang","nearest_station_name_ko":"녹양","a":82,"c":80,"e":94,"g":80,"i":100,"k":94,"m":82,"o":91,"b":82,"d":80,"f":94,"h":80,"j":100,"l":94,"n":82,"p":91}},{"type":"Feature","geometry":{"type":"Polygon","coordinates":[[[127.0485,37.53663],[127.07338,37.57079],[127.02363,37.57079],[127.0485,37.53663]]]},"properties":{"row":4,"col":11,"walk_min":1.4,"nearest_station_id":"kr_103","nearest_station_name":"장한평","nearest_station_name_ko":"장한평","a":19,"c":18,"e":28,"g":6,"i":36,"k":26,"m":15,"o":30,"b":19,"d":18,"f":28,"h":6,"j":36,"l":26,"n":15,"p":30}},{"type":"Feature","geometry":{"type":"Polygon","coordinates":[[[126.949,37.33168],[126.97388,37.36584],[126.92413,37.36584],[126.949,37.33168]]]},"properties":{"row":-2,"col":7,"walk_min":13.4,"nearest_station_id":"kr_072","nearest_station_name":"Gunpo","nearest_station_name_ko":"군포","a":64,"c":66,"e":61,"g":78,"i":50,"k":76,"m":87,"o":64,"b":64,"d":66,"f":61,"h":78,"j":50,"l":76,"n":87,"p":64}},{"type":"Feature","geometry":{"type":"Polygon","coordinates":[[[126.949,37.33168],[126.99875,37.33168],[126.97388,37.36584],[126.949,37.33168]]]},"properties":{"row":-2,"col":8,"walk_min":39.0,"nearest_station_id":"kr_072","nearest_station_name":"Gunpo","nearest_station_name_ko":"군포","a":89,"c":91,"e":86,"g":103,"i":75,"k":101,"m":110,"o":89,"b":89,"d":91,"f":86,"h":103,"j":75,"l":101,"n":110,"p":89}},{"type":"Feature","geometry":{"type":"Polygon","coordinates":[[[126.8495,37.53663],[126.87438,37.57079],[126.82463,37.57079],[126.8495,37.53663]]]},"properties":{"row":4,"col":3,"walk_min":4.2,"nearest_station_id":"kr_102","nearest_station_name":"Gayang","nearest_station_name_ko":"가양","a":36,"c":34,"e":42,"g":48,"i":38,"k":55,"m":57,"o":23,"b":36,"d":34,"f":42,"h":48,"j":38,"l":55,"n":57,"p":23}},{"type":"Feature","geometry":{"type":"Polygon","coordinates":[[[126.89925,37.53663],[126.92413,37.57079],[126.87438,37.57079],[126.89925,37.53663]]]},"properties":{"row":4,"col":5,"walk_min":7.7,"nearest_station_id":"kr_240","nearest_station_name":"망원","nearest_station_name_ko":"망원","a":29,"c":31,"e":41,"g":41,"i":37,"k":54,"m":50,"o":33,"b":29,"d":31,"f":41,"h":41,"j":37,"l":54,"n":50,"p":33}},{"type":"Feature","geometry":{"type":"Polygon","coordinates":[[[126.77488,37.50248],[126.82463,37.50248],[126.79975,37.53663],[126.77488,37.50248]]]},"properties":{"row":3,"col":0,"walk_min":13.9,"nearest_station_id":"kr_206","nearest_station_name":"부천종합운동장","nearest_station_name_ko":"부천종합운동장","a":51,"c":54,"e":61,"g":66,"i":57,"k":74,"m":75,"o":48,"b":51,"d":54,"f":61,"h":66,"j":57,"l":74,"n":75,"p":48}},{"type":"Feature","geometry":{"type":"Polygon","coordinates":[[[126.82463,37.50248],[126.8495,37.53663],[126.79975,37.53663],[126.82463,37.50248]]]},"properties":{"row":3,"col":1,"walk_min":16.0,"nearest_station_id":"kr_297","nearest_station_name":"Hwagok","nearest_station_name_ko":"화곡","a":48,"c":51,"e":58,"g":63,"i":54,"k":71,"m":72,"o":45,"b":48,"d":51,"f":58,"h":63,"j":54,"l":71,"n":72,"p":45}},{"type":"Feature","geometry":{"type":"Polygon","coordinates":[[[126.8495,37.46832],[126.87438,37.50248],[126.82463,37.50248],[126.8495,37.46832]]]},"properties":{"row":2,"col":3,"walk_min":6.4,"nearest_station_id":"kr_220","nearest_station_name":"광명사거리","nearest_station_name_ko":"광명사거리","a":39,"c":42,"e":46,"g":53,"i":44,"k":59,"m":63,"o":36,"b":39,"d":42,"f":46,"h":53,"j":44,"l":59,"n":63,"p":36}},{"type":"Feature","geometry":{"type":"Polygon","coordinates":[[[126.92413,37.57079],[126.949,37.60495],[126.89925,37.60495],[126.92413,37.57079]]]},"properties":{"row":5,"col":5,"walk_min":8.0,"nearest_station_id":"kr_110","nearest_station_name":"Hongje (Seoul Culture Arts Univ.)","nearest_station_name_ko":"홍제(서울문화예술대)","a":32,"c":29,"e":49,"g":35,"i":50,"k":56,"m":45,"o":40,"b":32,"d":29,"f":49,"h":35,"j":50,"l":56,"n":45,"p":40}},{"type":"Feature","geometry":{"type":"Polygon","coordinates":[[[126.89925,37.60495],[126.949,37.60495],[126.92413,37.63911],[126.89925,37.60495]]]},"properties":{"row":6,"col":6,"walk_min":6.0,"nearest_station_id":"kr_123","nearest_station_name":"Bulgwang","nearest_station_name_ko":"불광","a":33,"c":31,"e":51,"g":37,"i":52,"k":57,"m":46,"o":42,"b":33,"d":31,"f":51,"h":37,"j":52,"l":57,"n":46,"p":42}},{"type":"Feature","geometry":{"type":"Polygon","coordinates":[[[126.89925,37.33168],[126.949,37.33168],[126.92413,37.36584],[126.89925,37.33168]]]},"properties":{"row":-2,"col":6,"walk_min":13.1,"nearest_station_id":"kr_364","nearest_station_name":"Surisan","nearest_station_name_ko":"수리산","a":65,"c":68,"e":62,"g":80,"i":51,"k":77,"m":88,"o":66,"b":65,"d":68,"f":62,"h":80,"j":51,"l":77,"n":88,"p":66}},{"type":"Feature","geometry":{"type":"Polygon","coordinates":[[[126.99875,37.60495],[127.0485,37.60495],[127.02363,37.63911],[126.99875,37.60495]]]},"properties":{"row":6,"col":10,"walk_min":8.8,"nearest_station_id":"kr_091","nearest_station_name":"Miasageori","nearest_station_name_ko":"미아사거리","a":32,"c":30,"e":44,"g":31,"i":52,"k":51,"m":40,"o":42,"b":32,"d":30,"f":44,"h":31,"j":52,"l":51,"n":40,"p":42}},{"type":"Feature","geometry":{"type":"Polygon","coordinates":[[[126.949,37.26337],[126.99875,37.26337],[126.97388,37.29752],[126.949,37.26337]]]},"properties":{"row":-4,"col":8,"walk_min":23.7,"nearest_station_id":"kr_461","nearest_station_name":"Hwaseo","nearest_station_name_ko":"화서","a":91,"c":94,"e":88,"g":104,"i":77,"k":102,"m":110,"o":92,"b":91,"d":94,"f":88,"h":104,"j":77,"l":102,"n":110,"p":92}},{"type":"Feature","geometry":{"type":"Polygon","coordinates":[[[126.97388,37.29752],[127.02363,37.29752],[126.99875,37.33168],[126.97388,37.29752]]]},"properties":{"row":-3,"col":8,"walk_min":35.7,"nearest_station_id":"kr_085","nearest_station_name":"Sungkyunkwan Univ","nearest_station_name_ko":"성균관대","a":99,"c":101,"e":97,"g":109,"i":90,"k":107,"m":114,"o":100,"b":99,"d":101,"f":97,"h":109,"j":90,"l":107,"n":114,"p":100}},{"type":"Feature","geometry":{"type":"Polygon","coordinates":[[[127.0485,37.74159],[127.07338,37.77575],[127.02363,37.77575],[127.0485,37.74159]]]},"properties":{"row":10,"col":11,"walk_min":14.1,"nearest_station_id":"kr_421","nearest_station_name":"Nogyang","nearest_station_name_ko":"녹양","a":75,"c":73,"e":87,"g":73,"i":95,"k":86,"m":75,"o":84,"b":75,"d":73,"f":87,"h":73,"j":95,"l":86,"n":75,"p":84}},{"type":"Feature","geometry":{"type":"Polygon","coordinates":[[[127.07338,37.57079],[127.12313,37.57079],[127.09825,37.60495],[127.07338,37.57079]]]},"properties":{"row":5,"col":12,"walk_min":12.1,"nearest_station_id":"kr_120","nearest_station_name":"사가정","nearest_station_name_ko":"사가정","a":43,"c":42,"e":47,"g":29,"i":52,"k":50,"m":38,"o":53,"b":43,"d":42,"f":47,"h":29,"j":52,"l":50,"n":38,"p":53}},{"type":"Feature","geometry":{"type":"Polygon","coordinates":[[[127.09825,37.60495],[127.12313,37.63911],[127.07338,37.63911],[127.09825,37.60495]]]},"properties":{"row":6,"col":13,"walk_min":17.3,"nearest_station_id":"kr_176","nearest_station_name":"공릉","nearest_station_name_ko":"공릉","a":62,"c":61,"e":64,"g":53,"i":74,"k":66,"m":62,"o":72,"b":62,"d":61,"f":64,"h":53,"j":74,"l":66,"n":62,"p":72}},{"type":"Feature","geometry":{"type":"Polygon","coordinates":[[[126.949,37.53663],[126.97388,37.57079],[126.92413,37.57079],[126.949,37.53663]]]},"properties":{"row":4,"col":7,"walk_min":2.3,"nearest_station_id":"kr_326","nearest_station_name":"Ahyeon","nearest_station_name_ko":"아현","a":10,"c":9,"e":33,"g":22,"i":30,"k":41,"m":31,"o":9,"b":10,"d":9,"f":33,"h":22,"j":30,"l":41,"n":31,"p":9}},{"type":"Feature","geometry":{"type":"Polygon","coordinates":[[[126.87438,37.63911],[126.92413,37.63911],[126.89925,37.67327],[126.87438,37.63911]]]},"properties":{"row":7,"col":4,"walk_min":16.8,"nearest_station_id":"kr_115","nearest_station_name":"Samsong","nearest_station_name_ko":"삼송","a":54,"c":51,"e":71,"g":58,"i":74,"k":78,"m":67,"o":63,"b":54,"d":51,"f":71,"h":58,"j":74,"l":78,"n":67,"p":63}},{"type":"Feature","geometry":{"type":"Polygon","coordinates":[[[126.87438,37.63911],[126.89925,37.67327],[126.8495,37.67327],[126.87438,37.63911]]]},"properties":{"row":7,"col":3,"walk_min":16.2,"nearest_station_id":"kr_126","nearest_station_name":"Wonheung","nearest_station_name_ko":"원흥","a":59,"c":56,"e":76,"g":63,"i":79,"k":83,"m":72,"o":68,"b":59,"d":56,"f":76,"h":63,"j":79,"l":83,"n":72,"p":68}},{"type":"Feature","geometry":{"type":"Polygon","coordinates":[[[126.92413,37.63911],[126.949,37.67327],[126.89925,37.67327],[126.92413,37.63911]]]},"properties":{"row":7,"col":5,"walk_min":22.8,"nearest_station_id":"kr_104","nearest_station_name":"Jichuk","nearest_station_name_ko":"지축","a":58,"c":55,"e":75,"g":62,"i":78,"k":82,"m":71,"o":67,"b":58,"d":55,"f":75,"h":62,"j":78,"l":82,"n":71,"p":67}},{"type":"Feature","geometry":{"type":"Polygon","coordinates":[[[126.70025,37.46832],[126.75,37.46832],[126.72512,37.50248],[126.70025,37.46832]]]},"properties":{"row":2,"col":-2,"walk_min":12.2,"nearest_station_id":"kr_105","nearest_station_name":"Bupyeong","nearest_station_name_ko":"부평","a":59,"c":62,"e":69,"g":74,"i":65,"k":82,"m":83,"o":56,"b":59,"d":62,"f":69,"h":74,"j":65,"l":82,"n":83,"p":56}},{"type":"Feature","geometry":{"type":"Polygon","coordinates":[[[127.12313,37.36584],[127.17288,37.36584],[127.148,37.4],[127.12313,37.36584]]]},"properties":{"row":-1,"col":14,"walk_min":44.8,"nearest_station_id":"kr_108","nearest_station_name":"Imae","nearest_station_name_ko":"이매","a":99,"c":100,"e":75,"g":99,"i":85,"k":90,"m":100,"o":104,"b":99,"d":100,"f":75,"h":99,"j":85,"l":90,"n":100,"p":104}},{"type":"Feature","geometry":{"type":"Polygon","coordinates":[[[127.148,37.4],[127.17288,37.43416],[127.12313,37.43416],[127.148,37.4]]]},"properties":{"row":0,"col":15,"walk_min":18.5,"nearest_station_id":"kr_439","nearest_station_name":"Moran","nearest_station_name_ko":"모란","a":79,"c":81,"e":57,"g":72,"i":68,"k":54,"m":66,"o":88,"b":79,"d":81,"f":57,"h":72,"j":68,"l":54,"n":66,"p":88}},{"type":"Feature","geometry":{"type":"Polygon","coordinates":[[[126.8495,37.26337],[126.89925,37.26337],[126.87438,37.29752],[126.8495,37.26337]]]},"properties":{"row":-4,"col":4,"walk_min":55.8,"nearest_station_id":"kr_114","nearest_station_name":"Sangnoksu","nearest_station_name_ko":"상록수","a":112,"c":112,"e":111,"g":115,"i":107,"k":114,"m":117,"o":112,"b":112,"d":112,"f":111,"h":115,"j":107,"l":114,"n":117,"p":112}},{"type":"Feature","geometry":{"type":"Polygon","coordinates":[[[126.8495,37.26337],[126.87438,37.29752],[126.82463,37.29752],[126.8495,37.26337]]]},"properties":{"row":-4,"col":3,"walk_min":35.8,"nearest_station_id":"kr_114","nearest_station_name":"Sangnoksu","nearest_station_name_ko":"상록수","a":97,"c":98,"e":94,"g":107,"i":87,"k":105,"m":111,"o":97,"b":97,"d":98,"f":94,"h":107,"j":87,"l":105,"n":111,"p":97}},{"type":"Feature","geometry":{"type":"Polygon","coordinates":[[[126.87438,37.29752],[126.89925,37.33168],[126.8495,37.33168],[126.87438,37.29752]]]},"properties":{"row":-3,"col":3,"walk_min":24.4,"nearest_station_id":"kr_114","nearest_station_name":"Sangnoksu","nearest_station_name_ko":"상록수","a":91,"c":93,"e":88,"g":105,"i":77,"k":103,"m":114,"o":91,"b":91,"d":93,"f":88,"h":105,"j":77,"l":103,"n":114,"p":91}},{"type":"Feature","geometry":{"type":"Polygon","coordinates":[[[126.89925,37.26337],[126.92413,37.29752],[126.87438,37.29752],[126.89925,37.26337]]]},"properties":{"row":-4,"col":5,"walk_min":47.0,"nearest_station_id":"kr_415","nearest_station_name":"Banwol","nearest_station_name_ko":"반월","a":102,"c":104,"e":100,"g":112,"i":92,"k":111,"m":117,"o":102,"b":102,"d":104,"f":100,"h":112,"j":92,"l":111,"n":117,"p":102}},{"type":"Feature","geometry":{"type":"Polygon","coordinates":[[[126.87438,37.29752],[126.92413,37.29752],[126.89925,37.33168],[126.87438,37.29752]]]},"properties":{"row":-3,"col":4,"walk_min":21.1,"nearest_station_id":"kr_415","nearest_station_name":"Banwol","nearest_station_name_ko":"반월","a":84,"c":86,"e":81,"g":98,"i":70,"k":96,"m":106,"o":84,"b":84,"d":86,"f":81,"h":98,"j":70,"l":96,"n":106,"p":84}},{"type":"Feature","geometry":{"type":"Polygon","coordinates":[[[126.79975,37.53663],[126.8495,37.53663],[126.82463,37.57079],[126.79975,37.53663]]]},"properties":{"row":4,"col":2,"walk_min":11.3,"nearest_station_id":"kr_391","nearest_station_name":"Magok","nearest_station_name_ko":"마곡","a":47,"c":49,"e":56,"g":62,"i":52,"k":69,"m":71,"o":41,"b":47,"d":49,"f":56,"h":62,"j":52,"l":69,"n":71,"p":41}},{"type":"Feature","geometry":{"type":"Polygon","coordinates":[[[126.79975,37.53663],[126.82463,37.57079],[126.77488,37.57079],[126.79975,37.53663]]]},"properties":{"row":4,"col":1,"walk_min":22.5,"nearest_station_id":"kr_189","nearest_station_name":"Gimpo Int'l Airport","nearest_station_name_ko":"김포공항","a":62,"c":61,"e":69,"g":75,"i":65,"k":82,"m":83,"o":51,"b":62,"d":61,"f":69,"h":75,"j":65,"l":82,"n":83,"p":51}},{"type":"Feature","geometry":{"type":"Polygon","coordinates":[[[126.82463,37.63911],[126.87438,37.63911],[126.8495,37.67327],[126.82463,37.63911]]]},"properties":{"row":7,"col":2,"walk_min":17.8,"nearest_station_id":"kr_145","nearest_station_name":"Wondang","nearest_station_name_ko":"원당","a":66,"c":64,"e":83,"g":70,"i":86,"k":90,"m":79,"o":75,"b":66,"d":64,"f":83,"h":70,"j":86,"l":90,"n":79,"p":75}},{"type":"Feature","geometry":{"type":"Polygon","coordinates":[[[126.82463,37.63911],[126.8495,37.67327],[126.79975,37.67327],[126.82463,37.63911]]]},"properties":{"row":7,"col":1,"walk_min":18.6,"nearest_station_id":"kr_145","nearest_station_name":"Wondang","nearest_station_name_ko":"원당","a":68,"c":66,"e":85,"g":72,"i":88,"k":92,"m":81,"o":77,"b":68,"d":66,"f":85,"h":72,"j":88,"l":92,"n":81,"p":77}},{"type":"Feature","geometry":{"type":"Polygon","coordinates":[[[127.148,37.53663],[127.19775,37.53663],[127.17288,37.57079],[127.148,37.53663]]]},"properties":{"row":4,"col":16,"walk_min":15.0,"nearest_station_id":"kr_171","nearest_station_name":"Sangil-dong","nearest_station_name_ko":"상일동","a":64,"c":63,"e":51,"g":49,"i":62,"k":46,"m":56,"o":74,"b":64,"d":63,"f":51,"h":49,"j":62,"l":46,"n":56,"p":74}},{"type":"Feature","geometry":{"type":"Polygon","coordinates":[[[126.75,37.46832],[126.77488,37.50248],[126.72512,37.50248],[126.75,37.46832]]]},"properties":{"row":2,"col":-1,"walk_min":7.3,"nearest_station_id":"kr_159","nearest_station_name":"Songnae","nearest_station_name_ko":"송내","a":52,"c":55,"e":62,"g":67,"i":58,"k":75,"m":76,"o":49,"b":52,"d":55,"f":62,"h":67,"j":58,"l":75,"n":76,"p":49}},{"type":"Feature","geometry":{"type":"Polygon","coordinates":[[[126.79975,37.60495],[126.8495,37.60495],[126.82463,37.63911],[126.79975,37.60495]]]},"properties":{"row":6,"col":2,"walk_min":34.9,"nearest_station_id":"kr_198","nearest_station_name":"Daegok","nearest_station_name_ko":"대곡","a":90,"c":87,"e":104,"g":93,"i":107,"k":110,"m":101,"o":97,"b":90,"d":87,"f":104,"h":93,"j":107,"l":110,"n":101,"p":97}},{"type":"Feature","geometry":{"type":"Polygon","coordinates":[[[126.79975,37.60495],[126.82463,37.63911],[126.77488,37.63911],[126.79975,37.60495]]]},"properties":{"row":6,"col":1,"walk_min":26.7,"nearest_station_id":"kr_198","nearest_station_name":"Daegok","nearest_station_name_ko":"대곡","a":83,"c":80,"e":96,"g":86,"i":98,"k":101,"m":93,"o":90,"b":83,"d":80,"f":96,"h":86,"j":98,"l":101,"n":93,"p":90}},{"type":"Feature","geometry":{"type":"Polygon","coordinates":[[[126.77488,37.63911],[126.82463,37.63911],[126.79975,37.67327],[126.77488,37.63911]]]},"properties":{"row":7,"col":0,"walk_min":19.2,"nearest_station_id":"kr_228","nearest_station_name":"Baekseok","nearest_station_name_ko":"백석","a":78,"c":75,"e":95,"g":82,"i":98,"k":102,"m":91,"o":87,"b":78,"d":75,"f":95,"h":82,"j":98,"l":102,"n":91,"p":87}},{"type":"Feature","geometry":{"type":"Polygon","coordinates":[[[126.8495,37.60495],[126.87438,37.63911],[126.82463,37.63911],[126.8495,37.60495]]]},"properties":{"row":6,"col":3,"walk_min":24.7,"nearest_station_id":"kr_167","nearest_station_name":"Hwajeong","nearest_station_name_ko":"화정","a":76,"c":73,"e":93,"g":80,"i":96,"k":99,"m":89,"o":85,"b":76,"d":73,"f":93,"h":80,"j":96,"l":99,"n":89,"p":85}},{"type":"Feature","geometry":{"type":"Polygon","coordinates":[[[126.82463,37.29752],[126.8495,37.33168],[126.79975,37.33168],[126.82463,37.29752]]]},"properties":{"row":-3,"col":1,"walk_min":14.5,"nearest_station_id":"kr_426","nearest_station_name":"Gojan","nearest_station_name_ko":"고잔","a":90,"c":92,"e":86,"g":104,"i":76,"k":102,"m":112,"o":90,"b":90,"d":92,"f":86,"h":104,"j":76,"l":102,"n":112,"p":90}},{"type":"Feature","geometry":{"type":"Polygon","coordinates":[[[127.12313,37.43416],[127.148,37.46832],[127.09825,37.46832],[127.12313,37.43416]]]},"properties":{"row":1,"col":13,"walk_min":29.6,"nearest_station_id":"kr_146","nearest_station_name":"Bokjeong","nearest_station_name_ko":"복정","a":79,"c":81,"e":57,"g":71,"i":68,"k":52,"m":63,"o":87,"b":79,"d":81,"f":57,"h":71,"j":68,"l":52,"n":63,"p":87}},{"type":"Feature","geometry":{"type":"Polygon","coordinates":[[[127.12313,37.43416],[127.17288,37.43416],[127.148,37.46832],[127.12313,37.43416]]]},"properties":{"row":1,"col":14,"walk_min":11.5,"nearest_station_id":"kr_170","nearest_station_name":"Namwirye","nearest_station_name_ko":"남위례","a":68,"c":70,"e":46,"g":60,"i":57,"k":41,"m":52,"o":77,"b":68,"d":70,"f":46,"h":60,"j":57,"l":41,"n":52,"p":77}},{"type":"Feature","geometry":{"type":"Polygon","coordinates":[[[127.09825,37.33168],[127.12313,37.36584],[127.07338,37.36584],[127.09825,37.33168]]]},"properties":{"row":-2,"col":13,"walk_min":18.3,"nearest_station_id":"kr_202","nearest_station_name":"Dongcheon","nearest_station_name_ko":"동천","a":81,"c":83,"e":57,"g":81,"i":68,"k":72,"m":84,"o":90,"b":81,"d":83,"f":57,"h":81,"j":68,"l":72,"n":84,"p":90}},{"type":"Feature","geometry":{"type":"Polygon","coordinates":[[[127.09825,37.33168],[127.148,37.33168],[127.12313,37.36584],[127.09825,37.33168]]]},"properties":{"row":-2,"col":14,"walk_min":24.8,"nearest_station_id":"kr_172","nearest_station_name":"Migeum","nearest_station_name_ko":"미금","a":86,"c":88,"e":62,"g":86,"i":72,"k":77,"m":88,"o":94,"b":86,"d":88,"f":62,"h":86,"j":72,"l":77,"n":88,"p":94}},{"type":"Feature","geometry":{"type":"Polygon","coordinates":[[[126.949,37.60495],[126.97388,37.63911],[126.92413,37.63911],[126.949,37.60495]]]},"properties":{"row":6,"col":7,"walk_min":29.4,"nearest_station_id":"kr_409","nearest_station_name":"독바위","nearest_station_name_ko":"독바위","a":56,"c":53,"e":73,"g":60,"i":76,"k":80,"m":69,"o":65,"b":56,"d":53,"f":73,"h":60,"j":76,"l":80,"n":69,"p":65}},{"type":"Feature","geometry":{"type":"Polygon","coordinates":[[[126.92413,37.63911],[126.97388,37.63911],[126.949,37.67327],[126.92413,37.63911]]]},"properties":{"row":7,"col":6,"walk_min":40.7,"nearest_station_id":"kr_104","nearest_station_name":"Jichuk","nearest_station_name_ko":"지축","a":72,"c":70,"e":89,"g":76,"i":92,"k":96,"m":85,"o":81,"b":72,"d":70,"f":89,"h":76,"j":92,"l":96,"n":85,"p":81}},{"type":"Feature","geometry":{"type":"Polygon","coordinates":[[[127.0485,37.67327],[127.09825,37.67327],[127.07338,37.70743],[127.0485,37.67327]]]},"properties":{"row":8,"col":12,"walk_min":15.8,"nearest_station_id":"kr_262","nearest_station_name":"Buramsan","nearest_station_name_ko":"불암산","a":61,"c":59,"e":71,"g":57,"i":80,"k":76,"m":65,"o":70,"b":61,"d":59,"f":71,"h":57,"j":80,"l":76,"n":65,"p":70}},{"type":"Feature","geometry":{"type":"Polygon","coordinates":[[[127.07338,37.63911],[127.09825,37.67327],[127.0485,37.67327],[127.07338,37.63911]]]},"properties":{"row":7,"col":11,"walk_min":7.0,"nearest_station_id":"kr_229","nearest_station_name":"Sanggye","nearest_station_name_ko":"상계","a":47,"c":44,"e":58,"g":45,"i":66,"k":65,"m":54,"o":56,"b":47,"d":44,"f":58,"h":45,"j":66,"l":65,"n":54,"p":56}},{"type":"Feature","geometry":{"type":"Polygon","coordinates":[[[126.72512,37.50248],[126.77488,37.50248],[126.75,37.53663],[126.72512,37.50248]]]},"properties":{"row":3,"col":-2,"walk_min":12.3,"nearest_station_id":"kr_292","nearest_station_name":"상동","nearest_station_name_ko":"상동","a":59,"c":62,"e":69,"g":74,"i":65,"k":82,"m":83,"o":56,"b":59,"d":62,"f":69,"h":74,"j":65,"l":82,"n":83,"p":56}},{"type":"Feature","geometry":{"type":"Polygon","coordinates":[[[126.77488,37.50248],[126.79975,37.53663],[126.75,37.53663],[126.77488,37.50248]]]},"properties":{"row":3,"col":-1,"walk_min":25.8,"nearest_station_id":"kr_280","nearest_station_name":"부천시청","nearest_station_name_ko":"부천시청","a":69,"c":72,"e":79,"g":84,"i":75,"k":92,"m":93,"o":66,"b":69,"d":72,"f":79,"h":84,"j":75,"l":92,"n":93,"p":66}},{"type":"Feature","geometry":{"type":"Polygon","coordinates":[[[127.07338,37.63911],[127.12313,37.63911],[127.09825,37.67327],[127.07338,37.63911]]]},"properties":{"row":7,"col":12,"walk_min":14.3,"nearest_station_id":"kr_176","nearest_station_name":"공릉","nearest_station_name_ko":"공릉","a":60,"c":58,"e":67,"g":55,"i":75,"k":71,"m":64,"o":69,"b":60,"d":58,"f":67,"h":55,"j":75,"l":71,"n":64,"p":69}},{"type":"Feature","geometry":{"type":"Polygon","coordinates":[[[126.77488,37.29752],[126.82463,37.29752],[126.79975,37.33168],[126.77488,37.29752]]]},"properties":{"row":-3,"col":0,"walk_min":25.9,"nearest_station_id":"kr_230","nearest_station_name":"Choji","nearest_station_name_ko":"초지","a":103,"c":105,"e":100,"g":111,"i":89,"k":110,"m":115,"o":103,"b":103,"d":105,"f":100,"h":111,"j":89,"l":110,"n":115,"p":103}},{"type":"Feature","geometry":{"type":"Polygon","coordinates":[[[126.77488,37.29752],[126.79975,37.33168],[126.75,37.33168],[126.77488,37.29752]]]},"properties":{"row":-3,"col":-1,"walk_min":21.9,"nearest_station_id":"kr_263","nearest_station_name":"Ansan","nearest_station_name_ko":"안산","a":101,"c":104,"e":99,"g":112,"i":89,"k":111,"m":118,"o":101,"b":101,"d":104,"f":99,"h":112,"j":89,"l":111,"n":118,"p":101}},{"type":"Feature","geometry":{"type":"Polygon","coordinates":[[[127.12313,37.57079],[127.17288,37.57079],[127.148,37.60495],[127.12313,37.57079]]]},"properties":{"row":5,"col":14,"walk_min":15.9,"nearest_station_id":"kr_231","nearest_station_name":"Jangja Lake Park","nearest_station_name_ko":"장자호수공원","a":62,"c":61,"e":54,"g":47,"i":65,"k":49,"m":57,"o":72,"b":62,"d":61,"f":54,"h":47,"j":65,"l":49,"n":57,"p":72}},{"type":"Feature","geometry":{"type":"Polygon","coordinates":[[[127.12313,37.57079],[127.148,37.60495],[127.09825,37.60495],[127.12313,37.57079]]]},"properties":{"row":5,"col":13,"walk_min":15.0,"nearest_station_id":"kr_120","nearest_station_name":"사가정","nearest_station_name_ko":"사가정","a":56,"c":55,"e":56,"g":43,"i":64,"k":57,"m":53,"o":66,"b":56,"d":55,"f":56,"h":43,"j":64,"l":57,"n":53,"p":66}},{"type":"Feature","geometry":{"type":"Polygon","coordinates":[[[127.17288,37.43416],[127.19775,37.46832],[127.148,37.46832],[127.17288,37.43416]]]},"properties":{"row":1,"col":15,"walk_min":18.7,"nearest_station_id":"kr_232","nearest_station_name":"Namhansanseong","nearest_station_name_ko":"남한산성입구","a":75,"c":77,"e":53,"g":67,"i":64,"k":48,"m":59,"o":84,"b":75,"d":77,"f":53,"h":67,"j":64,"l":48,"n":59,"p":84}},{"type":"Feature","geometry":{"type":"Polygon","coordinates":[[[127.07338,37.29752],[127.09825,37.33168],[127.0485,37.33168],[127.07338,37.29752]]]},"properties":{"row":-3,"col":11,"walk_min":16.5,"nearest_station_id":"kr_233","nearest_station_name":"Suji-gu Office","nearest_station_name_ko":"수지구청","a":87,"c":89,"e":63,"g":87,"i":73,"k":78,"m":89,"o":95,"b":87,"d":89,"f":63,"h":87,"j":73,"l":78,"n":89,"p":95}},{"type":"Feature","geometry":{"type":"Polygon","coordinates":[[[127.07338,37.29752],[127.12313,37.29752],[127.09825,37.33168],[127.07338,37.29752]]]},"properties":{"row":-3,"col":12,"walk_min":22.1,"nearest_station_id":"kr_233","nearest_station_name":"Suji-gu Office","nearest_station_name_ko":"수지구청","a":92,"c":94,"e":68,"g":92,"i":78,"k":83,"m":94,"o":99,"b":92,"d":94,"f":68,"h":92,"j":78,"l":83,"n":94,"p":99}},{"type":"Feature","geometry":{"type":"Polygon","coordinates":[[[127.22263,37.36584],[127.2475,37.4],[127.19775,37.4],[127.22263,37.36584]]]},"properties":{"row":-1,"col":17,"walk_min":59.4,"nearest_station_id":"kr_237","nearest_station_name":"삼동","nearest_station_name_ko":"삼동","a":110,"c":110,"e":98,"g":110,"i":103,"k":105,"m":110,"o":113,"b":110,"d":110,"f":98,"h":110,"j":103,"l":105,"n":110,"p":113}},{"type":"Feature","geometry":{"type":"Polygon","coordinates":[[[127.19775,37.4],[127.2475,37.4],[127.22263,37.43416],[127.19775,37.4]]]},"properties":{"row":0,"col":18,"walk_min":37.0,"nearest_station_id":"kr_237","nearest_station_name":"삼동","nearest_station_name_ko":"삼동","a":104,"c":105,"e":82,"g":104,"i":91,"k":96,"m":105,"o":109,"b":104,"d":105,"f":82,"h":104,"j":91,"l":96,"n":105,"p":109}},{"type":"Feature","geometry":{"type":"Polygon","coordinates":[[[126.97388,37.43416],[126.99875,37.46832],[126.949,37.46832],[126.97388,37.43416]]]},"properties":{"row":1,"col":7,"walk_min":24.9,"nearest_station_id":"kr_247","nearest_station_name":"Namtaeryeong","nearest_station_name_ko":"남태령","a":49,"c":52,"e":40,"g":63,"i":29,"k":55,"m":66,"o":58,"b":49,"d":52,"f":40,"h":63,"j":29,"l":55,"n":66,"p":58}},{"type":"Feature","geometry":{"type":"Polygon","coordinates":[[[126.97388,37.43416],[127.02363,37.43416],[126.99875,37.46832],[126.97388,37.43416]]]},"properties":{"row":1,"col":8,"walk_min":14.0,"nearest_station_id":"kr_281","nearest_station_name":"Seonbawi","nearest_station_name_ko":"선바위","a":43,"c":45,"e":33,"g":56,"i":23,"k":49,"m":60,"o":51,"b":43,"d":45,"f":33,"h":56,"j":23,"l":49,"n":60,"p":51}},{"type":"Feature","geometry":{"type":"Polygon","coordinates":[[[126.62562,37.43416],[126.67537,37.43416],[126.6505,37.46832],[126.62562,37.43416]]]},"properties":{"row":1,"col":-6,"walk_min":39.8,"nearest_station_id":"kr_457","nearest_station_name":"Dowon","nearest_station_name_ko":"도원","a":99,"c":101,"e":106,"g":108,"i":103,"k":113,"m":113,"o":97,"b":99,"d":101,"f":106,"h":108,"j":103,"l":113,"n":113,"p":97}},{"type":"Feature","geometry":{"type":"Polygon","coordinates":[[[126.67537,37.43416],[126.70025,37.46832],[126.6505,37.46832],[126.67537,37.43416]]]},"properties":{"row":1,"col":-5,"walk_min":16.8,"nearest_station_id":"kr_456","nearest_station_name":"Dohwa","nearest_station_name_ko":"도화","a":75,"c":77,"e":84,"g":89,"i":80,"k":98,"m":98,"o":71,"b":75,"d":77,"f":84,"h":89,"j":80,"l":98,"n":98,"p":71}},{"type":"Feature","geometry":{"type":"Polygon","coordinates":[[[126.949,37.4],[126.97388,37.43416],[126.92413,37.43416],[126.949,37.4]]]},"properties":{"row":0,"col":7,"walk_min":36.8,"nearest_station_id":"kr_367","nearest_station_name":"Government Complex Gwacheon","nearest_station_name_ko":"정부과천청사","a":73,"c":76,"e":71,"g":87,"i":62,"k":85,"m":93,"o":79,"b":73,"d":76,"f":71,"h":87,"j":62,"l":85,"n":93,"p":79}},{"type":"Feature","geometry":{"type":"Polygon","coordinates":[[[126.949,37.4],[126.99875,37.4],[126.97388,37.43416],[126.949,37.4]]]},"properties":{"row":0,"col":8,"walk_min":15.8,"nearest_station_id":"kr_325","nearest_station_name":"Indeogwon","nearest_station_name_ko":"인덕원","a":57,"c":60,"e":48,"g":70,"i":37,"k":63,"m":74,"o":65,"b":57,"d":60,"f":48,"h":70,"j":37,"l":63,"n":74,"p":65}},{"type":"Feature","geometry":{"type":"Polygon","coordinates":[[[126.70025,37.46832],[126.72512,37.50248],[126.67537,37.50248],[126.70025,37.46832]]]},"properties":{"row":2,"col":-3,"walk_min":9.3,"nearest_station_id":"kr_378","nearest_station_name":"Dongam","nearest_station_name_ko":"동암","a":63,"c":66,"e":73,"g":78,"i":69,"k":86,"m":87,"o":60,"b":63,"d":66,"f":73,"h":78,"j":69,"l":86,"n":87,"p":60}},{"type":"Feature","geometry":{"type":"Polygon","coordinates":[[[126.67537,37.50248],[126.72512,37.50248],[126.70025,37.53663],[126.67537,37.50248]]]},"properties":{"row":3,"col":-4,"walk_min":16.2,"nearest_station_id":"kr_258","nearest_station_name":"Sangok","nearest_station_name_ko":"산곡","a":72,"c":75,"e":82,"g":87,"i":78,"k":95,"m":96,"o":69,"b":72,"d":75,"f":82,"h":87,"j":78,"l":95,"n":96,"p":69}},{"type":"Feature","geometry":{"type":"Polygon","coordinates":[[[126.77488,37.63911],[126.79975,37.67327],[126.75,37.67327],[126.77488,37.63911]]]},"properties":{"row":7,"col":-1,"walk_min":8.9,"nearest_station_id":"kr_302","nearest_station_name":"Jeongbalsan","nearest_station_name_ko":"정발산","a":74,"c":71,"e":91,"g":78,"i":94,"k":98,"m":87,"o":83,"b":74,"d":71,"f":91,"h":78,"j":94,"l":98,"n":87,"p":83}},{"type":"Feature","geometry":{"type":"Polygon","coordinates":[[[127.09825,37.60495],[127.148,37.60495],[127.12313,37.63911],[127.09825,37.60495]]]},"properties":{"row":6,"col":14,"walk_min":14.6,"nearest_station_id":"kr_468","nearest_station_name":"Sinnae","nearest_station_name_ko":"신내","a":63,"c":62,"e":62,"g":52,"i":72,"k":62,"m":62,"o":73,"b":63,"d":62,"f":62,"h":52,"j":72,"l":62,"n":62,"p":73}},{"type":"Feature","geometry":{"type":"Polygon","coordinates":[[[127.148,37.60495],[127.17288,37.63911],[127.12313,37.63911],[127.148,37.60495]]]},"properties":{"row":6,"col":15,"walk_min":16.7,"nearest_station_id":"kr_438","nearest_station_name":"Byeollae","nearest_station_name_ko":"별내","a":74,"c":73,"e":66,"g":59,"i":77,"k":61,"m":68,"o":84,"b":74,"d":73,"f":66,"h":59,"j":77,"l":61,"n":68,"p":84}},{"type":"Feature","geometry":{"type":"Polygon","coordinates":[[[127.02363,37.43416],[127.0485,37.46832],[126.99875,37.46832],[127.02363,37.43416]]]},"properties":{"row":1,"col":9,"walk_min":14.6,"nearest_station_id":"kr_040","nearest_station_name":"Cheonggyesan","nearest_station_name_ko":"청계산입구","a":47,"c":49,"e":29,"g":53,"i":31,"k":45,"m":56,"o":56,"b":47,"d":49,"f":29,"h":53,"j":31,"l":45,"n":56,"p":56}},{"type":"Feature","geometry":{"type":"Polygon","coordinates":[[[126.72512,37.50248],[126.75,37.53663],[126.70025,37.53663],[126.72512,37.50248]]]},"properties":{"row":3,"col":-3,"walk_min":23.9,"nearest_station_id":"kr_287","nearest_station_name":"Bupyeong-gu Office","nearest_station_name_ko":"부평구청","a":77,"c":80,"e":87,"g":92,"i":83,"k":100,"m":101,"o":74,"b":77,"d":80,"f":87,"h":92,"j":83,"l":100,"n":101,"p":74}},{"type":"Feature","geometry":{"type":"Polygon","coordinates":[[[126.87438,37.57079],[126.92413,37.57079],[126.89925,37.60495],[126.87438,37.57079]]]},"properties":{"row":5,"col":4,"walk_min":12.0,"nearest_station_id":"kr_339","nearest_station_name":"증산","nearest_station_name_ko":"증산","a":40,"c":40,"e":54,"g":48,"i":51,"k":66,"m":57,"o":49,"b":40,"d":40,"f":54,"h":48,"j":51,"l":66,"n":57,"p":49}},{"type":"Feature","geometry":{"type":"Polygon","coordinates":[[[127.19775,37.53663],[127.2475,37.53663],[127.22263,37.57079],[127.19775,37.53663]]]},"properties":{"row":4,"col":18,"walk_min":24.1,"nearest_station_id":"kr_301","nearest_station_name":"하남풍산","nearest_station_name_ko":"하남풍산","a":81,"c":80,"e":71,"g":66,"i":82,"k":66,"m":76,"o":91,"b":81,"d":80,"f":71,"h":66,"j":82,"l":66,"n":76,"p":91}},{"type":"Feature","geometry":{"type":"Polygon","coordinates":[[[127.19775,37.53663],[127.22263,37.57079],[127.17288,37.57079],[127.19775,37.53663]]]},"properties":{"row":4,"col":17,"walk_min":12.3,"nearest_station_id":"kr_332","nearest_station_name":"미사","nearest_station_name_ko":"미사","a":66,"c":65,"e":56,"g":51,"i":67,"k":51,"m":60,"o":76,"b":66,"d":65,"f":56,"h":51,"j":67,"l":51,"n":60,"p":76}},{"type":"Feature","geometry":{"type":"Polygon","coordinates":[[[127.0485,37.26337],[127.07338,37.29752],[127.02363,37.29752],[127.0485,37.26337]]]},"properties":{"row":-4,"col":11,"walk_min":31.2,"nearest_station_id":"kr_307","nearest_station_name":"Sanghyeon","nearest_station_name_ko":"상현","a":109,"c":109,"e":87,"g":109,"i":97,"k":102,"m":110,"o":112,"b":109,"d":109,"f":87,"h":109,"j":97,"l":102,"n":110,"p":112}},{"type":"Feature","geometry":{"type":"Polygon","coordinates":[[[127.02363,37.29752],[127.07338,37.29752],[127.0485,37.33168],[127.02363,37.29752]]]},"properties":{"row":-3,"col":10,"walk_min":33.8,"nearest_station_id":"kr_444","nearest_station_name":"Gwanggyo","nearest_station_name_ko":"광교","a":105,"c":106,"e":88,"g":106,"i":96,"k":100,"m":107,"o":110,"b":105,"d":106,"f":88,"h":106,"j":96,"l":100,"n":107,"p":110}},{"type":"Feature","geometry":{"type":"Polygon","coordinates":[[[127.0485,37.26337],[127.09825,37.26337],[127.07338,37.29752],[127.0485,37.26337]]]},"properties":{"row":-4,"col":12,"walk_min":39.9,"nearest_station_id":"kr_307","nearest_station_name":"Sanghyeon","nearest_station_name_ko":"상현","a":114,"c":114,"e":93,"g":114,"i":103,"k":108,"m":114,"o":116,"b":114,"d":114,"f":93,"h":114,"j":103,"l":108,"n":114,"p":116}},{"type":"Feature","geometry":{"type":"Polygon","coordinates":[[[127.12313,37.63911],[127.148,37.67327],[127.09825,37.67327],[127.12313,37.63911]]]},"properties":{"row":7,"col":13,"walk_min":17.9,"nearest_station_id":"kr_310","nearest_station_name":"Byeollaebyeolgaram","nearest_station_name_ko":"별내별가람","a":69,"c":67,"e":78,"g":66,"i":86,"k":84,"m":75,"o":78,"b":69,"d":67,"f":78,"h":66,"j":86,"l":84,"n":75,"p":78}},{"type":"Feature","geometry":{"type":"Polygon","coordinates":[[[126.8495,37.60495],[126.89925,37.60495],[126.87438,37.63911],[126.8495,37.60495]]]},"properties":{"row":6,"col":4,"walk_min":41.8,"nearest_station_id":"kr_390","nearest_station_name":"구산","nearest_station_name_ko":"구산","a":79,"c":76,"e":96,"g":83,"i":97,"k":102,"m":92,"o":88,"b":79,"d":76,"f":96,"h":83,"j":97,"l":102,"n":92,"p":88}},{"type":"Feature","geometry":{"type":"Polygon","coordinates":[[[126.89925,37.60495],[126.92413,37.63911],[126.87438,37.63911],[126.89925,37.60495]]]},"properties":{"row":6,"col":5,"walk_min":14.6,"nearest_station_id":"kr_188","nearest_station_name":"Gupabal","nearest_station_name_ko":"구파발","a":49,"c":46,"e":66,"g":52,"i":68,"k":72,"m":61,"o":57,"b":49,"d":46,"f":66,"h":52,"j":68,"l":72,"n":61,"p":57}},{"type":"Feature","geometry":{"type":"Polygon","coordinates":[[[126.60075,37.46832],[126.6505,37.46832],[126.62562,37.50248],[126.60075,37.46832]]]},"properties":{"row":2,"col":-6,"walk_min":14.7,"nearest_station_id":"kr_458","nearest_station_name":"Incheon","nearest_station_name_ko":"인천","a":79,"c":82,"e":88,"g":93,"i":84,"k":101,"m":101,"o":76,"b":79,"d":82,"f":88,"h":93,"j":84,"l":101,"n":101,"p":76}},{"type":"Feature","geometry":{"type":"Polygon","coordinates":[[[126.6505,37.46832],[126.67537,37.50248],[126.62562,37.50248],[126.6505,37.46832]]]},"properties":{"row":2,"col":-5,"walk_min":27.2,"nearest_station_id":"kr_457","nearest_station_name":"Dowon","nearest_station_name_ko":"도원","a":90,"c":92,"e":97,"g":101,"i":95,"k":106,"m":107,"o":86,"b":90,"d":92,"f":97,"h":101,"j":95,"l":106,"n":107,"p":86}},{"type":"Feature","geometry":{"type":"Polygon","coordinates":[[[126.6505,37.46832],[126.70025,37.46832],[126.67537,37.50248],[126.6505,37.46832]]]},"properties":{"row":2,"col":-4,"walk_min":16.3,"nearest_station_id":"kr_456","nearest_station_name":"Dohwa","nearest_station_name_ko":"도화","a":74,"c":76,"e":83,"g":88,"i":79,"k":97,"m":97,"o":70,"b":74,"d":76,"f":83,"h":88,"j":79,"l":97,"n":97,"p":70}},{"type":"Feature","geometry":{"type":"Polygon","coordinates":[[[126.99875,37.4],[127.02363,37.43416],[126.97388,37.43416],[126.99875,37.4]]]},"properties":{"row":0,"col":9,"walk_min":17.7,"nearest_station_id":"kr_346","nearest_station_name":"Seoul Grand park","nearest_station_name_ko":"대공원","a":52,"c":55,"e":43,"g":65,"i":32,"k":58,"m":69,"o":60,"b":52,"d":55,"f":43,"h":65,"j":32,"l":58,"n":69,"p":60}},{"type":"Feature","geometry":{"type":"Polygon","coordinates":[[[126.99875,37.4],[127.0485,37.4],[127.02363,37.43416],[126.99875,37.4]]]},"properties":{"row":0,"col":10,"walk_min":51.6,"nearest_station_id":"kr_346","nearest_station_name":"Seoul Grand park","nearest_station_name_ko":"대공원","a":87,"c":90,"e":78,"g":100,"i":67,"k":93,"m":103,"o":95,"b":87,"d":90,"f":78,"h":100,"j":67,"l":93,"n":103,"p":95}},{"type":"Feature","geometry":{"type":"Polygon","coordinates":[[[126.72512,37.63911],[126.77488,37.63911],[126.75,37.67327],[126.72512,37.63911]]]},"properties":{"row":7,"col":-2,"walk_min":50.6,"nearest_station_id":"kr_350","nearest_station_name":"Juyeop","nearest_station_name_ko":"주엽","a":98,"c":97,"e":109,"g":101,"i":111,"k":113,"m":106,"o":104,"b":98,"d":97,"f":109,"h":101,"j":111,"l":113,"n":106,"p":104}},{"type":"Feature","geometry":{"type":"Polygon","coordinates":[[[126.72512,37.63911],[126.75,37.67327],[126.70025,37.67327],[126.72512,37.63911]]]},"properties":{"row":7,"col":-3,"walk_min":49.9,"nearest_station_id":"kr_424","nearest_station_name":"Daehwa","nearest_station_name_ko":"대화","a":105,"c":103,"e":117,"g":108,"i":118,"k":118,"m":116,"o":113,"b":105,"d":103,"f":117,"h":108,"j":118,"l":118,"n":116,"p":113}},{"type":"Feature","geometry":{"type":"Polygon","coordinates":[[[126.70025,37.33168],[126.75,37.33168],[126.72512,37.36584],[126.70025,37.33168]]]},"properties":{"row":-2,"col":-2,"walk_min":21.9,"nearest_station_id":"kr_351","nearest_station_name":"Jeongwang","nearest_station_name_ko":"정왕","a":112,"c":115,"e":109,"g":119,"i":98,"k":119,"m":120,"o":113,"b":112,"d":115,"f":109,"h":119,"j":98,"l":119,"n":120,"p":113}},{"type":"Feature","geometry":{"type":"Polygon","coordinates":[[[126.75,37.33168],[126.77488,37.36584],[126.72512,37.36584],[126.75,37.33168]]]},"properties":{"row":-2,"col":-1,"walk_min":12.3,"nearest_station_id":"kr_351","nearest_station_name":"Jeongwang","nearest_station_name_ko":"정왕","a":102,"c":105,"e":99,"g":116,"i":88,"k":113,"m":120,"o":103,"b":102,"d":105,"f":99,"h":116,"j":88,"l":113,"n":120,"p":103}},{"type":"Feature","geometry":{"type":"Polygon","coordinates":[[[126.75,37.33168],[126.79975,37.33168],[126.77488,37.36584],[126.75,37.33168]]]},"properties":{"row":-2,"col":0,"walk_min":20.7,"nearest_station_id":"kr_427","nearest_station_name":"Singiloncheon","nearest_station_name_ko":"신길온천","a":106,"c":108,"e":103,"g":119,"i":93,"k":117,"m":120,"o":106,"b":106,"d":108,"f":103,"h":119,"j":93,"l":117,"n":120,"p":106}},{"type":"Feature","geometry":{"type":"Polygon","coordinates":[[[127.12313,37.63911],[127.17288,37.63911],[127.148,37.67327],[127.12313,37.63911]]]},"properties":{"row":7,"col":14,"walk_min":27.6,"nearest_station_id":"kr_438","nearest_station_name":"Byeollae","nearest_station_name_ko":"별내","a":84,"c":82,"e":83,"g":74,"i":92,"k":82,"m":83,"o":92,"b":84,"d":82,"f":83,"h":74,"j":92,"l":82,"n":83,"p":92}},{"type":"Feature","geometry":{"type":"Polygon","coordinates":[[[126.77488,37.57079],[126.82463,37.57079],[126.79975,37.60495],[126.77488,37.57079]]]},"properties":{"row":5,"col":0,"walk_min":18.3,"nearest_station_id":"kr_429","nearest_station_name":"Gaehwa","nearest_station_name_ko":"개화","a":63,"c":61,"e":69,"g":74,"i":65,"k":81,"m":83,"o":51,"b":63,"d":61,"f":69,"h":74,"j":65,"l":81,"n":83,"p":51}},{"type":"Feature","geometry":{"type":"Polygon","coordinates":[[[127.17288,37.50248],[127.22263,37.50248],[127.19775,37.53663],[127.17288,37.50248]]]},"properties":{"row":3,"col":16,"walk_min":55.2,"nearest_station_id":"kr_440","nearest_station_name":"Macheon","nearest_station_name_ko":"마천","a":106,"c":105,"e":93,"g":95,"i":101,"k":89,"m":97,"o":113,"b":106,"d":105,"f":93,"h":95,"j":101,"l":89,"n":97,"p":113}},{"type":"Feature","geometry":{"type":"Polygon","coordinates":[[[127.22263,37.50248],[127.2475,37.53663],[127.19775,37.53663],[127.22263,37.50248]]]},"properties":{"row":3,"col":17,"walk_min":48.8,"nearest_station_id":"kr_469","nearest_station_name":"Hanam Geomdansan","nearest_station_name_ko":"하남검단산","a":104,"c":103,"e":96,"g":93,"i":104,"k":93,"m":100,"o":111,"b":104,"d":103,"f":96,"h":93,"j":104,"l":93,"n":100,"p":111}},{"type":"Feature","geometry":{"type":"Polygon","coordinates":[[[127.19775,37.67327],[127.22263,37.70743],[127.17288,37.70743],[127.19775,37.67327]]]},"properties":{"row":8,"col":17,"walk_min":23.1,"nearest_station_id":"kr_361","nearest_station_name":"Onam","nearest_station_name_ko":"오남","a":88,"c":86,"e":100,"g":86,"i":107,"k":107,"m":95,"o":97,"b":88,"d":86,"f":100,"h":86,"j":107,"l":107,"n":95,"p":97}},{"type":"Feature","geometry":{"type":"Polygon","coordinates":[[[127.17288,37.70743],[127.22263,37.70743],[127.19775,37.74159],[127.17288,37.70743]]]},"properties":{"row":9,"col":16,"walk_min":18.6,"nearest_station_id":"kr_470","nearest_station_name":"Jinjeop","nearest_station_name_ko":"진접","a":85,"c":83,"e":97,"g":83,"i":104,"k":103,"m":92,"o":94,"b":85,"d":83,"f":97,"h":83,"j":104,"l":103,"n":92,"p":94}},{"type":"Feature","geometry":{"type":"Polygon","coordinates":[[[127.17288,37.70743],[127.19775,37.74159],[127.148,37.74159],[127.17288,37.70743]]]},"properties":{"row":9,"col":15,"walk_min":54.4,"nearest_station_id":"kr_470","nearest_station_name":"Jinjeop","nearest_station_name_ko":"진접","a":108,"c":107,"e":115,"g":107,"i":118,"k":118,"m":112,"o":114,"b":108,"d":107,"f":115,"h":107,"j":118,"l":118,"n":112,"p":114}},{"type":"Feature","geometry":{"type":"Polygon","coordinates":[[[127.02363,37.16089],[127.0485,37.19505],[126.99875,37.19505],[127.02363,37.16089]]]},"properties":{"row":-7,"col":9,"walk_min":31.9,"nearest_station_id":"kr_388","nearest_station_name":"Sema","nearest_station_name_ko":"세마","a":112,"c":113,"e":110,"g":120,"i":104,"k":118,"m":120,"o":112,"b":112,"d":113,"f":110,"h":120,"j":104,"l":118,"n":120,"p":112}},{"type":"Feature","geometry":{"type":"Polygon","coordinates":[[[127.02363,37.16089],[127.07338,37.16089],[127.0485,37.19505],[127.02363,37.16089]]]},"properties":{"row":-7,"col":10,"walk_min":50.1,"nearest_station_id":"kr_416","nearest_station_name":"Osan College","nearest_station_name_ko":"오산대","a":115,"c":116,"e":115,"g":120,"i":111,"k":119,"m":120,"o":116,"b":115,"d":116,"f":115,"h":120,"j":111,"l":119,"n":120,"p":116}},{"type":"Feature","geometry":{"type":"Polygon","coordinates":[[[126.89925,37.4],[126.92413,37.43416],[126.87438,37.43416],[126.89925,37.4]]]},"properties":{"row":0,"col":5,"walk_min":13.0,"nearest_station_id":"kr_413","nearest_station_name":"Gwanak","nearest_station_name_ko":"관악","a":49,"c":52,"e":59,"g":63,"i":54,"k":72,"m":73,"o":50,"b":46,"d":49,"f":59,"h":61,"j":54,"l":72,"n":70,"p":50}},{"type":"Feature","geometry":{"type":"Polygon","coordinates":[[[126.70025,37.67327],[126.75,37.67327],[126.72512,37.70743],[126.70025,37.67327]]]},"properties":{"row":8,"col":-2,"walk_min":32.6,"nearest_station_id":"kr_424","nearest_station_name":"Daehwa","nearest_station_name_ko":"대화","a":102,"c":101,"e":117,"g":106,"i":118,"k":118,"m":113,"o":110,"b":102,"d":101,"f":117,"h":106,"j":118,"l":118,"n":113,"p":110}},{"type":"Feature","geometry":{"type":"Polygon","coordinates":[[[126.75,37.67327],[126.77488,37.70743],[126.72512,37.70743],[126.75,37.67327]]]},"properties":{"row":8,"col":-1,"walk_min":33.0,"nearest_station_id":"kr_424","nearest_station_name":"Daehwa","nearest_station_name_ko":"대화","a":101,"c":100,"e":110,"g":103,"i":112,"k":114,"m":108,"o":106,"b":101,"d":100,"f":110,"h":103,"j":112,"l":114,"n":108,"p":106}},{"type":"Feature","geometry":{"type":"Polygon","coordinates":[[[126.75,37.67327],[126.79975,37.67327],[126.77488,37.70743],[126.75,37.67327]]]},"properties":{"row":8,"col":0,"walk_min":30.5,"nearest_station_id":"kr_350","nearest_station_name":"Juyeop","nearest_station_name_ko":"주엽","a":99,"c":97,"e":113,"g":102,"i":115,"k":119,"m":110,"o":106,"b":99,"d":97,"f":113,"h":102,"j":115,"l":119,"n":110,"p":106}},{"type":"Feature","geometry":{"type":"Polygon","coordinates":[[[126.82463,37.29752],[126.87438,37.29752],[126.8495,37.33168],[126.82463,37.29752]]]},"properties":{"row":-3,"col":2,"walk_min":17.9,"nearest_station_id":"kr_168","nearest_station_name":"Jungang","nearest_station_name_ko":"중앙","a":88,"c":90,"e":85,"g":102,"i":74,"k":100,"m":110,"o":88,"b":88,"d":90,"f":85,"h":102,"j":74,"l":100,"n":110,"p":88}},{"type":"Feature","geometry":{"type":"Polygon","coordinates":[[[126.79975,37.33168],[126.82463,37.36584],[126.77488,37.36584],[126.79975,37.33168]]]},"properties":{"row":-2,"col":1,"walk_min":39.9,"nearest_station_id":"kr_263","nearest_station_name":"Ansan","nearest_station_name_ko":"안산","a":118,"c":119,"e":118,"g":120,"i":107,"k":120,"m":120,"o":118,"b":118,"d":119,"f":118,"h":120,"j":107,"l":120,"n":120,"p":118}},{"type":"Feature","geometry":{"type":"Polygon","coordinates":[[[126.72512,37.36584],[126.77488,37.36584],[126.75,37.4],[126.72512,37.36584]]]},"properties":{"row":-1,"col":-2,"walk_min":34.7,"nearest_station_id":"kr_428","nearest_station_name":"Oido","nearest_station_name_ko":"오이도","a":119,"c":120,"e":117,"g":120,"i":110,"k":120,"m":120,"o":120,"b":119,"d":120,"f":117,"h":120,"j":110,"l":120,"n":120,"p":120}},{"type":"Feature","geometry":{"type":"Polygon","coordinates":[[[127.148,37.46832],[127.19775,37.46832],[127.17288,37.50248],[127.148,37.46832]]]},"properties":{"row":2,"col":16,"walk_min":33.0,"nearest_station_id":"kr_440","nearest_station_name":"Macheon","nearest_station_name_ko":"마천","a":84,"c":83,"e":63,"g":70,"i":73,"k":58,"m":69,"o":93,"b":84,"d":83,"f":63,"h":70,"j":73,"l":58,"n":69,"p":93}},{"type":"Feature","geometry":{"type":"Polygon","coordinates":[[[127.17288,37.50248],[127.19775,37.53663],[127.148,37.53663],[127.17288,37.50248]]]},"properties":{"row":3,"col":15,"walk_min":26.1,"nearest_station_id":"kr_437","nearest_station_name":"VHS Medical Center","nearest_station_name_ko":"보훈병원","a":76,"c":75,"e":59,"g":62,"i":70,"k":54,"m":64,"o":86,"b":76,"d":75,"f":59,"h":62,"j":70,"l":54,"n":64,"p":86}},{"type":"Feature","geometry":{"type":"Polygon","coordinates":[[[126.8495,37.4],[126.89925,37.4],[126.87438,37.43416],[126.8495,37.4]]]},"properties":{"row":0,"col":4,"walk_min":31.9,"nearest_station_id":"kr_442","nearest_station_name":"Gwangmyeong","nearest_station_name_ko":"광명","a":67,"c":70,"e":77,"g":81,"i":73,"k":90,"m":91,"o":68,"b":57,"d":60,"f":77,"h":72,"j":73,"l":90,"n":81,"p":68}},{"type":"Feature","geometry":{"type":"Polygon","coordinates":[[[126.82463,37.43416],[126.87438,37.43416],[126.8495,37.46832],[126.82463,37.43416]]]},"properties":{"row":1,"col":2,"walk_min":43.0,"nearest_station_id":"kr_256","nearest_station_name":"Cheolsan","nearest_station_name_ko":"철산","a":80,"c":83,"e":85,"g":93,"i":86,"k":96,"m":101,"o":79,"b":75,"d":78,"f":85,"h":89,"j":86,"l":96,"n":98,"p":79}},{"type":"Feature","geometry":{"type":"Polygon","coordinates":[[[127.02363,37.29752],[127.0485,37.33168],[126.99875,37.33168],[127.02363,37.29752]]]},"properties":{"row":-3,"col":9,"walk_min":57.7,"nearest_station_id":"kr_444","nearest_station_name":"Gwanggyo","nearest_station_name_ko":"광교","a":120,"c":120,"e":117,"g":120,"i":119,"k":120,"m":120,"o":120,"b":120,"d":120,"f":117,"h":120,"j":119,"l":120,"n":120,"p":120}},{"type":"Feature","geometry":{"type":"Polygon","coordinates":[[[127.07338,37.77575],[127.09825,37.8099],[127.0485,37.8099],[127.07338,37.77575]]]},"properties":{"row":11,"col":11,"walk_min":35.5,"nearest_station_id":"kr_092","nearest_station_name":"Yangju","nearest_station_name_ko":"양주","a":101,"c":100,"e":109,"g":100,"i":113,"k":108,"m":101,"o":107,"b":101,"d":100,"f":109,"h":100,"j":113,"l":108,"n":101,"p":107}},{"type":"Feature","geometry":{"type":"Polygon","coordinates":[[[127.0485,37.8099],[127.07338,37.84406],[127.02363,37.84406],[127.0485,37.8099]]]},"properties":{"row":12,"col":11,"walk_min":64.5,"nearest_station_id":"kr_119","nearest_station_name":"Deokjeong (Seojeong College)","nearest_station_name_ko":"덕정(서정대학)","a":109,"c":108,"e":113,"g":108,"i":116,"k":113,"m":109,"o":112,"b":109,"d":108,"f":113,"h":108,"j":116,"l":113,"n":109,"p":112}},{"type":"Feature","geometry":{"type":"Polygon","coordinates":[[[127.0485,37.8099],[127.09825,37.8099],[127.07338,37.84406],[127.0485,37.8099]]]},"properties":{"row":12,"col":12,"walk_min":40.9,"nearest_station_id":"kr_447","nearest_station_name":"Deokgye","nearest_station_name_ko":"덕계","a":104,"c":103,"e":109,"g":103,"i":113,"k":109,"m":104,"o":108,"b":104,"d":103,"f":109,"h":103,"j":113,"l":109,"n":104,"p":108}},{"type":"Feature","geometry":{"type":"Polygon","coordinates":[[[126.67537,37.43416],[126.72512,37.43416],[126.70025,37.46832],[126.67537,37.43416]]]},"properties":{"row":1,"col":-4,"walk_min":37.6,"nearest_station_id":"kr_455","nearest_station_name":"Ganseok","nearest_station_name_ko":"간석","a":92,"c":94,"e":100,"g":103,"i":97,"k":107,"m":108,"o":89,"b":92,"d":94,"f":100,"h":103,"j":97,"l":107,"n":108,"p":89}},{"type":"Feature","geometry":{"type":"Polygon","coordinates":[[[126.72512,37.43416],[126.75,37.46832],[126.70025,37.46832],[126.72512,37.43416]]]},"properties":{"row":1,"col":-3,"walk_min":34.1,"nearest_station_id":"kr_378","nearest_station_name":"Dongam","nearest_station_name_ko":"동암","a":86,"c":89,"e":96,"g":100,"i":91,"k":109,"m":110,"o":83,"b":86,"d":89,"f":96,"h":100,"j":91,"l":109,"n":110,"p":83}},{"type":"Feature","geometry":{"type":"Polygon","coordinates":[[[126.60075,37.46832],[126.62562,37.50248],[126.57587,37.50248],[126.60075,37.46832]]]},"properties":{"row":2,"col":-7,"walk_min":59.6,"nearest_station_id":"kr_458","nearest_station_name":"Incheon","nearest_station_name_ko":"인천","a":106,"c":107,"e":110,"g":113,"i":108,"k":117,"m":117,"o":104,"b":106,"d":107,"f":110,"h":113,"j":108,"l":117,"n":117,"p":104}},{"type":"Feature","geometry":{"type":"Polygon","coordinates":[[[126.87438,37.36584],[126.92413,37.36584],[126.89925,37.4],[126.87438,37.36584]]]},"properties":{"row":-1,"col":4,"walk_min":44.4,"nearest_station_id":"kr_459","nearest_station_name":"Myeonghak","nearest_station_name_ko":"명학","a":85,"c":88,"e":90,"g":99,"i":82,"k":103,"m":106,"o":86,"b":82,"d":85,"f":90,"h":97,"j":82,"l":103,"n":106,"p":86}},{"type":"Feature","geometry":{"type":"Polygon","coordinates":[[[126.97388,37.22921],[127.02363,37.22921],[126.99875,37.26337],[126.97388,37.22921]]]},"properties":{"row":-5,"col":8,"walk_min":27.5,"nearest_station_id":"kr_462","nearest_station_name":"Seryu","nearest_station_name_ko":"세류","a":101,"c":103,"e":99,"g":111,"i":91,"k":109,"m":116,"o":102,"b":101,"d":103,"f":99,"h":111,"j":91,"l":109,"n":116,"p":102}},{"type":"Feature","geometry":{"type":"Polygon","coordinates":[[[127.07338,37.16089],[127.09825,37.19505],[127.0485,37.19505],[127.07338,37.16089]]]},"properties":{"row":-7,"col":11,"walk_min":31.6,"nearest_station_id":"kr_466","nearest_station_name":"Seodongtan","nearest_station_name_ko":"서동탄","a":112,"c":113,"e":111,"g":119,"i":106,"k":118,"m":120,"o":112,"b":112,"d":113,"f":111,"h":119,"j":106,"l":118,"n":120,"p":112}},{"type":"Feature","geometry":{"type":"Polygon","coordinates":[[[127.0485,37.19505],[127.09825,37.19505],[127.07338,37.22921],[127.0485,37.19505]]]},"properties":{"row":-6,"col":12,"walk_min":38.8,"nearest_station_id":"kr_466","nearest_station_name":"Seodongtan","nearest_station_name_ko":"서동탄","a":117,"c":117,"e":116,"g":119,"i":111,"k":119,"m":120,"o":117,"b":117,"d":117,"f":116,"h":119,"j":111,"l":119,"n":120,"p":117}},{"type":"Feature","geometry":{"type":"Polygon","coordinates":[[[127.07338,37.70743],[127.09825,37.74159],[127.0485,37.74159],[127.07338,37.70743]]]},"properties":{"row":9,"col":11,"walk_min":32.8,"nearest_station_id":"kr_065","nearest_station_name":"Uijeongbu","nearest_station_name_ko":"의정부","a":88,"c":86,"e":100,"g":86,"i":105,"k":100,"m":88,"o":97,"b":88,"d":86,"f":100,"h":86,"j":105,"l":100,"n":88,"p":97}},{"type":"Feature","geometry":{"type":"Polygon","coordinates":[[[127.22263,37.70743],[127.2475,37.74159],[127.19775,37.74159],[127.22263,37.70743]]]},"properties":{"row":9,"col":17,"walk_min":34.0,"nearest_station_id":"kr_470","nearest_station_name":"Jinjeop","nearest_station_name_ko":"진접","a":101,"c":100,"e":110,"g":100,"i":116,"k":115,"m":107,"o":109,"b":101,"d":100,"f":110,"h":100,"j":116,"l":115,"n":107,"p":109}},{"type":"Feature","geometry":{"type":"Polygon","coordinates":[[[127.19775,37.67327],[127.2475,37.67327],[127.22263,37.70743],[127.19775,37.67327]]]},"properties":{"row":8,"col":18,"walk_min":41.6,"nearest_station_id":"kr_361","nearest_station_name":"Onam","nearest_station_name_ko":"오남","a":106,"c":104,"e":116,"g":104,"i":119,"k":119,"m":112,"o":113,"b":106,"d":104,"f":116,"h":104,"j":119,"l":119,"n":112,"p":113}},{"type":"Feature","geometry":{"type":"Polygon","coordinates":[[[126.97388,37.22921],[126.99875,37.26337],[126.949,37.26337],[126.97388,37.22921]]]},"properties":{"row":-5,"col":7,"walk_min":49.4,"nearest_station_id":"kr_462","nearest_station_name":"Seryu","nearest_station_name_ko":"세류","a":111,"c":113,"e":110,"g":116,"i":105,"k":115,"m":118,"o":112,"b":111,"d":113,"f":110,"h":116,"j":105,"l":115,"n":118,"p":112}},{"type":"Feature","geometry":{"type":"Polygon","coordinates":[[[126.75,37.60495],[126.79975,37.60495],[126.77488,37.63911],[126.75,37.60495]]]},"properties":{"row":6,"col":0,"walk_min":59.2,"nearest_station_id":"kr_429","nearest_station_name":"Gaehwa","nearest_station_name_ko":"개화","a":106,"c":104,"e":111,"g":107,"i":112,"k":114,"m":110,"o":105,"b":106,"d":104,"f":111,"h":107,"j":112,"l":114,"n":110,"p":105}},{"type":"Feature","geometry":{"type":"Polygon","coordinates":[[[126.75,37.60495],[126.77488,37.63911],[126.72512,37.63911],[126.75,37.60495]]]},"properties":{"row":6,"col":-1,"walk_min":91.8,"nearest_station_id":"kr_261","nearest_station_name":"Madu","nearest_station_name_ko":"마두","a":116,"c":116,"e":118,"g":116,"i":118,"k":118,"m":117,"o":117,"b":116,"d":116,"f":118,"h":116,"j":118,"l":118,"n":117,"p":117}},{"type":"Feature","geometry":{"type":"Polygon","coordinates":[[[126.82463,37.57079],[126.87438,37.57079],[126.8495,37.60495],[126.82463,37.57079]]]},"properties":{"row":5,"col":2,"walk_min":44.7,"nearest_station_id":"kr_430","nearest_station_name":"Yangcheon Hyanggyo","nearest_station_name_ko":"양천향교","a":81,"c":80,"e":88,"g":92,"i":85,"k":100,"m":101,"o":71,"b":81,"d":80,"f":88,"h":92,"j":85,"l":100,"n":101,"p":71}},{"type":"Feature","geometry":{"type":"Polygon","coordinates":[[[126.87438,37.57079],[126.89925,37.60495],[126.8495,37.60495],[126.87438,37.57079]]]},"properties":{"row":5,"col":3,"walk_min":40.8,"nearest_station_id":"kr_327","nearest_station_name":"디지털미디어시티","nearest_station_name_ko":"디지털미디어시티","a":71,"c":71,"e":86,"g":80,"i":83,"k":96,"m":89,"o":78,"b":71,"d":71,"f":86,"h":80,"j":83,"l":96,"n":89,"p":78}},{"type":"Feature","geometry":{"type":"Polygon","coordinates":[[[126.949,37.26337],[126.97388,37.29752],[126.92413,37.29752],[126.949,37.26337]]]},"properties":{"row":-4,"col":7,"walk_min":33.6,"nearest_station_id":"kr_086","nearest_station_name":"Sungkyunkwan University","nearest_station_name_ko":"성균관대","a":97,"c":99,"e":94,"g":108,"i":84,"k":107,"m":112,"o":97,"b":97,"d":99,"f":94,"h":108,"j":84,"l":107,"n":112,"p":97}},{"type":"Feature","geometry":{"type":"Polygon","coordinates":[[[127.17288,37.36584],[127.19775,37.4],[127.148,37.4],[127.17288,37.36584]]]},"properties":{"row":-1,"col":15,"walk_min":54.1,"nearest_station_id":"kr_108","nearest_station_name":"Imae","nearest_station_name_ko":"이매","a":109,"c":110,"e":88,"g":109,"i":96,"k":101,"m":110,"o":114,"b":109,"d":110,"f":88,"h":109,"j":96,"l":101,"n":110,"p":114}},{"type":"Feature","geometry":{"type":"Polygon","coordinates":[[[127.148,37.4],[127.19775,37.4],[127.17288,37.43416],[127.148,37.4]]]},"properties":{"row":0,"col":16,"walk_min":37.2,"nearest_station_id":"kr_108","nearest_station_name":"Imae","nearest_station_name_ko":"이매","a":97,"c":99,"e":73,"g":95,"i":83,"k":84,"m":95,"o":105,"b":97,"d":99,"f":73,"h":95,"j":83,"l":84,"n":95,"p":105}},{"type":"Feature","geometry":{"type":"Polygon","coordinates":[[[127.17288,37.36584],[127.22263,37.36584],[127.19775,37.4],[127.17288,37.36584]]]},"properties":{"row":-1,"col":16,"walk_min":81.3,"nearest_station_id":"kr_237","nearest_station_name":"삼동","nearest_station_name_ko":"삼동","a":118,"c":119,"e":117,"g":118,"i":117,"k":118,"m":119,"o":119,"b":118,"d":119,"f":117,"h":118,"j":117,"l":118,"n":119,"p":119}},{"type":"Feature","geometry":{"type":"Polygon","coordinates":[[[127.19775,37.4],[127.22263,37.43416],[127.17288,37.43416],[127.19775,37.4]]]},"properties":{"row":0,"col":17,"walk_min":34.3,"nearest_station_id":"kr_236","nearest_station_name":"Samdong","nearest_station_name_ko":"삼동","a":101,"c":103,"e":77,"g":101,"i":87,"k":92,"m":103,"o":109,"b":101,"d":103,"f":77,"h":101,"j":87,"l":92,"n":103,"p":109}},{"type":"Feature","geometry":{"type":"Polygon","coordinates":[[[127.148,37.60495],[127.19775,37.60495],[127.17288,37.63911],[127.148,37.60495]]]},"properties":{"row":6,"col":16,"walk_min":35.2,"nearest_station_id":"kr_352","nearest_station_name":"Dasan","nearest_station_name_ko":"다산","a":89,"c":87,"e":81,"g":74,"i":92,"k":76,"m":83,"o":97,"b":89,"d":87,"f":81,"h":74,"j":92,"l":76,"n":83,"p":97}},{"type":"Feature","geometry":{"type":"Polygon","coordinates":[[[127.17288,37.63911],[127.19775,37.67327],[127.148,37.67327],[127.17288,37.63911]]]},"properties":{"row":7,"col":15,"walk_min":58.1,"nearest_station_id":"kr_438","nearest_station_name":"Byeollae","nearest_station_name_ko":"별내","a":114,"c":113,"e":109,"g":105,"i":116,"k":105,"m":111,"o":117,"b":114,"d":113,"f":109,"h":105,"j":116,"l":105,"n":111,"p":117}},{"type":"Feature","geometry":{"type":"Polygon","coordinates":[[[126.87438,37.43416],[126.89925,37.46832],[126.8495,37.46832],[126.87438,37.43416]]]},"properties":{"row":1,"col":3,"walk_min":20.8,"nearest_station_id":"kr_008","nearest_station_name":"Geumcheon-gu Office","nearest_station_name_ko":"금천구청","a":50,"c":53,"e":58,"g":64,"i":55,"k":71,"m":74,"o":50,"b":50,"d":53,"f":58,"h":64,"j":55,"l":71,"n":74,"p":50}},{"type":"Feature","geometry":{"type":"Polygon","coordinates":[[[126.82463,37.57079],[126.8495,37.60495],[126.79975,37.60495],[126.82463,37.57079]]]},"properties":{"row":5,"col":1,"walk_min":32.8,"nearest_station_id":"kr_441","nearest_station_name":"방화","nearest_station_name_ko":"방화","a":82,"c":80,"e":92,"g":90,"i":91,"k":101,"m":98,"o":79,"b":82,"d":80,"f":92,"h":90,"j":91,"l":101,"n":98,"p":79}},{"type":"Feature","geometry":{"type":"Polygon","coordinates":[[[127.0485,37.74159],[127.09825,37.74159],[127.07338,37.77575],[127.0485,37.74159]]]},"properties":{"row":10,"col":12,"walk_min":34.8,"nearest_station_id":"kr_065","nearest_station_name":"Uijeongbu","nearest_station_name_ko":"의정부","a":95,"c":93,"e":104,"g":93,"i":108,"k":104,"m":95,"o":102,"b":95,"d":93,"f":104,"h":93,"j":108,"l":104,"n":95,"p":102}},{"type":"Feature","geometry":{"type":"Polygon","coordinates":[[[126.99875,37.60495],[127.02363,37.63911],[126.97388,37.63911],[126.99875,37.60495]]]},"properties":{"row":6,"col":9,"walk_min":29.1,"nearest_station_id":"kr_116","nearest_station_name":"Suyu (Gangbuk-gu Office)","nearest_station_name_ko":"수유(강북구청)","a":55,"c":53,"e":67,"g":53,"i":75,"k":74,"m":62,"o":64,"b":55,"d":53,"f":67,"h":53,"j":75,"l":74,"n":62,"p":64}},{"type":"Feature","geometry":{"type":"Polygon","coordinates":[[[127.02363,37.77575],[127.0485,37.8099],[126.99875,37.8099],[127.02363,37.77575]]]},"properties":{"row":11,"col":9,"walk_min":42.1,"nearest_station_id":"kr_092","nearest_station_name":"Yangju","nearest_station_name_ko":"양주","a":104,"c":103,"e":113,"g":103,"i":116,"k":112,"m":104,"o":111,"b":104,"d":103,"f":113,"h":103,"j":116,"l":112,"n":104,"p":111}},{"type":"Feature","geometry":{"type":"Polygon","coordinates":[[[127.02363,37.77575],[127.07338,37.77575],[127.0485,37.8099],[127.02363,37.77575]]]},"properties":{"row":11,"col":10,"walk_min":24.5,"nearest_station_id":"kr_092","nearest_station_name":"Yangju","nearest_station_name_ko":"양주","a":88,"c":86,"e":100,"g":86,"i":108,"k":99,"m":88,"o":97,"b":88,"d":86,"f":100,"h":86,"j":108,"l":99,"n":88,"p":97}},{"type":"Feature","geometry":{"type":"Polygon","coordinates":[[[127.12313,37.29752],[127.148,37.33168],[127.09825,37.33168],[127.12313,37.29752]]]},"properties":{"row":-3,"col":13,"walk_min":38.5,"nearest_station_id":"kr_233","nearest_station_name":"Suji-gu Office","nearest_station_name_ko":"수지구청","a":104,"c":106,"e":81,"g":104,"i":91,"k":96,"m":106,"o":109,"b":104,"d":106,"f":81,"h":104,"j":91,"l":96,"n":106,"p":109}},{"type":"Feature","geometry":{"type":"Polygon","coordinates":[[[127.0485,37.33168],[127.09825,37.33168],[127.07338,37.36584],[127.0485,37.33168]]]},"properties":{"row":-2,"col":12,"walk_min":37.4,"nearest_station_id":"kr_202","nearest_station_name":"Dongcheon","nearest_station_name_ko":"동천","a":101,"c":103,"e":77,"g":101,"i":88,"k":92,"m":104,"o":109,"b":101,"d":103,"f":77,"h":101,"j":88,"l":92,"n":104,"p":109}},{"type":"Feature","geometry":{"type":"Polygon","coordinates":[[[126.67537,37.36584],[126.72512,37.36584],[126.70025,37.4],[126.67537,37.36584]]]},"properties":{"row":-1,"col":-4,"walk_min":97.4,"nearest_station_id":"kr_428","nearest_station_name":"Oido","nearest_station_name_ko":"오이도","a":120,"c":120,"e":120,"g":120,"i":119,"k":120,"m":120,"o":120,"b":120,"d":120,"f":120,"h":120,"j":119,"l":120,"n":120,"p":120}},{"type":"Feature","geometry":{"type":"Polygon","coordinates":[[[126.72512,37.36584],[126.75,37.4],[126.70025,37.4],[126.72512,37.36584]]]},"properties":{"row":-1,"col":-3,"walk_min":60.6,"nearest_station_id":"kr_428","nearest_station_name":"Oido","nearest_station_name_ko":"오이도","a":120,"c":120,"e":120,"g":120,"i":118,"k":120,"m":120,"o":120,"b":120,"d":120,"f":120,"h":120,"j":118,"l":120,"n":120,"p":120}},{"type":"Feature","geometry":{"type":"Polygon","coordinates":[[[126.70025,37.33168],[126.72512,37.36584],[126.67537,37.36584],[126.70025,37.33168]]]},"properties":{"row":-2,"col":-3,"walk_min":53.0,"nearest_station_id":"kr_428","nearest_station_name":"Oido","nearest_station_name_ko":"오이도","a":119,"c":120,"e":119,"g":120,"i":118,"k":120,"m":120,"o":119,"b":119,"d":120,"f":119,"h":120,"j":118,"l":120,"n":120,"p":119}},{"type":"Feature","geometry":{"type":"Polygon","coordinates":[[[127.09825,37.67327],[127.12313,37.70743],[127.07338,37.70743],[127.09825,37.67327]]]},"properties":{"row":8,"col":13,"walk_min":38.6,"nearest_station_id":"kr_310","nearest_station_name":"Byeollaebyeolgaram","nearest_station_name_ko":"별내별가람","a":86,"c":84,"e":96,"g":84,"i":103,"k":100,"m":91,"o":94,"b":86,"d":84,"f":96,"h":84,"j":103,"l":100,"n":91,"p":94}},{"type":"Feature","geometry":{"type":"Polygon","coordinates":[[[126.87438,37.36584],[126.89925,37.4],[126.8495,37.4],[126.87438,37.36584]]]},"properties":{"row":-1,"col":3,"walk_min":53.8,"nearest_station_id":"kr_442","nearest_station_name":"Gwangmyeong","nearest_station_name_ko":"광명","a":89,"c":92,"e":99,"g":103,"i":95,"k":108,"m":108,"o":90,"b":78,"d":81,"f":99,"h":93,"j":95,"l":108,"n":102,"p":90}},{"type":"Feature","geometry":{"type":"Polygon","coordinates":[[[127.17288,37.57079],[127.19775,37.60495],[127.148,37.60495],[127.17288,37.57079]]]},"properties":{"row":5,"col":15,"walk_min":32.7,"nearest_station_id":"kr_231","nearest_station_name":"Jangja Lake Park","nearest_station_name_ko":"장자호수공원","a":82,"c":81,"e":74,"g":67,"i":85,"k":69,"m":77,"o":92,"b":82,"d":81,"f":74,"h":67,"j":85,"l":69,"n":77,"p":92}},{"type":"Feature","geometry":{"type":"Polygon","coordinates":[[[126.62562,37.43416],[126.6505,37.46832],[126.60075,37.46832],[126.62562,37.43416]]]},"properties":{"row":1,"col":-7,"walk_min":34.9,"nearest_station_id":"kr_458","nearest_station_name":"Incheon","nearest_station_name_ko":"인천","a":101,"c":104,"e":111,"g":114,"i":107,"k":116,"m":117,"o":98,"b":101,"d":104,"f":111,"h":114,"j":107,"l":116,"n":117,"p":98}},{"type":"Feature","geometry":{"type":"Polygon","coordinates":[[[127.09825,37.26337],[127.12313,37.29752],[127.07338,37.29752],[127.09825,37.26337]]]},"properties":{"row":-4,"col":13,"walk_min":43.3,"nearest_station_id":"kr_307","nearest_station_name":"Sanghyeon","nearest_station_name_ko":"상현","a":110,"c":111,"e":90,"g":110,"i":99,"k":103,"m":111,"o":114,"b":110,"d":111,"f":90,"h":110,"j":99,"l":103,"n":111,"p":114}},{"type":"Feature","geometry":{"type":"Polygon","coordinates":[[[126.97388,37.63911],[127.02363,37.63911],[126.99875,37.67327],[126.97388,37.63911]]]},"properties":{"row":7,"col":8,"walk_min":39.6,"nearest_station_id":"kr_116","nearest_station_name":"Suyu (Gangbuk-gu Office)","nearest_station_name_ko":"수유(강북구청)","a":70,"c":68,"e":82,"g":68,"i":90,"k":89,"m":77,"o":79,"b":70,"d":68,"f":82,"h":68,"j":90,"l":89,"n":77,"p":79}},{"type":"Feature","geometry":{"type":"Polygon","coordinates":[[[127.02363,37.22921],[127.07338,37.22921],[127.0485,37.26337],[127.02363,37.22921]]]},"properties":{"row":-5,"col":10,"walk_min":43.1,"nearest_station_id":"kr_462","nearest_station_name":"Seryu","nearest_station_name_ko":"세류","a":112,"c":114,"e":111,"g":119,"i":106,"k":118,"m":120,"o":113,"b":112,"d":114,"f":111,"h":119,"j":106,"l":118,"n":120,"p":113}},{"type":"Feature","geometry":{"type":"Polygon","coordinates":[[[127.19775,37.74159],[127.2475,37.74159],[127.22263,37.77575],[127.19775,37.74159]]]},"properties":{"row":10,"col":18,"walk_min":55.8,"nearest_station_id":"kr_470","nearest_station_name":"Jinjeop","nearest_station_name_ko":"진접","a":114,"c":113,"e":117,"g":113,"i":120,"k":120,"m":116,"o":117,"b":114,"d":113,"f":117,"h":113,"j":120,"l":120,"n":116,"p":117}},{"type":"Feature","geometry":{"type":"Polygon","coordinates":[[[126.79975,37.26337],[126.8495,37.26337],[126.82463,37.29752],[126.79975,37.26337]]]},"properties":{"row":-4,"col":2,"walk_min":75.2,"nearest_station_id":"kr_425","nearest_station_name":"Hanyang University at Ansan","nearest_station_name_ko":"한대앞","a":117,"c":117,"e":116,"g":120,"i":114,"k":119,"m":120,"o":117,"b":117,"d":117,"f":116,"h":120,"j":114,"l":119,"n":120,"p":117}},{"type":"Feature","geometry":{"type":"Polygon","coordinates":[[[126.79975,37.26337],[126.82463,37.29752],[126.77488,37.29752],[126.79975,37.26337]]]},"properties":{"row":-4,"col":1,"walk_min":62.8,"nearest_station_id":"kr_230","nearest_station_name":"Choji","nearest_station_name_ko":"초지","a":118,"c":119,"e":116,"g":120,"i":109,"k":120,"m":120,"o":119,"b":118,"d":119,"f":116,"h":120,"j":109,"l":120,"n":120,"p":119}},{"type":"Feature","geometry":{"type":"Polygon","coordinates":[[[126.72512,37.57079],[126.77488,37.57079],[126.75,37.60495],[126.72512,37.57079]]]},"properties":{"row":5,"col":-2,"walk_min":74.6,"nearest_station_id":"kr_429","nearest_station_name":"Gaehwa","nearest_station_name_ko":"개화","a":114,"c":113,"e":115,"g":116,"i":114,"k":117,"m":117,"o":104,"b":114,"d":113,"f":115,"h":116,"j":114,"l":117,"n":117,"p":104}},{"type":"Feature","geometry":{"type":"Polygon","coordinates":[[[126.77488,37.57079],[126.79975,37.60495],[126.75,37.60495],[126.77488,37.57079]]]},"properties":{"row":5,"col":-1,"walk_min":57.5,"nearest_station_id":"kr_429","nearest_station_name":"Gaehwa","nearest_station_name_ko":"개화","a":99,"c":98,"e":102,"g":105,"i":100,"k":109,"m":110,"o":91,"b":99,"d":98,"f":102,"h":105,"j":100,"l":109,"n":110,"p":91}},{"type":"Feature","geometry":{"type":"Polygon","coordinates":[[[127.148,37.74159],[127.19775,37.74159],[127.17288,37.77575],[127.148,37.74159]]]},"properties":{"row":10,"col":16,"walk_min":83.6,"nearest_station_id":"kr_470","nearest_station_name":"Jinjeop","nearest_station_name_ko":"진접","a":117,"c":117,"e":119,"g":117,"i":120,"k":120,"m":119,"o":119,"b":117,"d":117,"f":119,"h":117,"j":120,"l":120,"n":119,"p":119}},{"type":"Feature","geometry":{"type":"Polygon","coordinates":[[[127.19775,37.74159],[127.22263,37.77575],[127.17288,37.77575],[127.19775,37.74159]]]},"properties":{"row":10,"col":17,"walk_min":70.5,"nearest_station_id":"kr_470","nearest_station_name":"Jinjeop","nearest_station_name_ko":"진접","a":119,"c":119,"e":120,"g":119,"i":120,"k":120,"m":119,"o":120,"b":119,"d":119,"f":120,"h":119,"j":120,"l":120,"n":119,"p":120}},{"type":"Feature","geometry":{"type":"Polygon","coordinates":[[[127.09825,37.67327],[127.148,37.67327],[127.12313,37.70743],[127.09825,37.67327]]]},"properties":{"row":8,"col":14,"walk_min":47.1,"nearest_station_id":"kr_310","nearest_station_name":"Byeollaebyeolgaram","nearest_station_name_ko":"별내별가람","a":97,"c":95,"e":106,"g":95,"i":110,"k":109,"m":104,"o":105,"b":97,"d":95,"f":106,"h":95,"j":110,"l":109,"n":104,"p":105}},{"type":"Feature","geometry":{"type":"Polygon","coordinates":[[[127.148,37.67327],[127.19775,37.67327],[127.17288,37.70743],[127.148,37.67327]]]},"properties":{"row":8,"col":16,"walk_min":42.4,"nearest_station_id":"kr_361","nearest_station_name":"Onam","nearest_station_name_ko":"오남","a":106,"c":104,"e":115,"g":104,"i":118,"k":118,"m":113,"o":114,"b":106,"d":104,"f":115,"h":104,"j":118,"l":118,"n":113,"p":114}},{"type":"Feature","geometry":{"type":"Polygon","coordinates":[[[127.17288,37.43416],[127.22263,37.43416],[127.19775,37.46832],[127.17288,37.43416]]]},"properties":{"row":1,"col":16,"walk_min":42.7,"nearest_station_id":"kr_232","nearest_station_name":"Namhansanseong","nearest_station_name_ko":"남한산성입구","a":102,"c":103,"e":80,"g":98,"i":91,"k":83,"m":94,"o":109,"b":102,"d":103,"f":80,"h":98,"j":91,"l":83,"n":94,"p":109}},{"type":"Feature","geometry":{"type":"Polygon","coordinates":[[[127.22263,37.43416],[127.27238,37.43416],[127.2475,37.46832],[127.22263,37.43416]]]},"properties":{"row":1,"col":18,"walk_min":89.9,"nearest_station_id":"kr_236","nearest_station_name":"Samdong","nearest_station_name_ko":"삼동","a":119,"c":119,"e":116,"g":119,"i":117,"k":118,"m":119,"o":119,"b":119,"d":119,"f":116,"h":119,"j":117,"l":118,"n":119,"p":119}},{"type":"Feature","geometry":{"type":"Polygon","coordinates":[[[126.67537,37.50248],[126.70025,37.53663],[126.6505,37.53663],[126.67537,37.50248]]]},"properties":{"row":3,"col":-5,"walk_min":47.0,"nearest_station_id":"kr_258","nearest_station_name":"Sangok","nearest_station_name_ko":"산곡","a":103,"c":106,"e":112,"g":114,"i":109,"k":117,"m":118,"o":100,"b":103,"d":106,"f":112,"h":114,"j":109,"l":117,"n":118,"p":100}},{"type":"Feature","geometry":{"type":"Polygon","coordinates":[[[126.6505,37.53663],[126.70025,37.53663],[126.67537,37.57079],[126.6505,37.53663]]]},"properties":{"row":4,"col":-4,"walk_min":71.1,"nearest_station_id":"kr_258","nearest_station_name":"Sangok","nearest_station_name_ko":"산곡","a":113,"c":114,"e":117,"g":117,"i":116,"k":119,"m":119,"o":112,"b":113,"d":114,"f":117,"h":117,"j":116,"l":119,"n":119,"p":112}},{"type":"Feature","geometry":{"type":"Polygon","coordinates":[[[126.70025,37.53663],[126.75,37.53663],[126.72512,37.57079],[126.70025,37.53663]]]},"properties":{"row":4,"col":-2,"walk_min":51.8,"nearest_station_id":"kr_287","nearest_station_name":"Bupyeong-gu Office","nearest_station_name_ko":"부평구청","a":103,"c":104,"e":108,"g":110,"i":106,"k":114,"m":114,"o":100,"b":103,"d":104,"f":108,"h":110,"j":106,"l":114,"n":114,"p":100}},{"type":"Feature","geometry":{"type":"Polygon","coordinates":[[[127.17288,37.57079],[127.22263,37.57079],[127.19775,37.60495],[127.17288,37.57079]]]},"properties":{"row":5,"col":16,"walk_min":51.4,"nearest_station_id":"kr_331","nearest_station_name":"Misa","nearest_station_name_ko":"미사","a":98,"c":98,"e":92,"g":88,"i":99,"k":88,"m":94,"o":105,"b":98,"d":98,"f":92,"h":88,"j":99,"l":88,"n":94,"p":105}},{"type":"Feature","geometry":{"type":"Polygon","coordinates":[[[126.99875,37.8099],[127.0485,37.8099],[127.02363,37.84406],[126.99875,37.8099]]]},"properties":{"row":12,"col":10,"walk_min":56.6,"nearest_station_id":"kr_447","nearest_station_name":"Deokgye","nearest_station_name_ko":"덕계","a":111,"c":110,"e":118,"g":110,"i":120,"k":117,"m":111,"o":116,"b":111,"d":110,"f":118,"h":110,"j":120,"l":117,"n":111,"p":116}},{"type":"Feature","geometry":{"type":"Polygon","coordinates":[[[127.0485,37.4],[127.07338,37.43416],[127.02363,37.43416],[127.0485,37.4]]]},"properties":{"row":0,"col":11,"walk_min":43.8,"nearest_station_id":"kr_040","nearest_station_name":"Cheonggyesan","nearest_station_name_ko":"청계산입구","a":79,"c":81,"e":62,"g":86,"i":64,"k":78,"m":88,"o":87,"b":79,"d":81,"f":62,"h":86,"j":64,"l":78,"n":88,"p":87}},{"type":"Feature","geometry":{"type":"Polygon","coordinates":[[[127.0485,37.4],[127.09825,37.4],[127.07338,37.43416],[127.0485,37.4]]]},"properties":{"row":0,"col":12,"walk_min":54.7,"nearest_station_id":"kr_041","nearest_station_name":"Pangyo","nearest_station_name_ko":"판교","a":100,"c":102,"e":77,"g":101,"i":88,"k":93,"m":102,"o":106,"b":100,"d":102,"f":77,"h":101,"j":88,"l":93,"n":102,"p":106}},{"type":"Feature","geometry":{"type":"Polygon","coordinates":[[[127.07338,37.43416],[127.12313,37.43416],[127.09825,37.46832],[127.07338,37.43416]]]},"properties":{"row":1,"col":12,"walk_min":44.6,"nearest_station_id":"kr_040","nearest_station_name":"Cheonggyesan","nearest_station_name_ko":"청계산입구","a":90,"c":92,"e":67,"g":87,"i":78,"k":73,"m":84,"o":99,"b":90,"d":92,"f":67,"h":87,"j":78,"l":73,"n":84,"p":99}},{"type":"Feature","geometry":{"type":"Polygon","coordinates":[[[126.97388,37.36584],[127.02363,37.36584],[126.99875,37.4],[126.97388,37.36584]]]},"properties":{"row":-1,"col":8,"walk_min":47.0,"nearest_station_id":"kr_325","nearest_station_name":"Indeogwon","nearest_station_name_ko":"인덕원","a":90,"c":93,"e":81,"g":103,"i":70,"k":96,"m":107,"o":98,"b":90,"d":93,"f":81,"h":103,"j":70,"l":96,"n":107,"p":98}},{"type":"Feature","geometry":{"type":"Polygon","coordinates":[[[126.70025,37.67327],[126.72512,37.70743],[126.67537,37.70743],[126.70025,37.67327]]]},"properties":{"row":8,"col":-3,"walk_min":79.4,"nearest_station_id":"kr_424","nearest_station_name":"Daehwa","nearest_station_name_ko":"대화","a":118,"c":118,"e":120,"g":119,"i":120,"k":120,"m":120,"o":119,"b":118,"d":118,"f":120,"h":119,"j":120,"l":120,"n":120,"p":119}},{"type":"Feature","geometry":{"type":"Polygon","coordinates":[[[126.92413,37.43416],[126.97388,37.43416],[126.949,37.46832],[126.92413,37.43416]]]},"properties":{"row":1,"col":6,"walk_min":36.3,"nearest_station_id":"kr_319","nearest_station_name":"Nakseongdae","nearest_station_name_ko":"낙성대","a":65,"c":68,"e":62,"g":79,"i":53,"k":77,"m":84,"o":72,"b":65,"d":68,"f":62,"h":79,"j":53,"l":77,"n":84,"p":72}},{"type":"Feature","geometry":{"type":"Polygon","coordinates":[[[126.89925,37.33168],[126.92413,37.36584],[126.87438,37.36584],[126.89925,37.33168]]]},"properties":{"row":-2,"col":5,"walk_min":38.4,"nearest_station_id":"kr_364","nearest_station_name":"Surisan","nearest_station_name_ko":"수리산","a":91,"c":93,"e":88,"g":103,"i":78,"k":100,"m":109,"o":92,"b":91,"d":93,"f":88,"h":103,"j":78,"l":100,"n":109,"p":92}},{"type":"Feature","geometry":{"type":"Polygon","coordinates":[[[126.949,37.60495],[126.99875,37.60495],[126.97388,37.63911],[126.949,37.60495]]]},"properties":{"row":6,"col":8,"walk_min":41.9,"nearest_station_id":"kr_061","nearest_station_name":"Hansung Univ. (Samseongyo)","nearest_station_name_ko":"한성대입구(삼선교)","a":63,"c":61,"e":77,"g":63,"i":83,"k":83,"m":72,"o":72,"b":63,"d":61,"f":77,"h":63,"j":83,"l":83,"n":72,"p":72}},{"type":"Feature","geometry":{"type":"Polygon","coordinates":[[[126.75,37.53663],[126.77488,37.57079],[126.72512,37.57079],[126.75,37.53663]]]},"properties":{"row":4,"col":-1,"walk_min":62.5,"nearest_station_id":"kr_189","nearest_station_name":"Gimpo Int'l Airport","nearest_station_name_ko":"김포공항","a":104,"c":103,"e":110,"g":115,"i":106,"k":118,"m":118,"o":93,"b":104,"d":103,"f":110,"h":115,"j":106,"l":118,"n":118,"p":93}},{"type":"Feature","geometry":{"type":"Polygon","coordinates":[[[126.75,37.53663],[126.79975,37.53663],[126.77488,37.57079],[126.75,37.53663]]]},"properties":{"row":4,"col":0,"walk_min":49.2,"nearest_station_id":"kr_189","nearest_station_name":"Gimpo Int'l Airport","nearest_station_name_ko":"김포공항","a":91,"c":91,"e":98,"g":104,"i":94,"k":111,"m":111,"o":82,"b":91,"d":91,"f":98,"h":104,"j":94,"l":111,"n":111,"p":82}},{"type":"Feature","geometry":{"type":"Polygon","coordinates":[[[126.57587,37.43416],[126.62562,37.43416],[126.60075,37.46832],[126.57587,37.43416]]]},"properties":{"row":1,"col":-8,"walk_min":70.1,"nearest_station_id":"kr_458","nearest_station_name":"Incheon","nearest_station_name_ko":"인천","a":118,"c":119,"e":120,"g":120,"i":119,"k":120,"m":120,"o":118,"b":118,"d":119,"f":120,"h":120,"j":119,"l":120,"n":120,"p":118}},{"type":"Feature","geometry":{"type":"Polygon","coordinates":[[[126.99875,37.19505],[127.02363,37.22921],[126.97388,37.22921],[126.99875,37.19505]]]},"properties":{"row":-6,"col":9,"walk_min":64.6,"nearest_station_id":"kr_047","nearest_station_name":"Byeongjeom","nearest_station_name_ko":"병점","a":120,"c":120,"e":120,"g":120,"i":119,"k":120,"m":120,"o":120,"b":120,"d":120,"f":120,"h":120,"j":119,"l":120,"n":120,"p":120}},{"type":"Feature","geometry":{"type":"Polygon","coordinates":[[[126.67537,37.63911],[126.72512,37.63911],[126.70025,37.67327],[126.67537,37.63911]]]},"properties":{"row":7,"col":-4,"walk_min":145.0,"nearest_station_id":"kr_424","nearest_station_name":"Daehwa","nearest_station_name_ko":"대화","a":119,"c":119,"e":120,"g":119,"i":120,"k":120,"m":120,"o":120,"b":119,"d":119,"f":120,"h":119,"j":120,"l":120,"n":120,"p":120}},{"type":"Feature","geometry":{"type":"Polygon","coordinates":[[[126.551,37.46832],[126.60075,37.46832],[126.57587,37.50248],[126.551,37.46832]]]},"properties":{"row":2,"col":-8,"walk_min":26.9,"nearest_station_id":"kr_458","nearest_station_name":"Incheon","nearest_station_name_ko":"인천","a":95,"c":97,"e":104,"g":109,"i":100,"k":118,"m":118,"o":91,"b":95,"d":97,"f":104,"h":109,"j":100,"l":118,"n":118,"p":91}},{"type":"Feature","geometry":{"type":"Polygon","coordinates":[[[126.82463,37.43416],[126.8495,37.46832],[126.79975,37.46832],[126.82463,37.43416]]]},"properties":{"row":1,"col":1,"walk_min":46.3,"nearest_station_id":"kr_024","nearest_station_name":"Yeokgok","nearest_station_name_ko":"역곡","a":79,"c":81,"e":87,"g":93,"i":84,"k":101,"m":102,"o":76,"b":79,"d":81,"f":87,"h":93,"j":84,"l":101,"n":102,"p":76}},{"type":"Feature","geometry":{"type":"Polygon","coordinates":[[[126.8495,37.4],[126.87438,37.43416],[126.82463,37.43416],[126.8495,37.4]]]},"properties":{"row":0,"col":3,"walk_min":50.9,"nearest_station_id":"kr_442","nearest_station_name":"Gwangmyeong","nearest_station_name_ko":"광명","a":86,"c":89,"e":95,"g":99,"i":92,"k":107,"m":108,"o":87,"b":75,"d":78,"f":95,"h":90,"j":92,"l":107,"n":98,"p":87}},{"type":"Feature","geometry":{"type":"Polygon","coordinates":[[[126.62562,37.50248],[126.67537,37.50248],[126.6505,37.53663],[126.62562,37.50248]]]},"properties":{"row":3,"col":-6,"walk_min":56.7,"nearest_station_id":"kr_258","nearest_station_name":"Sangok","nearest_station_name_ko":"산곡","a":112,"c":114,"e":116,"g":117,"i":115,"k":119,"m":119,"o":110,"b":112,"d":114,"f":116,"h":117,"j":115,"l":119,"n":119,"p":110}},{"type":"Feature","geometry":{"type":"Polygon","coordinates":[[[127.148,37.67327],[127.17288,37.70743],[127.12313,37.70743],[127.148,37.67327]]]},"properties":{"row":8,"col":15,"walk_min":61.0,"nearest_station_id":"kr_361","nearest_station_name":"Onam","nearest_station_name_ko":"오남","a":113,"c":112,"e":119,"g":112,"i":120,"k":120,"m":118,"o":119,"b":113,"d":112,"f":119,"h":112,"j":120,"l":120,"n":118,"p":119}},{"type":"Feature","geometry":{"type":"Polygon","coordinates":[[[127.12313,37.70743],[127.17288,37.70743],[127.148,37.74159],[127.12313,37.70743]]]},"properties":{"row":9,"col":14,"walk_min":74.6,"nearest_station_id":"kr_361","nearest_station_name":"Onam","nearest_station_name_ko":"오남","a":115,"c":115,"e":119,"g":115,"i":120,"k":120,"m":117,"o":118,"b":115,"d":115,"f":119,"h":115,"j":120,"l":120,"n":117,"p":118}},{"type":"Feature","geometry":{"type":"Polygon","coordinates":[[[126.92413,37.22921],[126.949,37.26337],[126.89925,37.26337],[126.92413,37.22921]]]},"properties":{"row":-5,"col":5,"walk_min":88.3,"nearest_station_id":"kr_043","nearest_station_name":"Suwon","nearest_station_name_ko":"수원","a":119,"c":120,"e":119,"g":120,"i":118,"k":120,"m":120,"o":119,"b":119,"d":120,"f":119,"h":120,"j":118,"l":120,"n":120,"p":119}},{"type":"Feature","geometry":{"type":"Polygon","coordinates":[[[127.07338,37.36584],[127.09825,37.4],[127.0485,37.4],[127.07338,37.36584]]]},"properties":{"row":-1,"col":11,"walk_min":58.8,"nearest_station_id":"kr_041","nearest_station_name":"Pangyo","nearest_station_name_ko":"판교","a":110,"c":111,"e":89,"g":110,"i":99,"k":104,"m":111,"o":114,"b":110,"d":111,"f":89,"h":110,"j":99,"l":104,"n":111,"p":114}},{"type":"Feature","geometry":{"type":"Polygon","coordinates":[[[127.09825,37.26337],[127.148,37.26337],[127.12313,37.29752],[127.09825,37.26337]]]},"properties":{"row":-4,"col":14,"walk_min":86.8,"nearest_station_id":"kr_307","nearest_station_name":"Sanghyeon","nearest_station_name_ko":"상현","a":120,"c":120,"e":117,"g":120,"i":118,"k":119,"m":120,"o":120,"b":120,"d":120,"f":117,"h":120,"j":118,"l":119,"n":120,"p":120}},{"type":"Feature","geometry":{"type":"Polygon","coordinates":[[[127.07338,37.22921],[127.09825,37.26337],[127.0485,37.26337],[127.07338,37.22921]]]},"properties":{"row":-5,"col":11,"walk_min":58.6,"nearest_station_id":"kr_357","nearest_station_name":"Gwanggyo Jungang","nearest_station_name_ko":"광교중앙","a":120,"c":120,"e":111,"g":120,"i":116,"k":118,"m":120,"o":120,"b":120,"d":120,"f":111,"h":120,"j":116,"l":118,"n":120,"p":120}},{"type":"Feature","geometry":{"type":"Polygon","coordinates":[[[127.22263,37.57079],[127.2475,37.60495],[127.19775,37.60495],[127.22263,37.57079]]]},"properties":{"row":5,"col":17,"walk_min":88.0,"nearest_station_id":"kr_331","nearest_station_name":"Misa","nearest_station_name_ko":"미사","a":120,"c":120,"e":120,"g":120,"i":120,"k":120,"m":120,"o":120,"b":120,"d":120,"f":120,"h":120,"j":120,"l":120,"n":120,"p":120}},{"type":"Feature","geometry":{"type":"Polygon","coordinates":[[[127.07338,37.70743],[127.12313,37.70743],[127.09825,37.74159],[127.07338,37.70743]]]},"properties":{"row":9,"col":12,"walk_min":57.2,"nearest_station_id":"kr_467","nearest_station_name":"Jangam","nearest_station_name_ko":"장암","a":105,"c":103,"e":113,"g":103,"i":116,"k":113,"m":106,"o":111,"b":105,"d":103,"f":113,"h":103,"j":116,"l":113,"n":106,"p":111}},{"type":"Feature","geometry":{"type":"Polygon","coordinates":[[[126.89925,37.26337],[126.949,37.26337],[126.92413,37.29752],[126.89925,37.26337]]]},"properties":{"row":-4,"col":6,"walk_min":67.4,"nearest_station_id":"kr_086","nearest_station_name":"Sungkyunkwan University","nearest_station_name_ko":"성균관대","a":118,"c":118,"e":117,"g":120,"i":113,"k":120,"m":120,"o":118,"b":118,"d":118,"f":117,"h":120,"j":113,"l":120,"n":120,"p":118}},{"type":"Feature","geometry":{"type":"Polygon","coordinates":[[[126.77488,37.43416],[126.82463,37.43416],[126.79975,37.46832],[126.77488,37.43416]]]},"properties":{"row":1,"col":0,"walk_min":59.6,"nearest_station_id":"kr_451","nearest_station_name":"Sosa","nearest_station_name_ko":"소사","a":94,"c":96,"e":101,"g":104,"i":98,"k":109,"m":109,"o":92,"b":94,"d":95,"f":101,"h":104,"j":98,"l":109,"n":109,"p":92}},{"type":"Feature","geometry":{"type":"Polygon","coordinates":[[[126.77488,37.43416],[126.79975,37.46832],[126.75,37.46832],[126.77488,37.43416]]]},"properties":{"row":1,"col":-1,"walk_min":51.1,"nearest_station_id":"kr_060","nearest_station_name":"Bucheon","nearest_station_name_ko":"부천","a":88,"c":90,"e":96,"g":100,"i":92,"k":108,"m":109,"o":85,"b":88,"d":90,"f":96,"h":100,"j":92,"l":108,"n":109,"p":85}},{"type":"Feature","geometry":{"type":"Polygon","coordinates":[[[126.79975,37.33168],[126.8495,37.33168],[126.82463,37.36584],[126.79975,37.33168]]]},"properties":{"row":-2,"col":2,"walk_min":48.4,"nearest_station_id":"kr_426","nearest_station_name":"Gojan","nearest_station_name_ko":"고잔","a":120,"c":120,"e":120,"g":120,"i":110,"k":120,"m":120,"o":120,"b":120,"d":120,"f":120,"h":120,"j":110,"l":120,"n":120,"p":120}},{"type":"Feature","geometry":{"type":"Polygon","coordinates":[[[126.99875,37.74159],[127.02363,37.77575],[126.97388,37.77575],[126.99875,37.74159]]]},"properties":{"row":10,"col":9,"walk_min":57.4,"nearest_station_id":"kr_421","nearest_station_name":"Nogyang","nearest_station_name_ko":"녹양","a":110,"c":108,"e":118,"g":108,"i":120,"k":117,"m":110,"o":116,"b":110,"d":108,"f":118,"h":108,"j":120,"l":117,"n":110,"p":116}},{"type":"Feature","geometry":{"type":"Polygon","coordinates":[[[126.57587,37.50248],[126.62562,37.50248],[126.60075,37.53663],[126.57587,37.50248]]]},"properties":{"row":3,"col":-8,"walk_min":106.1,"nearest_station_id":"kr_458","nearest_station_name":"Incheon","nearest_station_name_ko":"인천","a":120,"c":120,"e":120,"g":120,"i":120,"k":120,"m":120,"o":120,"b":120,"d":120,"f":120,"h":120,"j":120,"l":120,"n":120,"p":120}},{"type":"Feature","geometry":{"type":"Polygon","coordinates":[[[126.62562,37.50248],[126.6505,37.53663],[126.60075,37.53663],[126.62562,37.50248]]]},"properties":{"row":3,"col":-7,"walk_min":91.9,"nearest_station_id":"kr_458","nearest_station_name":"Incheon","nearest_station_name_ko":"인천","a":120,"c":120,"e":120,"g":120,"i":120,"k":120,"m":120,"o":120,"b":120,"d":120,"f":120,"h":120,"j":120,"l":120,"n":120,"p":120}},{"type":"Feature","geometry":{"type":"Polygon","coordinates":[[[126.82463,37.22921],[126.8495,37.26337],[126.79975,37.26337],[126.82463,37.22921]]]},"properties":{"row":-5,"col":1,"walk_min":120.1,"nearest_station_id":"kr_114","nearest_station_name":"Sangnoksu","nearest_station_name_ko":"상록수","a":120,"c":120,"e":120,"g":120,"i":120,"k":120,"m":120,"o":120,"b":120,"d":120,"f":120,"h":120,"j":120,"l":120,"n":120,"p":120}},{"type":"Feature","geometry":{"type":"Polygon","coordinates":[[[126.87438,37.22921],[126.89925,37.26337],[126.8495,37.26337],[126.87438,37.22921]]]},"properties":{"row":-5,"col":3,"walk_min":94.5,"nearest_station_id":"kr_114","nearest_station_name":"Sangnoksu","nearest_station_name_ko":"상록수","a":120,"c":120,"e":120,"g":120,"i":119,"k":120,"m":120,"o":120,"b":120,"d":120,"f":120,"h":120,"j":119,"l":120,"n":120,"p":120}},{"type":"Feature","geometry":{"type":"Polygon","coordinates":[[[126.72512,37.29752],[126.77488,37.29752],[126.75,37.33168],[126.72512,37.29752]]]},"properties":{"row":-3,"col":-2,"walk_min":84.6,"nearest_station_id":"kr_427","nearest_station_name":"Singiloncheon","nearest_station_name_ko":"신길온천","a":120,"c":120,"e":120,"g":120,"i":117,"k":120,"m":120,"o":120,"b":120,"d":120,"f":120,"h":120,"j":117,"l":120,"n":120,"p":120}},{"type":"Feature","geometry":{"type":"Polygon","coordinates":[[[126.72512,37.29752],[126.75,37.33168],[126.70025,37.33168],[126.72512,37.29752]]]},"properties":{"row":-3,"col":-3,"walk_min":52.5,"nearest_station_id":"kr_351","nearest_station_name":"Jeongwang","nearest_station_name_ko":"정왕","a":120,"c":120,"e":120,"g":120,"i":119,"k":120,"m":120,"o":120,"b":120,"d":120,"f":120,"h":120,"j":119,"l":120,"n":120,"p":120}},{"type":"Feature","geometry":{"type":"Polygon","coordinates":[[[126.72512,37.43416],[126.77488,37.43416],[126.75,37.46832],[126.72512,37.43416]]]},"properties":{"row":1,"col":-2,"walk_min":62.1,"nearest_station_id":"kr_159","nearest_station_name":"Songnae","nearest_station_name_ko":"송내","a":102,"c":103,"e":108,"g":111,"i":105,"k":116,"m":116,"o":100,"b":102,"d":103,"f":108,"h":111,"j":105,"l":116,"n":116,"p":100}},{"type":"Feature","geometry":{"type":"Polygon","coordinates":[[[127.07338,37.16089],[127.12313,37.16089],[127.09825,37.19505],[127.07338,37.16089]]]},"properties":{"row":-7,"col":12,"walk_min":58.7,"nearest_station_id":"kr_416","nearest_station_name":"Osan College","nearest_station_name_ko":"오산대","a":120,"c":120,"e":120,"g":120,"i":120,"k":120,"m":120,"o":120,"b":120,"d":120,"f":120,"h":120,"j":120,"l":120,"n":120,"p":120}},{"type":"Feature","geometry":{"type":"Polygon","coordinates":[[[127.09825,37.19505],[127.12313,37.22921],[127.07338,37.22921],[127.09825,37.19505]]]},"properties":{"row":-6,"col":13,"walk_min":68.3,"nearest_station_id":"kr_466","nearest_station_name":"Seodongtan","nearest_station_name_ko":"서동탄","a":120,"c":120,"e":120,"g":120,"i":120,"k":120,"m":120,"o":120,"b":120,"d":120,"f":120,"h":120,"j":120,"l":120,"n":120,"p":120}},{"type":"Feature","geometry":{"type":"Polygon","coordinates":[[[126.75,37.26337],[126.77488,37.29752],[126.72512,37.29752],[126.75,37.26337]]]},"properties":{"row":-4,"col":-1,"walk_min":195.9,"nearest_station_id":"kr_427","nearest_station_name":"Singiloncheon","nearest_station_name_ko":"신길온천","a":120,"c":120,"e":120,"g":120,"i":119,"k":120,"m":120,"o":120,"b":120,"d":120,"f":120,"h":120,"j":119,"l":120,"n":120,"p":120}},{"type":"Feature","geometry":{"type":"Polygon","coordinates":[[[126.75,37.26337],[126.79975,37.26337],[126.77488,37.29752],[126.75,37.26337]]]},"properties":{"row":-4,"col":0,"walk_min":141.0,"nearest_station_id":"kr_263","nearest_station_name":"Ansan","nearest_station_name_ko":"안산","a":120,"c":120,"e":120,"g":120,"i":115,"k":120,"m":120,"o":120,"b":120,"d":120,"f":120,"h":120,"j":115,"l":120,"n":120,"p":120}},{"type":"Feature","geometry":{"type":"Polygon","coordinates":[[[126.79975,37.67327],[126.82463,37.70743],[126.77488,37.70743],[126.79975,37.67327]]]},"properties":{"row":8,"col":1,"walk_min":66.7,"nearest_station_id":"kr_302","nearest_station_name":"Jeongbalsan","nearest_station_name_ko":"정발산","a":119,"c":117,"e":120,"g":120,"i":120,"k":120,"m":120,"o":120,"b":119,"d":117,"f":120,"h":120,"j":120,"l":120,"n":120,"p":120}},{"type":"Feature","geometry":{"type":"Polygon","coordinates":[[[126.79975,37.67327],[126.8495,37.67327],[126.82463,37.70743],[126.79975,37.67327]]]},"properties":{"row":8,"col":2,"walk_min":63.7,"nearest_station_id":"kr_145","nearest_station_name":"Wondang","nearest_station_name_ko":"원당","a":111,"c":109,"e":120,"g":115,"i":120,"k":120,"m":120,"o":119,"b":111,"d":109,"f":120,"h":115,"j":120,"l":120,"n":120,"p":119}},{"type":"Feature","geometry":{"type":"Polygon","coordinates":[[[126.82463,37.36584],[126.87438,37.36584],[126.8495,37.4],[126.82463,37.36584]]]},"properties":{"row":-1,"col":2,"walk_min":78.5,"nearest_station_id":"kr_442","nearest_station_name":"Gwangmyeong","nearest_station_name_ko":"광명","a":113,"c":116,"e":118,"g":118,"i":117,"k":120,"m":120,"o":114,"b":105,"d":107,"f":118,"h":116,"j":117,"l":120,"n":118,"p":114}},{"type":"Feature","geometry":{"type":"Polygon","coordinates":[[[126.79975,37.4],[126.8495,37.4],[126.82463,37.43416],[126.79975,37.4]]]},"properties":{"row":0,"col":2,"walk_min":91.8,"nearest_station_id":"kr_442","nearest_station_name":"Gwangmyeong","nearest_station_name_ko":"광명","a":117,"c":118,"e":119,"g":119,"i":119,"k":120,"m":120,"o":117,"b":113,"d":114,"f":119,"h":118,"j":119,"l":120,"n":119,"p":117}},{"type":"Feature","geometry":{"type":"Polygon","coordinates":[[[127.22263,37.36584],[127.27238,37.36584],[127.2475,37.4],[127.22263,37.36584]]]},"properties":{"row":-1,"col":18,"walk_min":85.9,"nearest_station_id":"kr_149","nearest_station_name":"경기광주","nearest_station_name_ko":"경기광주","a":120,"c":120,"e":116,"g":120,"i":118,"k":119,"m":120,"o":120,"b":120,"d":120,"f":116,"h":120,"j":118,"l":119,"n":120,"p":120}},{"type":"Feature","geometry":{"type":"Polygon","coordinates":[[[127.2475,37.4],[127.27238,37.43416],[127.22263,37.43416],[127.2475,37.4]]]},"properties":{"row":0,"col":19,"walk_min":68.8,"nearest_station_id":"kr_149","nearest_station_name":"경기광주","nearest_station_name_ko":"경기광주","a":120,"c":120,"e":114,"g":120,"i":117,"k":118,"m":120,"o":120,"b":120,"d":120,"f":114,"h":120,"j":117,"l":118,"n":120,"p":120}},{"type":"Feature","geometry":{"type":"Polygon","coordinates":[[[127.2475,37.4],[127.29725,37.4],[127.27238,37.43416],[127.2475,37.4]]]},"properties":{"row":0,"col":20,"walk_min":46.0,"nearest_station_id":"kr_149","nearest_station_name":"경기광주","nearest_station_name_ko":"경기광주","a":120,"c":120,"e":98,"g":120,"i":108,"k":113,"m":120,"o":120,"b":120,"d":120,"f":98,"h":120,"j":108,"l":113,"n":120,"p":120}},{"type":"Feature","geometry":{"type":"Polygon","coordinates":[[[126.8495,37.33168],[126.87438,37.36584],[126.82463,37.36584],[126.8495,37.33168]]]},"properties":{"row":-2,"col":3,"walk_min":57.7,"nearest_station_id":"kr_168","nearest_station_name":"Jungang","nearest_station_name_ko":"중앙","a":120,"c":120,"e":120,"g":120,"i":116,"k":120,"m":120,"o":120,"b":120,"d":120,"f":120,"h":120,"j":116,"l":120,"n":120,"p":120}},{"type":"Feature","geometry":{"type":"Polygon","coordinates":[[[126.99875,37.67327],[127.02363,37.70743],[126.97388,37.70743],[126.99875,37.67327]]]},"properties":{"row":8,"col":9,"walk_min":61.6,"nearest_station_id":"kr_449","nearest_station_name":"Mangwolsa (Shinhan University)","nearest_station_name_ko":"망월사(신한대학교)","a":105,"c":103,"e":112,"g":103,"i":117,"k":112,"m":105,"o":111,"b":105,"d":103,"f":112,"h":103,"j":117,"l":112,"n":105,"p":111}},{"type":"Feature","geometry":{"type":"Polygon","coordinates":[[[127.02363,37.36584],[127.0485,37.4],[126.99875,37.4],[127.02363,37.36584]]]},"properties":{"row":-1,"col":9,"walk_min":68.5,"nearest_station_id":"kr_325","nearest_station_name":"Indeogwon","nearest_station_name_ko":"인덕원","a":106,"c":108,"e":99,"g":114,"i":88,"k":110,"m":116,"o":111,"b":106,"d":108,"f":99,"h":114,"j":88,"l":110,"n":116,"p":111}},{"type":"Feature","geometry":{"type":"Polygon","coordinates":[[[126.8495,37.33168],[126.89925,37.33168],[126.87438,37.36584],[126.8495,37.33168]]]},"properties":{"row":-2,"col":4,"walk_min":64.0,"nearest_station_id":"kr_423","nearest_station_name":"Daeyami","nearest_station_name_ko":"대야미","a":120,"c":120,"e":119,"g":120,"i":110,"k":120,"m":120,"o":120,"b":120,"d":120,"f":119,"h":120,"j":110,"l":120,"n":120,"p":120}},{"type":"Feature","geometry":{"type":"Polygon","coordinates":[[[127.09825,37.74159],[127.12313,37.77575],[127.07338,37.77575],[127.09825,37.74159]]]},"properties":{"row":10,"col":13,"walk_min":70.8,"nearest_station_id":"kr_092","nearest_station_name":"Yangju","nearest_station_name_ko":"양주","a":118,"c":117,"e":120,"g":117,"i":120,"k":120,"m":118,"o":120,"b":118,"d":117,"f":120,"h":117,"j":120,"l":120,"n":118,"p":120}},{"type":"Feature","geometry":{"type":"Polygon","coordinates":[[[126.77488,37.36584],[126.79975,37.4],[126.75,37.4],[126.77488,37.36584]]]},"properties":{"row":-1,"col":-1,"walk_min":78.4,"nearest_station_id":"kr_428","nearest_station_name":"Oido","nearest_station_name_ko":"오이도","a":120,"c":120,"e":120,"g":120,"i":120,"k":120,"m":120,"o":120,"b":120,"d":120,"f":120,"h":120,"j":120,"l":120,"n":120,"p":120}},{"type":"Feature","geometry":{"type":"Polygon","coordinates":[[[126.77488,37.36584],[126.82463,37.36584],[126.79975,37.4],[126.77488,37.36584]]]},"properties":{"row":-1,"col":0,"walk_min":70.5,"nearest_station_id":"kr_427","nearest_station_name":"Singiloncheon","nearest_station_name_ko":"신길온천","a":120,"c":120,"e":120,"g":120,"i":120,"k":120,"m":120,"o":120,"b":120,"d":120,"f":120,"h":120,"j":120,"l":120,"n":120,"p":120}},{"type":"Feature","geometry":{"type":"Polygon","coordinates":[[[127.19775,37.46832],[127.22263,37.50248],[127.17288,37.50248],[127.19775,37.46832]]]},"properties":{"row":2,"col":17,"walk_min":61.0,"nearest_station_id":"kr_440","nearest_station_name":"Macheon","nearest_station_name_ko":"마천","a":108,"c":108,"e":93,"g":99,"i":101,"k":89,"m":98,"o":115,"b":108,"d":108,"f":93,"h":99,"j":101,"l":89,"n":98,"p":115}},{"type":"Feature","geometry":{"type":"Polygon","coordinates":[[[126.97388,37.16089],[127.02363,37.16089],[126.99875,37.19505],[126.97388,37.16089]]]},"properties":{"row":-7,"col":8,"walk_min":65.6,"nearest_station_id":"kr_047","nearest_station_name":"Byeongjeom","nearest_station_name_ko":"병점","a":120,"c":120,"e":120,"g":120,"i":120,"k":120,"m":120,"o":120,"b":120,"d":120,"f":120,"h":120,"j":120,"l":120,"n":120,"p":120}},{"type":"Feature","geometry":{"type":"Polygon","coordinates":[[[126.97388,37.70743],[127.02363,37.70743],[126.99875,37.74159],[126.97388,37.70743]]]},"properties":{"row":9,"col":8,"walk_min":64.3,"nearest_station_id":"kr_449","nearest_station_name":"Mangwolsa (Shinhan University)","nearest_station_name_ko":"망월사(신한대학교)","a":109,"c":108,"e":117,"g":108,"i":120,"k":117,"m":109,"o":115,"b":109,"d":108,"f":117,"h":108,"j":120,"l":117,"n":109,"p":115}},{"type":"Feature","geometry":{"type":"Polygon","coordinates":[[[126.99875,37.33168],[127.02363,37.36584],[126.97388,37.36584],[126.99875,37.33168]]]},"properties":{"row":-2,"col":9,"walk_min":70.2,"nearest_station_id":"kr_072","nearest_station_name":"Gunpo","nearest_station_name_ko":"군포","a":113,"c":114,"e":112,"g":118,"i":106,"k":117,"m":120,"o":113,"b":113,"d":114,"f":112,"h":118,"j":106,"l":117,"n":120,"p":113}},{"type":"Feature","geometry":{"type":"Polygon","coordinates":[[[127.07338,37.77575],[127.12313,37.77575],[127.09825,37.8099],[127.07338,37.77575]]]},"properties":{"row":11,"col":12,"walk_min":66.4,"nearest_station_id":"kr_092","nearest_station_name":"Yangju","nearest_station_name_ko":"양주","a":116,"c":115,"e":120,"g":115,"i":120,"k":120,"m":116,"o":120,"b":116,"d":115,"f":120,"h":115,"j":120,"l":120,"n":116,"p":120}},{"type":"Feature","geometry":{"type":"Polygon","coordinates":[[[126.72512,37.70743],[126.77488,37.70743],[126.75,37.74159],[126.72512,37.70743]]]},"properties":{"row":9,"col":-2,"walk_min":65.8,"nearest_station_id":"kr_424","nearest_station_name":"Daehwa","nearest_station_name_ko":"대화","a":120,"c":120,"e":120,"g":120,"i":120,"k":120,"m":120,"o":120,"b":120,"d":120,"f":120,"h":120,"j":120,"l":120,"n":120,"p":120}},{"type":"Feature","geometry":{"type":"Polygon","coordinates":[[[127.148,37.33168],[127.17288,37.36584],[127.12313,37.36584],[127.148,37.33168]]]},"properties":{"row":-2,"col":15,"walk_min":61.1,"nearest_station_id":"kr_172","nearest_station_name":"Migeum","nearest_station_name_ko":"미금","a":113,"c":114,"e":97,"g":113,"i":104,"k":107,"m":114,"o":118,"b":113,"d":114,"f":97,"h":113,"j":104,"l":107,"n":114,"p":118}},{"type":"Feature","geometry":{"type":"Polygon","coordinates":[[[127.2475,37.67327],[127.27238,37.70743],[127.22263,37.70743],[127.2475,37.67327]]]},"properties":{"row":8,"col":19,"walk_min":51.7,"nearest_station_id":"kr_361","nearest_station_name":"Onam","nearest_station_name_ko":"오남","a":117,"c":115,"e":120,"g":115,"i":120,"k":120,"m":120,"o":120,"b":117,"d":115,"f":120,"h":115,"j":120,"l":120,"n":120,"p":120}},{"type":"Feature","geometry":{"type":"Polygon","coordinates":[[[127.22263,37.70743],[127.27238,37.70743],[127.2475,37.74159],[127.22263,37.70743]]]},"properties":{"row":9,"col":18,"walk_min":49.8,"nearest_station_id":"kr_470","nearest_station_name":"Jinjeop","nearest_station_name_ko":"진접","a":117,"c":115,"e":120,"g":115,"i":120,"k":120,"m":120,"o":120,"b":117,"d":115,"f":120,"h":115,"j":120,"l":120,"n":120,"p":120}},{"type":"Feature","geometry":{"type":"Polygon","coordinates":[[[127.0485,37.33168],[127.07338,37.36584],[127.02363,37.36584],[127.0485,37.33168]]]},"properties":{"row":-2,"col":11,"walk_min":62.7,"nearest_station_id":"kr_202","nearest_station_name":"Dongcheon","nearest_station_name_ko":"동천","a":117,"c":118,"e":103,"g":117,"i":110,"k":112,"m":118,"o":120,"b":117,"d":118,"f":103,"h":117,"j":110,"l":112,"n":118,"p":120}},{"type":"Feature","geometry":{"type":"Polygon","coordinates":[[[126.8495,37.67327],[126.87438,37.70743],[126.82463,37.70743],[126.8495,37.67327]]]},"properties":{"row":8,"col":3,"walk_min":83.6,"nearest_station_id":"kr_145","nearest_station_name":"Wondang","nearest_station_name_ko":"원당","a":112,"c":111,"e":120,"g":115,"i":120,"k":120,"m":120,"o":118,"b":112,"d":111,"f":120,"h":115,"j":120,"l":120,"n":120,"p":118}},{"type":"Feature","geometry":{"type":"Polygon","coordinates":[[[126.8495,37.67327],[126.89925,37.67327],[126.87438,37.70743],[126.8495,37.67327]]]},"properties":{"row":8,"col":4,"walk_min":61.3,"nearest_station_id":"kr_115","nearest_station_name":"Samsong","nearest_station_name_ko":"삼송","a":101,"c":98,"e":117,"g":105,"i":119,"k":120,"m":114,"o":110,"b":101,"d":98,"f":117,"h":105,"j":119,"l":120,"n":114,"p":110}},{"type":"Feature","geometry":{"type":"Polygon","coordinates":[[[126.97388,37.77575],[127.02363,37.77575],[126.99875,37.8099],[126.97388,37.77575]]]},"properties":{"row":11,"col":8,"walk_min":63.9,"nearest_station_id":"kr_092","nearest_station_name":"Yangju","nearest_station_name_ko":"양주","a":117,"c":116,"e":120,"g":116,"i":120,"k":120,"m":117,"o":120,"b":117,"d":116,"f":120,"h":116,"j":120,"l":120,"n":117,"p":120}},{"type":"Feature","geometry":{"type":"Polygon","coordinates":[[[126.6505,37.4],[126.67537,37.43416],[126.62562,37.43416],[126.6505,37.4]]]},"properties":{"row":0,"col":-5,"walk_min":70.0,"nearest_station_id":"kr_379","nearest_station_name":"Jemulpo","nearest_station_name_ko":"제물포","a":118,"c":119,"e":120,"g":120,"i":119,"k":120,"m":120,"o":117,"b":118,"d":119,"f":120,"h":120,"j":119,"l":120,"n":120,"p":117}},{"type":"Feature","geometry":{"type":"Polygon","coordinates":[[[126.6505,37.4],[126.70025,37.4],[126.67537,37.43416],[126.6505,37.4]]]},"properties":{"row":0,"col":-4,"walk_min":83.6,"nearest_station_id":"kr_248","nearest_station_name":"Juan","nearest_station_name_ko":"주안","a":118,"c":118,"e":120,"g":120,"i":119,"k":120,"m":120,"o":117,"b":118,"d":118,"f":120,"h":120,"j":119,"l":120,"n":120,"p":117}},{"type":"Feature","geometry":{"type":"Polygon","coordinates":[[[127.09825,37.8099],[127.12313,37.84406],[127.07338,37.84406],[127.09825,37.8099]]]},"properties":{"row":12,"col":13,"walk_min":104.0,"nearest_station_id":"kr_119","nearest_station_name":"Deokjeong (Seojeong College)","nearest_station_name_ko":"덕정(서정대학)","a":120,"c":120,"e":120,"g":120,"i":120,"k":120,"m":120,"o":120,"b":120,"d":120,"f":120,"h":120,"j":120,"l":120,"n":120,"p":120}},{"type":"Feature","geometry":{"type":"Polygon","coordinates":[[[126.70025,37.4],[126.72512,37.43416],[126.67537,37.43416],[126.70025,37.4]]]},"properties":{"row":0,"col":-3,"walk_min":65.6,"nearest_station_id":"kr_455","nearest_station_name":"Ganseok","nearest_station_name_ko":"간석","a":113,"c":115,"e":120,"g":120,"i":117,"k":120,"m":120,"o":111,"b":113,"d":115,"f":120,"h":120,"j":117,"l":120,"n":120,"p":111}},{"type":"Feature","geometry":{"type":"Polygon","coordinates":[[[126.6505,37.33168],[126.70025,37.33168],[126.67537,37.36584],[126.6505,37.33168]]]},"properties":{"row":-2,"col":-4,"walk_min":164.5,"nearest_station_id":"kr_428","nearest_station_name":"Oido","nearest_station_name_ko":"오이도","a":120,"c":120,"e":120,"g":120,"i":120,"k":120,"m":120,"o":120,"b":120,"d":120,"f":120,"h":120,"j":120,"l":120,"n":120,"p":120}},{"type":"Feature","geometry":{"type":"Polygon","coordinates":[[[126.97388,37.63911],[126.99875,37.67327],[126.949,37.67327],[126.97388,37.63911]]]},"properties":{"row":7,"col":7,"walk_min":64.2,"nearest_station_id":"kr_116","nearest_station_name":"Suyu (Gangbuk-gu Office)","nearest_station_name_ko":"수유(강북구청)","a":95,"c":93,"e":109,"g":95,"i":115,"k":116,"m":104,"o":104,"b":95,"d":93,"f":109,"h":95,"j":115,"l":116,"n":104,"p":104}},{"type":"Feature","geometry":{"type":"Polygon","coordinates":[[[127.12313,37.29752],[127.17288,37.29752],[127.148,37.33168],[127.12313,37.29752]]]},"properties":{"row":-3,"col":14,"walk_min":81.2,"nearest_station_id":"kr_233","nearest_station_name":"Suji-gu Office","nearest_station_name_ko":"수지구청","a":120,"c":120,"e":112,"g":120,"i":116,"k":117,"m":120,"o":120,"b":120,"d":120,"f":112,"h":120,"j":116,"l":117,"n":120,"p":120}},{"type":"Feature","geometry":{"type":"Polygon","coordinates":[[[126.89925,37.67327],[126.92413,37.70743],[126.87438,37.70743],[126.89925,37.67327]]]},"properties":{"row":8,"col":5,"walk_min":87.1,"nearest_station_id":"kr_115","nearest_station_name":"Samsong","nearest_station_name_ko":"삼송","a":112,"c":110,"e":120,"g":114,"i":120,"k":120,"m":119,"o":116,"b":112,"d":110,"f":120,"h":114,"j":120,"l":120,"n":119,"p":116}},{"type":"Feature","geometry":{"type":"Polygon","coordinates":[[[126.6505,37.67327],[126.70025,37.67327],[126.67537,37.70743],[126.6505,37.67327]]]},"properties":{"row":8,"col":-4,"walk_min":141.0,"nearest_station_id":"kr_424","nearest_station_name":"Daehwa","nearest_station_name_ko":"대화","a":120,"c":120,"e":120,"g":120,"i":120,"k":120,"m":120,"o":120,"b":120,"d":120,"f":120,"h":120,"j":120,"l":120,"n":120,"p":120}},{"type":"Feature","geometry":{"type":"Polygon","coordinates":[[[126.89925,37.67327],[126.949,37.67327],[126.92413,37.70743],[126.89925,37.67327]]]},"properties":{"row":8,"col":6,"walk_min":66.3,"nearest_station_id":"kr_104","nearest_station_name":"Jichuk","nearest_station_name_ko":"지축","a":100,"c":98,"e":115,"g":104,"i":117,"k":120,"m":112,"o":108,"b":100,"d":98,"f":115,"h":104,"j":117,"l":120,"n":112,"p":108}},{"type":"Feature","geometry":{"type":"Polygon","coordinates":[[[126.949,37.67327],[126.97388,37.70743],[126.92413,37.70743],[126.949,37.67327]]]},"properties":{"row":8,"col":7,"walk_min":90.3,"nearest_station_id":"kr_104","nearest_station_name":"Jichuk","nearest_station_name_ko":"지축","a":115,"c":114,"e":119,"g":117,"i":120,"k":120,"m":119,"o":119,"b":115,"d":114,"f":119,"h":117,"j":120,"l":120,"n":119,"p":119}},{"type":"Feature","geometry":{"type":"Polygon","coordinates":[[[127.19775,37.60495],[127.22263,37.63911],[127.17288,37.63911],[127.19775,37.60495]]]},"properties":{"row":6,"col":17,"walk_min":70.3,"nearest_station_id":"kr_352","nearest_station_name":"Dasan","nearest_station_name_ko":"다산","a":117,"c":116,"e":111,"g":106,"i":119,"k":108,"m":113,"o":120,"b":117,"d":116,"f":111,"h":106,"j":119,"l":108,"n":113,"p":120}},{"type":"Feature","geometry":{"type":"Polygon","coordinates":[[[127.17288,37.63911],[127.22263,37.63911],[127.19775,37.67327],[127.17288,37.63911]]]},"properties":{"row":7,"col":16,"walk_min":75.7,"nearest_station_id":"kr_361","nearest_station_name":"Onam","nearest_station_name_ko":"오남","a":119,"c":119,"e":117,"g":115,"i":120,"k":116,"m":118,"o":120,"b":119,"d":119,"f":117,"h":115,"j":120,"l":116,"n":118,"p":120}},{"type":"Feature","geometry":{"type":"Polygon","coordinates":[[[126.77488,37.70743],[126.79975,37.74159],[126.75,37.74159],[126.77488,37.70743]]]},"properties":{"row":9,"col":-1,"walk_min":88.4,"nearest_station_id":"kr_424","nearest_station_name":"Daehwa","nearest_station_name_ko":"대화","a":120,"c":120,"e":120,"g":120,"i":120,"k":120,"m":120,"o":120,"b":120,"d":120,"f":120,"h":120,"j":120,"l":120,"n":120,"p":120}},{"type":"Feature","geometry":{"type":"Polygon","coordinates":[[[126.77488,37.70743],[126.82463,37.70743],[126.79975,37.74159],[126.77488,37.70743]]]},"properties":{"row":9,"col":0,"walk_min":95.2,"nearest_station_id":"kr_350","nearest_station_name":"Juyeop","nearest_station_name_ko":"주엽","a":120,"c":120,"e":120,"g":120,"i":120,"k":120,"m":120,"o":120,"b":120,"d":120,"f":120,"h":120,"j":120,"l":120,"n":120,"p":120}},{"type":"Feature","geometry":{"type":"Polygon","coordinates":[[[126.67537,37.70743],[126.72512,37.70743],[126.70025,37.74159],[126.67537,37.70743]]]},"properties":{"row":9,"col":-4,"walk_min":96.4,"nearest_station_id":"kr_424","nearest_station_name":"Daehwa","nearest_station_name_ko":"대화","a":120,"c":120,"e":120,"g":120,"i":120,"k":120,"m":120,"o":120,"b":120,"d":120,"f":120,"h":120,"j":120,"l":120,"n":120,"p":120}},{"type":"Feature","geometry":{"type":"Polygon","coordinates":[[[126.72512,37.70743],[126.75,37.74159],[126.70025,37.74159],[126.72512,37.70743]]]},"properties":{"row":9,"col":-3,"walk_min":90.1,"nearest_station_id":"kr_424","nearest_station_name":"Daehwa","nearest_station_name_ko":"대화","a":120,"c":120,"e":120,"g":120,"i":120,"k":120,"m":120,"o":120,"b":120,"d":120,"f":120,"h":120,"j":120,"l":120,"n":120,"p":120}},{"type":"Feature","geometry":{"type":"Polygon","coordinates":[[[126.60075,37.4],[126.6505,37.4],[126.62562,37.43416],[126.60075,37.4]]]},"properties":{"row":0,"col":-6,"walk_min":92.9,"nearest_station_id":"kr_457","nearest_station_name":"Dowon","nearest_station_name_ko":"도원","a":120,"c":120,"e":120,"g":120,"i":120,"k":120,"m":120,"o":120,"b":120,"d":120,"f":120,"h":120,"j":120,"l":120,"n":120,"p":120}},{"type":"Feature","geometry":{"type":"Polygon","coordinates":[[[127.02363,37.36584],[127.07338,37.36584],[127.0485,37.4],[127.02363,37.36584]]]},"properties":{"row":-1,"col":10,"walk_min":77.0,"nearest_station_id":"kr_148","nearest_station_name":"Jeongja","nearest_station_name_ko":"정자","a":119,"c":119,"e":109,"g":120,"i":109,"k":119,"m":120,"o":120,"b":119,"d":119,"f":109,"h":120,"j":109,"l":119,"n":120,"p":120}},{"type":"Feature","geometry":{"type":"Polygon","coordinates":[[[126.70025,37.4],[126.75,37.4],[126.72512,37.43416],[126.70025,37.4]]]},"properties":{"row":0,"col":-2,"walk_min":83.5,"nearest_station_id":"kr_428","nearest_station_name":"Oido","nearest_station_name_ko":"오이도","a":120,"c":120,"e":120,"g":120,"i":120,"k":120,"m":120,"o":120,"b":120,"d":120,"f":120,"h":120,"j":120,"l":120,"n":120,"p":120}},{"type":"Feature","geometry":{"type":"Polygon","coordinates":[[[126.75,37.4],[126.77488,37.43416],[126.72512,37.43416],[126.75,37.4]]]},"properties":{"row":0,"col":-1,"walk_min":83.0,"nearest_station_id":"kr_378","nearest_station_name":"Dongam","nearest_station_name_ko":"동암","a":120,"c":120,"e":120,"g":120,"i":120,"k":120,"m":120,"o":120,"b":120,"d":120,"f":120,"h":120,"j":120,"l":120,"n":120,"p":120}},{"type":"Feature","geometry":{"type":"Polygon","coordinates":[[[126.67537,37.29752],[126.72512,37.29752],[126.70025,37.33168],[126.67537,37.29752]]]},"properties":{"row":-3,"col":-4,"walk_min":71.9,"nearest_station_id":"kr_351","nearest_station_name":"Jeongwang","nearest_station_name_ko":"정왕","a":120,"c":120,"e":120,"g":120,"i":120,"k":120,"m":120,"o":120,"b":120,"d":120,"f":120,"h":120,"j":120,"l":120,"n":120,"p":120}},{"type":"Feature","geometry":{"type":"Polygon","coordinates":[[[126.67537,37.29752],[126.70025,37.33168],[126.6505,37.33168],[126.67537,37.29752]]]},"properties":{"row":-3,"col":-5,"walk_min":145.9,"nearest_station_id":"kr_351","nearest_station_name":"Jeongwang","nearest_station_name_ko":"정왕","a":120,"c":120,"e":120,"g":120,"i":120,"k":120,"m":120,"o":120,"b":120,"d":120,"f":120,"h":120,"j":120,"l":120,"n":120,"p":120}},{"type":"Feature","geometry":{"type":"Polygon","coordinates":[[[126.75,37.4],[126.79975,37.4],[126.77488,37.43416],[126.75,37.4]]]},"properties":{"row":0,"col":0,"walk_min":97.6,"nearest_station_id":"kr_428","nearest_station_name":"Oido","nearest_station_name_ko":"오이도","a":120,"c":120,"e":120,"g":120,"i":120,"k":120,"m":120,"o":120,"b":120,"d":120,"f":120,"h":120,"j":120,"l":120,"n":120,"p":120}},{"type":"Feature","geometry":{"type":"Polygon","coordinates":[[[127.12313,37.70743],[127.148,37.74159],[127.09825,37.74159],[127.12313,37.70743]]]},"properties":{"row":9,"col":13,"walk_min":90.5,"nearest_station_id":"kr_065","nearest_station_name":"Uijeongbu","nearest_station_name_ko":"의정부","a":120,"c":119,"e":120,"g":119,"i":120,"k":120,"m":120,"o":120,"b":120,"d":119,"f":120,"h":119,"j":120,"l":120,"n":120,"p":120}},{"type":"Feature","geometry":{"type":"Polygon","coordinates":[[[126.70025,37.53663],[126.72512,37.57079],[126.67537,37.57079],[126.70025,37.53663]]]},"properties":{"row":4,"col":-3,"walk_min":74.3,"nearest_station_id":"kr_258","nearest_station_name":"Sangok","nearest_station_name_ko":"산곡","a":120,"c":120,"e":120,"g":120,"i":120,"k":120,"m":120,"o":120,"b":120,"d":120,"f":120,"h":120,"j":120,"l":120,"n":120,"p":120}},{"type":"Feature","geometry":{"type":"Polygon","coordinates":[[[126.60075,37.4],[126.62562,37.43416],[126.57587,37.43416],[126.60075,37.4]]]},"properties":{"row":0,"col":-7,"walk_min":84.0,"nearest_station_id":"kr_458","nearest_station_name":"Incheon","nearest_station_name_ko":"인천","a":120,"c":120,"e":120,"g":120,"i":120,"k":120,"m":120,"o":120,"b":120,"d":120,"f":120,"h":120,"j":120,"l":120,"n":120,"p":120}},{"type":"Feature","geometry":{"type":"Polygon","coordinates":[[[126.99875,37.8099],[127.02363,37.84406],[126.97388,37.84406],[126.99875,37.8099]]]},"properties":{"row":12,"col":9,"walk_min":100.5,"nearest_station_id":"kr_119","nearest_station_name":"Deokjeong (Seojeong College)","nearest_station_name_ko":"덕정(서정대학)","a":120,"c":120,"e":120,"g":120,"i":120,"k":120,"m":120,"o":120,"b":120,"d":120,"f":120,"h":120,"j":120,"l":120,"n":120,"p":120}},{"type":"Feature","geometry":{"type":"Polygon","coordinates":[[[127.22263,37.63911],[127.2475,37.67327],[127.19775,37.67327],[127.22263,37.63911]]]},"properties":{"row":7,"col":17,"walk_min":89.8,"nearest_station_id":"kr_361","nearest_station_name":"Onam","nearest_station_name_ko":"오남","a":120,"c":120,"e":120,"g":120,"i":120,"k":120,"m":120,"o":120,"b":120,"d":120,"f":120,"h":120,"j":120,"l":120,"n":120,"p":120}},{"type":"Feature","geometry":{"type":"Polygon","coordinates":[[[126.67537,37.63911],[126.70025,37.67327],[126.6505,37.67327],[126.67537,37.63911]]]},"properties":{"row":7,"col":-5,"walk_min":199.8,"nearest_station_id":"kr_424","nearest_station_name":"Daehwa","nearest_station_name_ko":"대화","a":120,"c":120,"e":120,"g":120,"i":120,"k":120,"m":120,"o":120,"b":120,"d":120,"f":120,"h":120,"j":120,"l":120,"n":120,"p":120}},{"type":"Feature","geometry":{"type":"Polygon","coordinates":[[[126.92413,37.22921],[126.97388,37.22921],[126.949,37.26337],[126.92413,37.22921]]]},"properties":{"row":-5,"col":6,"walk_min":84.0,"nearest_station_id":"kr_043","nearest_station_name":"Suwon","nearest_station_name_ko":"수원","a":120,"c":120,"e":120,"g":120,"i":120,"k":120,"m":120,"o":120,"b":120,"d":120,"f":120,"h":120,"j":120,"l":120,"n":120,"p":120}},{"type":"Feature","geometry":{"type":"Polygon","coordinates":[[[127.27238,37.70743],[127.29725,37.74159],[127.2475,37.74159],[127.27238,37.70743]]]},"properties":{"row":9,"col":19,"walk_min":55.6,"nearest_station_id":"kr_470","nearest_station_name":"Jinjeop","nearest_station_name_ko":"진접","a":120,"c":120,"e":120,"g":120,"i":120,"k":120,"m":120,"o":120,"b":120,"d":120,"f":120,"h":120,"j":120,"l":120,"n":120,"p":120}},{"type":"Feature","geometry":{"type":"Polygon","coordinates":[[[127.2475,37.74159],[127.27238,37.77575],[127.22263,37.77575],[127.2475,37.74159]]]},"properties":{"row":10,"col":19,"walk_min":55.6,"nearest_station_id":"kr_470","nearest_station_name":"Jinjeop","nearest_station_name_ko":"진접","a":120,"c":120,"e":120,"g":120,"i":120,"k":120,"m":120,"o":120,"b":120,"d":120,"f":120,"h":120,"j":120,"l":120,"n":120,"p":120}},{"type":"Feature","geometry":{"type":"Polygon","coordinates":[[[126.57587,37.43416],[126.60075,37.46832],[126.551,37.46832],[126.57587,37.43416]]]},"properties":{"row":1,"col":-9,"walk_min":68.8,"nearest_station_id":"kr_458","nearest_station_name":"Incheon","nearest_station_name_ko":"인천","a":120,"c":120,"e":120,"g":120,"i":120,"k":120,"m":120,"o":120,"b":120,"d":120,"f":120,"h":120,"j":120,"l":120,"n":120,"p":120}},{"type":"Feature","geometry":{"type":"Polygon","coordinates":[[[126.79975,37.4],[126.82463,37.43416],[126.77488,37.43416],[126.79975,37.4]]]},"properties":{"row":0,"col":1,"walk_min":86.2,"nearest_station_id":"kr_451","nearest_station_name":"Sosa","nearest_station_name_ko":"소사","a":119,"c":120,"e":120,"g":120,"i":120,"k":120,"m":120,"o":117,"b":117,"d":118,"f":120,"h":120,"j":120,"l":120,"n":120,"p":117}},{"type":"Feature","geometry":{"type":"Polygon","coordinates":[[[126.949,37.67327],[126.99875,37.67327],[126.97388,37.70743],[126.949,37.67327]]]},"properties":{"row":8,"col":8,"walk_min":82.5,"nearest_station_id":"kr_410","nearest_station_name":"Dobong","nearest_station_name_ko":"도봉","a":118,"c":117,"e":120,"g":119,"i":120,"k":120,"m":120,"o":120,"b":118,"d":117,"f":120,"h":119,"j":120,"l":120,"n":120,"p":120}},{"type":"Feature","geometry":{"type":"Polygon","coordinates":[[[126.99875,37.33168],[127.0485,37.33168],[127.02363,37.36584],[126.99875,37.33168]]]},"properties":{"row":-2,"col":10,"walk_min":79.0,"nearest_station_id":"kr_444","nearest_station_name":"Gwanggyo","nearest_station_name_ko":"광교","a":120,"c":120,"e":120,"g":120,"i":119,"k":120,"m":120,"o":120,"b":120,"d":120,"f":120,"h":120,"j":119,"l":120,"n":120,"p":120}},{"type":"Feature","geometry":{"type":"Polygon","coordinates":[[[127.12313,37.16089],[127.148,37.19505],[127.09825,37.19505],[127.12313,37.16089]]]},"properties":{"row":-7,"col":13,"walk_min":90.0,"nearest_station_id":"kr_416","nearest_station_name":"Osan College","nearest_station_name_ko":"오산대","a":120,"c":120,"e":120,"g":120,"i":120,"k":120,"m":120,"o":120,"b":120,"d":120,"f":120,"h":120,"j":120,"l":120,"n":120,"p":120}},{"type":"Feature","geometry":{"type":"Polygon","coordinates":[[[127.09825,37.19505],[127.148,37.19505],[127.12313,37.22921],[127.09825,37.19505]]]},"properties":{"row":-6,"col":14,"walk_min":93.7,"nearest_station_id":"kr_416","nearest_station_name":"Osan College","nearest_station_name_ko":"오산대","a":120,"c":120,"e":120,"g":120,"i":120,"k":120,"m":120,"o":120,"b":120,"d":120,"f":120,"h":120,"j":120,"l":120,"n":120,"p":120}},{"type":"Feature","geometry":{"type":"Polygon","coordinates":[[[127.19775,37.46832],[127.2475,37.46832],[127.22263,37.50248],[127.19775,37.46832]]]},"properties":{"row":2,"col":18,"walk_min":89.5,"nearest_station_id":"kr_232","nearest_station_name":"Namhansanseong","nearest_station_name_ko":"남한산성입구","a":120,"c":120,"e":117,"g":120,"i":120,"k":114,"m":120,"o":120,"b":120,"d":120,"f":117,"h":120,"j":120,"l":114,"n":120,"p":120}},{"type":"Feature","geometry":{"type":"Polygon","coordinates":[[[127.22263,37.50248],[127.27238,37.50248],[127.2475,37.53663],[127.22263,37.50248]]]},"properties":{"row":3,"col":18,"walk_min":112.2,"nearest_station_id":"kr_469","nearest_station_name":"Hanam Geomdansan","nearest_station_name_ko":"하남검단산","a":120,"c":120,"e":120,"g":120,"i":120,"k":120,"m":120,"o":120,"b":120,"d":120,"f":120,"h":120,"j":120,"l":120,"n":120,"p":120}},{"type":"Feature","geometry":{"type":"Polygon","coordinates":[[[127.22263,37.43416],[127.2475,37.46832],[127.19775,37.46832],[127.22263,37.43416]]]},"properties":{"row":1,"col":17,"walk_min":82.2,"nearest_station_id":"kr_232","nearest_station_name":"Namhansanseong","nearest_station_name_ko":"남한산성입구","a":120,"c":120,"e":111,"g":120,"i":118,"k":107,"m":115,"o":120,"b":120,"d":120,"f":111,"h":120,"j":118,"l":107,"n":115,"p":120}},{"type":"Feature","geometry":{"type":"Polygon","coordinates":[[[126.82463,37.36584],[126.8495,37.4],[126.79975,37.4],[126.82463,37.36584]]]},"properties":{"row":-1,"col":1,"walk_min":93.1,"nearest_station_id":"kr_263","nearest_station_name":"Ansan","nearest_station_name_ko":"안산","a":120,"c":120,"e":120,"g":120,"i":120,"k":120,"m":120,"o":120,"b":120,"d":120,"f":120,"h":120,"j":120,"l":120,"n":120,"p":120}},{"type":"Feature","geometry":{"type":"Polygon","coordinates":[[[127.0485,37.12673],[127.07338,37.16089],[127.02363,37.16089],[127.0485,37.12673]]]},"properties":{"row":-8,"col":11,"walk_min":64.6,"nearest_station_id":"kr_416","nearest_station_name":"Osan College","nearest_station_name_ko":"오산대","a":120,"c":120,"e":120,"g":120,"i":120,"k":120,"m":120,"o":120,"b":120,"d":120,"f":120,"h":120,"j":120,"l":120,"n":120,"p":120}},{"type":"Feature","geometry":{"type":"Polygon","coordinates":[[[127.148,37.26337],[127.17288,37.29752],[127.12313,37.29752],[127.148,37.26337]]]},"properties":{"row":-4,"col":15,"walk_min":99.3,"nearest_station_id":"kr_233","nearest_station_name":"Suji-gu Office","nearest_station_name_ko":"수지구청","a":120,"c":120,"e":120,"g":120,"i":120,"k":120,"m":120,"o":120,"b":120,"d":120,"f":120,"h":120,"j":120,"l":120,"n":120,"p":120}},{"type":"Feature","geometry":{"type":"Polygon","coordinates":[[[126.60075,37.53663],[126.6505,37.53663],[126.62562,37.57079],[126.60075,37.53663]]]},"properties":{"row":4,"col":-6,"walk_min":119.8,"nearest_station_id":"kr_458","nearest_station_name":"Incheon","nearest_station_name_ko":"인천","a":120,"c":120,"e":120,"g":120,"i":120,"k":120,"m":120,"o":120,"b":120,"d":120,"f":120,"h":120,"j":120,"l":120,"n":120,"p":120}},{"type":"Feature","geometry":{"type":"Polygon","coordinates":[[[127.12313,37.77575],[127.148,37.8099],[127.09825,37.8099],[127.12313,37.77575]]]},"properties":{"row":11,"col":13,"walk_min":103.7,"nearest_station_id":"kr_447","nearest_station_name":"Deokgye","nearest_station_name_ko":"덕계","a":120,"c":120,"e":120,"g":120,"i":120,"k":120,"m":120,"o":120,"b":120,"d":120,"f":120,"h":120,"j":120,"l":120,"n":120,"p":120}},{"type":"Feature","geometry":{"type":"Polygon","coordinates":[[[127.09825,37.8099],[127.148,37.8099],[127.12313,37.84406],[127.09825,37.8099]]]},"properties":{"row":12,"col":14,"walk_min":101.4,"nearest_station_id":"kr_447","nearest_station_name":"Deokgye","nearest_station_name_ko":"덕계","a":120,"c":120,"e":120,"g":120,"i":120,"k":120,"m":120,"o":120,"b":120,"d":120,"f":120,"h":120,"j":120,"l":120,"n":120,"p":120}},{"type":"Feature","geometry":{"type":"Polygon","coordinates":[[[127.07338,37.22921],[127.12313,37.22921],[127.09825,37.26337],[127.07338,37.22921]]]},"properties":{"row":-5,"col":12,"walk_min":90.2,"nearest_station_id":"kr_357","nearest_station_name":"Gwanggyo Jungang","nearest_station_name_ko":"광교중앙","a":120,"c":120,"e":120,"g":120,"i":120,"k":120,"m":120,"o":120,"b":120,"d":120,"f":120,"h":120,"j":120,"l":120,"n":120,"p":120}},{"type":"Feature","geometry":{"type":"Polygon","coordinates":[[[126.949,37.74159],[126.99875,37.74159],[126.97388,37.77575],[126.949,37.74159]]]},"properties":{"row":10,"col":8,"walk_min":100.6,"nearest_station_id":"kr_421","nearest_station_name":"Nogyang","nearest_station_name_ko":"녹양","a":120,"c":120,"e":120,"g":120,"i":120,"k":120,"m":120,"o":120,"b":120,"d":120,"f":120,"h":120,"j":120,"l":120,"n":120,"p":120}},{"type":"Feature","geometry":{"type":"Polygon","coordinates":[[[126.97388,37.77575],[126.99875,37.8099],[126.949,37.8099],[126.97388,37.77575]]]},"properties":{"row":11,"col":7,"walk_min":97.1,"nearest_station_id":"kr_092","nearest_station_name":"Yangju","nearest_station_name_ko":"양주","a":120,"c":120,"e":120,"g":120,"i":120,"k":120,"m":120,"o":120,"b":120,"d":120,"f":120,"h":120,"j":120,"l":120,"n":120,"p":120}},{"type":"Feature","geometry":{"type":"Polygon","coordinates":[[[126.72512,37.57079],[126.75,37.60495],[126.70025,37.60495],[126.72512,37.57079]]]},"properties":{"row":5,"col":-3,"walk_min":113.2,"nearest_station_id":"kr_429","nearest_station_name":"Gaehwa","nearest_station_name_ko":"개화","a":120,"c":120,"e":120,"g":120,"i":120,"k":120,"m":120,"o":120,"b":120,"d":120,"f":120,"h":120,"j":120,"l":120,"n":120,"p":120}},{"type":"Feature","geometry":{"type":"Polygon","coordinates":[[[126.70025,37.60495],[126.75,37.60495],[126.72512,37.63911],[126.70025,37.60495]]]},"properties":{"row":6,"col":-2,"walk_min":125.3,"nearest_station_id":"kr_261","nearest_station_name":"Madu","nearest_station_name_ko":"마두","a":120,"c":120,"e":120,"g":120,"i":120,"k":120,"m":120,"o":120,"b":120,"d":120,"f":120,"h":120,"j":120,"l":120,"n":120,"p":120}},{"type":"Feature","geometry":{"type":"Polygon","coordinates":[[[127.12313,37.22921],[127.148,37.26337],[127.09825,37.26337],[127.12313,37.22921]]]},"properties":{"row":-5,"col":13,"walk_min":107.5,"nearest_station_id":"kr_307","nearest_station_name":"Sanghyeon","nearest_station_name_ko":"상현","a":120,"c":120,"e":120,"g":120,"i":120,"k":120,"m":120,"o":120,"b":120,"d":120,"f":120,"h":120,"j":120,"l":120,"n":120,"p":120}},{"type":"Feature","geometry":{"type":"Polygon","coordinates":[[[126.97388,37.70743],[126.99875,37.74159],[126.949,37.74159],[126.97388,37.70743]]]},"properties":{"row":9,"col":7,"walk_min":104.8,"nearest_station_id":"kr_448","nearest_station_name":"Ganeung","nearest_station_name_ko":"가능","a":120,"c":120,"e":120,"g":120,"i":120,"k":120,"m":120,"o":120,"b":120,"d":120,"f":120,"h":120,"j":120,"l":120,"n":120,"p":120}},{"type":"Feature","geometry":{"type":"Polygon","coordinates":[[[127.09825,37.74159],[127.148,37.74159],[127.12313,37.77575],[127.09825,37.74159]]]},"properties":{"row":10,"col":14,"walk_min":100.6,"nearest_station_id":"kr_065","nearest_station_name":"Uijeongbu","nearest_station_name_ko":"의정부","a":120,"c":120,"e":120,"g":120,"i":120,"k":120,"m":120,"o":120,"b":120,"d":120,"f":120,"h":120,"j":120,"l":120,"n":120,"p":120}},{"type":"Feature","geometry":{"type":"Polygon","coordinates":[[[126.77488,37.22921],[126.79975,37.26337],[126.75,37.26337],[126.77488,37.22921]]]},"properties":{"row":-5,"col":-1,"walk_min":268.9,"nearest_station_id":"kr_230","nearest_station_name":"Choji","nearest_station_name_ko":"초지","a":120,"c":120,"e":120,"g":120,"i":120,"k":120,"m":120,"o":120,"b":120,"d":120,"f":120,"h":120,"j":120,"l":120,"n":120,"p":120}},{"type":"Feature","geometry":{"type":"Polygon","coordinates":[[[127.148,37.33168],[127.19775,37.33168],[127.17288,37.36584],[127.148,37.33168]]]},"properties":{"row":-2,"col":16,"walk_min":97.2,"nearest_station_id":"kr_172","nearest_station_name":"Migeum","nearest_station_name_ko":"미금","a":120,"c":120,"e":120,"g":120,"i":120,"k":120,"m":120,"o":120,"b":120,"d":120,"f":120,"h":120,"j":120,"l":120,"n":120,"p":120}},{"type":"Feature","geometry":{"type":"Polygon","coordinates":[[[126.6505,37.53663],[126.67537,37.57079],[126.62562,37.57079],[126.6505,37.53663]]]},"properties":{"row":4,"col":-5,"walk_min":107.5,"nearest_station_id":"kr_258","nearest_station_name":"Sangok","nearest_station_name_ko":"산곡","a":120,"c":120,"e":120,"g":120,"i":120,"k":120,"m":120,"o":120,"b":120,"d":120,"f":120,"h":120,"j":120,"l":120,"n":120,"p":120}},{"type":"Feature","geometry":{"type":"Polygon","coordinates":[[[126.97388,37.16089],[126.99875,37.19505],[126.949,37.19505],[126.97388,37.16089]]]},"properties":{"row":-7,"col":7,"walk_min":105.7,"nearest_station_id":"kr_047","nearest_station_name":"Byeongjeom","nearest_station_name_ko":"병점","a":120,"c":120,"e":120,"g":120,"i":120,"k":120,"m":120,"o":120,"b":120,"d":120,"f":120,"h":120,"j":120,"l":120,"n":120,"p":120}},{"type":"Feature","geometry":{"type":"Polygon","coordinates":[[[126.949,37.19505],[126.99875,37.19505],[126.97388,37.22921],[126.949,37.19505]]]},"properties":{"row":-6,"col":8,"walk_min":101.2,"nearest_station_id":"kr_047","nearest_station_name":"Byeongjeom","nearest_station_name_ko":"병점","a":120,"c":120,"e":120,"g":120,"i":120,"k":120,"m":120,"o":120,"b":120,"d":120,"f":120,"h":120,"j":120,"l":120,"n":120,"p":120}},{"type":"Feature","geometry":{"type":"Polygon","coordinates":[[[127.17288,37.29752],[127.19775,37.33168],[127.148,37.33168],[127.17288,37.29752]]]},"properties":{"row":-3,"col":15,"walk_min":114.6,"nearest_station_id":"kr_202","nearest_station_name":"Dongcheon","nearest_station_name_ko":"동천","a":120,"c":120,"e":120,"g":120,"i":120,"k":120,"m":120,"o":120,"b":120,"d":120,"f":120,"h":120,"j":120,"l":120,"n":120,"p":120}},{"type":"Feature","geometry":{"type":"Polygon","coordinates":[[[127.19775,37.60495],[127.2475,37.60495],[127.22263,37.63911],[127.19775,37.60495]]]},"properties":{"row":6,"col":18,"walk_min":94.6,"nearest_station_id":"kr_331","nearest_station_name":"Misa","nearest_station_name_ko":"미사","a":120,"c":120,"e":120,"g":120,"i":120,"k":120,"m":120,"o":120,"b":120,"d":120,"f":120,"h":120,"j":120,"l":120,"n":120,"p":120}},{"type":"Feature","geometry":{"type":"Polygon","coordinates":[[[126.67537,37.36584],[126.70025,37.4],[126.6505,37.4],[126.67537,37.36584]]]},"properties":{"row":-1,"col":-5,"walk_min":117.2,"nearest_station_id":"kr_428","nearest_station_name":"Oido","nearest_station_name_ko":"오이도","a":120,"c":120,"e":120,"g":120,"i":120,"k":120,"m":120,"o":120,"b":120,"d":120,"f":120,"h":120,"j":120,"l":120,"n":120,"p":120}},{"type":"Feature","geometry":{"type":"Polygon","coordinates":[[[126.70025,37.26337],[126.72512,37.29752],[126.67537,37.29752],[126.70025,37.26337]]]},"properties":{"row":-4,"col":-3,"walk_min":267.1,"nearest_station_id":"kr_427","nearest_station_name":"Singiloncheon","nearest_station_name_ko":"신길온천","a":120,"c":120,"e":120,"g":120,"i":120,"k":120,"m":120,"o":120,"b":120,"d":120,"f":120,"h":120,"j":120,"l":120,"n":120,"p":120}},{"type":"Feature","geometry":{"type":"Polygon","coordinates":[[[126.70025,37.26337],[126.75,37.26337],[126.72512,37.29752],[126.70025,37.26337]]]},"properties":{"row":-4,"col":-2,"walk_min":324.0,"nearest_station_id":"kr_427","nearest_station_name":"Singiloncheon","nearest_station_name_ko":"신길온천","a":120,"c":120,"e":120,"g":120,"i":120,"k":120,"m":120,"o":120,"b":120,"d":120,"f":120,"h":120,"j":120,"l":120,"n":120,"p":120}},{"type":"Feature","geometry":{"type":"Polygon","coordinates":[[[126.70025,37.74159],[126.75,37.74159],[126.72512,37.77575],[126.70025,37.74159]]]},"properties":{"row":10,"col":-2,"walk_min":123.8,"nearest_station_id":"kr_424","nearest_station_name":"Daehwa","nearest_station_name_ko":"대화","a":120,"c":120,"e":120,"g":120,"i":120,"k":120,"m":120,"o":120,"b":120,"d":120,"f":120,"h":120,"j":120,"l":120,"n":120,"p":120}},{"type":"Feature","geometry":{"type":"Polygon","coordinates":[[[126.75,37.74159],[126.77488,37.77575],[126.72512,37.77575],[126.75,37.74159]]]},"properties":{"row":10,"col":-1,"walk_min":139.9,"nearest_station_id":"kr_424","nearest_station_name":"Daehwa","nearest_station_name_ko":"대화","a":120,"c":120,"e":120,"g":120,"i":120,"k":120,"m":120,"o":120,"b":120,"d":120,"f":120,"h":120,"j":120,"l":120,"n":120,"p":120}},{"type":"Feature","geometry":{"type":"Polygon","coordinates":[[[126.75,37.74159],[126.79975,37.74159],[126.77488,37.77575],[126.75,37.74159]]]},"properties":{"row":10,"col":0,"walk_min":130.2,"nearest_station_id":"kr_424","nearest_station_name":"Daehwa","nearest_station_name_ko":"대화","a":120,"c":120,"e":120,"g":120,"i":120,"k":120,"m":120,"o":120,"b":120,"d":120,"f":120,"h":120,"j":120,"l":120,"n":120,"p":120}},{"type":"Feature","geometry":{"type":"Polygon","coordinates":[[[126.949,37.8099],[126.99875,37.8099],[126.97388,37.84406],[126.949,37.8099]]]},"properties":{"row":12,"col":8,"walk_min":106.9,"nearest_station_id":"kr_447","nearest_station_name":"Deokgye","nearest_station_name_ko":"덕계","a":120,"c":120,"e":120,"g":120,"i":120,"k":120,"m":120,"o":120,"b":120,"d":120,"f":120,"h":120,"j":120,"l":120,"n":120,"p":120}},{"type":"Feature","geometry":{"type":"Polygon","coordinates":[[[126.6505,37.67327],[126.67537,37.70743],[126.62562,37.70743],[126.6505,37.67327]]]},"properties":{"row":8,"col":-5,"walk_min":266.1,"nearest_station_id":"kr_424","nearest_station_name":"Daehwa","nearest_station_name_ko":"대화","a":120,"c":120,"e":120,"g":120,"i":120,"k":120,"m":120,"o":120,"b":120,"d":120,"f":120,"h":120,"j":120,"l":120,"n":120,"p":120}},{"type":"Feature","geometry":{"type":"Polygon","coordinates":[[[126.82463,37.70743],[126.87438,37.70743],[126.8495,37.74159],[126.82463,37.70743]]]},"properties":{"row":9,"col":2,"walk_min":130.1,"nearest_station_id":"kr_145","nearest_station_name":"Wondang","nearest_station_name_ko":"원당","a":120,"c":120,"e":120,"g":120,"i":120,"k":120,"m":120,"o":120,"b":120,"d":120,"f":120,"h":120,"j":120,"l":120,"n":120,"p":120}},{"type":"Feature","geometry":{"type":"Polygon","coordinates":[[[126.551,37.4],[126.60075,37.4],[126.57587,37.43416],[126.551,37.4]]]},"properties":{"row":0,"col":-8,"walk_min":92.7,"nearest_station_id":"kr_458","nearest_station_name":"Incheon","nearest_station_name_ko":"인천","a":120,"c":120,"e":120,"g":120,"i":120,"k":120,"m":120,"o":120,"b":120,"d":120,"f":120,"h":120,"j":120,"l":120,"n":120,"p":120}},{"type":"Feature","geometry":{"type":"Polygon","coordinates":[[[126.92413,37.70743],[126.949,37.74159],[126.89925,37.74159],[126.92413,37.70743]]]},"properties":{"row":9,"col":5,"walk_min":136.9,"nearest_station_id":"kr_115","nearest_station_name":"Samsong","nearest_station_name_ko":"삼송","a":120,"c":120,"e":120,"g":120,"i":120,"k":120,"m":120,"o":120,"b":120,"d":120,"f":120,"h":120,"j":120,"l":120,"n":120,"p":120}},{"type":"Feature","geometry":{"type":"Polygon","coordinates":[[[126.92413,37.70743],[126.97388,37.70743],[126.949,37.74159],[126.92413,37.70743]]]},"properties":{"row":9,"col":6,"walk_min":115.9,"nearest_station_id":"kr_449","nearest_station_name":"Mangwolsa (Shinhan University)","nearest_station_name_ko":"망월사(신한대학교)","a":120,"c":120,"e":120,"g":120,"i":120,"k":120,"m":120,"o":120,"b":120,"d":120,"f":120,"h":120,"j":120,"l":120,"n":120,"p":120}},{"type":"Feature","geometry":{"type":"Polygon","coordinates":[[[126.62562,37.36584],[126.6505,37.4],[126.60075,37.4],[126.62562,37.36584]]]},"properties":{"row":-1,"col":-7,"walk_min":121.4,"nearest_station_id":"kr_428","nearest_station_name":"Oido","nearest_station_name_ko":"오이도","a":120,"c":120,"e":120,"g":120,"i":120,"k":120,"m":120,"o":120,"b":120,"d":120,"f":120,"h":120,"j":120,"l":120,"n":120,"p":120}},{"type":"Feature","geometry":{"type":"Polygon","coordinates":[[[126.62562,37.36584],[126.67537,37.36584],[126.6505,37.4],[126.62562,37.36584]]]},"properties":{"row":-1,"col":-6,"walk_min":132.7,"nearest_station_id":"kr_428","nearest_station_name":"Oido","nearest_station_name_ko":"오이도","a":120,"c":120,"e":120,"g":120,"i":120,"k":120,"m":120,"o":120,"b":120,"d":120,"f":120,"h":120,"j":120,"l":120,"n":120,"p":120}},{"type":"Feature","geometry":{"type":"Polygon","coordinates":[[[126.62562,37.29752],[126.67537,37.29752],[126.6505,37.33168],[126.62562,37.29752]]]},"properties":{"row":-3,"col":-6,"walk_min":267.7,"nearest_station_id":"kr_351","nearest_station_name":"Jeongwang","nearest_station_name_ko":"정왕","a":120,"c":120,"e":120,"g":120,"i":120,"k":120,"m":120,"o":120,"b":120,"d":120,"f":120,"h":120,"j":120,"l":120,"n":120,"p":120}},{"type":"Feature","geometry":{"type":"Polygon","coordinates":[[[127.148,37.74159],[127.17288,37.77575],[127.12313,37.77575],[127.148,37.74159]]]},"properties":{"row":10,"col":15,"walk_min":118.9,"nearest_station_id":"kr_470","nearest_station_name":"Jinjeop","nearest_station_name_ko":"진접","a":120,"c":120,"e":120,"g":120,"i":120,"k":120,"m":120,"o":120,"b":120,"d":120,"f":120,"h":120,"j":120,"l":120,"n":120,"p":120}},{"type":"Feature","geometry":{"type":"Polygon","coordinates":[[[126.82463,37.70743],[126.8495,37.74159],[126.79975,37.74159],[126.82463,37.70743]]]},"properties":{"row":9,"col":1,"walk_min":135.3,"nearest_station_id":"kr_350","nearest_station_name":"Juyeop","nearest_station_name_ko":"주엽","a":120,"c":120,"e":120,"g":120,"i":120,"k":120,"m":120,"o":120,"b":120,"d":120,"f":120,"h":120,"j":120,"l":120,"n":120,"p":120}},{"type":"Feature","geometry":{"type":"Polygon","coordinates":[[[126.62562,37.70743],[126.67537,37.70743],[126.6505,37.74159],[126.62562,37.70743]]]},"properties":{"row":9,"col":-6,"walk_min":293.1,"nearest_station_id":"kr_424","nearest_station_name":"Daehwa","nearest_station_name_ko":"대화","a":120,"c":120,"e":120,"g":120,"i":120,"k":120,"m":120,"o":120,"b":120,"d":120,"f":120,"h":120,"j":120,"l":120,"n":120,"p":120}},{"type":"Feature","geometry":{"type":"Polygon","coordinates":[[[126.67537,37.70743],[126.70025,37.74159],[126.6505,37.74159],[126.67537,37.70743]]]},"properties":{"row":9,"col":-5,"walk_min":264.6,"nearest_station_id":"kr_424","nearest_station_name":"Daehwa","nearest_station_name_ko":"대화","a":120,"c":120,"e":120,"g":120,"i":120,"k":120,"m":120,"o":120,"b":120,"d":120,"f":120,"h":120,"j":120,"l":120,"n":120,"p":120}},{"type":"Feature","geometry":{"type":"Polygon","coordinates":[[[126.87438,37.22921],[126.92413,37.22921],[126.89925,37.26337],[126.87438,37.22921]]]},"properties":{"row":-5,"col":4,"walk_min":112.8,"nearest_station_id":"kr_114","nearest_station_name":"Sangnoksu","nearest_station_name_ko":"상록수","a":120,"c":120,"e":120,"g":120,"i":120,"k":120,"m":120,"o":120,"b":120,"d":120,"f":120,"h":120,"j":120,"l":120,"n":120,"p":120}},{"type":"Feature","geometry":{"type":"Polygon","coordinates":[[[126.87438,37.70743],[126.92413,37.70743],[126.89925,37.74159],[126.87438,37.70743]]]},"properties":{"row":9,"col":4,"walk_min":118.7,"nearest_station_id":"kr_115","nearest_station_name":"Samsong","nearest_station_name_ko":"삼송","a":120,"c":120,"e":120,"g":120,"i":120,"k":120,"m":120,"o":120,"b":120,"d":120,"f":120,"h":120,"j":120,"l":120,"n":120,"p":120}},{"type":"Feature","geometry":{"type":"Polygon","coordinates":[[[126.6505,37.74159],[126.70025,37.74159],[126.67537,37.77575],[126.6505,37.74159]]]},"properties":{"row":10,"col":-4,"walk_min":272.3,"nearest_station_id":"kr_424","nearest_station_name":"Daehwa","nearest_station_name_ko":"대화","a":120,"c":120,"e":120,"g":120,"i":120,"k":120,"m":120,"o":120,"b":120,"d":120,"f":120,"h":120,"j":120,"l":120,"n":120,"p":120}},{"type":"Feature","geometry":{"type":"Polygon","coordinates":[[[126.70025,37.74159],[126.72512,37.77575],[126.67537,37.77575],[126.70025,37.74159]]]},"properties":{"row":10,"col":-3,"walk_min":168.6,"nearest_station_id":"kr_424","nearest_station_name":"Daehwa","nearest_station_name_ko":"대화","a":120,"c":120,"e":120,"g":120,"i":120,"k":120,"m":120,"o":120,"b":120,"d":120,"f":120,"h":120,"j":120,"l":120,"n":120,"p":120}},{"type":"Feature","geometry":{"type":"Polygon","coordinates":[[[127.02363,37.84406],[127.07338,37.84406],[127.0485,37.87822],[127.02363,37.84406]]]},"properties":{"row":13,"col":10,"walk_min":93.5,"nearest_station_id":"kr_119","nearest_station_name":"Deokjeong (Seojeong College)","nearest_station_name_ko":"덕정(서정대학)","a":120,"c":120,"e":120,"g":120,"i":120,"k":120,"m":120,"o":120,"b":120,"d":120,"f":120,"h":120,"j":120,"l":120,"n":120,"p":120}},{"type":"Feature","geometry":{"type":"Polygon","coordinates":[[[127.07338,37.84406],[127.09825,37.87822],[127.0485,37.87822],[127.07338,37.84406]]]},"properties":{"row":13,"col":11,"walk_min":93.5,"nearest_station_id":"kr_119","nearest_station_name":"Deokjeong (Seojeong College)","nearest_station_name_ko":"덕정(서정대학)","a":120,"c":120,"e":120,"g":120,"i":120,"k":120,"m":120,"o":120,"b":120,"d":120,"f":120,"h":120,"j":120,"l":120,"n":120,"p":120}},{"type":"Feature","geometry":{"type":"Polygon","coordinates":[[[126.67537,37.57079],[126.72512,37.57079],[126.70025,37.60495],[126.67537,37.57079]]]},"properties":{"row":5,"col":-4,"walk_min":120.1,"nearest_station_id":"kr_258","nearest_station_name":"Sangok","nearest_station_name_ko":"산곡","a":120,"c":120,"e":120,"g":120,"i":120,"k":120,"m":120,"o":120,"b":120,"d":120,"f":120,"h":120,"j":120,"l":120,"n":120,"p":120}},{"type":"Feature","geometry":{"type":"Polygon","coordinates":[[[127.12313,37.16089],[127.17288,37.16089],[127.148,37.19505],[127.12313,37.16089]]]},"properties":{"row":-7,"col":14,"walk_min":164.9,"nearest_station_id":"kr_416","nearest_station_name":"Osan College","nearest_station_name_ko":"오산대","a":120,"c":120,"e":120,"g":120,"i":120,"k":120,"m":120,"o":120,"b":120,"d":120,"f":120,"h":120,"j":120,"l":120,"n":120,"p":120}},{"type":"Feature","geometry":{"type":"Polygon","coordinates":[[[127.148,37.19505],[127.17288,37.22921],[127.12313,37.22921],[127.148,37.19505]]]},"properties":{"row":-6,"col":15,"walk_min":136.1,"nearest_station_id":"kr_466","nearest_station_name":"Seodongtan","nearest_station_name_ko":"서동탄","a":120,"c":120,"e":120,"g":120,"i":120,"k":120,"m":120,"o":120,"b":120,"d":120,"f":120,"h":120,"j":120,"l":120,"n":120,"p":120}},{"type":"Feature","geometry":{"type":"Polygon","coordinates":[[[126.87438,37.70743],[126.89925,37.74159],[126.8495,37.74159],[126.87438,37.70743]]]},"properties":{"row":9,"col":3,"walk_min":157.9,"nearest_station_id":"kr_115","nearest_station_name":"Samsong","nearest_station_name_ko":"삼송","a":120,"c":120,"e":120,"g":120,"i":120,"k":120,"m":120,"o":120,"b":120,"d":120,"f":120,"h":120,"j":120,"l":120,"n":120,"p":120}},{"type":"Feature","geometry":{"type":"Polygon","coordinates":[[[127.148,37.26337],[127.19775,37.26337],[127.17288,37.29752],[127.148,37.26337]]]},"properties":{"row":-4,"col":16,"walk_min":134.4,"nearest_station_id":"kr_233","nearest_station_name":"Suji-gu Office","nearest_station_name_ko":"수지구청","a":120,"c":120,"e":120,"g":120,"i":120,"k":120,"m":120,"o":120,"b":120,"d":120,"f":120,"h":120,"j":120,"l":120,"n":120,"p":120}},{"type":"Feature","geometry":{"type":"Polygon","coordinates":[[[127.148,37.8099],[127.17288,37.84406],[127.12313,37.84406],[127.148,37.8099]]]},"properties":{"row":12,"col":15,"walk_min":142.8,"nearest_station_id":"kr_119","nearest_station_name":"Deokjeong (Seojeong College)","nearest_station_name_ko":"덕정(서정대학)","a":120,"c":120,"e":120,"g":120,"i":120,"k":120,"m":120,"o":120,"b":120,"d":120,"f":120,"h":120,"j":120,"l":120,"n":120,"p":120}},{"type":"Feature","geometry":{"type":"Polygon","coordinates":[[[127.12313,37.77575],[127.17288,37.77575],[127.148,37.8099],[127.12313,37.77575]]]},"properties":{"row":11,"col":14,"walk_min":138.0,"nearest_station_id":"kr_447","nearest_station_name":"Deokgye","nearest_station_name_ko":"덕계","a":120,"c":120,"e":120,"g":120,"i":120,"k":120,"m":120,"o":120,"b":120,"d":120,"f":120,"h":120,"j":120,"l":120,"n":120,"p":120}},{"type":"Feature","geometry":{"type":"Polygon","coordinates":[[[126.67537,37.57079],[126.70025,37.60495],[126.6505,37.60495],[126.67537,37.57079]]]},"properties":{"row":5,"col":-5,"walk_min":139.0,"nearest_station_id":"kr_258","nearest_station_name":"Sangok","nearest_station_name_ko":"산곡","a":120,"c":120,"e":120,"g":120,"i":120,"k":120,"m":120,"o":120,"b":120,"d":120,"f":120,"h":120,"j":120,"l":120,"n":120,"p":120}},{"type":"Feature","geometry":{"type":"Polygon","coordinates":[[[126.949,37.19505],[126.97388,37.22921],[126.92413,37.22921],[126.949,37.19505]]]},"properties":{"row":-6,"col":7,"walk_min":124.4,"nearest_station_id":"kr_462","nearest_station_name":"Seryu","nearest_station_name_ko":"세류","a":120,"c":120,"e":120,"g":120,"i":120,"k":120,"m":120,"o":120,"b":120,"d":120,"f":120,"h":120,"j":120,"l":120,"n":120,"p":120}},{"type":"Feature","geometry":{"type":"Polygon","coordinates":[[[126.92413,37.77575],[126.97388,37.77575],[126.949,37.8099],[126.92413,37.77575]]]},"properties":{"row":11,"col":6,"walk_min":126.0,"nearest_station_id":"kr_092","nearest_station_name":"Yangju","nearest_station_name_ko":"양주","a":120,"c":120,"e":120,"g":120,"i":120,"k":120,"m":120,"o":120,"b":120,"d":120,"f":120,"h":120,"j":120,"l":120,"n":120,"p":120}},{"type":"Feature","geometry":{"type":"Polygon","coordinates":[[[127.17288,37.77575],[127.22263,37.77575],[127.19775,37.8099],[127.17288,37.77575]]]},"properties":{"row":11,"col":16,"walk_min":154.3,"nearest_station_id":"kr_470","nearest_station_name":"Jinjeop","nearest_station_name_ko":"진접","a":120,"c":120,"e":120,"g":120,"i":120,"k":120,"m":120,"o":120,"b":120,"d":120,"f":120,"h":120,"j":120,"l":120,"n":120,"p":120}},{"type":"Feature","geometry":{"type":"Polygon","coordinates":[[[127.22263,37.77575],[127.2475,37.8099],[127.19775,37.8099],[127.22263,37.77575]]]},"properties":{"row":11,"col":17,"walk_min":149.3,"nearest_station_id":"kr_470","nearest_station_name":"Jinjeop","nearest_station_name_ko":"진접","a":120,"c":120,"e":120,"g":120,"i":120,"k":120,"m":120,"o":120,"b":120,"d":120,"f":120,"h":120,"j":120,"l":120,"n":120,"p":120}},{"type":"Feature","geometry":{"type":"Polygon","coordinates":[[[126.79975,37.74159],[126.82463,37.77575],[126.77488,37.77575],[126.79975,37.74159]]]},"properties":{"row":10,"col":1,"walk_min":168.5,"nearest_station_id":"kr_424","nearest_station_name":"Daehwa","nearest_station_name_ko":"대화","a":120,"c":120,"e":120,"g":120,"i":120,"k":120,"m":120,"o":120,"b":120,"d":120,"f":120,"h":120,"j":120,"l":120,"n":120,"p":120}},{"type":"Feature","geometry":{"type":"Polygon","coordinates":[[[126.79975,37.74159],[126.8495,37.74159],[126.82463,37.77575],[126.79975,37.74159]]]},"properties":{"row":10,"col":2,"walk_min":190.9,"nearest_station_id":"kr_350","nearest_station_name":"Juyeop","nearest_station_name_ko":"주엽","a":120,"c":120,"e":120,"g":120,"i":120,"k":120,"m":120,"o":120,"b":120,"d":120,"f":120,"h":120,"j":120,"l":120,"n":120,"p":120}},{"type":"Feature","geometry":{"type":"Polygon","coordinates":[[[127.2475,37.46832],[127.27238,37.50248],[127.22263,37.50248],[127.2475,37.46832]]]},"properties":{"row":2,"col":19,"walk_min":112.7,"nearest_station_id":"kr_469","nearest_station_name":"Hanam Geomdansan","nearest_station_name_ko":"하남검단산","a":120,"c":120,"e":120,"g":120,"i":120,"k":120,"m":120,"o":120,"b":120,"d":120,"f":120,"h":120,"j":120,"l":120,"n":120,"p":120}},{"type":"Feature","geometry":{"type":"Polygon","coordinates":[[[127.2475,37.46832],[127.29725,37.46832],[127.27238,37.50248],[127.2475,37.46832]]]},"properties":{"row":2,"col":20,"walk_min":109.2,"nearest_station_id":"kr_469","nearest_station_name":"Hanam Geomdansan","nearest_station_name_ko":"하남검단산","a":120,"c":120,"e":120,"g":120,"i":120,"k":120,"m":120,"o":120,"b":120,"d":120,"f":120,"h":120,"j":120,"l":120,"n":120,"p":120}},{"type":"Feature","geometry":{"type":"Polygon","coordinates":[[[127.17288,37.22921],[127.19775,37.26337],[127.148,37.26337],[127.17288,37.22921]]]},"properties":{"row":-5,"col":15,"walk_min":159.1,"nearest_station_id":"kr_233","nearest_station_name":"Suji-gu Office","nearest_station_name_ko":"수지구청","a":120,"c":120,"e":120,"g":120,"i":120,"k":120,"m":120,"o":120,"b":120,"d":120,"f":120,"h":120,"j":120,"l":120,"n":120,"p":120}},{"type":"Feature","geometry":{"type":"Polygon","coordinates":[[[126.949,37.74159],[126.97388,37.77575],[126.92413,37.77575],[126.949,37.74159]]]},"properties":{"row":10,"col":7,"walk_min":135.0,"nearest_station_id":"kr_421","nearest_station_name":"Nogyang","nearest_station_name_ko":"녹양","a":120,"c":120,"e":120,"g":120,"i":120,"k":120,"m":120,"o":120,"b":120,"d":120,"f":120,"h":120,"j":120,"l":120,"n":120,"p":120}},{"type":"Feature","geometry":{"type":"Polygon","coordinates":[[[127.17288,37.77575],[127.19775,37.8099],[127.148,37.8099],[127.17288,37.77575]]]},"properties":{"row":11,"col":15,"walk_min":153.4,"nearest_station_id":"kr_470","nearest_station_name":"Jinjeop","nearest_station_name_ko":"진접","a":120,"c":120,"e":120,"g":120,"i":120,"k":120,"m":120,"o":120,"b":120,"d":120,"f":120,"h":120,"j":120,"l":120,"n":120,"p":120}},{"type":"Feature","geometry":{"type":"Polygon","coordinates":[[[126.82463,37.22921],[126.87438,37.22921],[126.8495,37.26337],[126.82463,37.22921]]]},"properties":{"row":-5,"col":2,"walk_min":127.4,"nearest_station_id":"kr_114","nearest_station_name":"Sangnoksu","nearest_station_name_ko":"상록수","a":120,"c":120,"e":120,"g":120,"i":120,"k":120,"m":120,"o":120,"b":120,"d":120,"f":120,"h":120,"j":120,"l":120,"n":120,"p":120}},{"type":"Feature","geometry":{"type":"Polygon","coordinates":[[[127.19775,37.33168],[127.22263,37.36584],[127.17288,37.36584],[127.19775,37.33168]]]},"properties":{"row":-2,"col":17,"walk_min":129.9,"nearest_station_id":"kr_237","nearest_station_name":"삼동","nearest_station_name_ko":"삼동","a":120,"c":120,"e":120,"g":120,"i":120,"k":120,"m":120,"o":120,"b":120,"d":120,"f":120,"h":120,"j":120,"l":120,"n":120,"p":120}},{"type":"Feature","geometry":{"type":"Polygon","coordinates":[[[126.949,37.8099],[126.97388,37.84406],[126.92413,37.84406],[126.949,37.8099]]]},"properties":{"row":12,"col":7,"walk_min":169.7,"nearest_station_id":"kr_447","nearest_station_name":"Deokgye","nearest_station_name_ko":"덕계","a":120,"c":120,"e":120,"g":120,"i":120,"k":120,"m":120,"o":120,"b":120,"d":120,"f":120,"h":120,"j":120,"l":120,"n":120,"p":120}},{"type":"Feature","geometry":{"type":"Polygon","coordinates":[[[126.62562,37.57079],[126.67537,37.57079],[126.6505,37.60495],[126.62562,37.57079]]]},"properties":{"row":5,"col":-6,"walk_min":146.1,"nearest_station_id":"kr_258","nearest_station_name":"Sangok","nearest_station_name_ko":"산곡","a":120,"c":120,"e":120,"g":120,"i":120,"k":120,"m":120,"o":120,"b":120,"d":120,"f":120,"h":120,"j":120,"l":120,"n":120,"p":120}},{"type":"Feature","geometry":{"type":"Polygon","coordinates":[[[126.89925,37.19505],[126.949,37.19505],[126.92413,37.22921],[126.89925,37.19505]]]},"properties":{"row":-6,"col":6,"walk_min":162.3,"nearest_station_id":"kr_462","nearest_station_name":"Seryu","nearest_station_name_ko":"세류","a":120,"c":120,"e":120,"g":120,"i":120,"k":120,"m":120,"o":120,"b":120,"d":120,"f":120,"h":120,"j":120,"l":120,"n":120,"p":120}},{"type":"Feature","geometry":{"type":"Polygon","coordinates":[[[126.89925,37.19505],[126.92413,37.22921],[126.87438,37.22921],[126.89925,37.19505]]]},"properties":{"row":-6,"col":5,"walk_min":161.0,"nearest_station_id":"kr_114","nearest_station_name":"Sangnoksu","nearest_station_name_ko":"상록수","a":120,"c":120,"e":120,"g":120,"i":120,"k":120,"m":120,"o":120,"b":120,"d":120,"f":120,"h":120,"j":120,"l":120,"n":120,"p":120}},{"type":"Feature","geometry":{"type":"Polygon","coordinates":[[[126.97388,37.84406],[127.02363,37.84406],[126.99875,37.87822],[126.97388,37.84406]]]},"properties":{"row":13,"col":8,"walk_min":112.8,"nearest_station_id":"kr_119","nearest_station_name":"Deokjeong (Seojeong College)","nearest_station_name_ko":"덕정(서정대학)","a":120,"c":120,"e":120,"g":120,"i":120,"k":120,"m":120,"o":120,"b":120,"d":120,"f":120,"h":120,"j":120,"l":120,"n":120,"p":120}},{"type":"Feature","geometry":{"type":"Polygon","coordinates":[[[126.92413,37.16089],[126.97388,37.16089],[126.949,37.19505],[126.92413,37.16089]]]},"properties":{"row":-7,"col":6,"walk_min":131.3,"nearest_station_id":"kr_047","nearest_station_name":"Byeongjeom","nearest_station_name_ko":"병점","a":120,"c":120,"e":120,"g":120,"i":120,"k":120,"m":120,"o":120,"b":120,"d":120,"f":120,"h":120,"j":120,"l":120,"n":120,"p":120}},{"type":"Feature","geometry":{"type":"Polygon","coordinates":[[[127.07338,37.84406],[127.12313,37.84406],[127.09825,37.87822],[127.07338,37.84406]]]},"properties":{"row":13,"col":12,"walk_min":125.9,"nearest_station_id":"kr_119","nearest_station_name":"Deokjeong (Seojeong College)","nearest_station_name_ko":"덕정(서정대학)","a":120,"c":120,"e":120,"g":120,"i":120,"k":120,"m":120,"o":120,"b":120,"d":120,"f":120,"h":120,"j":120,"l":120,"n":120,"p":120}},{"type":"Feature","geometry":{"type":"Polygon","coordinates":[[[127.12313,37.84406],[127.148,37.87822],[127.09825,37.87822],[127.12313,37.84406]]]},"properties":{"row":13,"col":13,"walk_min":125.9,"nearest_station_id":"kr_119","nearest_station_name":"Deokjeong (Seojeong College)","nearest_station_name_ko":"덕정(서정대학)","a":120,"c":120,"e":120,"g":120,"i":120,"k":120,"m":120,"o":120,"b":120,"d":120,"f":120,"h":120,"j":120,"l":120,"n":120,"p":120}},{"type":"Feature","geometry":{"type":"Polygon","coordinates":[[[127.17288,37.29752],[127.22263,37.29752],[127.19775,37.33168],[127.17288,37.29752]]]},"properties":{"row":-3,"col":16,"walk_min":166.2,"nearest_station_id":"kr_172","nearest_station_name":"Migeum","nearest_station_name_ko":"미금","a":120,"c":120,"e":120,"g":120,"i":120,"k":120,"m":120,"o":120,"b":120,"d":120,"f":120,"h":120,"j":120,"l":120,"n":120,"p":120}},{"type":"Feature","geometry":{"type":"Polygon","coordinates":[[[127.22263,37.29752],[127.2475,37.33168],[127.19775,37.33168],[127.22263,37.29752]]]},"properties":{"row":-3,"col":17,"walk_min":168.2,"nearest_station_id":"kr_149","nearest_station_name":"경기광주","nearest_station_name_ko":"경기광주","a":120,"c":120,"e":120,"g":120,"i":120,"k":120,"m":120,"o":120,"b":120,"d":120,"f":120,"h":120,"j":120,"l":120,"n":120,"p":120}},{"type":"Feature","geometry":{"type":"Polygon","coordinates":[[[126.62562,37.29752],[126.6505,37.33168],[126.60075,37.33168],[126.62562,37.29752]]]},"properties":{"row":-3,"col":-7,"walk_min":164.3,"nearest_station_id":"kr_428","nearest_station_name":"Oido","nearest_station_name_ko":"오이도","a":120,"c":120,"e":120,"g":120,"i":120,"k":120,"m":120,"o":120,"b":120,"d":120,"f":120,"h":120,"j":120,"l":120,"n":120,"p":120}},{"type":"Feature","geometry":{"type":"Polygon","coordinates":[[[127.2475,37.60495],[127.27238,37.63911],[127.22263,37.63911],[127.2475,37.60495]]]},"properties":{"row":6,"col":19,"walk_min":142.5,"nearest_station_id":"kr_352","nearest_station_name":"Dasan","nearest_station_name_ko":"다산","a":120,"c":120,"e":120,"g":120,"i":120,"k":120,"m":120,"o":120,"b":120,"d":120,"f":120,"h":120,"j":120,"l":120,"n":120,"p":120}},{"type":"Feature","geometry":{"type":"Polygon","coordinates":[[[127.22263,37.63911],[127.27238,37.63911],[127.2475,37.67327],[127.22263,37.63911]]]},"properties":{"row":7,"col":18,"walk_min":148.5,"nearest_station_id":"kr_352","nearest_station_name":"Dasan","nearest_station_name_ko":"다산","a":120,"c":120,"e":120,"g":120,"i":120,"k":120,"m":120,"o":120,"b":120,"d":120,"f":120,"h":120,"j":120,"l":120,"n":120,"p":120}},{"type":"Feature","geometry":{"type":"Polygon","coordinates":[[[126.77488,37.22921],[126.82463,37.22921],[126.79975,37.26337],[126.77488,37.22921]]]},"properties":{"row":-5,"col":0,"walk_min":160.0,"nearest_station_id":"kr_426","nearest_station_name":"Gojan","nearest_station_name_ko":"고잔","a":120,"c":120,"e":120,"g":120,"i":120,"k":120,"m":120,"o":120,"b":120,"d":120,"f":120,"h":120,"j":120,"l":120,"n":120,"p":120}},{"type":"Feature","geometry":{"type":"Polygon","coordinates":[[[126.60075,37.53663],[126.62562,37.57079],[126.57587,37.57079],[126.60075,37.53663]]]},"properties":{"row":4,"col":-7,"walk_min":156.3,"nearest_station_id":"kr_458","nearest_station_name":"Incheon","nearest_station_name_ko":"인천","a":120,"c":120,"e":120,"g":120,"i":120,"k":120,"m":120,"o":120,"b":120,"d":120,"f":120,"h":120,"j":120,"l":120,"n":120,"p":120}},{"type":"Feature","geometry":{"type":"Polygon","coordinates":[[[127.12313,37.22921],[127.17288,37.22921],[127.148,37.26337],[127.12313,37.22921]]]},"properties":{"row":-5,"col":14,"walk_min":145.6,"nearest_station_id":"kr_307","nearest_station_name":"Sanghyeon","nearest_station_name_ko":"상현","a":120,"c":120,"e":120,"g":120,"i":120,"k":120,"m":120,"o":120,"b":120,"d":120,"f":120,"h":120,"j":120,"l":120,"n":120,"p":120}},{"type":"Feature","geometry":{"type":"Polygon","coordinates":[[[127.17288,37.16089],[127.19775,37.19505],[127.148,37.19505],[127.17288,37.16089]]]},"properties":{"row":-7,"col":15,"walk_min":186.7,"nearest_station_id":"kr_416","nearest_station_name":"Osan College","nearest_station_name_ko":"오산대","a":120,"c":120,"e":120,"g":120,"i":120,"k":120,"m":120,"o":120,"b":120,"d":120,"f":120,"h":120,"j":120,"l":120,"n":120,"p":120}},{"type":"Feature","geometry":{"type":"Polygon","coordinates":[[[127.148,37.19505],[127.19775,37.19505],[127.17288,37.22921],[127.148,37.19505]]]},"properties":{"row":-6,"col":16,"walk_min":172.1,"nearest_station_id":"kr_416","nearest_station_name":"Osan College","nearest_station_name_ko":"오산대","a":120,"c":120,"e":120,"g":120,"i":120,"k":120,"m":120,"o":120,"b":120,"d":120,"f":120,"h":120,"j":120,"l":120,"n":120,"p":120}},{"type":"Feature","geometry":{"type":"Polygon","coordinates":[[[126.57587,37.36584],[126.62562,37.36584],[126.60075,37.4],[126.57587,37.36584]]]},"properties":{"row":-1,"col":-8,"walk_min":139.4,"nearest_station_id":"kr_428","nearest_station_name":"Oido","nearest_station_name_ko":"오이도","a":120,"c":120,"e":120,"g":120,"i":120,"k":120,"m":120,"o":120,"b":120,"d":120,"f":120,"h":120,"j":120,"l":120,"n":120,"p":120}},{"type":"Feature","geometry":{"type":"Polygon","coordinates":[[[126.89925,37.74159],[126.949,37.74159],[126.92413,37.77575],[126.89925,37.74159]]]},"properties":{"row":10,"col":6,"walk_min":155.6,"nearest_station_id":"kr_115","nearest_station_name":"Samsong","nearest_station_name_ko":"삼송","a":120,"c":120,"e":120,"g":120,"i":120,"k":120,"m":120,"o":120,"b":120,"d":120,"f":120,"h":120,"j":120,"l":120,"n":120,"p":120}},{"type":"Feature","geometry":{"type":"Polygon","coordinates":[[[126.57587,37.50248],[126.60075,37.53663],[126.551,37.53663],[126.57587,37.50248]]]},"properties":{"row":3,"col":-9,"walk_min":130.6,"nearest_station_id":"kr_458","nearest_station_name":"Incheon","nearest_station_name_ko":"인천","a":120,"c":120,"e":120,"g":120,"i":120,"k":120,"m":120,"o":120,"b":120,"d":120,"f":120,"h":120,"j":120,"l":120,"n":120,"p":120}},{"type":"Feature","geometry":{"type":"Polygon","coordinates":[[[126.551,37.53663],[126.60075,37.53663],[126.57587,37.57079],[126.551,37.53663]]]},"properties":{"row":4,"col":-8,"walk_min":148.5,"nearest_station_id":"kr_458","nearest_station_name":"Incheon","nearest_station_name_ko":"인천","a":120,"c":120,"e":120,"g":120,"i":120,"k":120,"m":120,"o":120,"b":120,"d":120,"f":120,"h":120,"j":120,"l":120,"n":120,"p":120}},{"type":"Feature","geometry":{"type":"Polygon","coordinates":[[[127.148,37.8099],[127.19775,37.8099],[127.17288,37.84406],[127.148,37.8099]]]},"properties":{"row":12,"col":16,"walk_min":154.5,"nearest_station_id":"kr_447","nearest_station_name":"Deokgye","nearest_station_name_ko":"덕계","a":120,"c":120,"e":120,"g":120,"i":120,"k":120,"m":120,"o":120,"b":120,"d":120,"f":120,"h":120,"j":120,"l":120,"n":120,"p":120}},{"type":"Feature","geometry":{"type":"Polygon","coordinates":[[[126.8495,37.19505],[126.89925,37.19505],[126.87438,37.22921],[126.8495,37.19505]]]},"properties":{"row":-6,"col":4,"walk_min":167.4,"nearest_station_id":"kr_114","nearest_station_name":"Sangnoksu","nearest_station_name_ko":"상록수","a":120,"c":120,"e":120,"g":120,"i":120,"k":120,"m":120,"o":120,"b":120,"d":120,"f":120,"h":120,"j":120,"l":120,"n":120,"p":120}},{"type":"Feature","geometry":{"type":"Polygon","coordinates":[[[126.8495,37.19505],[126.87438,37.22921],[126.82463,37.22921],[126.8495,37.19505]]]},"properties":{"row":-6,"col":3,"walk_min":169.2,"nearest_station_id":"kr_114","nearest_station_name":"Sangnoksu","nearest_station_name_ko":"상록수","a":120,"c":120,"e":120,"g":120,"i":120,"k":120,"m":120,"o":120,"b":120,"d":120,"f":120,"h":120,"j":120,"l":120,"n":120,"p":120}},{"type":"Feature","geometry":{"type":"Polygon","coordinates":[[[126.62562,37.57079],[126.6505,37.60495],[126.60075,37.60495],[126.62562,37.57079]]]},"properties":{"row":5,"col":-7,"walk_min":186.1,"nearest_station_id":"kr_258","nearest_station_name":"Sangok","nearest_station_name_ko":"산곡","a":120,"c":120,"e":120,"g":120,"i":120,"k":120,"m":120,"o":120,"b":120,"d":120,"f":120,"h":120,"j":120,"l":120,"n":120,"p":120}},{"type":"Feature","geometry":{"type":"Polygon","coordinates":[[[126.89925,37.74159],[126.92413,37.77575],[126.87438,37.77575],[126.89925,37.74159]]]},"properties":{"row":10,"col":5,"walk_min":183.2,"nearest_station_id":"kr_421","nearest_station_name":"Nogyang","nearest_station_name_ko":"녹양","a":120,"c":120,"e":120,"g":120,"i":120,"k":120,"m":120,"o":120,"b":120,"d":120,"f":120,"h":120,"j":120,"l":120,"n":120,"p":120}},{"type":"Feature","geometry":{"type":"Polygon","coordinates":[[[126.8495,37.74159],[126.89925,37.74159],[126.87438,37.77575],[126.8495,37.74159]]]},"properties":{"row":10,"col":4,"walk_min":186.7,"nearest_station_id":"kr_115","nearest_station_name":"Samsong","nearest_station_name_ko":"삼송","a":120,"c":120,"e":120,"g":120,"i":120,"k":120,"m":120,"o":120,"b":120,"d":120,"f":120,"h":120,"j":120,"l":120,"n":120,"p":120}},{"type":"Feature","geometry":{"type":"Polygon","coordinates":[[[126.8495,37.74159],[126.87438,37.77575],[126.82463,37.77575],[126.8495,37.74159]]]},"properties":{"row":10,"col":3,"walk_min":210.1,"nearest_station_id":"kr_145","nearest_station_name":"Wondang","nearest_station_name_ko":"원당","a":120,"c":120,"e":120,"g":120,"i":120,"k":120,"m":120,"o":120,"b":120,"d":120,"f":120,"h":120,"j":120,"l":120,"n":120,"p":120}},{"type":"Feature","geometry":{"type":"Polygon","coordinates":[[[126.70025,37.60495],[126.72512,37.63911],[126.67537,37.63911],[126.70025,37.60495]]]},"properties":{"row":6,"col":-3,"walk_min":165.7,"nearest_station_id":"kr_424","nearest_station_name":"Daehwa","nearest_station_name_ko":"대화","a":120,"c":120,"e":120,"g":120,"i":120,"k":120,"m":120,"o":120,"b":120,"d":120,"f":120,"h":120,"j":120,"l":120,"n":120,"p":120}},{"type":"Feature","geometry":{"type":"Polygon","coordinates":[[[127.19775,37.33168],[127.2475,37.33168],[127.22263,37.36584],[127.19775,37.33168]]]},"properties":{"row":-2,"col":18,"walk_min":158.8,"nearest_station_id":"kr_149","nearest_station_name":"경기광주","nearest_station_name_ko":"경기광주","a":120,"c":120,"e":120,"g":120,"i":120,"k":120,"m":120,"o":120,"b":120,"d":120,"f":120,"h":120,"j":120,"l":120,"n":120,"p":120}},{"type":"Feature","geometry":{"type":"Polygon","coordinates":[[[126.6505,37.60495],[126.70025,37.60495],[126.67537,37.63911],[126.6505,37.60495]]]},"properties":{"row":6,"col":-4,"walk_min":167.2,"nearest_station_id":"kr_424","nearest_station_name":"Daehwa","nearest_station_name_ko":"대화","a":120,"c":120,"e":120,"g":120,"i":120,"k":120,"m":120,"o":120,"b":120,"d":120,"f":120,"h":120,"j":120,"l":120,"n":120,"p":120}},{"type":"Feature","geometry":{"type":"Polygon","coordinates":[[[127.19775,37.26337],[127.22263,37.29752],[127.17288,37.29752],[127.19775,37.26337]]]},"properties":{"row":-4,"col":17,"walk_min":176.5,"nearest_station_id":"kr_233","nearest_station_name":"Suji-gu Office","nearest_station_name_ko":"수지구청","a":120,"c":120,"e":120,"g":120,"i":120,"k":120,"m":120,"o":120,"b":120,"d":120,"f":120,"h":120,"j":120,"l":120,"n":120,"p":120}},{"type":"Feature","geometry":{"type":"Polygon","coordinates":[[[126.92413,37.77575],[126.949,37.8099],[126.89925,37.8099],[126.92413,37.77575]]]},"properties":{"row":11,"col":5,"walk_min":168.8,"nearest_station_id":"kr_092","nearest_station_name":"Yangju","nearest_station_name_ko":"양주","a":120,"c":120,"e":120,"g":120,"i":120,"k":120,"m":120,"o":120,"b":120,"d":120,"f":120,"h":120,"j":120,"l":120,"n":120,"p":120}},{"type":"Feature","geometry":{"type":"Polygon","coordinates":[[[127.22263,37.22921],[127.2475,37.26337],[127.19775,37.26337],[127.22263,37.22921]]]},"properties":{"row":-5,"col":17,"walk_min":201.1,"nearest_station_id":"kr_233","nearest_station_name":"Suji-gu Office","nearest_station_name_ko":"수지구청","a":120,"c":120,"e":120,"g":120,"i":120,"k":120,"m":120,"o":120,"b":120,"d":120,"f":120,"h":120,"j":120,"l":120,"n":120,"p":120}},{"type":"Feature","geometry":{"type":"Polygon","coordinates":[[[127.19775,37.8099],[127.2475,37.8099],[127.22263,37.84406],[127.19775,37.8099]]]},"properties":{"row":12,"col":18,"walk_min":177.3,"nearest_station_id":"kr_470","nearest_station_name":"Jinjeop","nearest_station_name_ko":"진접","a":120,"c":120,"e":120,"g":120,"i":120,"k":120,"m":120,"o":120,"b":120,"d":120,"f":120,"h":120,"j":120,"l":120,"n":120,"p":120}},{"type":"Feature","geometry":{"type":"Polygon","coordinates":[[[127.19775,37.8099],[127.22263,37.84406],[127.17288,37.84406],[127.19775,37.8099]]]},"properties":{"row":12,"col":17,"walk_min":181.5,"nearest_station_id":"kr_119","nearest_station_name":"Deokjeong (Seojeong College)","nearest_station_name_ko":"덕정(서정대학)","a":120,"c":120,"e":120,"g":120,"i":120,"k":120,"m":120,"o":120,"b":120,"d":120,"f":120,"h":120,"j":120,"l":120,"n":120,"p":120}},{"type":"Feature","geometry":{"type":"Polygon","coordinates":[[[126.89925,37.8099],[126.949,37.8099],[126.92413,37.84406],[126.89925,37.8099]]]},"properties":{"row":12,"col":6,"walk_min":186.9,"nearest_station_id":"kr_092","nearest_station_name":"Yangju","nearest_station_name_ko":"양주","a":120,"c":120,"e":120,"g":120,"i":120,"k":120,"m":120,"o":120,"b":120,"d":120,"f":120,"h":120,"j":120,"l":120,"n":120,"p":120}},{"type":"Feature","geometry":{"type":"Polygon","coordinates":[[[126.57587,37.29752],[126.62562,37.29752],[126.60075,37.33168],[126.57587,37.29752]]]},"properties":{"row":-3,"col":-8,"walk_min":287.7,"nearest_station_id":"kr_351","nearest_station_name":"Jeongwang","nearest_station_name_ko":"정왕","a":120,"c":120,"e":120,"g":120,"i":120,"k":120,"m":120,"o":120,"b":120,"d":120,"f":120,"h":120,"j":120,"l":120,"n":120,"p":120}},{"type":"Feature","geometry":{"type":"Polygon","coordinates":[[[126.92413,37.16089],[126.949,37.19505],[126.89925,37.19505],[126.92413,37.16089]]]},"properties":{"row":-7,"col":5,"walk_min":177.7,"nearest_station_id":"kr_047","nearest_station_name":"Byeongjeom","nearest_station_name_ko":"병점","a":120,"c":120,"e":120,"g":120,"i":120,"k":120,"m":120,"o":120,"b":120,"d":120,"f":120,"h":120,"j":120,"l":120,"n":120,"p":120}},{"type":"Feature","geometry":{"type":"Polygon","coordinates":[[[127.2475,37.60495],[127.29725,37.60495],[127.27238,37.63911],[127.2475,37.60495]]]},"properties":{"row":6,"col":20,"walk_min":160.2,"nearest_station_id":"kr_331","nearest_station_name":"Misa","nearest_station_name_ko":"미사","a":120,"c":120,"e":120,"g":120,"i":120,"k":120,"m":120,"o":120,"b":120,"d":120,"f":120,"h":120,"j":120,"l":120,"n":120,"p":120}},{"type":"Feature","geometry":{"type":"Polygon","coordinates":[[[127.29725,37.60495],[127.32213,37.63911],[127.27238,37.63911],[127.29725,37.60495]]]},"properties":{"row":6,"col":21,"walk_min":160.2,"nearest_station_id":"kr_331","nearest_station_name":"Misa","nearest_station_name_ko":"미사","a":120,"c":120,"e":120,"g":120,"i":120,"k":120,"m":120,"o":120,"b":120,"d":120,"f":120,"h":120,"j":120,"l":120,"n":120,"p":120}},{"type":"Feature","geometry":{"type":"Polygon","coordinates":[[[127.27238,37.63911],[127.32213,37.63911],[127.29725,37.67327],[127.27238,37.63911]]]},"properties":{"row":7,"col":20,"walk_min":160.2,"nearest_station_id":"kr_331","nearest_station_name":"Misa","nearest_station_name_ko":"미사","a":120,"c":120,"e":120,"g":120,"i":120,"k":120,"m":120,"o":120,"b":120,"d":120,"f":120,"h":120,"j":120,"l":120,"n":120,"p":120}},{"type":"Feature","geometry":{"type":"Polygon","coordinates":[[[126.72512,37.22921],[126.77488,37.22921],[126.75,37.26337],[126.72512,37.22921]]]},"properties":{"row":-5,"col":-2,"walk_min":320.2,"nearest_station_id":"kr_263","nearest_station_name":"Ansan","nearest_station_name_ko":"안산","a":120,"c":120,"e":120,"g":120,"i":120,"k":120,"m":120,"o":120,"b":120,"d":120,"f":120,"h":120,"j":120,"l":120,"n":120,"p":120}},{"type":"Feature","geometry":{"type":"Polygon","coordinates":[[[127.12313,37.84406],[127.17288,37.84406],[127.148,37.87822],[127.12313,37.84406]]]},"properties":{"row":13,"col":14,"walk_min":157.7,"nearest_station_id":"kr_119","nearest_station_name":"Deokjeong (Seojeong College)","nearest_station_name_ko":"덕정(서정대학)","a":120,"c":120,"e":120,"g":120,"i":120,"k":120,"m":120,"o":120,"b":120,"d":120,"f":120,"h":120,"j":120,"l":120,"n":120,"p":120}},{"type":"Feature","geometry":{"type":"Polygon","coordinates":[[[127.17288,37.84406],[127.19775,37.87822],[127.148,37.87822],[127.17288,37.84406]]]},"properties":{"row":13,"col":15,"walk_min":157.7,"nearest_station_id":"kr_119","nearest_station_name":"Deokjeong (Seojeong College)","nearest_station_name_ko":"덕정(서정대학)","a":120,"c":120,"e":120,"g":120,"i":120,"k":120,"m":120,"o":120,"b":120,"d":120,"f":120,"h":120,"j":120,"l":120,"n":120,"p":120}},{"type":"Feature","geometry":{"type":"Polygon","coordinates":[[[126.79975,37.19505],[126.8495,37.19505],[126.82463,37.22921],[126.79975,37.19505]]]},"properties":{"row":-6,"col":2,"walk_min":201.3,"nearest_station_id":"kr_114","nearest_station_name":"Sangnoksu","nearest_station_name_ko":"상록수","a":120,"c":120,"e":120,"g":120,"i":120,"k":120,"m":120,"o":120,"b":120,"d":120,"f":120,"h":120,"j":120,"l":120,"n":120,"p":120}},{"type":"Feature","geometry":{"type":"Polygon","coordinates":[[[126.79975,37.19505],[126.82463,37.22921],[126.77488,37.22921],[126.79975,37.19505]]]},"properties":{"row":-6,"col":1,"walk_min":199.0,"nearest_station_id":"kr_114","nearest_station_name":"Sangnoksu","nearest_station_name_ko":"상록수","a":120,"c":120,"e":120,"g":120,"i":120,"k":120,"m":120,"o":120,"b":120,"d":120,"f":120,"h":120,"j":120,"l":120,"n":120,"p":120}},{"type":"Feature","geometry":{"type":"Polygon","coordinates":[[[126.60075,37.60495],[126.6505,37.60495],[126.62562,37.63911],[126.60075,37.60495]]]},"properties":{"row":6,"col":-6,"walk_min":202.2,"nearest_station_id":"kr_258","nearest_station_name":"Sangok","nearest_station_name_ko":"산곡","a":120,"c":120,"e":120,"g":120,"i":120,"k":120,"m":120,"o":120,"b":120,"d":120,"f":120,"h":120,"j":120,"l":120,"n":120,"p":120}},{"type":"Feature","geometry":{"type":"Polygon","coordinates":[[[126.6505,37.60495],[126.67537,37.63911],[126.62562,37.63911],[126.6505,37.60495]]]},"properties":{"row":6,"col":-5,"walk_min":204.9,"nearest_station_id":"kr_424","nearest_station_name":"Daehwa","nearest_station_name_ko":"대화","a":120,"c":120,"e":120,"g":120,"i":120,"k":120,"m":120,"o":120,"b":120,"d":120,"f":120,"h":120,"j":120,"l":120,"n":120,"p":120}},{"type":"Feature","geometry":{"type":"Polygon","coordinates":[[[126.89925,37.8099],[126.92413,37.84406],[126.87438,37.84406],[126.89925,37.8099]]]},"properties":{"row":12,"col":5,"walk_min":226.9,"nearest_station_id":"kr_447","nearest_station_name":"Deokgye","nearest_station_name_ko":"덕계","a":120,"c":120,"e":120,"g":120,"i":120,"k":120,"m":120,"o":120,"b":120,"d":120,"f":120,"h":120,"j":120,"l":120,"n":120,"p":120}},{"type":"Feature","geometry":{"type":"Polygon","coordinates":[[[126.92413,37.84406],[126.949,37.87822],[126.89925,37.87822],[126.92413,37.84406]]]},"properties":{"row":13,"col":5,"walk_min":216.6,"nearest_station_id":"kr_447","nearest_station_name":"Deokgye","nearest_station_name_ko":"덕계","a":120,"c":120,"e":120,"g":120,"i":120,"k":120,"m":120,"o":120,"b":120,"d":120,"f":120,"h":120,"j":120,"l":120,"n":120,"p":120}},{"type":"Feature","geometry":{"type":"Polygon","coordinates":[[[126.92413,37.84406],[126.97388,37.84406],[126.949,37.87822],[126.92413,37.84406]]]},"properties":{"row":13,"col":6,"walk_min":216.6,"nearest_station_id":"kr_447","nearest_station_name":"Deokgye","nearest_station_name_ko":"덕계","a":120,"c":120,"e":120,"g":120,"i":120,"k":120,"m":120,"o":120,"b":120,"d":120,"f":120,"h":120,"j":120,"l":120,"n":120,"p":120}},{"type":"Feature","geometry":{"type":"Polygon","coordinates":[[[126.60075,37.33168],[126.6505,37.33168],[126.62562,37.36584],[126.60075,37.33168]]]},"properties":{"row":-2,"col":-6,"walk_min":215.1,"nearest_station_id":"kr_428","nearest_station_name":"Oido","nearest_station_name_ko":"오이도","a":120,"c":120,"e":120,"g":120,"i":120,"k":120,"m":120,"o":120,"b":120,"d":120,"f":120,"h":120,"j":120,"l":120,"n":120,"p":120}},{"type":"Feature","geometry":{"type":"Polygon","coordinates":[[[126.6505,37.33168],[126.67537,37.36584],[126.62562,37.36584],[126.6505,37.33168]]]},"properties":{"row":-2,"col":-5,"walk_min":188.7,"nearest_station_id":"kr_428","nearest_station_name":"Oido","nearest_station_name_ko":"오이도","a":120,"c":120,"e":120,"g":120,"i":120,"k":120,"m":120,"o":120,"b":120,"d":120,"f":120,"h":120,"j":120,"l":120,"n":120,"p":120}},{"type":"Feature","geometry":{"type":"Polygon","coordinates":[[[126.67537,37.77575],[126.72512,37.77575],[126.70025,37.8099],[126.67537,37.77575]]]},"properties":{"row":11,"col":-4,"walk_min":195.5,"nearest_station_id":"kr_424","nearest_station_name":"Daehwa","nearest_station_name_ko":"대화","a":120,"c":120,"e":120,"g":120,"i":120,"k":120,"m":120,"o":120,"b":120,"d":120,"f":120,"h":120,"j":120,"l":120,"n":120,"p":120}},{"type":"Feature","geometry":{"type":"Polygon","coordinates":[[[126.72512,37.77575],[126.75,37.8099],[126.70025,37.8099],[126.72512,37.77575]]]},"properties":{"row":11,"col":-3,"walk_min":200.0,"nearest_station_id":"kr_424","nearest_station_name":"Daehwa","nearest_station_name_ko":"대화","a":120,"c":120,"e":120,"g":120,"i":120,"k":120,"m":120,"o":120,"b":120,"d":120,"f":120,"h":120,"j":120,"l":120,"n":120,"p":120}},{"type":"Feature","geometry":{"type":"Polygon","coordinates":[[[126.72512,37.77575],[126.77488,37.77575],[126.75,37.8099],[126.72512,37.77575]]]},"properties":{"row":11,"col":-2,"walk_min":191.0,"nearest_station_id":"kr_424","nearest_station_name":"Daehwa","nearest_station_name_ko":"대화","a":120,"c":120,"e":120,"g":120,"i":120,"k":120,"m":120,"o":120,"b":120,"d":120,"f":120,"h":120,"j":120,"l":120,"n":120,"p":120}},{"type":"Feature","geometry":{"type":"Polygon","coordinates":[[[126.77488,37.77575],[126.79975,37.8099],[126.75,37.8099],[126.77488,37.77575]]]},"properties":{"row":11,"col":-1,"walk_min":203.9,"nearest_station_id":"kr_424","nearest_station_name":"Daehwa","nearest_station_name_ko":"대화","a":120,"c":120,"e":120,"g":120,"i":120,"k":120,"m":120,"o":120,"b":120,"d":120,"f":120,"h":120,"j":120,"l":120,"n":120,"p":120}},{"type":"Feature","geometry":{"type":"Polygon","coordinates":[[[126.77488,37.77575],[126.82463,37.77575],[126.79975,37.8099],[126.77488,37.77575]]]},"properties":{"row":11,"col":0,"walk_min":224.1,"nearest_station_id":"kr_424","nearest_station_name":"Daehwa","nearest_station_name_ko":"대화","a":120,"c":120,"e":120,"g":120,"i":120,"k":120,"m":120,"o":120,"b":120,"d":120,"f":120,"h":120,"j":120,"l":120,"n":120,"p":120}},{"type":"Feature","geometry":{"type":"Polygon","coordinates":[[[126.87438,37.16089],[126.89925,37.19505],[126.8495,37.19505],[126.87438,37.16089]]]},"properties":{"row":-7,"col":3,"walk_min":190.4,"nearest_station_id":"kr_114","nearest_station_name":"Sangnoksu","nearest_station_name_ko":"상록수","a":120,"c":120,"e":120,"g":120,"i":120,"k":120,"m":120,"o":120,"b":120,"d":120,"f":120,"h":120,"j":120,"l":120,"n":120,"p":120}},{"type":"Feature","geometry":{"type":"Polygon","coordinates":[[[127.27238,37.63911],[127.29725,37.67327],[127.2475,37.67327],[127.27238,37.63911]]]},"properties":{"row":7,"col":19,"walk_min":169.7,"nearest_station_id":"kr_361","nearest_station_name":"Onam","nearest_station_name_ko":"오남","a":120,"c":120,"e":120,"g":120,"i":120,"k":120,"m":120,"o":120,"b":120,"d":120,"f":120,"h":120,"j":120,"l":120,"n":120,"p":120}},{"type":"Feature","geometry":{"type":"Polygon","coordinates":[[[126.57587,37.57079],[126.62562,37.57079],[126.60075,37.60495],[126.57587,37.57079]]]},"properties":{"row":5,"col":-8,"walk_min":206.7,"nearest_station_id":"kr_458","nearest_station_name":"Incheon","nearest_station_name_ko":"인천","a":120,"c":120,"e":120,"g":120,"i":120,"k":120,"m":120,"o":120,"b":120,"d":120,"f":120,"h":120,"j":120,"l":120,"n":120,"p":120}},{"type":"Feature","geometry":{"type":"Polygon","coordinates":[[[127.17288,37.22921],[127.22263,37.22921],[127.19775,37.26337],[127.17288,37.22921]]]},"properties":{"row":-5,"col":16,"walk_min":193.2,"nearest_station_id":"kr_233","nearest_station_name":"Suji-gu Office","nearest_station_name_ko":"수지구청","a":120,"c":120,"e":120,"g":120,"i":120,"k":120,"m":120,"o":120,"b":120,"d":120,"f":120,"h":120,"j":120,"l":120,"n":120,"p":120}},{"type":"Feature","geometry":{"type":"Polygon","coordinates":[[[126.67537,37.77575],[126.70025,37.8099],[126.6505,37.8099],[126.67537,37.77575]]]},"properties":{"row":11,"col":-5,"walk_min":219.7,"nearest_station_id":"kr_424","nearest_station_name":"Daehwa","nearest_station_name_ko":"대화","a":120,"c":120,"e":120,"g":120,"i":120,"k":120,"m":120,"o":120,"b":120,"d":120,"f":120,"h":120,"j":120,"l":120,"n":120,"p":120}},{"type":"Feature","geometry":{"type":"Polygon","coordinates":[[[127.19775,37.26337],[127.2475,37.26337],[127.22263,37.29752],[127.19775,37.26337]]]},"properties":{"row":-4,"col":18,"walk_min":199.3,"nearest_station_id":"kr_233","nearest_station_name":"Suji-gu Office","nearest_station_name_ko":"수지구청","a":120,"c":120,"e":120,"g":120,"i":120,"k":120,"m":120,"o":120,"b":120,"d":120,"f":120,"h":120,"j":120,"l":120,"n":120,"p":120}},{"type":"Feature","geometry":{"type":"Polygon","coordinates":[[[127.2475,37.33168],[127.27238,37.36584],[127.22263,37.36584],[127.2475,37.33168]]]},"properties":{"row":-2,"col":19,"walk_min":186.0,"nearest_station_id":"kr_149","nearest_station_name":"경기광주","nearest_station_name_ko":"경기광주","a":120,"c":120,"e":120,"g":120,"i":120,"k":120,"m":120,"o":120,"b":120,"d":120,"f":120,"h":120,"j":120,"l":120,"n":120,"p":120}},{"type":"Feature","geometry":{"type":"Polygon","coordinates":[[[127.17288,37.16089],[127.22263,37.16089],[127.19775,37.19505],[127.17288,37.16089]]]},"properties":{"row":-7,"col":16,"walk_min":238.4,"nearest_station_id":"kr_053","nearest_station_name":"Osan","nearest_station_name_ko":"오산","a":120,"c":120,"e":120,"g":120,"i":120,"k":120,"m":120,"o":120,"b":120,"d":120,"f":120,"h":120,"j":120,"l":120,"n":120,"p":120}},{"type":"Feature","geometry":{"type":"Polygon","coordinates":[[[127.19775,37.19505],[127.22263,37.22921],[127.17288,37.22921],[127.19775,37.19505]]]},"properties":{"row":-6,"col":17,"walk_min":216.7,"nearest_station_id":"kr_466","nearest_station_name":"Seodongtan","nearest_station_name_ko":"서동탄","a":120,"c":120,"e":120,"g":120,"i":120,"k":120,"m":120,"o":120,"b":120,"d":120,"f":120,"h":120,"j":120,"l":120,"n":120,"p":120}},{"type":"Feature","geometry":{"type":"Polygon","coordinates":[[[126.87438,37.77575],[126.92413,37.77575],[126.89925,37.8099],[126.87438,37.77575]]]},"properties":{"row":11,"col":4,"walk_min":201.7,"nearest_station_id":"kr_092","nearest_station_name":"Yangju","nearest_station_name_ko":"양주","a":120,"c":120,"e":120,"g":120,"i":120,"k":120,"m":120,"o":120,"b":120,"d":120,"f":120,"h":120,"j":120,"l":120,"n":120,"p":120}},{"type":"Feature","geometry":{"type":"Polygon","coordinates":[[[126.60075,37.26337],[126.62562,37.29752],[126.57587,37.29752],[126.60075,37.26337]]]},"properties":{"row":-4,"col":-7,"walk_min":372.1,"nearest_station_id":"kr_351","nearest_station_name":"Jeongwang","nearest_station_name_ko":"정왕","a":120,"c":120,"e":120,"g":120,"i":120,"k":120,"m":120,"o":120,"b":120,"d":120,"f":120,"h":120,"j":120,"l":120,"n":120,"p":120}},{"type":"Feature","geometry":{"type":"Polygon","coordinates":[[[126.60075,37.26337],[126.6505,37.26337],[126.62562,37.29752],[126.60075,37.26337]]]},"properties":{"row":-4,"col":-6,"walk_min":444.4,"nearest_station_id":"kr_351","nearest_station_name":"Jeongwang","nearest_station_name_ko":"정왕","a":120,"c":120,"e":120,"g":120,"i":120,"k":120,"m":120,"o":120,"b":120,"d":120,"f":120,"h":120,"j":120,"l":120,"n":120,"p":120}},{"type":"Feature","geometry":{"type":"Polygon","coordinates":[[[126.6505,37.26337],[126.67537,37.29752],[126.62562,37.29752],[126.6505,37.26337]]]},"properties":{"row":-4,"col":-5,"walk_min":434.7,"nearest_station_id":"kr_351","nearest_station_name":"Jeongwang","nearest_station_name_ko":"정왕","a":120,"c":120,"e":120,"g":120,"i":120,"k":120,"m":120,"o":120,"b":120,"d":120,"f":120,"h":120,"j":120,"l":120,"n":120,"p":120}},{"type":"Feature","geometry":{"type":"Polygon","coordinates":[[[127.2475,37.26337],[127.27238,37.29752],[127.22263,37.29752],[127.2475,37.26337]]]},"properties":{"row":-4,"col":19,"walk_min":212.9,"nearest_station_id":"kr_173","nearest_station_name":"Chowol","nearest_station_name_ko":"초월","a":120,"c":120,"e":120,"g":120,"i":120,"k":120,"m":120,"o":120,"b":120,"d":120,"f":120,"h":120,"j":120,"l":120,"n":120,"p":120}},{"type":"Feature","geometry":{"type":"Polygon","coordinates":[[[126.87438,37.77575],[126.89925,37.8099],[126.8495,37.8099],[126.87438,37.77575]]]},"properties":{"row":11,"col":3,"walk_min":242.4,"nearest_station_id":"kr_092","nearest_station_name":"Yangju","nearest_station_name_ko":"양주","a":120,"c":120,"e":120,"g":120,"i":120,"k":120,"m":120,"o":120,"b":120,"d":120,"f":120,"h":120,"j":120,"l":120,"n":120,"p":120}},{"type":"Feature","geometry":{"type":"Polygon","coordinates":[[[126.82463,37.16089],[126.87438,37.16089],[126.8495,37.19505],[126.82463,37.16089]]]},"properties":{"row":-7,"col":2,"walk_min":231.0,"nearest_station_id":"kr_114","nearest_station_name":"Sangnoksu","nearest_station_name_ko":"상록수","a":120,"c":120,"e":120,"g":120,"i":120,"k":120,"m":120,"o":120,"b":120,"d":120,"f":120,"h":120,"j":120,"l":120,"n":120,"p":120}},{"type":"Feature","geometry":{"type":"Polygon","coordinates":[[[126.82463,37.16089],[126.8495,37.19505],[126.79975,37.19505],[126.82463,37.16089]]]},"properties":{"row":-7,"col":1,"walk_min":222.8,"nearest_station_id":"kr_114","nearest_station_name":"Sangnoksu","nearest_station_name_ko":"상록수","a":120,"c":120,"e":120,"g":120,"i":120,"k":120,"m":120,"o":120,"b":120,"d":120,"f":120,"h":120,"j":120,"l":120,"n":120,"p":120}},{"type":"Feature","geometry":{"type":"Polygon","coordinates":[[[126.62562,37.63911],[126.67537,37.63911],[126.6505,37.67327],[126.62562,37.63911]]]},"properties":{"row":7,"col":-6,"walk_min":229.3,"nearest_station_id":"kr_424","nearest_station_name":"Daehwa","nearest_station_name_ko":"대화","a":120,"c":120,"e":120,"g":120,"i":120,"k":120,"m":120,"o":120,"b":120,"d":120,"f":120,"h":120,"j":120,"l":120,"n":120,"p":120}},{"type":"Feature","geometry":{"type":"Polygon","coordinates":[[[126.87438,37.16089],[126.92413,37.16089],[126.89925,37.19505],[126.87438,37.16089]]]},"properties":{"row":-7,"col":4,"walk_min":221.4,"nearest_station_id":"kr_047","nearest_station_name":"Byeongjeom","nearest_station_name_ko":"병점","a":120,"c":120,"e":120,"g":120,"i":120,"k":120,"m":120,"o":120,"b":120,"d":120,"f":120,"h":120,"j":120,"l":120,"n":120,"p":120}},{"type":"Feature","geometry":{"type":"Polygon","coordinates":[[[127.17288,37.84406],[127.22263,37.84406],[127.19775,37.87822],[127.17288,37.84406]]]},"properties":{"row":13,"col":16,"walk_min":191.3,"nearest_station_id":"kr_119","nearest_station_name":"Deokjeong (Seojeong College)","nearest_station_name_ko":"덕정(서정대학)","a":120,"c":120,"e":120,"g":120,"i":120,"k":120,"m":120,"o":120,"b":120,"d":120,"f":120,"h":120,"j":120,"l":120,"n":120,"p":120}},{"type":"Feature","geometry":{"type":"Polygon","coordinates":[[[127.2475,37.8099],[127.27238,37.84406],[127.22263,37.84406],[127.2475,37.8099]]]},"properties":{"row":12,"col":19,"walk_min":237.6,"nearest_station_id":"kr_470","nearest_station_name":"Jinjeop","nearest_station_name_ko":"진접","a":120,"c":120,"e":120,"g":120,"i":120,"k":120,"m":120,"o":120,"b":120,"d":120,"f":120,"h":120,"j":120,"l":120,"n":120,"p":120}},{"type":"Feature","geometry":{"type":"Polygon","coordinates":[[[127.27238,37.77575],[127.29725,37.8099],[127.2475,37.8099],[127.27238,37.77575]]]},"properties":{"row":11,"col":19,"walk_min":205.9,"nearest_station_id":"kr_470","nearest_station_name":"Jinjeop","nearest_station_name_ko":"진접","a":120,"c":120,"e":120,"g":120,"i":120,"k":120,"m":120,"o":120,"b":120,"d":120,"f":120,"h":120,"j":120,"l":120,"n":120,"p":120}},{"type":"Feature","geometry":{"type":"Polygon","coordinates":[[[126.75,37.19505],[126.79975,37.19505],[126.77488,37.22921],[126.75,37.19505]]]},"properties":{"row":-6,"col":0,"walk_min":241.6,"nearest_station_id":"kr_230","nearest_station_name":"Choji","nearest_station_name_ko":"초지","a":120,"c":120,"e":120,"g":120,"i":120,"k":120,"m":120,"o":120,"b":120,"d":120,"f":120,"h":120,"j":120,"l":120,"n":120,"p":120}},{"type":"Feature","geometry":{"type":"Polygon","coordinates":[[[126.75,37.19505],[126.77488,37.22921],[126.72512,37.22921],[126.75,37.19505]]]},"properties":{"row":-6,"col":-1,"walk_min":275.4,"nearest_station_id":"kr_230","nearest_station_name":"Choji","nearest_station_name_ko":"초지","a":120,"c":120,"e":120,"g":120,"i":120,"k":120,"m":120,"o":120,"b":120,"d":120,"f":120,"h":120,"j":120,"l":120,"n":120,"p":120}},{"type":"Feature","geometry":{"type":"Polygon","coordinates":[[[126.57587,37.57079],[126.60075,37.60495],[126.551,37.60495],[126.57587,37.57079]]]},"properties":{"row":5,"col":-9,"walk_min":225.0,"nearest_station_id":"kr_458","nearest_station_name":"Incheon","nearest_station_name_ko":"인천","a":120,"c":120,"e":120,"g":120,"i":120,"k":120,"m":120,"o":120,"b":120,"d":120,"f":120,"h":120,"j":120,"l":120,"n":120,"p":120}},{"type":"Feature","geometry":{"type":"Polygon","coordinates":[[[126.70025,37.8099],[126.75,37.8099],[126.72512,37.84406],[126.70025,37.8099]]]},"properties":{"row":12,"col":-2,"walk_min":223.2,"nearest_station_id":"kr_424","nearest_station_name":"Daehwa","nearest_station_name_ko":"대화","a":120,"c":120,"e":120,"g":120,"i":120,"k":120,"m":120,"o":120,"b":120,"d":120,"f":120,"h":120,"j":120,"l":120,"n":120,"p":120}},{"type":"Feature","geometry":{"type":"Polygon","coordinates":[[[126.82463,37.77575],[126.8495,37.8099],[126.79975,37.8099],[126.82463,37.77575]]]},"properties":{"row":11,"col":1,"walk_min":251.6,"nearest_station_id":"kr_424","nearest_station_name":"Daehwa","nearest_station_name_ko":"대화","a":120,"c":120,"e":120,"g":120,"i":120,"k":120,"m":120,"o":120,"b":120,"d":120,"f":120,"h":120,"j":120,"l":120,"n":120,"p":120}},{"type":"Feature","geometry":{"type":"Polygon","coordinates":[[[126.60075,37.60495],[126.62562,37.63911],[126.57587,37.63911],[126.60075,37.60495]]]},"properties":{"row":6,"col":-7,"walk_min":239.6,"nearest_station_id":"kr_424","nearest_station_name":"Daehwa","nearest_station_name_ko":"대화","a":120,"c":120,"e":120,"g":120,"i":120,"k":120,"m":120,"o":120,"b":120,"d":120,"f":120,"h":120,"j":120,"l":120,"n":120,"p":120}},{"type":"Feature","geometry":{"type":"Polygon","coordinates":[[[126.57587,37.63911],[126.62562,37.63911],[126.60075,37.67327],[126.57587,37.63911]]]},"properties":{"row":7,"col":-8,"walk_min":259.6,"nearest_station_id":"kr_424","nearest_station_name":"Daehwa","nearest_station_name_ko":"대화","a":120,"c":120,"e":120,"g":120,"i":120,"k":120,"m":120,"o":120,"b":120,"d":120,"f":120,"h":120,"j":120,"l":120,"n":120,"p":120}},{"type":"Feature","geometry":{"type":"Polygon","coordinates":[[[126.62562,37.63911],[126.6505,37.67327],[126.60075,37.67327],[126.62562,37.63911]]]},"properties":{"row":7,"col":-7,"walk_min":252.6,"nearest_station_id":"kr_424","nearest_station_name":"Daehwa","nearest_station_name_ko":"대화","a":120,"c":120,"e":120,"g":120,"i":120,"k":120,"m":120,"o":120,"b":120,"d":120,"f":120,"h":120,"j":120,"l":120,"n":120,"p":120}},{"type":"Feature","geometry":{"type":"Polygon","coordinates":[[[127.148,37.12673],[127.17288,37.16089],[127.12313,37.16089],[127.148,37.12673]]]},"properties":{"row":-8,"col":15,"walk_min":205.1,"nearest_station_id":"kr_416","nearest_station_name":"Osan College","nearest_station_name_ko":"오산대","a":120,"c":120,"e":120,"g":120,"i":120,"k":120,"m":120,"o":120,"b":120,"d":120,"f":120,"h":120,"j":120,"l":120,"n":120,"p":120}},{"type":"Feature","geometry":{"type":"Polygon","coordinates":[[[127.148,37.12673],[127.19775,37.12673],[127.17288,37.16089],[127.148,37.12673]]]},"properties":{"row":-8,"col":16,"walk_min":205.1,"nearest_station_id":"kr_416","nearest_station_name":"Osan College","nearest_station_name_ko":"오산대","a":120,"c":120,"e":120,"g":120,"i":120,"k":120,"m":120,"o":120,"b":120,"d":120,"f":120,"h":120,"j":120,"l":120,"n":120,"p":120}},{"type":"Feature","geometry":{"type":"Polygon","coordinates":[[[126.60075,37.33168],[126.62562,37.36584],[126.57587,37.36584],[126.60075,37.33168]]]},"properties":{"row":-2,"col":-7,"walk_min":245.2,"nearest_station_id":"kr_428","nearest_station_name":"Oido","nearest_station_name_ko":"오이도","a":120,"c":120,"e":120,"g":120,"i":120,"k":120,"m":120,"o":120,"b":120,"d":120,"f":120,"h":120,"j":120,"l":120,"n":120,"p":120}},{"type":"Feature","geometry":{"type":"Polygon","coordinates":[[[126.62562,37.77575],[126.67537,37.77575],[126.6505,37.8099],[126.62562,37.77575]]]},"properties":{"row":11,"col":-6,"walk_min":211.8,"nearest_station_id":"kr_424","nearest_station_name":"Daehwa","nearest_station_name_ko":"대화","a":120,"c":120,"e":120,"g":120,"i":120,"k":120,"m":120,"o":120,"b":120,"d":120,"f":120,"h":120,"j":120,"l":120,"n":120,"p":120}},{"type":"Feature","geometry":{"type":"Polygon","coordinates":[[[126.75,37.8099],[126.77488,37.84406],[126.72512,37.84406],[126.75,37.8099]]]},"properties":{"row":12,"col":-1,"walk_min":232.2,"nearest_station_id":"kr_424","nearest_station_name":"Daehwa","nearest_station_name_ko":"대화","a":120,"c":120,"e":120,"g":120,"i":120,"k":120,"m":120,"o":120,"b":120,"d":120,"f":120,"h":120,"j":120,"l":120,"n":120,"p":120}},{"type":"Feature","geometry":{"type":"Polygon","coordinates":[[[126.75,37.8099],[126.79975,37.8099],[126.77488,37.84406],[126.75,37.8099]]]},"properties":{"row":12,"col":0,"walk_min":233.1,"nearest_station_id":"kr_424","nearest_station_name":"Daehwa","nearest_station_name_ko":"대화","a":120,"c":120,"e":120,"g":120,"i":120,"k":120,"m":120,"o":120,"b":120,"d":120,"f":120,"h":120,"j":120,"l":120,"n":120,"p":120}},{"type":"Feature","geometry":{"type":"Polygon","coordinates":[[[126.6505,37.74159],[126.67537,37.77575],[126.62562,37.77575],[126.6505,37.74159]]]},"properties":{"row":10,"col":-5,"walk_min":355.0,"nearest_station_id":"kr_424","nearest_station_name":"Daehwa","nearest_station_name_ko":"대화","a":120,"c":120,"e":120,"g":120,"i":120,"k":120,"m":120,"o":120,"b":120,"d":120,"f":120,"h":120,"j":120,"l":120,"n":120,"p":120}},{"type":"Feature","geometry":{"type":"Polygon","coordinates":[[[126.551,37.60495],[126.60075,37.60495],[126.57587,37.63911],[126.551,37.60495]]]},"properties":{"row":6,"col":-8,"walk_min":262.6,"nearest_station_id":"kr_424","nearest_station_name":"Daehwa","nearest_station_name_ko":"대화","a":120,"c":120,"e":120,"g":120,"i":120,"k":120,"m":120,"o":120,"b":120,"d":120,"f":120,"h":120,"j":120,"l":120,"n":120,"p":120}},{"type":"Feature","geometry":{"type":"Polygon","coordinates":[[[126.79975,37.8099],[126.82463,37.84406],[126.77488,37.84406],[126.79975,37.8099]]]},"properties":{"row":12,"col":1,"walk_min":270.9,"nearest_station_id":"kr_424","nearest_station_name":"Daehwa","nearest_station_name_ko":"대화","a":120,"c":120,"e":120,"g":120,"i":120,"k":120,"m":120,"o":120,"b":120,"d":120,"f":120,"h":120,"j":120,"l":120,"n":120,"p":120}},{"type":"Feature","geometry":{"type":"Polygon","coordinates":[[[126.79975,37.8099],[126.8495,37.8099],[126.82463,37.84406],[126.79975,37.8099]]]},"properties":{"row":12,"col":2,"walk_min":280.4,"nearest_station_id":"kr_424","nearest_station_name":"Daehwa","nearest_station_name_ko":"대화","a":120,"c":120,"e":120,"g":120,"i":120,"k":120,"m":120,"o":120,"b":120,"d":120,"f":120,"h":120,"j":120,"l":120,"n":120,"p":120}},{"type":"Feature","geometry":{"type":"Polygon","coordinates":[[[127.22263,37.16089],[127.2475,37.19505],[127.19775,37.19505],[127.22263,37.16089]]]},"properties":{"row":-7,"col":17,"walk_min":250.7,"nearest_station_id":"kr_416","nearest_station_name":"Osan College","nearest_station_name_ko":"오산대","a":120,"c":120,"e":120,"g":120,"i":120,"k":120,"m":120,"o":120,"b":120,"d":120,"f":120,"h":120,"j":120,"l":120,"n":120,"p":120}},{"type":"Feature","geometry":{"type":"Polygon","coordinates":[[[127.19775,37.19505],[127.2475,37.19505],[127.22263,37.22921],[127.19775,37.19505]]]},"properties":{"row":-6,"col":18,"walk_min":244.7,"nearest_station_id":"kr_416","nearest_station_name":"Osan College","nearest_station_name_ko":"오산대","a":120,"c":120,"e":120,"g":120,"i":120,"k":120,"m":120,"o":120,"b":120,"d":120,"f":120,"h":120,"j":120,"l":120,"n":120,"p":120}},{"type":"Feature","geometry":{"type":"Polygon","coordinates":[[[126.77488,37.16089],[126.82463,37.16089],[126.79975,37.19505],[126.77488,37.16089]]]},"properties":{"row":-7,"col":0,"walk_min":268.6,"nearest_station_id":"kr_114","nearest_station_name":"Sangnoksu","nearest_station_name_ko":"상록수","a":120,"c":120,"e":120,"g":120,"i":120,"k":120,"m":120,"o":120,"b":120,"d":120,"f":120,"h":120,"j":120,"l":120,"n":120,"p":120}},{"type":"Feature","geometry":{"type":"Polygon","coordinates":[[[126.77488,37.16089],[126.79975,37.19505],[126.75,37.19505],[126.77488,37.16089]]]},"properties":{"row":-7,"col":-1,"walk_min":253.6,"nearest_station_id":"kr_426","nearest_station_name":"Gojan","nearest_station_name_ko":"고잔","a":120,"c":120,"e":120,"g":120,"i":120,"k":120,"m":120,"o":120,"b":120,"d":120,"f":120,"h":120,"j":120,"l":120,"n":120,"p":120}},{"type":"Feature","geometry":{"type":"Polygon","coordinates":[[[127.27238,37.22921],[127.29725,37.26337],[127.2475,37.26337],[127.27238,37.22921]]]},"properties":{"row":-5,"col":19,"walk_min":219.0,"nearest_station_id":"kr_173","nearest_station_name":"Chowol","nearest_station_name_ko":"초월","a":120,"c":120,"e":120,"g":120,"i":120,"k":120,"m":120,"o":120,"b":120,"d":120,"f":120,"h":120,"j":120,"l":120,"n":120,"p":120}},{"type":"Feature","geometry":{"type":"Polygon","coordinates":[[[126.8495,37.8099],[126.89925,37.8099],[126.87438,37.84406],[126.8495,37.8099]]]},"properties":{"row":12,"col":4,"walk_min":253.4,"nearest_station_id":"kr_092","nearest_station_name":"Yangju","nearest_station_name_ko":"양주","a":120,"c":120,"e":120,"g":120,"i":120,"k":120,"m":120,"o":120,"b":120,"d":120,"f":120,"h":120,"j":120,"l":120,"n":120,"p":120}},{"type":"Feature","geometry":{"type":"Polygon","coordinates":[[[126.6505,37.8099],[126.70025,37.8099],[126.67537,37.84406],[126.6505,37.8099]]]},"properties":{"row":12,"col":-4,"walk_min":231.6,"nearest_station_id":"kr_424","nearest_station_name":"Daehwa","nearest_station_name_ko":"대화","a":120,"c":120,"e":120,"g":120,"i":120,"k":120,"m":120,"o":120,"b":120,"d":120,"f":120,"h":120,"j":120,"l":120,"n":120,"p":120}},{"type":"Feature","geometry":{"type":"Polygon","coordinates":[[[126.70025,37.8099],[126.72512,37.84406],[126.67537,37.84406],[126.70025,37.8099]]]},"properties":{"row":12,"col":-3,"walk_min":234.6,"nearest_station_id":"kr_424","nearest_station_name":"Daehwa","nearest_station_name_ko":"대화","a":120,"c":120,"e":120,"g":120,"i":120,"k":120,"m":120,"o":120,"b":120,"d":120,"f":120,"h":120,"j":120,"l":120,"n":120,"p":120}},{"type":"Feature","geometry":{"type":"Polygon","coordinates":[[[126.82463,37.77575],[126.87438,37.77575],[126.8495,37.8099],[126.82463,37.77575]]]},"properties":{"row":11,"col":2,"walk_min":250.3,"nearest_station_id":"kr_145","nearest_station_name":"Wondang","nearest_station_name_ko":"원당","a":120,"c":120,"e":120,"g":120,"i":120,"k":120,"m":120,"o":120,"b":120,"d":120,"f":120,"h":120,"j":120,"l":120,"n":120,"p":120}},{"type":"Feature","geometry":{"type":"Polygon","coordinates":[[[127.2475,37.19505],[127.27238,37.22921],[127.22263,37.22921],[127.2475,37.19505]]]},"properties":{"row":-6,"col":19,"walk_min":262.0,"nearest_station_id":"kr_416","nearest_station_name":"Osan College","nearest_station_name_ko":"오산대","a":120,"c":120,"e":120,"g":120,"i":120,"k":120,"m":120,"o":120,"b":120,"d":120,"f":120,"h":120,"j":120,"l":120,"n":120,"p":120}},{"type":"Feature","geometry":{"type":"Polygon","coordinates":[[[126.89925,37.12673],[126.92413,37.16089],[126.87438,37.16089],[126.89925,37.12673]]]},"properties":{"row":-8,"col":5,"walk_min":228.6,"nearest_station_id":"kr_047","nearest_station_name":"Byeongjeom","nearest_station_name_ko":"병점","a":120,"c":120,"e":120,"g":120,"i":120,"k":120,"m":120,"o":120,"b":120,"d":120,"f":120,"h":120,"j":120,"l":120,"n":120,"p":120}},{"type":"Feature","geometry":{"type":"Polygon","coordinates":[[[126.8495,37.12673],[126.87438,37.16089],[126.82463,37.16089],[126.8495,37.12673]]]},"properties":{"row":-8,"col":3,"walk_min":242.0,"nearest_station_id":"kr_114","nearest_station_name":"Sangnoksu","nearest_station_name_ko":"상록수","a":120,"c":120,"e":120,"g":120,"i":120,"k":120,"m":120,"o":120,"b":120,"d":120,"f":120,"h":120,"j":120,"l":120,"n":120,"p":120}},{"type":"Feature","geometry":{"type":"Polygon","coordinates":[[[126.87438,37.84406],[126.92413,37.84406],[126.89925,37.87822],[126.87438,37.84406]]]},"properties":{"row":13,"col":4,"walk_min":238.4,"nearest_station_id":"kr_447","nearest_station_name":"Deokgye","nearest_station_name_ko":"덕계","a":120,"c":120,"e":120,"g":120,"i":120,"k":120,"m":120,"o":120,"b":120,"d":120,"f":120,"h":120,"j":120,"l":120,"n":120,"p":120}},{"type":"Feature","geometry":{"type":"Polygon","coordinates":[[[127.19775,37.12673],[127.22263,37.16089],[127.17288,37.16089],[127.19775,37.12673]]]},"properties":{"row":-8,"col":17,"walk_min":251.9,"nearest_station_id":"kr_053","nearest_station_name":"Osan","nearest_station_name_ko":"오산","a":120,"c":120,"e":120,"g":120,"i":120,"k":120,"m":120,"o":120,"b":120,"d":120,"f":120,"h":120,"j":120,"l":120,"n":120,"p":120}},{"type":"Feature","geometry":{"type":"Polygon","coordinates":[[[127.22263,37.84406],[127.27238,37.84406],[127.2475,37.87822],[127.22263,37.84406]]]},"properties":{"row":13,"col":18,"walk_min":246.3,"nearest_station_id":"kr_470","nearest_station_name":"Jinjeop","nearest_station_name_ko":"진접","a":120,"c":120,"e":120,"g":120,"i":120,"k":120,"m":120,"o":120,"b":120,"d":120,"f":120,"h":120,"j":120,"l":120,"n":120,"p":120}},{"type":"Feature","geometry":{"type":"Polygon","coordinates":[[[126.72512,37.16089],[126.75,37.19505],[126.70025,37.19505],[126.72512,37.16089]]]},"properties":{"row":-7,"col":-3,"walk_min":291.5,"nearest_station_id":"kr_230","nearest_station_name":"Choji","nearest_station_name_ko":"초지","a":120,"c":120,"e":120,"g":120,"i":120,"k":120,"m":120,"o":120,"b":120,"d":120,"f":120,"h":120,"j":120,"l":120,"n":120,"p":120}},{"type":"Feature","geometry":{"type":"Polygon","coordinates":[[[126.70025,37.19505],[126.75,37.19505],[126.72512,37.22921],[126.70025,37.19505]]]},"properties":{"row":-6,"col":-2,"walk_min":289.9,"nearest_station_id":"kr_263","nearest_station_name":"Ansan","nearest_station_name_ko":"안산","a":120,"c":120,"e":120,"g":120,"i":120,"k":120,"m":120,"o":120,"b":120,"d":120,"f":120,"h":120,"j":120,"l":120,"n":120,"p":120}},{"type":"Feature","geometry":{"type":"Polygon","coordinates":[[[126.72512,37.16089],[126.77488,37.16089],[126.75,37.19505],[126.72512,37.16089]]]},"properties":{"row":-7,"col":-2,"walk_min":277.6,"nearest_station_id":"kr_230","nearest_station_name":"Choji","nearest_station_name_ko":"초지","a":120,"c":120,"e":120,"g":120,"i":120,"k":120,"m":120,"o":120,"b":120,"d":120,"f":120,"h":120,"j":120,"l":120,"n":120,"p":120}},{"type":"Feature","geometry":{"type":"Polygon","coordinates":[[[126.551,37.33168],[126.60075,37.33168],[126.57587,37.36584],[126.551,37.33168]]]},"properties":{"row":-2,"col":-8,"walk_min":256.3,"nearest_station_id":"kr_428","nearest_station_name":"Oido","nearest_station_name_ko":"오이도","a":120,"c":120,"e":120,"g":120,"i":120,"k":120,"m":120,"o":120,"b":120,"d":120,"f":120,"h":120,"j":120,"l":120,"n":120,"p":120}},{"type":"Feature","geometry":{"type":"Polygon","coordinates":[[[126.72512,37.84406],[126.77488,37.84406],[126.75,37.87822],[126.72512,37.84406]]]},"properties":{"row":13,"col":-2,"walk_min":247.1,"nearest_station_id":"kr_424","nearest_station_name":"Daehwa","nearest_station_name_ko":"대화","a":120,"c":120,"e":120,"g":120,"i":120,"k":120,"m":120,"o":120,"b":120,"d":120,"f":120,"h":120,"j":120,"l":120,"n":120,"p":120}},{"type":"Feature","geometry":{"type":"Polygon","coordinates":[[[126.77488,37.84406],[126.79975,37.87822],[126.75,37.87822],[126.77488,37.84406]]]},"properties":{"row":13,"col":-1,"walk_min":247.1,"nearest_station_id":"kr_424","nearest_station_name":"Daehwa","nearest_station_name_ko":"대화","a":120,"c":120,"e":120,"g":120,"i":120,"k":120,"m":120,"o":120,"b":120,"d":120,"f":120,"h":120,"j":120,"l":120,"n":120,"p":120}},{"type":"Feature","geometry":{"type":"Polygon","coordinates":[[[126.77488,37.84406],[126.82463,37.84406],[126.79975,37.87822],[126.77488,37.84406]]]},"properties":{"row":13,"col":0,"walk_min":287.8,"nearest_station_id":"kr_424","nearest_station_name":"Daehwa","nearest_station_name_ko":"대화","a":120,"c":120,"e":120,"g":120,"i":120,"k":120,"m":120,"o":120,"b":120,"d":120,"f":120,"h":120,"j":120,"l":120,"n":120,"p":120}},{"type":"Feature","geometry":{"type":"Polygon","coordinates":[[[126.8495,37.8099],[126.87438,37.84406],[126.82463,37.84406],[126.8495,37.8099]]]},"properties":{"row":12,"col":3,"walk_min":299.4,"nearest_station_id":"kr_092","nearest_station_name":"Yangju","nearest_station_name_ko":"양주","a":120,"c":120,"e":120,"g":120,"i":120,"k":120,"m":120,"o":120,"b":120,"d":120,"f":120,"h":120,"j":120,"l":120,"n":120,"p":120}},{"type":"Feature","geometry":{"type":"Polygon","coordinates":[[[127.22263,37.16089],[127.27238,37.16089],[127.2475,37.19505],[127.22263,37.16089]]]},"properties":{"row":-7,"col":18,"walk_min":327.2,"nearest_station_id":"kr_053","nearest_station_name":"Osan","nearest_station_name_ko":"오산","a":120,"c":120,"e":120,"g":120,"i":120,"k":120,"m":120,"o":120,"b":120,"d":120,"f":120,"h":120,"j":120,"l":120,"n":120,"p":120}},{"type":"Feature","geometry":{"type":"Polygon","coordinates":[[[127.27238,37.16089],[127.29725,37.19505],[127.2475,37.19505],[127.27238,37.16089]]]},"properties":{"row":-7,"col":19,"walk_min":348.6,"nearest_station_id":"kr_267","nearest_station_name":"이천","nearest_station_name_ko":"이천","a":120,"c":120,"e":120,"g":120,"i":120,"k":120,"m":120,"o":120,"b":120,"d":120,"f":120,"h":120,"j":120,"l":120,"n":120,"p":120}},{"type":"Feature","geometry":{"type":"Polygon","coordinates":[[[127.2475,37.12673],[127.27238,37.16089],[127.22263,37.16089],[127.2475,37.12673]]]},"properties":{"row":-8,"col":19,"walk_min":322.8,"nearest_station_id":"kr_053","nearest_station_name":"Osan","nearest_station_name_ko":"오산","a":120,"c":120,"e":120,"g":120,"i":120,"k":120,"m":120,"o":120,"b":120,"d":120,"f":120,"h":120,"j":120,"l":120,"n":120,"p":120}},{"type":"Feature","geometry":{"type":"Polygon","coordinates":[[[126.60075,37.67327],[126.6505,37.67327],[126.62562,37.70743],[126.60075,37.67327]]]},"properties":{"row":8,"col":-6,"walk_min":294.2,"nearest_station_id":"kr_424","nearest_station_name":"Daehwa","nearest_station_name_ko":"대화","a":120,"c":120,"e":120,"g":120,"i":120,"k":120,"m":120,"o":120,"b":120,"d":120,"f":120,"h":120,"j":120,"l":120,"n":120,"p":120}},{"type":"Feature","geometry":{"type":"Polygon","coordinates":[[[126.57587,37.63911],[126.60075,37.67327],[126.551,37.67327],[126.57587,37.63911]]]},"properties":{"row":7,"col":-9,"walk_min":281.4,"nearest_station_id":"kr_424","nearest_station_name":"Daehwa","nearest_station_name_ko":"대화","a":120,"c":120,"e":120,"g":120,"i":120,"k":120,"m":120,"o":120,"b":120,"d":120,"f":120,"h":120,"j":120,"l":120,"n":120,"p":120}},{"type":"Feature","geometry":{"type":"Polygon","coordinates":[[[127.2475,37.8099],[127.29725,37.8099],[127.27238,37.84406],[127.2475,37.8099]]]},"properties":{"row":12,"col":20,"walk_min":262.9,"nearest_station_id":"kr_470","nearest_station_name":"Jinjeop","nearest_station_name_ko":"진접","a":120,"c":120,"e":120,"g":120,"i":120,"k":120,"m":120,"o":120,"b":120,"d":120,"f":120,"h":120,"j":120,"l":120,"n":120,"p":120}},{"type":"Feature","geometry":{"type":"Polygon","coordinates":[[[127.27238,37.84406],[127.29725,37.87822],[127.2475,37.87822],[127.27238,37.84406]]]},"properties":{"row":13,"col":19,"walk_min":262.9,"nearest_station_id":"kr_470","nearest_station_name":"Jinjeop","nearest_station_name_ko":"진접","a":120,"c":120,"e":120,"g":120,"i":120,"k":120,"m":120,"o":120,"b":120,"d":120,"f":120,"h":120,"j":120,"l":120,"n":120,"p":120}},{"type":"Feature","geometry":{"type":"Polygon","coordinates":[[[127.29725,37.8099],[127.32213,37.84406],[127.27238,37.84406],[127.29725,37.8099]]]},"properties":{"row":12,"col":21,"walk_min":262.9,"nearest_station_id":"kr_470","nearest_station_name":"Jinjeop","nearest_station_name_ko":"진접","a":120,"c":120,"e":120,"g":120,"i":120,"k":120,"m":120,"o":120,"b":120,"d":120,"f":120,"h":120,"j":120,"l":120,"n":120,"p":120}},{"type":"Feature","geometry":{"type":"Polygon","coordinates":[[[126.70025,37.19505],[126.72512,37.22921],[126.67537,37.22921],[126.70025,37.19505]]]},"properties":{"row":-6,"col":-3,"walk_min":321.0,"nearest_station_id":"kr_263","nearest_station_name":"Ansan","nearest_station_name_ko":"안산","a":120,"c":120,"e":120,"g":120,"i":120,"k":120,"m":120,"o":120,"b":120,"d":120,"f":120,"h":120,"j":120,"l":120,"n":120,"p":120}},{"type":"Feature","geometry":{"type":"Polygon","coordinates":[[[126.79975,37.12673],[126.82463,37.16089],[126.77488,37.16089],[126.79975,37.12673]]]},"properties":{"row":-8,"col":1,"walk_min":283.0,"nearest_station_id":"kr_114","nearest_station_name":"Sangnoksu","nearest_station_name_ko":"상록수","a":120,"c":120,"e":120,"g":120,"i":120,"k":120,"m":120,"o":120,"b":120,"d":120,"f":120,"h":120,"j":120,"l":120,"n":120,"p":120}},{"type":"Feature","geometry":{"type":"Polygon","coordinates":[[[126.60075,37.67327],[126.62562,37.70743],[126.57587,37.70743],[126.60075,37.67327]]]},"properties":{"row":8,"col":-7,"walk_min":321.0,"nearest_station_id":"kr_424","nearest_station_name":"Daehwa","nearest_station_name_ko":"대화","a":120,"c":120,"e":120,"g":120,"i":120,"k":120,"m":120,"o":120,"b":120,"d":120,"f":120,"h":120,"j":120,"l":120,"n":120,"p":120}},{"type":"Feature","geometry":{"type":"Polygon","coordinates":[[[126.75,37.12673],[126.77488,37.16089],[126.72512,37.16089],[126.75,37.12673]]]},"properties":{"row":-8,"col":-1,"walk_min":289.4,"nearest_station_id":"kr_230","nearest_station_name":"Choji","nearest_station_name_ko":"초지","a":120,"c":120,"e":120,"g":120,"i":120,"k":120,"m":120,"o":120,"b":120,"d":120,"f":120,"h":120,"j":120,"l":120,"n":120,"p":120}},{"type":"Feature","geometry":{"type":"Polygon","coordinates":[[[126.75,37.12673],[126.79975,37.12673],[126.77488,37.16089],[126.75,37.12673]]]},"properties":{"row":-8,"col":0,"walk_min":284.5,"nearest_station_id":"kr_114","nearest_station_name":"Sangnoksu","nearest_station_name_ko":"상록수","a":120,"c":120,"e":120,"g":120,"i":120,"k":120,"m":120,"o":120,"b":120,"d":120,"f":120,"h":120,"j":120,"l":120,"n":120,"p":120}},{"type":"Feature","geometry":{"type":"Polygon","coordinates":[[[126.551,37.67327],[126.60075,37.67327],[126.57587,37.70743],[126.551,37.67327]]]},"properties":{"row":8,"col":-8,"walk_min":331.7,"nearest_station_id":"kr_424","nearest_station_name":"Daehwa","nearest_station_name_ko":"대화","a":120,"c":120,"e":120,"g":120,"i":120,"k":120,"m":120,"o":120,"b":120,"d":120,"f":120,"h":120,"j":120,"l":120,"n":120,"p":120}},{"type":"Feature","geometry":{"type":"Polygon","coordinates":[[[126.70025,37.12673],[126.72512,37.16089],[126.67537,37.16089],[126.70025,37.12673]]]},"properties":{"row":-8,"col":-3,"walk_min":334.2,"nearest_station_id":"kr_230","nearest_station_name":"Choji","nearest_station_name_ko":"초지","a":120,"c":120,"e":120,"g":120,"i":120,"k":120,"m":120,"o":120,"b":120,"d":120,"f":120,"h":120,"j":120,"l":120,"n":120,"p":120}},{"type":"Feature","geometry":{"type":"Polygon","coordinates":[[[126.67537,37.16089],[126.72512,37.16089],[126.70025,37.19505],[126.67537,37.16089]]]},"properties":{"row":-7,"col":-4,"walk_min":329.7,"nearest_station_id":"kr_263","nearest_station_name":"Ansan","nearest_station_name_ko":"안산","a":120,"c":120,"e":120,"g":120,"i":120,"k":120,"m":120,"o":120,"b":120,"d":120,"f":120,"h":120,"j":120,"l":120,"n":120,"p":120}},{"type":"Feature","geometry":{"type":"Polygon","coordinates":[[[126.551,37.60495],[126.57587,37.63911],[126.52612,37.63911],[126.551,37.60495]]]},"properties":{"row":6,"col":-9,"walk_min":297.7,"nearest_station_id":"kr_424","nearest_station_name":"Daehwa","nearest_station_name_ko":"대화","a":120,"c":120,"e":120,"g":120,"i":120,"k":120,"m":120,"o":120,"b":120,"d":120,"f":120,"h":120,"j":120,"l":120,"n":120,"p":120}},{"type":"Feature","geometry":{"type":"Polygon","coordinates":[[[126.52612,37.63911],[126.57587,37.63911],[126.551,37.67327],[126.52612,37.63911]]]},"properties":{"row":7,"col":-10,"walk_min":297.7,"nearest_station_id":"kr_424","nearest_station_name":"Daehwa","nearest_station_name_ko":"대화","a":120,"c":120,"e":120,"g":120,"i":120,"k":120,"m":120,"o":120,"b":120,"d":120,"f":120,"h":120,"j":120,"l":120,"n":120,"p":120}},{"type":"Feature","geometry":{"type":"Polygon","coordinates":[[[126.72512,37.22921],[126.75,37.26337],[126.70025,37.26337],[126.72512,37.22921]]]},"properties":{"row":-5,"col":-3,"walk_min":350.5,"nearest_station_id":"kr_263","nearest_station_name":"Ansan","nearest_station_name_ko":"안산","a":120,"c":120,"e":120,"g":120,"i":120,"k":120,"m":120,"o":120,"b":120,"d":120,"f":120,"h":120,"j":120,"l":120,"n":120,"p":120}},{"type":"Feature","geometry":{"type":"Polygon","coordinates":[[[126.57587,37.70743],[126.62562,37.70743],[126.60075,37.74159],[126.57587,37.70743]]]},"properties":{"row":9,"col":-8,"walk_min":350.1,"nearest_station_id":"kr_424","nearest_station_name":"Daehwa","nearest_station_name_ko":"대화","a":120,"c":120,"e":120,"g":120,"i":120,"k":120,"m":120,"o":120,"b":120,"d":120,"f":120,"h":120,"j":120,"l":120,"n":120,"p":120}},{"type":"Feature","geometry":{"type":"Polygon","coordinates":[[[126.62562,37.70743],[126.6505,37.74159],[126.60075,37.74159],[126.62562,37.70743]]]},"properties":{"row":9,"col":-7,"walk_min":347.7,"nearest_station_id":"kr_424","nearest_station_name":"Daehwa","nearest_station_name_ko":"대화","a":120,"c":120,"e":120,"g":120,"i":120,"k":120,"m":120,"o":120,"b":120,"d":120,"f":120,"h":120,"j":120,"l":120,"n":120,"p":120}},{"type":"Feature","geometry":{"type":"Polygon","coordinates":[[[126.67537,37.22921],[126.72512,37.22921],[126.70025,37.26337],[126.67537,37.22921]]]},"properties":{"row":-5,"col":-4,"walk_min":340.2,"nearest_station_id":"kr_427","nearest_station_name":"Singiloncheon","nearest_station_name_ko":"신길온천","a":120,"c":120,"e":120,"g":120,"i":120,"k":120,"m":120,"o":120,"b":120,"d":120,"f":120,"h":120,"j":120,"l":120,"n":120,"p":120}},{"type":"Feature","geometry":{"type":"Polygon","coordinates":[[[126.6505,37.19505],[126.70025,37.19505],[126.67537,37.22921],[126.6505,37.19505]]]},"properties":{"row":-6,"col":-4,"walk_min":368.7,"nearest_station_id":"kr_263","nearest_station_name":"Ansan","nearest_station_name_ko":"안산","a":120,"c":120,"e":120,"g":120,"i":120,"k":120,"m":120,"o":120,"b":120,"d":120,"f":120,"h":120,"j":120,"l":120,"n":120,"p":120}},{"type":"Feature","geometry":{"type":"Polygon","coordinates":[[[126.67537,37.16089],[126.70025,37.19505],[126.6505,37.19505],[126.67537,37.16089]]]},"properties":{"row":-7,"col":-5,"walk_min":378.3,"nearest_station_id":"kr_263","nearest_station_name":"Ansan","nearest_station_name_ko":"안산","a":120,"c":120,"e":120,"g":120,"i":120,"k":120,"m":120,"o":120,"b":120,"d":120,"f":120,"h":120,"j":120,"l":120,"n":120,"p":120}},{"type":"Feature","geometry":{"type":"Polygon","coordinates":[[[126.67537,37.22921],[126.70025,37.26337],[126.6505,37.26337],[126.67537,37.22921]]]},"properties":{"row":-5,"col":-5,"walk_min":375.4,"nearest_station_id":"kr_427","nearest_station_name":"Singiloncheon","nearest_station_name_ko":"신길온천","a":120,"c":120,"e":120,"g":120,"i":120,"k":120,"m":120,"o":120,"b":120,"d":120,"f":120,"h":120,"j":120,"l":120,"n":120,"p":120}},{"type":"Feature","geometry":{"type":"Polygon","coordinates":[[[126.82463,37.84406],[126.8495,37.87822],[126.79975,37.87822],[126.82463,37.84406]]]},"properties":{"row":13,"col":1,"walk_min":328.4,"nearest_station_id":"kr_424","nearest_station_name":"Daehwa","nearest_station_name_ko":"대화","a":120,"c":120,"e":120,"g":120,"i":120,"k":120,"m":120,"o":120,"b":120,"d":120,"f":120,"h":120,"j":120,"l":120,"n":120,"p":120}},{"type":"Feature","geometry":{"type":"Polygon","coordinates":[[[126.82463,37.84406],[126.87438,37.84406],[126.8495,37.87822],[126.82463,37.84406]]]},"properties":{"row":13,"col":2,"walk_min":328.4,"nearest_station_id":"kr_424","nearest_station_name":"Daehwa","nearest_station_name_ko":"대화","a":120,"c":120,"e":120,"g":120,"i":120,"k":120,"m":120,"o":120,"b":120,"d":120,"f":120,"h":120,"j":120,"l":120,"n":120,"p":120}},{"type":"Feature","geometry":{"type":"Polygon","coordinates":[[[126.551,37.67327],[126.57587,37.70743],[126.52612,37.70743],[126.551,37.67327]]]},"properties":{"row":8,"col":-9,"walk_min":363.5,"nearest_station_id":"kr_424","nearest_station_name":"Daehwa","nearest_station_name_ko":"대화","a":120,"c":120,"e":120,"g":120,"i":120,"k":120,"m":120,"o":120,"b":120,"d":120,"f":120,"h":120,"j":120,"l":120,"n":120,"p":120}},{"type":"Feature","geometry":{"type":"Polygon","coordinates":[[[126.57587,37.70743],[126.60075,37.74159],[126.551,37.74159],[126.57587,37.70743]]]},"properties":{"row":9,"col":-9,"walk_min":391.5,"nearest_station_id":"kr_424","nearest_station_name":"Daehwa","nearest_station_name_ko":"대화","a":120,"c":120,"e":120,"g":120,"i":120,"k":120,"m":120,"o":120,"b":120,"d":120,"f":120,"h":120,"j":120,"l":120,"n":120,"p":120}},{"type":"Feature","geometry":{"type":"Polygon","coordinates":[[[127.2475,37.19505],[127.29725,37.19505],[127.27238,37.22921],[127.2475,37.19505]]]},"properties":{"row":-6,"col":20,"walk_min":349.1,"nearest_station_id":"kr_267","nearest_station_name":"이천","nearest_station_name_ko":"이천","a":120,"c":120,"e":120,"g":120,"i":120,"k":120,"m":120,"o":120,"b":120,"d":120,"f":120,"h":120,"j":120,"l":120,"n":120,"p":120}},{"type":"Feature","geometry":{"type":"Polygon","coordinates":[[[126.60075,37.74159],[126.6505,37.74159],[126.62562,37.77575],[126.60075,37.74159]]]},"properties":{"row":10,"col":-6,"walk_min":371.9,"nearest_station_id":"kr_424","nearest_station_name":"Daehwa","nearest_station_name_ko":"대화","a":120,"c":120,"e":120,"g":120,"i":120,"k":120,"m":120,"o":120,"b":120,"d":120,"f":120,"h":120,"j":120,"l":120,"n":120,"p":120}},{"type":"Feature","geometry":{"type":"Polygon","coordinates":[[[126.6505,37.12673],[126.70025,37.12673],[126.67537,37.16089],[126.6505,37.12673]]]},"properties":{"row":-8,"col":-4,"walk_min":339.7,"nearest_station_id":"kr_230","nearest_station_name":"Choji","nearest_station_name_ko":"초지","a":120,"c":120,"e":120,"g":120,"i":120,"k":120,"m":120,"o":120,"b":120,"d":120,"f":120,"h":120,"j":120,"l":120,"n":120,"p":120}},{"type":"Feature","geometry":{"type":"Polygon","coordinates":[[[126.70025,37.12673],[126.75,37.12673],[126.72512,37.16089],[126.70025,37.12673]]]},"properties":{"row":-8,"col":-2,"walk_min":339.7,"nearest_station_id":"kr_230","nearest_station_name":"Choji","nearest_station_name_ko":"초지","a":120,"c":120,"e":120,"g":120,"i":120,"k":120,"m":120,"o":120,"b":120,"d":120,"f":120,"h":120,"j":120,"l":120,"n":120,"p":120}},{"type":"Feature","geometry":{"type":"Polygon","coordinates":[[[126.6505,37.19505],[126.67537,37.22921],[126.62562,37.22921],[126.6505,37.19505]]]},"properties":{"row":-6,"col":-5,"walk_min":429.5,"nearest_station_id":"kr_427","nearest_station_name":"Singiloncheon","nearest_station_name_ko":"신길온천","a":120,"c":120,"e":120,"g":120,"i":120,"k":120,"m":120,"o":120,"b":120,"d":120,"f":120,"h":120,"j":120,"l":120,"n":120,"p":120}},{"type":"Feature","geometry":{"type":"Polygon","coordinates":[[[126.62562,37.22921],[126.67537,37.22921],[126.6505,37.26337],[126.62562,37.22921]]]},"properties":{"row":-5,"col":-6,"walk_min":405.9,"nearest_station_id":"kr_351","nearest_station_name":"Jeongwang","nearest_station_name_ko":"정왕","a":120,"c":120,"e":120,"g":120,"i":120,"k":120,"m":120,"o":120,"b":120,"d":120,"f":120,"h":120,"j":120,"l":120,"n":120,"p":120}},{"type":"Feature","geometry":{"type":"Polygon","coordinates":[[[127.29725,37.12673],[127.32213,37.16089],[127.27238,37.16089],[127.29725,37.12673]]]},"properties":{"row":-8,"col":21,"walk_min":379.5,"nearest_station_id":"kr_267","nearest_station_name":"이천","nearest_station_name_ko":"이천","a":120,"c":120,"e":120,"g":120,"i":120,"k":120,"m":120,"o":120,"b":120,"d":120,"f":120,"h":120,"j":120,"l":120,"n":120,"p":120}},{"type":"Feature","geometry":{"type":"Polygon","coordinates":[[[126.551,37.74159],[126.60075,37.74159],[126.57587,37.77575],[126.551,37.74159]]]},"properties":{"row":10,"col":-8,"walk_min":397.1,"nearest_station_id":"kr_424","nearest_station_name":"Daehwa","nearest_station_name_ko":"대화","a":120,"c":120,"e":120,"g":120,"i":120,"k":120,"m":120,"o":120,"b":120,"d":120,"f":120,"h":120,"j":120,"l":120,"n":120,"p":120}},{"type":"Feature","geometry":{"type":"Polygon","coordinates":[[[126.60075,37.74159],[126.62562,37.77575],[126.57587,37.77575],[126.60075,37.74159]]]},"properties":{"row":10,"col":-7,"walk_min":386.7,"nearest_station_id":"kr_424","nearest_station_name":"Daehwa","nearest_station_name_ko":"대화","a":120,"c":120,"e":120,"g":120,"i":120,"k":120,"m":120,"o":120,"b":120,"d":120,"f":120,"h":120,"j":120,"l":120,"n":120,"p":120}},{"type":"Feature","geometry":{"type":"Polygon","coordinates":[[[126.6505,37.26337],[126.70025,37.26337],[126.67537,37.29752],[126.6505,37.26337]]]},"properties":{"row":-4,"col":-4,"walk_min":396.6,"nearest_station_id":"kr_351","nearest_station_name":"Jeongwang","nearest_station_name_ko":"정왕","a":120,"c":120,"e":120,"g":120,"i":120,"k":120,"m":120,"o":120,"b":120,"d":120,"f":120,"h":120,"j":120,"l":120,"n":120,"p":120}},{"type":"Feature","geometry":{"type":"Polygon","coordinates":[[[127.27238,37.16089],[127.32213,37.16089],[127.29725,37.19505],[127.27238,37.16089]]]},"properties":{"row":-7,"col":20,"walk_min":388.6,"nearest_station_id":"kr_267","nearest_station_name":"이천","nearest_station_name_ko":"이천","a":120,"c":120,"e":120,"g":120,"i":120,"k":120,"m":120,"o":120,"b":120,"d":120,"f":120,"h":120,"j":120,"l":120,"n":120,"p":120}},{"type":"Feature","geometry":{"type":"Polygon","coordinates":[[[126.62562,37.22921],[126.6505,37.26337],[126.60075,37.26337],[126.62562,37.22921]]]},"properties":{"row":-5,"col":-7,"walk_min":470.2,"nearest_station_id":"kr_351","nearest_station_name":"Jeongwang","nearest_station_name_ko":"정왕","a":120,"c":120,"e":120,"g":120,"i":120,"k":120,"m":120,"o":120,"b":120,"d":120,"f":120,"h":120,"j":120,"l":120,"n":120,"p":120}},{"type":"Feature","geometry":{"type":"Polygon","coordinates":[[[126.52612,37.70743],[126.57587,37.70743],[126.551,37.74159],[126.52612,37.70743]]]},"properties":{"row":9,"col":-10,"walk_min":394.7,"nearest_station_id":"kr_424","nearest_station_name":"Daehwa","nearest_station_name_ko":"대화","a":120,"c":120,"e":120,"g":120,"i":120,"k":120,"m":120,"o":120,"b":120,"d":120,"f":120,"h":120,"j":120,"l":120,"n":120,"p":120}},{"type":"Feature","geometry":{"type":"Polygon","coordinates":[[[127.29725,37.19505],[127.32213,37.22921],[127.27238,37.22921],[127.29725,37.19505]]]},"properties":{"row":-6,"col":21,"walk_min":390.1,"nearest_station_id":"kr_267","nearest_station_name":"이천","nearest_station_name_ko":"이천","a":120,"c":120,"e":120,"g":120,"i":120,"k":120,"m":120,"o":120,"b":120,"d":120,"f":120,"h":120,"j":120,"l":120,"n":120,"p":120}},{"type":"Feature","geometry":{"type":"Polygon","coordinates":[[[127.32213,37.16089],[127.347,37.19505],[127.29725,37.19505],[127.32213,37.16089]]]},"properties":{"row":-7,"col":21,"walk_min":390.1,"nearest_station_id":"kr_267","nearest_station_name":"이천","nearest_station_name_ko":"이천","a":120,"c":120,"e":120,"g":120,"i":120,"k":120,"m":120,"o":120,"b":120,"d":120,"f":120,"h":120,"j":120,"l":120,"n":120,"p":120}},{"type":"Feature","geometry":{"type":"Polygon","coordinates":[[[127.29725,37.19505],[127.347,37.19505],[127.32213,37.22921],[127.29725,37.19505]]]},"properties":{"row":-6,"col":22,"walk_min":390.1,"nearest_station_id":"kr_267","nearest_station_name":"이천","nearest_station_name_ko":"이천","a":120,"c":120,"e":120,"g":120,"i":120,"k":120,"m":120,"o":120,"b":120,"d":120,"f":120,"h":120,"j":120,"l":120,"n":120,"p":120}},{"type":"Feature","geometry":{"type":"Polygon","coordinates":[[[126.62562,37.16089],[126.6505,37.19505],[126.60075,37.19505],[126.62562,37.16089]]]},"properties":{"row":-7,"col":-7,"walk_min":432.9,"nearest_station_id":"kr_427","nearest_station_name":"Singiloncheon","nearest_station_name_ko":"신길온천","a":120,"c":120,"e":120,"g":120,"i":120,"k":120,"m":120,"o":120,"b":120,"d":120,"f":120,"h":120,"j":120,"l":120,"n":120,"p":120}},{"type":"Feature","geometry":{"type":"Polygon","coordinates":[[[126.60075,37.19505],[126.6505,37.19505],[126.62562,37.22921],[126.60075,37.19505]]]},"properties":{"row":-6,"col":-6,"walk_min":466.6,"nearest_station_id":"kr_427","nearest_station_name":"Singiloncheon","nearest_station_name_ko":"신길온천","a":120,"c":120,"e":120,"g":120,"i":120,"k":120,"m":120,"o":120,"b":120,"d":120,"f":120,"h":120,"j":120,"l":120,"n":120,"p":120}},{"type":"Feature","geometry":{"type":"Polygon","coordinates":[[[126.62562,37.16089],[126.67537,37.16089],[126.6505,37.19505],[126.62562,37.16089]]]},"properties":{"row":-7,"col":-6,"walk_min":418.0,"nearest_station_id":"kr_427","nearest_station_name":"Singiloncheon","nearest_station_name_ko":"신길온천","a":120,"c":120,"e":120,"g":120,"i":120,"k":120,"m":120,"o":120,"b":120,"d":120,"f":120,"h":120,"j":120,"l":120,"n":120,"p":120}},{"type":"Feature","geometry":{"type":"Polygon","coordinates":[[[126.57587,37.22921],[126.62562,37.22921],[126.60075,37.26337],[126.57587,37.22921]]]},"properties":{"row":-5,"col":-8,"walk_min":499.6,"nearest_station_id":"kr_351","nearest_station_name":"Jeongwang","nearest_station_name_ko":"정왕","a":120,"c":120,"e":120,"g":120,"i":120,"k":120,"m":120,"o":120,"b":120,"d":120,"f":120,"h":120,"j":120,"l":120,"n":120,"p":120}},{"type":"Feature","geometry":{"type":"Polygon","coordinates":[[[126.60075,37.19505],[126.62562,37.22921],[126.57587,37.22921],[126.60075,37.19505]]]},"properties":{"row":-6,"col":-7,"walk_min":540.1,"nearest_station_id":"kr_351","nearest_station_name":"Jeongwang","nearest_station_name_ko":"정왕","a":120,"c":120,"e":120,"g":120,"i":120,"k":120,"m":120,"o":120,"b":120,"d":120,"f":120,"h":120,"j":120,"l":120,"n":120,"p":120}},{"type":"Feature","geometry":{"type":"Polygon","coordinates":[[[126.57587,37.22921],[126.60075,37.26337],[126.551,37.26337],[126.57587,37.22921]]]},"properties":{"row":-5,"col":-9,"walk_min":538.0,"nearest_station_id":"kr_351","nearest_station_name":"Jeongwang","nearest_station_name_ko":"정왕","a":120,"c":120,"e":120,"g":120,"i":120,"k":120,"m":120,"o":120,"b":120,"d":120,"f":120,"h":120,"j":120,"l":120,"n":120,"p":120}},{"type":"Feature","geometry":{"type":"Polygon","coordinates":[[[126.551,37.26337],[126.60075,37.26337],[126.57587,37.29752],[126.551,37.26337]]]},"properties":{"row":-4,"col":-8,"walk_min":543.1,"nearest_station_id":"kr_351","nearest_station_name":"Jeongwang","nearest_station_name_ko":"정왕","a":120,"c":120,"e":120,"g":120,"i":120,"k":120,"m":120,"o":120,"b":120,"d":120,"f":120,"h":120,"j":120,"l":120,"n":120,"p":120}},{"type":"Feature","geometry":{"type":"Polygon","coordinates":[[[126.551,37.19505],[126.60075,37.19505],[126.57587,37.22921],[126.551,37.19505]]]},"properties":{"row":-6,"col":-8,"walk_min":583.1,"nearest_station_id":"kr_351","nearest_station_name":"Jeongwang","nearest_station_name_ko":"정왕","a":120,"c":120,"e":120,"g":120,"i":120,"k":120,"m":120,"o":120,"b":120,"d":120,"f":120,"h":120,"j":120,"l":120,"n":120,"p":120}},{"type":"Feature","geometry":{"type":"Polygon","coordinates":[[[126.52612,37.22921],[126.57587,37.22921],[126.551,37.26337],[126.52612,37.22921]]]},"properties":{"row":-5,"col":-10,"walk_min":548.3,"nearest_station_id":"kr_351","nearest_station_name":"Jeongwang","nearest_station_name_ko":"정왕","a":120,"c":120,"e":120,"g":120,"i":120,"k":120,"m":120,"o":120,"b":120,"d":120,"f":120,"h":120,"j":120,"l":120,"n":120,"p":120}},{"type":"Feature","geometry":{"type":"Polygon","coordinates":[[[126.551,37.26337],[126.57587,37.29752],[126.52612,37.29752],[126.551,37.26337]]]},"properties":{"row":-4,"col":-9,"walk_min":560.0,"nearest_station_id":"kr_351","nearest_station_name":"Jeongwang","nearest_station_name_ko":"정왕","a":120,"c":120,"e":120,"g":120,"i":120,"k":120,"m":120,"o":120,"b":120,"d":120,"f":120,"h":120,"j":120,"l":120,"n":120,"p":120}},{"type":"Feature","geometry":{"type":"Polygon","coordinates":[[[126.551,37.19505],[126.57587,37.22921],[126.52612,37.22921],[126.551,37.19505]]]},"properties":{"row":-6,"col":-9,"walk_min":595.3,"nearest_station_id":"kr_351","nearest_station_name":"Jeongwang","nearest_station_name_ko":"정왕","a":120,"c":120,"e":120,"g":120,"i":120,"k":120,"m":120,"o":120,"b":120,"d":120,"f":120,"h":120,"j":120,"l":120,"n":120,"p":120}},{"type":"Feature","geometry":{"type":"Polygon","coordinates":[[[126.52612,37.16089],[126.57587,37.16089],[126.551,37.19505],[126.52612,37.16089]]]},"properties":{"row":-7,"col":-10,"walk_min":607.8,"nearest_station_id":"kr_351","nearest_station_name":"Jeongwang","nearest_station_name_ko":"정왕","a":120,"c":120,"e":120,"g":120,"i":120,"k":120,"m":120,"o":120,"b":120,"d":120,"f":120,"h":120,"j":120,"l":120,"n":120,"p":120}},{"type":"Feature","geometry":{"type":"Polygon","coordinates":[[[126.57587,37.16089],[126.60075,37.19505],[126.551,37.19505],[126.57587,37.16089]]]},"properties":{"row":-7,"col":-9,"walk_min":599.8,"nearest_station_id":"kr_351","nearest_station_name":"Jeongwang","nearest_station_name_ko":"정왕","a":120,"c":120,"e":120,"g":120,"i":120,"k":120,"m":120,"o":120,"b":120,"d":120,"f":120,"h":120,"j":120,"l":120,"n":120,"p":120}},{"type":"Feature","geometry":{"type":"Polygon","coordinates":[[[126.50125,37.19505],[126.551,37.19505],[126.52612,37.22921],[126.50125,37.19505]]]},"properties":{"row":-6,"col":-10,"walk_min":608.4,"nearest_station_id":"kr_351","nearest_station_name":"Jeongwang","nearest_station_name_ko":"정왕","a":120,"c":120,"e":120,"g":120,"i":120,"k":120,"m":120,"o":120,"b":120,"d":120,"f":120,"h":120,"j":120,"l":120,"n":120,"p":120}},{"type":"Feature","geometry":{"type":"Polygon","coordinates":[[[126.52612,37.16089],[126.551,37.19505],[126.50125,37.19505],[126.52612,37.16089]]]},"properties":{"row":-7,"col":-11,"walk_min":611.8,"nearest_station_id":"kr_351","nearest_station_name":"Jeongwang","nearest_station_name_ko":"정왕","a":120,"c":120,"e":120,"g":120,"i":120,"k":120,"m":120,"o":120,"b":120,"d":120,"f":120,"h":120,"j":120,"l":120,"n":120,"p":120}}]}