{"type":"FeatureCollection","features":[{"type":"Feature","geometry":{"type":"Polygon","coordinates":[[[126.88262,37.49106],[126.8992,37.51382],[126.86604,37.51382],[126.88262,37.49106]]]},"properties":{"row":4,"col":7,"walk_min":2.4,"nearest_station_id":"kr_019","nearest_station_name":"Guro","nearest_station_name_ko":"구로","a":22,"c":25,"e":32,"g":37,"i":28,"k":45,"m":46,"o":18,"b":22,"d":25,"f":32,"h":37,"j":28,"l":45,"n":46,"p":18}},{"type":"Feature","geometry":{"type":"Polygon","coordinates":[[[126.86604,37.51382],[126.8992,37.51382],[126.88262,37.53659],[126.86604,37.51382]]]},"properties":{"row":5,"col":6,"walk_min":0.4,"nearest_station_id":"kr_151","nearest_station_name":"Dorimcheon","nearest_station_name_ko":"도림천","a":20,"c":22,"e":30,"g":35,"i":26,"k":43,"m":44,"o":15,"b":20,"d":22,"f":30,"h":35,"j":26,"l":43,"n":44,"p":15}},{"type":"Feature","geometry":{"type":"Polygon","coordinates":[[[126.8992,37.51382],[126.91578,37.53659],[126.88262,37.53659],[126.8992,37.51382]]]},"properties":{"row":5,"col":7,"walk_min":1.1,"nearest_station_id":"kr_049","nearest_station_name":"Dangsan","nearest_station_name_ko":"당산","a":21,"c":21,"e":28,"g":33,"i":24,"k":41,"m":43,"o":10,"b":21,"d":21,"f":28,"h":33,"j":24,"l":41,"n":43,"p":10}},{"type":"Feature","geometry":{"type":"Polygon","coordinates":[[[126.88262,37.49106],[126.91578,37.49106],[126.8992,37.51382],[126.88262,37.49106]]]},"properties":{"row":4,"col":8,"walk_min":3.1,"nearest_station_id":"kr_365","nearest_station_name":"신풍","nearest_station_name_ko":"신풍","a":41,"c":44,"e":33,"g":48,"i":36,"k":46,"m":55,"o":44,"b":41,"d":44,"f":33,"h":48,"j":36,"l":46,"n":55,"p":44}},{"type":"Feature","geometry":{"type":"Polygon","coordinates":[[[126.91578,37.49106],[126.93235,37.51382],[126.8992,37.51382],[126.91578,37.49106]]]},"properties":{"row":4,"col":9,"walk_min":0.9,"nearest_station_id":"kr_337","nearest_station_name":"보라매","nearest_station_name_ko":"보라매","a":31,"c":34,"e":27,"g":40,"i":28,"k":40,"m":48,"o":34,"b":31,"d":34,"f":27,"h":40,"j":28,"l":40,"n":48,"p":34}},{"type":"Feature","geometry":{"type":"Polygon","coordinates":[[[126.8992,37.51382],[126.93235,37.51382],[126.91578,37.53659],[126.8992,37.51382]]]},"properties":{"row":5,"col":8,"walk_min":1.7,"nearest_station_id":"kr_095","nearest_station_name":"Singil","nearest_station_name_ko":"신길","a":18,"c":20,"e":24,"g":32,"i":20,"k":37,"m":42,"o":14,"b":18,"d":20,"f":24,"h":32,"j":20,"l":37,"n":42,"p":14}},{"type":"Feature","geometry":{"type":"Polygon","coordinates":[[[126.98209,37.49106],[127.01524,37.49106],[126.99866,37.51382],[126.98209,37.49106]]]},"properties":{"row":4,"col":14,"walk_min":2.3,"nearest_station_id":"kr_002","nearest_station_name":"Express Bus Terminal","nearest_station_name_ko":"고속터미널","a":20,"c":23,"e":9,"g":26,"i":13,"k":23,"m":33,"o":29,"b":20,"d":23,"f":9,"h":26,"j":13,"l":23,"n":33,"p":29}},{"type":"Feature","geometry":{"type":"Polygon","coordinates":[[[127.01524,37.49106],[127.03182,37.51382],[126.99866,37.51382],[127.01524,37.49106]]]},"properties":{"row":4,"col":15,"walk_min":1.7,"nearest_station_id":"kr_006","nearest_station_name":"Sinnonhyeon","nearest_station_name_ko":"신논현","a":22,"c":24,"e":6,"g":23,"i":15,"k":19,"m":30,"o":31,"b":22,"d":24,"f":6,"h":23,"j":15,"l":19,"n":30,"p":31}},{"type":"Feature","geometry":{"type":"Polygon","coordinates":[[[126.98209,37.49106],[126.99866,37.51382],[126.96551,37.51382],[126.98209,37.49106]]]},"properties":{"row":4,"col":13,"walk_min":5.4,"nearest_station_id":"kr_400","nearest_station_name":"Gubanpo","nearest_station_name_ko":"구반포","a":18,"c":21,"e":18,"g":31,"i":15,"k":31,"m":39,"o":29,"b":18,"d":21,"f":18,"h":31,"j":15,"l":31,"n":39,"p":29}},{"type":"Feature","geometry":{"type":"Polygon","coordinates":[[[126.93235,37.51382],[126.94893,37.53659],[126.91578,37.53659],[126.93235,37.51382]]]},"properties":{"row":5,"col":9,"walk_min":4.2,"nearest_station_id":"kr_180","nearest_station_name":"여의나루","nearest_station_name_ko":"여의나루","a":19,"c":22,"e":27,"g":33,"i":23,"k":40,"m":42,"o":17,"b":19,"d":22,"f":27,"h":33,"j":23,"l":40,"n":42,"p":17}},{"type":"Feature","geometry":{"type":"Polygon","coordinates":[[[126.94893,37.49106],[126.96551,37.51382],[126.93235,37.51382],[126.94893,37.49106]]]},"properties":{"row":4,"col":11,"walk_min":3.5,"nearest_station_id":"kr_244","nearest_station_name":"상도","nearest_station_name_ko":"상도","a":27,"c":30,"e":23,"g":37,"i":23,"k":36,"m":45,"o":33,"b":27,"d":30,"f":23,"h":37,"j":23,"l":36,"n":45,"p":33}},{"type":"Feature","geometry":{"type":"Polygon","coordinates":[[[126.93235,37.51382],[126.96551,37.51382],[126.94893,37.53659],[126.93235,37.51382]]]},"properties":{"row":5,"col":10,"walk_min":5.8,"nearest_station_id":"kr_399","nearest_station_name":"Nodeul","nearest_station_name_ko":"노들","a":19,"c":22,"e":25,"g":34,"i":21,"k":38,"m":43,"o":23,"b":19,"d":22,"f":25,"h":34,"j":21,"l":38,"n":43,"p":23}},{"type":"Feature","geometry":{"type":"Polygon","coordinates":[[[126.94893,37.53659],[126.98209,37.53659],[126.96551,37.55935],[126.94893,37.53659]]]},"properties":{"row":6,"col":12,"walk_min":1.5,"nearest_station_id":"kr_005","nearest_station_name":"Seoul Station","nearest_station_name_ko":"서울역","a":7,"c":9,"e":25,"g":20,"i":21,"k":37,"m":29,"o":19,"b":7,"d":9,"f":25,"h":20,"j":21,"l":37,"n":29,"p":19}},{"type":"Feature","geometry":{"type":"Polygon","coordinates":[[[126.94893,37.53659],[126.96551,37.55935],[126.93235,37.55935],[126.94893,37.53659]]]},"properties":{"row":6,"col":11,"walk_min":1.1,"nearest_station_id":"kr_257","nearest_station_name":"애오개","nearest_station_name_ko":"애오개","a":13,"c":12,"e":29,"g":21,"i":26,"k":41,"m":30,"o":18,"b":13,"d":12,"f":29,"h":21,"j":26,"l":41,"n":30,"p":18}},{"type":"Feature","geometry":{"type":"Polygon","coordinates":[[[126.98209,37.53659],[126.99866,37.55935],[126.96551,37.55935],[126.98209,37.53659]]]},"properties":{"row":6,"col":13,"walk_min":3.6,"nearest_station_id":"kr_035","nearest_station_name":"Myeong-dong","nearest_station_name_ko":"명동","a":7,"c":9,"e":26,"g":16,"i":26,"k":36,"m":25,"o":21,"b":7,"d":9,"f":26,"h":16,"j":26,"l":36,"n":25,"p":21}},{"type":"Feature","geometry":{"type":"Polygon","coordinates":[[[127.01524,37.49106],[127.0484,37.49106],[127.03182,37.51382],[127.01524,37.49106]]]},"properties":{"row":4,"col":16,"walk_min":2.3,"nearest_station_id":"kr_252","nearest_station_name":"Yeoksam","nearest_station_name_ko":"역삼","a":27,"c":29,"e":5,"g":27,"i":16,"k":17,"m":28,"o":35,"b":27,"d":29,"f":5,"h":27,"j":16,"l":17,"n":28,"p":35}},{"type":"Feature","geometry":{"type":"Polygon","coordinates":[[[126.96551,37.55935],[126.99866,37.55935],[126.98209,37.58212],[126.96551,37.55935]]]},"properties":{"row":7,"col":12,"walk_min":0.3,"nearest_station_id":"kr_018","nearest_station_name":"Jonggak","nearest_station_name_ko":"종각","a":7,"c":4,"e":27,"g":13,"i":26,"k":33,"m":22,"o":16,"b":7,"d":4,"f":27,"h":13,"j":26,"l":33,"n":22,"p":16}},{"type":"Feature","geometry":{"type":"Polygon","coordinates":[[[126.99866,37.55935],[127.01524,37.58212],[126.98209,37.58212],[126.99866,37.55935]]]},"properties":{"row":7,"col":13,"walk_min":1.6,"nearest_station_id":"kr_050","nearest_station_name":"Jongno 5(o)-ga","nearest_station_name_ko":"종로5가","a":11,"c":9,"e":27,"g":13,"i":31,"k":33,"m":22,"o":20,"b":11,"d":9,"f":27,"h":13,"j":31,"l":33,"n":22,"p":20}},{"type":"Feature","geometry":{"type":"Polygon","coordinates":[[[126.8992,37.42276],[126.91578,37.44553],[126.88262,37.44553],[126.8992,37.42276]]]},"properties":{"row":1,"col":7,"walk_min":7.5,"nearest_station_id":"kr_392","nearest_station_name":"Seoksu","nearest_station_name_ko":"석수","a":37,"c":40,"e":47,"g":52,"i":43,"k":60,"m":61,"o":38,"b":37,"d":40,"f":47,"h":52,"j":43,"l":60,"n":61,"p":38}},{"type":"Feature","geometry":{"type":"Polygon","coordinates":[[[126.88262,37.44553],[126.91578,37.44553],[126.8992,37.46829],[126.88262,37.44553]]]},"properties":{"row":2,"col":8,"walk_min":8.6,"nearest_station_id":"kr_008","nearest_station_name":"Geumcheon-gu Office","nearest_station_name_ko":"금천구청","a":36,"c":39,"e":46,"g":51,"i":41,"k":59,"m":60,"o":36,"b":36,"d":39,"f":46,"h":51,"j":41,"l":59,"n":60,"p":36}},{"type":"Feature","geometry":{"type":"Polygon","coordinates":[[[126.99866,37.55935],[127.03182,37.55935],[127.01524,37.58212],[126.99866,37.55935]]]},"properties":{"row":7,"col":14,"walk_min":0.0,"nearest_station_id":"kr_069","nearest_station_name":"Sindang","nearest_station_name_ko":"신당","a":11,"c":9,"e":24,"g":7,"i":31,"k":27,"m":16,"o":21,"b":11,"d":9,"f":24,"h":7,"j":31,"l":27,"n":16,"p":21}},{"type":"Feature","geometry":{"type":"Polygon","coordinates":[[[126.8992,37.37724],[126.93235,37.37724],[126.91578,37.4],[126.8992,37.37724]]]},"properties":{"row":-1,"col":8,"walk_min":23.3,"nearest_station_id":"kr_459","nearest_station_name":"Myeonghak","nearest_station_name_ko":"명학","a":65,"c":68,"e":70,"g":80,"i":59,"k":85,"m":89,"o":66,"b":65,"d":68,"f":70,"h":80,"j":59,"l":85,"n":89,"p":66}},{"type":"Feature","geometry":{"type":"Polygon","coordinates":[[[126.8992,37.37724],[126.91578,37.4],[126.88262,37.4],[126.8992,37.37724]]]},"properties":{"row":-1,"col":7,"walk_min":36.4,"nearest_station_id":"kr_010","nearest_station_name":"Anyang","nearest_station_name_ko":"안양","a":76,"c":78,"e":84,"g":90,"i":74,"k":98,"m":99,"o":76,"b":75,"d":77,"f":84,"h":89,"j":74,"l":98,"n":98,"p":76}},{"type":"Feature","geometry":{"type":"Polygon","coordinates":[[[126.88262,37.4],[126.91578,37.4],[126.8992,37.42276],[126.88262,37.4]]]},"properties":{"row":0,"col":8,"walk_min":19.7,"nearest_station_id":"kr_413","nearest_station_name":"Gwanak","nearest_station_name_ko":"관악","a":56,"c":59,"e":66,"g":70,"i":60,"k":79,"m":80,"o":57,"b":54,"d":57,"f":66,"h":68,"j":60,"l":79,"n":78,"p":57}},{"type":"Feature","geometry":{"type":"Polygon","coordinates":[[[126.91578,37.4],[126.94893,37.4],[126.93235,37.42276],[126.91578,37.4]]]},"properties":{"row":0,"col":10,"walk_min":22.6,"nearest_station_id":"kr_010","nearest_station_name":"Anyang","nearest_station_name_ko":"안양","a":62,"c":64,"e":70,"g":76,"i":61,"k":84,"m":85,"o":62,"b":62,"d":64,"f":70,"h":76,"j":61,"l":84,"n":85,"p":62}},{"type":"Feature","geometry":{"type":"Polygon","coordinates":[[[126.93235,37.37724],[126.94893,37.4],[126.91578,37.4],[126.93235,37.37724]]]},"properties":{"row":-1,"col":9,"walk_min":12.5,"nearest_station_id":"kr_010","nearest_station_name":"Anyang","nearest_station_name_ko":"안양","a":52,"c":54,"e":60,"g":66,"i":51,"k":74,"m":75,"o":52,"b":52,"d":54,"f":60,"h":66,"j":51,"l":74,"n":75,"p":52}},{"type":"Feature","geometry":{"type":"Polygon","coordinates":[[[127.08155,37.49106],[127.09813,37.51382],[127.06497,37.51382],[127.08155,37.49106]]]},"properties":{"row":4,"col":19,"walk_min":4.7,"nearest_station_id":"kr_012","nearest_station_name":"Sports Complex","nearest_station_name_ko":"종합운동장","a":39,"c":41,"e":16,"g":33,"i":27,"k":15,"m":26,"o":47,"b":39,"d":41,"f":16,"h":33,"j":27,"l":15,"n":26,"p":47}},{"type":"Feature","geometry":{"type":"Polygon","coordinates":[[[127.06497,37.51382],[127.08155,37.53659],[127.0484,37.53659],[127.06497,37.51382]]]},"properties":{"row":5,"col":17,"walk_min":4.0,"nearest_station_id":"kr_181","nearest_station_name":"Jayang","nearest_station_name_ko":"자양","a":35,"c":35,"e":22,"g":23,"i":28,"k":32,"m":29,"o":45,"b":35,"d":35,"f":22,"h":23,"j":28,"l":32,"n":29,"p":45}},{"type":"Feature","geometry":{"type":"Polygon","coordinates":[[[127.06497,37.51382],[127.09813,37.51382],[127.08155,37.53659],[127.06497,37.51382]]]},"properties":{"row":5,"col":18,"walk_min":6.3,"nearest_station_id":"kr_012","nearest_station_name":"Sports Complex","nearest_station_name_ko":"종합운동장","a":39,"c":40,"e":19,"g":29,"i":30,"k":13,"m":21,"o":47,"b":39,"d":40,"f":19,"h":29,"j":30,"l":13,"n":21,"p":47}},{"type":"Feature","geometry":{"type":"Polygon","coordinates":[[[126.96551,37.55935],[126.98209,37.58212],[126.94893,37.58212],[126.96551,37.55935]]]},"properties":{"row":7,"col":11,"walk_min":5.3,"nearest_station_id":"kr_260","nearest_station_name":"서대문","nearest_station_name_ko":"서대문","a":18,"c":15,"e":35,"g":22,"i":35,"k":42,"m":31,"o":27,"b":18,"d":15,"f":35,"h":22,"j":35,"l":42,"n":31,"p":27}},{"type":"Feature","geometry":{"type":"Polygon","coordinates":[[[127.08155,37.49106],[127.11471,37.49106],[127.09813,37.51382],[127.08155,37.49106]]]},"properties":{"row":4,"col":20,"walk_min":2.0,"nearest_station_id":"kr_394","nearest_station_name":"삼전","nearest_station_name_ko":"삼전","a":39,"c":41,"e":17,"g":31,"i":28,"k":12,"m":23,"o":47,"b":39,"d":41,"f":17,"h":31,"j":28,"l":12,"n":23,"p":47}},{"type":"Feature","geometry":{"type":"Polygon","coordinates":[[[127.11471,37.49106],[127.13129,37.51382],[127.09813,37.51382],[127.11471,37.49106]]]},"properties":{"row":4,"col":21,"walk_min":1.3,"nearest_station_id":"kr_066","nearest_station_name":"Songpa","nearest_station_name_ko":"송파","a":42,"c":42,"e":22,"g":30,"i":33,"k":17,"m":28,"o":52,"b":42,"d":42,"f":22,"h":30,"j":33,"l":17,"n":28,"p":52}},{"type":"Feature","geometry":{"type":"Polygon","coordinates":[[[127.03182,37.51382],[127.0484,37.53659],[127.01524,37.53659],[127.03182,37.51382]]]},"properties":{"row":5,"col":15,"walk_min":5.7,"nearest_station_id":"kr_138","nearest_station_name":"압구정","nearest_station_name_ko":"압구정","a":24,"c":24,"e":16,"g":22,"i":25,"k":30,"m":31,"o":35,"b":24,"d":24,"f":16,"h":22,"j":25,"l":30,"n":31,"p":35}},{"type":"Feature","geometry":{"type":"Polygon","coordinates":[[[127.0484,37.49106],[127.06497,37.51382],[127.03182,37.51382],[127.0484,37.49106]]]},"properties":{"row":4,"col":17,"walk_min":2.2,"nearest_station_id":"kr_275","nearest_station_name":"Seolleung","nearest_station_name_ko":"선릉","a":30,"c":32,"e":11,"g":27,"i":19,"k":21,"m":28,"o":38,"b":30,"d":32,"f":11,"h":27,"j":19,"l":21,"n":28,"p":38}},{"type":"Feature","geometry":{"type":"Polygon","coordinates":[[[127.03182,37.51382],[127.06497,37.51382],[127.0484,37.53659],[127.03182,37.51382]]]},"properties":{"row":5,"col":16,"walk_min":2.5,"nearest_station_id":"kr_166","nearest_station_name":"청담","nearest_station_name_ko":"청담","a":30,"c":31,"e":17,"g":23,"i":23,"k":31,"m":32,"o":38,"b":30,"d":31,"f":17,"h":23,"j":23,"l":31,"n":32,"p":38}},{"type":"Feature","geometry":{"type":"Polygon","coordinates":[[[126.84947,37.49106],[126.88262,37.49106],[126.86604,37.51382],[126.84947,37.49106]]]},"properties":{"row":4,"col":6,"walk_min":3.9,"nearest_station_id":"kr_450","nearest_station_name":"Guil","nearest_station_name_ko":"구일","a":26,"c":29,"e":36,"g":41,"i":32,"k":49,"m":50,"o":23,"b":26,"d":29,"f":36,"h":41,"j":32,"l":49,"n":50,"p":23}},{"type":"Feature","geometry":{"type":"Polygon","coordinates":[[[127.03182,37.46829],[127.0484,37.49106],[127.01524,37.49106],[127.03182,37.46829]]]},"properties":{"row":3,"col":15,"walk_min":3.3,"nearest_station_id":"kr_020","nearest_station_name":"Yangjae","nearest_station_name_ko":"양재","a":29,"c":31,"e":7,"g":32,"i":16,"k":23,"m":34,"o":38,"b":29,"d":31,"f":7,"h":32,"j":16,"l":23,"n":34,"p":38}},{"type":"Feature","geometry":{"type":"Polygon","coordinates":[[[127.03182,37.46829],[127.06497,37.46829],[127.0484,37.49106],[127.03182,37.46829]]]},"properties":{"row":3,"col":16,"walk_min":8.2,"nearest_station_id":"kr_038","nearest_station_name":"Yangjae Citizen's Forest","nearest_station_name_ko":"양재시민의숲","a":39,"c":40,"e":15,"g":39,"i":25,"k":30,"m":41,"o":47,"b":39,"d":40,"f":15,"h":39,"j":25,"l":30,"n":41,"p":47}},{"type":"Feature","geometry":{"type":"Polygon","coordinates":[[[127.03182,37.55935],[127.0484,37.58212],[127.01524,37.58212],[127.03182,37.55935]]]},"properties":{"row":7,"col":15,"walk_min":0.3,"nearest_station_id":"kr_214","nearest_station_name":"용두","nearest_station_name_ko":"용두","a":16,"c":15,"e":27,"g":13,"i":36,"k":28,"m":17,"o":26,"b":16,"d":15,"f":27,"h":13,"j":36,"l":28,"n":17,"p":26}},{"type":"Feature","geometry":{"type":"Polygon","coordinates":[[[126.94893,37.35447],[126.96551,37.37724],[126.93235,37.37724],[126.94893,37.35447]]]},"properties":{"row":-2,"col":11,"walk_min":13.0,"nearest_station_id":"kr_072","nearest_station_name":"Gunpo","nearest_station_name_ko":"군포","a":61,"c":63,"e":59,"g":75,"i":48,"k":74,"m":84,"o":61,"b":61,"d":63,"f":59,"h":75,"j":48,"l":74,"n":84,"p":61}},{"type":"Feature","geometry":{"type":"Polygon","coordinates":[[[126.93235,37.37724],[126.96551,37.37724],[126.94893,37.4],[126.93235,37.37724]]]},"properties":{"row":-1,"col":10,"walk_min":7.2,"nearest_station_id":"kr_023","nearest_station_name":"Geumjeong","nearest_station_name_ko":"금정","a":53,"c":56,"e":49,"g":67,"i":38,"k":64,"m":74,"o":55,"b":53,"d":56,"f":49,"h":67,"j":38,"l":64,"n":74,"p":55}},{"type":"Feature","geometry":{"type":"Polygon","coordinates":[[[126.79973,37.46829],[126.83289,37.46829],[126.81631,37.49106],[126.79973,37.46829]]]},"properties":{"row":3,"col":2,"walk_min":15.8,"nearest_station_id":"kr_024","nearest_station_name":"Yeokgok","nearest_station_name_ko":"역곡","a":48,"c":51,"e":58,"g":62,"i":53,"k":71,"m":72,"o":45,"b":48,"d":51,"f":58,"h":62,"j":53,"l":71,"n":72,"p":45}},{"type":"Feature","geometry":{"type":"Polygon","coordinates":[[[126.79973,37.46829],[126.81631,37.49106],[126.78316,37.49106],[126.79973,37.46829]]]},"properties":{"row":3,"col":1,"walk_min":2.6,"nearest_station_id":"kr_451","nearest_station_name":"Sosa","nearest_station_name_ko":"소사","a":37,"c":39,"e":46,"g":51,"i":42,"k":59,"m":60,"o":33,"b":37,"d":39,"f":46,"h":51,"j":42,"l":59,"n":60,"p":33}},{"type":"Feature","geometry":{"type":"Polygon","coordinates":[[[126.83289,37.46829],[126.84947,37.49106],[126.81631,37.49106],[126.83289,37.46829]]]},"properties":{"row":3,"col":3,"walk_min":9.3,"nearest_station_id":"kr_194","nearest_station_name":"천왕","nearest_station_name_ko":"천왕","a":44,"c":47,"e":53,"g":58,"i":49,"k":66,"m":68,"o":41,"b":44,"d":47,"f":53,"h":58,"j":49,"l":66,"n":68,"p":41}},{"type":"Feature","geometry":{"type":"Polygon","coordinates":[[[127.01524,37.58212],[127.0484,37.58212],[127.03182,37.60488],[127.01524,37.58212]]]},"properties":{"row":8,"col":16,"walk_min":1.3,"nearest_station_id":"kr_131","nearest_station_name":"Korea Univ.","nearest_station_name_ko":"고려대","a":21,"c":20,"e":30,"g":18,"i":39,"k":38,"m":27,"o":32,"b":21,"d":20,"f":30,"h":18,"j":39,"l":38,"n":27,"p":32}},{"type":"Feature","geometry":{"type":"Polygon","coordinates":[[[127.0484,37.58212],[127.06497,37.60488],[127.03182,37.60488],[127.0484,37.58212]]]},"properties":{"row":8,"col":17,"walk_min":2.5,"nearest_station_id":"kr_142","nearest_station_name":"월곡","nearest_station_name_ko":"월곡","a":26,"c":25,"e":35,"g":23,"i":45,"k":42,"m":30,"o":37,"b":26,"d":25,"f":35,"h":23,"j":45,"l":42,"n":30,"p":37}},{"type":"Feature","geometry":{"type":"Polygon","coordinates":[[[127.01524,37.53659],[127.03182,37.55935],[126.99866,37.55935],[127.01524,37.53659]]]},"properties":{"row":6,"col":15,"walk_min":2.1,"nearest_station_id":"kr_277","nearest_station_name":"신금호","nearest_station_name_ko":"신금호","a":15,"c":14,"e":21,"g":9,"i":29,"k":28,"m":18,"o":25,"b":15,"d":14,"f":21,"h":9,"j":29,"l":28,"n":18,"p":25}},{"type":"Feature","geometry":{"type":"Polygon","coordinates":[[[127.01524,37.53659],[127.0484,37.53659],[127.03182,37.55935],[127.01524,37.53659]]]},"properties":{"row":6,"col":16,"walk_min":4.9,"nearest_station_id":"kr_272","nearest_station_name":"Hanyang University","nearest_station_name_ko":"한양대","a":21,"c":19,"e":23,"g":13,"i":32,"k":27,"m":20,"o":31,"b":21,"d":19,"f":23,"h":13,"j":32,"l":27,"n":20,"p":31}},{"type":"Feature","geometry":{"type":"Polygon","coordinates":[[[127.06497,37.55935],[127.08155,37.58212],[127.0484,37.58212],[127.06497,37.55935]]]},"properties":{"row":7,"col":17,"walk_min":5.4,"nearest_station_id":"kr_098","nearest_station_name":"중곡","nearest_station_name_ko":"중곡","a":31,"c":29,"e":37,"g":19,"i":44,"k":38,"m":26,"o":40,"b":31,"d":29,"f":37,"h":19,"j":44,"l":38,"n":26,"p":40}},{"type":"Feature","geometry":{"type":"Polygon","coordinates":[[[127.0484,37.58212],[127.08155,37.58212],[127.06497,37.60488],[127.0484,37.58212]]]},"properties":{"row":8,"col":18,"walk_min":4.7,"nearest_station_id":"kr_124","nearest_station_name":"면목","nearest_station_name_ko":"면목","a":32,"c":31,"e":40,"g":24,"i":46,"k":42,"m":31,"o":42,"b":32,"d":31,"f":40,"h":24,"j":46,"l":42,"n":31,"p":42}},{"type":"Feature","geometry":{"type":"Polygon","coordinates":[[[126.94893,37.30894],[126.96551,37.33171],[126.93235,37.33171],[126.94893,37.30894]]]},"properties":{"row":-4,"col":11,"walk_min":22.5,"nearest_station_id":"kr_032","nearest_station_name":"Uiwang","nearest_station_name_ko":"의왕","a":80,"c":83,"e":77,"g":94,"i":66,"k":92,"m":103,"o":81,"b":80,"d":83,"f":77,"h":94,"j":66,"l":92,"n":103,"p":81}},{"type":"Feature","geometry":{"type":"Polygon","coordinates":[[[126.93235,37.33171],[126.96551,37.33171],[126.94893,37.35447],[126.93235,37.33171]]]},"properties":{"row":-3,"col":10,"walk_min":16.2,"nearest_station_id":"kr_460","nearest_station_name":"Dangjeong","nearest_station_name_ko":"당정","a":70,"c":73,"e":68,"g":85,"i":57,"k":83,"m":94,"o":71,"b":70,"d":73,"f":68,"h":85,"j":57,"l":83,"n":94,"p":71}},{"type":"Feature","geometry":{"type":"Polygon","coordinates":[[[126.98209,37.53659],[127.01524,37.53659],[126.99866,37.55935],[126.98209,37.53659]]]},"properties":{"row":6,"col":14,"walk_min":3.0,"nearest_station_id":"kr_324","nearest_station_name":"버티고개","nearest_station_name_ko":"버티고개","a":14,"c":15,"e":23,"g":15,"i":25,"k":35,"m":24,"o":26,"b":14,"d":15,"f":23,"h":15,"j":25,"l":35,"n":24,"p":26}},{"type":"Feature","geometry":{"type":"Polygon","coordinates":[[[127.03182,37.60488],[127.06497,37.60488],[127.0484,37.62765],[127.03182,37.60488]]]},"properties":{"row":9,"col":16,"walk_min":4.3,"nearest_station_id":"kr_042","nearest_station_name":"Kwangwoon University","nearest_station_name_ko":"광운대","a":31,"c":29,"e":41,"g":28,"i":50,"k":46,"m":35,"o":40,"b":31,"d":29,"f":41,"h":28,"j":50,"l":46,"n":35,"p":40}},{"type":"Feature","geometry":{"type":"Polygon","coordinates":[[[127.06497,37.60488],[127.08155,37.62765],[127.0484,37.62765],[127.06497,37.60488]]]},"properties":{"row":9,"col":17,"walk_min":1.8,"nearest_station_id":"kr_042","nearest_station_name":"Kwangwoon University","nearest_station_name_ko":"광운대","a":33,"c":31,"e":43,"g":29,"i":51,"k":46,"m":34,"o":42,"b":33,"d":31,"f":43,"h":29,"j":51,"l":46,"n":34,"p":42}},{"type":"Feature","geometry":{"type":"Polygon","coordinates":[[[127.08155,37.58212],[127.09813,37.60488],[127.06497,37.60488],[127.08155,37.58212]]]},"properties":{"row":8,"col":19,"walk_min":3.6,"nearest_station_id":"kr_037","nearest_station_name":"Sinimun (Korea National University of Arts)","nearest_station_name_ko":"신이문(한국예술종합학교)","a":34,"c":33,"e":41,"g":24,"i":47,"k":43,"m":31,"o":44,"b":34,"d":33,"f":41,"h":24,"j":47,"l":43,"n":31,"p":44}},{"type":"Feature","geometry":{"type":"Polygon","coordinates":[[[127.06497,37.60488],[127.09813,37.60488],[127.08155,37.62765],[127.06497,37.60488]]]},"properties":{"row":9,"col":18,"walk_min":2.5,"nearest_station_id":"kr_097","nearest_station_name":"태릉입구","nearest_station_name_ko":"태릉입구","a":35,"c":34,"e":43,"g":28,"i":50,"k":47,"m":36,"o":45,"b":35,"d":34,"f":43,"h":28,"j":50,"l":47,"n":36,"p":45}},{"type":"Feature","geometry":{"type":"Polygon","coordinates":[[[127.01524,37.44553],[127.0484,37.44553],[127.03182,37.46829],[127.01524,37.44553]]]},"properties":{"row":2,"col":16,"walk_min":15.9,"nearest_station_id":"kr_040","nearest_station_name":"Cheonggyesan","nearest_station_name_ko":"청계산입구","a":49,"c":51,"e":29,"g":53,"i":33,"k":44,"m":55,"o":57,"b":49,"d":51,"f":29,"h":53,"j":33,"l":44,"n":55,"p":57}},{"type":"Feature","geometry":{"type":"Polygon","coordinates":[[[127.0484,37.44553],[127.06497,37.46829],[127.03182,37.46829],[127.0484,37.44553]]]},"properties":{"row":2,"col":17,"walk_min":11.3,"nearest_station_id":"kr_038","nearest_station_name":"Yangjae Citizen's Forest","nearest_station_name_ko":"양재시민의숲","a":44,"c":45,"e":20,"g":44,"i":30,"k":35,"m":46,"o":52,"b":44,"d":45,"f":20,"h":44,"j":30,"l":35,"n":46,"p":52}},{"type":"Feature","geometry":{"type":"Polygon","coordinates":[[[127.03182,37.42276],[127.06497,37.42276],[127.0484,37.44553],[127.03182,37.42276]]]},"properties":{"row":1,"col":16,"walk_min":26.7,"nearest_station_id":"kr_040","nearest_station_name":"Cheonggyesan","nearest_station_name_ko":"청계산입구","a":63,"c":65,"e":39,"g":64,"i":50,"k":55,"m":66,"o":72,"b":63,"d":65,"f":39,"h":64,"j":50,"l":55,"n":66,"p":72}},{"type":"Feature","geometry":{"type":"Polygon","coordinates":[[[127.06497,37.42276],[127.08155,37.44553],[127.0484,37.44553],[127.06497,37.42276]]]},"properties":{"row":1,"col":17,"walk_min":22.3,"nearest_station_id":"kr_040","nearest_station_name":"Cheonggyesan","nearest_station_name_ko":"청계산입구","a":58,"c":60,"e":34,"g":59,"i":45,"k":50,"m":61,"o":67,"b":58,"d":60,"f":34,"h":59,"j":45,"l":50,"n":61,"p":67}},{"type":"Feature","geometry":{"type":"Polygon","coordinates":[[[127.0484,37.44553],[127.08155,37.44553],[127.06497,37.46829],[127.0484,37.44553]]]},"properties":{"row":2,"col":18,"walk_min":15.7,"nearest_station_id":"kr_040","nearest_station_name":"Cheonggyesan","nearest_station_name_ko":"청계산입구","a":52,"c":53,"e":28,"g":52,"i":38,"k":43,"m":54,"o":60,"b":52,"d":53,"f":28,"h":52,"j":38,"l":43,"n":54,"p":60}},{"type":"Feature","geometry":{"type":"Polygon","coordinates":[[[127.09813,37.37724],[127.11471,37.4],[127.08155,37.4],[127.09813,37.37724]]]},"properties":{"row":-1,"col":19,"walk_min":21.6,"nearest_station_id":"kr_041","nearest_station_name":"Pangyo","nearest_station_name_ko":"판교","a":74,"c":76,"e":50,"g":74,"i":60,"k":65,"m":76,"o":82,"b":74,"d":76,"f":50,"h":74,"j":60,"l":65,"n":76,"p":82}},{"type":"Feature","geometry":{"type":"Polygon","coordinates":[[[127.08155,37.4],[127.11471,37.4],[127.09813,37.42276],[127.08155,37.4]]]},"properties":{"row":0,"col":20,"walk_min":35.9,"nearest_station_id":"kr_041","nearest_station_name":"Pangyo","nearest_station_name_ko":"판교","a":87,"c":89,"e":63,"g":87,"i":73,"k":78,"m":89,"o":95,"b":87,"d":89,"f":63,"h":87,"j":73,"l":78,"n":89,"p":95}},{"type":"Feature","geometry":{"type":"Polygon","coordinates":[[[127.09813,37.37724],[127.13129,37.37724],[127.11471,37.4],[127.09813,37.37724]]]},"properties":{"row":-1,"col":20,"walk_min":13.2,"nearest_station_id":"kr_148","nearest_station_name":"Jeongja","nearest_station_name_ko":"정자","a":68,"c":70,"e":44,"g":68,"i":54,"k":59,"m":70,"o":76,"b":68,"d":70,"f":44,"h":68,"j":54,"l":59,"n":70,"p":76}},{"type":"Feature","geometry":{"type":"Polygon","coordinates":[[[127.11471,37.4],[127.13129,37.42276],[127.09813,37.42276],[127.11471,37.4]]]},"properties":{"row":0,"col":21,"walk_min":24.4,"nearest_station_id":"kr_041","nearest_station_name":"Pangyo","nearest_station_name_ko":"판교","a":76,"c":78,"e":52,"g":76,"i":62,"k":67,"m":78,"o":84,"b":76,"d":78,"f":52,"h":76,"j":62,"l":67,"n":78,"p":84}},{"type":"Feature","geometry":{"type":"Polygon","coordinates":[[[126.99866,37.24065],[127.01524,37.26341],[126.98209,37.26341],[126.99866,37.24065]]]},"properties":{"row":-7,"col":13,"walk_min":20.3,"nearest_station_id":"kr_043","nearest_station_name":"Suwon","nearest_station_name_ko":"수원","a":93,"c":95,"e":90,"g":107,"i":79,"k":105,"m":112,"o":93,"b":93,"d":95,"f":90,"h":107,"j":79,"l":105,"n":112,"p":93}},{"type":"Feature","geometry":{"type":"Polygon","coordinates":[[[126.98209,37.26341],[127.01524,37.26341],[126.99866,37.28618],[126.98209,37.26341]]]},"properties":{"row":-6,"col":14,"walk_min":18.6,"nearest_station_id":"kr_043","nearest_station_name":"Suwon","nearest_station_name_ko":"수원","a":90,"c":92,"e":87,"g":104,"i":76,"k":102,"m":111,"o":90,"b":90,"d":92,"f":87,"h":104,"j":76,"l":102,"n":111,"p":90}},{"type":"Feature","geometry":{"type":"Polygon","coordinates":[[[126.99866,37.24065],[127.03182,37.24065],[127.01524,37.26341],[126.99866,37.24065]]]},"properties":{"row":-7,"col":14,"walk_min":14.4,"nearest_station_id":"kr_462","nearest_station_name":"Seryu","nearest_station_name_ko":"세류","a":91,"c":94,"e":88,"g":106,"i":77,"k":103,"m":113,"o":92,"b":91,"d":94,"f":88,"h":106,"j":77,"l":103,"n":113,"p":92}},{"type":"Feature","geometry":{"type":"Polygon","coordinates":[[[127.01524,37.67317],[127.0484,37.67317],[127.03182,37.69594],[127.01524,37.67317]]]},"properties":{"row":12,"col":16,"walk_min":14.5,"nearest_station_id":"kr_395","nearest_station_name":"Banghak (Dobong-gu Office)","nearest_station_name_ko":"방학(도봉구청)","a":57,"c":55,"e":69,"g":55,"i":77,"k":68,"m":57,"o":66,"b":57,"d":55,"f":69,"h":55,"j":77,"l":68,"n":57,"p":66}},{"type":"Feature","geometry":{"type":"Polygon","coordinates":[[[127.03182,37.69594],[127.06497,37.69594],[127.0484,37.7187],[127.03182,37.69594]]]},"properties":{"row":13,"col":16,"walk_min":5.7,"nearest_station_id":"kr_449","nearest_station_name":"Mangwolsa (Shinhan University)","nearest_station_name_ko":"망월사(신한대학교)","a":54,"c":52,"e":66,"g":52,"i":74,"k":66,"m":54,"o":63,"b":54,"d":52,"f":66,"h":52,"j":74,"l":66,"n":54,"p":63}},{"type":"Feature","geometry":{"type":"Polygon","coordinates":[[[127.0484,37.67317],[127.06497,37.69594],[127.03182,37.69594],[127.0484,37.67317]]]},"properties":{"row":12,"col":17,"walk_min":4.7,"nearest_station_id":"kr_044","nearest_station_name":"Dobongsan","nearest_station_name_ko":"도봉산","a":50,"c":48,"e":61,"g":47,"i":69,"k":62,"m":51,"o":60,"b":50,"d":48,"f":61,"h":47,"j":69,"l":62,"n":51,"p":60}},{"type":"Feature","geometry":{"type":"Polygon","coordinates":[[[127.0484,37.62765],[127.06497,37.65041],[127.03182,37.65041],[127.0484,37.62765]]]},"properties":{"row":10,"col":17,"walk_min":3.1,"nearest_station_id":"kr_393","nearest_station_name":"Wolgye (Induk University)","nearest_station_name_ko":"월계(인덕대학교)","a":38,"c":36,"e":49,"g":35,"i":57,"k":53,"m":41,"o":47,"b":38,"d":36,"f":49,"h":35,"j":57,"l":53,"n":41,"p":47}},{"type":"Feature","geometry":{"type":"Polygon","coordinates":[[[127.03182,37.65041],[127.0484,37.67317],[127.01524,37.67317],[127.03182,37.65041]]]},"properties":{"row":11,"col":15,"walk_min":11.1,"nearest_station_id":"kr_395","nearest_station_name":"Banghak (Dobong-gu Office)","nearest_station_name_ko":"방학(도봉구청)","a":49,"c":47,"e":61,"g":47,"i":69,"k":63,"m":52,"o":58,"b":49,"d":47,"f":61,"h":47,"j":69,"l":63,"n":52,"p":58}},{"type":"Feature","geometry":{"type":"Polygon","coordinates":[[[127.03182,37.65041],[127.06497,37.65041],[127.0484,37.67317],[127.03182,37.65041]]]},"properties":{"row":11,"col":16,"walk_min":2.2,"nearest_station_id":"kr_224","nearest_station_name":"노원","nearest_station_name_ko":"노원","a":42,"c":41,"e":53,"g":39,"i":61,"k":58,"m":47,"o":52,"b":42,"d":41,"f":53,"h":39,"j":61,"l":58,"n":47,"p":52}},{"type":"Feature","geometry":{"type":"Polygon","coordinates":[[[127.0484,37.53659],[127.08155,37.53659],[127.06497,37.55935],[127.0484,37.53659]]]},"properties":{"row":6,"col":18,"walk_min":2.2,"nearest_station_id":"kr_181","nearest_station_name":"Jayang","nearest_station_name_ko":"자양","a":29,"c":28,"e":26,"g":14,"i":33,"k":29,"m":20,"o":39,"b":29,"d":28,"f":26,"h":14,"j":33,"l":29,"n":20,"p":39}},{"type":"Feature","geometry":{"type":"Polygon","coordinates":[[[127.08155,37.53659],[127.09813,37.55935],[127.06497,37.55935],[127.08155,37.53659]]]},"properties":{"row":6,"col":19,"walk_min":3.3,"nearest_station_id":"kr_087","nearest_station_name":"아차산","nearest_station_name_ko":"아차산","a":31,"c":30,"e":30,"g":16,"i":35,"k":34,"m":25,"o":41,"b":31,"d":30,"f":30,"h":16,"j":35,"l":34,"n":25,"p":41}},{"type":"Feature","geometry":{"type":"Polygon","coordinates":[[[127.03182,37.19512],[127.0484,37.21788],[127.01524,37.21788],[127.03182,37.19512]]]},"properties":{"row":-9,"col":15,"walk_min":27.4,"nearest_station_id":"kr_047","nearest_station_name":"Byeongjeom","nearest_station_name_ko":"병점","a":111,"c":112,"e":109,"g":118,"i":98,"k":117,"m":120,"o":111,"b":111,"d":112,"f":109,"h":118,"j":98,"l":117,"n":120,"p":111}},{"type":"Feature","geometry":{"type":"Polygon","coordinates":[[[127.03182,37.19512],[127.06497,37.19512],[127.0484,37.21788],[127.03182,37.19512]]]},"properties":{"row":-9,"col":16,"walk_min":12.8,"nearest_station_id":"kr_466","nearest_station_name":"Seodongtan","nearest_station_name_ko":"서동탄","a":101,"c":103,"e":98,"g":115,"i":87,"k":113,"m":120,"o":101,"b":101,"d":103,"f":98,"h":115,"j":87,"l":113,"n":120,"p":101}},{"type":"Feature","geometry":{"type":"Polygon","coordinates":[[[127.09813,37.51382],[127.13129,37.51382],[127.11471,37.53659],[127.09813,37.51382]]]},"properties":{"row":5,"col":20,"walk_min":2.6,"nearest_station_id":"kr_217","nearest_station_name":"Mongchontoseong","nearest_station_name_ko":"몽촌토성","a":40,"c":39,"e":24,"g":26,"i":35,"k":17,"m":25,"o":50,"b":40,"d":39,"f":24,"h":26,"j":35,"l":17,"n":25,"p":50}},{"type":"Feature","geometry":{"type":"Polygon","coordinates":[[[127.13129,37.51382],[127.14786,37.53659],[127.11471,37.53659],[127.13129,37.51382]]]},"properties":{"row":5,"col":21,"walk_min":1.4,"nearest_station_id":"kr_055","nearest_station_name":"Cheonho","nearest_station_name_ko":"천호","a":39,"c":38,"e":26,"g":24,"i":37,"k":21,"m":30,"o":49,"b":39,"d":38,"f":26,"h":24,"j":37,"l":21,"n":30,"p":49}},{"type":"Feature","geometry":{"type":"Polygon","coordinates":[[[127.11471,37.49106],[127.14786,37.49106],[127.13129,37.51382],[127.11471,37.49106]]]},"properties":{"row":4,"col":22,"walk_min":2.0,"nearest_station_id":"kr_253","nearest_station_name":"Ogeum","nearest_station_name_ko":"오금","a":47,"c":46,"e":26,"g":33,"i":37,"k":21,"m":32,"o":56,"b":47,"d":46,"f":26,"h":33,"j":37,"l":21,"n":32,"p":56}},{"type":"Feature","geometry":{"type":"Polygon","coordinates":[[[126.88262,37.53659],[126.91578,37.53659],[126.8992,37.55935],[126.88262,37.53659]]]},"properties":{"row":6,"col":8,"walk_min":5.4,"nearest_station_id":"kr_240","nearest_station_name":"망원","nearest_station_name_ko":"망원","a":25,"c":26,"e":36,"g":38,"i":32,"k":49,"m":47,"o":25,"b":25,"d":26,"f":36,"h":38,"j":32,"l":49,"n":47,"p":25}},{"type":"Feature","geometry":{"type":"Polygon","coordinates":[[[127.11471,37.53659],[127.14786,37.53659],[127.13129,37.55935],[127.11471,37.53659]]]},"properties":{"row":6,"col":22,"walk_min":1.9,"nearest_station_id":"kr_169","nearest_station_name":"Amsa","nearest_station_name_ko":"암사","a":39,"c":38,"e":30,"g":24,"i":41,"k":25,"m":33,"o":49,"b":39,"d":38,"f":30,"h":24,"j":41,"l":25,"n":33,"p":49}},{"type":"Feature","geometry":{"type":"Polygon","coordinates":[[[126.99866,37.51382],[127.03182,37.51382],[127.01524,37.53659],[126.99866,37.51382]]]},"properties":{"row":5,"col":14,"walk_min":4.0,"nearest_station_id":"kr_056","nearest_station_name":"Sinsa","nearest_station_name_ko":"신사","a":22,"c":23,"e":12,"g":22,"i":20,"k":26,"m":31,"o":33,"b":22,"d":23,"f":12,"h":22,"j":20,"l":26,"n":31,"p":33}},{"type":"Feature","geometry":{"type":"Polygon","coordinates":[[[126.98209,37.58212],[127.01524,37.58212],[126.99866,37.60488],[126.98209,37.58212]]]},"properties":{"row":8,"col":14,"walk_min":6.4,"nearest_station_id":"kr_061","nearest_station_name":"Hansung Univ. (Samseongyo)","nearest_station_name_ko":"한성대입구(삼선교)","a":20,"c":18,"e":33,"g":19,"i":40,"k":40,"m":29,"o":29,"b":20,"d":18,"f":33,"h":19,"j":40,"l":40,"n":29,"p":29}},{"type":"Feature","geometry":{"type":"Polygon","coordinates":[[[127.01524,37.58212],[127.03182,37.60488],[126.99866,37.60488],[127.01524,37.58212]]]},"properties":{"row":8,"col":15,"walk_min":6.6,"nearest_station_id":"kr_082","nearest_station_name":"Gireum","nearest_station_name_ko":"길음","a":25,"c":23,"e":36,"g":23,"i":44,"k":43,"m":32,"o":35,"b":25,"d":23,"f":36,"h":23,"j":44,"l":43,"n":32,"p":35}},{"type":"Feature","geometry":{"type":"Polygon","coordinates":[[[126.76658,37.46829],[126.79973,37.46829],[126.78316,37.49106],[126.76658,37.46829]]]},"properties":{"row":3,"col":0,"walk_min":12.9,"nearest_station_id":"kr_060","nearest_station_name":"Bucheon","nearest_station_name_ko":"부천","a":49,"c":51,"e":58,"g":63,"i":54,"k":72,"m":73,"o":46,"b":49,"d":51,"f":58,"h":63,"j":54,"l":72,"n":73,"p":46}},{"type":"Feature","geometry":{"type":"Polygon","coordinates":[[[126.76658,37.46829],[126.78316,37.49106],[126.75,37.49106],[126.76658,37.46829]]]},"properties":{"row":3,"col":-1,"walk_min":5.7,"nearest_station_id":"kr_452","nearest_station_name":"Jung-dong","nearest_station_name_ko":"중동","a":45,"c":48,"e":55,"g":60,"i":51,"k":68,"m":69,"o":42,"b":45,"d":48,"f":55,"h":60,"j":51,"l":68,"n":69,"p":42}},{"type":"Feature","geometry":{"type":"Polygon","coordinates":[[[127.01524,37.7187],[127.0484,37.7187],[127.03182,37.74147],[127.01524,37.7187]]]},"properties":{"row":14,"col":16,"walk_min":15.5,"nearest_station_id":"kr_062","nearest_station_name":"Hoeryong","nearest_station_name_ko":"회룡","a":69,"c":67,"e":81,"g":67,"i":89,"k":80,"m":69,"o":78,"b":69,"d":67,"f":81,"h":67,"j":89,"l":80,"n":69,"p":78}},{"type":"Feature","geometry":{"type":"Polygon","coordinates":[[[127.0484,37.7187],[127.06497,37.74147],[127.03182,37.74147],[127.0484,37.7187]]]},"properties":{"row":14,"col":17,"walk_min":8.2,"nearest_station_id":"kr_062","nearest_station_name":"Hoeryong","nearest_station_name_ko":"회룡","a":63,"c":61,"e":75,"g":61,"i":83,"k":74,"m":63,"o":72,"b":63,"d":61,"f":75,"h":61,"j":83,"l":74,"n":63,"p":72}},{"type":"Feature","geometry":{"type":"Polygon","coordinates":[[[126.93235,37.55935],[126.96551,37.55935],[126.94893,37.58212],[126.93235,37.55935]]]},"properties":{"row":7,"col":10,"walk_min":6.7,"nearest_station_id":"kr_083","nearest_station_name":"Dongnimmun","nearest_station_name_ko":"독립문","a":20,"c":17,"e":38,"g":25,"i":40,"k":45,"m":34,"o":26,"b":20,"d":17,"f":38,"h":25,"j":40,"l":45,"n":34,"p":26}},{"type":"Feature","geometry":{"type":"Polygon","coordinates":[[[127.03182,37.74147],[127.06497,37.74147],[127.0484,37.76423],[127.03182,37.74147]]]},"properties":{"row":15,"col":16,"walk_min":9.9,"nearest_station_id":"kr_065","nearest_station_name":"Uijeongbu","nearest_station_name_ko":"의정부","a":68,"c":66,"e":80,"g":66,"i":88,"k":80,"m":68,"o":77,"b":68,"d":66,"f":80,"h":66,"j":88,"l":80,"n":68,"p":77}},{"type":"Feature","geometry":{"type":"Polygon","coordinates":[[[127.03182,37.74147],[127.0484,37.76423],[127.01524,37.76423],[127.03182,37.74147]]]},"properties":{"row":15,"col":15,"walk_min":12.4,"nearest_station_id":"kr_421","nearest_station_name":"Nogyang","nearest_station_name_ko":"녹양","a":73,"c":71,"e":85,"g":71,"i":93,"k":84,"m":73,"o":82,"b":73,"d":71,"f":85,"h":71,"j":93,"l":84,"n":73,"p":82}},{"type":"Feature","geometry":{"type":"Polygon","coordinates":[[[126.93235,37.55935],[126.94893,37.58212],[126.91578,37.58212],[126.93235,37.55935]]]},"properties":{"row":7,"col":9,"walk_min":10.5,"nearest_station_id":"kr_376","nearest_station_name":"Sinchon","nearest_station_name_ko":"신촌","a":28,"c":26,"e":47,"g":35,"i":45,"k":55,"m":45,"o":29,"b":28,"d":26,"f":47,"h":35,"j":45,"l":55,"n":45,"p":29}},{"type":"Feature","geometry":{"type":"Polygon","coordinates":[[[126.94893,37.58212],[126.96551,37.60488],[126.93235,37.60488],[126.94893,37.58212]]]},"properties":{"row":8,"col":11,"walk_min":17.6,"nearest_station_id":"kr_080","nearest_station_name":"녹번","nearest_station_name_ko":"녹번","a":38,"c":35,"e":55,"g":42,"i":58,"k":62,"m":51,"o":47,"b":38,"d":35,"f":55,"h":42,"j":58,"l":62,"n":51,"p":47}},{"type":"Feature","geometry":{"type":"Polygon","coordinates":[[[126.94893,37.58212],[126.98209,37.58212],[126.96551,37.60488],[126.94893,37.58212]]]},"properties":{"row":8,"col":12,"walk_min":17.0,"nearest_station_id":"kr_058","nearest_station_name":"경복궁","nearest_station_name_ko":"경복궁","a":31,"c":28,"e":48,"g":35,"i":51,"k":55,"m":44,"o":40,"b":31,"d":28,"f":48,"h":35,"j":51,"l":55,"n":44,"p":40}},{"type":"Feature","geometry":{"type":"Polygon","coordinates":[[[127.03182,37.55935],[127.06497,37.55935],[127.0484,37.58212],[127.03182,37.55935]]]},"properties":{"row":7,"col":16,"walk_min":3.0,"nearest_station_id":"kr_099","nearest_station_name":"답십리","nearest_station_name_ko":"답십리","a":21,"c":19,"e":31,"g":11,"i":40,"k":26,"m":15,"o":30,"b":21,"d":19,"f":31,"h":11,"j":40,"l":26,"n":15,"p":30}},{"type":"Feature","geometry":{"type":"Polygon","coordinates":[[[126.91578,37.35447],[126.94893,37.35447],[126.93235,37.37724],[126.91578,37.35447]]]},"properties":{"row":-2,"col":10,"walk_min":14.3,"nearest_station_id":"kr_081","nearest_station_name":"Sanbon","nearest_station_name_ko":"산본","a":64,"c":66,"e":62,"g":78,"i":51,"k":77,"m":87,"o":64,"b":64,"d":66,"f":62,"h":78,"j":51,"l":77,"n":87,"p":64}},{"type":"Feature","geometry":{"type":"Polygon","coordinates":[[[126.94893,37.35447],[126.98209,37.35447],[126.96551,37.37724],[126.94893,37.35447]]]},"properties":{"row":-2,"col":12,"walk_min":31.4,"nearest_station_id":"kr_072","nearest_station_name":"Gunpo","nearest_station_name_ko":"군포","a":81,"c":83,"e":78,"g":95,"i":67,"k":93,"m":103,"o":82,"b":81,"d":83,"f":78,"h":95,"j":67,"l":93,"n":103,"p":82}},{"type":"Feature","geometry":{"type":"Polygon","coordinates":[[[126.88262,37.53659],[126.8992,37.55935],[126.86604,37.55935],[126.88262,37.53659]]]},"properties":{"row":6,"col":7,"walk_min":10.5,"nearest_station_id":"kr_073","nearest_station_name":"Yeomchang","nearest_station_name_ko":"염창","a":36,"c":34,"e":42,"g":47,"i":38,"k":55,"m":56,"o":24,"b":36,"d":34,"f":42,"h":47,"j":38,"l":55,"n":56,"p":24}},{"type":"Feature","geometry":{"type":"Polygon","coordinates":[[[127.13129,37.51382],[127.16444,37.51382],[127.14786,37.53659],[127.13129,37.51382]]]},"properties":{"row":5,"col":22,"walk_min":8.8,"nearest_station_id":"kr_436","nearest_station_name":"둔촌오륜","nearest_station_name_ko":"둔촌오륜","a":51,"c":50,"e":34,"g":37,"i":45,"k":29,"m":39,"o":61,"b":51,"d":50,"f":34,"h":37,"j":45,"l":29,"n":39,"p":61}},{"type":"Feature","geometry":{"type":"Polygon","coordinates":[[[127.14786,37.53659],[127.16444,37.55935],[127.13129,37.55935],[127.14786,37.53659]]]},"properties":{"row":6,"col":23,"walk_min":1.8,"nearest_station_id":"kr_128","nearest_station_name":"명일","nearest_station_name_ko":"명일","a":44,"c":43,"e":34,"g":29,"i":45,"k":29,"m":38,"o":54,"b":44,"d":43,"f":34,"h":29,"j":45,"l":29,"n":38,"p":54}},{"type":"Feature","geometry":{"type":"Polygon","coordinates":[[[126.81631,37.49106],[126.84947,37.49106],[126.83289,37.51382],[126.81631,37.49106]]]},"properties":{"row":4,"col":4,"walk_min":9.0,"nearest_station_id":"kr_078","nearest_station_name":"Onsu","nearest_station_name_ko":"온수","a":40,"c":42,"e":49,"g":54,"i":45,"k":62,"m":63,"o":36,"b":40,"d":42,"f":49,"h":54,"j":45,"l":62,"n":63,"p":36}},{"type":"Feature","geometry":{"type":"Polygon","coordinates":[[[126.81631,37.49106],[126.83289,37.51382],[126.79973,37.51382],[126.81631,37.49106]]]},"properties":{"row":4,"col":3,"walk_min":10.3,"nearest_station_id":"kr_177","nearest_station_name":"까치울","nearest_station_name_ko":"까치울","a":44,"c":46,"e":53,"g":58,"i":49,"k":66,"m":67,"o":40,"b":44,"d":46,"f":53,"h":58,"j":49,"l":66,"n":67,"p":40}},{"type":"Feature","geometry":{"type":"Polygon","coordinates":[[[126.91578,37.58212],[126.94893,37.58212],[126.93235,37.60488],[126.91578,37.58212]]]},"properties":{"row":8,"col":10,"walk_min":6.3,"nearest_station_id":"kr_110","nearest_station_name":"Hongje (Seoul Culture Arts Univ.)","nearest_station_name_ko":"홍제(서울문화예술대)","a":27,"c":24,"e":44,"g":31,"i":46,"k":51,"m":40,"o":36,"b":27,"d":24,"f":44,"h":31,"j":46,"l":51,"n":40,"p":36}},{"type":"Feature","geometry":{"type":"Polygon","coordinates":[[[126.91578,37.58212],[126.93235,37.60488],[126.8992,37.60488],[126.91578,37.58212]]]},"properties":{"row":8,"col":9,"walk_min":5.3,"nearest_station_id":"kr_294","nearest_station_name":"역촌","nearest_station_name_ko":"역촌","a":33,"c":30,"e":50,"g":37,"i":48,"k":57,"m":46,"o":42,"b":33,"d":30,"f":50,"h":37,"j":48,"l":57,"n":46,"p":42}},{"type":"Feature","geometry":{"type":"Polygon","coordinates":[[[126.93235,37.60488],[126.94893,37.62765],[126.91578,37.62765],[126.93235,37.60488]]]},"properties":{"row":9,"col":9,"walk_min":4.8,"nearest_station_id":"kr_409","nearest_station_name":"독바위","nearest_station_name_ko":"독바위","a":31,"c":28,"e":48,"g":34,"i":51,"k":55,"m":44,"o":39,"b":31,"d":28,"f":48,"h":34,"j":51,"l":55,"n":44,"p":39}},{"type":"Feature","geometry":{"type":"Polygon","coordinates":[[[126.93235,37.60488],[126.96551,37.60488],[126.94893,37.62765],[126.93235,37.60488]]]},"properties":{"row":9,"col":10,"walk_min":21.8,"nearest_station_id":"kr_409","nearest_station_name":"독바위","nearest_station_name_ko":"독바위","a":47,"c":44,"e":64,"g":50,"i":67,"k":71,"m":60,"o":55,"b":47,"d":44,"f":64,"h":50,"j":67,"l":71,"n":60,"p":55}},{"type":"Feature","geometry":{"type":"Polygon","coordinates":[[[126.99866,37.60488],[127.03182,37.60488],[127.01524,37.62765],[126.99866,37.60488]]]},"properties":{"row":9,"col":14,"walk_min":8.8,"nearest_station_id":"kr_106","nearest_station_name":"Mia","nearest_station_name_ko":"미아","a":31,"c":29,"e":43,"g":29,"i":51,"k":50,"m":39,"o":41,"b":31,"d":29,"f":43,"h":29,"j":51,"l":50,"n":39,"p":41}},{"type":"Feature","geometry":{"type":"Polygon","coordinates":[[[126.93235,37.28618],[126.96551,37.28618],[126.94893,37.30894],[126.93235,37.28618]]]},"properties":{"row":-5,"col":10,"walk_min":26.7,"nearest_station_id":"kr_086","nearest_station_name":"Sungkyunkwan University","nearest_station_name_ko":"성균관대","a":89,"c":91,"e":86,"g":103,"i":75,"k":101,"m":110,"o":89,"b":89,"d":91,"f":86,"h":103,"j":75,"l":101,"n":110,"p":89}},{"type":"Feature","geometry":{"type":"Polygon","coordinates":[[[126.96551,37.28618],[126.98209,37.30894],[126.94893,37.30894],[126.96551,37.28618]]]},"properties":{"row":-5,"col":11,"walk_min":11.2,"nearest_station_id":"kr_086","nearest_station_name":"Sungkyunkwan University","nearest_station_name_ko":"성균관대","a":74,"c":76,"e":71,"g":88,"i":60,"k":86,"m":97,"o":74,"b":74,"d":76,"f":71,"h":88,"j":60,"l":86,"n":97,"p":74}},{"type":"Feature","geometry":{"type":"Polygon","coordinates":[[[126.96551,37.28618],[126.99866,37.28618],[126.98209,37.30894],[126.96551,37.28618]]]},"properties":{"row":-5,"col":12,"walk_min":9.5,"nearest_station_id":"kr_461","nearest_station_name":"Hwaseo","nearest_station_name_ko":"화서","a":76,"c":78,"e":73,"g":90,"i":62,"k":88,"m":99,"o":76,"b":76,"d":78,"f":73,"h":90,"j":62,"l":88,"n":99,"p":76}},{"type":"Feature","geometry":{"type":"Polygon","coordinates":[[[127.08155,37.53659],[127.11471,37.53659],[127.09813,37.55935],[127.08155,37.53659]]]},"properties":{"row":6,"col":20,"walk_min":8.4,"nearest_station_id":"kr_196","nearest_station_name":"Gangbyeon(Dongseoul Bus Terminal)","nearest_station_name_ko":"강변(동서울터미널)","a":37,"c":36,"e":34,"g":22,"i":43,"k":25,"m":22,"o":47,"b":37,"d":36,"f":34,"h":22,"j":43,"l":25,"n":22,"p":47}},{"type":"Feature","geometry":{"type":"Polygon","coordinates":[[[127.11471,37.53659],[127.13129,37.55935],[127.09813,37.55935],[127.11471,37.53659]]]},"properties":{"row":6,"col":21,"walk_min":12.7,"nearest_station_id":"kr_088","nearest_station_name":"광나루","nearest_station_name_ko":"광나루","a":45,"c":44,"e":42,"g":30,"i":51,"k":36,"m":39,"o":55,"b":45,"d":44,"f":42,"h":30,"j":51,"l":36,"n":39,"p":55}},{"type":"Feature","geometry":{"type":"Polygon","coordinates":[[[127.03182,37.60488],[127.0484,37.62765],[127.01524,37.62765],[127.03182,37.60488]]]},"properties":{"row":9,"col":15,"walk_min":6.9,"nearest_station_id":"kr_091","nearest_station_name":"Miasageori","nearest_station_name_ko":"미아사거리","a":31,"c":29,"e":43,"g":29,"i":51,"k":49,"m":38,"o":41,"b":31,"d":29,"f":43,"h":29,"j":51,"l":49,"n":38,"p":41}},{"type":"Feature","geometry":{"type":"Polygon","coordinates":[[[127.01524,37.76423],[127.0484,37.76423],[127.03182,37.787],[127.01524,37.76423]]]},"properties":{"row":16,"col":16,"walk_min":13.9,"nearest_station_id":"kr_092","nearest_station_name":"Yangju","nearest_station_name_ko":"양주","a":77,"c":75,"e":89,"g":75,"i":97,"k":88,"m":77,"o":86,"b":77,"d":75,"f":89,"h":75,"j":97,"l":88,"n":77,"p":86}},{"type":"Feature","geometry":{"type":"Polygon","coordinates":[[[127.0484,37.76423],[127.06497,37.787],[127.03182,37.787],[127.0484,37.76423]]]},"properties":{"row":16,"col":17,"walk_min":9.5,"nearest_station_id":"kr_092","nearest_station_name":"Yangju","nearest_station_name_ko":"양주","a":73,"c":71,"e":85,"g":71,"i":93,"k":84,"m":73,"o":82,"b":73,"d":71,"f":85,"h":71,"j":93,"l":84,"n":73,"p":82}},{"type":"Feature","geometry":{"type":"Polygon","coordinates":[[[127.06497,37.55935],[127.09813,37.55935],[127.08155,37.58212],[127.06497,37.55935]]]},"properties":{"row":7,"col":18,"walk_min":4.9,"nearest_station_id":"kr_098","nearest_station_name":"중곡","nearest_station_name_ko":"중곡","a":33,"c":32,"e":36,"g":18,"i":41,"k":39,"m":27,"o":43,"b":33,"d":32,"f":36,"h":18,"j":41,"l":39,"n":27,"p":43}},{"type":"Feature","geometry":{"type":"Polygon","coordinates":[[[127.09813,37.55935],[127.11471,37.58212],[127.08155,37.58212],[127.09813,37.55935]]]},"properties":{"row":7,"col":19,"walk_min":12.6,"nearest_station_id":"kr_111","nearest_station_name":"용마산","nearest_station_name_ko":"용마산","a":43,"c":42,"e":46,"g":28,"i":51,"k":49,"m":38,"o":53,"b":43,"d":42,"f":46,"h":28,"j":51,"l":49,"n":38,"p":53}},{"type":"Feature","geometry":{"type":"Polygon","coordinates":[[[126.83289,37.55935],[126.86604,37.55935],[126.84947,37.58212],[126.83289,37.55935]]]},"properties":{"row":7,"col":4,"walk_min":5.8,"nearest_station_id":"kr_430","nearest_station_name":"Yangcheon Hyanggyo","nearest_station_name_ko":"양천향교","a":40,"c":38,"e":45,"g":51,"i":41,"k":58,"m":60,"o":26,"b":40,"d":38,"f":45,"h":51,"j":41,"l":58,"n":60,"p":26}},{"type":"Feature","geometry":{"type":"Polygon","coordinates":[[[126.83289,37.55935],[126.84947,37.58212],[126.81631,37.58212],[126.83289,37.55935]]]},"properties":{"row":7,"col":3,"walk_min":23.0,"nearest_station_id":"kr_132","nearest_station_name":"마곡나루","nearest_station_name_ko":"마곡나루","a":61,"c":59,"e":67,"g":72,"i":63,"k":79,"m":81,"o":48,"b":61,"d":59,"f":67,"h":72,"j":63,"l":79,"n":81,"p":48}},{"type":"Feature","geometry":{"type":"Polygon","coordinates":[[[126.91578,37.62765],[126.93235,37.65041],[126.8992,37.65041],[126.91578,37.62765]]]},"properties":{"row":10,"col":9,"walk_min":6.6,"nearest_station_id":"kr_188","nearest_station_name":"Gupabal","nearest_station_name_ko":"구파발","a":40,"c":38,"e":57,"g":44,"i":60,"k":64,"m":53,"o":49,"b":40,"d":38,"f":57,"h":44,"j":60,"l":64,"n":53,"p":49}},{"type":"Feature","geometry":{"type":"Polygon","coordinates":[[[126.8992,37.65041],[126.93235,37.65041],[126.91578,37.67317],[126.8992,37.65041]]]},"properties":{"row":11,"col":8,"walk_min":14.9,"nearest_station_id":"kr_104","nearest_station_name":"Jichuk","nearest_station_name_ko":"지축","a":49,"c":47,"e":66,"g":53,"i":69,"k":73,"m":62,"o":58,"b":49,"d":47,"f":66,"h":53,"j":69,"l":73,"n":62,"p":58}},{"type":"Feature","geometry":{"type":"Polygon","coordinates":[[[126.70027,37.46829],[126.73342,37.46829],[126.71684,37.49106],[126.70027,37.46829]]]},"properties":{"row":3,"col":-4,"walk_min":10.9,"nearest_station_id":"kr_378","nearest_station_name":"Dongam","nearest_station_name_ko":"동암","a":62,"c":65,"e":72,"g":76,"i":67,"k":85,"m":86,"o":59,"b":62,"d":65,"f":72,"h":76,"j":67,"l":85,"n":86,"p":59}},{"type":"Feature","geometry":{"type":"Polygon","coordinates":[[[126.73342,37.46829],[126.75,37.49106],[126.71684,37.49106],[126.73342,37.46829]]]},"properties":{"row":3,"col":-3,"walk_min":10.7,"nearest_station_id":"kr_105","nearest_station_name":"Bupyeong","nearest_station_name_ko":"부평","a":58,"c":60,"e":67,"g":72,"i":63,"k":80,"m":81,"o":54,"b":58,"d":60,"f":67,"h":72,"j":63,"l":80,"n":81,"p":54}},{"type":"Feature","geometry":{"type":"Polygon","coordinates":[[[127.13129,37.37724],[127.14786,37.4],[127.11471,37.4],[127.13129,37.37724]]]},"properties":{"row":-1,"col":21,"walk_min":12.5,"nearest_station_id":"kr_108","nearest_station_name":"Imae","nearest_station_name_ko":"이매","a":66,"c":68,"e":42,"g":66,"i":52,"k":57,"m":68,"o":74,"b":66,"d":68,"f":42,"h":66,"j":52,"l":57,"n":68,"p":74}},{"type":"Feature","geometry":{"type":"Polygon","coordinates":[[[127.11471,37.4],[127.14786,37.4],[127.13129,37.42276],[127.11471,37.4]]]},"properties":{"row":0,"col":22,"walk_min":18.7,"nearest_station_id":"kr_108","nearest_station_name":"Imae","nearest_station_name_ko":"이매","a":73,"c":75,"e":49,"g":73,"i":59,"k":64,"m":75,"o":81,"b":73,"d":75,"f":49,"h":73,"j":59,"l":64,"n":75,"p":81}},{"type":"Feature","geometry":{"type":"Polygon","coordinates":[[[126.86604,37.28618],[126.88262,37.30894],[126.84947,37.30894],[126.86604,37.28618]]]},"properties":{"row":-5,"col":5,"walk_min":9.1,"nearest_station_id":"kr_114","nearest_station_name":"Sangnoksu","nearest_station_name_ko":"상록수","a":75,"c":77,"e":72,"g":89,"i":61,"k":87,"m":98,"o":75,"b":75,"d":77,"f":72,"h":89,"j":61,"l":87,"n":98,"p":75}},{"type":"Feature","geometry":{"type":"Polygon","coordinates":[[[126.84947,37.30894],[126.88262,37.30894],[126.86604,37.33171],[126.84947,37.30894]]]},"properties":{"row":-4,"col":6,"walk_min":17.4,"nearest_station_id":"kr_114","nearest_station_name":"Sangnoksu","nearest_station_name_ko":"상록수","a":85,"c":87,"e":82,"g":99,"i":71,"k":97,"m":105,"o":85,"b":85,"d":87,"f":82,"h":99,"j":71,"l":97,"n":105,"p":85}},{"type":"Feature","geometry":{"type":"Polygon","coordinates":[[[126.88262,37.62765],[126.8992,37.65041],[126.86604,37.65041],[126.88262,37.62765]]]},"properties":{"row":10,"col":7,"walk_min":13.6,"nearest_station_id":"kr_126","nearest_station_name":"Wonheung","nearest_station_name_ko":"원흥","a":55,"c":52,"e":72,"g":59,"i":75,"k":79,"m":68,"o":64,"b":55,"d":52,"f":72,"h":59,"j":75,"l":79,"n":68,"p":64}},{"type":"Feature","geometry":{"type":"Polygon","coordinates":[[[126.86604,37.65041],[126.8992,37.65041],[126.88262,37.67317],[126.86604,37.65041]]]},"properties":{"row":11,"col":6,"walk_min":10.3,"nearest_station_id":"kr_126","nearest_station_name":"Wonheung","nearest_station_name_ko":"원흥","a":51,"c":48,"e":68,"g":55,"i":71,"k":75,"m":64,"o":60,"b":51,"d":48,"f":68,"h":55,"j":71,"l":75,"n":64,"p":60}},{"type":"Feature","geometry":{"type":"Polygon","coordinates":[[[126.8992,37.65041],[126.91578,37.67317],[126.88262,37.67317],[126.8992,37.65041]]]},"properties":{"row":11,"col":7,"walk_min":25.9,"nearest_station_id":"kr_115","nearest_station_name":"Samsong","nearest_station_name_ko":"삼송","a":64,"c":61,"e":81,"g":68,"i":84,"k":88,"m":77,"o":73,"b":64,"d":61,"f":81,"h":68,"j":84,"l":88,"n":77,"p":73}},{"type":"Feature","geometry":{"type":"Polygon","coordinates":[[[127.01524,37.62765],[127.03182,37.65041],[126.99866,37.65041],[127.01524,37.62765]]]},"properties":{"row":10,"col":15,"walk_min":14.7,"nearest_station_id":"kr_116","nearest_station_name":"Suyu (Gangbuk-gu Office)","nearest_station_name_ko":"수유(강북구청)","a":44,"c":42,"e":56,"g":42,"i":64,"k":63,"m":51,"o":53,"b":44,"d":42,"f":56,"h":42,"j":64,"l":63,"n":51,"p":53}},{"type":"Feature","geometry":{"type":"Polygon","coordinates":[[[127.01524,37.62765],[127.0484,37.62765],[127.03182,37.65041],[127.01524,37.62765]]]},"properties":{"row":10,"col":16,"walk_min":6.1,"nearest_station_id":"kr_116","nearest_station_name":"Suyu (Gangbuk-gu Office)","nearest_station_name_ko":"수유(강북구청)","a":35,"c":33,"e":47,"g":33,"i":55,"k":54,"m":42,"o":44,"b":35,"d":33,"f":47,"h":33,"j":55,"l":54,"n":42,"p":44}},{"type":"Feature","geometry":{"type":"Polygon","coordinates":[[[127.09813,37.46829],[127.13129,37.46829],[127.11471,37.49106],[127.09813,37.46829]]]},"properties":{"row":3,"col":20,"walk_min":9.2,"nearest_station_id":"kr_146","nearest_station_name":"Bokjeong","nearest_station_name_ko":"복정","a":55,"c":57,"e":32,"g":47,"i":43,"k":28,"m":39,"o":63,"b":55,"d":57,"f":32,"h":47,"j":43,"l":28,"n":39,"p":63}},{"type":"Feature","geometry":{"type":"Polygon","coordinates":[[[127.13129,37.46829],[127.14786,37.49106],[127.11471,37.49106],[127.13129,37.46829]]]},"properties":{"row":3,"col":21,"walk_min":5.8,"nearest_station_id":"kr_117","nearest_station_name":"Munjeong","nearest_station_name_ko":"문정","a":52,"c":53,"e":30,"g":42,"i":41,"k":25,"m":36,"o":60,"b":52,"d":53,"f":30,"h":42,"j":41,"l":25,"n":36,"p":60}},{"type":"Feature","geometry":{"type":"Polygon","coordinates":[[[127.08155,37.58212],[127.11471,37.58212],[127.09813,37.60488],[127.08155,37.58212]]]},"properties":{"row":8,"col":20,"walk_min":9.5,"nearest_station_id":"kr_124","nearest_station_name":"면목","nearest_station_name_ko":"면목","a":43,"c":42,"e":47,"g":29,"i":52,"k":50,"m":39,"o":53,"b":43,"d":42,"f":47,"h":29,"j":52,"l":50,"n":39,"p":53}},{"type":"Feature","geometry":{"type":"Polygon","coordinates":[[[126.84947,37.62765],[126.86604,37.65041],[126.83289,37.65041],[126.84947,37.62765]]]},"properties":{"row":10,"col":5,"walk_min":15.3,"nearest_station_id":"kr_167","nearest_station_name":"Hwajeong","nearest_station_name_ko":"화정","a":64,"c":61,"e":81,"g":68,"i":84,"k":88,"m":77,"o":73,"b":64,"d":61,"f":81,"h":68,"j":84,"l":88,"n":77,"p":73}},{"type":"Feature","geometry":{"type":"Polygon","coordinates":[[[126.83289,37.65041],[126.86604,37.65041],[126.84947,37.67317],[126.83289,37.65041]]]},"properties":{"row":11,"col":4,"walk_min":10.9,"nearest_station_id":"kr_145","nearest_station_name":"Wondang","nearest_station_name_ko":"원당","a":57,"c":55,"e":74,"g":61,"i":77,"k":81,"m":70,"o":66,"b":57,"d":55,"f":74,"h":61,"j":77,"l":81,"n":70,"p":66}},{"type":"Feature","geometry":{"type":"Polygon","coordinates":[[[126.86604,37.65041],[126.88262,37.67317],[126.84947,37.67317],[126.86604,37.65041]]]},"properties":{"row":11,"col":5,"walk_min":27.8,"nearest_station_id":"kr_126","nearest_station_name":"Wonheung","nearest_station_name_ko":"원흥","a":70,"c":67,"e":87,"g":74,"i":90,"k":94,"m":83,"o":79,"b":70,"d":67,"f":87,"h":74,"j":90,"l":94,"n":83,"p":79}},{"type":"Feature","geometry":{"type":"Polygon","coordinates":[[[126.79973,37.55935],[126.83289,37.55935],[126.81631,37.58212],[126.79973,37.55935]]]},"properties":{"row":7,"col":2,"walk_min":0.9,"nearest_station_id":"kr_384","nearest_station_name":"Sinbanghwa","nearest_station_name_ko":"신방화","a":38,"c":36,"e":43,"g":49,"i":39,"k":56,"m":58,"o":24,"b":38,"d":36,"f":43,"h":49,"j":39,"l":56,"n":58,"p":24}},{"type":"Feature","geometry":{"type":"Polygon","coordinates":[[[126.96551,37.46829],[126.99866,37.46829],[126.98209,37.49106],[126.96551,37.46829]]]},"properties":{"row":3,"col":12,"walk_min":5.6,"nearest_station_id":"kr_153","nearest_station_name":"Isu","nearest_station_name_ko":"이수","a":30,"c":33,"e":19,"g":39,"i":17,"k":33,"m":44,"o":39,"b":30,"d":33,"f":19,"h":39,"j":17,"l":33,"n":44,"p":39}},{"type":"Feature","geometry":{"type":"Polygon","coordinates":[[[126.99866,37.46829],[127.01524,37.49106],[126.98209,37.49106],[126.99866,37.46829]]]},"properties":{"row":3,"col":13,"walk_min":3.5,"nearest_station_id":"kr_344","nearest_station_name":"Bangbae","nearest_station_name_ko":"방배","a":27,"c":30,"e":13,"g":35,"i":12,"k":28,"m":39,"o":36,"b":27,"d":30,"f":13,"h":35,"j":12,"l":28,"n":39,"p":36}},{"type":"Feature","geometry":{"type":"Polygon","coordinates":[[[126.8992,37.60488],[126.93235,37.60488],[126.91578,37.62765],[126.8992,37.60488]]]},"properties":{"row":9,"col":8,"walk_min":3.8,"nearest_station_id":"kr_162","nearest_station_name":"연신내","nearest_station_name_ko":"연신내","a":31,"c":29,"e":48,"g":35,"i":50,"k":55,"m":44,"o":40,"b":31,"d":29,"f":48,"h":35,"j":50,"l":55,"n":44,"p":40}},{"type":"Feature","geometry":{"type":"Polygon","coordinates":[[[126.8992,37.60488],[126.91578,37.62765],[126.88262,37.62765],[126.8992,37.60488]]]},"properties":{"row":9,"col":7,"walk_min":21.8,"nearest_station_id":"kr_134","nearest_station_name":"Yeonsinnae","nearest_station_name_ko":"연신내","a":49,"c":47,"e":66,"g":53,"i":68,"k":73,"m":62,"o":58,"b":49,"d":47,"f":66,"h":53,"j":68,"l":73,"n":62,"p":58}},{"type":"Feature","geometry":{"type":"Polygon","coordinates":[[[126.96551,37.51382],[126.98209,37.53659],[126.94893,37.53659],[126.96551,37.51382]]]},"properties":{"row":5,"col":11,"walk_min":2.6,"nearest_station_id":"kr_136","nearest_station_name":"Samgakji","nearest_station_name_ko":"삼각지","a":10,"c":13,"e":22,"g":24,"i":18,"k":35,"m":33,"o":22,"b":10,"d":13,"f":22,"h":24,"j":18,"l":35,"n":33,"p":22}},{"type":"Feature","geometry":{"type":"Polygon","coordinates":[[[126.91578,37.53659],[126.94893,37.53659],[126.93235,37.55935],[126.91578,37.53659]]]},"properties":{"row":6,"col":10,"walk_min":2.4,"nearest_station_id":"kr_376","nearest_station_name":"Sinchon","nearest_station_name_ko":"신촌","a":16,"c":16,"e":32,"g":28,"i":28,"k":42,"m":37,"o":9,"b":16,"d":16,"f":32,"h":28,"j":28,"l":42,"n":37,"p":9}},{"type":"Feature","geometry":{"type":"Polygon","coordinates":[[[126.91578,37.53659],[126.93235,37.55935],[126.8992,37.55935],[126.91578,37.53659]]]},"properties":{"row":6,"col":9,"walk_min":1.9,"nearest_station_id":"kr_323","nearest_station_name":"Hapjeong","nearest_station_name_ko":"합정","a":18,"c":18,"e":32,"g":30,"i":28,"k":45,"m":39,"o":9,"b":18,"d":18,"f":32,"h":30,"j":28,"l":45,"n":39,"p":9}},{"type":"Feature","geometry":{"type":"Polygon","coordinates":[[[127.09813,37.60488],[127.11471,37.62765],[127.08155,37.62765],[127.09813,37.60488]]]},"properties":{"row":9,"col":19,"walk_min":11.2,"nearest_station_id":"kr_354","nearest_station_name":"Bonghwasan","nearest_station_name_ko":"봉화산","a":48,"c":47,"e":57,"g":42,"i":65,"k":63,"m":52,"o":59,"b":48,"d":47,"f":57,"h":42,"j":65,"l":63,"n":52,"p":59}},{"type":"Feature","geometry":{"type":"Polygon","coordinates":[[[127.11471,37.44553],[127.13129,37.46829],[127.09813,37.46829],[127.11471,37.44553]]]},"properties":{"row":2,"col":21,"walk_min":26.6,"nearest_station_id":"kr_146","nearest_station_name":"Bokjeong","nearest_station_name_ko":"복정","a":75,"c":77,"e":57,"g":69,"i":66,"k":52,"m":62,"o":82,"b":75,"d":77,"f":57,"h":69,"j":66,"l":52,"n":62,"p":82}},{"type":"Feature","geometry":{"type":"Polygon","coordinates":[[[127.11471,37.44553],[127.14786,37.44553],[127.13129,37.46829],[127.11471,37.44553]]]},"properties":{"row":2,"col":22,"walk_min":11.0,"nearest_station_id":"kr_439","nearest_station_name":"Moran","nearest_station_name_ko":"모란","a":69,"c":71,"e":47,"g":61,"i":58,"k":42,"m":53,"o":78,"b":69,"d":71,"f":47,"h":61,"j":58,"l":42,"n":53,"p":78}},{"type":"Feature","geometry":{"type":"Polygon","coordinates":[[[127.14786,37.53659],[127.18102,37.53659],[127.16444,37.55935],[127.14786,37.53659]]]},"properties":{"row":6,"col":24,"walk_min":12.2,"nearest_station_id":"kr_147","nearest_station_name":"Godeok","nearest_station_name_ko":"고덕","a":58,"c":57,"e":45,"g":43,"i":56,"k":40,"m":50,"o":68,"b":58,"d":57,"f":45,"h":43,"j":56,"l":40,"n":50,"p":68}},{"type":"Feature","geometry":{"type":"Polygon","coordinates":[[[127.08155,37.35447],[127.11471,37.35447],[127.09813,37.37724],[127.08155,37.35447]]]},"properties":{"row":-2,"col":20,"walk_min":22.6,"nearest_station_id":"kr_148","nearest_station_name":"Jeongja","nearest_station_name_ko":"정자","a":80,"c":82,"e":56,"g":80,"i":66,"k":71,"m":82,"o":88,"b":80,"d":82,"f":56,"h":80,"j":66,"l":71,"n":82,"p":88}},{"type":"Feature","geometry":{"type":"Polygon","coordinates":[[[127.11471,37.35447],[127.13129,37.37724],[127.09813,37.37724],[127.11471,37.35447]]]},"properties":{"row":-2,"col":21,"walk_min":16.4,"nearest_station_id":"kr_148","nearest_station_name":"Jeongja","nearest_station_name_ko":"정자","a":73,"c":75,"e":49,"g":73,"i":59,"k":64,"m":75,"o":81,"b":73,"d":75,"f":49,"h":73,"j":59,"l":64,"n":75,"p":81}},{"type":"Feature","geometry":{"type":"Polygon","coordinates":[[[126.99866,37.46829],[127.03182,37.46829],[127.01524,37.49106],[126.99866,37.46829]]]},"properties":{"row":3,"col":14,"walk_min":10.7,"nearest_station_id":"kr_152","nearest_station_name":"Nambu Bus Terminal (Seoul Arts Center)","nearest_station_name_ko":"남부터미널(예술의전당)","a":36,"c":38,"e":18,"g":42,"i":20,"k":33,"m":44,"o":45,"b":36,"d":38,"f":18,"h":42,"j":20,"l":33,"n":44,"p":45}},{"type":"Feature","geometry":{"type":"Polygon","coordinates":[[[127.09813,37.51382],[127.11471,37.53659],[127.08155,37.53659],[127.09813,37.51382]]]},"properties":{"row":5,"col":19,"walk_min":6.0,"nearest_station_id":"kr_196","nearest_station_name":"Gangbyeon(Dongseoul Bus Terminal)","nearest_station_name_ko":"강변(동서울터미널)","a":37,"c":36,"e":25,"g":22,"i":36,"k":12,"m":14,"o":47,"b":37,"d":36,"f":25,"h":22,"j":36,"l":12,"n":14,"p":47}},{"type":"Feature","geometry":{"type":"Polygon","coordinates":[[[126.73342,37.46829],[126.76658,37.46829],[126.75,37.49106],[126.73342,37.46829]]]},"properties":{"row":3,"col":-2,"walk_min":14.8,"nearest_station_id":"kr_453","nearest_station_name":"Bugae","nearest_station_name_ko":"부개","a":57,"c":60,"e":67,"g":72,"i":63,"k":80,"m":81,"o":54,"b":57,"d":60,"f":67,"h":72,"j":63,"l":80,"n":81,"p":54}},{"type":"Feature","geometry":{"type":"Polygon","coordinates":[[[127.06497,37.46829],[127.08155,37.49106],[127.0484,37.49106],[127.06497,37.46829]]]},"properties":{"row":3,"col":17,"walk_min":7.3,"nearest_station_id":"kr_298","nearest_station_name":"Irwon","nearest_station_name_ko":"일원","a":44,"c":46,"e":20,"g":44,"i":30,"k":30,"m":41,"o":52,"b":44,"d":46,"f":20,"h":44,"j":30,"l":30,"n":41,"p":52}},{"type":"Feature","geometry":{"type":"Polygon","coordinates":[[[126.81631,37.62765],[126.84947,37.62765],[126.83289,37.65041],[126.81631,37.62765]]]},"properties":{"row":10,"col":4,"walk_min":5.9,"nearest_station_id":"kr_167","nearest_station_name":"Hwajeong","nearest_station_name_ko":"화정","a":58,"c":55,"e":75,"g":62,"i":78,"k":82,"m":71,"o":67,"b":58,"d":55,"f":75,"h":62,"j":78,"l":82,"n":71,"p":67}},{"type":"Feature","geometry":{"type":"Polygon","coordinates":[[[126.81631,37.62765],[126.83289,37.65041],[126.79973,37.65041],[126.81631,37.62765]]]},"properties":{"row":10,"col":3,"walk_min":12.7,"nearest_station_id":"kr_198","nearest_station_name":"Daegok","nearest_station_name_ko":"대곡","a":66,"c":63,"e":83,"g":70,"i":86,"k":90,"m":79,"o":75,"b":66,"d":63,"f":83,"h":70,"j":86,"l":90,"n":79,"p":75}},{"type":"Feature","geometry":{"type":"Polygon","coordinates":[[[126.83289,37.28618],[126.84947,37.30894],[126.81631,37.30894],[126.83289,37.28618]]]},"properties":{"row":-5,"col":3,"walk_min":20.5,"nearest_station_id":"kr_168","nearest_station_name":"Jungang","nearest_station_name_ko":"중앙","a":92,"c":94,"e":88,"g":106,"i":78,"k":104,"m":111,"o":92,"b":92,"d":94,"f":88,"h":106,"j":78,"l":104,"n":111,"p":92}},{"type":"Feature","geometry":{"type":"Polygon","coordinates":[[[126.81631,37.30894],[126.84947,37.30894],[126.83289,37.33171],[126.81631,37.30894]]]},"properties":{"row":-4,"col":4,"walk_min":9.6,"nearest_station_id":"kr_168","nearest_station_name":"Jungang","nearest_station_name_ko":"중앙","a":82,"c":84,"e":78,"g":96,"i":68,"k":94,"m":105,"o":82,"b":82,"d":84,"f":78,"h":96,"j":68,"l":94,"n":105,"p":82}},{"type":"Feature","geometry":{"type":"Polygon","coordinates":[[[127.14786,37.44553],[127.16444,37.46829],[127.13129,37.46829],[127.14786,37.44553]]]},"properties":{"row":2,"col":23,"walk_min":6.5,"nearest_station_id":"kr_170","nearest_station_name":"Namwirye","nearest_station_name_ko":"남위례","a":61,"c":63,"e":39,"g":53,"i":50,"k":34,"m":45,"o":70,"b":61,"d":63,"f":39,"h":53,"j":50,"l":34,"n":45,"p":70}},{"type":"Feature","geometry":{"type":"Polygon","coordinates":[[[127.13129,37.46829],[127.16444,37.46829],[127.14786,37.49106],[127.13129,37.46829]]]},"properties":{"row":3,"col":22,"walk_min":10.9,"nearest_station_id":"kr_355","nearest_station_name":"거여","nearest_station_name_ko":"거여","a":62,"c":62,"e":40,"g":50,"i":51,"k":35,"m":46,"o":70,"b":62,"d":62,"f":40,"h":50,"j":51,"l":35,"n":46,"p":70}},{"type":"Feature","geometry":{"type":"Polygon","coordinates":[[[127.09813,37.33171],[127.11471,37.35447],[127.08155,37.35447],[127.09813,37.33171]]]},"properties":{"row":-3,"col":19,"walk_min":9.9,"nearest_station_id":"kr_202","nearest_station_name":"Dongcheon","nearest_station_name_ko":"동천","a":73,"c":75,"e":49,"g":73,"i":59,"k":64,"m":75,"o":81,"b":73,"d":75,"f":49,"h":73,"j":59,"l":64,"n":75,"p":81}},{"type":"Feature","geometry":{"type":"Polygon","coordinates":[[[127.09813,37.33171],[127.13129,37.33171],[127.11471,37.35447],[127.09813,37.33171]]]},"properties":{"row":-3,"col":20,"walk_min":16.7,"nearest_station_id":"kr_172","nearest_station_name":"Migeum","nearest_station_name_ko":"미금","a":80,"c":82,"e":56,"g":80,"i":66,"k":71,"m":82,"o":88,"b":80,"d":82,"f":56,"h":80,"j":66,"l":71,"n":82,"p":88}},{"type":"Feature","geometry":{"type":"Polygon","coordinates":[[[126.78316,37.49106],[126.81631,37.49106],[126.79973,37.51382],[126.78316,37.49106]]]},"properties":{"row":4,"col":2,"walk_min":4.0,"nearest_station_id":"kr_206","nearest_station_name":"부천종합운동장","nearest_station_name_ko":"부천종합운동장","a":40,"c":43,"e":50,"g":55,"i":46,"k":63,"m":64,"o":37,"b":40,"d":43,"f":50,"h":55,"j":46,"l":63,"n":64,"p":37}},{"type":"Feature","geometry":{"type":"Polygon","coordinates":[[[126.84947,37.49106],[126.86604,37.51382],[126.83289,37.51382],[126.84947,37.49106]]]},"properties":{"row":4,"col":5,"walk_min":7.8,"nearest_station_id":"kr_412","nearest_station_name":"Oryu-dong","nearest_station_name_ko":"오류동","a":34,"c":36,"e":43,"g":48,"i":39,"k":56,"m":57,"o":30,"b":34,"d":36,"f":43,"h":48,"j":39,"l":56,"n":57,"p":30}},{"type":"Feature","geometry":{"type":"Polygon","coordinates":[[[126.83289,37.51382],[126.86604,37.51382],[126.84947,37.53659],[126.83289,37.51382]]]},"properties":{"row":5,"col":4,"walk_min":5.4,"nearest_station_id":"kr_208","nearest_station_name":"Sinjeongnegeori","nearest_station_name_ko":"신정네거리","a":32,"c":34,"e":41,"g":46,"i":37,"k":54,"m":55,"o":28,"b":32,"d":34,"f":41,"h":46,"j":37,"l":54,"n":55,"p":28}},{"type":"Feature","geometry":{"type":"Polygon","coordinates":[[[126.86604,37.51382],[126.88262,37.53659],[126.84947,37.53659],[126.86604,37.51382]]]},"properties":{"row":5,"col":5,"walk_min":3.9,"nearest_station_id":"kr_405","nearest_station_name":"Mok-dong","nearest_station_name_ko":"목동","a":29,"c":31,"e":37,"g":43,"i":33,"k":50,"m":52,"o":25,"b":29,"d":31,"f":37,"h":43,"j":33,"l":50,"n":52,"p":25}},{"type":"Feature","geometry":{"type":"Polygon","coordinates":[[[126.96551,37.46829],[126.98209,37.49106],[126.94893,37.49106],[126.96551,37.46829]]]},"properties":{"row":3,"col":11,"walk_min":4.2,"nearest_station_id":"kr_182","nearest_station_name":"남성","nearest_station_name_ko":"남성","a":31,"c":33,"e":20,"g":38,"i":19,"k":33,"m":44,"o":38,"b":31,"d":33,"f":20,"h":38,"j":19,"l":33,"n":44,"p":38}},{"type":"Feature","geometry":{"type":"Polygon","coordinates":[[[127.0484,37.53659],[127.06497,37.55935],[127.03182,37.55935],[127.0484,37.53659]]]},"properties":{"row":6,"col":17,"walk_min":2.2,"nearest_station_id":"kr_186","nearest_station_name":"Seongsu","nearest_station_name_ko":"성수","a":22,"c":21,"e":29,"g":7,"i":39,"k":19,"m":9,"o":32,"b":22,"d":21,"f":29,"h":7,"j":39,"l":19,"n":9,"p":32}},{"type":"Feature","geometry":{"type":"Polygon","coordinates":[[[126.88262,37.62765],[126.91578,37.62765],[126.8992,37.65041],[126.88262,37.62765]]]},"properties":{"row":10,"col":8,"walk_min":11.3,"nearest_station_id":"kr_104","nearest_station_name":"Jichuk","nearest_station_name_ko":"지축","a":46,"c":44,"e":63,"g":50,"i":66,"k":70,"m":59,"o":55,"b":46,"d":44,"f":63,"h":50,"j":66,"l":70,"n":59,"p":55}},{"type":"Feature","geometry":{"type":"Polygon","coordinates":[[[126.91578,37.62765],[126.94893,37.62765],[126.93235,37.65041],[126.91578,37.62765]]]},"properties":{"row":10,"col":10,"walk_min":14.9,"nearest_station_id":"kr_192","nearest_station_name":"구파발","nearest_station_name_ko":"구파발","a":46,"c":44,"e":63,"g":50,"i":66,"k":70,"m":59,"o":55,"b":46,"d":44,"f":63,"h":50,"j":66,"l":70,"n":59,"p":55}},{"type":"Feature","geometry":{"type":"Polygon","coordinates":[[[126.76658,37.55935],[126.79973,37.55935],[126.78316,37.58212],[126.76658,37.55935]]]},"properties":{"row":7,"col":0,"walk_min":25.9,"nearest_station_id":"kr_429","nearest_station_name":"Gaehwa","nearest_station_name_ko":"개화","a":69,"c":67,"e":75,"g":81,"i":71,"k":88,"m":90,"o":56,"b":69,"d":67,"f":75,"h":81,"j":71,"l":88,"n":90,"p":56}},{"type":"Feature","geometry":{"type":"Polygon","coordinates":[[[126.79973,37.55935],[126.81631,37.58212],[126.78316,37.58212],[126.79973,37.55935]]]},"properties":{"row":7,"col":1,"walk_min":9.9,"nearest_station_id":"kr_189","nearest_station_name":"Gimpo Int'l Airport","nearest_station_name_ko":"김포공항","a":52,"c":50,"e":58,"g":64,"i":54,"k":71,"m":73,"o":39,"b":52,"d":50,"f":58,"h":64,"j":54,"l":71,"n":73,"p":39}},{"type":"Feature","geometry":{"type":"Polygon","coordinates":[[[127.0484,37.67317],[127.08155,37.67317],[127.06497,37.69594],[127.0484,37.67317]]]},"properties":{"row":12,"col":18,"walk_min":6.5,"nearest_station_id":"kr_195","nearest_station_name":"수락산","nearest_station_name_ko":"수락산","a":52,"c":51,"e":63,"g":49,"i":71,"k":66,"m":55,"o":62,"b":52,"d":51,"f":63,"h":49,"j":71,"l":66,"n":55,"p":62}},{"type":"Feature","geometry":{"type":"Polygon","coordinates":[[[127.06497,37.65041],[127.08155,37.67317],[127.0484,37.67317],[127.06497,37.65041]]]},"properties":{"row":11,"col":17,"walk_min":2.7,"nearest_station_id":"kr_195","nearest_station_name":"수락산","nearest_station_name_ko":"수락산","a":46,"c":44,"e":56,"g":42,"i":64,"k":62,"m":51,"o":56,"b":46,"d":44,"f":56,"h":42,"j":64,"l":62,"n":51,"p":56}},{"type":"Feature","geometry":{"type":"Polygon","coordinates":[[[127.0484,37.62765],[127.08155,37.62765],[127.06497,37.65041],[127.0484,37.62765]]]},"properties":{"row":10,"col":18,"walk_min":3.1,"nearest_station_id":"kr_197","nearest_station_name":"하계","nearest_station_name_ko":"하계","a":38,"c":37,"e":49,"g":35,"i":57,"k":52,"m":41,"o":48,"b":38,"d":37,"f":49,"h":35,"j":57,"l":52,"n":41,"p":48}},{"type":"Feature","geometry":{"type":"Polygon","coordinates":[[[127.08155,37.62765],[127.09813,37.65041],[127.06497,37.65041],[127.08155,37.62765]]]},"properties":{"row":10,"col":19,"walk_min":12.5,"nearest_station_id":"kr_197","nearest_station_name":"하계","nearest_station_name_ko":"하계","a":51,"c":49,"e":61,"g":48,"i":69,"k":68,"m":57,"o":61,"b":51,"d":49,"f":61,"h":48,"j":69,"l":68,"n":57,"p":61}},{"type":"Feature","geometry":{"type":"Polygon","coordinates":[[[126.78316,37.62765],[126.81631,37.62765],[126.79973,37.65041],[126.78316,37.62765]]]},"properties":{"row":10,"col":2,"walk_min":13.9,"nearest_station_id":"kr_228","nearest_station_name":"Baekseok","nearest_station_name_ko":"백석","a":73,"c":70,"e":90,"g":77,"i":93,"k":97,"m":86,"o":82,"b":73,"d":70,"f":90,"h":77,"j":93,"l":97,"n":86,"p":82}},{"type":"Feature","geometry":{"type":"Polygon","coordinates":[[[127.18102,37.53659],[127.1976,37.55935],[127.16444,37.55935],[127.18102,37.53659]]]},"properties":{"row":6,"col":25,"walk_min":8.8,"nearest_station_id":"kr_205","nearest_station_name":"Gangil","nearest_station_name_ko":"강일","a":59,"c":58,"e":49,"g":44,"i":60,"k":44,"m":54,"o":69,"b":59,"d":58,"f":49,"h":44,"j":60,"l":44,"n":54,"p":69}},{"type":"Feature","geometry":{"type":"Polygon","coordinates":[[[126.78316,37.49106],[126.79973,37.51382],[126.76658,37.51382],[126.78316,37.49106]]]},"properties":{"row":4,"col":1,"walk_min":7.7,"nearest_station_id":"kr_254","nearest_station_name":"신중동","nearest_station_name_ko":"신중동","a":48,"c":51,"e":58,"g":63,"i":54,"k":71,"m":72,"o":45,"b":48,"d":51,"f":58,"h":63,"j":54,"l":71,"n":72,"p":45}},{"type":"Feature","geometry":{"type":"Polygon","coordinates":[[[126.86604,37.46829],[126.8992,37.46829],[126.88262,37.49106],[126.86604,37.46829]]]},"properties":{"row":3,"col":6,"walk_min":4.2,"nearest_station_id":"kr_212","nearest_station_name":"Gasan Digital Complex","nearest_station_name_ko":"가산디지털단지","a":31,"c":34,"e":40,"g":46,"i":36,"k":53,"m":55,"o":28,"b":31,"d":34,"f":40,"h":46,"j":36,"l":53,"n":55,"p":28}},{"type":"Feature","geometry":{"type":"Polygon","coordinates":[[[126.86604,37.46829],[126.88262,37.49106],[126.84947,37.49106],[126.86604,37.46829]]]},"properties":{"row":3,"col":5,"walk_min":6.0,"nearest_station_id":"kr_256","nearest_station_name":"Cheolsan","nearest_station_name_ko":"철산","a":44,"c":47,"e":46,"g":59,"i":50,"k":59,"m":68,"o":41,"b":44,"d":47,"f":46,"h":59,"j":50,"l":59,"n":68,"p":41}},{"type":"Feature","geometry":{"type":"Polygon","coordinates":[[[126.8992,37.46829],[126.91578,37.49106],[126.88262,37.49106],[126.8992,37.46829]]]},"properties":{"row":3,"col":7,"walk_min":5.4,"nearest_station_id":"kr_288","nearest_station_name":"Guro Digital Complex","nearest_station_name_ko":"구로디지털단지","a":29,"c":32,"e":34,"g":44,"i":24,"k":49,"m":53,"o":26,"b":29,"d":32,"f":34,"h":44,"j":24,"l":49,"n":53,"p":26}},{"type":"Feature","geometry":{"type":"Polygon","coordinates":[[[126.91578,37.49106],[126.94893,37.49106],[126.93235,37.51382],[126.91578,37.49106]]]},"properties":{"row":4,"col":10,"walk_min":1.9,"nearest_station_id":"kr_299","nearest_station_name":"신대방삼거리","nearest_station_name_ko":"신대방삼거리","a":40,"c":43,"e":28,"g":45,"i":33,"k":41,"m":52,"o":49,"b":40,"d":43,"f":28,"h":45,"j":33,"l":41,"n":52,"p":49}},{"type":"Feature","geometry":{"type":"Polygon","coordinates":[[[126.94893,37.49106],[126.98209,37.49106],[126.96551,37.51382],[126.94893,37.49106]]]},"properties":{"row":4,"col":12,"walk_min":4.6,"nearest_station_id":"kr_003","nearest_station_name":"Dongjak","nearest_station_name_ko":"동작","a":24,"c":26,"e":18,"g":35,"i":16,"k":31,"m":42,"o":32,"b":24,"d":26,"f":18,"h":35,"j":16,"l":31,"n":42,"p":32}},{"type":"Feature","geometry":{"type":"Polygon","coordinates":[[[126.99866,37.51382],[127.01524,37.53659],[126.98209,37.53659],[126.99866,37.51382]]]},"properties":{"row":5,"col":13,"walk_min":5.0,"nearest_station_id":"kr_334","nearest_station_name":"한강진","nearest_station_name_ko":"한강진","a":18,"c":20,"e":22,"g":21,"i":22,"k":35,"m":30,"o":30,"b":18,"d":20,"f":22,"h":21,"j":22,"l":35,"n":30,"p":30}},{"type":"Feature","geometry":{"type":"Polygon","coordinates":[[[126.96551,37.51382],[126.99866,37.51382],[126.98209,37.53659],[126.96551,37.51382]]]},"properties":{"row":5,"col":12,"walk_min":6.9,"nearest_station_id":"kr_219","nearest_station_name":"Ichon","nearest_station_name_ko":"이촌","a":16,"c":18,"e":24,"g":28,"i":20,"k":37,"m":37,"o":29,"b":16,"d":18,"f":24,"h":28,"j":20,"l":37,"n":37,"p":29}},{"type":"Feature","geometry":{"type":"Polygon","coordinates":[[[126.83289,37.46829],[126.86604,37.46829],[126.84947,37.49106],[126.83289,37.46829]]]},"properties":{"row":3,"col":4,"walk_min":10.0,"nearest_station_id":"kr_220","nearest_station_name":"광명사거리","nearest_station_name_ko":"광명사거리","a":47,"c":50,"e":53,"g":62,"i":53,"k":66,"m":71,"o":44,"b":47,"d":50,"f":53,"h":62,"j":53,"l":66,"n":71,"p":44}},{"type":"Feature","geometry":{"type":"Polygon","coordinates":[[[126.75,37.49106],[126.78316,37.49106],[126.76658,37.51382],[126.75,37.49106]]]},"properties":{"row":4,"col":0,"walk_min":3.9,"nearest_station_id":"kr_280","nearest_station_name":"부천시청","nearest_station_name_ko":"부천시청","a":47,"c":50,"e":57,"g":62,"i":53,"k":70,"m":71,"o":44,"b":47,"d":50,"f":57,"h":62,"j":53,"l":70,"n":71,"p":44}},{"type":"Feature","geometry":{"type":"Polygon","coordinates":[[[126.83289,37.51382],[126.84947,37.53659],[126.81631,37.53659],[126.83289,37.51382]]]},"properties":{"row":5,"col":3,"walk_min":13.4,"nearest_station_id":"kr_297","nearest_station_name":"Hwagok","nearest_station_name_ko":"화곡","a":43,"c":45,"e":52,"g":57,"i":48,"k":65,"m":66,"o":39,"b":43,"d":45,"f":52,"h":57,"j":48,"l":65,"n":66,"p":39}},{"type":"Feature","geometry":{"type":"Polygon","coordinates":[[[126.81631,37.53659],[126.84947,37.53659],[126.83289,37.55935],[126.81631,37.53659]]]},"properties":{"row":6,"col":4,"walk_min":7.2,"nearest_station_id":"kr_342","nearest_station_name":"Ujangsan","nearest_station_name_ko":"우장산","a":39,"c":42,"e":49,"g":54,"i":45,"k":62,"m":63,"o":36,"b":39,"d":42,"f":49,"h":54,"j":45,"l":62,"n":63,"p":36}},{"type":"Feature","geometry":{"type":"Polygon","coordinates":[[[126.84947,37.53659],[126.86604,37.55935],[126.83289,37.55935],[126.84947,37.53659]]]},"properties":{"row":6,"col":5,"walk_min":4.1,"nearest_station_id":"kr_342","nearest_station_name":"Ujangsan","nearest_station_name_ko":"우장산","a":36,"c":38,"e":45,"g":50,"i":41,"k":58,"m":59,"o":31,"b":36,"d":38,"f":45,"h":50,"j":41,"l":58,"n":59,"p":31}},{"type":"Feature","geometry":{"type":"Polygon","coordinates":[[[126.84947,37.53659],[126.88262,37.53659],[126.86604,37.55935],[126.84947,37.53659]]]},"properties":{"row":6,"col":6,"walk_min":2.8,"nearest_station_id":"kr_385","nearest_station_name":"Deungchon","nearest_station_name_ko":"등촌","a":30,"c":30,"e":37,"g":42,"i":33,"k":50,"m":52,"o":21,"b":30,"d":30,"f":37,"h":42,"j":33,"l":50,"n":52,"p":21}},{"type":"Feature","geometry":{"type":"Polygon","coordinates":[[[126.78316,37.62765],[126.79973,37.65041],[126.76658,37.65041],[126.78316,37.62765]]]},"properties":{"row":10,"col":1,"walk_min":8.7,"nearest_station_id":"kr_228","nearest_station_name":"Baekseok","nearest_station_name_ko":"백석","a":71,"c":68,"e":88,"g":75,"i":91,"k":95,"m":84,"o":80,"b":71,"d":68,"f":88,"h":75,"j":91,"l":95,"n":84,"p":80}},{"type":"Feature","geometry":{"type":"Polygon","coordinates":[[[127.06497,37.65041],[127.09813,37.65041],[127.08155,37.67317],[127.06497,37.65041]]]},"properties":{"row":11,"col":18,"walk_min":9.2,"nearest_station_id":"kr_229","nearest_station_name":"Sanggye","nearest_station_name_ko":"상계","a":51,"c":48,"e":62,"g":49,"i":70,"k":69,"m":58,"o":60,"b":51,"d":48,"f":62,"h":49,"j":70,"l":69,"n":58,"p":60}},{"type":"Feature","geometry":{"type":"Polygon","coordinates":[[[126.81631,37.30894],[126.83289,37.33171],[126.79973,37.33171],[126.81631,37.30894]]]},"properties":{"row":-4,"col":3,"walk_min":15.3,"nearest_station_id":"kr_230","nearest_station_name":"Choji","nearest_station_name_ko":"초지","a":91,"c":94,"e":88,"g":106,"i":77,"k":103,"m":114,"o":92,"b":91,"d":94,"f":88,"h":106,"j":77,"l":103,"n":114,"p":92}},{"type":"Feature","geometry":{"type":"Polygon","coordinates":[[[126.79973,37.33171],[126.83289,37.33171],[126.81631,37.35447],[126.79973,37.33171]]]},"properties":{"row":-3,"col":2,"walk_min":28.1,"nearest_station_id":"kr_230","nearest_station_name":"Choji","nearest_station_name_ko":"초지","a":105,"c":108,"e":102,"g":114,"i":91,"k":113,"m":118,"o":106,"b":105,"d":108,"f":102,"h":114,"j":91,"l":113,"n":118,"p":106}},{"type":"Feature","geometry":{"type":"Polygon","coordinates":[[[127.13129,37.55935],[127.14786,37.58212],[127.11471,37.58212],[127.13129,37.55935]]]},"properties":{"row":7,"col":21,"walk_min":17.3,"nearest_station_id":"kr_200","nearest_station_name":"Amsa History Park","nearest_station_name_ko":"암사역사공원","a":59,"c":58,"e":52,"g":45,"i":62,"k":46,"m":54,"o":70,"b":59,"d":58,"f":52,"h":45,"j":62,"l":46,"n":54,"p":70}},{"type":"Feature","geometry":{"type":"Polygon","coordinates":[[[127.11471,37.58212],[127.14786,37.58212],[127.13129,37.60488],[127.11471,37.58212]]]},"properties":{"row":8,"col":22,"walk_min":13.1,"nearest_station_id":"kr_231","nearest_station_name":"Jangja Lake Park","nearest_station_name_ko":"장자호수공원","a":60,"c":59,"e":52,"g":45,"i":63,"k":47,"m":55,"o":70,"b":60,"d":59,"f":52,"h":45,"j":63,"l":47,"n":55,"p":70}},{"type":"Feature","geometry":{"type":"Polygon","coordinates":[[[127.14786,37.58212],[127.16444,37.60488],[127.13129,37.60488],[127.14786,37.58212]]]},"properties":{"row":8,"col":23,"walk_min":9.0,"nearest_station_id":"kr_264","nearest_station_name":"Guri","nearest_station_name_ko":"구리","a":58,"c":56,"e":50,"g":43,"i":61,"k":45,"m":52,"o":68,"b":58,"d":56,"f":50,"h":43,"j":61,"l":45,"n":52,"p":68}},{"type":"Feature","geometry":{"type":"Polygon","coordinates":[[[127.13129,37.55935],[127.16444,37.55935],[127.14786,37.58212],[127.13129,37.55935]]]},"properties":{"row":7,"col":22,"walk_min":14.1,"nearest_station_id":"kr_200","nearest_station_name":"Amsa History Park","nearest_station_name_ko":"암사역사공원","a":56,"c":55,"e":48,"g":42,"i":58,"k":42,"m":51,"o":67,"b":56,"d":55,"f":48,"h":42,"j":58,"l":42,"n":51,"p":67}},{"type":"Feature","geometry":{"type":"Polygon","coordinates":[[[127.16444,37.42276],[127.18102,37.44553],[127.14786,37.44553],[127.16444,37.42276]]]},"properties":{"row":1,"col":23,"walk_min":13.7,"nearest_station_id":"kr_232","nearest_station_name":"Namhansanseong","nearest_station_name_ko":"남한산성입구","a":72,"c":74,"e":50,"g":64,"i":61,"k":45,"m":56,"o":81,"b":72,"d":74,"f":50,"h":64,"j":61,"l":45,"n":56,"p":81}},{"type":"Feature","geometry":{"type":"Polygon","coordinates":[[[127.14786,37.44553],[127.18102,37.44553],[127.16444,37.46829],[127.14786,37.44553]]]},"properties":{"row":2,"col":24,"walk_min":10.0,"nearest_station_id":"kr_232","nearest_station_name":"Namhansanseong","nearest_station_name_ko":"남한산성입구","a":65,"c":67,"e":43,"g":57,"i":54,"k":38,"m":49,"o":74,"b":65,"d":67,"f":43,"h":57,"j":54,"l":38,"n":49,"p":74}},{"type":"Feature","geometry":{"type":"Polygon","coordinates":[[[127.08155,37.30894],[127.09813,37.33171],[127.06497,37.33171],[127.08155,37.30894]]]},"properties":{"row":-4,"col":19,"walk_min":11.0,"nearest_station_id":"kr_266","nearest_station_name":"Seongbok","nearest_station_name_ko":"성복","a":81,"c":83,"e":57,"g":81,"i":67,"k":72,"m":83,"o":89,"b":81,"d":83,"f":57,"h":81,"j":67,"l":72,"n":83,"p":89}},{"type":"Feature","geometry":{"type":"Polygon","coordinates":[[[127.06497,37.33171],[127.09813,37.33171],[127.08155,37.35447],[127.06497,37.33171]]]},"properties":{"row":-3,"col":18,"walk_min":19.4,"nearest_station_id":"kr_202","nearest_station_name":"Dongcheon","nearest_station_name_ko":"동천","a":86,"c":88,"e":62,"g":86,"i":73,"k":77,"m":89,"o":95,"b":86,"d":88,"f":62,"h":86,"j":73,"l":77,"n":89,"p":95}},{"type":"Feature","geometry":{"type":"Polygon","coordinates":[[[127.08155,37.30894],[127.11471,37.30894],[127.09813,37.33171],[127.08155,37.30894]]]},"properties":{"row":-4,"col":20,"walk_min":15.2,"nearest_station_id":"kr_233","nearest_station_name":"Suji-gu Office","nearest_station_name_ko":"수지구청","a":84,"c":86,"e":61,"g":85,"i":71,"k":76,"m":87,"o":93,"b":84,"d":86,"f":61,"h":85,"j":71,"l":76,"n":87,"p":93}},{"type":"Feature","geometry":{"type":"Polygon","coordinates":[[[127.18102,37.4],[127.21417,37.4],[127.1976,37.42276],[127.18102,37.4]]]},"properties":{"row":0,"col":26,"walk_min":24.0,"nearest_station_id":"kr_236","nearest_station_name":"Samdong","nearest_station_name_ko":"삼동","a":91,"c":93,"e":67,"g":91,"i":77,"k":82,"m":93,"o":98,"b":91,"d":93,"f":67,"h":91,"j":77,"l":82,"n":93,"p":98}},{"type":"Feature","geometry":{"type":"Polygon","coordinates":[[[127.21417,37.4],[127.23075,37.42276],[127.1976,37.42276],[127.21417,37.4]]]},"properties":{"row":0,"col":27,"walk_min":11.5,"nearest_station_id":"kr_237","nearest_station_name":"삼동","nearest_station_name_ko":"삼동","a":79,"c":81,"e":55,"g":79,"i":65,"k":70,"m":81,"o":87,"b":79,"d":81,"f":55,"h":79,"j":65,"l":70,"n":81,"p":87}},{"type":"Feature","geometry":{"type":"Polygon","coordinates":[[[126.98209,37.44553],[126.99866,37.46829],[126.96551,37.46829],[126.98209,37.44553]]]},"properties":{"row":2,"col":13,"walk_min":13.2,"nearest_station_id":"kr_247","nearest_station_name":"Namtaeryeong","nearest_station_name_ko":"남태령","a":37,"c":40,"e":28,"g":51,"i":17,"k":43,"m":54,"o":46,"b":37,"d":40,"f":28,"h":51,"j":17,"l":43,"n":54,"p":46}},{"type":"Feature","geometry":{"type":"Polygon","coordinates":[[[126.65053,37.44553],[126.68369,37.44553],[126.66711,37.46829],[126.65053,37.44553]]]},"properties":{"row":2,"col":-6,"walk_min":20.3,"nearest_station_id":"kr_248","nearest_station_name":"Juan","nearest_station_name_ko":"주안","a":79,"c":81,"e":88,"g":93,"i":84,"k":101,"m":102,"o":75,"b":79,"d":81,"f":88,"h":93,"j":84,"l":101,"n":102,"p":75}},{"type":"Feature","geometry":{"type":"Polygon","coordinates":[[[126.68369,37.44553],[126.70027,37.46829],[126.66711,37.46829],[126.68369,37.44553]]]},"properties":{"row":2,"col":-5,"walk_min":5.3,"nearest_station_id":"kr_248","nearest_station_name":"Juan","nearest_station_name_ko":"주안","a":61,"c":64,"e":71,"g":76,"i":67,"k":84,"m":85,"o":58,"b":61,"d":64,"f":71,"h":76,"j":67,"l":84,"n":85,"p":58}},{"type":"Feature","geometry":{"type":"Polygon","coordinates":[[[126.66711,37.46829],[126.70027,37.46829],[126.68369,37.49106],[126.66711,37.46829]]]},"properties":{"row":3,"col":-6,"walk_min":12.3,"nearest_station_id":"kr_248","nearest_station_name":"Juan","nearest_station_name_ko":"주안","a":68,"c":70,"e":77,"g":82,"i":73,"k":91,"m":91,"o":64,"b":68,"d":70,"f":77,"h":82,"j":73,"l":91,"n":91,"p":64}},{"type":"Feature","geometry":{"type":"Polygon","coordinates":[[[126.96551,37.37724],[126.98209,37.4],[126.94893,37.4],[126.96551,37.37724]]]},"properties":{"row":-1,"col":11,"walk_min":7.0,"nearest_station_id":"kr_284","nearest_station_name":"Pyeongchon","nearest_station_name_ko":"평촌","a":53,"c":56,"e":44,"g":67,"i":33,"k":59,"m":70,"o":59,"b":53,"d":56,"f":44,"h":67,"j":33,"l":59,"n":70,"p":59}},{"type":"Feature","geometry":{"type":"Polygon","coordinates":[[[126.94893,37.4],[126.98209,37.4],[126.96551,37.42276],[126.94893,37.4]]]},"properties":{"row":0,"col":12,"walk_min":15.5,"nearest_station_id":"kr_325","nearest_station_name":"Indeogwon","nearest_station_name_ko":"인덕원","a":60,"c":62,"e":51,"g":73,"i":40,"k":66,"m":77,"o":67,"b":60,"d":62,"f":51,"h":73,"j":40,"l":66,"n":77,"p":67}},{"type":"Feature","geometry":{"type":"Polygon","coordinates":[[[126.68369,37.49106],[126.71684,37.49106],[126.70027,37.51382],[126.68369,37.49106]]]},"properties":{"row":4,"col":-4,"walk_min":11.8,"nearest_station_id":"kr_258","nearest_station_name":"Sangok","nearest_station_name_ko":"산곡","a":68,"c":71,"e":78,"g":83,"i":74,"k":91,"m":92,"o":65,"b":68,"d":71,"f":78,"h":83,"j":74,"l":91,"n":92,"p":65}},{"type":"Feature","geometry":{"type":"Polygon","coordinates":[[[126.71684,37.49106],[126.73342,37.51382],[126.70027,37.51382],[126.71684,37.49106]]]},"properties":{"row":4,"col":-3,"walk_min":6.8,"nearest_station_id":"kr_258","nearest_station_name":"Sangok","nearest_station_name_ko":"산곡","a":61,"c":64,"e":71,"g":76,"i":66,"k":84,"m":85,"o":58,"b":61,"d":64,"f":71,"h":76,"j":66,"l":84,"n":85,"p":58}},{"type":"Feature","geometry":{"type":"Polygon","coordinates":[[[126.86604,37.55935],[126.8992,37.55935],[126.88262,37.58212],[126.86604,37.55935]]]},"properties":{"row":7,"col":6,"walk_min":28.5,"nearest_station_id":"kr_293","nearest_station_name":"월드컵경기장","nearest_station_name_ko":"월드컵경기장","a":54,"c":56,"e":66,"g":66,"i":63,"k":80,"m":75,"o":61,"b":54,"d":56,"f":66,"h":66,"j":63,"l":80,"n":75,"p":61}},{"type":"Feature","geometry":{"type":"Polygon","coordinates":[[[126.8992,37.55935],[126.91578,37.58212],[126.88262,37.58212],[126.8992,37.55935]]]},"properties":{"row":7,"col":7,"walk_min":8.1,"nearest_station_id":"kr_293","nearest_station_name":"월드컵경기장","nearest_station_name_ko":"월드컵경기장","a":35,"c":36,"e":48,"g":45,"i":45,"k":61,"m":54,"o":44,"b":35,"d":36,"f":48,"h":45,"j":45,"l":61,"n":54,"p":44}},{"type":"Feature","geometry":{"type":"Polygon","coordinates":[[[126.8992,37.55935],[126.93235,37.55935],[126.91578,37.58212],[126.8992,37.55935]]]},"properties":{"row":7,"col":8,"walk_min":9.9,"nearest_station_id":"kr_259","nearest_station_name":"마포구청","nearest_station_name_ko":"마포구청","a":32,"c":33,"e":47,"g":44,"i":43,"k":59,"m":53,"o":39,"b":32,"d":33,"f":47,"h":44,"j":43,"l":59,"n":53,"p":39}},{"type":"Feature","geometry":{"type":"Polygon","coordinates":[[[126.76658,37.65041],[126.79973,37.65041],[126.78316,37.67317],[126.76658,37.65041]]]},"properties":{"row":11,"col":0,"walk_min":8.5,"nearest_station_id":"kr_261","nearest_station_name":"Madu","nearest_station_name_ko":"마두","a":72,"c":69,"e":89,"g":76,"i":92,"k":96,"m":85,"o":81,"b":72,"d":69,"f":89,"h":76,"j":92,"l":96,"n":85,"p":81}},{"type":"Feature","geometry":{"type":"Polygon","coordinates":[[[126.76658,37.65041],[126.78316,37.67317],[126.75,37.67317],[126.76658,37.65041]]]},"properties":{"row":11,"col":-1,"walk_min":7.8,"nearest_station_id":"kr_302","nearest_station_name":"Jeongbalsan","nearest_station_name_ko":"정발산","a":75,"c":72,"e":92,"g":79,"i":95,"k":99,"m":88,"o":84,"b":75,"d":72,"f":92,"h":79,"j":95,"l":99,"n":88,"p":84}},{"type":"Feature","geometry":{"type":"Polygon","coordinates":[[[127.08155,37.67317],[127.09813,37.69594],[127.06497,37.69594],[127.08155,37.67317]]]},"properties":{"row":12,"col":19,"walk_min":22.4,"nearest_station_id":"kr_262","nearest_station_name":"Buramsan","nearest_station_name_ko":"불암산","a":68,"c":66,"e":80,"g":66,"i":88,"k":83,"m":72,"o":77,"b":68,"d":66,"f":80,"h":66,"j":88,"l":83,"n":72,"p":77}},{"type":"Feature","geometry":{"type":"Polygon","coordinates":[[[126.78316,37.30894],[126.79973,37.33171],[126.76658,37.33171],[126.78316,37.30894]]]},"properties":{"row":-4,"col":1,"walk_min":11.4,"nearest_station_id":"kr_263","nearest_station_name":"Ansan","nearest_station_name_ko":"안산","a":92,"c":95,"e":89,"g":106,"i":78,"k":104,"m":113,"o":92,"b":92,"d":95,"f":89,"h":106,"j":78,"l":104,"n":113,"p":92}},{"type":"Feature","geometry":{"type":"Polygon","coordinates":[[[126.76658,37.33171],[126.79973,37.33171],[126.78316,37.35447],[126.76658,37.33171]]]},"properties":{"row":-3,"col":0,"walk_min":14.5,"nearest_station_id":"kr_427","nearest_station_name":"Singiloncheon","nearest_station_name_ko":"신길온천","a":98,"c":101,"e":95,"g":111,"i":84,"k":109,"m":117,"o":98,"b":98,"d":101,"f":95,"h":111,"j":84,"l":109,"n":117,"p":98}},{"type":"Feature","geometry":{"type":"Polygon","coordinates":[[[126.78316,37.30894],[126.81631,37.30894],[126.79973,37.33171],[126.78316,37.30894]]]},"properties":{"row":-4,"col":2,"walk_min":16.1,"nearest_station_id":"kr_230","nearest_station_name":"Choji","nearest_station_name_ko":"초지","a":94,"c":97,"e":91,"g":108,"i":80,"k":106,"m":116,"o":94,"b":94,"d":97,"f":91,"h":108,"j":80,"l":106,"n":116,"p":94}},{"type":"Feature","geometry":{"type":"Polygon","coordinates":[[[127.13129,37.60488],[127.16444,37.60488],[127.14786,37.62765],[127.13129,37.60488]]]},"properties":{"row":9,"col":22,"walk_min":8.9,"nearest_station_id":"kr_264","nearest_station_name":"Guri","nearest_station_name_ko":"구리","a":62,"c":60,"e":54,"g":47,"i":65,"k":49,"m":56,"o":72,"b":62,"d":60,"f":54,"h":47,"j":65,"l":49,"n":56,"p":72}},{"type":"Feature","geometry":{"type":"Polygon","coordinates":[[[127.06497,37.28618],[127.08155,37.30894],[127.0484,37.30894],[127.06497,37.28618]]]},"properties":{"row":-5,"col":17,"walk_min":12.4,"nearest_station_id":"kr_307","nearest_station_name":"Sanghyeon","nearest_station_name_ko":"상현","a":90,"c":91,"e":66,"g":90,"i":76,"k":81,"m":92,"o":98,"b":90,"d":91,"f":66,"h":90,"j":76,"l":81,"n":92,"p":98}},{"type":"Feature","geometry":{"type":"Polygon","coordinates":[[[127.0484,37.30894],[127.08155,37.30894],[127.06497,37.33171],[127.0484,37.30894]]]},"properties":{"row":-4,"col":18,"walk_min":18.6,"nearest_station_id":"kr_266","nearest_station_name":"Seongbok","nearest_station_name_ko":"성복","a":94,"c":96,"e":71,"g":95,"i":81,"k":86,"m":97,"o":103,"b":94,"d":96,"f":71,"h":95,"j":81,"l":86,"n":97,"p":103}},{"type":"Feature","geometry":{"type":"Polygon","coordinates":[[[127.06497,37.28618],[127.09813,37.28618],[127.08155,37.30894],[127.06497,37.28618]]]},"properties":{"row":-5,"col":18,"walk_min":17.5,"nearest_station_id":"kr_307","nearest_station_name":"Sanghyeon","nearest_station_name_ko":"상현","a":93,"c":94,"e":69,"g":93,"i":79,"k":84,"m":95,"o":101,"b":93,"d":94,"f":69,"h":93,"j":79,"l":84,"n":95,"p":101}},{"type":"Feature","geometry":{"type":"Polygon","coordinates":[[[127.0484,37.49106],[127.08155,37.49106],[127.06497,37.51382],[127.0484,37.49106]]]},"properties":{"row":4,"col":18,"walk_min":2.3,"nearest_station_id":"kr_322","nearest_station_name":"학여울","nearest_station_name_ko":"학여울","a":34,"c":36,"e":11,"g":35,"i":21,"k":21,"m":33,"o":43,"b":34,"d":36,"f":11,"h":35,"j":21,"l":21,"n":33,"p":43}},{"type":"Feature","geometry":{"type":"Polygon","coordinates":[[[126.75,37.49106],[126.76658,37.51382],[126.73342,37.51382],[126.75,37.49106]]]},"properties":{"row":4,"col":-1,"walk_min":6.5,"nearest_station_id":"kr_315","nearest_station_name":"삼산체육관","nearest_station_name_ko":"삼산체육관","a":54,"c":56,"e":63,"g":68,"i":59,"k":77,"m":77,"o":50,"b":54,"d":56,"f":63,"h":68,"j":59,"l":77,"n":77,"p":50}},{"type":"Feature","geometry":{"type":"Polygon","coordinates":[[[126.99866,37.42276],[127.01524,37.44553],[126.98209,37.44553],[126.99866,37.42276]]]},"properties":{"row":1,"col":13,"walk_min":6.8,"nearest_station_id":"kr_281","nearest_station_name":"Seonbawi","nearest_station_name_ko":"선바위","a":37,"c":39,"e":27,"g":50,"i":17,"k":43,"m":54,"o":45,"b":37,"d":39,"f":27,"h":50,"j":17,"l":43,"n":54,"p":45}},{"type":"Feature","geometry":{"type":"Polygon","coordinates":[[[126.98209,37.44553],[127.01524,37.44553],[126.99866,37.46829],[126.98209,37.44553]]]},"properties":{"row":2,"col":14,"walk_min":10.7,"nearest_station_id":"kr_281","nearest_station_name":"Seonbawi","nearest_station_name_ko":"선바위","a":37,"c":40,"e":28,"g":51,"i":17,"k":43,"m":54,"o":46,"b":37,"d":40,"f":28,"h":51,"j":17,"l":43,"n":54,"p":46}},{"type":"Feature","geometry":{"type":"Polygon","coordinates":[[[127.01524,37.44553],[127.03182,37.46829],[126.99866,37.46829],[127.01524,37.44553]]]},"properties":{"row":2,"col":15,"walk_min":16.9,"nearest_station_id":"kr_038","nearest_station_name":"Yangjae Citizen's Forest","nearest_station_name_ko":"양재시민의숲","a":45,"c":47,"e":30,"g":53,"i":28,"k":45,"m":56,"o":54,"b":45,"d":47,"f":30,"h":53,"j":28,"l":45,"n":56,"p":54}},{"type":"Feature","geometry":{"type":"Polygon","coordinates":[[[127.09813,37.46829],[127.11471,37.49106],[127.08155,37.49106],[127.09813,37.46829]]]},"properties":{"row":3,"col":19,"walk_min":6.7,"nearest_station_id":"kr_298","nearest_station_name":"Irwon","nearest_station_name_ko":"일원","a":48,"c":50,"e":24,"g":45,"i":35,"k":27,"m":38,"o":57,"b":48,"d":50,"f":24,"h":45,"j":35,"l":27,"n":38,"p":57}},{"type":"Feature","geometry":{"type":"Polygon","coordinates":[[[126.71684,37.49106],[126.75,37.49106],[126.73342,37.51382],[126.71684,37.49106]]]},"properties":{"row":4,"col":-2,"walk_min":3.4,"nearest_station_id":"kr_316","nearest_station_name":"굴포천","nearest_station_name_ko":"굴포천","a":54,"c":56,"e":63,"g":68,"i":59,"k":77,"m":77,"o":50,"b":54,"d":56,"f":63,"h":68,"j":59,"l":77,"n":77,"p":50}},{"type":"Feature","geometry":{"type":"Polygon","coordinates":[[[126.8992,37.46829],[126.93235,37.46829],[126.91578,37.49106],[126.8992,37.46829]]]},"properties":{"row":3,"col":8,"walk_min":11.6,"nearest_station_id":"kr_336","nearest_station_name":"Sindaebang","nearest_station_name_ko":"신대방","a":38,"c":40,"e":40,"g":52,"i":31,"k":54,"m":61,"o":35,"b":38,"d":40,"f":40,"h":52,"j":31,"l":54,"n":61,"p":35}},{"type":"Feature","geometry":{"type":"Polygon","coordinates":[[[127.06497,37.46829],[127.09813,37.46829],[127.08155,37.49106],[127.06497,37.46829]]]},"properties":{"row":3,"col":18,"walk_min":16.4,"nearest_station_id":"kr_298","nearest_station_name":"Irwon","nearest_station_name_ko":"일원","a":56,"c":58,"e":32,"g":56,"i":43,"k":38,"m":49,"o":65,"b":56,"d":58,"f":32,"h":56,"j":43,"l":38,"n":49,"p":65}},{"type":"Feature","geometry":{"type":"Polygon","coordinates":[[[127.18102,37.53659],[127.21417,37.53659],[127.1976,37.55935],[127.18102,37.53659]]]},"properties":{"row":6,"col":26,"walk_min":14.3,"nearest_station_id":"kr_301","nearest_station_name":"하남풍산","nearest_station_name_ko":"하남풍산","a":71,"c":70,"e":61,"g":56,"i":72,"k":56,"m":65,"o":81,"b":71,"d":70,"f":61,"h":56,"j":72,"l":56,"n":65,"p":81}},{"type":"Feature","geometry":{"type":"Polygon","coordinates":[[[127.21417,37.53659],[127.23075,37.55935],[127.1976,37.55935],[127.21417,37.53659]]]},"properties":{"row":6,"col":27,"walk_min":14.7,"nearest_station_id":"kr_301","nearest_station_name":"하남풍산","nearest_station_name_ko":"하남풍산","a":72,"c":71,"e":62,"g":57,"i":73,"k":57,"m":67,"o":82,"b":72,"d":71,"f":62,"h":57,"j":73,"l":57,"n":67,"p":82}},{"type":"Feature","geometry":{"type":"Polygon","coordinates":[[[127.13129,37.42276],[127.14786,37.44553],[127.11471,37.44553],[127.13129,37.42276]]]},"properties":{"row":1,"col":21,"walk_min":13.3,"nearest_station_id":"kr_439","nearest_station_name":"Moran","nearest_station_name_ko":"모란","a":76,"c":78,"e":54,"g":68,"i":65,"k":49,"m":61,"o":85,"b":76,"d":78,"f":54,"h":68,"j":65,"l":49,"n":61,"p":85}},{"type":"Feature","geometry":{"type":"Polygon","coordinates":[[[127.13129,37.42276],[127.16444,37.42276],[127.14786,37.44553],[127.13129,37.42276]]]},"properties":{"row":1,"col":22,"walk_min":8.9,"nearest_station_id":"kr_353","nearest_station_name":"Sujin","nearest_station_name_ko":"수진","a":70,"c":72,"e":48,"g":62,"i":59,"k":43,"m":54,"o":79,"b":70,"d":72,"f":48,"h":62,"j":59,"l":43,"n":54,"p":79}},{"type":"Feature","geometry":{"type":"Polygon","coordinates":[[[127.14786,37.49106],[127.16444,37.51382],[127.13129,37.51382],[127.14786,37.49106]]]},"properties":{"row":4,"col":23,"walk_min":7.8,"nearest_station_id":"kr_306","nearest_station_name":"개롱","nearest_station_name_ko":"개롱","a":54,"c":53,"e":33,"g":40,"i":44,"k":28,"m":39,"o":64,"b":54,"d":53,"f":33,"h":40,"j":44,"l":28,"n":39,"p":64}},{"type":"Feature","geometry":{"type":"Polygon","coordinates":[[[127.09813,37.65041],[127.11471,37.67317],[127.08155,37.67317],[127.09813,37.65041]]]},"properties":{"row":11,"col":19,"walk_min":14.6,"nearest_station_id":"kr_310","nearest_station_name":"Byeollaebyeolgaram","nearest_station_name_ko":"별내별가람","a":60,"c":58,"e":71,"g":58,"i":79,"k":78,"m":67,"o":69,"b":60,"d":58,"f":71,"h":58,"j":79,"l":78,"n":67,"p":69}},{"type":"Feature","geometry":{"type":"Polygon","coordinates":[[[127.08155,37.67317],[127.11471,37.67317],[127.09813,37.69594],[127.08155,37.67317]]]},"properties":{"row":12,"col":20,"walk_min":18.1,"nearest_station_id":"kr_262","nearest_station_name":"Buramsan","nearest_station_name_ko":"불암산","a":64,"c":62,"e":76,"g":62,"i":84,"k":82,"m":71,"o":73,"b":64,"d":62,"f":76,"h":62,"j":84,"l":82,"n":71,"p":73}},{"type":"Feature","geometry":{"type":"Polygon","coordinates":[[[127.09813,37.65041],[127.13129,37.65041],[127.11471,37.67317],[127.09813,37.65041]]]},"properties":{"row":11,"col":20,"walk_min":13.0,"nearest_station_id":"kr_310","nearest_station_name":"Byeollaebyeolgaram","nearest_station_name_ko":"별내별가람","a":67,"c":66,"e":71,"g":61,"i":80,"k":74,"m":70,"o":77,"b":67,"d":66,"f":71,"h":61,"j":80,"l":74,"n":70,"p":77}},{"type":"Feature","geometry":{"type":"Polygon","coordinates":[[[127.11471,37.67317],[127.13129,37.69594],[127.09813,37.69594],[127.11471,37.67317]]]},"properties":{"row":12,"col":21,"walk_min":37.8,"nearest_station_id":"kr_310","nearest_station_name":"Byeollaebyeolgaram","nearest_station_name_ko":"별내별가람","a":88,"c":86,"e":99,"g":86,"i":107,"k":106,"m":95,"o":97,"b":88,"d":86,"f":99,"h":86,"j":107,"l":106,"n":95,"p":97}},{"type":"Feature","geometry":{"type":"Polygon","coordinates":[[[126.63396,37.46829],[126.65053,37.49106],[126.61738,37.49106],[126.63396,37.46829]]]},"properties":{"row":3,"col":-9,"walk_min":9.0,"nearest_station_id":"kr_330","nearest_station_name":"Dongincheon","nearest_station_name_ko":"동인천","a":75,"c":77,"e":84,"g":89,"i":80,"k":97,"m":98,"o":71,"b":75,"d":77,"f":84,"h":89,"j":80,"l":97,"n":98,"p":71}},{"type":"Feature","geometry":{"type":"Polygon","coordinates":[[[126.63396,37.46829],[126.66711,37.46829],[126.65053,37.49106],[126.63396,37.46829]]]},"properties":{"row":3,"col":-8,"walk_min":11.4,"nearest_station_id":"kr_379","nearest_station_name":"Jemulpo","nearest_station_name_ko":"제물포","a":73,"c":76,"e":83,"g":88,"i":79,"k":96,"m":97,"o":70,"b":73,"d":76,"f":83,"h":88,"j":79,"l":96,"n":97,"p":70}},{"type":"Feature","geometry":{"type":"Polygon","coordinates":[[[127.16444,37.55935],[127.1976,37.55935],[127.18102,37.58212],[127.16444,37.55935]]]},"properties":{"row":7,"col":24,"walk_min":12.1,"nearest_station_id":"kr_205","nearest_station_name":"Gangil","nearest_station_name_ko":"강일","a":61,"c":60,"e":51,"g":47,"i":62,"k":46,"m":56,"o":72,"b":61,"d":60,"f":51,"h":47,"j":62,"l":46,"n":56,"p":72}},{"type":"Feature","geometry":{"type":"Polygon","coordinates":[[[127.1976,37.55935],[127.21417,37.58212],[127.18102,37.58212],[127.1976,37.55935]]]},"properties":{"row":7,"col":25,"walk_min":32.8,"nearest_station_id":"kr_331","nearest_station_name":"Misa","nearest_station_name_ko":"미사","a":84,"c":83,"e":75,"g":70,"i":85,"k":70,"m":79,"o":92,"b":84,"d":83,"f":75,"h":70,"j":85,"l":70,"n":79,"p":92}},{"type":"Feature","geometry":{"type":"Polygon","coordinates":[[[126.93235,37.46829],[126.94893,37.49106],[126.91578,37.49106],[126.93235,37.46829]]]},"properties":{"row":3,"col":9,"walk_min":2.5,"nearest_station_id":"kr_375","nearest_station_name":"Sillim","nearest_station_name_ko":"신림","a":31,"c":33,"e":24,"g":45,"i":14,"k":40,"m":50,"o":27,"b":31,"d":33,"f":24,"h":45,"j":14,"l":40,"n":50,"p":27}},{"type":"Feature","geometry":{"type":"Polygon","coordinates":[[[126.88262,37.58212],[126.91578,37.58212],[126.8992,37.60488],[126.88262,37.58212]]]},"properties":{"row":8,"col":8,"walk_min":10.9,"nearest_station_id":"kr_339","nearest_station_name":"증산","nearest_station_name_ko":"증산","a":40,"c":40,"e":54,"g":47,"i":51,"k":66,"m":56,"o":49,"b":40,"d":40,"f":54,"h":47,"j":51,"l":66,"n":56,"p":49}},{"type":"Feature","geometry":{"type":"Polygon","coordinates":[[[126.81631,37.53659],[126.83289,37.55935],[126.79973,37.55935],[126.81631,37.53659]]]},"properties":{"row":6,"col":3,"walk_min":14.0,"nearest_station_id":"kr_341","nearest_station_name":"Songjeong","nearest_station_name_ko":"송정","a":52,"c":52,"e":60,"g":66,"i":56,"k":73,"m":75,"o":43,"b":52,"d":52,"f":60,"h":66,"j":56,"l":73,"n":75,"p":43}},{"type":"Feature","geometry":{"type":"Polygon","coordinates":[[[126.99866,37.42276],[127.03182,37.42276],[127.01524,37.44553],[126.99866,37.42276]]]},"properties":{"row":1,"col":14,"walk_min":13.1,"nearest_station_id":"kr_346","nearest_station_name":"Seoul Grand park","nearest_station_name_ko":"대공원","a":45,"c":47,"e":35,"g":58,"i":25,"k":51,"m":62,"o":53,"b":45,"d":47,"f":35,"h":58,"j":25,"l":51,"n":62,"p":53}},{"type":"Feature","geometry":{"type":"Polygon","coordinates":[[[126.75,37.67317],[126.78316,37.67317],[126.76658,37.69594],[126.75,37.67317]]]},"properties":{"row":12,"col":0,"walk_min":12.3,"nearest_station_id":"kr_350","nearest_station_name":"Juyeop","nearest_station_name_ko":"주엽","a":82,"c":79,"e":98,"g":86,"i":101,"k":105,"m":95,"o":91,"b":82,"d":79,"f":98,"h":86,"j":101,"l":105,"n":95,"p":91}},{"type":"Feature","geometry":{"type":"Polygon","coordinates":[[[126.73342,37.33171],[126.76658,37.33171],[126.75,37.35447],[126.73342,37.33171]]]},"properties":{"row":-3,"col":-2,"walk_min":20.1,"nearest_station_id":"kr_427","nearest_station_name":"Singiloncheon","nearest_station_name_ko":"신길온천","a":106,"c":109,"e":104,"g":116,"i":94,"k":115,"m":120,"o":107,"b":106,"d":109,"f":104,"h":116,"j":94,"l":115,"n":120,"p":107}},{"type":"Feature","geometry":{"type":"Polygon","coordinates":[[[126.73342,37.33171],[126.75,37.35447],[126.71684,37.35447],[126.73342,37.33171]]]},"properties":{"row":-3,"col":-3,"walk_min":18.9,"nearest_station_id":"kr_351","nearest_station_name":"Jeongwang","nearest_station_name_ko":"정왕","a":108,"c":111,"e":105,"g":118,"i":95,"k":117,"m":120,"o":109,"b":108,"d":111,"f":105,"h":118,"j":95,"l":117,"n":120,"p":109}},{"type":"Feature","geometry":{"type":"Polygon","coordinates":[[[127.13129,37.60488],[127.14786,37.62765],[127.11471,37.62765],[127.13129,37.60488]]]},"properties":{"row":9,"col":21,"walk_min":18.9,"nearest_station_id":"kr_303","nearest_station_name":"Donggureung","nearest_station_name_ko":"동구릉","a":72,"c":71,"e":64,"g":57,"i":75,"k":59,"m":67,"o":82,"b":72,"d":71,"f":64,"h":57,"j":75,"l":59,"n":67,"p":82}},{"type":"Feature","geometry":{"type":"Polygon","coordinates":[[[127.03182,37.28618],[127.06497,37.28618],[127.0484,37.30894],[127.03182,37.28618]]]},"properties":{"row":-5,"col":16,"walk_min":27.3,"nearest_station_id":"kr_357","nearest_station_name":"Gwanggyo Jungang","nearest_station_name_ko":"광교중앙","a":105,"c":106,"e":85,"g":105,"i":95,"k":100,"m":107,"o":110,"b":105,"d":106,"f":85,"h":105,"j":95,"l":100,"n":107,"p":110}},{"type":"Feature","geometry":{"type":"Polygon","coordinates":[[[127.1976,37.51382],[127.21417,37.53659],[127.18102,37.53659],[127.1976,37.51382]]]},"properties":{"row":5,"col":25,"walk_min":31.8,"nearest_station_id":"kr_360","nearest_station_name":"Hanam City Hall (Deokpung·Sinjang)","nearest_station_name_ko":"하남시청(덕풍·신장)","a":89,"c":88,"e":79,"g":74,"i":90,"k":74,"m":83,"o":99,"b":89,"d":88,"f":79,"h":74,"j":90,"l":74,"n":83,"p":99}},{"type":"Feature","geometry":{"type":"Polygon","coordinates":[[[127.1976,37.51382],[127.23075,37.51382],[127.21417,37.53659],[127.1976,37.51382]]]},"properties":{"row":5,"col":26,"walk_min":57.4,"nearest_station_id":"kr_469","nearest_station_name":"Hanam Geomdansan","nearest_station_name_ko":"하남검단산","a":113,"c":112,"e":107,"g":103,"i":113,"k":103,"m":110,"o":115,"b":113,"d":112,"f":107,"h":103,"j":113,"l":103,"n":110,"p":115}},{"type":"Feature","geometry":{"type":"Polygon","coordinates":[[[127.23075,37.51382],[127.24733,37.53659],[127.21417,37.53659],[127.23075,37.51382]]]},"properties":{"row":5,"col":27,"walk_min":50.0,"nearest_station_id":"kr_469","nearest_station_name":"Hanam Geomdansan","nearest_station_name_ko":"하남검단산","a":104,"c":103,"e":99,"g":96,"i":104,"k":96,"m":101,"o":109,"b":104,"d":103,"f":99,"h":96,"j":104,"l":96,"n":101,"p":109}},{"type":"Feature","geometry":{"type":"Polygon","coordinates":[[[127.21417,37.53659],[127.24733,37.53659],[127.23075,37.55935],[127.21417,37.53659]]]},"properties":{"row":6,"col":28,"walk_min":28.5,"nearest_station_id":"kr_469","nearest_station_name":"Hanam Geomdansan","nearest_station_name_ko":"하남검단산","a":89,"c":88,"e":79,"g":74,"i":90,"k":74,"m":84,"o":99,"b":89,"d":88,"f":79,"h":74,"j":90,"l":74,"n":84,"p":99}},{"type":"Feature","geometry":{"type":"Polygon","coordinates":[[[127.16444,37.69594],[127.1976,37.69594],[127.18102,37.7187],[127.16444,37.69594]]]},"properties":{"row":13,"col":24,"walk_min":20.5,"nearest_station_id":"kr_361","nearest_station_name":"Onam","nearest_station_name_ko":"오남","a":84,"c":82,"e":96,"g":82,"i":103,"k":103,"m":91,"o":93,"b":84,"d":82,"f":96,"h":82,"j":103,"l":103,"n":91,"p":93}},{"type":"Feature","geometry":{"type":"Polygon","coordinates":[[[127.1976,37.69594],[127.21417,37.7187],[127.18102,37.7187],[127.1976,37.69594]]]},"properties":{"row":13,"col":25,"walk_min":7.0,"nearest_station_id":"kr_361","nearest_station_name":"Onam","nearest_station_name_ko":"오남","a":72,"c":70,"e":84,"g":70,"i":92,"k":91,"m":79,"o":81,"b":72,"d":70,"f":84,"h":70,"j":92,"l":91,"n":79,"p":81}},{"type":"Feature","geometry":{"type":"Polygon","coordinates":[[[126.8992,37.33171],[126.93235,37.33171],[126.91578,37.35447],[126.8992,37.33171]]]},"properties":{"row":-3,"col":8,"walk_min":11.2,"nearest_station_id":"kr_364","nearest_station_name":"Surisan","nearest_station_name_ko":"수리산","a":66,"c":69,"e":63,"g":81,"i":52,"k":78,"m":89,"o":67,"b":66,"d":69,"f":63,"h":81,"j":52,"l":78,"n":89,"p":67}},{"type":"Feature","geometry":{"type":"Polygon","coordinates":[[[126.8992,37.33171],[126.91578,37.35447],[126.88262,37.35447],[126.8992,37.33171]]]},"properties":{"row":-3,"col":7,"walk_min":35.1,"nearest_station_id":"kr_423","nearest_station_name":"Daeyami","nearest_station_name_ko":"대야미","a":93,"c":95,"e":89,"g":105,"i":79,"k":103,"m":113,"o":93,"b":93,"d":95,"f":89,"h":105,"j":79,"l":103,"n":113,"p":93}},{"type":"Feature","geometry":{"type":"Polygon","coordinates":[[[126.93235,37.33171],[126.94893,37.35447],[126.91578,37.35447],[126.93235,37.33171]]]},"properties":{"row":-3,"col":9,"walk_min":9.1,"nearest_station_id":"kr_364","nearest_station_name":"Surisan","nearest_station_name_ko":"수리산","a":61,"c":64,"e":58,"g":76,"i":47,"k":73,"m":84,"o":62,"b":61,"d":64,"f":58,"h":76,"j":47,"l":73,"n":84,"p":62}},{"type":"Feature","geometry":{"type":"Polygon","coordinates":[[[126.96551,37.42276],[126.99866,37.42276],[126.98209,37.44553],[126.96551,37.42276]]]},"properties":{"row":1,"col":12,"walk_min":15.6,"nearest_station_id":"kr_367","nearest_station_name":"Government Complex Gwacheon","nearest_station_name_ko":"정부과천청사","a":51,"c":54,"e":42,"g":65,"i":31,"k":57,"m":68,"o":59,"b":51,"d":54,"f":42,"h":65,"j":31,"l":57,"n":68,"p":59}},{"type":"Feature","geometry":{"type":"Polygon","coordinates":[[[126.93235,37.46829],[126.96551,37.46829],[126.94893,37.49106],[126.93235,37.46829]]]},"properties":{"row":3,"col":10,"walk_min":11.2,"nearest_station_id":"kr_370","nearest_station_name":"Seoul Nat'l University (Gwanak-gu Office)","nearest_station_name_ko":"서울대입구(관악구청)","a":37,"c":39,"e":28,"g":51,"i":17,"k":43,"m":54,"o":41,"b":37,"d":39,"f":28,"h":51,"j":17,"l":43,"n":54,"p":41}},{"type":"Feature","geometry":{"type":"Polygon","coordinates":[[[126.68369,37.44553],[126.71684,37.44553],[126.70027,37.46829],[126.68369,37.44553]]]},"properties":{"row":2,"col":-4,"walk_min":20.9,"nearest_station_id":"kr_455","nearest_station_name":"Ganseok","nearest_station_name_ko":"간석","a":76,"c":79,"e":86,"g":91,"i":82,"k":99,"m":100,"o":73,"b":76,"d":79,"f":86,"h":91,"j":82,"l":99,"n":100,"p":73}},{"type":"Feature","geometry":{"type":"Polygon","coordinates":[[[126.71684,37.44553],[126.73342,37.46829],[126.70027,37.46829],[126.71684,37.44553]]]},"properties":{"row":2,"col":-3,"walk_min":21.6,"nearest_station_id":"kr_378","nearest_station_name":"Dongam","nearest_station_name_ko":"동암","a":75,"c":78,"e":85,"g":89,"i":80,"k":98,"m":99,"o":72,"b":75,"d":78,"f":85,"h":89,"j":80,"l":98,"n":99,"p":72}},{"type":"Feature","geometry":{"type":"Polygon","coordinates":[[[126.65053,37.44553],[126.66711,37.46829],[126.63396,37.46829],[126.65053,37.44553]]]},"properties":{"row":2,"col":-7,"walk_min":10.5,"nearest_station_id":"kr_379","nearest_station_name":"Jemulpo","nearest_station_name_ko":"제물포","a":72,"c":75,"e":82,"g":87,"i":78,"k":95,"m":96,"o":69,"b":72,"d":75,"f":82,"h":87,"j":78,"l":95,"n":96,"p":69}},{"type":"Feature","geometry":{"type":"Polygon","coordinates":[[[127.01524,37.17235],[127.0484,37.17235],[127.03182,37.19512],[127.01524,37.17235]]]},"properties":{"row":-10,"col":16,"walk_min":12.2,"nearest_station_id":"kr_388","nearest_station_name":"Sema","nearest_station_name_ko":"세마","a":102,"c":105,"e":99,"g":114,"i":88,"k":111,"m":120,"o":103,"b":102,"d":105,"f":99,"h":114,"j":88,"l":111,"n":120,"p":103}},{"type":"Feature","geometry":{"type":"Polygon","coordinates":[[[127.0484,37.17235],[127.06497,37.19512],[127.03182,37.19512],[127.0484,37.17235]]]},"properties":{"row":-10,"col":17,"walk_min":7.6,"nearest_station_id":"kr_466","nearest_station_name":"Seodongtan","nearest_station_name_ko":"서동탄","a":98,"c":100,"e":95,"g":112,"i":84,"k":110,"m":120,"o":98,"b":98,"d":100,"f":95,"h":112,"j":84,"l":110,"n":120,"p":98}},{"type":"Feature","geometry":{"type":"Polygon","coordinates":[[[126.86604,37.42276],[126.8992,37.42276],[126.88262,37.44553],[126.86604,37.42276]]]},"properties":{"row":1,"col":6,"walk_min":17.6,"nearest_station_id":"kr_442","nearest_station_name":"Gwangmyeong","nearest_station_name_ko":"광명","a":51,"c":54,"e":61,"g":66,"i":57,"k":74,"m":75,"o":52,"b":42,"d":45,"f":61,"h":57,"j":57,"l":74,"n":66,"p":52}},{"type":"Feature","geometry":{"type":"Polygon","coordinates":[[[126.8992,37.42276],[126.93235,37.42276],[126.91578,37.44553],[126.8992,37.42276]]]},"properties":{"row":1,"col":8,"walk_min":19.3,"nearest_station_id":"kr_392","nearest_station_name":"Seoksu","nearest_station_name_ko":"석수","a":51,"c":54,"e":61,"g":66,"i":57,"k":74,"m":75,"o":52,"b":51,"d":54,"f":61,"h":66,"j":57,"l":74,"n":75,"p":52}},{"type":"Feature","geometry":{"type":"Polygon","coordinates":[[[126.91578,37.4],[126.93235,37.42276],[126.8992,37.42276],[126.91578,37.4]]]},"properties":{"row":0,"col":9,"walk_min":13.1,"nearest_station_id":"kr_413","nearest_station_name":"Gwanak","nearest_station_name_ko":"관악","a":48,"c":51,"e":58,"g":62,"i":54,"k":71,"m":72,"o":49,"b":48,"d":51,"f":58,"h":62,"j":54,"l":71,"n":72,"p":49}},{"type":"Feature","geometry":{"type":"Polygon","coordinates":[[[126.8992,37.28618],[126.91578,37.30894],[126.88262,37.30894],[126.8992,37.28618]]]},"properties":{"row":-5,"col":7,"walk_min":22.9,"nearest_station_id":"kr_415","nearest_station_name":"Banwol","nearest_station_name_ko":"반월","a":85,"c":87,"e":82,"g":99,"i":71,"k":97,"m":107,"o":85,"b":85,"d":87,"f":82,"h":99,"j":71,"l":97,"n":107,"p":85}},{"type":"Feature","geometry":{"type":"Polygon","coordinates":[[[126.88262,37.30894],[126.91578,37.30894],[126.8992,37.33171],[126.88262,37.30894]]]},"properties":{"row":-4,"col":8,"walk_min":11.7,"nearest_station_id":"kr_415","nearest_station_name":"Banwol","nearest_station_name_ko":"반월","a":73,"c":75,"e":70,"g":87,"i":59,"k":85,"m":96,"o":73,"b":73,"d":75,"f":70,"h":87,"j":59,"l":85,"n":96,"p":73}},{"type":"Feature","geometry":{"type":"Polygon","coordinates":[[[126.91578,37.30894],[126.93235,37.33171],[126.8992,37.33171],[126.91578,37.30894]]]},"properties":{"row":-4,"col":9,"walk_min":7.1,"nearest_station_id":"kr_423","nearest_station_name":"Daeyami","nearest_station_name_ko":"대야미","a":66,"c":68,"e":62,"g":80,"i":52,"k":78,"m":89,"o":66,"b":66,"d":68,"f":62,"h":80,"j":52,"l":78,"n":89,"p":66}},{"type":"Feature","geometry":{"type":"Polygon","coordinates":[[[126.73342,37.65041],[126.75,37.67317],[126.71684,37.67317],[126.73342,37.65041]]]},"properties":{"row":11,"col":-3,"walk_min":23.4,"nearest_station_id":"kr_424","nearest_station_name":"Daehwa","nearest_station_name_ko":"대화","a":95,"c":93,"e":111,"g":99,"i":113,"k":116,"m":108,"o":104,"b":95,"d":93,"f":111,"h":99,"j":113,"l":116,"n":108,"p":104}},{"type":"Feature","geometry":{"type":"Polygon","coordinates":[[[126.71684,37.67317],[126.75,37.67317],[126.73342,37.69594],[126.71684,37.67317]]]},"properties":{"row":12,"col":-2,"walk_min":18.7,"nearest_station_id":"kr_424","nearest_station_name":"Daehwa","nearest_station_name_ko":"대화","a":91,"c":89,"e":108,"g":95,"i":111,"k":114,"m":104,"o":100,"b":91,"d":89,"f":108,"h":95,"j":111,"l":114,"n":104,"p":100}},{"type":"Feature","geometry":{"type":"Polygon","coordinates":[[[126.73342,37.65041],[126.76658,37.65041],[126.75,37.67317],[126.73342,37.65041]]]},"properties":{"row":11,"col":-2,"walk_min":20.1,"nearest_station_id":"kr_350","nearest_station_name":"Juyeop","nearest_station_name_ko":"주엽","a":88,"c":86,"e":105,"g":92,"i":108,"k":112,"m":101,"o":97,"b":88,"d":86,"f":105,"h":92,"j":108,"l":112,"n":101,"p":97}},{"type":"Feature","geometry":{"type":"Polygon","coordinates":[[[126.75,37.67317],[126.76658,37.69594],[126.73342,37.69594],[126.75,37.67317]]]},"properties":{"row":12,"col":-1,"walk_min":17.7,"nearest_station_id":"kr_424","nearest_station_name":"Daehwa","nearest_station_name_ko":"대화","a":90,"c":88,"e":107,"g":94,"i":110,"k":114,"m":103,"o":99,"b":90,"d":88,"f":107,"h":94,"j":110,"l":114,"n":103,"p":99}},{"type":"Feature","geometry":{"type":"Polygon","coordinates":[[[126.83289,37.28618],[126.86604,37.28618],[126.84947,37.30894],[126.83289,37.28618]]]},"properties":{"row":-5,"col":4,"walk_min":18.7,"nearest_station_id":"kr_425","nearest_station_name":"Hanyang University at Ansan","nearest_station_name_ko":"한대앞","a":87,"c":89,"e":84,"g":101,"i":73,"k":99,"m":110,"o":87,"b":87,"d":89,"f":84,"h":101,"j":73,"l":99,"n":110,"p":87}},{"type":"Feature","geometry":{"type":"Polygon","coordinates":[[[126.84947,37.30894],[126.86604,37.33171],[126.83289,37.33171],[126.84947,37.30894]]]},"properties":{"row":-4,"col":5,"walk_min":18.1,"nearest_station_id":"kr_168","nearest_station_name":"Jungang","nearest_station_name_ko":"중앙","a":89,"c":91,"e":86,"g":103,"i":75,"k":101,"m":112,"o":89,"b":89,"d":91,"f":86,"h":103,"j":75,"l":101,"n":112,"p":89}},{"type":"Feature","geometry":{"type":"Polygon","coordinates":[[[126.76658,37.33171],[126.78316,37.35447],[126.75,37.35447],[126.76658,37.33171]]]},"properties":{"row":-3,"col":-1,"walk_min":14.0,"nearest_station_id":"kr_427","nearest_station_name":"Singiloncheon","nearest_station_name_ko":"신길온천","a":99,"c":102,"e":96,"g":114,"i":86,"k":112,"m":120,"o":100,"b":99,"d":102,"f":96,"h":114,"j":86,"l":112,"n":120,"p":100}},{"type":"Feature","geometry":{"type":"Polygon","coordinates":[[[126.71684,37.35447],[126.75,37.35447],[126.73342,37.37724],[126.71684,37.35447]]]},"properties":{"row":-2,"col":-2,"walk_min":10.2,"nearest_station_id":"kr_428","nearest_station_name":"Oido","nearest_station_name_ko":"오이도","a":103,"c":106,"e":100,"g":116,"i":89,"k":114,"m":120,"o":104,"b":103,"d":106,"f":100,"h":116,"j":89,"l":114,"n":120,"p":104}},{"type":"Feature","geometry":{"type":"Polygon","coordinates":[[[126.75,37.35447],[126.76658,37.37724],[126.73342,37.37724],[126.75,37.35447]]]},"properties":{"row":-2,"col":-1,"walk_min":20.8,"nearest_station_id":"kr_428","nearest_station_name":"Oido","nearest_station_name_ko":"오이도","a":110,"c":112,"e":107,"g":117,"i":99,"k":116,"m":120,"o":111,"b":110,"d":112,"f":107,"h":117,"j":99,"l":116,"n":120,"p":111}},{"type":"Feature","geometry":{"type":"Polygon","coordinates":[[[126.78316,37.58212],[126.81631,37.58212],[126.79973,37.60488],[126.78316,37.58212]]]},"properties":{"row":8,"col":2,"walk_min":25.5,"nearest_station_id":"kr_429","nearest_station_name":"Gaehwa","nearest_station_name_ko":"개화","a":70,"c":68,"e":76,"g":80,"i":72,"k":86,"m":87,"o":57,"b":70,"d":68,"f":76,"h":80,"j":72,"l":86,"n":87,"p":57}},{"type":"Feature","geometry":{"type":"Polygon","coordinates":[[[126.78316,37.58212],[126.79973,37.60488],[126.76658,37.60488],[126.78316,37.58212]]]},"properties":{"row":8,"col":1,"walk_min":60.3,"nearest_station_id":"kr_429","nearest_station_name":"Gaehwa","nearest_station_name_ko":"개화","a":104,"c":102,"e":108,"g":110,"i":106,"k":112,"m":113,"o":91,"b":104,"d":102,"f":108,"h":110,"j":106,"l":112,"n":113,"p":91}},{"type":"Feature","geometry":{"type":"Polygon","coordinates":[[[127.11471,37.62765],[127.14786,37.62765],[127.13129,37.65041],[127.11471,37.62765]]]},"properties":{"row":10,"col":22,"walk_min":12.9,"nearest_station_id":"kr_438","nearest_station_name":"Byeollae","nearest_station_name_ko":"별내","a":74,"c":73,"e":66,"g":60,"i":77,"k":61,"m":69,"o":84,"b":74,"d":73,"f":66,"h":60,"j":77,"l":61,"n":69,"p":84}},{"type":"Feature","geometry":{"type":"Polygon","coordinates":[[[127.11471,37.62765],[127.13129,37.65041],[127.09813,37.65041],[127.11471,37.62765]]]},"properties":{"row":10,"col":21,"walk_min":16.8,"nearest_station_id":"kr_438","nearest_station_name":"Byeollae","nearest_station_name_ko":"별내","a":75,"c":74,"e":72,"g":64,"i":82,"k":69,"m":73,"o":85,"b":75,"d":74,"f":72,"h":64,"j":82,"l":69,"n":73,"p":85}},{"type":"Feature","geometry":{"type":"Polygon","coordinates":[[[127.09813,37.42276],[127.13129,37.42276],[127.11471,37.44553],[127.09813,37.42276]]]},"properties":{"row":1,"col":20,"walk_min":39.1,"nearest_station_id":"kr_439","nearest_station_name":"Moran","nearest_station_name_ko":"모란","a":101,"c":103,"e":81,"g":94,"i":91,"k":76,"m":88,"o":108,"b":101,"d":103,"f":81,"h":94,"j":91,"l":76,"n":88,"p":108}},{"type":"Feature","geometry":{"type":"Polygon","coordinates":[[[127.14786,37.49106],[127.18102,37.49106],[127.16444,37.51382],[127.14786,37.49106]]]},"properties":{"row":4,"col":24,"walk_min":16.3,"nearest_station_id":"kr_440","nearest_station_name":"Macheon","nearest_station_name_ko":"마천","a":67,"c":66,"e":46,"g":53,"i":56,"k":41,"m":52,"o":76,"b":67,"d":66,"f":46,"h":53,"j":56,"l":41,"n":52,"p":76}},{"type":"Feature","geometry":{"type":"Polygon","coordinates":[[[126.88262,37.4],[126.8992,37.42276],[126.86604,37.42276],[126.88262,37.4]]]},"properties":{"row":0,"col":7,"walk_min":8.9,"nearest_station_id":"kr_442","nearest_station_name":"Gwangmyeong","nearest_station_name_ko":"광명","a":44,"c":47,"e":54,"g":58,"i":50,"k":67,"m":68,"o":45,"b":34,"d":37,"f":54,"h":49,"j":50,"l":67,"n":58,"p":45}},{"type":"Feature","geometry":{"type":"Polygon","coordinates":[[[126.88262,37.44553],[126.8992,37.46829],[126.86604,37.46829],[126.88262,37.44553]]]},"properties":{"row":2,"col":7,"walk_min":10.5,"nearest_station_id":"kr_443","nearest_station_name":"Doksan","nearest_station_name_ko":"독산","a":39,"c":42,"e":48,"g":54,"i":44,"k":61,"m":63,"o":37,"b":39,"d":42,"f":48,"h":54,"j":44,"l":61,"n":63,"p":37}},{"type":"Feature","geometry":{"type":"Polygon","coordinates":[[[127.03182,37.28618],[127.0484,37.30894],[127.01524,37.30894],[127.03182,37.28618]]]},"properties":{"row":-5,"col":15,"walk_min":44.3,"nearest_station_id":"kr_444","nearest_station_name":"Gwanggyo","nearest_station_name_ko":"광교","a":120,"c":120,"e":103,"g":120,"i":112,"k":116,"m":120,"o":120,"b":120,"d":120,"f":103,"h":120,"j":112,"l":116,"n":120,"p":120}},{"type":"Feature","geometry":{"type":"Polygon","coordinates":[[[127.01524,37.30894],[127.0484,37.30894],[127.03182,37.33171],[127.01524,37.30894]]]},"properties":{"row":-4,"col":16,"walk_min":49.6,"nearest_station_id":"kr_444","nearest_station_name":"Gwanggyo","nearest_station_name_ko":"광교","a":120,"c":120,"e":107,"g":120,"i":115,"k":117,"m":120,"o":120,"b":120,"d":120,"f":107,"h":120,"j":115,"l":117,"n":120,"p":120}},{"type":"Feature","geometry":{"type":"Polygon","coordinates":[[[127.0484,37.30894],[127.06497,37.33171],[127.03182,37.33171],[127.0484,37.30894]]]},"properties":{"row":-4,"col":17,"walk_min":38.6,"nearest_station_id":"kr_444","nearest_station_name":"Gwanggyo","nearest_station_name_ko":"광교","a":111,"c":112,"e":93,"g":112,"i":102,"k":106,"m":113,"o":116,"b":111,"d":112,"f":93,"h":112,"j":102,"l":106,"n":113,"p":116}},{"type":"Feature","geometry":{"type":"Polygon","coordinates":[[[127.03182,37.787],[127.06497,37.787],[127.0484,37.80976],[127.03182,37.787]]]},"properties":{"row":17,"col":16,"walk_min":24.2,"nearest_station_id":"kr_092","nearest_station_name":"Yangju","nearest_station_name_ko":"양주","a":89,"c":87,"e":101,"g":87,"i":109,"k":100,"m":89,"o":98,"b":89,"d":87,"f":101,"h":87,"j":109,"l":100,"n":89,"p":98}},{"type":"Feature","geometry":{"type":"Polygon","coordinates":[[[127.0484,37.80976],[127.08155,37.80976],[127.06497,37.83253],[127.0484,37.80976]]]},"properties":{"row":18,"col":18,"walk_min":21.3,"nearest_station_id":"kr_447","nearest_station_name":"Deokgye","nearest_station_name_ko":"덕계","a":94,"c":92,"e":104,"g":92,"i":109,"k":103,"m":94,"o":101,"b":94,"d":92,"f":104,"h":92,"j":109,"l":103,"n":94,"p":101}},{"type":"Feature","geometry":{"type":"Polygon","coordinates":[[[127.0484,37.80976],[127.06497,37.83253],[127.03182,37.83253],[127.0484,37.80976]]]},"properties":{"row":18,"col":17,"walk_min":16.9,"nearest_station_id":"kr_447","nearest_station_name":"Deokgye","nearest_station_name_ko":"덕계","a":91,"c":89,"e":103,"g":89,"i":109,"k":102,"m":91,"o":100,"b":91,"d":89,"f":103,"h":89,"j":109,"l":102,"n":91,"p":100}},{"type":"Feature","geometry":{"type":"Polygon","coordinates":[[[127.06497,37.787],[127.08155,37.80976],[127.0484,37.80976],[127.06497,37.787]]]},"properties":{"row":17,"col":17,"walk_min":25.2,"nearest_station_id":"kr_447","nearest_station_name":"Deokgye","nearest_station_name_ko":"덕계","a":96,"c":94,"e":108,"g":94,"i":112,"k":107,"m":96,"o":105,"b":96,"d":94,"f":108,"h":94,"j":112,"l":107,"n":96,"p":105}},{"type":"Feature","geometry":{"type":"Polygon","coordinates":[[[127.03182,37.69594],[127.0484,37.7187],[127.01524,37.7187],[127.03182,37.69594]]]},"properties":{"row":13,"col":15,"walk_min":15.2,"nearest_station_id":"kr_449","nearest_station_name":"Mangwolsa (Shinhan University)","nearest_station_name_ko":"망월사(신한대학교)","a":65,"c":63,"e":77,"g":63,"i":85,"k":77,"m":65,"o":74,"b":65,"d":63,"f":77,"h":63,"j":85,"l":77,"n":65,"p":74}},{"type":"Feature","geometry":{"type":"Polygon","coordinates":[[[126.70027,37.46829],[126.71684,37.49106],[126.68369,37.49106],[126.70027,37.46829]]]},"properties":{"row":3,"col":-5,"walk_min":10.9,"nearest_station_id":"kr_454","nearest_station_name":"Baegun","nearest_station_name_ko":"백운","a":62,"c":64,"e":71,"g":76,"i":67,"k":85,"m":86,"o":59,"b":62,"d":64,"f":71,"h":76,"j":67,"l":85,"n":86,"p":59}},{"type":"Feature","geometry":{"type":"Polygon","coordinates":[[[126.61738,37.44553],[126.65053,37.44553],[126.63396,37.46829],[126.61738,37.44553]]]},"properties":{"row":2,"col":-8,"walk_min":25.5,"nearest_station_id":"kr_457","nearest_station_name":"Dowon","nearest_station_name_ko":"도원","a":89,"c":92,"e":99,"g":104,"i":95,"k":111,"m":111,"o":86,"b":89,"d":92,"f":99,"h":104,"j":95,"l":111,"n":111,"p":86}},{"type":"Feature","geometry":{"type":"Polygon","coordinates":[[[126.6008,37.46829],[126.63396,37.46829],[126.61738,37.49106],[126.6008,37.46829]]]},"properties":{"row":3,"col":-10,"walk_min":16.6,"nearest_station_id":"kr_458","nearest_station_name":"Incheon","nearest_station_name_ko":"인천","a":84,"c":86,"e":93,"g":98,"i":89,"k":106,"m":106,"o":80,"b":84,"d":86,"f":93,"h":98,"j":89,"l":106,"n":106,"p":80}},{"type":"Feature","geometry":{"type":"Polygon","coordinates":[[[126.91578,37.35447],[126.93235,37.37724],[126.8992,37.37724],[126.91578,37.35447]]]},"properties":{"row":-2,"col":9,"walk_min":19.6,"nearest_station_id":"kr_364","nearest_station_name":"Surisan","nearest_station_name_ko":"수리산","a":67,"c":70,"e":67,"g":82,"i":56,"k":82,"m":91,"o":68,"b":67,"d":70,"f":67,"h":82,"j":56,"l":82,"n":91,"p":68}},{"type":"Feature","geometry":{"type":"Polygon","coordinates":[[[126.96551,37.33171],[126.98209,37.35447],[126.94893,37.35447],[126.96551,37.33171]]]},"properties":{"row":-3,"col":11,"walk_min":29.9,"nearest_station_id":"kr_460","nearest_station_name":"Dangjeong","nearest_station_name_ko":"당정","a":82,"c":85,"e":80,"g":97,"i":69,"k":95,"m":106,"o":83,"b":82,"d":85,"f":80,"h":97,"j":69,"l":95,"n":106,"p":83}},{"type":"Feature","geometry":{"type":"Polygon","coordinates":[[[126.99866,37.28618],[127.01524,37.30894],[126.98209,37.30894],[126.99866,37.28618]]]},"properties":{"row":-5,"col":13,"walk_min":25.2,"nearest_station_id":"kr_085","nearest_station_name":"Sungkyunkwan Univ","nearest_station_name_ko":"성균관대","a":90,"c":93,"e":87,"g":105,"i":76,"k":102,"m":112,"o":91,"b":90,"d":93,"f":87,"h":105,"j":76,"l":102,"n":112,"p":91}},{"type":"Feature","geometry":{"type":"Polygon","coordinates":[[[127.01524,37.21788],[127.03182,37.24065],[126.99866,37.24065],[127.01524,37.21788]]]},"properties":{"row":-8,"col":15,"walk_min":19.1,"nearest_station_id":"kr_462","nearest_station_name":"Seryu","nearest_station_name_ko":"세류","a":97,"c":100,"e":94,"g":110,"i":84,"k":107,"m":114,"o":98,"b":97,"d":100,"f":94,"h":110,"j":84,"l":107,"n":114,"p":98}},{"type":"Feature","geometry":{"type":"Polygon","coordinates":[[[127.0484,37.17235],[127.08155,37.17235],[127.06497,37.19512],[127.0484,37.17235]]]},"properties":{"row":-10,"col":18,"walk_min":49.3,"nearest_station_id":"kr_416","nearest_station_name":"Osan College","nearest_station_name_ko":"오산대","a":117,"c":117,"e":116,"g":119,"i":112,"k":119,"m":120,"o":117,"b":117,"d":117,"f":116,"h":119,"j":112,"l":119,"n":120,"p":117}},{"type":"Feature","geometry":{"type":"Polygon","coordinates":[[[127.06497,37.69594],[127.08155,37.7187],[127.0484,37.7187],[127.06497,37.69594]]]},"properties":{"row":13,"col":17,"walk_min":15.8,"nearest_station_id":"kr_467","nearest_station_name":"Jangam","nearest_station_name_ko":"장암","a":65,"c":63,"e":77,"g":63,"i":85,"k":77,"m":65,"o":74,"b":65,"d":63,"f":77,"h":63,"j":85,"l":77,"n":65,"p":74}},{"type":"Feature","geometry":{"type":"Polygon","coordinates":[[[127.09813,37.60488],[127.13129,37.60488],[127.11471,37.62765],[127.09813,37.60488]]]},"properties":{"row":9,"col":20,"walk_min":19.7,"nearest_station_id":"kr_468","nearest_station_name":"Sinnae","nearest_station_name_ko":"신내","a":64,"c":63,"e":65,"g":54,"i":75,"k":68,"m":64,"o":74,"b":64,"d":63,"f":65,"h":54,"j":75,"l":68,"n":64,"p":74}},{"type":"Feature","geometry":{"type":"Polygon","coordinates":[[[127.18102,37.7187],[127.21417,37.7187],[127.1976,37.74147],[127.18102,37.7187]]]},"properties":{"row":14,"col":26,"walk_min":15.4,"nearest_station_id":"kr_470","nearest_station_name":"Jinjeop","nearest_station_name_ko":"진접","a":83,"c":81,"e":95,"g":81,"i":102,"k":101,"m":91,"o":93,"b":83,"d":81,"f":95,"h":81,"j":102,"l":101,"n":91,"p":93}},{"type":"Feature","geometry":{"type":"Polygon","coordinates":[[[127.21417,37.7187],[127.23075,37.74147],[127.1976,37.74147],[127.21417,37.7187]]]},"properties":{"row":14,"col":27,"walk_min":20.6,"nearest_station_id":"kr_470","nearest_station_name":"Jinjeop","nearest_station_name_ko":"진접","a":89,"c":87,"e":100,"g":87,"i":107,"k":106,"m":96,"o":98,"b":89,"d":87,"f":100,"h":87,"j":107,"l":106,"n":96,"p":98}},{"type":"Feature","geometry":{"type":"Polygon","coordinates":[[[127.21417,37.7187],[127.24733,37.7187],[127.23075,37.74147],[127.21417,37.7187]]]},"properties":{"row":14,"col":28,"walk_min":36.1,"nearest_station_id":"kr_470","nearest_station_name":"Jinjeop","nearest_station_name_ko":"진접","a":104,"c":102,"e":116,"g":102,"i":118,"k":118,"m":112,"o":114,"b":104,"d":102,"f":116,"h":102,"j":118,"l":118,"n":112,"p":114}},{"type":"Feature","geometry":{"type":"Polygon","coordinates":[[[126.70027,37.51382],[126.73342,37.51382],[126.71684,37.53659],[126.70027,37.51382]]]},"properties":{"row":5,"col":-4,"walk_min":16.0,"nearest_station_id":"kr_258","nearest_station_name":"Sangok","nearest_station_name_ko":"산곡","a":70,"c":73,"e":80,"g":85,"i":76,"k":93,"m":94,"o":67,"b":70,"d":73,"f":80,"h":85,"j":76,"l":93,"n":94,"p":67}},{"type":"Feature","geometry":{"type":"Polygon","coordinates":[[[126.70027,37.51382],[126.71684,37.53659],[126.68369,37.53659],[126.70027,37.51382]]]},"properties":{"row":5,"col":-5,"walk_min":32.7,"nearest_station_id":"kr_258","nearest_station_name":"Sangok","nearest_station_name_ko":"산곡","a":89,"c":92,"e":99,"g":104,"i":95,"k":111,"m":111,"o":86,"b":89,"d":92,"f":99,"h":104,"j":95,"l":111,"n":111,"p":86}},{"type":"Feature","geometry":{"type":"Polygon","coordinates":[[[126.81631,37.58212],[126.83289,37.60488],[126.79973,37.60488],[126.81631,37.58212]]]},"properties":{"row":8,"col":3,"walk_min":39.1,"nearest_station_id":"kr_441","nearest_station_name":"방화","nearest_station_name_ko":"방화","a":84,"c":82,"e":90,"g":95,"i":86,"k":102,"m":103,"o":71,"b":84,"d":82,"f":90,"h":95,"j":86,"l":102,"n":103,"p":71}},{"type":"Feature","geometry":{"type":"Polygon","coordinates":[[[127.13129,37.65041],[127.14786,37.67317],[127.11471,37.67317],[127.13129,37.65041]]]},"properties":{"row":11,"col":21,"walk_min":20.8,"nearest_station_id":"kr_310","nearest_station_name":"Byeollaebyeolgaram","nearest_station_name_ko":"별내별가람","a":76,"c":74,"e":78,"g":68,"i":88,"k":80,"m":77,"o":85,"b":76,"d":74,"f":78,"h":68,"j":88,"l":80,"n":77,"p":85}},{"type":"Feature","geometry":{"type":"Polygon","coordinates":[[[127.11471,37.67317],[127.14786,37.67317],[127.13129,37.69594],[127.11471,37.67317]]]},"properties":{"row":12,"col":22,"walk_min":35.5,"nearest_station_id":"kr_310","nearest_station_name":"Byeollaebyeolgaram","nearest_station_name_ko":"별내별가람","a":85,"c":83,"e":95,"g":83,"i":102,"k":101,"m":91,"o":93,"b":85,"d":83,"f":95,"h":83,"j":102,"l":101,"n":91,"p":93}},{"type":"Feature","geometry":{"type":"Polygon","coordinates":[[[126.98209,37.26341],[126.99866,37.28618],[126.96551,37.28618],[126.98209,37.26341]]]},"properties":{"row":-6,"col":13,"walk_min":13.5,"nearest_station_id":"kr_461","nearest_station_name":"Hwaseo","nearest_station_name_ko":"화서","a":82,"c":85,"e":79,"g":96,"i":68,"k":94,"m":105,"o":83,"b":82,"d":85,"f":79,"h":96,"j":68,"l":94,"n":105,"p":83}},{"type":"Feature","geometry":{"type":"Polygon","coordinates":[[[126.75,37.62765],[126.78316,37.62765],[126.76658,37.65041],[126.75,37.62765]]]},"properties":{"row":10,"col":0,"walk_min":20.5,"nearest_station_id":"kr_261","nearest_station_name":"Madu","nearest_station_name_ko":"마두","a":84,"c":81,"e":101,"g":87,"i":104,"k":108,"m":97,"o":92,"b":84,"d":81,"f":101,"h":87,"j":104,"l":108,"n":97,"p":92}},{"type":"Feature","geometry":{"type":"Polygon","coordinates":[[[127.0484,37.7187],[127.08155,37.7187],[127.06497,37.74147],[127.0484,37.7187]]]},"properties":{"row":14,"col":18,"walk_min":19.5,"nearest_station_id":"kr_062","nearest_station_name":"Hoeryong","nearest_station_name_ko":"회룡","a":73,"c":71,"e":85,"g":71,"i":93,"k":84,"m":73,"o":82,"b":73,"d":71,"f":85,"h":71,"j":93,"l":84,"n":73,"p":82}},{"type":"Feature","geometry":{"type":"Polygon","coordinates":[[[127.18102,37.7187],[127.1976,37.74147],[127.16444,37.74147],[127.18102,37.7187]]]},"properties":{"row":14,"col":25,"walk_min":41.1,"nearest_station_id":"kr_470","nearest_station_name":"Jinjeop","nearest_station_name_ko":"진접","a":104,"c":103,"e":112,"g":103,"i":116,"k":116,"m":109,"o":111,"b":104,"d":103,"f":112,"h":103,"j":116,"l":116,"n":109,"p":111}},{"type":"Feature","geometry":{"type":"Polygon","coordinates":[[[127.18102,37.4],[127.1976,37.42276],[127.16444,37.42276],[127.18102,37.4]]]},"properties":{"row":0,"col":25,"walk_min":37.5,"nearest_station_id":"kr_236","nearest_station_name":"Samdong","nearest_station_name_ko":"삼동","a":105,"c":107,"e":81,"g":105,"i":91,"k":96,"m":107,"o":111,"b":105,"d":107,"f":81,"h":105,"j":91,"l":96,"n":107,"p":111}},{"type":"Feature","geometry":{"type":"Polygon","coordinates":[[[127.16444,37.60488],[127.18102,37.62765],[127.14786,37.62765],[127.16444,37.60488]]]},"properties":{"row":9,"col":23,"walk_min":18.1,"nearest_station_id":"kr_352","nearest_station_name":"Dasan","nearest_station_name_ko":"다산","a":74,"c":73,"e":66,"g":59,"i":77,"k":61,"m":68,"o":84,"b":74,"d":73,"f":66,"h":59,"j":77,"l":61,"n":68,"p":84}},{"type":"Feature","geometry":{"type":"Polygon","coordinates":[[[126.78316,37.53659],[126.81631,37.53659],[126.79973,37.55935],[126.78316,37.53659]]]},"properties":{"row":6,"col":2,"walk_min":32.1,"nearest_station_id":"kr_189","nearest_station_name":"Gimpo Int'l Airport","nearest_station_name_ko":"김포공항","a":71,"c":70,"e":78,"g":84,"i":74,"k":91,"m":93,"o":59,"b":71,"d":70,"f":78,"h":84,"j":74,"l":91,"n":93,"p":59}},{"type":"Feature","geometry":{"type":"Polygon","coordinates":[[[126.78316,37.53659],[126.79973,37.55935],[126.76658,37.55935],[126.78316,37.53659]]]},"properties":{"row":6,"col":1,"walk_min":57.5,"nearest_station_id":"kr_189","nearest_station_name":"Gimpo Int'l Airport","nearest_station_name_ko":"김포공항","a":97,"c":95,"e":103,"g":109,"i":99,"k":112,"m":113,"o":84,"b":97,"d":95,"f":103,"h":109,"j":99,"l":112,"n":113,"p":84}},{"type":"Feature","geometry":{"type":"Polygon","coordinates":[[[126.94893,37.30894],[126.98209,37.30894],[126.96551,37.33171],[126.94893,37.30894]]]},"properties":{"row":-4,"col":12,"walk_min":19.1,"nearest_station_id":"kr_032","nearest_station_name":"Uiwang","nearest_station_name_ko":"의왕","a":79,"c":82,"e":76,"g":93,"i":65,"k":91,"m":102,"o":80,"b":79,"d":82,"f":76,"h":93,"j":65,"l":91,"n":102,"p":80}},{"type":"Feature","geometry":{"type":"Polygon","coordinates":[[[126.75,37.30894],[126.78316,37.30894],[126.76658,37.33171],[126.75,37.30894]]]},"properties":{"row":-4,"col":0,"walk_min":33.8,"nearest_station_id":"kr_263","nearest_station_name":"Ansan","nearest_station_name_ko":"안산","a":114,"c":115,"e":112,"g":119,"i":102,"k":118,"m":119,"o":114,"b":114,"d":115,"f":112,"h":119,"j":102,"l":118,"n":119,"p":114}},{"type":"Feature","geometry":{"type":"Polygon","coordinates":[[[126.91578,37.44553],[126.93235,37.46829],[126.8992,37.46829],[126.91578,37.44553]]]},"properties":{"row":2,"col":9,"walk_min":20.3,"nearest_station_id":"kr_008","nearest_station_name":"Geumcheon-gu Office","nearest_station_name_ko":"금천구청","a":48,"c":51,"e":56,"g":63,"i":52,"k":70,"m":71,"o":48,"b":48,"d":51,"f":56,"h":63,"j":52,"l":70,"n":71,"p":48}},{"type":"Feature","geometry":{"type":"Polygon","coordinates":[[[126.98209,37.58212],[126.99866,37.60488],[126.96551,37.60488],[126.98209,37.58212]]]},"properties":{"row":8,"col":13,"walk_min":25.8,"nearest_station_id":"kr_061","nearest_station_name":"Hansung Univ. (Samseongyo)","nearest_station_name_ko":"한성대입구(삼선교)","a":40,"c":37,"e":55,"g":41,"i":60,"k":61,"m":50,"o":49,"b":40,"d":37,"f":55,"h":41,"j":60,"l":61,"n":50,"p":49}},{"type":"Feature","geometry":{"type":"Polygon","coordinates":[[[126.86604,37.28618],[126.8992,37.28618],[126.88262,37.30894],[126.86604,37.28618]]]},"properties":{"row":-5,"col":6,"walk_min":24.7,"nearest_station_id":"kr_114","nearest_station_name":"Sangnoksu","nearest_station_name_ko":"상록수","a":90,"c":92,"e":87,"g":104,"i":76,"k":102,"m":113,"o":90,"b":90,"d":92,"f":87,"h":104,"j":76,"l":102,"n":113,"p":90}},{"type":"Feature","geometry":{"type":"Polygon","coordinates":[[[127.09813,37.28618],[127.11471,37.30894],[127.08155,37.30894],[127.09813,37.28618]]]},"properties":{"row":-5,"col":19,"walk_min":28.4,"nearest_station_id":"kr_266","nearest_station_name":"Seongbok","nearest_station_name_ko":"성복","a":100,"c":102,"e":77,"g":101,"i":87,"k":92,"m":103,"o":107,"b":100,"d":102,"f":77,"h":101,"j":87,"l":92,"n":103,"p":107}},{"type":"Feature","geometry":{"type":"Polygon","coordinates":[[[126.73342,37.51382],[126.75,37.53659],[126.71684,37.53659],[126.73342,37.51382]]]},"properties":{"row":5,"col":-3,"walk_min":26.8,"nearest_station_id":"kr_287","nearest_station_name":"Bupyeong-gu Office","nearest_station_name_ko":"부평구청","a":78,"c":80,"e":87,"g":92,"i":83,"k":101,"m":101,"o":74,"b":78,"d":80,"f":87,"h":92,"j":83,"l":101,"n":101,"p":74}},{"type":"Feature","geometry":{"type":"Polygon","coordinates":[[[127.06497,37.19512],[127.08155,37.21788],[127.0484,37.21788],[127.06497,37.19512]]]},"properties":{"row":-9,"col":17,"walk_min":30.5,"nearest_station_id":"kr_466","nearest_station_name":"Seodongtan","nearest_station_name_ko":"서동탄","a":114,"c":115,"e":112,"g":119,"i":103,"k":118,"m":120,"o":114,"b":114,"d":115,"f":112,"h":119,"j":103,"l":118,"n":120,"p":114}},{"type":"Feature","geometry":{"type":"Polygon","coordinates":[[[126.79973,37.51382],[126.83289,37.51382],[126.81631,37.53659],[126.79973,37.51382]]]},"properties":{"row":5,"col":2,"walk_min":17.8,"nearest_station_id":"kr_177","nearest_station_name":"까치울","nearest_station_name_ko":"까치울","a":50,"c":52,"e":59,"g":64,"i":55,"k":72,"m":73,"o":46,"b":50,"d":52,"f":59,"h":64,"j":55,"l":72,"n":73,"p":46}},{"type":"Feature","geometry":{"type":"Polygon","coordinates":[[[126.86604,37.55935],[126.88262,37.58212],[126.84947,37.58212],[126.86604,37.55935]]]},"properties":{"row":7,"col":5,"walk_min":37.0,"nearest_station_id":"kr_102","nearest_station_name":"Gayang","nearest_station_name_ko":"가양","a":68,"c":66,"e":74,"g":79,"i":70,"k":87,"m":88,"o":58,"b":68,"d":66,"f":74,"h":79,"j":70,"l":87,"n":88,"p":58}},{"type":"Feature","geometry":{"type":"Polygon","coordinates":[[[126.61738,37.44553],[126.63396,37.46829],[126.6008,37.46829],[126.61738,37.44553]]]},"properties":{"row":2,"col":-9,"walk_min":29.6,"nearest_station_id":"kr_330","nearest_station_name":"Dongincheon","nearest_station_name_ko":"동인천","a":94,"c":96,"e":103,"g":107,"i":99,"k":113,"m":113,"o":91,"b":94,"d":96,"f":103,"h":107,"j":99,"l":113,"n":113,"p":91}},{"type":"Feature","geometry":{"type":"Polygon","coordinates":[[[126.75,37.62765],[126.76658,37.65041],[126.73342,37.65041],[126.75,37.62765]]]},"properties":{"row":10,"col":-1,"walk_min":52.0,"nearest_station_id":"kr_261","nearest_station_name":"Madu","nearest_station_name_ko":"마두","a":103,"c":101,"e":112,"g":105,"i":114,"k":116,"m":110,"o":108,"b":103,"d":101,"f":112,"h":105,"j":114,"l":116,"n":110,"p":108}},{"type":"Feature","geometry":{"type":"Polygon","coordinates":[[[126.68369,37.49106],[126.70027,37.51382],[126.66711,37.51382],[126.68369,37.49106]]]},"properties":{"row":4,"col":-5,"walk_min":25.3,"nearest_station_id":"kr_258","nearest_station_name":"Sangok","nearest_station_name_ko":"산곡","a":81,"c":84,"e":91,"g":96,"i":87,"k":104,"m":105,"o":78,"b":81,"d":84,"f":91,"h":96,"j":87,"l":104,"n":105,"p":78}},{"type":"Feature","geometry":{"type":"Polygon","coordinates":[[[126.66711,37.51382],[126.70027,37.51382],[126.68369,37.53659],[126.66711,37.51382]]]},"properties":{"row":5,"col":-6,"walk_min":30.7,"nearest_station_id":"kr_258","nearest_station_name":"Sangok","nearest_station_name_ko":"산곡","a":87,"c":90,"e":97,"g":101,"i":93,"k":108,"m":109,"o":84,"b":87,"d":90,"f":97,"h":101,"j":93,"l":108,"n":109,"p":84}},{"type":"Feature","geometry":{"type":"Polygon","coordinates":[[[127.0484,37.76423],[127.08155,37.76423],[127.06497,37.787],[127.0484,37.76423]]]},"properties":{"row":16,"col":18,"walk_min":24.7,"nearest_station_id":"kr_092","nearest_station_name":"Yangju","nearest_station_name_ko":"양주","a":87,"c":85,"e":99,"g":85,"i":107,"k":98,"m":87,"o":96,"b":87,"d":85,"f":99,"h":85,"j":107,"l":98,"n":87,"p":96}},{"type":"Feature","geometry":{"type":"Polygon","coordinates":[[[126.79973,37.65041],[126.83289,37.65041],[126.81631,37.67317],[126.79973,37.65041]]]},"properties":{"row":11,"col":2,"walk_min":30.1,"nearest_station_id":"kr_145","nearest_station_name":"Wondang","nearest_station_name_ko":"원당","a":77,"c":75,"e":94,"g":81,"i":97,"k":101,"m":90,"o":86,"b":77,"d":75,"f":94,"h":81,"j":97,"l":101,"n":90,"p":86}},{"type":"Feature","geometry":{"type":"Polygon","coordinates":[[[126.83289,37.65041],[126.84947,37.67317],[126.81631,37.67317],[126.83289,37.65041]]]},"properties":{"row":11,"col":3,"walk_min":20.8,"nearest_station_id":"kr_145","nearest_station_name":"Wondang","nearest_station_name_ko":"원당","a":68,"c":66,"e":85,"g":72,"i":88,"k":92,"m":81,"o":77,"b":68,"d":66,"f":85,"h":72,"j":88,"l":92,"n":81,"p":77}},{"type":"Feature","geometry":{"type":"Polygon","coordinates":[[[126.98209,37.21788],[127.01524,37.21788],[126.99866,37.24065],[126.98209,37.21788]]]},"properties":{"row":-8,"col":14,"walk_min":59.4,"nearest_station_id":"kr_462","nearest_station_name":"Seryu","nearest_station_name_ko":"세류","a":118,"c":118,"e":117,"g":119,"i":113,"k":119,"m":120,"o":118,"b":118,"d":118,"f":117,"h":119,"j":113,"l":119,"n":120,"p":118}},{"type":"Feature","geometry":{"type":"Polygon","coordinates":[[[126.98209,37.21788],[126.99866,37.24065],[126.96551,37.24065],[126.98209,37.21788]]]},"properties":{"row":-8,"col":13,"walk_min":65.9,"nearest_station_id":"kr_462","nearest_station_name":"Seryu","nearest_station_name_ko":"세류","a":119,"c":119,"e":118,"g":120,"i":116,"k":119,"m":120,"o":119,"b":119,"d":119,"f":118,"h":120,"j":116,"l":119,"n":120,"p":119}},{"type":"Feature","geometry":{"type":"Polygon","coordinates":[[[126.73342,37.51382],[126.76658,37.51382],[126.75,37.53659],[126.73342,37.51382]]]},"properties":{"row":5,"col":-2,"walk_min":16.6,"nearest_station_id":"kr_315","nearest_station_name":"삼산체육관","nearest_station_name_ko":"삼산체육관","a":64,"c":66,"e":73,"g":78,"i":69,"k":87,"m":87,"o":60,"b":64,"d":66,"f":73,"h":78,"j":69,"l":87,"n":87,"p":60}},{"type":"Feature","geometry":{"type":"Polygon","coordinates":[[[126.96551,37.37724],[126.99866,37.37724],[126.98209,37.4],[126.96551,37.37724]]]},"properties":{"row":-1,"col":12,"walk_min":24.2,"nearest_station_id":"kr_325","nearest_station_name":"Indeogwon","nearest_station_name_ko":"인덕원","a":67,"c":70,"e":58,"g":80,"i":47,"k":73,"m":84,"o":75,"b":67,"d":70,"f":58,"h":80,"j":47,"l":73,"n":84,"p":75}},{"type":"Feature","geometry":{"type":"Polygon","coordinates":[[[126.98209,37.4],[126.99866,37.42276],[126.96551,37.42276],[126.98209,37.4]]]},"properties":{"row":0,"col":13,"walk_min":21.6,"nearest_station_id":"kr_367","nearest_station_name":"Government Complex Gwacheon","nearest_station_name_ko":"정부과천청사","a":60,"c":63,"e":51,"g":73,"i":40,"k":66,"m":77,"o":68,"b":60,"d":63,"f":51,"h":73,"j":40,"l":66,"n":77,"p":68}},{"type":"Feature","geometry":{"type":"Polygon","coordinates":[[[126.99866,37.37724],[127.01524,37.4],[126.98209,37.4],[126.99866,37.37724]]]},"properties":{"row":-1,"col":13,"walk_min":38.8,"nearest_station_id":"kr_325","nearest_station_name":"Indeogwon","nearest_station_name_ko":"인덕원","a":81,"c":84,"e":72,"g":94,"i":61,"k":87,"m":98,"o":89,"b":81,"d":84,"f":72,"h":94,"j":61,"l":87,"n":98,"p":89}},{"type":"Feature","geometry":{"type":"Polygon","coordinates":[[[126.98209,37.4],[127.01524,37.4],[126.99866,37.42276],[126.98209,37.4]]]},"properties":{"row":0,"col":14,"walk_min":31.0,"nearest_station_id":"kr_367","nearest_station_name":"Government Complex Gwacheon","nearest_station_name_ko":"정부과천청사","a":69,"c":72,"e":60,"g":83,"i":49,"k":75,"m":86,"o":77,"b":69,"d":72,"f":60,"h":83,"j":49,"l":75,"n":86,"p":77}},{"type":"Feature","geometry":{"type":"Polygon","coordinates":[[[126.84947,37.44553],[126.86604,37.46829],[126.83289,37.46829],[126.84947,37.44553]]]},"properties":{"row":2,"col":5,"walk_min":23.3,"nearest_station_id":"kr_220","nearest_station_name":"광명사거리","nearest_station_name_ko":"광명사거리","a":61,"c":64,"e":66,"g":75,"i":66,"k":79,"m":85,"o":58,"b":61,"d":64,"f":66,"h":75,"j":66,"l":79,"n":85,"p":58}},{"type":"Feature","geometry":{"type":"Polygon","coordinates":[[[126.84947,37.44553],[126.88262,37.44553],[126.86604,37.46829],[126.84947,37.44553]]]},"properties":{"row":2,"col":6,"walk_min":26.7,"nearest_station_id":"kr_008","nearest_station_name":"Geumcheon-gu Office","nearest_station_name_ko":"금천구청","a":58,"c":61,"e":64,"g":72,"i":63,"k":77,"m":82,"o":57,"b":58,"d":61,"f":64,"h":72,"j":63,"l":77,"n":82,"p":57}},{"type":"Feature","geometry":{"type":"Polygon","coordinates":[[[127.11471,37.30894],[127.13129,37.33171],[127.09813,37.33171],[127.11471,37.30894]]]},"properties":{"row":-4,"col":21,"walk_min":25.5,"nearest_station_id":"kr_233","nearest_station_name":"Suji-gu Office","nearest_station_name_ko":"수지구청","a":92,"c":94,"e":68,"g":92,"i":79,"k":83,"m":94,"o":100,"b":92,"d":94,"f":68,"h":92,"j":79,"l":83,"n":94,"p":100}},{"type":"Feature","geometry":{"type":"Polygon","coordinates":[[[126.76658,37.51382],[126.78316,37.53659],[126.75,37.53659],[126.76658,37.51382]]]},"properties":{"row":5,"col":-1,"walk_min":31.5,"nearest_station_id":"kr_292","nearest_station_name":"상동","nearest_station_name_ko":"상동","a":75,"c":78,"e":85,"g":90,"i":81,"k":98,"m":99,"o":72,"b":75,"d":78,"f":85,"h":90,"j":81,"l":98,"n":99,"p":72}},{"type":"Feature","geometry":{"type":"Polygon","coordinates":[[[126.88262,37.35447],[126.91578,37.35447],[126.8992,37.37724],[126.88262,37.35447]]]},"properties":{"row":-2,"col":8,"walk_min":46.9,"nearest_station_id":"kr_364","nearest_station_name":"Surisan","nearest_station_name_ko":"수리산","a":98,"c":100,"e":96,"g":110,"i":85,"k":108,"m":117,"o":99,"b":98,"d":100,"f":96,"h":110,"j":85,"l":108,"n":117,"p":99}},{"type":"Feature","geometry":{"type":"Polygon","coordinates":[[[127.11471,37.58212],[127.13129,37.60488],[127.09813,37.60488],[127.11471,37.58212]]]},"properties":{"row":8,"col":21,"walk_min":17.2,"nearest_station_id":"kr_468","nearest_station_name":"Sinnae","nearest_station_name_ko":"신내","a":59,"c":58,"e":60,"g":48,"i":69,"k":62,"m":58,"o":69,"b":59,"d":58,"f":60,"h":48,"j":69,"l":62,"n":58,"p":69}},{"type":"Feature","geometry":{"type":"Polygon","coordinates":[[[126.71684,37.35447],[126.73342,37.37724],[126.70027,37.37724],[126.71684,37.35447]]]},"properties":{"row":-2,"col":-3,"walk_min":48.0,"nearest_station_id":"kr_428","nearest_station_name":"Oido","nearest_station_name_ko":"오이도","a":117,"c":117,"e":116,"g":120,"i":111,"k":119,"m":120,"o":117,"b":117,"d":117,"f":116,"h":120,"j":111,"l":119,"n":120,"p":117}},{"type":"Feature","geometry":{"type":"Polygon","coordinates":[[[126.94893,37.44553],[126.98209,37.44553],[126.96551,37.46829],[126.94893,37.44553]]]},"properties":{"row":2,"col":12,"walk_min":30.9,"nearest_station_id":"kr_247","nearest_station_name":"Namtaeryeong","nearest_station_name_ko":"남태령","a":54,"c":57,"e":45,"g":68,"i":34,"k":60,"m":71,"o":63,"b":54,"d":57,"f":45,"h":68,"j":34,"l":60,"n":71,"p":63}},{"type":"Feature","geometry":{"type":"Polygon","coordinates":[[[127.06497,37.74147],[127.08155,37.76423],[127.0484,37.76423],[127.06497,37.74147]]]},"properties":{"row":15,"col":17,"walk_min":24.7,"nearest_station_id":"kr_421","nearest_station_name":"Nogyang","nearest_station_name_ko":"녹양","a":85,"c":83,"e":97,"g":83,"i":105,"k":96,"m":85,"o":94,"b":85,"d":83,"f":97,"h":83,"j":105,"l":96,"n":85,"p":94}},{"type":"Feature","geometry":{"type":"Polygon","coordinates":[[[126.76658,37.51382],[126.79973,37.51382],[126.78316,37.53659],[126.76658,37.51382]]]},"properties":{"row":5,"col":0,"walk_min":22.2,"nearest_station_id":"kr_222","nearest_station_name":"춘의","nearest_station_name_ko":"춘의","a":62,"c":65,"e":72,"g":77,"i":68,"k":85,"m":86,"o":59,"b":62,"d":65,"f":72,"h":77,"j":68,"l":85,"n":86,"p":59}},{"type":"Feature","geometry":{"type":"Polygon","coordinates":[[[126.79973,37.51382],[126.81631,37.53659],[126.78316,37.53659],[126.79973,37.51382]]]},"properties":{"row":5,"col":1,"walk_min":31.7,"nearest_station_id":"kr_189","nearest_station_name":"Gimpo Int'l Airport","nearest_station_name_ko":"김포공항","a":69,"c":69,"e":77,"g":82,"i":73,"k":90,"m":91,"o":61,"b":69,"d":69,"f":77,"h":82,"j":73,"l":90,"n":91,"p":61}},{"type":"Feature","geometry":{"type":"Polygon","coordinates":[[[126.79973,37.28618],[126.81631,37.30894],[126.78316,37.30894],[126.79973,37.28618]]]},"properties":{"row":-5,"col":1,"walk_min":36.8,"nearest_station_id":"kr_230","nearest_station_name":"Choji","nearest_station_name_ko":"초지","a":109,"c":110,"e":107,"g":115,"i":99,"k":114,"m":119,"o":109,"b":109,"d":110,"f":107,"h":115,"j":99,"l":114,"n":119,"p":109}},{"type":"Feature","geometry":{"type":"Polygon","coordinates":[[[126.79973,37.28618],[126.83289,37.28618],[126.81631,37.30894],[126.79973,37.28618]]]},"properties":{"row":-5,"col":2,"walk_min":40.7,"nearest_station_id":"kr_426","nearest_station_name":"Gojan","nearest_station_name_ko":"고잔","a":112,"c":113,"e":111,"g":117,"i":101,"k":117,"m":119,"o":112,"b":112,"d":113,"f":111,"h":117,"j":101,"l":117,"n":119,"p":112}},{"type":"Feature","geometry":{"type":"Polygon","coordinates":[[[127.1976,37.69594],[127.23075,37.69594],[127.21417,37.7187],[127.1976,37.69594]]]},"properties":{"row":13,"col":26,"walk_min":24.6,"nearest_station_id":"kr_470","nearest_station_name":"Jinjeop","nearest_station_name_ko":"진접","a":91,"c":89,"e":102,"g":89,"i":109,"k":108,"m":98,"o":100,"b":91,"d":89,"f":102,"h":89,"j":109,"l":108,"n":98,"p":100}},{"type":"Feature","geometry":{"type":"Polygon","coordinates":[[[126.8992,37.28618],[126.93235,37.28618],[126.91578,37.30894],[126.8992,37.28618]]]},"properties":{"row":-5,"col":8,"walk_min":59.7,"nearest_station_id":"kr_415","nearest_station_name":"Banwol","nearest_station_name_ko":"반월","a":111,"c":112,"e":110,"g":116,"i":106,"k":116,"m":119,"o":111,"b":111,"d":112,"f":110,"h":116,"j":106,"l":116,"n":119,"p":111}},{"type":"Feature","geometry":{"type":"Polygon","coordinates":[[[126.91578,37.30894],[126.94893,37.30894],[126.93235,37.33171],[126.91578,37.30894]]]},"properties":{"row":-4,"col":10,"walk_min":27.2,"nearest_station_id":"kr_032","nearest_station_name":"Uiwang","nearest_station_name_ko":"의왕","a":85,"c":88,"e":82,"g":99,"i":71,"k":97,"m":108,"o":86,"b":85,"d":88,"f":82,"h":99,"j":71,"l":97,"n":108,"p":86}},{"type":"Feature","geometry":{"type":"Polygon","coordinates":[[[126.93235,37.28618],[126.94893,37.30894],[126.91578,37.30894],[126.93235,37.28618]]]},"properties":{"row":-5,"col":9,"walk_min":37.9,"nearest_station_id":"kr_086","nearest_station_name":"Sungkyunkwan University","nearest_station_name_ko":"성균관대","a":99,"c":101,"e":96,"g":113,"i":85,"k":111,"m":117,"o":99,"b":99,"d":101,"f":96,"h":113,"j":85,"l":111,"n":117,"p":99}},{"type":"Feature","geometry":{"type":"Polygon","coordinates":[[[127.16444,37.46829],[127.18102,37.49106],[127.14786,37.49106],[127.16444,37.46829]]]},"properties":{"row":3,"col":23,"walk_min":22.6,"nearest_station_id":"kr_440","nearest_station_name":"Macheon","nearest_station_name_ko":"마천","a":74,"c":73,"e":53,"g":60,"i":63,"k":48,"m":59,"o":83,"b":74,"d":73,"f":53,"h":60,"j":63,"l":48,"n":59,"p":83}},{"type":"Feature","geometry":{"type":"Polygon","coordinates":[[[127.03182,37.42276],[127.0484,37.44553],[127.01524,37.44553],[127.03182,37.42276]]]},"properties":{"row":1,"col":15,"walk_min":22.9,"nearest_station_id":"kr_040","nearest_station_name":"Cheonggyesan","nearest_station_name_ko":"청계산입구","a":57,"c":59,"e":38,"g":62,"i":41,"k":54,"m":65,"o":66,"b":57,"d":59,"f":38,"h":62,"j":41,"l":54,"n":65,"p":66}},{"type":"Feature","geometry":{"type":"Polygon","coordinates":[[[127.16444,37.55935],[127.18102,37.58212],[127.14786,37.58212],[127.16444,37.55935]]]},"properties":{"row":7,"col":23,"walk_min":21.1,"nearest_station_id":"kr_171","nearest_station_name":"Sangil-dong","nearest_station_name_ko":"상일동","a":68,"c":67,"e":59,"g":54,"i":70,"k":54,"m":63,"o":78,"b":68,"d":67,"f":59,"h":54,"j":70,"l":54,"n":63,"p":78}},{"type":"Feature","geometry":{"type":"Polygon","coordinates":[[[126.99866,37.65041],[127.03182,37.65041],[127.01524,37.67317],[126.99866,37.65041]]]},"properties":{"row":11,"col":14,"walk_min":23.4,"nearest_station_id":"kr_125","nearest_station_name":"Ssangmun","nearest_station_name_ko":"쌍문","a":55,"c":53,"e":67,"g":53,"i":75,"k":73,"m":62,"o":64,"b":55,"d":53,"f":67,"h":53,"j":75,"l":73,"n":62,"p":64}},{"type":"Feature","geometry":{"type":"Polygon","coordinates":[[[126.84947,37.62765],[126.88262,37.62765],[126.86604,37.65041],[126.84947,37.62765]]]},"properties":{"row":10,"col":6,"walk_min":18.2,"nearest_station_id":"kr_126","nearest_station_name":"Wonheung","nearest_station_name_ko":"원흥","a":61,"c":58,"e":78,"g":65,"i":81,"k":85,"m":74,"o":70,"b":61,"d":58,"f":78,"h":65,"j":81,"l":85,"n":74,"p":70}},{"type":"Feature","geometry":{"type":"Polygon","coordinates":[[[126.94893,37.44553],[126.96551,37.46829],[126.93235,37.46829],[126.94893,37.44553]]]},"properties":{"row":2,"col":11,"walk_min":23.7,"nearest_station_id":"kr_319","nearest_station_name":"Nakseongdae","nearest_station_name_ko":"낙성대","a":48,"c":51,"e":39,"g":62,"i":28,"k":54,"m":65,"o":55,"b":48,"d":51,"f":39,"h":62,"j":28,"l":54,"n":65,"p":55}},{"type":"Feature","geometry":{"type":"Polygon","coordinates":[[[126.79973,37.60488],[126.83289,37.60488],[126.81631,37.62765],[126.79973,37.60488]]]},"properties":{"row":9,"col":2,"walk_min":34.1,"nearest_station_id":"kr_198","nearest_station_name":"Daegok","nearest_station_name_ko":"대곡","a":85,"c":83,"e":98,"g":92,"i":98,"k":107,"m":101,"o":85,"b":85,"d":83,"f":98,"h":92,"j":98,"l":107,"n":101,"p":85}},{"type":"Feature","geometry":{"type":"Polygon","coordinates":[[[126.83289,37.60488],[126.84947,37.62765],[126.81631,37.62765],[126.83289,37.60488]]]},"properties":{"row":9,"col":3,"walk_min":20.0,"nearest_station_id":"kr_167","nearest_station_name":"Hwajeong","nearest_station_name_ko":"화정","a":72,"c":69,"e":88,"g":76,"i":90,"k":95,"m":85,"o":79,"b":72,"d":69,"f":88,"h":76,"j":90,"l":95,"n":85,"p":79}},{"type":"Feature","geometry":{"type":"Polygon","coordinates":[[[126.79973,37.65041],[126.81631,37.67317],[126.78316,37.67317],[126.79973,37.65041]]]},"properties":{"row":11,"col":1,"walk_min":25.5,"nearest_station_id":"kr_228","nearest_station_name":"Baekseok","nearest_station_name_ko":"백석","a":85,"c":82,"e":102,"g":89,"i":105,"k":108,"m":98,"o":94,"b":85,"d":82,"f":102,"h":89,"j":105,"l":108,"n":98,"p":94}},{"type":"Feature","geometry":{"type":"Polygon","coordinates":[[[127.01524,37.26341],[127.0484,37.26341],[127.03182,37.28618],[127.01524,37.26341]]]},"properties":{"row":-6,"col":16,"walk_min":35.6,"nearest_station_id":"kr_462","nearest_station_name":"Seryu","nearest_station_name_ko":"세류","a":111,"c":113,"e":102,"g":118,"i":99,"k":115,"m":119,"o":111,"b":111,"d":113,"f":102,"h":118,"j":99,"l":115,"n":119,"p":111}},{"type":"Feature","geometry":{"type":"Polygon","coordinates":[[[127.03182,37.24065],[127.0484,37.26341],[127.01524,37.26341],[127.03182,37.24065]]]},"properties":{"row":-7,"col":15,"walk_min":29.9,"nearest_station_id":"kr_462","nearest_station_name":"Seryu","nearest_station_name_ko":"세류","a":107,"c":110,"e":104,"g":116,"i":93,"k":115,"m":119,"o":108,"b":107,"d":110,"f":104,"h":116,"j":93,"l":115,"n":119,"p":108}},{"type":"Feature","geometry":{"type":"Polygon","coordinates":[[[126.86604,37.42276],[126.88262,37.44553],[126.84947,37.44553],[126.86604,37.42276]]]},"properties":{"row":1,"col":5,"walk_min":33.8,"nearest_station_id":"kr_442","nearest_station_name":"Gwangmyeong","nearest_station_name_ko":"광명","a":66,"c":69,"e":75,"g":80,"i":72,"k":88,"m":90,"o":66,"b":60,"d":63,"f":75,"h":75,"j":72,"l":88,"n":84,"p":66}},{"type":"Feature","geometry":{"type":"Polygon","coordinates":[[[126.6008,37.46829],[126.61738,37.49106],[126.58422,37.49106],[126.6008,37.46829]]]},"properties":{"row":3,"col":-11,"walk_min":26.1,"nearest_station_id":"kr_458","nearest_station_name":"Incheon","nearest_station_name_ko":"인천","a":94,"c":96,"e":103,"g":108,"i":99,"k":116,"m":116,"o":90,"b":94,"d":96,"f":103,"h":108,"j":99,"l":116,"n":116,"p":90}},{"type":"Feature","geometry":{"type":"Polygon","coordinates":[[[127.09813,37.55935],[127.13129,37.55935],[127.11471,37.58212],[127.09813,37.55935]]]},"properties":{"row":7,"col":20,"walk_min":27.0,"nearest_station_id":"kr_111","nearest_station_name":"용마산","nearest_station_name_ko":"용마산","a":60,"c":59,"e":59,"g":45,"i":66,"k":58,"m":55,"o":70,"b":60,"d":59,"f":59,"h":45,"j":66,"l":58,"n":55,"p":70}},{"type":"Feature","geometry":{"type":"Polygon","coordinates":[[[126.99866,37.60488],[127.01524,37.62765],[126.98209,37.62765],[126.99866,37.60488]]]},"properties":{"row":9,"col":13,"walk_min":32.1,"nearest_station_id":"kr_106","nearest_station_name":"Mia","nearest_station_name_ko":"미아","a":57,"c":55,"e":69,"g":55,"i":77,"k":76,"m":65,"o":67,"b":57,"d":55,"f":69,"h":55,"j":77,"l":76,"n":65,"p":67}},{"type":"Feature","geometry":{"type":"Polygon","coordinates":[[[126.75,37.35447],[126.78316,37.35447],[126.76658,37.37724],[126.75,37.35447]]]},"properties":{"row":-2,"col":0,"walk_min":31.2,"nearest_station_id":"kr_351","nearest_station_name":"Jeongwang","nearest_station_name_ko":"정왕","a":117,"c":119,"e":115,"g":120,"i":106,"k":120,"m":120,"o":118,"b":117,"d":119,"f":115,"h":120,"j":106,"l":120,"n":120,"p":118}},{"type":"Feature","geometry":{"type":"Polygon","coordinates":[[[126.76658,37.55935],[126.78316,37.58212],[126.75,37.58212],[126.76658,37.55935]]]},"properties":{"row":7,"col":-1,"walk_min":49.2,"nearest_station_id":"kr_429","nearest_station_name":"Gaehwa","nearest_station_name_ko":"개화","a":93,"c":91,"e":99,"g":105,"i":95,"k":112,"m":114,"o":80,"b":93,"d":91,"f":99,"h":105,"j":95,"l":112,"n":114,"p":80}},{"type":"Feature","geometry":{"type":"Polygon","coordinates":[[[126.88262,37.30894],[126.8992,37.33171],[126.86604,37.33171],[126.88262,37.30894]]]},"properties":{"row":-4,"col":7,"walk_min":30.4,"nearest_station_id":"kr_415","nearest_station_name":"Banwol","nearest_station_name_ko":"반월","a":93,"c":95,"e":90,"g":107,"i":79,"k":105,"m":115,"o":93,"b":93,"d":95,"f":90,"h":107,"j":79,"l":105,"n":115,"p":93}},{"type":"Feature","geometry":{"type":"Polygon","coordinates":[[[126.86604,37.33171],[126.8992,37.33171],[126.88262,37.35447],[126.86604,37.33171]]]},"properties":{"row":-3,"col":6,"walk_min":49.2,"nearest_station_id":"kr_423","nearest_station_name":"Daeyami","nearest_station_name_ko":"대야미","a":109,"c":111,"e":106,"g":115,"i":96,"k":115,"m":118,"o":109,"b":109,"d":111,"f":106,"h":115,"j":96,"l":115,"n":118,"p":109}},{"type":"Feature","geometry":{"type":"Polygon","coordinates":[[[126.78316,37.67317],[126.79973,37.69594],[126.76658,37.69594],[126.78316,37.67317]]]},"properties":{"row":12,"col":1,"walk_min":35.3,"nearest_station_id":"kr_350","nearest_station_name":"Juyeop","nearest_station_name_ko":"주엽","a":103,"c":101,"e":116,"g":106,"i":116,"k":117,"m":113,"o":110,"b":103,"d":101,"f":116,"h":106,"j":116,"l":117,"n":113,"p":110}},{"type":"Feature","geometry":{"type":"Polygon","coordinates":[[[126.78316,37.67317],[126.81631,37.67317],[126.79973,37.69594],[126.78316,37.67317]]]},"properties":{"row":12,"col":2,"walk_min":41.5,"nearest_station_id":"kr_302","nearest_station_name":"Jeongbalsan","nearest_station_name_ko":"정발산","a":103,"c":101,"e":114,"g":106,"i":116,"k":118,"m":112,"o":109,"b":103,"d":101,"f":114,"h":106,"j":116,"l":118,"n":112,"p":109}},{"type":"Feature","geometry":{"type":"Polygon","coordinates":[[[127.16444,37.51382],[127.18102,37.53659],[127.14786,37.53659],[127.16444,37.51382]]]},"properties":{"row":5,"col":23,"walk_min":23.4,"nearest_station_id":"kr_437","nearest_station_name":"VHS Medical Center","nearest_station_name_ko":"보훈병원","a":69,"c":68,"e":51,"g":55,"i":62,"k":46,"m":57,"o":79,"b":69,"d":68,"f":51,"h":55,"j":62,"l":46,"n":57,"p":79}},{"type":"Feature","geometry":{"type":"Polygon","coordinates":[[[127.13129,37.37724],[127.16444,37.37724],[127.14786,37.4],[127.13129,37.37724]]]},"properties":{"row":-1,"col":22,"walk_min":33.4,"nearest_station_id":"kr_108","nearest_station_name":"Imae","nearest_station_name_ko":"이매","a":87,"c":89,"e":63,"g":87,"i":73,"k":78,"m":89,"o":95,"b":87,"d":89,"f":63,"h":87,"j":73,"l":78,"n":89,"p":95}},{"type":"Feature","geometry":{"type":"Polygon","coordinates":[[[127.14786,37.4],[127.16444,37.42276],[127.13129,37.42276],[127.14786,37.4]]]},"properties":{"row":0,"col":23,"walk_min":32.3,"nearest_station_id":"kr_108","nearest_station_name":"Imae","nearest_station_name_ko":"이매","a":88,"c":90,"e":65,"g":86,"i":75,"k":75,"m":86,"o":96,"b":88,"d":90,"f":65,"h":86,"j":75,"l":75,"n":86,"p":96}},{"type":"Feature","geometry":{"type":"Polygon","coordinates":[[[126.73342,37.69594],[126.76658,37.69594],[126.75,37.7187],[126.73342,37.69594]]]},"properties":{"row":13,"col":-2,"walk_min":37.5,"nearest_station_id":"kr_424","nearest_station_name":"Daehwa","nearest_station_name_ko":"대화","a":110,"c":108,"e":116,"g":111,"i":117,"k":118,"m":114,"o":113,"b":110,"d":108,"f":116,"h":111,"j":117,"l":118,"n":114,"p":113}},{"type":"Feature","geometry":{"type":"Polygon","coordinates":[[[126.83289,37.33171],[126.86604,37.33171],[126.84947,37.35447],[126.83289,37.33171]]]},"properties":{"row":-3,"col":4,"walk_min":38.3,"nearest_station_id":"kr_168","nearest_station_name":"Jungang","nearest_station_name_ko":"중앙","a":110,"c":111,"e":106,"g":116,"i":96,"k":115,"m":119,"o":110,"b":110,"d":111,"f":106,"h":116,"j":96,"l":115,"n":119,"p":110}},{"type":"Feature","geometry":{"type":"Polygon","coordinates":[[[126.88262,37.58212],[126.8992,37.60488],[126.86604,37.60488],[126.88262,37.58212]]]},"properties":{"row":8,"col":7,"walk_min":40.1,"nearest_station_id":"kr_318","nearest_station_name":"응암","nearest_station_name_ko":"응암","a":68,"c":67,"e":83,"g":76,"i":80,"k":93,"m":85,"o":77,"b":68,"d":67,"f":83,"h":76,"j":80,"l":93,"n":85,"p":77}},{"type":"Feature","geometry":{"type":"Polygon","coordinates":[[[126.86604,37.60488],[126.8992,37.60488],[126.88262,37.62765],[126.86604,37.60488]]]},"properties":{"row":9,"col":6,"walk_min":42.9,"nearest_station_id":"kr_390","nearest_station_name":"구산","nearest_station_name_ko":"구산","a":72,"c":70,"e":89,"g":77,"i":87,"k":96,"m":86,"o":81,"b":72,"d":70,"f":89,"h":77,"j":87,"l":96,"n":86,"p":81}},{"type":"Feature","geometry":{"type":"Polygon","coordinates":[[[126.98209,37.35447],[126.99866,37.37724],[126.96551,37.37724],[126.98209,37.35447]]]},"properties":{"row":-2,"col":13,"walk_min":38.1,"nearest_station_id":"kr_072","nearest_station_name":"Gunpo","nearest_station_name_ko":"군포","a":85,"c":87,"e":79,"g":98,"i":68,"k":94,"m":102,"o":89,"b":85,"d":87,"f":79,"h":98,"j":68,"l":94,"n":102,"p":89}},{"type":"Feature","geometry":{"type":"Polygon","coordinates":[[[127.18102,37.67317],[127.1976,37.69594],[127.16444,37.69594],[127.18102,37.67317]]]},"properties":{"row":12,"col":25,"walk_min":33.7,"nearest_station_id":"kr_361","nearest_station_name":"Onam","nearest_station_name_ko":"오남","a":96,"c":94,"e":105,"g":94,"i":112,"k":111,"m":101,"o":103,"b":96,"d":94,"f":105,"h":94,"j":112,"l":111,"n":101,"p":103}},{"type":"Feature","geometry":{"type":"Polygon","coordinates":[[[127.18102,37.67317],[127.21417,37.67317],[127.1976,37.69594],[127.18102,37.67317]]]},"properties":{"row":12,"col":26,"walk_min":45.2,"nearest_station_id":"kr_361","nearest_station_name":"Onam","nearest_station_name_ko":"오남","a":108,"c":107,"e":112,"g":107,"i":115,"k":114,"m":111,"o":112,"b":108,"d":107,"f":112,"h":107,"j":115,"l":114,"n":111,"p":112}},{"type":"Feature","geometry":{"type":"Polygon","coordinates":[[[127.16444,37.69594],[127.18102,37.7187],[127.14786,37.7187],[127.16444,37.69594]]]},"properties":{"row":13,"col":23,"walk_min":35.1,"nearest_station_id":"kr_361","nearest_station_name":"Onam","nearest_station_name_ko":"오남","a":99,"c":97,"e":111,"g":97,"i":114,"k":114,"m":106,"o":108,"b":99,"d":97,"f":111,"h":97,"j":114,"l":114,"n":106,"p":108}},{"type":"Feature","geometry":{"type":"Polygon","coordinates":[[[126.94893,37.62765],[126.96551,37.65041],[126.93235,37.65041],[126.94893,37.62765]]]},"properties":{"row":10,"col":11,"walk_min":39.8,"nearest_station_id":"kr_409","nearest_station_name":"독바위","nearest_station_name_ko":"독바위","a":70,"c":67,"e":87,"g":73,"i":90,"k":93,"m":83,"o":78,"b":70,"d":67,"f":87,"h":73,"j":90,"l":93,"n":83,"p":78}},{"type":"Feature","geometry":{"type":"Polygon","coordinates":[[[126.98209,37.30894],[126.99866,37.33171],[126.96551,37.33171],[126.98209,37.30894]]]},"properties":{"row":-4,"col":13,"walk_min":35.9,"nearest_station_id":"kr_085","nearest_station_name":"Sungkyunkwan Univ","nearest_station_name_ko":"성균관대","a":97,"c":100,"e":94,"g":112,"i":83,"k":109,"m":116,"o":98,"b":97,"d":100,"f":94,"h":112,"j":83,"l":109,"n":116,"p":98}},{"type":"Feature","geometry":{"type":"Polygon","coordinates":[[[126.98209,37.30894],[127.01524,37.30894],[126.99866,37.33171],[126.98209,37.30894]]]},"properties":{"row":-4,"col":14,"walk_min":38.9,"nearest_station_id":"kr_085","nearest_station_name":"Sungkyunkwan Univ","nearest_station_name_ko":"성균관대","a":102,"c":104,"e":99,"g":113,"i":88,"k":111,"m":117,"o":102,"b":102,"d":104,"f":99,"h":113,"j":88,"l":111,"n":117,"p":102}},{"type":"Feature","geometry":{"type":"Polygon","coordinates":[[[126.58422,37.44553],[126.61738,37.44553],[126.6008,37.46829],[126.58422,37.44553]]]},"properties":{"row":2,"col":-10,"walk_min":60.1,"nearest_station_id":"kr_458","nearest_station_name":"Incheon","nearest_station_name_ko":"인천","a":116,"c":117,"e":118,"g":119,"i":117,"k":120,"m":120,"o":115,"b":116,"d":117,"f":118,"h":119,"j":117,"l":120,"n":120,"p":115}},{"type":"Feature","geometry":{"type":"Polygon","coordinates":[[[127.06497,37.787],[127.09813,37.787],[127.08155,37.80976],[127.06497,37.787]]]},"properties":{"row":17,"col":18,"walk_min":43.8,"nearest_station_id":"kr_447","nearest_station_name":"Deokgye","nearest_station_name_ko":"덕계","a":114,"c":113,"e":120,"g":113,"i":120,"k":120,"m":114,"o":119,"b":114,"d":113,"f":120,"h":113,"j":120,"l":120,"n":114,"p":119}},{"type":"Feature","geometry":{"type":"Polygon","coordinates":[[[127.08155,37.80976],[127.09813,37.83253],[127.06497,37.83253],[127.08155,37.80976]]]},"properties":{"row":18,"col":19,"walk_min":63.0,"nearest_station_id":"kr_447","nearest_station_name":"Deokgye","nearest_station_name_ko":"덕계","a":119,"c":118,"e":120,"g":118,"i":120,"k":120,"m":119,"o":119,"b":119,"d":118,"f":120,"h":118,"j":120,"l":120,"n":119,"p":119}},{"type":"Feature","geometry":{"type":"Polygon","coordinates":[[[126.93235,37.42276],[126.94893,37.44553],[126.91578,37.44553],[126.93235,37.42276]]]},"properties":{"row":1,"col":9,"walk_min":39.0,"nearest_station_id":"kr_392","nearest_station_name":"Seoksu","nearest_station_name_ko":"석수","a":71,"c":74,"e":79,"g":86,"i":75,"k":93,"m":94,"o":73,"b":71,"d":74,"f":79,"h":86,"j":75,"l":93,"n":94,"p":73}},{"type":"Feature","geometry":{"type":"Polygon","coordinates":[[[127.14786,37.62765],[127.18102,37.62765],[127.16444,37.65041],[127.14786,37.62765]]]},"properties":{"row":10,"col":24,"walk_min":29.4,"nearest_station_id":"kr_352","nearest_station_name":"Dasan","nearest_station_name_ko":"다산","a":85,"c":84,"e":77,"g":70,"i":88,"k":72,"m":79,"o":95,"b":85,"d":84,"f":77,"h":70,"j":88,"l":72,"n":79,"p":95}},{"type":"Feature","geometry":{"type":"Polygon","coordinates":[[[127.14786,37.62765],[127.16444,37.65041],[127.13129,37.65041],[127.14786,37.62765]]]},"properties":{"row":10,"col":23,"walk_min":24.8,"nearest_station_id":"kr_438","nearest_station_name":"Byeollae","nearest_station_name_ko":"별내","a":85,"c":84,"e":77,"g":71,"i":88,"k":72,"m":80,"o":95,"b":85,"d":84,"f":77,"h":71,"j":88,"l":72,"n":80,"p":95}},{"type":"Feature","geometry":{"type":"Polygon","coordinates":[[[126.99866,37.28618],[127.03182,37.28618],[127.01524,37.30894],[126.99866,37.28618]]]},"properties":{"row":-5,"col":14,"walk_min":34.8,"nearest_station_id":"kr_444","nearest_station_name":"Gwanggyo","nearest_station_name_ko":"광교","a":109,"c":110,"e":96,"g":114,"i":98,"k":110,"m":117,"o":109,"b":109,"d":110,"f":96,"h":114,"j":98,"l":110,"n":117,"p":109}},{"type":"Feature","geometry":{"type":"Polygon","coordinates":[[[127.06497,37.83253],[127.09813,37.83253],[127.08155,37.85529],[127.06497,37.83253]]]},"properties":{"row":19,"col":18,"walk_min":59.0,"nearest_station_id":"kr_447","nearest_station_name":"Deokgye","nearest_station_name_ko":"덕계","a":120,"c":120,"e":120,"g":120,"i":120,"k":120,"m":120,"o":120,"b":120,"d":120,"f":120,"h":120,"j":120,"l":120,"n":120,"p":120}},{"type":"Feature","geometry":{"type":"Polygon","coordinates":[[[127.11471,37.35447],[127.14786,37.35447],[127.13129,37.37724],[127.11471,37.35447]]]},"properties":{"row":-2,"col":22,"walk_min":36.0,"nearest_station_id":"kr_148","nearest_station_name":"Jeongja","nearest_station_name_ko":"정자","a":93,"c":95,"e":69,"g":93,"i":79,"k":84,"m":95,"o":101,"b":93,"d":95,"f":69,"h":93,"j":79,"l":84,"n":95,"p":101}},{"type":"Feature","geometry":{"type":"Polygon","coordinates":[[[126.70027,37.33171],[126.73342,37.33171],[126.71684,37.35447],[126.70027,37.33171]]]},"properties":{"row":-3,"col":-4,"walk_min":39.6,"nearest_station_id":"kr_351","nearest_station_name":"Jeongwang","nearest_station_name_ko":"정왕","a":118,"c":118,"e":117,"g":120,"i":114,"k":120,"m":120,"o":118,"b":118,"d":118,"f":117,"h":120,"j":114,"l":120,"n":120,"p":118}},{"type":"Feature","geometry":{"type":"Polygon","coordinates":[[[127.18102,37.44553],[127.1976,37.46829],[127.16444,37.46829],[127.18102,37.44553]]]},"properties":{"row":2,"col":25,"walk_min":33.4,"nearest_station_id":"kr_232","nearest_station_name":"Namhansanseong","nearest_station_name_ko":"남한산성입구","a":89,"c":91,"e":67,"g":81,"i":78,"k":62,"m":73,"o":98,"b":89,"d":91,"f":67,"h":81,"j":78,"l":62,"n":73,"p":98}},{"type":"Feature","geometry":{"type":"Polygon","coordinates":[[[127.16444,37.42276],[127.1976,37.42276],[127.18102,37.44553],[127.16444,37.42276]]]},"properties":{"row":1,"col":24,"walk_min":30.9,"nearest_station_id":"kr_265","nearest_station_name":"Dandaeogeori","nearest_station_name_ko":"단대오거리","a":91,"c":93,"e":69,"g":85,"i":79,"k":69,"m":80,"o":99,"b":91,"d":93,"f":69,"h":85,"j":79,"l":69,"n":80,"p":99}},{"type":"Feature","geometry":{"type":"Polygon","coordinates":[[[126.84947,37.4],[126.88262,37.4],[126.86604,37.42276],[126.84947,37.4]]]},"properties":{"row":0,"col":6,"walk_min":35.0,"nearest_station_id":"kr_442","nearest_station_name":"Gwangmyeong","nearest_station_name_ko":"광명","a":70,"c":73,"e":80,"g":84,"i":76,"k":92,"m":93,"o":71,"b":59,"d":62,"f":80,"h":74,"j":76,"l":92,"n":83,"p":71}},{"type":"Feature","geometry":{"type":"Polygon","coordinates":[[[126.84947,37.4],[126.86604,37.42276],[126.83289,37.42276],[126.84947,37.4]]]},"properties":{"row":0,"col":5,"walk_min":48.2,"nearest_station_id":"kr_442","nearest_station_name":"Gwangmyeong","nearest_station_name_ko":"광명","a":83,"c":86,"e":93,"g":97,"i":89,"k":104,"m":105,"o":84,"b":72,"d":75,"f":93,"h":87,"j":89,"l":104,"n":96,"p":84}},{"type":"Feature","geometry":{"type":"Polygon","coordinates":[[[126.76658,37.69594],[126.79973,37.69594],[126.78316,37.7187],[126.76658,37.69594]]]},"properties":{"row":13,"col":0,"walk_min":53.3,"nearest_station_id":"kr_350","nearest_station_name":"Juyeop","nearest_station_name_ko":"주엽","a":115,"c":114,"e":119,"g":116,"i":120,"k":120,"m":119,"o":117,"b":115,"d":114,"f":119,"h":116,"j":120,"l":120,"n":119,"p":117}},{"type":"Feature","geometry":{"type":"Polygon","coordinates":[[[126.66711,37.46829],[126.68369,37.49106],[126.65053,37.49106],[126.66711,37.46829]]]},"properties":{"row":3,"col":-7,"walk_min":21.6,"nearest_station_id":"kr_456","nearest_station_name":"Dohwa","nearest_station_name_ko":"도화","a":81,"c":84,"e":91,"g":96,"i":87,"k":104,"m":105,"o":78,"b":81,"d":84,"f":91,"h":96,"j":87,"l":104,"n":105,"p":78}},{"type":"Feature","geometry":{"type":"Polygon","coordinates":[[[127.09813,37.28618],[127.13129,37.28618],[127.11471,37.30894],[127.09813,37.28618]]]},"properties":{"row":-5,"col":20,"walk_min":53.6,"nearest_station_id":"kr_233","nearest_station_name":"Suji-gu Office","nearest_station_name_ko":"수지구청","a":117,"c":118,"e":100,"g":118,"i":110,"k":113,"m":118,"o":119,"b":117,"d":118,"f":100,"h":118,"j":110,"l":113,"n":118,"p":119}},{"type":"Feature","geometry":{"type":"Polygon","coordinates":[[[127.1976,37.37724],[127.21417,37.4],[127.18102,37.4],[127.1976,37.37724]]]},"properties":{"row":-1,"col":25,"walk_min":41.5,"nearest_station_id":"kr_237","nearest_station_name":"삼동","nearest_station_name_ko":"삼동","a":105,"c":107,"e":85,"g":105,"i":94,"k":98,"m":107,"o":112,"b":105,"d":107,"f":85,"h":105,"j":94,"l":98,"n":107,"p":112}},{"type":"Feature","geometry":{"type":"Polygon","coordinates":[[[127.1976,37.37724],[127.23075,37.37724],[127.21417,37.4],[127.1976,37.37724]]]},"properties":{"row":-1,"col":26,"walk_min":63.8,"nearest_station_id":"kr_237","nearest_station_name":"삼동","nearest_station_name_ko":"삼동","a":115,"c":116,"e":106,"g":115,"i":112,"k":114,"m":116,"o":117,"b":115,"d":116,"f":106,"h":115,"j":112,"l":114,"n":116,"p":117}},{"type":"Feature","geometry":{"type":"Polygon","coordinates":[[[127.23075,37.37724],[127.24733,37.4],[127.21417,37.4],[127.23075,37.37724]]]},"properties":{"row":-1,"col":27,"walk_min":44.2,"nearest_station_id":"kr_149","nearest_station_name":"경기광주","nearest_station_name_ko":"경기광주","a":115,"c":116,"e":94,"g":115,"i":102,"k":107,"m":116,"o":118,"b":115,"d":116,"f":94,"h":115,"j":102,"l":107,"n":116,"p":118}},{"type":"Feature","geometry":{"type":"Polygon","coordinates":[[[127.21417,37.4],[127.24733,37.4],[127.23075,37.42276],[127.21417,37.4]]]},"properties":{"row":0,"col":28,"walk_min":38.0,"nearest_station_id":"kr_149","nearest_station_name":"경기광주","nearest_station_name_ko":"경기광주","a":112,"c":114,"e":88,"g":112,"i":98,"k":103,"m":114,"o":116,"b":112,"d":114,"f":88,"h":112,"j":98,"l":103,"n":114,"p":116}},{"type":"Feature","geometry":{"type":"Polygon","coordinates":[[[126.66711,37.42276],[126.68369,37.44553],[126.65053,37.44553],[126.66711,37.42276]]]},"properties":{"row":1,"col":-7,"walk_min":38.2,"nearest_station_id":"kr_248","nearest_station_name":"Juan","nearest_station_name_ko":"주안","a":97,"c":99,"e":105,"g":109,"i":102,"k":113,"m":113,"o":93,"b":97,"d":99,"f":105,"h":109,"j":102,"l":113,"n":113,"p":93}},{"type":"Feature","geometry":{"type":"Polygon","coordinates":[[[127.03182,37.787],[127.0484,37.80976],[127.01524,37.80976],[127.03182,37.787]]]},"properties":{"row":17,"col":15,"walk_min":33.2,"nearest_station_id":"kr_092","nearest_station_name":"Yangju","nearest_station_name_ko":"양주","a":100,"c":99,"e":110,"g":99,"i":116,"k":109,"m":100,"o":108,"b":100,"d":99,"f":110,"h":99,"j":116,"l":109,"n":100,"p":108}},{"type":"Feature","geometry":{"type":"Polygon","coordinates":[[[127.01524,37.80976],[127.0484,37.80976],[127.03182,37.83253],[127.01524,37.80976]]]},"properties":{"row":18,"col":16,"walk_min":38.4,"nearest_station_id":"kr_447","nearest_station_name":"Deokgye","nearest_station_name_ko":"덕계","a":107,"c":106,"e":115,"g":106,"i":119,"k":115,"m":107,"o":113,"b":107,"d":106,"f":115,"h":106,"j":119,"l":115,"n":107,"p":113}},{"type":"Feature","geometry":{"type":"Polygon","coordinates":[[[127.01524,37.26341],[127.03182,37.28618],[126.99866,37.28618],[127.01524,37.26341]]]},"properties":{"row":-6,"col":15,"walk_min":32.3,"nearest_station_id":"kr_043","nearest_station_name":"Suwon","nearest_station_name_ko":"수원","a":104,"c":106,"e":101,"g":116,"i":90,"k":115,"m":119,"o":104,"b":104,"d":106,"f":101,"h":116,"j":90,"l":115,"n":119,"p":104}},{"type":"Feature","geometry":{"type":"Polygon","coordinates":[[[126.78316,37.44553],[126.79973,37.46829],[126.76658,37.46829],[126.78316,37.44553]]]},"properties":{"row":2,"col":1,"walk_min":31.8,"nearest_station_id":"kr_060","nearest_station_name":"Bucheon","nearest_station_name_ko":"부천","a":68,"c":70,"e":77,"g":82,"i":73,"k":91,"m":92,"o":65,"b":68,"d":70,"f":77,"h":82,"j":73,"l":91,"n":92,"p":65}},{"type":"Feature","geometry":{"type":"Polygon","coordinates":[[[126.78316,37.44553],[126.81631,37.44553],[126.79973,37.46829],[126.78316,37.44553]]]},"properties":{"row":2,"col":2,"walk_min":46.0,"nearest_station_id":"kr_451","nearest_station_name":"Sosa","nearest_station_name_ko":"소사","a":80,"c":82,"e":89,"g":94,"i":85,"k":103,"m":103,"o":77,"b":80,"d":82,"f":89,"h":94,"j":85,"l":103,"n":103,"p":77}},{"type":"Feature","geometry":{"type":"Polygon","coordinates":[[[126.81631,37.44553],[126.83289,37.46829],[126.79973,37.46829],[126.81631,37.44553]]]},"properties":{"row":2,"col":3,"walk_min":33.3,"nearest_station_id":"kr_024","nearest_station_name":"Yeokgok","nearest_station_name_ko":"역곡","a":66,"c":68,"e":75,"g":80,"i":71,"k":88,"m":89,"o":62,"b":66,"d":68,"f":75,"h":80,"j":71,"l":88,"n":89,"p":62}},{"type":"Feature","geometry":{"type":"Polygon","coordinates":[[[126.70027,37.42276],[126.71684,37.44553],[126.68369,37.44553],[126.70027,37.42276]]]},"properties":{"row":1,"col":-5,"walk_min":38.1,"nearest_station_id":"kr_455","nearest_station_name":"Ganseok","nearest_station_name_ko":"간석","a":93,"c":96,"e":103,"g":107,"i":99,"k":112,"m":112,"o":90,"b":93,"d":96,"f":103,"h":107,"j":99,"l":112,"n":112,"p":90}},{"type":"Feature","geometry":{"type":"Polygon","coordinates":[[[127.13129,37.65041],[127.16444,37.65041],[127.14786,37.67317],[127.13129,37.65041]]]},"properties":{"row":11,"col":22,"walk_min":35.5,"nearest_station_id":"kr_438","nearest_station_name":"Byeollae","nearest_station_name_ko":"별내","a":95,"c":94,"e":89,"g":83,"i":100,"k":86,"m":92,"o":105,"b":95,"d":94,"f":89,"h":83,"j":100,"l":86,"n":92,"p":105}},{"type":"Feature","geometry":{"type":"Polygon","coordinates":[[[126.94893,37.26341],[126.98209,37.26341],[126.96551,37.28618],[126.94893,37.26341]]]},"properties":{"row":-6,"col":12,"walk_min":37.2,"nearest_station_id":"kr_043","nearest_station_name":"Suwon","nearest_station_name_ko":"수원","a":104,"c":106,"e":102,"g":113,"i":92,"k":112,"m":117,"o":105,"b":104,"d":106,"f":102,"h":113,"j":92,"l":112,"n":117,"p":105}},{"type":"Feature","geometry":{"type":"Polygon","coordinates":[[[127.16444,37.46829],[127.1976,37.46829],[127.18102,37.49106],[127.16444,37.46829]]]},"properties":{"row":3,"col":24,"walk_min":36.8,"nearest_station_id":"kr_440","nearest_station_name":"Macheon","nearest_station_name_ko":"마천","a":90,"c":90,"e":68,"g":78,"i":79,"k":63,"m":74,"o":99,"b":90,"d":90,"f":68,"h":78,"j":79,"l":63,"n":74,"p":99}},{"type":"Feature","geometry":{"type":"Polygon","coordinates":[[[126.91578,37.44553],[126.94893,37.44553],[126.93235,37.46829],[126.91578,37.44553]]]},"properties":{"row":2,"col":10,"walk_min":35.5,"nearest_station_id":"kr_392","nearest_station_name":"Seoksu","nearest_station_name_ko":"석수","a":65,"c":68,"e":70,"g":80,"i":64,"k":84,"m":87,"o":67,"b":65,"d":68,"f":70,"h":80,"j":64,"l":84,"n":87,"p":67}},{"type":"Feature","geometry":{"type":"Polygon","coordinates":[[[126.83289,37.60488],[126.86604,37.60488],[126.84947,37.62765],[126.83289,37.60488]]]},"properties":{"row":9,"col":4,"walk_min":38.6,"nearest_station_id":"kr_167","nearest_station_name":"Hwajeong","nearest_station_name_ko":"화정","a":87,"c":85,"e":102,"g":93,"i":103,"k":109,"m":102,"o":94,"b":87,"d":85,"f":102,"h":93,"j":103,"l":109,"n":102,"p":94}},{"type":"Feature","geometry":{"type":"Polygon","coordinates":[[[126.86604,37.60488],[126.88262,37.62765],[126.84947,37.62765],[126.86604,37.60488]]]},"properties":{"row":9,"col":5,"walk_min":42.7,"nearest_station_id":"kr_167","nearest_station_name":"Hwajeong","nearest_station_name_ko":"화정","a":89,"c":87,"e":106,"g":94,"i":108,"k":114,"m":103,"o":98,"b":89,"d":87,"f":106,"h":94,"j":108,"l":114,"n":103,"p":98}},{"type":"Feature","geometry":{"type":"Polygon","coordinates":[[[127.08155,37.62765],[127.11471,37.62765],[127.09813,37.65041],[127.08155,37.62765]]]},"properties":{"row":10,"col":20,"walk_min":24.5,"nearest_station_id":"kr_197","nearest_station_name":"하계","nearest_station_name_ko":"하계","a":72,"c":71,"e":74,"g":63,"i":83,"k":75,"m":72,"o":83,"b":72,"d":71,"f":74,"h":63,"j":83,"l":75,"n":72,"p":83}},{"type":"Feature","geometry":{"type":"Polygon","coordinates":[[[127.14786,37.58212],[127.18102,37.58212],[127.16444,37.60488],[127.14786,37.58212]]]},"properties":{"row":8,"col":24,"walk_min":27.1,"nearest_station_id":"kr_231","nearest_station_name":"Jangja Lake Park","nearest_station_name_ko":"장자호수공원","a":76,"c":75,"e":67,"g":61,"i":78,"k":62,"m":70,"o":86,"b":76,"d":75,"f":67,"h":61,"j":78,"l":62,"n":70,"p":86}},{"type":"Feature","geometry":{"type":"Polygon","coordinates":[[[127.18102,37.58212],[127.1976,37.60488],[127.16444,37.60488],[127.18102,37.58212]]]},"properties":{"row":8,"col":25,"walk_min":44.8,"nearest_station_id":"kr_264","nearest_station_name":"Guri","nearest_station_name_ko":"구리","a":97,"c":95,"e":88,"g":82,"i":98,"k":83,"m":91,"o":104,"b":97,"d":95,"f":88,"h":82,"j":98,"l":83,"n":91,"p":104}},{"type":"Feature","geometry":{"type":"Polygon","coordinates":[[[126.73342,37.37724],[126.76658,37.37724],[126.75,37.4],[126.73342,37.37724]]]},"properties":{"row":-1,"col":-2,"walk_min":44.3,"nearest_station_id":"kr_428","nearest_station_name":"Oido","nearest_station_name_ko":"오이도","a":119,"c":120,"e":118,"g":120,"i":113,"k":120,"m":120,"o":119,"b":119,"d":120,"f":118,"h":120,"j":113,"l":120,"n":120,"p":119}},{"type":"Feature","geometry":{"type":"Polygon","coordinates":[[[126.73342,37.37724],[126.75,37.4],[126.71684,37.4],[126.73342,37.37724]]]},"properties":{"row":-1,"col":-3,"walk_min":67.9,"nearest_station_id":"kr_428","nearest_station_name":"Oido","nearest_station_name_ko":"오이도","a":120,"c":120,"e":120,"g":120,"i":117,"k":120,"m":120,"o":120,"b":120,"d":120,"f":120,"h":120,"j":117,"l":120,"n":120,"p":120}},{"type":"Feature","geometry":{"type":"Polygon","coordinates":[[[127.06497,37.69594],[127.09813,37.69594],[127.08155,37.7187],[127.06497,37.69594]]]},"properties":{"row":13,"col":18,"walk_min":31.0,"nearest_station_id":"kr_467","nearest_station_name":"Jangam","nearest_station_name_ko":"장암","a":78,"c":76,"e":90,"g":76,"i":98,"k":91,"m":80,"o":88,"b":78,"d":76,"f":90,"h":76,"j":98,"l":91,"n":80,"p":88}},{"type":"Feature","geometry":{"type":"Polygon","coordinates":[[[127.14786,37.67317],[127.18102,37.67317],[127.16444,37.69594],[127.14786,37.67317]]]},"properties":{"row":12,"col":24,"walk_min":56.2,"nearest_station_id":"kr_310","nearest_station_name":"Byeollaebyeolgaram","nearest_station_name_ko":"별내별가람","a":112,"c":110,"e":118,"g":110,"i":119,"k":119,"m":117,"o":118,"b":112,"d":110,"f":118,"h":110,"j":119,"l":119,"n":117,"p":118}},{"type":"Feature","geometry":{"type":"Polygon","coordinates":[[[127.08155,37.44553],[127.11471,37.44553],[127.09813,37.46829],[127.08155,37.44553]]]},"properties":{"row":2,"col":20,"walk_min":52.5,"nearest_station_id":"kr_040","nearest_station_name":"Cheonggyesan","nearest_station_name_ko":"청계산입구","a":93,"c":94,"e":76,"g":93,"i":84,"k":82,"m":92,"o":99,"b":93,"d":94,"f":76,"h":93,"j":84,"l":82,"n":92,"p":99}},{"type":"Feature","geometry":{"type":"Polygon","coordinates":[[[126.71684,37.67317],[126.73342,37.69594],[126.70027,37.69594],[126.71684,37.67317]]]},"properties":{"row":12,"col":-3,"walk_min":38.8,"nearest_station_id":"kr_424","nearest_station_name":"Daehwa","nearest_station_name_ko":"대화","a":111,"c":109,"e":119,"g":114,"i":120,"k":120,"m":117,"o":116,"b":111,"d":109,"f":119,"h":114,"j":120,"l":120,"n":117,"p":116}},{"type":"Feature","geometry":{"type":"Polygon","coordinates":[[[126.70027,37.69594],[126.73342,37.69594],[126.71684,37.7187],[126.70027,37.69594]]]},"properties":{"row":13,"col":-4,"walk_min":48.7,"nearest_station_id":"kr_424","nearest_station_name":"Daehwa","nearest_station_name_ko":"대화","a":115,"c":114,"e":119,"g":116,"i":120,"k":120,"m":118,"o":117,"b":115,"d":114,"f":119,"h":116,"j":120,"l":120,"n":118,"p":117}},{"type":"Feature","geometry":{"type":"Polygon","coordinates":[[[126.76658,37.28618],[126.78316,37.30894],[126.75,37.30894],[126.76658,37.28618]]]},"properties":{"row":-5,"col":-1,"walk_min":50.6,"nearest_station_id":"kr_263","nearest_station_name":"Ansan","nearest_station_name_ko":"안산","a":118,"c":119,"e":118,"g":120,"i":113,"k":120,"m":120,"o":118,"b":118,"d":119,"f":118,"h":120,"j":113,"l":120,"n":120,"p":118}},{"type":"Feature","geometry":{"type":"Polygon","coordinates":[[[126.76658,37.28618],[126.79973,37.28618],[126.78316,37.30894],[126.76658,37.28618]]]},"properties":{"row":-5,"col":0,"walk_min":46.2,"nearest_station_id":"kr_263","nearest_station_name":"Ansan","nearest_station_name_ko":"안산","a":119,"c":119,"e":119,"g":120,"i":112,"k":120,"m":120,"o":119,"b":119,"d":119,"f":119,"h":120,"j":112,"l":120,"n":120,"p":119}},{"type":"Feature","geometry":{"type":"Polygon","coordinates":[[[126.84947,37.58212],[126.88262,37.58212],[126.86604,37.60488],[126.84947,37.58212]]]},"properties":{"row":8,"col":6,"walk_min":48.7,"nearest_station_id":"kr_430","nearest_station_name":"Yangcheon Hyanggyo","nearest_station_name_ko":"양천향교","a":80,"c":80,"e":88,"g":92,"i":84,"k":101,"m":100,"o":73,"b":80,"d":80,"f":88,"h":92,"j":84,"l":101,"n":100,"p":73}},{"type":"Feature","geometry":{"type":"Polygon","coordinates":[[[126.70027,37.42276],[126.73342,37.42276],[126.71684,37.44553],[126.70027,37.42276]]]},"properties":{"row":1,"col":-4,"walk_min":57.1,"nearest_station_id":"kr_455","nearest_station_name":"Ganseok","nearest_station_name_ko":"간석","a":111,"c":113,"e":117,"g":118,"i":114,"k":119,"m":119,"o":109,"b":111,"d":113,"f":117,"h":118,"j":114,"l":119,"n":119,"p":109}},{"type":"Feature","geometry":{"type":"Polygon","coordinates":[[[126.75,37.58212],[126.78316,37.58212],[126.76658,37.60488],[126.75,37.58212]]]},"properties":{"row":8,"col":0,"walk_min":52.0,"nearest_station_id":"kr_429","nearest_station_name":"Gaehwa","nearest_station_name_ko":"개화","a":96,"c":94,"e":101,"g":107,"i":98,"k":113,"m":113,"o":83,"b":96,"d":94,"f":101,"h":107,"j":98,"l":113,"n":113,"p":83}},{"type":"Feature","geometry":{"type":"Polygon","coordinates":[[[126.99866,37.74147],[127.03182,37.74147],[127.01524,37.76423],[126.99866,37.74147]]]},"properties":{"row":15,"col":14,"walk_min":38.4,"nearest_station_id":"kr_448","nearest_station_name":"Ganeung","nearest_station_name_ko":"가능","a":98,"c":96,"e":107,"g":96,"i":112,"k":107,"m":98,"o":105,"b":98,"d":96,"f":107,"h":96,"j":112,"l":107,"n":98,"p":105}},{"type":"Feature","geometry":{"type":"Polygon","coordinates":[[[127.01524,37.76423],[127.03182,37.787],[126.99866,37.787],[127.01524,37.76423]]]},"properties":{"row":16,"col":15,"walk_min":35.6,"nearest_station_id":"kr_092","nearest_station_name":"Yangju","nearest_station_name_ko":"양주","a":99,"c":97,"e":109,"g":97,"i":114,"k":108,"m":99,"o":107,"b":99,"d":97,"f":109,"h":97,"j":114,"l":108,"n":99,"p":107}},{"type":"Feature","geometry":{"type":"Polygon","coordinates":[[[126.93235,37.65041],[126.94893,37.67317],[126.91578,37.67317],[126.93235,37.65041]]]},"properties":{"row":11,"col":9,"walk_min":34.8,"nearest_station_id":"kr_104","nearest_station_name":"Jichuk","nearest_station_name_ko":"지축","a":69,"c":67,"e":86,"g":73,"i":89,"k":93,"m":82,"o":78,"b":69,"d":67,"f":86,"h":73,"j":89,"l":93,"n":82,"p":78}},{"type":"Feature","geometry":{"type":"Polygon","coordinates":[[[126.93235,37.65041],[126.96551,37.65041],[126.94893,37.67317],[126.93235,37.65041]]]},"properties":{"row":11,"col":10,"walk_min":48.3,"nearest_station_id":"kr_104","nearest_station_name":"Jichuk","nearest_station_name_ko":"지축","a":82,"c":80,"e":99,"g":86,"i":102,"k":106,"m":95,"o":91,"b":82,"d":80,"f":99,"h":86,"j":102,"l":106,"n":95,"p":91}},{"type":"Feature","geometry":{"type":"Polygon","coordinates":[[[127.08155,37.44553],[127.09813,37.46829],[127.06497,37.46829],[127.08155,37.44553]]]},"properties":{"row":2,"col":19,"walk_min":30.2,"nearest_station_id":"kr_298","nearest_station_name":"Irwon","nearest_station_name_ko":"일원","a":69,"c":71,"e":45,"g":70,"i":56,"k":53,"m":64,"o":78,"b":69,"d":71,"f":45,"h":70,"j":56,"l":53,"n":64,"p":78}},{"type":"Feature","geometry":{"type":"Polygon","coordinates":[[[126.98209,37.62765],[127.01524,37.62765],[126.99866,37.65041],[126.98209,37.62765]]]},"properties":{"row":10,"col":14,"walk_min":31.6,"nearest_station_id":"kr_116","nearest_station_name":"Suyu (Gangbuk-gu Office)","nearest_station_name_ko":"수유(강북구청)","a":61,"c":59,"e":73,"g":59,"i":81,"k":80,"m":68,"o":70,"b":61,"d":59,"f":73,"h":59,"j":81,"l":80,"n":68,"p":70}},{"type":"Feature","geometry":{"type":"Polygon","coordinates":[[[126.96551,37.60488],[126.99866,37.60488],[126.98209,37.62765],[126.96551,37.60488]]]},"properties":{"row":9,"col":12,"walk_min":43.0,"nearest_station_id":"kr_106","nearest_station_name":"Mia","nearest_station_name_ko":"미아","a":64,"c":62,"e":78,"g":64,"i":84,"k":85,"m":73,"o":74,"b":64,"d":62,"f":78,"h":64,"j":84,"l":85,"n":73,"p":74}},{"type":"Feature","geometry":{"type":"Polygon","coordinates":[[[126.99866,37.19512],[127.03182,37.19512],[127.01524,37.21788],[126.99866,37.19512]]]},"properties":{"row":-9,"col":14,"walk_min":45.4,"nearest_station_id":"kr_047","nearest_station_name":"Byeongjeom","nearest_station_name_ko":"병점","a":119,"c":120,"e":119,"g":120,"i":112,"k":120,"m":120,"o":119,"b":119,"d":120,"f":119,"h":120,"j":112,"l":120,"n":120,"p":119}},{"type":"Feature","geometry":{"type":"Polygon","coordinates":[[[127.01524,37.21788],[127.0484,37.21788],[127.03182,37.24065],[127.01524,37.21788]]]},"properties":{"row":-8,"col":16,"walk_min":33.6,"nearest_station_id":"kr_047","nearest_station_name":"Byeongjeom","nearest_station_name_ko":"병점","a":116,"c":118,"e":115,"g":120,"i":104,"k":120,"m":120,"o":117,"b":116,"d":118,"f":115,"h":120,"j":104,"l":120,"n":120,"p":117}},{"type":"Feature","geometry":{"type":"Polygon","coordinates":[[[126.94893,37.4],[126.96551,37.42276],[126.93235,37.42276],[126.94893,37.4]]]},"properties":{"row":0,"col":11,"walk_min":29.6,"nearest_station_id":"kr_284","nearest_station_name":"Pyeongchon","nearest_station_name_ko":"평촌","a":73,"c":76,"e":68,"g":87,"i":57,"k":83,"m":92,"o":80,"b":73,"d":76,"f":68,"h":87,"j":57,"l":83,"n":92,"p":80}},{"type":"Feature","geometry":{"type":"Polygon","coordinates":[[[127.06497,37.19512],[127.09813,37.19512],[127.08155,37.21788],[127.06497,37.19512]]]},"properties":{"row":-9,"col":18,"walk_min":38.2,"nearest_station_id":"kr_466","nearest_station_name":"Seodongtan","nearest_station_name_ko":"서동탄","a":119,"c":120,"e":117,"g":120,"i":111,"k":120,"m":120,"o":119,"b":119,"d":120,"f":117,"h":120,"j":111,"l":120,"n":120,"p":119}},{"type":"Feature","geometry":{"type":"Polygon","coordinates":[[[127.21417,37.67317],[127.23075,37.69594],[127.1976,37.69594],[127.21417,37.67317]]]},"properties":{"row":12,"col":27,"walk_min":35.7,"nearest_station_id":"kr_361","nearest_station_name":"Onam","nearest_station_name_ko":"오남","a":100,"c":98,"e":109,"g":98,"i":115,"k":114,"m":106,"o":107,"b":100,"d":98,"f":109,"h":98,"j":115,"l":114,"n":106,"p":107}},{"type":"Feature","geometry":{"type":"Polygon","coordinates":[[[126.96551,37.60488],[126.98209,37.62765],[126.94893,37.62765],[126.96551,37.60488]]]},"properties":{"row":9,"col":11,"walk_min":44.1,"nearest_station_id":"kr_409","nearest_station_name":"독바위","nearest_station_name_ko":"독바위","a":70,"c":68,"e":87,"g":73,"i":90,"k":94,"m":83,"o":79,"b":70,"d":68,"f":87,"h":73,"j":90,"l":94,"n":83,"p":79}},{"type":"Feature","geometry":{"type":"Polygon","coordinates":[[[126.79973,37.60488],[126.81631,37.62765],[126.78316,37.62765],[126.79973,37.60488]]]},"properties":{"row":9,"col":1,"walk_min":37.3,"nearest_station_id":"kr_198","nearest_station_name":"Daegok","nearest_station_name_ko":"대곡","a":90,"c":88,"e":104,"g":95,"i":106,"k":110,"m":101,"o":95,"b":90,"d":88,"f":104,"h":95,"j":106,"l":110,"n":101,"p":95}},{"type":"Feature","geometry":{"type":"Polygon","coordinates":[[[126.81631,37.58212],[126.84947,37.58212],[126.83289,37.60488],[126.81631,37.58212]]]},"properties":{"row":8,"col":4,"walk_min":47.0,"nearest_station_id":"kr_441","nearest_station_name":"방화","nearest_station_name_ko":"방화","a":91,"c":89,"e":97,"g":102,"i":93,"k":109,"m":110,"o":78,"b":91,"d":89,"f":97,"h":102,"j":93,"l":109,"n":110,"p":78}},{"type":"Feature","geometry":{"type":"Polygon","coordinates":[[[127.01524,37.7187],[127.03182,37.74147],[126.99866,37.74147],[127.01524,37.7187]]]},"properties":{"row":14,"col":15,"walk_min":38.2,"nearest_station_id":"kr_062","nearest_station_name":"Hoeryong","nearest_station_name_ko":"회룡","a":94,"c":92,"e":104,"g":92,"i":110,"k":103,"m":94,"o":102,"b":94,"d":92,"f":104,"h":92,"j":110,"l":103,"n":94,"p":102}},{"type":"Feature","geometry":{"type":"Polygon","coordinates":[[[127.13129,37.33171],[127.14786,37.35447],[127.11471,37.35447],[127.13129,37.33171]]]},"properties":{"row":-3,"col":21,"walk_min":37.6,"nearest_station_id":"kr_172","nearest_station_name":"Migeum","nearest_station_name_ko":"미금","a":99,"c":101,"e":75,"g":99,"i":85,"k":90,"m":101,"o":106,"b":99,"d":101,"f":75,"h":99,"j":85,"l":90,"n":101,"p":106}},{"type":"Feature","geometry":{"type":"Polygon","coordinates":[[[127.01524,37.67317],[127.03182,37.69594],[126.99866,37.69594],[127.01524,37.67317]]]},"properties":{"row":12,"col":15,"walk_min":36.6,"nearest_station_id":"kr_044","nearest_station_name":"Dobongsan","nearest_station_name_ko":"도봉산","a":81,"c":79,"e":93,"g":79,"i":101,"k":93,"m":82,"o":91,"b":81,"d":79,"f":93,"h":79,"j":101,"l":93,"n":82,"p":91}},{"type":"Feature","geometry":{"type":"Polygon","coordinates":[[[126.70027,37.37724],[126.73342,37.37724],[126.71684,37.4],[126.70027,37.37724]]]},"properties":{"row":-1,"col":-4,"walk_min":76.0,"nearest_station_id":"kr_428","nearest_station_name":"Oido","nearest_station_name_ko":"오이도","a":120,"c":120,"e":120,"g":120,"i":116,"k":120,"m":120,"o":120,"b":120,"d":120,"f":120,"h":120,"j":116,"l":120,"n":120,"p":120}},{"type":"Feature","geometry":{"type":"Polygon","coordinates":[[[126.71684,37.44553],[126.75,37.44553],[126.73342,37.46829],[126.71684,37.44553]]]},"properties":{"row":2,"col":-2,"walk_min":42.3,"nearest_station_id":"kr_378","nearest_station_name":"Dongam","nearest_station_name_ko":"동암","a":94,"c":97,"e":104,"g":108,"i":99,"k":115,"m":115,"o":91,"b":94,"d":97,"f":104,"h":108,"j":99,"l":115,"n":115,"p":91}},{"type":"Feature","geometry":{"type":"Polygon","coordinates":[[[126.75,37.44553],[126.76658,37.46829],[126.73342,37.46829],[126.75,37.44553]]]},"properties":{"row":2,"col":-1,"walk_min":37.7,"nearest_station_id":"kr_159","nearest_station_name":"Songnae","nearest_station_name_ko":"송내","a":82,"c":85,"e":92,"g":96,"i":88,"k":102,"m":103,"o":79,"b":82,"d":85,"f":92,"h":96,"j":88,"l":102,"n":103,"p":79}},{"type":"Feature","geometry":{"type":"Polygon","coordinates":[[[126.75,37.44553],[126.78316,37.44553],[126.76658,37.46829],[126.75,37.44553]]]},"properties":{"row":2,"col":0,"walk_min":47.3,"nearest_station_id":"kr_452","nearest_station_name":"Jung-dong","nearest_station_name_ko":"중동","a":87,"c":89,"e":96,"g":101,"i":92,"k":110,"m":110,"o":84,"b":87,"d":89,"f":96,"h":101,"j":92,"l":110,"n":110,"p":84}},{"type":"Feature","geometry":{"type":"Polygon","coordinates":[[[127.06497,37.42276],[127.09813,37.42276],[127.08155,37.44553],[127.06497,37.42276]]]},"properties":{"row":1,"col":18,"walk_min":41.7,"nearest_station_id":"kr_040","nearest_station_name":"Cheonggyesan","nearest_station_name_ko":"청계산입구","a":92,"c":94,"e":69,"g":88,"i":80,"k":74,"m":86,"o":98,"b":92,"d":94,"f":69,"h":88,"j":80,"l":74,"n":86,"p":98}},{"type":"Feature","geometry":{"type":"Polygon","coordinates":[[[127.01524,37.4],[127.03182,37.42276],[126.99866,37.42276],[127.01524,37.4]]]},"properties":{"row":0,"col":15,"walk_min":36.4,"nearest_station_id":"kr_346","nearest_station_name":"Seoul Grand park","nearest_station_name_ko":"대공원","a":71,"c":73,"e":61,"g":84,"i":51,"k":77,"m":87,"o":79,"b":71,"d":73,"f":61,"h":84,"j":51,"l":77,"n":87,"p":79}},{"type":"Feature","geometry":{"type":"Polygon","coordinates":[[[126.63396,37.42276],[126.66711,37.42276],[126.65053,37.44553],[126.63396,37.42276]]]},"properties":{"row":1,"col":-8,"walk_min":53.8,"nearest_station_id":"kr_379","nearest_station_name":"Jemulpo","nearest_station_name_ko":"제물포","a":114,"c":116,"e":118,"g":119,"i":118,"k":119,"m":119,"o":112,"b":114,"d":116,"f":118,"h":119,"j":118,"l":119,"n":119,"p":112}},{"type":"Feature","geometry":{"type":"Polygon","coordinates":[[[127.08155,37.17235],[127.09813,37.19512],[127.06497,37.19512],[127.08155,37.17235]]]},"properties":{"row":-10,"col":19,"walk_min":39.6,"nearest_station_id":"kr_416","nearest_station_name":"Osan College","nearest_station_name_ko":"오산대","a":120,"c":120,"e":119,"g":120,"i":113,"k":120,"m":120,"o":120,"b":120,"d":120,"f":119,"h":120,"j":113,"l":120,"n":120,"p":120}},{"type":"Feature","geometry":{"type":"Polygon","coordinates":[[[126.63396,37.42276],[126.65053,37.44553],[126.61738,37.44553],[126.63396,37.42276]]]},"properties":{"row":1,"col":-9,"walk_min":47.3,"nearest_station_id":"kr_457","nearest_station_name":"Dowon","nearest_station_name_ko":"도원","a":109,"c":110,"e":113,"g":116,"i":112,"k":119,"m":119,"o":107,"b":109,"d":110,"f":113,"h":116,"j":112,"l":119,"n":119,"p":107}},{"type":"Feature","geometry":{"type":"Polygon","coordinates":[[[127.03182,37.33171],[127.06497,37.33171],[127.0484,37.35447],[127.03182,37.33171]]]},"properties":{"row":-3,"col":16,"walk_min":50.9,"nearest_station_id":"kr_266","nearest_station_name":"Seongbok","nearest_station_name_ko":"성복","a":116,"c":117,"e":102,"g":116,"i":109,"k":112,"m":117,"o":118,"b":116,"d":117,"f":102,"h":116,"j":109,"l":112,"n":117,"p":118}},{"type":"Feature","geometry":{"type":"Polygon","coordinates":[[[126.81631,37.44553],[126.84947,37.44553],[126.83289,37.46829],[126.81631,37.44553]]]},"properties":{"row":2,"col":4,"walk_min":45.1,"nearest_station_id":"kr_220","nearest_station_name":"광명사거리","nearest_station_name_ko":"광명사거리","a":81,"c":84,"e":88,"g":96,"i":87,"k":101,"m":105,"o":78,"b":81,"d":84,"f":88,"h":96,"j":87,"l":101,"n":105,"p":78}},{"type":"Feature","geometry":{"type":"Polygon","coordinates":[[[126.81631,37.67317],[126.84947,37.67317],[126.83289,37.69594],[126.81631,37.67317]]]},"properties":{"row":12,"col":4,"walk_min":45.8,"nearest_station_id":"kr_145","nearest_station_name":"Wondang","nearest_station_name_ko":"원당","a":93,"c":91,"e":106,"g":97,"i":108,"k":111,"m":103,"o":101,"b":93,"d":91,"f":106,"h":97,"j":108,"l":111,"n":103,"p":101}},{"type":"Feature","geometry":{"type":"Polygon","coordinates":[[[127.01524,37.17235],[127.03182,37.19512],[126.99866,37.19512],[127.01524,37.17235]]]},"properties":{"row":-10,"col":15,"walk_min":40.6,"nearest_station_id":"kr_388","nearest_station_name":"Sema","nearest_station_name_ko":"세마","a":120,"c":120,"e":118,"g":120,"i":111,"k":120,"m":120,"o":120,"b":120,"d":120,"f":118,"h":120,"j":111,"l":120,"n":120,"p":120}},{"type":"Feature","geometry":{"type":"Polygon","coordinates":[[[127.0484,37.21788],[127.06497,37.24065],[127.03182,37.24065],[127.0484,37.21788]]]},"properties":{"row":-8,"col":17,"walk_min":39.8,"nearest_station_id":"kr_462","nearest_station_name":"Seryu","nearest_station_name_ko":"세류","a":116,"c":117,"e":114,"g":120,"i":105,"k":120,"m":120,"o":116,"b":116,"d":117,"f":114,"h":120,"j":105,"l":120,"n":120,"p":116}},{"type":"Feature","geometry":{"type":"Polygon","coordinates":[[[127.03182,37.24065],[127.06497,37.24065],[127.0484,37.26341],[127.03182,37.24065]]]},"properties":{"row":-7,"col":16,"walk_min":45.8,"nearest_station_id":"kr_462","nearest_station_name":"Seryu","nearest_station_name_ko":"세류","a":116,"c":117,"e":112,"g":120,"i":110,"k":120,"m":120,"o":117,"b":116,"d":117,"f":112,"h":120,"j":110,"l":120,"n":120,"p":117}},{"type":"Feature","geometry":{"type":"Polygon","coordinates":[[[127.1976,37.74147],[127.23075,37.74147],[127.21417,37.76423],[127.1976,37.74147]]]},"properties":{"row":15,"col":26,"walk_min":43.6,"nearest_station_id":"kr_470","nearest_station_name":"Jinjeop","nearest_station_name_ko":"진접","a":109,"c":107,"e":116,"g":107,"i":119,"k":119,"m":114,"o":115,"b":109,"d":107,"f":116,"h":107,"j":119,"l":119,"n":114,"p":115}},{"type":"Feature","geometry":{"type":"Polygon","coordinates":[[[126.99866,37.69594],[127.03182,37.69594],[127.01524,37.7187],[126.99866,37.69594]]]},"properties":{"row":13,"col":14,"walk_min":39.6,"nearest_station_id":"kr_449","nearest_station_name":"Mangwolsa (Shinhan University)","nearest_station_name_ko":"망월사(신한대학교)","a":88,"c":86,"e":100,"g":86,"i":106,"k":100,"m":88,"o":97,"b":88,"d":86,"f":100,"h":86,"j":106,"l":100,"n":88,"p":97}},{"type":"Feature","geometry":{"type":"Polygon","coordinates":[[[126.84947,37.67317],[126.86604,37.69594],[126.83289,37.69594],[126.84947,37.67317]]]},"properties":{"row":12,"col":5,"walk_min":64.2,"nearest_station_id":"kr_145","nearest_station_name":"Wondang","nearest_station_name_ko":"원당","a":111,"c":108,"e":117,"g":114,"i":117,"k":118,"m":116,"o":115,"b":111,"d":108,"f":117,"h":114,"j":117,"l":118,"n":116,"p":115}},{"type":"Feature","geometry":{"type":"Polygon","coordinates":[[[126.84947,37.67317],[126.88262,37.67317],[126.86604,37.69594],[126.84947,37.67317]]]},"properties":{"row":12,"col":6,"walk_min":47.5,"nearest_station_id":"kr_126","nearest_station_name":"Wonheung","nearest_station_name_ko":"원흥","a":90,"c":87,"e":105,"g":94,"i":108,"k":110,"m":103,"o":99,"b":90,"d":87,"f":105,"h":94,"j":108,"l":110,"n":103,"p":99}},{"type":"Feature","geometry":{"type":"Polygon","coordinates":[[[126.65053,37.49106],[126.68369,37.49106],[126.66711,37.51382],[126.65053,37.49106]]]},"properties":{"row":4,"col":-6,"walk_min":37.6,"nearest_station_id":"kr_258","nearest_station_name":"Sangok","nearest_station_name_ko":"산곡","a":98,"c":100,"e":107,"g":111,"i":103,"k":116,"m":116,"o":94,"b":98,"d":100,"f":107,"h":111,"j":103,"l":116,"n":116,"p":94}},{"type":"Feature","geometry":{"type":"Polygon","coordinates":[[[126.83289,37.42276],[126.86604,37.42276],[126.84947,37.44553],[126.83289,37.42276]]]},"properties":{"row":1,"col":4,"walk_min":49.5,"nearest_station_id":"kr_442","nearest_station_name":"Gwangmyeong","nearest_station_name_ko":"광명","a":85,"c":88,"e":94,"g":99,"i":91,"k":107,"m":108,"o":85,"b":75,"d":78,"f":94,"h":90,"j":91,"l":107,"n":99,"p":85}},{"type":"Feature","geometry":{"type":"Polygon","coordinates":[[[126.75,37.30894],[126.76658,37.33171],[126.73342,37.33171],[126.75,37.30894]]]},"properties":{"row":-4,"col":-1,"walk_min":43.0,"nearest_station_id":"kr_427","nearest_station_name":"Singiloncheon","nearest_station_name_ko":"신길온천","a":119,"c":119,"e":118,"g":120,"i":111,"k":120,"m":120,"o":119,"b":119,"d":119,"f":118,"h":120,"j":111,"l":120,"n":120,"p":119}},{"type":"Feature","geometry":{"type":"Polygon","coordinates":[[[126.86604,37.37724],[126.8992,37.37724],[126.88262,37.4],[126.86604,37.37724]]]},"properties":{"row":-1,"col":6,"walk_min":54.6,"nearest_station_id":"kr_442","nearest_station_name":"Gwangmyeong","nearest_station_name_ko":"광명","a":90,"c":93,"e":100,"g":104,"i":95,"k":110,"m":111,"o":91,"b":80,"d":83,"f":100,"h":95,"j":95,"l":110,"n":104,"p":91}},{"type":"Feature","geometry":{"type":"Polygon","coordinates":[[[126.86604,37.37724],[126.88262,37.4],[126.84947,37.4],[126.86604,37.37724]]]},"properties":{"row":-1,"col":5,"walk_min":54.9,"nearest_station_id":"kr_442","nearest_station_name":"Gwangmyeong","nearest_station_name_ko":"광명","a":90,"c":93,"e":100,"g":104,"i":96,"k":109,"m":110,"o":91,"b":79,"d":82,"f":100,"h":94,"j":96,"l":109,"n":103,"p":91}},{"type":"Feature","geometry":{"type":"Polygon","coordinates":[[[126.98209,37.62765],[126.99866,37.65041],[126.96551,37.65041],[126.98209,37.62765]]]},"properties":{"row":10,"col":13,"walk_min":54.8,"nearest_station_id":"kr_116","nearest_station_name":"Suyu (Gangbuk-gu Office)","nearest_station_name_ko":"수유(강북구청)","a":84,"c":82,"e":97,"g":83,"i":104,"k":103,"m":92,"o":93,"b":84,"d":82,"f":97,"h":83,"j":104,"l":103,"n":92,"p":93}},{"type":"Feature","geometry":{"type":"Polygon","coordinates":[[[126.99866,37.65041],[127.01524,37.67317],[126.98209,37.67317],[126.99866,37.65041]]]},"properties":{"row":11,"col":13,"walk_min":51.5,"nearest_station_id":"kr_116","nearest_station_name":"Suyu (Gangbuk-gu Office)","nearest_station_name_ko":"수유(강북구청)","a":85,"c":83,"e":97,"g":83,"i":104,"k":101,"m":90,"o":94,"b":85,"d":83,"f":97,"h":83,"j":104,"l":101,"n":90,"p":94}},{"type":"Feature","geometry":{"type":"Polygon","coordinates":[[[127.08155,37.7187],[127.09813,37.74147],[127.06497,37.74147],[127.08155,37.7187]]]},"properties":{"row":14,"col":19,"walk_min":44.0,"nearest_station_id":"kr_062","nearest_station_name":"Hoeryong","nearest_station_name_ko":"회룡","a":98,"c":96,"e":108,"g":96,"i":112,"k":107,"m":98,"o":106,"b":98,"d":96,"f":108,"h":96,"j":112,"l":107,"n":98,"p":106}},{"type":"Feature","geometry":{"type":"Polygon","coordinates":[[[127.06497,37.37724],[127.09813,37.37724],[127.08155,37.4],[127.06497,37.37724]]]},"properties":{"row":-1,"col":18,"walk_min":53.0,"nearest_station_id":"kr_148","nearest_station_name":"Jeongja","nearest_station_name_ko":"정자","a":108,"c":109,"e":85,"g":108,"i":95,"k":100,"m":109,"o":113,"b":108,"d":109,"f":85,"h":108,"j":95,"l":100,"n":109,"p":113}},{"type":"Feature","geometry":{"type":"Polygon","coordinates":[[[127.14786,37.35447],[127.16444,37.37724],[127.13129,37.37724],[127.14786,37.35447]]]},"properties":{"row":-2,"col":23,"walk_min":46.4,"nearest_station_id":"kr_108","nearest_station_name":"Imae","nearest_station_name_ko":"이매","a":101,"c":103,"e":78,"g":101,"i":88,"k":93,"m":103,"o":108,"b":101,"d":103,"f":78,"h":101,"j":88,"l":93,"n":103,"p":108}},{"type":"Feature","geometry":{"type":"Polygon","coordinates":[[[127.18102,37.49106],[127.1976,37.51382],[127.16444,37.51382],[127.18102,37.49106]]]},"properties":{"row":4,"col":25,"walk_min":42.4,"nearest_station_id":"kr_440","nearest_station_name":"Macheon","nearest_station_name_ko":"마천","a":93,"c":92,"e":74,"g":79,"i":85,"k":69,"m":80,"o":102,"b":93,"d":92,"f":74,"h":79,"j":85,"l":69,"n":80,"p":102}},{"type":"Feature","geometry":{"type":"Polygon","coordinates":[[[127.09813,37.69594],[127.13129,37.69594],[127.11471,37.7187],[127.09813,37.69594]]]},"properties":{"row":13,"col":20,"walk_min":55.7,"nearest_station_id":"kr_310","nearest_station_name":"Byeollaebyeolgaram","nearest_station_name_ko":"별내별가람","a":104,"c":103,"e":113,"g":103,"i":116,"k":116,"m":110,"o":111,"b":104,"d":103,"f":113,"h":103,"j":116,"l":116,"n":110,"p":111}},{"type":"Feature","geometry":{"type":"Polygon","coordinates":[[[127.14786,37.7187],[127.18102,37.7187],[127.16444,37.74147],[127.14786,37.7187]]]},"properties":{"row":14,"col":24,"walk_min":50.7,"nearest_station_id":"kr_361","nearest_station_name":"Onam","nearest_station_name_ko":"오남","a":113,"c":112,"e":117,"g":112,"i":119,"k":119,"m":115,"o":116,"b":113,"d":112,"f":117,"h":112,"j":119,"l":119,"n":115,"p":116}},{"type":"Feature","geometry":{"type":"Polygon","coordinates":[[[126.68369,37.53659],[126.71684,37.53659],[126.70027,37.55935],[126.68369,37.53659]]]},"properties":{"row":6,"col":-4,"walk_min":53.7,"nearest_station_id":"kr_258","nearest_station_name":"Sangok","nearest_station_name_ko":"산곡","a":108,"c":110,"e":113,"g":116,"i":112,"k":119,"m":119,"o":106,"b":108,"d":110,"f":113,"h":116,"j":112,"l":119,"n":119,"p":106}},{"type":"Feature","geometry":{"type":"Polygon","coordinates":[[[126.71684,37.53659],[126.73342,37.55935],[126.70027,37.55935],[126.71684,37.53659]]]},"properties":{"row":6,"col":-3,"walk_min":58.1,"nearest_station_id":"kr_258","nearest_station_name":"Sangok","nearest_station_name_ko":"산곡","a":113,"c":116,"e":118,"g":119,"i":117,"k":119,"m":119,"o":110,"b":113,"d":116,"f":118,"h":119,"j":117,"l":119,"n":119,"p":110}},{"type":"Feature","geometry":{"type":"Polygon","coordinates":[[[127.16444,37.51382],[127.1976,37.51382],[127.18102,37.53659],[127.16444,37.51382]]]},"properties":{"row":5,"col":24,"walk_min":45.0,"nearest_station_id":"kr_437","nearest_station_name":"VHS Medical Center","nearest_station_name_ko":"보훈병원","a":95,"c":94,"e":80,"g":80,"i":91,"k":75,"m":85,"o":105,"b":95,"d":94,"f":80,"h":80,"j":91,"l":75,"n":85,"p":105}},{"type":"Feature","geometry":{"type":"Polygon","coordinates":[[[127.23075,37.69594],[127.24733,37.7187],[127.21417,37.7187],[127.23075,37.69594]]]},"properties":{"row":13,"col":27,"walk_min":39.1,"nearest_station_id":"kr_470","nearest_station_name":"Jinjeop","nearest_station_name_ko":"진접","a":106,"c":105,"e":115,"g":105,"i":120,"k":120,"m":112,"o":113,"b":106,"d":105,"f":115,"h":105,"j":120,"l":120,"n":112,"p":113}},{"type":"Feature","geometry":{"type":"Polygon","coordinates":[[[126.71684,37.53659],[126.75,37.53659],[126.73342,37.55935],[126.71684,37.53659]]]},"properties":{"row":6,"col":-2,"walk_min":48.0,"nearest_station_id":"kr_287","nearest_station_name":"Bupyeong-gu Office","nearest_station_name_ko":"부평구청","a":100,"c":102,"e":108,"g":111,"i":105,"k":115,"m":115,"o":96,"b":100,"d":102,"f":108,"h":111,"j":105,"l":115,"n":115,"p":96}},{"type":"Feature","geometry":{"type":"Polygon","coordinates":[[[127.0484,37.26341],[127.08155,37.26341],[127.06497,37.28618],[127.0484,37.26341]]]},"properties":{"row":-6,"col":18,"walk_min":43.9,"nearest_station_id":"kr_357","nearest_station_name":"Gwanggyo Jungang","nearest_station_name_ko":"광교중앙","a":115,"c":117,"e":100,"g":116,"i":108,"k":111,"m":117,"o":120,"b":115,"d":117,"f":100,"h":116,"j":108,"l":111,"n":117,"p":120}},{"type":"Feature","geometry":{"type":"Polygon","coordinates":[[[127.08155,37.26341],[127.09813,37.28618],[127.06497,37.28618],[127.08155,37.26341]]]},"properties":{"row":-6,"col":19,"walk_min":41.5,"nearest_station_id":"kr_357","nearest_station_name":"Gwanggyo Jungang","nearest_station_name_ko":"광교중앙","a":115,"c":116,"e":96,"g":116,"i":106,"k":111,"m":117,"o":120,"b":115,"d":116,"f":96,"h":116,"j":106,"l":111,"n":117,"p":120}},{"type":"Feature","geometry":{"type":"Polygon","coordinates":[[[126.75,37.53659],[126.76658,37.55935],[126.73342,37.55935],[126.75,37.53659]]]},"properties":{"row":6,"col":-1,"walk_min":61.5,"nearest_station_id":"kr_315","nearest_station_name":"삼산체육관","nearest_station_name_ko":"삼산체육관","a":107,"c":108,"e":115,"g":118,"i":111,"k":119,"m":119,"o":100,"b":107,"d":108,"f":115,"h":118,"j":111,"l":119,"n":119,"p":100}},{"type":"Feature","geometry":{"type":"Polygon","coordinates":[[[127.1976,37.55935],[127.23075,37.55935],[127.21417,37.58212],[127.1976,37.55935]]]},"properties":{"row":7,"col":26,"walk_min":58.1,"nearest_station_id":"kr_331","nearest_station_name":"Misa","nearest_station_name_ko":"미사","a":104,"c":103,"e":95,"g":91,"i":105,"k":91,"m":99,"o":113,"b":104,"d":103,"f":95,"h":91,"j":105,"l":91,"n":99,"p":113}},{"type":"Feature","geometry":{"type":"Polygon","coordinates":[[[127.16444,37.60488],[127.1976,37.60488],[127.18102,37.62765],[127.16444,37.60488]]]},"properties":{"row":9,"col":24,"walk_min":43.8,"nearest_station_id":"kr_352","nearest_station_name":"Dasan","nearest_station_name_ko":"다산","a":98,"c":96,"e":90,"g":83,"i":100,"k":85,"m":92,"o":106,"b":98,"d":96,"f":90,"h":83,"j":100,"l":85,"n":92,"p":106}},{"type":"Feature","geometry":{"type":"Polygon","coordinates":[[[127.1976,37.60488],[127.21417,37.62765],[127.18102,37.62765],[127.1976,37.60488]]]},"properties":{"row":9,"col":25,"walk_min":66.4,"nearest_station_id":"kr_352","nearest_station_name":"Dasan","nearest_station_name_ko":"다산","a":117,"c":116,"e":111,"g":105,"i":118,"k":107,"m":112,"o":119,"b":117,"d":116,"f":111,"h":105,"j":118,"l":107,"n":112,"p":119}},{"type":"Feature","geometry":{"type":"Polygon","coordinates":[[[126.71684,37.62765],[126.73342,37.65041],[126.70027,37.65041],[126.71684,37.62765]]]},"properties":{"row":10,"col":-3,"walk_min":123.0,"nearest_station_id":"kr_424","nearest_station_name":"Daehwa","nearest_station_name_ko":"대화","a":117,"c":116,"e":120,"g":118,"i":120,"k":120,"m":120,"o":119,"b":117,"d":116,"f":120,"h":118,"j":120,"l":120,"n":120,"p":119}},{"type":"Feature","geometry":{"type":"Polygon","coordinates":[[[126.70027,37.65041],[126.73342,37.65041],[126.71684,37.67317],[126.70027,37.65041]]]},"properties":{"row":11,"col":-4,"walk_min":75.0,"nearest_station_id":"kr_424","nearest_station_name":"Daehwa","nearest_station_name_ko":"대화","a":114,"c":113,"e":120,"g":116,"i":120,"k":120,"m":119,"o":118,"b":114,"d":113,"f":120,"h":116,"j":120,"l":120,"n":119,"p":118}},{"type":"Feature","geometry":{"type":"Polygon","coordinates":[[[126.96551,37.33171],[126.99866,37.33171],[126.98209,37.35447],[126.96551,37.33171]]]},"properties":{"row":-3,"col":12,"walk_min":46.7,"nearest_station_id":"kr_460","nearest_station_name":"Dangjeong","nearest_station_name_ko":"당정","a":102,"c":105,"e":100,"g":115,"i":89,"k":114,"m":118,"o":103,"b":102,"d":105,"f":100,"h":115,"j":89,"l":114,"n":118,"p":103}},{"type":"Feature","geometry":{"type":"Polygon","coordinates":[[[127.0484,37.26341],[127.06497,37.28618],[127.03182,37.28618],[127.0484,37.26341]]]},"properties":{"row":-6,"col":17,"walk_min":38.3,"nearest_station_id":"kr_357","nearest_station_name":"Gwanggyo Jungang","nearest_station_name_ko":"광교중앙","a":116,"c":117,"e":94,"g":116,"i":104,"k":109,"m":117,"o":120,"b":116,"d":117,"f":94,"h":116,"j":104,"l":109,"n":117,"p":120}},{"type":"Feature","geometry":{"type":"Polygon","coordinates":[[[126.6008,37.42276],[126.63396,37.42276],[126.61738,37.44553],[126.6008,37.42276]]]},"properties":{"row":1,"col":-10,"walk_min":64.2,"nearest_station_id":"kr_457","nearest_station_name":"Dowon","nearest_station_name_ko":"도원","a":118,"c":119,"e":119,"g":120,"i":119,"k":120,"m":120,"o":118,"b":118,"d":119,"f":119,"h":120,"j":119,"l":120,"n":120,"p":118}},{"type":"Feature","geometry":{"type":"Polygon","coordinates":[[[126.76658,37.60488],[126.78316,37.62765],[126.75,37.62765],[126.76658,37.60488]]]},"properties":{"row":9,"col":-1,"walk_min":93.9,"nearest_station_id":"kr_228","nearest_station_name":"Baekseok","nearest_station_name_ko":"백석","a":120,"c":120,"e":120,"g":120,"i":120,"k":120,"m":120,"o":119,"b":120,"d":120,"f":120,"h":120,"j":120,"l":120,"n":120,"p":119}},{"type":"Feature","geometry":{"type":"Polygon","coordinates":[[[126.76658,37.60488],[126.79973,37.60488],[126.78316,37.62765],[126.76658,37.60488]]]},"properties":{"row":9,"col":0,"walk_min":73.4,"nearest_station_id":"kr_228","nearest_station_name":"Baekseok","nearest_station_name_ko":"백석","a":118,"c":117,"e":120,"g":120,"i":119,"k":120,"m":120,"o":112,"b":118,"d":117,"f":120,"h":120,"j":119,"l":120,"n":120,"p":112}},{"type":"Feature","geometry":{"type":"Polygon","coordinates":[[[126.66711,37.51382],[126.68369,37.53659],[126.65053,37.53659],[126.66711,37.51382]]]},"properties":{"row":5,"col":-7,"walk_min":59.3,"nearest_station_id":"kr_258","nearest_station_name":"Sangok","nearest_station_name_ko":"산곡","a":112,"c":114,"e":117,"g":118,"i":116,"k":119,"m":120,"o":110,"b":112,"d":114,"f":117,"h":118,"j":116,"l":119,"n":120,"p":110}},{"type":"Feature","geometry":{"type":"Polygon","coordinates":[[[126.86604,37.33171],[126.88262,37.35447],[126.84947,37.35447],[126.86604,37.33171]]]},"properties":{"row":-3,"col":5,"walk_min":54.4,"nearest_station_id":"kr_168","nearest_station_name":"Jungang","nearest_station_name_ko":"중앙","a":118,"c":119,"e":117,"g":120,"i":111,"k":120,"m":120,"o":118,"b":118,"d":119,"f":117,"h":120,"j":111,"l":120,"n":120,"p":118}},{"type":"Feature","geometry":{"type":"Polygon","coordinates":[[[127.01524,37.4],[127.0484,37.4],[127.03182,37.42276],[127.01524,37.4]]]},"properties":{"row":0,"col":16,"walk_min":59.7,"nearest_station_id":"kr_346","nearest_station_name":"Seoul Grand park","nearest_station_name_ko":"대공원","a":93,"c":96,"e":84,"g":103,"i":73,"k":99,"m":106,"o":100,"b":93,"d":96,"f":84,"h":103,"j":73,"l":99,"n":106,"p":100}},{"type":"Feature","geometry":{"type":"Polygon","coordinates":[[[127.06497,37.33171],[127.08155,37.35447],[127.0484,37.35447],[127.06497,37.33171]]]},"properties":{"row":-3,"col":17,"walk_min":42.4,"nearest_station_id":"kr_202","nearest_station_name":"Dongcheon","nearest_station_name_ko":"동천","a":109,"c":110,"e":86,"g":109,"i":97,"k":101,"m":111,"o":114,"b":109,"d":110,"f":86,"h":109,"j":97,"l":101,"n":111,"p":114}},{"type":"Feature","geometry":{"type":"Polygon","coordinates":[[[126.68369,37.35447],[126.71684,37.35447],[126.70027,37.37724],[126.68369,37.35447]]]},"properties":{"row":-2,"col":-4,"walk_min":54.0,"nearest_station_id":"kr_428","nearest_station_name":"Oido","nearest_station_name_ko":"오이도","a":120,"c":120,"e":120,"g":120,"i":118,"k":120,"m":120,"o":120,"b":120,"d":120,"f":120,"h":120,"j":118,"l":120,"n":120,"p":120}},{"type":"Feature","geometry":{"type":"Polygon","coordinates":[[[127.08155,37.4],[127.09813,37.42276],[127.06497,37.42276],[127.08155,37.4]]]},"properties":{"row":0,"col":19,"walk_min":61.0,"nearest_station_id":"kr_041","nearest_station_name":"Pangyo","nearest_station_name_ko":"판교","a":112,"c":114,"e":88,"g":112,"i":98,"k":103,"m":114,"o":120,"b":112,"d":114,"f":88,"h":112,"j":98,"l":103,"n":114,"p":120}},{"type":"Feature","geometry":{"type":"Polygon","coordinates":[[[127.06497,37.74147],[127.09813,37.74147],[127.08155,37.76423],[127.06497,37.74147]]]},"properties":{"row":15,"col":18,"walk_min":45.7,"nearest_station_id":"kr_065","nearest_station_name":"Uijeongbu","nearest_station_name_ko":"의정부","a":103,"c":101,"e":112,"g":101,"i":116,"k":112,"m":103,"o":110,"b":103,"d":101,"f":112,"h":101,"j":116,"l":112,"n":103,"p":110}},{"type":"Feature","geometry":{"type":"Polygon","coordinates":[[[126.79973,37.33171],[126.81631,37.35447],[126.78316,37.35447],[126.79973,37.33171]]]},"properties":{"row":-3,"col":1,"walk_min":36.3,"nearest_station_id":"kr_263","nearest_station_name":"Ansan","nearest_station_name_ko":"안산","a":116,"c":119,"e":113,"g":120,"i":102,"k":120,"m":120,"o":117,"b":116,"d":119,"f":113,"h":120,"j":102,"l":120,"n":120,"p":117}},{"type":"Feature","geometry":{"type":"Polygon","coordinates":[[[126.88262,37.67317],[126.91578,37.67317],[126.8992,37.69594],[126.88262,37.67317]]]},"properties":{"row":12,"col":8,"walk_min":51.6,"nearest_station_id":"kr_115","nearest_station_name":"Samsong","nearest_station_name_ko":"삼송","a":89,"c":86,"e":104,"g":93,"i":106,"k":109,"m":101,"o":98,"b":89,"d":86,"f":104,"h":93,"j":106,"l":109,"n":101,"p":98}},{"type":"Feature","geometry":{"type":"Polygon","coordinates":[[[126.88262,37.67317],[126.8992,37.69594],[126.86604,37.69594],[126.88262,37.67317]]]},"properties":{"row":12,"col":7,"walk_min":66.2,"nearest_station_id":"kr_115","nearest_station_name":"Samsong","nearest_station_name_ko":"삼송","a":105,"c":102,"e":117,"g":109,"i":117,"k":118,"m":116,"o":114,"b":105,"d":102,"f":117,"h":109,"j":117,"l":118,"n":116,"p":114}},{"type":"Feature","geometry":{"type":"Polygon","coordinates":[[[127.18102,37.58212],[127.21417,37.58212],[127.1976,37.60488],[127.18102,37.58212]]]},"properties":{"row":8,"col":26,"walk_min":55.3,"nearest_station_id":"kr_331","nearest_station_name":"Misa","nearest_station_name_ko":"미사","a":107,"c":106,"e":99,"g":93,"i":107,"k":94,"m":102,"o":113,"b":107,"d":106,"f":99,"h":93,"j":107,"l":94,"n":102,"p":113}},{"type":"Feature","geometry":{"type":"Polygon","coordinates":[[[126.93235,37.42276],[126.96551,37.42276],[126.94893,37.44553],[126.93235,37.42276]]]},"properties":{"row":1,"col":10,"walk_min":48.8,"nearest_station_id":"kr_367","nearest_station_name":"Government Complex Gwacheon","nearest_station_name_ko":"정부과천청사","a":85,"c":88,"e":80,"g":99,"i":71,"k":95,"m":103,"o":91,"b":85,"d":88,"f":80,"h":99,"j":71,"l":95,"n":103,"p":91}},{"type":"Feature","geometry":{"type":"Polygon","coordinates":[[[126.96551,37.42276],[126.98209,37.44553],[126.94893,37.44553],[126.96551,37.42276]]]},"properties":{"row":1,"col":11,"walk_min":36.9,"nearest_station_id":"kr_367","nearest_station_name":"Government Complex Gwacheon","nearest_station_name_ko":"정부과천청사","a":67,"c":70,"e":58,"g":81,"i":47,"k":73,"m":84,"o":75,"b":67,"d":70,"f":58,"h":81,"j":47,"l":73,"n":84,"p":75}},{"type":"Feature","geometry":{"type":"Polygon","coordinates":[[[126.70027,37.37724],[126.71684,37.4],[126.68369,37.4],[126.70027,37.37724]]]},"properties":{"row":-1,"col":-5,"walk_min":106.6,"nearest_station_id":"kr_428","nearest_station_name":"Oido","nearest_station_name_ko":"오이도","a":120,"c":120,"e":120,"g":120,"i":120,"k":120,"m":120,"o":120,"b":120,"d":120,"f":120,"h":120,"j":120,"l":120,"n":120,"p":120}},{"type":"Feature","geometry":{"type":"Polygon","coordinates":[[[127.08155,37.35447],[127.09813,37.37724],[127.06497,37.37724],[127.08155,37.35447]]]},"properties":{"row":-2,"col":19,"walk_min":45.8,"nearest_station_id":"kr_148","nearest_station_name":"Jeongja","nearest_station_name_ko":"정자","a":102,"c":104,"e":79,"g":102,"i":89,"k":94,"m":104,"o":109,"b":102,"d":104,"f":79,"h":102,"j":89,"l":94,"n":104,"p":109}},{"type":"Feature","geometry":{"type":"Polygon","coordinates":[[[126.61738,37.49106],[126.63396,37.51382],[126.6008,37.51382],[126.61738,37.49106]]]},"properties":{"row":4,"col":-9,"walk_min":78.5,"nearest_station_id":"kr_458","nearest_station_name":"Incheon","nearest_station_name_ko":"인천","a":120,"c":120,"e":120,"g":120,"i":120,"k":120,"m":120,"o":119,"b":120,"d":120,"f":120,"h":120,"j":120,"l":120,"n":120,"p":119}},{"type":"Feature","geometry":{"type":"Polygon","coordinates":[[[126.61738,37.49106],[126.65053,37.49106],[126.63396,37.51382],[126.61738,37.49106]]]},"properties":{"row":4,"col":-8,"walk_min":51.8,"nearest_station_id":"kr_330","nearest_station_name":"Dongincheon","nearest_station_name_ko":"동인천","a":116,"c":117,"e":120,"g":120,"i":118,"k":120,"m":120,"o":113,"b":116,"d":117,"f":120,"h":120,"j":118,"l":120,"n":120,"p":113}},{"type":"Feature","geometry":{"type":"Polygon","coordinates":[[[126.96551,37.24065],[126.99866,37.24065],[126.98209,37.26341],[126.96551,37.24065]]]},"properties":{"row":-7,"col":12,"walk_min":48.0,"nearest_station_id":"kr_043","nearest_station_name":"Suwon","nearest_station_name_ko":"수원","a":115,"c":116,"e":113,"g":120,"i":107,"k":119,"m":120,"o":115,"b":115,"d":116,"f":113,"h":120,"j":107,"l":119,"n":120,"p":115}},{"type":"Feature","geometry":{"type":"Polygon","coordinates":[[[127.1976,37.42276],[127.21417,37.44553],[127.18102,37.44553],[127.1976,37.42276]]]},"properties":{"row":1,"col":25,"walk_min":45.2,"nearest_station_id":"kr_236","nearest_station_name":"Samdong","nearest_station_name_ko":"삼동","a":107,"c":108,"e":86,"g":105,"i":96,"k":95,"m":104,"o":114,"b":107,"d":108,"f":86,"h":105,"j":96,"l":95,"n":104,"p":114}},{"type":"Feature","geometry":{"type":"Polygon","coordinates":[[[127.1976,37.42276],[127.23075,37.42276],[127.21417,37.44553],[127.1976,37.42276]]]},"properties":{"row":1,"col":26,"walk_min":46.9,"nearest_station_id":"kr_236","nearest_station_name":"Samdong","nearest_station_name_ko":"삼동","a":112,"c":114,"e":90,"g":112,"i":99,"k":104,"m":114,"o":119,"b":112,"d":114,"f":90,"h":112,"j":99,"l":104,"n":114,"p":119}},{"type":"Feature","geometry":{"type":"Polygon","coordinates":[[[127.0484,37.21788],[127.08155,37.21788],[127.06497,37.24065],[127.0484,37.21788]]]},"properties":{"row":-8,"col":18,"walk_min":49.2,"nearest_station_id":"kr_047","nearest_station_name":"Byeongjeom","nearest_station_name_ko":"병점","a":120,"c":120,"e":119,"g":120,"i":115,"k":120,"m":120,"o":120,"b":120,"d":120,"f":119,"h":120,"j":115,"l":120,"n":120,"p":120}},{"type":"Feature","geometry":{"type":"Polygon","coordinates":[[[126.84947,37.26341],[126.88262,37.26341],[126.86604,37.28618],[126.84947,37.26341]]]},"properties":{"row":-6,"col":6,"walk_min":77.9,"nearest_station_id":"kr_114","nearest_station_name":"Sangnoksu","nearest_station_name_ko":"상록수","a":120,"c":120,"e":120,"g":120,"i":118,"k":120,"m":120,"o":120,"b":120,"d":120,"f":120,"h":120,"j":118,"l":120,"n":120,"p":120}},{"type":"Feature","geometry":{"type":"Polygon","coordinates":[[[126.84947,37.26341],[126.86604,37.28618],[126.83289,37.28618],[126.84947,37.26341]]]},"properties":{"row":-6,"col":5,"walk_min":65.0,"nearest_station_id":"kr_114","nearest_station_name":"Sangnoksu","nearest_station_name_ko":"상록수","a":120,"c":120,"e":120,"g":120,"i":117,"k":120,"m":120,"o":120,"b":120,"d":120,"f":120,"h":120,"j":117,"l":120,"n":120,"p":120}},{"type":"Feature","geometry":{"type":"Polygon","coordinates":[[[126.88262,37.26341],[126.8992,37.28618],[126.86604,37.28618],[126.88262,37.26341]]]},"properties":{"row":-6,"col":7,"walk_min":54.8,"nearest_station_id":"kr_114","nearest_station_name":"Sangnoksu","nearest_station_name_ko":"상록수","a":117,"c":119,"e":115,"g":120,"i":106,"k":120,"m":120,"o":117,"b":117,"d":119,"f":115,"h":120,"j":106,"l":120,"n":120,"p":117}},{"type":"Feature","geometry":{"type":"Polygon","coordinates":[[[126.71684,37.30894],[126.75,37.30894],[126.73342,37.33171],[126.71684,37.30894]]]},"properties":{"row":-4,"col":-2,"walk_min":61.5,"nearest_station_id":"kr_427","nearest_station_name":"Singiloncheon","nearest_station_name_ko":"신길온천","a":120,"c":120,"e":120,"g":120,"i":118,"k":120,"m":120,"o":120,"b":120,"d":120,"f":120,"h":120,"j":118,"l":120,"n":120,"p":120}},{"type":"Feature","geometry":{"type":"Polygon","coordinates":[[[127.08155,37.76423],[127.09813,37.787],[127.06497,37.787],[127.08155,37.76423]]]},"properties":{"row":16,"col":19,"walk_min":47.1,"nearest_station_id":"kr_092","nearest_station_name":"Yangju","nearest_station_name_ko":"양주","a":110,"c":109,"e":116,"g":109,"i":120,"k":116,"m":110,"o":115,"b":110,"d":109,"f":116,"h":109,"j":120,"l":116,"n":110,"p":115}},{"type":"Feature","geometry":{"type":"Polygon","coordinates":[[[126.91578,37.67317],[126.93235,37.69594],[126.8992,37.69594],[126.91578,37.67317]]]},"properties":{"row":12,"col":9,"walk_min":64.5,"nearest_station_id":"kr_115","nearest_station_name":"Samsong","nearest_station_name_ko":"삼송","a":102,"c":99,"e":113,"g":106,"i":113,"k":114,"m":112,"o":111,"b":102,"d":99,"f":113,"h":106,"j":113,"l":114,"n":112,"p":111}},{"type":"Feature","geometry":{"type":"Polygon","coordinates":[[[126.91578,37.67317],[126.94893,37.67317],[126.93235,37.69594],[126.91578,37.67317]]]},"properties":{"row":12,"col":10,"walk_min":54.4,"nearest_station_id":"kr_104","nearest_station_name":"Jichuk","nearest_station_name_ko":"지축","a":88,"c":86,"e":104,"g":92,"i":106,"k":109,"m":101,"o":97,"b":88,"d":86,"f":104,"h":92,"j":106,"l":109,"n":101,"p":97}},{"type":"Feature","geometry":{"type":"Polygon","coordinates":[[[126.99866,37.787],[127.03182,37.787],[127.01524,37.80976],[126.99866,37.787]]]},"properties":{"row":17,"col":14,"walk_min":46.2,"nearest_station_id":"kr_092","nearest_station_name":"Yangju","nearest_station_name_ko":"양주","a":110,"c":109,"e":118,"g":109,"i":120,"k":117,"m":110,"o":116,"b":110,"d":109,"f":118,"h":109,"j":120,"l":117,"n":110,"p":116}},{"type":"Feature","geometry":{"type":"Polygon","coordinates":[[[126.71684,37.30894],[126.73342,37.33171],[126.70027,37.33171],[126.71684,37.30894]]]},"properties":{"row":-4,"col":-3,"walk_min":52.3,"nearest_station_id":"kr_351","nearest_station_name":"Jeongwang","nearest_station_name_ko":"정왕","a":120,"c":120,"e":120,"g":120,"i":119,"k":120,"m":120,"o":120,"b":120,"d":120,"f":120,"h":120,"j":119,"l":120,"n":120,"p":120}},{"type":"Feature","geometry":{"type":"Polygon","coordinates":[[[127.14786,37.4],[127.18102,37.4],[127.16444,37.42276],[127.14786,37.4]]]},"properties":{"row":0,"col":24,"walk_min":43.5,"nearest_station_id":"kr_353","nearest_station_name":"Sujin","nearest_station_name_ko":"수진","a":105,"c":106,"e":82,"g":101,"i":92,"k":87,"m":97,"o":111,"b":105,"d":106,"f":82,"h":101,"j":92,"l":87,"n":97,"p":111}},{"type":"Feature","geometry":{"type":"Polygon","coordinates":[[[126.56765,37.46829],[126.6008,37.46829],[126.58422,37.49106],[126.56765,37.46829]]]},"properties":{"row":3,"col":-12,"walk_min":38.2,"nearest_station_id":"kr_458","nearest_station_name":"Incheon","nearest_station_name_ko":"인천","a":106,"c":108,"e":112,"g":115,"i":109,"k":120,"m":120,"o":102,"b":106,"d":108,"f":112,"h":115,"j":109,"l":120,"n":120,"p":102}},{"type":"Feature","geometry":{"type":"Polygon","coordinates":[[[127.11471,37.30894],[127.14786,37.30894],[127.13129,37.33171],[127.11471,37.30894]]]},"properties":{"row":-4,"col":22,"walk_min":55.5,"nearest_station_id":"kr_233","nearest_station_name":"Suji-gu Office","nearest_station_name_ko":"수지구청","a":115,"c":116,"e":98,"g":115,"i":106,"k":110,"m":116,"o":117,"b":115,"d":116,"f":98,"h":115,"j":106,"l":110,"n":116,"p":117}},{"type":"Feature","geometry":{"type":"Polygon","coordinates":[[[126.58422,37.44553],[126.6008,37.46829],[126.56765,37.46829],[126.58422,37.44553]]]},"properties":{"row":2,"col":-11,"walk_min":55.6,"nearest_station_id":"kr_458","nearest_station_name":"Incheon","nearest_station_name_ko":"인천","a":120,"c":120,"e":120,"g":120,"i":120,"k":120,"m":120,"o":116,"b":120,"d":120,"f":120,"h":120,"j":120,"l":120,"n":120,"p":116}},{"type":"Feature","geometry":{"type":"Polygon","coordinates":[[[126.81631,37.4],[126.84947,37.4],[126.83289,37.42276],[126.81631,37.4]]]},"properties":{"row":0,"col":4,"walk_min":79.2,"nearest_station_id":"kr_442","nearest_station_name":"Gwangmyeong","nearest_station_name_ko":"광명","a":110,"c":112,"e":117,"g":118,"i":114,"k":119,"m":119,"o":111,"b":101,"d":104,"f":117,"h":113,"j":114,"l":119,"n":118,"p":111}},{"type":"Feature","geometry":{"type":"Polygon","coordinates":[[[126.75,37.53659],[126.78316,37.53659],[126.76658,37.55935],[126.75,37.53659]]]},"properties":{"row":6,"col":0,"walk_min":60.1,"nearest_station_id":"kr_189","nearest_station_name":"Gimpo Int'l Airport","nearest_station_name_ko":"김포공항","a":102,"c":102,"e":110,"g":113,"i":106,"k":116,"m":117,"o":93,"b":102,"d":102,"f":110,"h":113,"j":106,"l":116,"n":117,"p":93}},{"type":"Feature","geometry":{"type":"Polygon","coordinates":[[[127.16444,37.74147],[127.1976,37.74147],[127.18102,37.76423],[127.16444,37.74147]]]},"properties":{"row":15,"col":24,"walk_min":65.9,"nearest_station_id":"kr_470","nearest_station_name":"Jinjeop","nearest_station_name_ko":"진접","a":117,"c":116,"e":120,"g":116,"i":120,"k":120,"m":119,"o":119,"b":117,"d":116,"f":120,"h":116,"j":120,"l":120,"n":119,"p":119}},{"type":"Feature","geometry":{"type":"Polygon","coordinates":[[[127.1976,37.74147],[127.21417,37.76423],[127.18102,37.76423],[127.1976,37.74147]]]},"properties":{"row":15,"col":25,"walk_min":61.2,"nearest_station_id":"kr_470","nearest_station_name":"Jinjeop","nearest_station_name_ko":"진접","a":118,"c":117,"e":120,"g":117,"i":120,"k":120,"m":119,"o":120,"b":118,"d":117,"f":120,"h":117,"j":120,"l":120,"n":119,"p":120}},{"type":"Feature","geometry":{"type":"Polygon","coordinates":[[[126.81631,37.67317],[126.83289,37.69594],[126.79973,37.69594],[126.81631,37.67317]]]},"properties":{"row":12,"col":3,"walk_min":62.0,"nearest_station_id":"kr_145","nearest_station_name":"Wondang","nearest_station_name_ko":"원당","a":109,"c":107,"e":117,"g":113,"i":118,"k":119,"m":116,"o":115,"b":109,"d":107,"f":117,"h":113,"j":118,"l":119,"n":116,"p":115}},{"type":"Feature","geometry":{"type":"Polygon","coordinates":[[[126.78316,37.35447],[126.79973,37.37724],[126.76658,37.37724],[126.78316,37.35447]]]},"properties":{"row":-2,"col":1,"walk_min":52.5,"nearest_station_id":"kr_427","nearest_station_name":"Singiloncheon","nearest_station_name_ko":"신길온천","a":120,"c":120,"e":120,"g":120,"i":116,"k":120,"m":120,"o":120,"b":120,"d":120,"f":120,"h":120,"j":116,"l":120,"n":120,"p":120}},{"type":"Feature","geometry":{"type":"Polygon","coordinates":[[[126.78316,37.35447],[126.81631,37.35447],[126.79973,37.37724],[126.78316,37.35447]]]},"properties":{"row":-2,"col":2,"walk_min":54.4,"nearest_station_id":"kr_427","nearest_station_name":"Singiloncheon","nearest_station_name_ko":"신길온천","a":120,"c":120,"e":120,"g":120,"i":119,"k":120,"m":120,"o":120,"b":120,"d":120,"f":120,"h":120,"j":119,"l":120,"n":120,"p":120}},{"type":"Feature","geometry":{"type":"Polygon","coordinates":[[[127.14786,37.67317],[127.16444,37.69594],[127.13129,37.69594],[127.14786,37.67317]]]},"properties":{"row":12,"col":23,"walk_min":67.3,"nearest_station_id":"kr_310","nearest_station_name":"Byeollaebyeolgaram","nearest_station_name_ko":"별내별가람","a":116,"c":115,"e":119,"g":115,"i":120,"k":120,"m":118,"o":119,"b":116,"d":115,"f":119,"h":115,"j":120,"l":120,"n":118,"p":119}},{"type":"Feature","geometry":{"type":"Polygon","coordinates":[[[126.88262,37.26341],[126.91578,37.26341],[126.8992,37.28618],[126.88262,37.26341]]]},"properties":{"row":-6,"col":8,"walk_min":78.0,"nearest_station_id":"kr_415","nearest_station_name":"Banwol","nearest_station_name_ko":"반월","a":120,"c":120,"e":120,"g":120,"i":119,"k":120,"m":120,"o":120,"b":120,"d":120,"f":120,"h":120,"j":119,"l":120,"n":120,"p":120}},{"type":"Feature","geometry":{"type":"Polygon","coordinates":[[[126.94893,37.62765],[126.98209,37.62765],[126.96551,37.65041],[126.94893,37.62765]]]},"properties":{"row":10,"col":12,"walk_min":54.1,"nearest_station_id":"kr_409","nearest_station_name":"독바위","nearest_station_name_ko":"독바위","a":81,"c":78,"e":98,"g":84,"i":101,"k":105,"m":94,"o":89,"b":81,"d":78,"f":98,"h":84,"j":101,"l":105,"n":94,"p":89}},{"type":"Feature","geometry":{"type":"Polygon","coordinates":[[[126.83289,37.42276],[126.84947,37.44553],[126.81631,37.44553],[126.83289,37.42276]]]},"properties":{"row":1,"col":3,"walk_min":59.4,"nearest_station_id":"kr_442","nearest_station_name":"Gwangmyeong","nearest_station_name_ko":"광명","a":95,"c":98,"e":103,"g":109,"i":101,"k":113,"m":115,"o":94,"b":89,"d":92,"f":103,"h":104,"j":101,"l":113,"n":113,"p":94}},{"type":"Feature","geometry":{"type":"Polygon","coordinates":[[[126.73342,37.42276],[126.75,37.44553],[126.71684,37.44553],[126.73342,37.42276]]]},"properties":{"row":1,"col":-3,"walk_min":61.0,"nearest_station_id":"kr_378","nearest_station_name":"Dongam","nearest_station_name_ko":"동암","a":111,"c":112,"e":116,"g":117,"i":113,"k":120,"m":120,"o":110,"b":111,"d":112,"f":116,"h":117,"j":113,"l":120,"n":120,"p":110}},{"type":"Feature","geometry":{"type":"Polygon","coordinates":[[[126.94893,37.26341],[126.96551,37.28618],[126.93235,37.28618],[126.94893,37.26341]]]},"properties":{"row":-6,"col":11,"walk_min":45.6,"nearest_station_id":"kr_086","nearest_station_name":"Sungkyunkwan University","nearest_station_name_ko":"성균관대","a":108,"c":110,"e":106,"g":119,"i":95,"k":118,"m":120,"o":108,"b":108,"d":110,"f":106,"h":119,"j":95,"l":118,"n":120,"p":108}},{"type":"Feature","geometry":{"type":"Polygon","coordinates":[[[126.70027,37.33171],[126.71684,37.35447],[126.68369,37.35447],[126.70027,37.33171]]]},"properties":{"row":-3,"col":-5,"walk_min":54.9,"nearest_station_id":"kr_428","nearest_station_name":"Oido","nearest_station_name_ko":"오이도","a":120,"c":120,"e":120,"g":120,"i":120,"k":120,"m":120,"o":120,"b":120,"d":120,"f":120,"h":120,"j":120,"l":120,"n":120,"p":120}},{"type":"Feature","geometry":{"type":"Polygon","coordinates":[[[126.98209,37.35447],[127.01524,37.35447],[126.99866,37.37724],[126.98209,37.35447]]]},"properties":{"row":-2,"col":14,"walk_min":61.9,"nearest_station_id":"kr_072","nearest_station_name":"Gunpo","nearest_station_name_ko":"군포","a":111,"c":113,"e":108,"g":118,"i":97,"k":116,"m":119,"o":112,"b":111,"d":113,"f":108,"h":118,"j":97,"l":116,"n":119,"p":112}},{"type":"Feature","geometry":{"type":"Polygon","coordinates":[[[127.01524,37.35447],[127.03182,37.37724],[126.99866,37.37724],[127.01524,37.35447]]]},"properties":{"row":-2,"col":15,"walk_min":68.0,"nearest_station_id":"kr_325","nearest_station_name":"Indeogwon","nearest_station_name_ko":"인덕원","a":109,"c":111,"e":102,"g":116,"i":91,"k":112,"m":117,"o":113,"b":109,"d":111,"f":102,"h":116,"j":91,"l":112,"n":117,"p":113}},{"type":"Feature","geometry":{"type":"Polygon","coordinates":[[[126.99866,37.37724],[127.03182,37.37724],[127.01524,37.4],[126.99866,37.37724]]]},"properties":{"row":-1,"col":14,"walk_min":59.4,"nearest_station_id":"kr_325","nearest_station_name":"Indeogwon","nearest_station_name_ko":"인덕원","a":101,"c":104,"e":92,"g":114,"i":81,"k":107,"m":115,"o":109,"b":101,"d":104,"f":92,"h":114,"j":81,"l":107,"n":115,"p":109}},{"type":"Feature","geometry":{"type":"Polygon","coordinates":[[[127.13129,37.28618],[127.14786,37.30894],[127.11471,37.30894],[127.13129,37.28618]]]},"properties":{"row":-5,"col":21,"walk_min":64.9,"nearest_station_id":"kr_233","nearest_station_name":"Suji-gu Office","nearest_station_name_ko":"수지구청","a":120,"c":120,"e":108,"g":120,"i":115,"k":117,"m":120,"o":120,"b":120,"d":120,"f":108,"h":120,"j":115,"l":117,"n":120,"p":120}},{"type":"Feature","geometry":{"type":"Polygon","coordinates":[[[126.83289,37.33171],[126.84947,37.35447],[126.81631,37.35447],[126.83289,37.33171]]]},"properties":{"row":-3,"col":3,"walk_min":44.9,"nearest_station_id":"kr_426","nearest_station_name":"Gojan","nearest_station_name_ko":"고잔","a":120,"c":120,"e":116,"g":120,"i":106,"k":120,"m":120,"o":120,"b":120,"d":120,"f":116,"h":120,"j":106,"l":120,"n":120,"p":120}},{"type":"Feature","geometry":{"type":"Polygon","coordinates":[[[126.84947,37.58212],[126.86604,37.60488],[126.83289,37.60488],[126.84947,37.58212]]]},"properties":{"row":8,"col":5,"walk_min":58.4,"nearest_station_id":"kr_167","nearest_station_name":"Hwajeong","nearest_station_name_ko":"화정","a":100,"c":99,"e":112,"g":108,"i":109,"k":118,"m":116,"o":101,"b":100,"d":99,"f":112,"h":108,"j":109,"l":118,"n":116,"p":101}},{"type":"Feature","geometry":{"type":"Polygon","coordinates":[[[126.65053,37.49106],[126.66711,37.51382],[126.63396,37.51382],[126.65053,37.49106]]]},"properties":{"row":4,"col":-7,"walk_min":52.0,"nearest_station_id":"kr_330","nearest_station_name":"Dongincheon","nearest_station_name_ko":"동인천","a":112,"c":114,"e":119,"g":120,"i":117,"k":120,"m":120,"o":109,"b":112,"d":114,"f":119,"h":120,"j":117,"l":120,"n":120,"p":109}},{"type":"Feature","geometry":{"type":"Polygon","coordinates":[[[127.16444,37.37724],[127.18102,37.4],[127.14786,37.4],[127.16444,37.37724]]]},"properties":{"row":-1,"col":23,"walk_min":47.9,"nearest_station_id":"kr_108","nearest_station_name":"Imae","nearest_station_name_ko":"이매","a":105,"c":107,"e":81,"g":105,"i":91,"k":96,"m":107,"o":111,"b":105,"d":107,"f":81,"h":105,"j":91,"l":96,"n":107,"p":111}},{"type":"Feature","geometry":{"type":"Polygon","coordinates":[[[127.13129,37.69594],[127.16444,37.69594],[127.14786,37.7187],[127.13129,37.69594]]]},"properties":{"row":13,"col":22,"walk_min":67.5,"nearest_station_id":"kr_361","nearest_station_name":"Onam","nearest_station_name_ko":"오남","a":117,"c":116,"e":120,"g":116,"i":120,"k":120,"m":119,"o":119,"b":117,"d":116,"f":120,"h":116,"j":120,"l":120,"n":119,"p":119}},{"type":"Feature","geometry":{"type":"Polygon","coordinates":[[[126.96551,37.24065],[126.98209,37.26341],[126.94893,37.26341],[126.96551,37.24065]]]},"properties":{"row":-7,"col":11,"walk_min":56.1,"nearest_station_id":"kr_043","nearest_station_name":"Suwon","nearest_station_name_ko":"수원","a":120,"c":120,"e":118,"g":120,"i":112,"k":120,"m":120,"o":120,"b":120,"d":120,"f":118,"h":120,"j":112,"l":120,"n":120,"p":120}},{"type":"Feature","geometry":{"type":"Polygon","coordinates":[[[126.81631,37.26341],[126.84947,37.26341],[126.83289,37.28618],[126.81631,37.26341]]]},"properties":{"row":-6,"col":4,"walk_min":88.6,"nearest_station_id":"kr_425","nearest_station_name":"Hanyang University at Ansan","nearest_station_name_ko":"한대앞","a":120,"c":120,"e":120,"g":120,"i":120,"k":120,"m":120,"o":120,"b":120,"d":120,"f":120,"h":120,"j":120,"l":120,"n":120,"p":120}},{"type":"Feature","geometry":{"type":"Polygon","coordinates":[[[127.01524,37.80976],[127.03182,37.83253],[126.99866,37.83253],[127.01524,37.80976]]]},"properties":{"row":18,"col":15,"walk_min":83.3,"nearest_station_id":"kr_447","nearest_station_name":"Deokgye","nearest_station_name_ko":"덕계","a":120,"c":120,"e":120,"g":120,"i":120,"k":120,"m":120,"o":120,"b":120,"d":120,"f":120,"h":120,"j":120,"l":120,"n":120,"p":120}},{"type":"Feature","geometry":{"type":"Polygon","coordinates":[[[127.21417,37.58212],[127.23075,37.60488],[127.1976,37.60488],[127.21417,37.58212]]]},"properties":{"row":8,"col":27,"walk_min":87.6,"nearest_station_id":"kr_331","nearest_station_name":"Misa","nearest_station_name_ko":"미사","a":120,"c":120,"e":119,"g":117,"i":120,"k":117,"m":120,"o":120,"b":120,"d":120,"f":119,"h":117,"j":120,"l":117,"n":120,"p":120}},{"type":"Feature","geometry":{"type":"Polygon","coordinates":[[[127.23075,37.55935],[127.24733,37.58212],[127.21417,37.58212],[127.23075,37.55935]]]},"properties":{"row":7,"col":27,"walk_min":112.4,"nearest_station_id":"kr_301","nearest_station_name":"하남풍산","nearest_station_name_ko":"하남풍산","a":120,"c":120,"e":120,"g":119,"i":120,"k":119,"m":120,"o":120,"b":120,"d":120,"f":120,"h":119,"j":120,"l":119,"n":120,"p":120}},{"type":"Feature","geometry":{"type":"Polygon","coordinates":[[[127.16444,37.65041],[127.18102,37.67317],[127.14786,37.67317],[127.16444,37.65041]]]},"properties":{"row":11,"col":23,"walk_min":56.5,"nearest_station_id":"kr_310","nearest_station_name":"Byeollaebyeolgaram","nearest_station_name_ko":"별내별가람","a":112,"c":111,"e":111,"g":104,"i":116,"k":109,"m":112,"o":119,"b":112,"d":111,"f":111,"h":104,"j":116,"l":109,"n":112,"p":119}},{"type":"Feature","geometry":{"type":"Polygon","coordinates":[[[127.18102,37.62765],[127.1976,37.65041],[127.16444,37.65041],[127.18102,37.62765]]]},"properties":{"row":10,"col":25,"walk_min":56.9,"nearest_station_id":"kr_352","nearest_station_name":"Dasan","nearest_station_name_ko":"다산","a":110,"c":110,"e":104,"g":98,"i":112,"k":100,"m":106,"o":115,"b":110,"d":110,"f":104,"h":98,"j":112,"l":100,"n":106,"p":115}},{"type":"Feature","geometry":{"type":"Polygon","coordinates":[[[126.68369,37.67317],[126.71684,37.67317],[126.70027,37.69594],[126.68369,37.67317]]]},"properties":{"row":12,"col":-4,"walk_min":59.0,"nearest_station_id":"kr_424","nearest_station_name":"Daehwa","nearest_station_name_ko":"대화","a":119,"c":119,"e":120,"g":120,"i":120,"k":120,"m":120,"o":120,"b":119,"d":119,"f":120,"h":120,"j":120,"l":120,"n":120,"p":120}},{"type":"Feature","geometry":{"type":"Polygon","coordinates":[[[127.09813,37.69594],[127.11471,37.7187],[127.08155,37.7187],[127.09813,37.69594]]]},"properties":{"row":13,"col":19,"walk_min":50.2,"nearest_station_id":"kr_467","nearest_station_name":"Jangam","nearest_station_name_ko":"장암","a":99,"c":97,"e":111,"g":97,"i":115,"k":111,"m":103,"o":109,"b":99,"d":97,"f":111,"h":97,"j":115,"l":111,"n":103,"p":109}},{"type":"Feature","geometry":{"type":"Polygon","coordinates":[[[126.73342,37.69594],[126.75,37.7187],[126.71684,37.7187],[126.73342,37.69594]]]},"properties":{"row":13,"col":-3,"walk_min":50.4,"nearest_station_id":"kr_424","nearest_station_name":"Daehwa","nearest_station_name_ko":"대화","a":120,"c":119,"e":120,"g":120,"i":120,"k":120,"m":120,"o":120,"b":120,"d":119,"f":120,"h":120,"j":120,"l":120,"n":120,"p":120}},{"type":"Feature","geometry":{"type":"Polygon","coordinates":[[[127.0484,37.35447],[127.08155,37.35447],[127.06497,37.37724],[127.0484,37.35447]]]},"properties":{"row":-2,"col":18,"walk_min":56.7,"nearest_station_id":"kr_148","nearest_station_name":"Jeongja","nearest_station_name_ko":"정자","a":113,"c":114,"e":90,"g":113,"i":100,"k":105,"m":114,"o":116,"b":113,"d":114,"f":90,"h":113,"j":100,"l":105,"n":114,"p":116}},{"type":"Feature","geometry":{"type":"Polygon","coordinates":[[[126.75,37.58212],[126.76658,37.60488],[126.73342,37.60488],[126.75,37.58212]]]},"properties":{"row":8,"col":-1,"walk_min":82.7,"nearest_station_id":"kr_429","nearest_station_name":"Gaehwa","nearest_station_name_ko":"개화","a":118,"c":118,"e":119,"g":120,"i":119,"k":120,"m":120,"o":113,"b":118,"d":118,"f":119,"h":120,"j":119,"l":120,"n":120,"p":113}},{"type":"Feature","geometry":{"type":"Polygon","coordinates":[[[126.76658,37.37724],[126.78316,37.4],[126.75,37.4],[126.76658,37.37724]]]},"properties":{"row":-1,"col":-1,"walk_min":83.2,"nearest_station_id":"kr_428","nearest_station_name":"Oido","nearest_station_name_ko":"오이도","a":120,"c":120,"e":120,"g":120,"i":120,"k":120,"m":120,"o":120,"b":120,"d":120,"f":120,"h":120,"j":120,"l":120,"n":120,"p":120}},{"type":"Feature","geometry":{"type":"Polygon","coordinates":[[[126.76658,37.69594],[126.78316,37.7187],[126.75,37.7187],[126.76658,37.69594]]]},"properties":{"row":13,"col":-1,"walk_min":51.9,"nearest_station_id":"kr_424","nearest_station_name":"Daehwa","nearest_station_name_ko":"대화","a":120,"c":119,"e":120,"g":120,"i":120,"k":120,"m":120,"o":120,"b":120,"d":119,"f":120,"h":120,"j":120,"l":120,"n":120,"p":120}},{"type":"Feature","geometry":{"type":"Polygon","coordinates":[[[126.66711,37.42276],[126.70027,37.42276],[126.68369,37.44553],[126.66711,37.42276]]]},"properties":{"row":1,"col":-6,"walk_min":46.7,"nearest_station_id":"kr_248","nearest_station_name":"Juan","nearest_station_name_ko":"주안","a":103,"c":105,"e":112,"g":117,"i":108,"k":120,"m":120,"o":99,"b":103,"d":105,"f":112,"h":117,"j":108,"l":120,"n":120,"p":99}},{"type":"Feature","geometry":{"type":"Polygon","coordinates":[[[126.99866,37.74147],[127.01524,37.76423],[126.98209,37.76423],[126.99866,37.74147]]]},"properties":{"row":15,"col":13,"walk_min":59.2,"nearest_station_id":"kr_421","nearest_station_name":"Nogyang","nearest_station_name_ko":"녹양","a":114,"c":113,"e":120,"g":113,"i":120,"k":120,"m":114,"o":119,"b":114,"d":113,"f":120,"h":113,"j":120,"l":120,"n":114,"p":119}},{"type":"Feature","geometry":{"type":"Polygon","coordinates":[[[126.98209,37.76423],[127.01524,37.76423],[126.99866,37.787],[126.98209,37.76423]]]},"properties":{"row":16,"col":14,"walk_min":59.3,"nearest_station_id":"kr_092","nearest_station_name":"Yangju","nearest_station_name_ko":"양주","a":116,"c":115,"e":120,"g":115,"i":120,"k":120,"m":116,"o":120,"b":116,"d":115,"f":120,"h":115,"j":120,"l":120,"n":116,"p":120}},{"type":"Feature","geometry":{"type":"Polygon","coordinates":[[[126.70027,37.65041],[126.71684,37.67317],[126.68369,37.67317],[126.70027,37.65041]]]},"properties":{"row":11,"col":-5,"walk_min":117.7,"nearest_station_id":"kr_424","nearest_station_name":"Daehwa","nearest_station_name_ko":"대화","a":120,"c":119,"e":120,"g":120,"i":120,"k":120,"m":120,"o":120,"b":120,"d":119,"f":120,"h":120,"j":120,"l":120,"n":120,"p":120}},{"type":"Feature","geometry":{"type":"Polygon","coordinates":[[[127.18102,37.44553],[127.21417,37.44553],[127.1976,37.46829],[127.18102,37.44553]]]},"properties":{"row":2,"col":26,"walk_min":51.7,"nearest_station_id":"kr_232","nearest_station_name":"Namhansanseong","nearest_station_name_ko":"남한산성입구","a":107,"c":109,"e":88,"g":101,"i":99,"k":87,"m":95,"o":114,"b":107,"d":109,"f":88,"h":101,"j":99,"l":87,"n":95,"p":114}},{"type":"Feature","geometry":{"type":"Polygon","coordinates":[[[126.79973,37.42276],[126.81631,37.44553],[126.78316,37.44553],[126.79973,37.42276]]]},"properties":{"row":1,"col":1,"walk_min":66.9,"nearest_station_id":"kr_451","nearest_station_name":"Sosa","nearest_station_name_ko":"소사","a":101,"c":103,"e":108,"g":111,"i":106,"k":114,"m":115,"o":98,"b":101,"d":103,"f":108,"h":111,"j":106,"l":114,"n":115,"p":98}},{"type":"Feature","geometry":{"type":"Polygon","coordinates":[[[127.21417,37.67317],[127.24733,37.67317],[127.23075,37.69594],[127.21417,37.67317]]]},"properties":{"row":12,"col":28,"walk_min":62.4,"nearest_station_id":"kr_361","nearest_station_name":"Onam","nearest_station_name_ko":"오남","a":117,"c":116,"e":120,"g":116,"i":120,"k":120,"m":120,"o":120,"b":117,"d":116,"f":120,"h":116,"j":120,"l":120,"n":120,"p":120}},{"type":"Feature","geometry":{"type":"Polygon","coordinates":[[[127.23075,37.69594],[127.26391,37.69594],[127.24733,37.7187],[127.23075,37.69594]]]},"properties":{"row":13,"col":28,"walk_min":54.9,"nearest_station_id":"kr_470","nearest_station_name":"Jinjeop","nearest_station_name_ko":"진접","a":119,"c":119,"e":120,"g":119,"i":120,"k":120,"m":120,"o":120,"b":119,"d":119,"f":120,"h":119,"j":120,"l":120,"n":120,"p":120}},{"type":"Feature","geometry":{"type":"Polygon","coordinates":[[[126.96551,37.65041],[126.98209,37.67317],[126.94893,37.67317],[126.96551,37.65041]]]},"properties":{"row":11,"col":11,"walk_min":71.2,"nearest_station_id":"kr_104","nearest_station_name":"Jichuk","nearest_station_name_ko":"지축","a":104,"c":102,"e":116,"g":107,"i":117,"k":118,"m":113,"o":111,"b":104,"d":102,"f":116,"h":107,"j":117,"l":118,"n":113,"p":111}},{"type":"Feature","geometry":{"type":"Polygon","coordinates":[[[127.1976,37.65041],[127.21417,37.67317],[127.18102,37.67317],[127.1976,37.65041]]]},"properties":{"row":11,"col":25,"walk_min":66.9,"nearest_station_id":"kr_352","nearest_station_name":"Dasan","nearest_station_name_ko":"다산","a":120,"c":119,"e":120,"g":118,"i":120,"k":120,"m":120,"o":120,"b":120,"d":119,"f":120,"h":118,"j":120,"l":120,"n":120,"p":120}},{"type":"Feature","geometry":{"type":"Polygon","coordinates":[[[127.1976,37.65041],[127.23075,37.65041],[127.21417,37.67317],[127.1976,37.65041]]]},"properties":{"row":11,"col":26,"walk_min":90.7,"nearest_station_id":"kr_361","nearest_station_name":"Onam","nearest_station_name_ko":"오남","a":119,"c":119,"e":120,"g":119,"i":120,"k":120,"m":120,"o":120,"b":119,"d":119,"f":120,"h":119,"j":120,"l":120,"n":120,"p":120}},{"type":"Feature","geometry":{"type":"Polygon","coordinates":[[[126.88262,37.35447],[126.8992,37.37724],[126.86604,37.37724],[126.88262,37.35447]]]},"properties":{"row":-2,"col":7,"walk_min":66.9,"nearest_station_id":"kr_364","nearest_station_name":"Surisan","nearest_station_name_ko":"수리산","a":110,"c":111,"e":114,"g":117,"i":106,"k":119,"m":119,"o":110,"b":105,"d":107,"f":114,"h":113,"j":106,"l":119,"n":117,"p":110}},{"type":"Feature","geometry":{"type":"Polygon","coordinates":[[[127.14786,37.7187],[127.16444,37.74147],[127.13129,37.74147],[127.14786,37.7187]]]},"properties":{"row":14,"col":23,"walk_min":93.0,"nearest_station_id":"kr_361","nearest_station_name":"Onam","nearest_station_name_ko":"오남","a":120,"c":120,"e":120,"g":120,"i":120,"k":120,"m":120,"o":120,"b":120,"d":120,"f":120,"h":120,"j":120,"l":120,"n":120,"p":120}},{"type":"Feature","geometry":{"type":"Polygon","coordinates":[[[127.23075,37.74147],[127.24733,37.76423],[127.21417,37.76423],[127.23075,37.74147]]]},"properties":{"row":15,"col":27,"walk_min":46.0,"nearest_station_id":"kr_470","nearest_station_name":"Jinjeop","nearest_station_name_ko":"진접","a":114,"c":112,"e":120,"g":112,"i":120,"k":120,"m":120,"o":120,"b":114,"d":112,"f":120,"h":112,"j":120,"l":120,"n":120,"p":120}},{"type":"Feature","geometry":{"type":"Polygon","coordinates":[[[127.24733,37.7187],[127.26391,37.74147],[127.23075,37.74147],[127.24733,37.7187]]]},"properties":{"row":14,"col":29,"walk_min":46.0,"nearest_station_id":"kr_470","nearest_station_name":"Jinjeop","nearest_station_name_ko":"진접","a":114,"c":112,"e":120,"g":112,"i":120,"k":120,"m":120,"o":120,"b":114,"d":112,"f":120,"h":112,"j":120,"l":120,"n":120,"p":120}},{"type":"Feature","geometry":{"type":"Polygon","coordinates":[[[127.23075,37.74147],[127.26391,37.74147],[127.24733,37.76423],[127.23075,37.74147]]]},"properties":{"row":15,"col":28,"walk_min":46.0,"nearest_station_id":"kr_470","nearest_station_name":"Jinjeop","nearest_station_name_ko":"진접","a":114,"c":112,"e":120,"g":112,"i":120,"k":120,"m":120,"o":120,"b":114,"d":112,"f":120,"h":112,"j":120,"l":120,"n":120,"p":120}},{"type":"Feature","geometry":{"type":"Polygon","coordinates":[[[126.99866,37.83253],[127.03182,37.83253],[127.01524,37.85529],[126.99866,37.83253]]]},"properties":{"row":19,"col":14,"walk_min":84.1,"nearest_station_id":"kr_447","nearest_station_name":"Deokgye","nearest_station_name_ko":"덕계","a":120,"c":120,"e":120,"g":120,"i":120,"k":120,"m":120,"o":120,"b":120,"d":120,"f":120,"h":120,"j":120,"l":120,"n":120,"p":120}},{"type":"Feature","geometry":{"type":"Polygon","coordinates":[[[126.73342,37.55935],[126.76658,37.55935],[126.75,37.58212],[126.73342,37.55935]]]},"properties":{"row":7,"col":-2,"walk_min":73.2,"nearest_station_id":"kr_429","nearest_station_name":"Gaehwa","nearest_station_name_ko":"개화","a":114,"c":113,"e":115,"g":117,"i":114,"k":119,"m":120,"o":104,"b":114,"d":113,"f":115,"h":117,"j":114,"l":119,"n":120,"p":104}},{"type":"Feature","geometry":{"type":"Polygon","coordinates":[[[127.08155,37.17235],[127.11471,37.17235],[127.09813,37.19512],[127.08155,37.17235]]]},"properties":{"row":-10,"col":20,"walk_min":56.5,"nearest_station_id":"kr_416","nearest_station_name":"Osan College","nearest_station_name_ko":"오산대","a":120,"c":120,"e":120,"g":120,"i":120,"k":120,"m":120,"o":120,"b":120,"d":120,"f":120,"h":120,"j":120,"l":120,"n":120,"p":120}},{"type":"Feature","geometry":{"type":"Polygon","coordinates":[[[126.76658,37.42276],[126.78316,37.44553],[126.75,37.44553],[126.76658,37.42276]]]},"properties":{"row":1,"col":-1,"walk_min":71.0,"nearest_station_id":"kr_060","nearest_station_name":"Bucheon","nearest_station_name_ko":"부천","a":108,"c":109,"e":113,"g":115,"i":111,"k":119,"m":119,"o":106,"b":108,"d":109,"f":113,"h":115,"j":111,"l":119,"n":119,"p":106}},{"type":"Feature","geometry":{"type":"Polygon","coordinates":[[[126.76658,37.42276],[126.79973,37.42276],[126.78316,37.44553],[126.76658,37.42276]]]},"properties":{"row":1,"col":0,"walk_min":77.8,"nearest_station_id":"kr_060","nearest_station_name":"Bucheon","nearest_station_name_ko":"부천","a":114,"c":116,"e":118,"g":119,"i":118,"k":119,"m":120,"o":111,"b":114,"d":116,"f":118,"h":119,"j":118,"l":119,"n":120,"p":111}},{"type":"Feature","geometry":{"type":"Polygon","coordinates":[[[127.09813,37.42276],[127.11471,37.44553],[127.08155,37.44553],[127.09813,37.42276]]]},"properties":{"row":1,"col":19,"walk_min":55.8,"nearest_station_id":"kr_439","nearest_station_name":"Moran","nearest_station_name_ko":"모란","a":109,"c":110,"e":90,"g":104,"i":99,"k":90,"m":101,"o":113,"b":109,"d":110,"f":90,"h":104,"j":99,"l":90,"n":101,"p":113}},{"type":"Feature","geometry":{"type":"Polygon","coordinates":[[[127.14786,37.35447],[127.18102,37.35447],[127.16444,37.37724],[127.14786,37.35447]]]},"properties":{"row":-2,"col":24,"walk_min":81.2,"nearest_station_id":"kr_148","nearest_station_name":"Jeongja","nearest_station_name_ko":"정자","a":119,"c":119,"e":109,"g":119,"i":115,"k":118,"m":119,"o":120,"b":119,"d":119,"f":109,"h":119,"j":115,"l":118,"n":119,"p":120}},{"type":"Feature","geometry":{"type":"Polygon","coordinates":[[[126.79973,37.69594],[126.83289,37.69594],[126.81631,37.7187],[126.79973,37.69594]]]},"properties":{"row":13,"col":2,"walk_min":80.9,"nearest_station_id":"kr_350","nearest_station_name":"Juyeop","nearest_station_name_ko":"주엽","a":118,"c":117,"e":120,"g":119,"i":120,"k":120,"m":120,"o":120,"b":118,"d":117,"f":120,"h":119,"j":120,"l":120,"n":120,"p":120}},{"type":"Feature","geometry":{"type":"Polygon","coordinates":[[[127.0484,37.4],[127.06497,37.42276],[127.03182,37.42276],[127.0484,37.4]]]},"properties":{"row":0,"col":17,"walk_min":60.8,"nearest_station_id":"kr_040","nearest_station_name":"Cheonggyesan","nearest_station_name_ko":"청계산입구","a":95,"c":97,"e":77,"g":101,"i":79,"k":93,"m":104,"o":103,"b":95,"d":97,"f":77,"h":101,"j":79,"l":93,"n":104,"p":103}},{"type":"Feature","geometry":{"type":"Polygon","coordinates":[[[126.98209,37.67317],[127.01524,37.67317],[126.99866,37.69594],[126.98209,37.67317]]]},"properties":{"row":12,"col":14,"walk_min":59.6,"nearest_station_id":"kr_395","nearest_station_name":"Banghak (Dobong-gu Office)","nearest_station_name_ko":"방학(도봉구청)","a":99,"c":97,"e":110,"g":97,"i":116,"k":111,"m":101,"o":107,"b":99,"d":97,"f":110,"h":97,"j":116,"l":111,"n":101,"p":107}},{"type":"Feature","geometry":{"type":"Polygon","coordinates":[[[126.99866,37.19512],[127.01524,37.21788],[126.98209,37.21788],[126.99866,37.19512]]]},"properties":{"row":-9,"col":13,"walk_min":69.0,"nearest_station_id":"kr_047","nearest_station_name":"Byeongjeom","nearest_station_name_ko":"병점","a":120,"c":120,"e":120,"g":120,"i":119,"k":120,"m":120,"o":120,"b":120,"d":120,"f":120,"h":120,"j":119,"l":120,"n":120,"p":120}},{"type":"Feature","geometry":{"type":"Polygon","coordinates":[[[126.68369,37.30894],[126.71684,37.30894],[126.70027,37.33171],[126.68369,37.30894]]]},"properties":{"row":-4,"col":-4,"walk_min":73.3,"nearest_station_id":"kr_351","nearest_station_name":"Jeongwang","nearest_station_name_ko":"정왕","a":120,"c":120,"e":120,"g":120,"i":120,"k":120,"m":120,"o":120,"b":120,"d":120,"f":120,"h":120,"j":120,"l":120,"n":120,"p":120}},{"type":"Feature","geometry":{"type":"Polygon","coordinates":[[[127.21417,37.49106],[127.23075,37.51382],[127.1976,37.51382],[127.21417,37.49106]]]},"properties":{"row":4,"col":27,"walk_min":73.2,"nearest_station_id":"kr_469","nearest_station_name":"Hanam Geomdansan","nearest_station_name_ko":"하남검단산","a":118,"c":118,"e":114,"g":112,"i":119,"k":112,"m":116,"o":120,"b":118,"d":118,"f":114,"h":112,"j":119,"l":112,"n":116,"p":120}},{"type":"Feature","geometry":{"type":"Polygon","coordinates":[[[126.71684,37.62765],[126.75,37.62765],[126.73342,37.65041],[126.71684,37.62765]]]},"properties":{"row":10,"col":-2,"walk_min":132.4,"nearest_station_id":"kr_424","nearest_station_name":"Daehwa","nearest_station_name_ko":"대화","a":120,"c":120,"e":120,"g":120,"i":120,"k":120,"m":120,"o":120,"b":120,"d":120,"f":120,"h":120,"j":120,"l":120,"n":120,"p":120}},{"type":"Feature","geometry":{"type":"Polygon","coordinates":[[[127.08155,37.21788],[127.09813,37.24065],[127.06497,37.24065],[127.08155,37.21788]]]},"properties":{"row":-8,"col":19,"walk_min":72.8,"nearest_station_id":"kr_466","nearest_station_name":"Seodongtan","nearest_station_name_ko":"서동탄","a":120,"c":120,"e":120,"g":120,"i":120,"k":120,"m":120,"o":120,"b":120,"d":120,"f":120,"h":120,"j":120,"l":120,"n":120,"p":120}},{"type":"Feature","geometry":{"type":"Polygon","coordinates":[[[127.09813,37.19512],[127.11471,37.21788],[127.08155,37.21788],[127.09813,37.19512]]]},"properties":{"row":-9,"col":19,"walk_min":65.2,"nearest_station_id":"kr_466","nearest_station_name":"Seodongtan","nearest_station_name_ko":"서동탄","a":120,"c":120,"e":120,"g":120,"i":120,"k":120,"m":120,"o":120,"b":120,"d":120,"f":120,"h":120,"j":120,"l":120,"n":120,"p":120}},{"type":"Feature","geometry":{"type":"Polygon","coordinates":[[[127.21417,37.44553],[127.23075,37.46829],[127.1976,37.46829],[127.21417,37.44553]]]},"properties":{"row":2,"col":27,"walk_min":73.7,"nearest_station_id":"kr_232","nearest_station_name":"Namhansanseong","nearest_station_name_ko":"남한산성입구","a":119,"c":119,"e":108,"g":118,"i":116,"k":106,"m":113,"o":120,"b":119,"d":119,"f":108,"h":118,"j":116,"l":106,"n":113,"p":120}},{"type":"Feature","geometry":{"type":"Polygon","coordinates":[[[127.1976,37.46829],[127.23075,37.46829],[127.21417,37.49106],[127.1976,37.46829]]]},"properties":{"row":3,"col":26,"walk_min":77.5,"nearest_station_id":"kr_232","nearest_station_name":"Namhansanseong","nearest_station_name_ko":"남한산성입구","a":119,"c":119,"e":107,"g":115,"i":115,"k":103,"m":112,"o":120,"b":119,"d":119,"f":107,"h":115,"j":115,"l":103,"n":112,"p":120}},{"type":"Feature","geometry":{"type":"Polygon","coordinates":[[[126.96551,37.69594],[126.99866,37.69594],[126.98209,37.7187],[126.96551,37.69594]]]},"properties":{"row":13,"col":12,"walk_min":82.6,"nearest_station_id":"kr_449","nearest_station_name":"Mangwolsa (Shinhan University)","nearest_station_name_ko":"망월사(신한대학교)","a":118,"c":118,"e":119,"g":118,"i":120,"k":119,"m":118,"o":119,"b":118,"d":118,"f":119,"h":118,"j":120,"l":119,"n":118,"p":119}},{"type":"Feature","geometry":{"type":"Polygon","coordinates":[[[126.65053,37.53659],[126.68369,37.53659],[126.66711,37.55935],[126.65053,37.53659]]]},"properties":{"row":6,"col":-6,"walk_min":77.9,"nearest_station_id":"kr_258","nearest_station_name":"Sangok","nearest_station_name_ko":"산곡","a":118,"c":119,"e":120,"g":120,"i":120,"k":120,"m":120,"o":118,"b":118,"d":119,"f":120,"h":120,"j":120,"l":120,"n":120,"p":118}},{"type":"Feature","geometry":{"type":"Polygon","coordinates":[[[126.68369,37.53659],[126.70027,37.55935],[126.66711,37.55935],[126.68369,37.53659]]]},"properties":{"row":6,"col":-5,"walk_min":73.2,"nearest_station_id":"kr_258","nearest_station_name":"Sangok","nearest_station_name_ko":"산곡","a":119,"c":120,"e":120,"g":120,"i":120,"k":120,"m":120,"o":119,"b":119,"d":120,"f":120,"h":120,"j":120,"l":120,"n":120,"p":119}},{"type":"Feature","geometry":{"type":"Polygon","coordinates":[[[127.06497,37.24065],[127.08155,37.26341],[127.0484,37.26341],[127.06497,37.24065]]]},"properties":{"row":-7,"col":17,"walk_min":59.2,"nearest_station_id":"kr_357","nearest_station_name":"Gwanggyo Jungang","nearest_station_name_ko":"광교중앙","a":120,"c":120,"e":116,"g":120,"i":119,"k":120,"m":120,"o":120,"b":120,"d":120,"f":116,"h":120,"j":119,"l":120,"n":120,"p":120}},{"type":"Feature","geometry":{"type":"Polygon","coordinates":[[[126.63396,37.51382],[126.66711,37.51382],[126.65053,37.53659],[126.63396,37.51382]]]},"properties":{"row":5,"col":-8,"walk_min":65.5,"nearest_station_id":"kr_258","nearest_station_name":"Sangok","nearest_station_name_ko":"산곡","a":116,"c":118,"e":120,"g":120,"i":119,"k":120,"m":120,"o":115,"b":116,"d":118,"f":120,"h":120,"j":119,"l":120,"n":120,"p":115}},{"type":"Feature","geometry":{"type":"Polygon","coordinates":[[[126.99866,37.33171],[127.01524,37.35447],[126.98209,37.35447],[126.99866,37.33171]]]},"properties":{"row":-3,"col":13,"walk_min":67.6,"nearest_station_id":"kr_460","nearest_station_name":"Dangjeong","nearest_station_name_ko":"당정","a":116,"c":117,"e":116,"g":120,"i":108,"k":120,"m":120,"o":117,"b":116,"d":117,"f":116,"h":120,"j":108,"l":120,"n":120,"p":117}},{"type":"Feature","geometry":{"type":"Polygon","coordinates":[[[127.08155,37.7187],[127.11471,37.7187],[127.09813,37.74147],[127.08155,37.7187]]]},"properties":{"row":14,"col":20,"walk_min":68.6,"nearest_station_id":"kr_062","nearest_station_name":"Hoeryong","nearest_station_name_ko":"회룡","a":117,"c":115,"e":120,"g":115,"i":120,"k":120,"m":117,"o":120,"b":117,"d":115,"f":120,"h":115,"j":120,"l":120,"n":117,"p":120}},{"type":"Feature","geometry":{"type":"Polygon","coordinates":[[[127.08155,37.76423],[127.11471,37.76423],[127.09813,37.787],[127.08155,37.76423]]]},"properties":{"row":16,"col":20,"walk_min":71.2,"nearest_station_id":"kr_092","nearest_station_name":"Yangju","nearest_station_name_ko":"양주","a":120,"c":119,"e":120,"g":119,"i":120,"k":120,"m":120,"o":120,"b":120,"d":119,"f":120,"h":119,"j":120,"l":120,"n":120,"p":120}},{"type":"Feature","geometry":{"type":"Polygon","coordinates":[[[127.09813,37.74147],[127.11471,37.76423],[127.08155,37.76423],[127.09813,37.74147]]]},"properties":{"row":15,"col":19,"walk_min":70.8,"nearest_station_id":"kr_421","nearest_station_name":"Nogyang","nearest_station_name_ko":"녹양","a":119,"c":118,"e":120,"g":118,"i":120,"k":120,"m":119,"o":120,"b":119,"d":118,"f":120,"h":118,"j":120,"l":120,"n":119,"p":120}},{"type":"Feature","geometry":{"type":"Polygon","coordinates":[[[126.73342,37.42276],[126.76658,37.42276],[126.75,37.44553],[126.73342,37.42276]]]},"properties":{"row":1,"col":-2,"walk_min":80.1,"nearest_station_id":"kr_378","nearest_station_name":"Dongam","nearest_station_name_ko":"동암","a":119,"c":119,"e":120,"g":120,"i":119,"k":120,"m":120,"o":118,"b":119,"d":119,"f":120,"h":120,"j":119,"l":120,"n":120,"p":118}},{"type":"Feature","geometry":{"type":"Polygon","coordinates":[[[127.08155,37.26341],[127.11471,37.26341],[127.09813,37.28618],[127.08155,37.26341]]]},"properties":{"row":-6,"col":20,"walk_min":70.9,"nearest_station_id":"kr_307","nearest_station_name":"Sanghyeon","nearest_station_name_ko":"상현","a":120,"c":120,"e":115,"g":120,"i":118,"k":120,"m":120,"o":120,"b":120,"d":120,"f":115,"h":120,"j":118,"l":120,"n":120,"p":120}},{"type":"Feature","geometry":{"type":"Polygon","coordinates":[[[126.98209,37.7187],[127.01524,37.7187],[126.99866,37.74147],[126.98209,37.7187]]]},"properties":{"row":14,"col":14,"walk_min":66.2,"nearest_station_id":"kr_062","nearest_station_name":"Hoeryong","nearest_station_name_ko":"회룡","a":114,"c":113,"e":120,"g":113,"i":120,"k":120,"m":114,"o":120,"b":114,"d":113,"f":120,"h":113,"j":120,"l":120,"n":114,"p":120}},{"type":"Feature","geometry":{"type":"Polygon","coordinates":[[[127.0484,37.4],[127.08155,37.4],[127.06497,37.42276],[127.0484,37.4]]]},"properties":{"row":0,"col":18,"walk_min":65.7,"nearest_station_id":"kr_041","nearest_station_name":"Pangyo","nearest_station_name_ko":"판교","a":111,"c":113,"e":89,"g":111,"i":100,"k":104,"m":113,"o":117,"b":111,"d":113,"f":89,"h":111,"j":100,"l":104,"n":113,"p":117}},{"type":"Feature","geometry":{"type":"Polygon","coordinates":[[[127.09813,37.787],[127.11471,37.80976],[127.08155,37.80976],[127.09813,37.787]]]},"properties":{"row":17,"col":19,"walk_min":63.5,"nearest_station_id":"kr_447","nearest_station_name":"Deokgye","nearest_station_name_ko":"덕계","a":120,"c":120,"e":120,"g":120,"i":120,"k":120,"m":120,"o":120,"b":120,"d":120,"f":120,"h":120,"j":120,"l":120,"n":120,"p":120}},{"type":"Feature","geometry":{"type":"Polygon","coordinates":[[[127.08155,37.80976],[127.11471,37.80976],[127.09813,37.83253],[127.08155,37.80976]]]},"properties":{"row":18,"col":20,"walk_min":70.0,"nearest_station_id":"kr_447","nearest_station_name":"Deokgye","nearest_station_name_ko":"덕계","a":120,"c":120,"e":120,"g":120,"i":120,"k":120,"m":120,"o":120,"b":120,"d":120,"f":120,"h":120,"j":120,"l":120,"n":120,"p":120}},{"type":"Feature","geometry":{"type":"Polygon","coordinates":[[[127.01524,37.30894],[127.03182,37.33171],[126.99866,37.33171],[127.01524,37.30894]]]},"properties":{"row":-4,"col":15,"walk_min":68.7,"nearest_station_id":"kr_444","nearest_station_name":"Gwanggyo","nearest_station_name_ko":"광교","a":120,"c":120,"e":118,"g":120,"i":116,"k":120,"m":120,"o":120,"b":120,"d":120,"f":118,"h":120,"j":116,"l":120,"n":120,"p":120}},{"type":"Feature","geometry":{"type":"Polygon","coordinates":[[[127.16444,37.37724],[127.1976,37.37724],[127.18102,37.4],[127.16444,37.37724]]]},"properties":{"row":-1,"col":24,"walk_min":69.1,"nearest_station_id":"kr_237","nearest_station_name":"삼동","nearest_station_name_ko":"삼동","a":120,"c":120,"e":112,"g":120,"i":116,"k":118,"m":120,"o":120,"b":120,"d":120,"f":112,"h":120,"j":116,"l":118,"n":120,"p":120}},{"type":"Feature","geometry":{"type":"Polygon","coordinates":[[[127.1976,37.46829],[127.21417,37.49106],[127.18102,37.49106],[127.1976,37.46829]]]},"properties":{"row":3,"col":25,"walk_min":60.2,"nearest_station_id":"kr_440","nearest_station_name":"Macheon","nearest_station_name_ko":"마천","a":110,"c":109,"e":90,"g":97,"i":100,"k":85,"m":96,"o":116,"b":110,"d":109,"f":90,"h":97,"j":100,"l":85,"n":96,"p":116}},{"type":"Feature","geometry":{"type":"Polygon","coordinates":[[[126.99866,37.69594],[127.01524,37.7187],[126.98209,37.7187],[126.99866,37.69594]]]},"properties":{"row":13,"col":13,"walk_min":66.1,"nearest_station_id":"kr_449","nearest_station_name":"Mangwolsa (Shinhan University)","nearest_station_name_ko":"망월사(신한대학교)","a":113,"c":111,"e":120,"g":111,"i":120,"k":120,"m":113,"o":119,"b":113,"d":111,"f":120,"h":111,"j":120,"l":120,"n":113,"p":119}},{"type":"Feature","geometry":{"type":"Polygon","coordinates":[[[127.13129,37.33171],[127.16444,37.33171],[127.14786,37.35447],[127.13129,37.33171]]]},"properties":{"row":-3,"col":22,"walk_min":64.5,"nearest_station_id":"kr_172","nearest_station_name":"Migeum","nearest_station_name_ko":"미금","a":118,"c":119,"e":102,"g":118,"i":110,"k":113,"m":119,"o":120,"b":118,"d":119,"f":102,"h":118,"j":110,"l":113,"n":119,"p":120}},{"type":"Feature","geometry":{"type":"Polygon","coordinates":[[[126.98209,37.17235],[127.01524,37.17235],[126.99866,37.19512],[126.98209,37.17235]]]},"properties":{"row":-10,"col":14,"walk_min":63.8,"nearest_station_id":"kr_047","nearest_station_name":"Byeongjeom","nearest_station_name_ko":"병점","a":120,"c":120,"e":120,"g":120,"i":120,"k":120,"m":120,"o":120,"b":120,"d":120,"f":120,"h":120,"j":120,"l":120,"n":120,"p":120}},{"type":"Feature","geometry":{"type":"Polygon","coordinates":[[[126.91578,37.26341],[126.94893,37.26341],[126.93235,37.28618],[126.91578,37.26341]]]},"properties":{"row":-6,"col":10,"walk_min":70.2,"nearest_station_id":"kr_086","nearest_station_name":"Sungkyunkwan University","nearest_station_name_ko":"성균관대","a":120,"c":120,"e":119,"g":120,"i":114,"k":120,"m":120,"o":120,"b":120,"d":120,"f":119,"h":120,"j":114,"l":120,"n":120,"p":120}},{"type":"Feature","geometry":{"type":"Polygon","coordinates":[[[126.96551,37.65041],[126.99866,37.65041],[126.98209,37.67317],[126.96551,37.65041]]]},"properties":{"row":11,"col":12,"walk_min":65.3,"nearest_station_id":"kr_116","nearest_station_name":"Suyu (Gangbuk-gu Office)","nearest_station_name_ko":"수유(강북구청)","a":95,"c":93,"e":108,"g":95,"i":114,"k":114,"m":104,"o":104,"b":95,"d":93,"f":108,"h":95,"j":114,"l":114,"n":104,"p":104}},{"type":"Feature","geometry":{"type":"Polygon","coordinates":[[[126.93235,37.24065],[126.96551,37.24065],[126.94893,37.26341],[126.93235,37.24065]]]},"properties":{"row":-7,"col":10,"walk_min":76.1,"nearest_station_id":"kr_043","nearest_station_name":"Suwon","nearest_station_name_ko":"수원","a":120,"c":120,"e":120,"g":120,"i":119,"k":120,"m":120,"o":120,"b":120,"d":120,"f":120,"h":120,"j":119,"l":120,"n":120,"p":120}},{"type":"Feature","geometry":{"type":"Polygon","coordinates":[[[126.99866,37.33171],[127.03182,37.33171],[127.01524,37.35447],[126.99866,37.33171]]]},"properties":{"row":-3,"col":14,"walk_min":78.5,"nearest_station_id":"kr_444","nearest_station_name":"Gwanggyo","nearest_station_name_ko":"광교","a":120,"c":120,"e":120,"g":120,"i":117,"k":120,"m":120,"o":120,"b":120,"d":120,"f":120,"h":120,"j":117,"l":120,"n":120,"p":120}},{"type":"Feature","geometry":{"type":"Polygon","coordinates":[[[126.6008,37.42276],[126.61738,37.44553],[126.58422,37.44553],[126.6008,37.42276]]]},"properties":{"row":1,"col":-11,"walk_min":77.4,"nearest_station_id":"kr_458","nearest_station_name":"Incheon","nearest_station_name_ko":"인천","a":120,"c":120,"e":120,"g":120,"i":120,"k":120,"m":120,"o":120,"b":120,"d":120,"f":120,"h":120,"j":120,"l":120,"n":120,"p":120}},{"type":"Feature","geometry":{"type":"Polygon","coordinates":[[[126.71684,37.4],[126.75,37.4],[126.73342,37.42276],[126.71684,37.4]]]},"properties":{"row":0,"col":-2,"walk_min":87.1,"nearest_station_id":"kr_428","nearest_station_name":"Oido","nearest_station_name_ko":"오이도","a":120,"c":120,"e":120,"g":120,"i":120,"k":120,"m":120,"o":120,"b":120,"d":120,"f":120,"h":120,"j":120,"l":120,"n":120,"p":120}},{"type":"Feature","geometry":{"type":"Polygon","coordinates":[[[126.75,37.4],[126.76658,37.42276],[126.73342,37.42276],[126.75,37.4]]]},"properties":{"row":0,"col":-1,"walk_min":91.9,"nearest_station_id":"kr_428","nearest_station_name":"Oido","nearest_station_name_ko":"오이도","a":120,"c":120,"e":120,"g":120,"i":120,"k":120,"m":120,"o":120,"b":120,"d":120,"f":120,"h":120,"j":120,"l":120,"n":120,"p":120}},{"type":"Feature","geometry":{"type":"Polygon","coordinates":[[[126.76658,37.37724],[126.79973,37.37724],[126.78316,37.4],[126.76658,37.37724]]]},"properties":{"row":-1,"col":0,"walk_min":72.1,"nearest_station_id":"kr_428","nearest_station_name":"Oido","nearest_station_name_ko":"오이도","a":120,"c":120,"e":120,"g":120,"i":120,"k":120,"m":120,"o":120,"b":120,"d":120,"f":120,"h":120,"j":120,"l":120,"n":120,"p":120}},{"type":"Feature","geometry":{"type":"Polygon","coordinates":[[[126.99866,37.787],[127.01524,37.80976],[126.98209,37.80976],[126.99866,37.787]]]},"properties":{"row":17,"col":13,"walk_min":68.3,"nearest_station_id":"kr_092","nearest_station_name":"Yangju","nearest_station_name_ko":"양주","a":120,"c":119,"e":120,"g":119,"i":120,"k":120,"m":120,"o":120,"b":120,"d":119,"f":120,"h":119,"j":120,"l":120,"n":120,"p":120}},{"type":"Feature","geometry":{"type":"Polygon","coordinates":[[[126.83289,37.69594],[126.86604,37.69594],[126.84947,37.7187],[126.83289,37.69594]]]},"properties":{"row":13,"col":4,"walk_min":80.5,"nearest_station_id":"kr_145","nearest_station_name":"Wondang","nearest_station_name_ko":"원당","a":117,"c":116,"e":120,"g":119,"i":120,"k":120,"m":120,"o":119,"b":117,"d":116,"f":120,"h":119,"j":120,"l":120,"n":120,"p":119}},{"type":"Feature","geometry":{"type":"Polygon","coordinates":[[[126.70027,37.69594],[126.71684,37.7187],[126.68369,37.7187],[126.70027,37.69594]]]},"properties":{"row":13,"col":-5,"walk_min":71.5,"nearest_station_id":"kr_424","nearest_station_name":"Daehwa","nearest_station_name_ko":"대화","a":120,"c":120,"e":120,"g":120,"i":120,"k":120,"m":120,"o":120,"b":120,"d":120,"f":120,"h":120,"j":120,"l":120,"n":120,"p":120}},{"type":"Feature","geometry":{"type":"Polygon","coordinates":[[[126.73342,37.28618],[126.75,37.30894],[126.71684,37.30894],[126.73342,37.28618]]]},"properties":{"row":-5,"col":-3,"walk_min":98.0,"nearest_station_id":"kr_427","nearest_station_name":"Singiloncheon","nearest_station_name_ko":"신길온천","a":120,"c":120,"e":120,"g":120,"i":120,"k":120,"m":120,"o":120,"b":120,"d":120,"f":120,"h":120,"j":120,"l":120,"n":120,"p":120}},{"type":"Feature","geometry":{"type":"Polygon","coordinates":[[[126.73342,37.28618],[126.76658,37.28618],[126.75,37.30894],[126.73342,37.28618]]]},"properties":{"row":-5,"col":-2,"walk_min":179.3,"nearest_station_id":"kr_427","nearest_station_name":"Singiloncheon","nearest_station_name_ko":"신길온천","a":120,"c":120,"e":120,"g":120,"i":120,"k":120,"m":120,"o":120,"b":120,"d":120,"f":120,"h":120,"j":120,"l":120,"n":120,"p":120}},{"type":"Feature","geometry":{"type":"Polygon","coordinates":[[[127.06497,37.37724],[127.08155,37.4],[127.0484,37.4],[127.06497,37.37724]]]},"properties":{"row":-1,"col":17,"walk_min":69.2,"nearest_station_id":"kr_041","nearest_station_name":"Pangyo","nearest_station_name_ko":"판교","a":115,"c":116,"e":97,"g":115,"i":107,"k":111,"m":116,"o":119,"b":115,"d":116,"f":97,"h":115,"j":107,"l":111,"n":116,"p":119}},{"type":"Feature","geometry":{"type":"Polygon","coordinates":[[[127.08155,37.21788],[127.11471,37.21788],[127.09813,37.24065],[127.08155,37.21788]]]},"properties":{"row":-8,"col":20,"walk_min":77.1,"nearest_station_id":"kr_466","nearest_station_name":"Seodongtan","nearest_station_name_ko":"서동탄","a":120,"c":120,"e":120,"g":120,"i":120,"k":120,"m":120,"o":120,"b":120,"d":120,"f":120,"h":120,"j":120,"l":120,"n":120,"p":120}},{"type":"Feature","geometry":{"type":"Polygon","coordinates":[[[127.16444,37.65041],[127.1976,37.65041],[127.18102,37.67317],[127.16444,37.65041]]]},"properties":{"row":11,"col":24,"walk_min":67.5,"nearest_station_id":"kr_352","nearest_station_name":"Dasan","nearest_station_name_ko":"다산","a":120,"c":120,"e":116,"g":112,"i":120,"k":113,"m":117,"o":120,"b":120,"d":120,"f":116,"h":112,"j":120,"l":113,"n":117,"p":120}},{"type":"Feature","geometry":{"type":"Polygon","coordinates":[[[126.81631,37.26341],[126.83289,37.28618],[126.79973,37.28618],[126.81631,37.26341]]]},"properties":{"row":-6,"col":3,"walk_min":83.8,"nearest_station_id":"kr_426","nearest_station_name":"Gojan","nearest_station_name_ko":"고잔","a":120,"c":120,"e":120,"g":120,"i":120,"k":120,"m":120,"o":120,"b":120,"d":120,"f":120,"h":120,"j":120,"l":120,"n":120,"p":120}},{"type":"Feature","geometry":{"type":"Polygon","coordinates":[[[127.18102,37.49106],[127.21417,37.49106],[127.1976,37.51382],[127.18102,37.49106]]]},"properties":{"row":4,"col":26,"walk_min":67.2,"nearest_station_id":"kr_440","nearest_station_name":"Macheon","nearest_station_name_ko":"마천","a":115,"c":114,"e":100,"g":105,"i":107,"k":96,"m":104,"o":120,"b":115,"d":114,"f":100,"h":105,"j":107,"l":96,"n":104,"p":120}},{"type":"Feature","geometry":{"type":"Polygon","coordinates":[[[127.14786,37.30894],[127.16444,37.33171],[127.13129,37.33171],[127.14786,37.30894]]]},"properties":{"row":-4,"col":23,"walk_min":69.4,"nearest_station_id":"kr_202","nearest_station_name":"Dongcheon","nearest_station_name_ko":"동천","a":120,"c":120,"e":109,"g":120,"i":116,"k":118,"m":120,"o":120,"b":120,"d":120,"f":109,"h":120,"j":116,"l":118,"n":120,"p":120}},{"type":"Feature","geometry":{"type":"Polygon","coordinates":[[[127.06497,37.24065],[127.09813,37.24065],[127.08155,37.26341],[127.06497,37.24065]]]},"properties":{"row":-7,"col":18,"walk_min":72.1,"nearest_station_id":"kr_047","nearest_station_name":"Byeongjeom","nearest_station_name_ko":"병점","a":120,"c":120,"e":119,"g":120,"i":120,"k":120,"m":120,"o":120,"b":120,"d":120,"f":119,"h":120,"j":120,"l":120,"n":120,"p":120}},{"type":"Feature","geometry":{"type":"Polygon","coordinates":[[[126.83289,37.37724],[126.84947,37.4],[126.81631,37.4],[126.83289,37.37724]]]},"properties":{"row":-1,"col":3,"walk_min":90.9,"nearest_station_id":"kr_442","nearest_station_name":"Gwangmyeong","nearest_station_name_ko":"광명","a":118,"c":119,"e":120,"g":120,"i":119,"k":120,"m":120,"o":118,"b":113,"d":116,"f":120,"h":119,"j":119,"l":120,"n":120,"p":118}},{"type":"Feature","geometry":{"type":"Polygon","coordinates":[[[126.83289,37.37724],[126.86604,37.37724],[126.84947,37.4],[126.83289,37.37724]]]},"properties":{"row":-1,"col":4,"walk_min":78.4,"nearest_station_id":"kr_442","nearest_station_name":"Gwangmyeong","nearest_station_name_ko":"광명","a":113,"c":116,"e":119,"g":120,"i":118,"k":120,"m":120,"o":114,"b":102,"d":105,"f":119,"h":117,"j":118,"l":120,"n":120,"p":114}},{"type":"Feature","geometry":{"type":"Polygon","coordinates":[[[126.86604,37.69594],[126.8992,37.69594],[126.88262,37.7187],[126.86604,37.69594]]]},"properties":{"row":13,"col":6,"walk_min":92.2,"nearest_station_id":"kr_115","nearest_station_name":"Samsong","nearest_station_name_ko":"삼송","a":116,"c":115,"e":120,"g":117,"i":120,"k":120,"m":120,"o":119,"b":116,"d":115,"f":120,"h":117,"j":120,"l":120,"n":120,"p":119}},{"type":"Feature","geometry":{"type":"Polygon","coordinates":[[[126.66711,37.33171],[126.70027,37.33171],[126.68369,37.35447],[126.66711,37.33171]]]},"properties":{"row":-3,"col":-6,"walk_min":77.5,"nearest_station_id":"kr_351","nearest_station_name":"Jeongwang","nearest_station_name_ko":"정왕","a":120,"c":120,"e":120,"g":120,"i":120,"k":120,"m":120,"o":120,"b":120,"d":120,"f":120,"h":120,"j":120,"l":120,"n":120,"p":120}},{"type":"Feature","geometry":{"type":"Polygon","coordinates":[[[126.8992,37.69594],[126.93235,37.69594],[126.91578,37.7187],[126.8992,37.69594]]]},"properties":{"row":13,"col":8,"walk_min":91.5,"nearest_station_id":"kr_115","nearest_station_name":"Samsong","nearest_station_name_ko":"삼송","a":116,"c":115,"e":120,"g":117,"i":120,"k":120,"m":120,"o":119,"b":116,"d":115,"f":120,"h":117,"j":120,"l":120,"n":120,"p":119}},{"type":"Feature","geometry":{"type":"Polygon","coordinates":[[[127.18102,37.35447],[127.1976,37.37724],[127.16444,37.37724],[127.18102,37.35447]]]},"properties":{"row":-2,"col":25,"walk_min":90.3,"nearest_station_id":"kr_237","nearest_station_name":"삼동","nearest_station_name_ko":"삼동","a":120,"c":120,"e":118,"g":120,"i":120,"k":120,"m":120,"o":120,"b":120,"d":120,"f":118,"h":120,"j":120,"l":120,"n":120,"p":120}},{"type":"Feature","geometry":{"type":"Polygon","coordinates":[[[127.18102,37.35447],[127.21417,37.35447],[127.1976,37.37724],[127.18102,37.35447]]]},"properties":{"row":-2,"col":26,"walk_min":114.4,"nearest_station_id":"kr_237","nearest_station_name":"삼동","nearest_station_name_ko":"삼동","a":120,"c":120,"e":119,"g":120,"i":120,"k":120,"m":120,"o":120,"b":120,"d":120,"f":119,"h":120,"j":120,"l":120,"n":120,"p":120}},{"type":"Feature","geometry":{"type":"Polygon","coordinates":[[[127.03182,37.37724],[127.0484,37.4],[127.01524,37.4],[127.03182,37.37724]]]},"properties":{"row":-1,"col":15,"walk_min":79.4,"nearest_station_id":"kr_325","nearest_station_name":"Indeogwon","nearest_station_name_ko":"인덕원","a":115,"c":117,"e":107,"g":120,"i":97,"k":118,"m":120,"o":119,"b":115,"d":117,"f":107,"h":120,"j":97,"l":118,"n":120,"p":119}},{"type":"Feature","geometry":{"type":"Polygon","coordinates":[[[126.63396,37.51382],[126.65053,37.53659],[126.61738,37.53659],[126.63396,37.51382]]]},"properties":{"row":5,"col":-9,"walk_min":89.9,"nearest_station_id":"kr_258","nearest_station_name":"Sangok","nearest_station_name_ko":"산곡","a":120,"c":120,"e":120,"g":120,"i":120,"k":120,"m":120,"o":120,"b":120,"d":120,"f":120,"h":120,"j":120,"l":120,"n":120,"p":120}},{"type":"Feature","geometry":{"type":"Polygon","coordinates":[[[126.79973,37.37724],[126.81631,37.4],[126.78316,37.4],[126.79973,37.37724]]]},"properties":{"row":-1,"col":1,"walk_min":97.8,"nearest_station_id":"kr_428","nearest_station_name":"Oido","nearest_station_name_ko":"오이도","a":120,"c":120,"e":120,"g":120,"i":120,"k":120,"m":120,"o":120,"b":120,"d":120,"f":120,"h":120,"j":120,"l":120,"n":120,"p":120}},{"type":"Feature","geometry":{"type":"Polygon","coordinates":[[[126.79973,37.37724],[126.83289,37.37724],[126.81631,37.4],[126.79973,37.37724]]]},"properties":{"row":-1,"col":2,"walk_min":90.6,"nearest_station_id":"kr_427","nearest_station_name":"Singiloncheon","nearest_station_name_ko":"신길온천","a":120,"c":120,"e":120,"g":120,"i":120,"k":120,"m":120,"o":120,"b":119,"d":120,"f":120,"h":120,"j":120,"l":120,"n":120,"p":120}},{"type":"Feature","geometry":{"type":"Polygon","coordinates":[[[127.18102,37.76423],[127.21417,37.76423],[127.1976,37.787],[127.18102,37.76423]]]},"properties":{"row":16,"col":26,"walk_min":84.8,"nearest_station_id":"kr_470","nearest_station_name":"Jinjeop","nearest_station_name_ko":"진접","a":120,"c":120,"e":120,"g":120,"i":120,"k":120,"m":120,"o":120,"b":120,"d":120,"f":120,"h":120,"j":120,"l":120,"n":120,"p":120}},{"type":"Feature","geometry":{"type":"Polygon","coordinates":[[[127.21417,37.76423],[127.24733,37.76423],[127.23075,37.787],[127.21417,37.76423]]]},"properties":{"row":16,"col":28,"walk_min":62.4,"nearest_station_id":"kr_470","nearest_station_name":"Jinjeop","nearest_station_name_ko":"진접","a":120,"c":120,"e":120,"g":120,"i":120,"k":120,"m":120,"o":120,"b":120,"d":120,"f":120,"h":120,"j":120,"l":120,"n":120,"p":120}},{"type":"Feature","geometry":{"type":"Polygon","coordinates":[[[126.94893,37.67317],[126.96551,37.69594],[126.93235,37.69594],[126.94893,37.67317]]]},"properties":{"row":12,"col":11,"walk_min":76.0,"nearest_station_id":"kr_104","nearest_station_name":"Jichuk","nearest_station_name_ko":"지축","a":110,"c":108,"e":118,"g":114,"i":119,"k":120,"m":117,"o":115,"b":110,"d":108,"f":118,"h":114,"j":119,"l":120,"n":117,"p":115}},{"type":"Feature","geometry":{"type":"Polygon","coordinates":[[[126.94893,37.67317],[126.98209,37.67317],[126.96551,37.69594],[126.94893,37.67317]]]},"properties":{"row":12,"col":12,"walk_min":80.7,"nearest_station_id":"kr_104","nearest_station_name":"Jichuk","nearest_station_name_ko":"지축","a":113,"c":111,"e":118,"g":115,"i":119,"k":120,"m":117,"o":116,"b":113,"d":111,"f":118,"h":115,"j":119,"l":120,"n":117,"p":116}},{"type":"Feature","geometry":{"type":"Polygon","coordinates":[[[126.81631,37.4],[126.83289,37.42276],[126.79973,37.42276],[126.81631,37.4]]]},"properties":{"row":0,"col":3,"walk_min":103.8,"nearest_station_id":"kr_442","nearest_station_name":"Gwangmyeong","nearest_station_name_ko":"광명","a":118,"c":118,"e":120,"g":120,"i":119,"k":120,"m":120,"o":118,"b":115,"d":116,"f":120,"h":118,"j":119,"l":120,"n":120,"p":118}},{"type":"Feature","geometry":{"type":"Polygon","coordinates":[[[127.21417,37.35447],[127.23075,37.37724],[127.1976,37.37724],[127.21417,37.35447]]]},"properties":{"row":-2,"col":27,"walk_min":101.1,"nearest_station_id":"kr_237","nearest_station_name":"삼동","nearest_station_name_ko":"삼동","a":120,"c":120,"e":117,"g":120,"i":120,"k":120,"m":120,"o":120,"b":120,"d":120,"f":117,"h":120,"j":120,"l":120,"n":120,"p":120}},{"type":"Feature","geometry":{"type":"Polygon","coordinates":[[[127.13129,37.69594],[127.14786,37.7187],[127.11471,37.7187],[127.13129,37.69594]]]},"properties":{"row":13,"col":21,"walk_min":77.5,"nearest_station_id":"kr_310","nearest_station_name":"Byeollaebyeolgaram","nearest_station_name_ko":"별내별가람","a":120,"c":120,"e":120,"g":120,"i":120,"k":120,"m":120,"o":120,"b":120,"d":120,"f":120,"h":120,"j":120,"l":120,"n":120,"p":120}},{"type":"Feature","geometry":{"type":"Polygon","coordinates":[[[127.0484,37.35447],[127.06497,37.37724],[127.03182,37.37724],[127.0484,37.35447]]]},"properties":{"row":-2,"col":17,"walk_min":78.8,"nearest_station_id":"kr_148","nearest_station_name":"Jeongja","nearest_station_name_ko":"정자","a":120,"c":120,"e":111,"g":120,"i":115,"k":118,"m":120,"o":120,"b":120,"d":120,"f":111,"h":120,"j":115,"l":118,"n":120,"p":120}},{"type":"Feature","geometry":{"type":"Polygon","coordinates":[[[126.81631,37.35447],[126.84947,37.35447],[126.83289,37.37724],[126.81631,37.35447]]]},"properties":{"row":-2,"col":4,"walk_min":75.5,"nearest_station_id":"kr_426","nearest_station_name":"Gojan","nearest_station_name_ko":"고잔","a":120,"c":120,"e":120,"g":120,"i":120,"k":120,"m":120,"o":120,"b":120,"d":120,"f":120,"h":120,"j":120,"l":120,"n":120,"p":120}},{"type":"Feature","geometry":{"type":"Polygon","coordinates":[[[126.81631,37.35447],[126.83289,37.37724],[126.79973,37.37724],[126.81631,37.35447]]]},"properties":{"row":-2,"col":3,"walk_min":74.0,"nearest_station_id":"kr_263","nearest_station_name":"Ansan","nearest_station_name_ko":"안산","a":120,"c":120,"e":120,"g":120,"i":120,"k":120,"m":120,"o":120,"b":120,"d":120,"f":120,"h":120,"j":120,"l":120,"n":120,"p":120}},{"type":"Feature","geometry":{"type":"Polygon","coordinates":[[[126.68369,37.67317],[126.70027,37.69594],[126.66711,37.69594],[126.68369,37.67317]]]},"properties":{"row":12,"col":-5,"walk_min":86.2,"nearest_station_id":"kr_424","nearest_station_name":"Daehwa","nearest_station_name_ko":"대화","a":120,"c":120,"e":120,"g":120,"i":120,"k":120,"m":120,"o":120,"b":120,"d":120,"f":120,"h":120,"j":120,"l":120,"n":120,"p":120}},{"type":"Feature","geometry":{"type":"Polygon","coordinates":[[[126.66711,37.69594],[126.70027,37.69594],[126.68369,37.7187],[126.66711,37.69594]]]},"properties":{"row":13,"col":-6,"walk_min":82.6,"nearest_station_id":"kr_424","nearest_station_name":"Daehwa","nearest_station_name_ko":"대화","a":120,"c":120,"e":120,"g":120,"i":120,"k":120,"m":120,"o":120,"b":120,"d":120,"f":120,"h":120,"j":120,"l":120,"n":120,"p":120}},{"type":"Feature","geometry":{"type":"Polygon","coordinates":[[[127.18102,37.62765],[127.21417,37.62765],[127.1976,37.65041],[127.18102,37.62765]]]},"properties":{"row":10,"col":26,"walk_min":75.5,"nearest_station_id":"kr_352","nearest_station_name":"Dasan","nearest_station_name_ko":"다산","a":120,"c":120,"e":119,"g":113,"i":120,"k":115,"m":120,"o":120,"b":120,"d":120,"f":119,"h":113,"j":120,"l":115,"n":120,"p":120}},{"type":"Feature","geometry":{"type":"Polygon","coordinates":[[[126.75,37.4],[126.78316,37.4],[126.76658,37.42276],[126.75,37.4]]]},"properties":{"row":0,"col":0,"walk_min":100.2,"nearest_station_id":"kr_428","nearest_station_name":"Oido","nearest_station_name_ko":"오이도","a":120,"c":120,"e":120,"g":120,"i":120,"k":120,"m":120,"o":120,"b":120,"d":120,"f":120,"h":120,"j":120,"l":120,"n":120,"p":120}},{"type":"Feature","geometry":{"type":"Polygon","coordinates":[[[126.79973,37.42276],[126.83289,37.42276],[126.81631,37.44553],[126.79973,37.42276]]]},"properties":{"row":1,"col":2,"walk_min":80.3,"nearest_station_id":"kr_451","nearest_station_name":"Sosa","nearest_station_name_ko":"소사","a":115,"c":117,"e":119,"g":120,"i":118,"k":120,"m":120,"o":113,"b":113,"d":114,"f":119,"h":117,"j":118,"l":120,"n":119,"p":113}},{"type":"Feature","geometry":{"type":"Polygon","coordinates":[[[126.66711,37.65041],[126.70027,37.65041],[126.68369,37.67317],[126.66711,37.65041]]]},"properties":{"row":11,"col":-6,"walk_min":185.6,"nearest_station_id":"kr_424","nearest_station_name":"Daehwa","nearest_station_name_ko":"대화","a":120,"c":120,"e":120,"g":120,"i":120,"k":120,"m":120,"o":120,"b":120,"d":120,"f":120,"h":120,"j":120,"l":120,"n":120,"p":120}},{"type":"Feature","geometry":{"type":"Polygon","coordinates":[[[126.65053,37.53659],[126.66711,37.55935],[126.63396,37.55935],[126.65053,37.53659]]]},"properties":{"row":6,"col":-7,"walk_min":100.1,"nearest_station_id":"kr_258","nearest_station_name":"Sangok","nearest_station_name_ko":"산곡","a":120,"c":120,"e":120,"g":120,"i":120,"k":120,"m":120,"o":120,"b":120,"d":120,"f":120,"h":120,"j":120,"l":120,"n":120,"p":120}},{"type":"Feature","geometry":{"type":"Polygon","coordinates":[[[127.03182,37.33171],[127.0484,37.35447],[127.01524,37.35447],[127.03182,37.33171]]]},"properties":{"row":-3,"col":15,"walk_min":76.9,"nearest_station_id":"kr_444","nearest_station_name":"Gwanggyo","nearest_station_name_ko":"광교","a":120,"c":120,"e":120,"g":120,"i":120,"k":120,"m":120,"o":120,"b":120,"d":120,"f":120,"h":120,"j":120,"l":120,"n":120,"p":120}},{"type":"Feature","geometry":{"type":"Polygon","coordinates":[[[127.11471,37.17235],[127.13129,37.19512],[127.09813,37.19512],[127.11471,37.17235]]]},"properties":{"row":-10,"col":21,"walk_min":77.4,"nearest_station_id":"kr_416","nearest_station_name":"Osan College","nearest_station_name_ko":"오산대","a":120,"c":120,"e":120,"g":120,"i":120,"k":120,"m":120,"o":120,"b":120,"d":120,"f":120,"h":120,"j":120,"l":120,"n":120,"p":120}},{"type":"Feature","geometry":{"type":"Polygon","coordinates":[[[126.94893,37.21788],[126.98209,37.21788],[126.96551,37.24065],[126.94893,37.21788]]]},"properties":{"row":-8,"col":12,"walk_min":96.8,"nearest_station_id":"kr_462","nearest_station_name":"Seryu","nearest_station_name_ko":"세류","a":120,"c":120,"e":120,"g":120,"i":120,"k":120,"m":120,"o":120,"b":120,"d":120,"f":120,"h":120,"j":120,"l":120,"n":120,"p":120}},{"type":"Feature","geometry":{"type":"Polygon","coordinates":[[[126.94893,37.21788],[126.96551,37.24065],[126.93235,37.24065],[126.94893,37.21788]]]},"properties":{"row":-8,"col":11,"walk_min":96.8,"nearest_station_id":"kr_043","nearest_station_name":"Suwon","nearest_station_name_ko":"수원","a":120,"c":120,"e":120,"g":120,"i":120,"k":120,"m":120,"o":120,"b":120,"d":120,"f":120,"h":120,"j":120,"l":120,"n":120,"p":120}},{"type":"Feature","geometry":{"type":"Polygon","coordinates":[[[127.13129,37.28618],[127.16444,37.28618],[127.14786,37.30894],[127.13129,37.28618]]]},"properties":{"row":-5,"col":22,"walk_min":91.9,"nearest_station_id":"kr_233","nearest_station_name":"Suji-gu Office","nearest_station_name_ko":"수지구청","a":120,"c":120,"e":120,"g":120,"i":120,"k":120,"m":120,"o":120,"b":120,"d":120,"f":120,"h":120,"j":120,"l":120,"n":120,"p":120}},{"type":"Feature","geometry":{"type":"Polygon","coordinates":[[[127.23075,37.42276],[127.24733,37.44553],[127.21417,37.44553],[127.23075,37.42276]]]},"properties":{"row":1,"col":27,"walk_min":77.1,"nearest_station_id":"kr_236","nearest_station_name":"Samdong","nearest_station_name_ko":"삼동","a":120,"c":120,"e":116,"g":120,"i":120,"k":120,"m":120,"o":120,"b":120,"d":120,"f":116,"h":120,"j":120,"l":120,"n":120,"p":120}},{"type":"Feature","geometry":{"type":"Polygon","coordinates":[[[127.21417,37.44553],[127.24733,37.44553],[127.23075,37.46829],[127.21417,37.44553]]]},"properties":{"row":2,"col":28,"walk_min":90.4,"nearest_station_id":"kr_236","nearest_station_name":"Samdong","nearest_station_name_ko":"삼동","a":120,"c":120,"e":119,"g":120,"i":120,"k":120,"m":120,"o":120,"b":120,"d":120,"f":119,"h":120,"j":120,"l":120,"n":120,"p":120}},{"type":"Feature","geometry":{"type":"Polygon","coordinates":[[[126.79973,37.69594],[126.81631,37.7187],[126.78316,37.7187],[126.79973,37.69594]]]},"properties":{"row":13,"col":1,"walk_min":79.6,"nearest_station_id":"kr_350","nearest_station_name":"Juyeop","nearest_station_name_ko":"주엽","a":120,"c":120,"e":120,"g":120,"i":120,"k":120,"m":120,"o":120,"b":120,"d":120,"f":120,"h":120,"j":120,"l":120,"n":120,"p":120}},{"type":"Feature","geometry":{"type":"Polygon","coordinates":[[[126.84947,37.35447],[126.86604,37.37724],[126.83289,37.37724],[126.84947,37.35447]]]},"properties":{"row":-2,"col":5,"walk_min":84.1,"nearest_station_id":"kr_168","nearest_station_name":"Jungang","nearest_station_name_ko":"중앙","a":117,"c":118,"e":120,"g":120,"i":119,"k":120,"m":120,"o":118,"b":112,"d":114,"f":120,"h":119,"j":119,"l":120,"n":120,"p":118}},{"type":"Feature","geometry":{"type":"Polygon","coordinates":[[[126.84947,37.35447],[126.88262,37.35447],[126.86604,37.37724],[126.84947,37.35447]]]},"properties":{"row":-2,"col":6,"walk_min":77.7,"nearest_station_id":"kr_364","nearest_station_name":"Surisan","nearest_station_name_ko":"수리산","a":119,"c":119,"e":120,"g":120,"i":116,"k":120,"m":120,"o":119,"b":118,"d":118,"f":120,"h":119,"j":116,"l":120,"n":120,"p":119}},{"type":"Feature","geometry":{"type":"Polygon","coordinates":[[[127.09813,37.24065],[127.11471,37.26341],[127.08155,37.26341],[127.09813,37.24065]]]},"properties":{"row":-7,"col":19,"walk_min":83.6,"nearest_station_id":"kr_307","nearest_station_name":"Sanghyeon","nearest_station_name_ko":"상현","a":120,"c":120,"e":120,"g":120,"i":120,"k":120,"m":120,"o":120,"b":120,"d":120,"f":120,"h":120,"j":120,"l":120,"n":120,"p":120}},{"type":"Feature","geometry":{"type":"Polygon","coordinates":[[[126.93235,37.69594],[126.96551,37.69594],[126.94893,37.7187],[126.93235,37.69594]]]},"properties":{"row":13,"col":10,"walk_min":95.4,"nearest_station_id":"kr_104","nearest_station_name":"Jichuk","nearest_station_name_ko":"지축","a":117,"c":117,"e":120,"g":119,"i":120,"k":120,"m":120,"o":119,"b":117,"d":117,"f":120,"h":119,"j":120,"l":120,"n":120,"p":119}},{"type":"Feature","geometry":{"type":"Polygon","coordinates":[[[126.65053,37.4],[126.68369,37.4],[126.66711,37.42276],[126.65053,37.4]]]},"properties":{"row":0,"col":-6,"walk_min":86.3,"nearest_station_id":"kr_456","nearest_station_name":"Dohwa","nearest_station_name_ko":"도화","a":120,"c":120,"e":120,"g":120,"i":120,"k":120,"m":120,"o":120,"b":120,"d":120,"f":120,"h":120,"j":120,"l":120,"n":120,"p":120}},{"type":"Feature","geometry":{"type":"Polygon","coordinates":[[[126.68369,37.4],[126.70027,37.42276],[126.66711,37.42276],[126.68369,37.4]]]},"properties":{"row":0,"col":-5,"walk_min":73.7,"nearest_station_id":"kr_313","nearest_station_name":"주안","nearest_station_name_ko":"주안","a":120,"c":120,"e":120,"g":120,"i":120,"k":120,"m":120,"o":120,"b":120,"d":120,"f":120,"h":120,"j":120,"l":120,"n":120,"p":120}},{"type":"Feature","geometry":{"type":"Polygon","coordinates":[[[126.68369,37.4],[126.71684,37.4],[126.70027,37.42276],[126.68369,37.4]]]},"properties":{"row":0,"col":-4,"walk_min":87.6,"nearest_station_id":"kr_455","nearest_station_name":"Ganseok","nearest_station_name_ko":"간석","a":120,"c":120,"e":120,"g":120,"i":120,"k":120,"m":120,"o":120,"b":120,"d":120,"f":120,"h":120,"j":120,"l":120,"n":120,"p":120}},{"type":"Feature","geometry":{"type":"Polygon","coordinates":[[[126.70027,37.28618],[126.71684,37.30894],[126.68369,37.30894],[126.70027,37.28618]]]},"properties":{"row":-5,"col":-5,"walk_min":71.4,"nearest_station_id":"kr_351","nearest_station_name":"Jeongwang","nearest_station_name_ko":"정왕","a":120,"c":120,"e":120,"g":120,"i":120,"k":120,"m":120,"o":120,"b":120,"d":120,"f":120,"h":120,"j":120,"l":120,"n":120,"p":120}},{"type":"Feature","geometry":{"type":"Polygon","coordinates":[[[126.70027,37.28618],[126.73342,37.28618],[126.71684,37.30894],[126.70027,37.28618]]]},"properties":{"row":-5,"col":-4,"walk_min":71.4,"nearest_station_id":"kr_351","nearest_station_name":"Jeongwang","nearest_station_name_ko":"정왕","a":120,"c":120,"e":120,"g":120,"i":120,"k":120,"m":120,"o":120,"b":120,"d":120,"f":120,"h":120,"j":120,"l":120,"n":120,"p":120}},{"type":"Feature","geometry":{"type":"Polygon","coordinates":[[[126.71684,37.7187],[126.75,37.7187],[126.73342,37.74147],[126.71684,37.7187]]]},"properties":{"row":14,"col":-2,"walk_min":78.8,"nearest_station_id":"kr_424","nearest_station_name":"Daehwa","nearest_station_name_ko":"대화","a":120,"c":120,"e":120,"g":120,"i":120,"k":120,"m":120,"o":120,"b":120,"d":120,"f":120,"h":120,"j":120,"l":120,"n":120,"p":120}},{"type":"Feature","geometry":{"type":"Polygon","coordinates":[[[126.75,37.7187],[126.76658,37.74147],[126.73342,37.74147],[126.75,37.7187]]]},"properties":{"row":14,"col":-1,"walk_min":86.7,"nearest_station_id":"kr_424","nearest_station_name":"Daehwa","nearest_station_name_ko":"대화","a":120,"c":120,"e":120,"g":120,"i":120,"k":120,"m":120,"o":120,"b":120,"d":120,"f":120,"h":120,"j":120,"l":120,"n":120,"p":120}},{"type":"Feature","geometry":{"type":"Polygon","coordinates":[[[126.75,37.7187],[126.78316,37.7187],[126.76658,37.74147],[126.75,37.7187]]]},"properties":{"row":14,"col":0,"walk_min":77.7,"nearest_station_id":"kr_424","nearest_station_name":"Daehwa","nearest_station_name_ko":"대화","a":120,"c":120,"e":120,"g":120,"i":120,"k":120,"m":120,"o":120,"b":120,"d":120,"f":120,"h":120,"j":120,"l":120,"n":120,"p":120}},{"type":"Feature","geometry":{"type":"Polygon","coordinates":[[[127.11471,37.7187],[127.13129,37.74147],[127.09813,37.74147],[127.11471,37.7187]]]},"properties":{"row":14,"col":21,"walk_min":88.4,"nearest_station_id":"kr_065","nearest_station_name":"Uijeongbu","nearest_station_name_ko":"의정부","a":120,"c":120,"e":120,"g":120,"i":120,"k":120,"m":120,"o":120,"b":120,"d":120,"f":120,"h":120,"j":120,"l":120,"n":120,"p":120}},{"type":"Feature","geometry":{"type":"Polygon","coordinates":[[[126.93235,37.24065],[126.94893,37.26341],[126.91578,37.26341],[126.93235,37.24065]]]},"properties":{"row":-7,"col":9,"walk_min":84.5,"nearest_station_id":"kr_086","nearest_station_name":"Sungkyunkwan University","nearest_station_name_ko":"성균관대","a":120,"c":120,"e":120,"g":120,"i":120,"k":120,"m":120,"o":120,"b":120,"d":120,"f":120,"h":120,"j":120,"l":120,"n":120,"p":120}},{"type":"Feature","geometry":{"type":"Polygon","coordinates":[[[126.91578,37.26341],[126.93235,37.28618],[126.8992,37.28618],[126.91578,37.26341]]]},"properties":{"row":-6,"col":9,"walk_min":89.7,"nearest_station_id":"kr_415","nearest_station_name":"Banwol","nearest_station_name_ko":"반월","a":120,"c":120,"e":120,"g":120,"i":120,"k":120,"m":120,"o":120,"b":120,"d":120,"f":120,"h":120,"j":120,"l":120,"n":120,"p":120}},{"type":"Feature","geometry":{"type":"Polygon","coordinates":[[[126.68369,37.30894],[126.70027,37.33171],[126.66711,37.33171],[126.68369,37.30894]]]},"properties":{"row":-4,"col":-5,"walk_min":91.1,"nearest_station_id":"kr_351","nearest_station_name":"Jeongwang","nearest_station_name_ko":"정왕","a":120,"c":120,"e":120,"g":120,"i":120,"k":120,"m":120,"o":120,"b":120,"d":120,"f":120,"h":120,"j":120,"l":120,"n":120,"p":120}},{"type":"Feature","geometry":{"type":"Polygon","coordinates":[[[126.98209,37.67317],[126.99866,37.69594],[126.96551,37.69594],[126.98209,37.67317]]]},"properties":{"row":12,"col":13,"walk_min":81.1,"nearest_station_id":"kr_044","nearest_station_name":"Dobongsan","nearest_station_name_ko":"도봉산","a":118,"c":118,"e":120,"g":118,"i":120,"k":120,"m":119,"o":119,"b":118,"d":118,"f":120,"h":118,"j":120,"l":120,"n":119,"p":119}},{"type":"Feature","geometry":{"type":"Polygon","coordinates":[[[126.73342,37.60488],[126.76658,37.60488],[126.75,37.62765],[126.73342,37.60488]]]},"properties":{"row":9,"col":-2,"walk_min":98.5,"nearest_station_id":"kr_429","nearest_station_name":"Gaehwa","nearest_station_name_ko":"개화","a":120,"c":119,"e":120,"g":120,"i":120,"k":120,"m":120,"o":117,"b":120,"d":119,"f":120,"h":120,"j":120,"l":120,"n":120,"p":117}},{"type":"Feature","geometry":{"type":"Polygon","coordinates":[[[126.98209,37.80976],[127.01524,37.80976],[126.99866,37.83253],[126.98209,37.80976]]]},"properties":{"row":18,"col":14,"walk_min":88.1,"nearest_station_id":"kr_447","nearest_station_name":"Deokgye","nearest_station_name_ko":"덕계","a":120,"c":120,"e":120,"g":120,"i":120,"k":120,"m":120,"o":120,"b":120,"d":120,"f":120,"h":120,"j":120,"l":120,"n":120,"p":120}},{"type":"Feature","geometry":{"type":"Polygon","coordinates":[[[126.65053,37.4],[126.66711,37.42276],[126.63396,37.42276],[126.65053,37.4]]]},"properties":{"row":0,"col":-7,"walk_min":80.0,"nearest_station_id":"kr_456","nearest_station_name":"Dohwa","nearest_station_name_ko":"도화","a":120,"c":120,"e":120,"g":120,"i":120,"k":120,"m":120,"o":120,"b":120,"d":120,"f":120,"h":120,"j":120,"l":120,"n":120,"p":120}},{"type":"Feature","geometry":{"type":"Polygon","coordinates":[[[127.09813,37.787],[127.13129,37.787],[127.11471,37.80976],[127.09813,37.787]]]},"properties":{"row":17,"col":20,"walk_min":91.7,"nearest_station_id":"kr_447","nearest_station_name":"Deokgye","nearest_station_name_ko":"덕계","a":120,"c":120,"e":120,"g":120,"i":120,"k":120,"m":120,"o":120,"b":120,"d":120,"f":120,"h":120,"j":120,"l":120,"n":120,"p":120}},{"type":"Feature","geometry":{"type":"Polygon","coordinates":[[[127.11471,37.80976],[127.13129,37.83253],[127.09813,37.83253],[127.11471,37.80976]]]},"properties":{"row":18,"col":21,"walk_min":93.8,"nearest_station_id":"kr_447","nearest_station_name":"Deokgye","nearest_station_name_ko":"덕계","a":120,"c":120,"e":120,"g":120,"i":120,"k":120,"m":120,"o":120,"b":120,"d":120,"f":120,"h":120,"j":120,"l":120,"n":120,"p":120}},{"type":"Feature","geometry":{"type":"Polygon","coordinates":[[[127.09813,37.19512],[127.13129,37.19512],[127.11471,37.21788],[127.09813,37.19512]]]},"properties":{"row":-9,"col":20,"walk_min":78.8,"nearest_station_id":"kr_466","nearest_station_name":"Seodongtan","nearest_station_name_ko":"서동탄","a":120,"c":120,"e":120,"g":120,"i":120,"k":120,"m":120,"o":120,"b":120,"d":120,"f":120,"h":120,"j":120,"l":120,"n":120,"p":120}},{"type":"Feature","geometry":{"type":"Polygon","coordinates":[[[126.98209,37.76423],[126.99866,37.787],[126.96551,37.787],[126.98209,37.76423]]]},"properties":{"row":16,"col":13,"walk_min":82.4,"nearest_station_id":"kr_092","nearest_station_name":"Yangju","nearest_station_name_ko":"양주","a":120,"c":120,"e":120,"g":120,"i":120,"k":120,"m":120,"o":120,"b":120,"d":120,"f":120,"h":120,"j":120,"l":120,"n":120,"p":120}},{"type":"Feature","geometry":{"type":"Polygon","coordinates":[[[126.71684,37.4],[126.73342,37.42276],[126.70027,37.42276],[126.71684,37.4]]]},"properties":{"row":0,"col":-3,"walk_min":84.4,"nearest_station_id":"kr_455","nearest_station_name":"Ganseok","nearest_station_name_ko":"간석","a":120,"c":120,"e":120,"g":120,"i":120,"k":120,"m":120,"o":120,"b":120,"d":120,"f":120,"h":120,"j":120,"l":120,"n":120,"p":120}},{"type":"Feature","geometry":{"type":"Polygon","coordinates":[[[127.01524,37.35447],[127.0484,37.35447],[127.03182,37.37724],[127.01524,37.35447]]]},"properties":{"row":-2,"col":16,"walk_min":84.1,"nearest_station_id":"kr_148","nearest_station_name":"Jeongja","nearest_station_name_ko":"정자","a":120,"c":120,"e":117,"g":120,"i":113,"k":120,"m":120,"o":120,"b":120,"d":120,"f":117,"h":120,"j":113,"l":120,"n":120,"p":120}},{"type":"Feature","geometry":{"type":"Polygon","coordinates":[[[127.11471,37.7187],[127.14786,37.7187],[127.13129,37.74147],[127.11471,37.7187]]]},"properties":{"row":14,"col":22,"walk_min":92.8,"nearest_station_id":"kr_361","nearest_station_name":"Onam","nearest_station_name_ko":"오남","a":120,"c":120,"e":120,"g":120,"i":120,"k":120,"m":120,"o":120,"b":120,"d":120,"f":120,"h":120,"j":120,"l":120,"n":120,"p":120}},{"type":"Feature","geometry":{"type":"Polygon","coordinates":[[[127.21417,37.62765],[127.23075,37.65041],[127.1976,37.65041],[127.21417,37.62765]]]},"properties":{"row":10,"col":27,"walk_min":98.4,"nearest_station_id":"kr_352","nearest_station_name":"Dasan","nearest_station_name_ko":"다산","a":120,"c":120,"e":120,"g":120,"i":120,"k":120,"m":120,"o":120,"b":120,"d":120,"f":120,"h":120,"j":120,"l":120,"n":120,"p":120}},{"type":"Feature","geometry":{"type":"Polygon","coordinates":[[[127.23075,37.46829],[127.24733,37.49106],[127.21417,37.49106],[127.23075,37.46829]]]},"properties":{"row":3,"col":27,"walk_min":96.5,"nearest_station_id":"kr_232","nearest_station_name":"Namhansanseong","nearest_station_name_ko":"남한산성입구","a":120,"c":120,"e":118,"g":119,"i":119,"k":118,"m":119,"o":120,"b":120,"d":120,"f":118,"h":119,"j":119,"l":118,"n":119,"p":120}},{"type":"Feature","geometry":{"type":"Polygon","coordinates":[[[126.96551,37.787],[126.99866,37.787],[126.98209,37.80976],[126.96551,37.787]]]},"properties":{"row":17,"col":12,"walk_min":82.4,"nearest_station_id":"kr_092","nearest_station_name":"Yangju","nearest_station_name_ko":"양주","a":120,"c":120,"e":120,"g":120,"i":120,"k":120,"m":120,"o":120,"b":120,"d":120,"f":120,"h":120,"j":120,"l":120,"n":120,"p":120}},{"type":"Feature","geometry":{"type":"Polygon","coordinates":[[[126.78316,37.26341],[126.81631,37.26341],[126.79973,37.28618],[126.78316,37.26341]]]},"properties":{"row":-6,"col":2,"walk_min":121.6,"nearest_station_id":"kr_230","nearest_station_name":"Choji","nearest_station_name_ko":"초지","a":120,"c":120,"e":120,"g":120,"i":120,"k":120,"m":120,"o":120,"b":120,"d":120,"f":120,"h":120,"j":120,"l":120,"n":120,"p":120}},{"type":"Feature","geometry":{"type":"Polygon","coordinates":[[[127.11471,37.26341],[127.13129,37.28618],[127.09813,37.28618],[127.11471,37.26341]]]},"properties":{"row":-6,"col":21,"walk_min":83.2,"nearest_station_id":"kr_307","nearest_station_name":"Sanghyeon","nearest_station_name_ko":"상현","a":120,"c":120,"e":120,"g":120,"i":120,"k":120,"m":120,"o":120,"b":120,"d":120,"f":120,"h":120,"j":120,"l":120,"n":120,"p":120}},{"type":"Feature","geometry":{"type":"Polygon","coordinates":[[[126.6008,37.51382],[126.63396,37.51382],[126.61738,37.53659],[126.6008,37.51382]]]},"properties":{"row":5,"col":-10,"walk_min":96.5,"nearest_station_id":"kr_458","nearest_station_name":"Incheon","nearest_station_name_ko":"인천","a":120,"c":120,"e":120,"g":120,"i":120,"k":120,"m":120,"o":120,"b":120,"d":120,"f":120,"h":120,"j":120,"l":120,"n":120,"p":120}},{"type":"Feature","geometry":{"type":"Polygon","coordinates":[[[127.23075,37.65041],[127.24733,37.67317],[127.21417,37.67317],[127.23075,37.65041]]]},"properties":{"row":11,"col":27,"walk_min":100.3,"nearest_station_id":"kr_361","nearest_station_name":"Onam","nearest_station_name_ko":"오남","a":120,"c":120,"e":120,"g":120,"i":120,"k":120,"m":120,"o":120,"b":120,"d":120,"f":120,"h":120,"j":120,"l":120,"n":120,"p":120}},{"type":"Feature","geometry":{"type":"Polygon","coordinates":[[[127.21417,37.49106],[127.24733,37.49106],[127.23075,37.51382],[127.21417,37.49106]]]},"properties":{"row":4,"col":28,"walk_min":101.5,"nearest_station_id":"kr_469","nearest_station_name":"Hanam Geomdansan","nearest_station_name_ko":"하남검단산","a":120,"c":120,"e":120,"g":120,"i":120,"k":120,"m":120,"o":120,"b":120,"d":120,"f":120,"h":120,"j":120,"l":120,"n":120,"p":120}},{"type":"Feature","geometry":{"type":"Polygon","coordinates":[[[126.96551,37.74147],[126.99866,37.74147],[126.98209,37.76423],[126.96551,37.74147]]]},"properties":{"row":15,"col":12,"walk_min":93.6,"nearest_station_id":"kr_448","nearest_station_name":"Ganeung","nearest_station_name_ko":"가능","a":120,"c":120,"e":120,"g":120,"i":120,"k":120,"m":120,"o":120,"b":120,"d":120,"f":120,"h":120,"j":120,"l":120,"n":120,"p":120}},{"type":"Feature","geometry":{"type":"Polygon","coordinates":[[[126.94893,37.76423],[126.98209,37.76423],[126.96551,37.787],[126.94893,37.76423]]]},"properties":{"row":16,"col":12,"walk_min":104.9,"nearest_station_id":"kr_092","nearest_station_name":"Yangju","nearest_station_name_ko":"양주","a":120,"c":120,"e":120,"g":120,"i":120,"k":120,"m":120,"o":120,"b":120,"d":120,"f":120,"h":120,"j":120,"l":120,"n":120,"p":120}},{"type":"Feature","geometry":{"type":"Polygon","coordinates":[[[127.09813,37.74147],[127.13129,37.74147],[127.11471,37.76423],[127.09813,37.74147]]]},"properties":{"row":15,"col":20,"walk_min":92.6,"nearest_station_id":"kr_065","nearest_station_name":"Uijeongbu","nearest_station_name_ko":"의정부","a":120,"c":120,"e":120,"g":120,"i":120,"k":120,"m":120,"o":120,"b":120,"d":120,"f":120,"h":120,"j":120,"l":120,"n":120,"p":120}},{"type":"Feature","geometry":{"type":"Polygon","coordinates":[[[126.61738,37.4],[126.65053,37.4],[126.63396,37.42276],[126.61738,37.4]]]},"properties":{"row":0,"col":-8,"walk_min":96.0,"nearest_station_id":"kr_379","nearest_station_name":"Jemulpo","nearest_station_name_ko":"제물포","a":120,"c":120,"e":120,"g":120,"i":120,"k":120,"m":120,"o":120,"b":120,"d":120,"f":120,"h":120,"j":120,"l":120,"n":120,"p":120}},{"type":"Feature","geometry":{"type":"Polygon","coordinates":[[[126.78316,37.7187],[126.79973,37.74147],[126.76658,37.74147],[126.78316,37.7187]]]},"properties":{"row":14,"col":1,"walk_min":98.3,"nearest_station_id":"kr_424","nearest_station_name":"Daehwa","nearest_station_name_ko":"대화","a":120,"c":120,"e":120,"g":120,"i":120,"k":120,"m":120,"o":120,"b":120,"d":120,"f":120,"h":120,"j":120,"l":120,"n":120,"p":120}},{"type":"Feature","geometry":{"type":"Polygon","coordinates":[[[126.78316,37.7187],[126.81631,37.7187],[126.79973,37.74147],[126.78316,37.7187]]]},"properties":{"row":14,"col":2,"walk_min":106.5,"nearest_station_id":"kr_350","nearest_station_name":"Juyeop","nearest_station_name_ko":"주엽","a":120,"c":120,"e":120,"g":120,"i":120,"k":120,"m":120,"o":120,"b":120,"d":120,"f":120,"h":120,"j":120,"l":120,"n":120,"p":120}},{"type":"Feature","geometry":{"type":"Polygon","coordinates":[[[127.11471,37.21788],[127.13129,37.24065],[127.09813,37.24065],[127.11471,37.21788]]]},"properties":{"row":-8,"col":21,"walk_min":102.8,"nearest_station_id":"kr_466","nearest_station_name":"Seodongtan","nearest_station_name_ko":"서동탄","a":120,"c":120,"e":120,"g":120,"i":120,"k":120,"m":120,"o":120,"b":120,"d":120,"f":120,"h":120,"j":120,"l":120,"n":120,"p":120}},{"type":"Feature","geometry":{"type":"Polygon","coordinates":[[[127.03182,37.37724],[127.06497,37.37724],[127.0484,37.4],[127.03182,37.37724]]]},"properties":{"row":-1,"col":16,"walk_min":84.1,"nearest_station_id":"kr_148","nearest_station_name":"Jeongja","nearest_station_name_ko":"정자","a":120,"c":120,"e":114,"g":120,"i":115,"k":120,"m":120,"o":120,"b":120,"d":120,"f":114,"h":120,"j":115,"l":120,"n":120,"p":120}},{"type":"Feature","geometry":{"type":"Polygon","coordinates":[[[126.94893,37.7187],[126.98209,37.7187],[126.96551,37.74147],[126.94893,37.7187]]]},"properties":{"row":14,"col":12,"walk_min":110.4,"nearest_station_id":"kr_062","nearest_station_name":"Hoeryong","nearest_station_name_ko":"회룡","a":120,"c":120,"e":120,"g":120,"i":120,"k":120,"m":120,"o":120,"b":120,"d":120,"f":120,"h":120,"j":120,"l":120,"n":120,"p":120}},{"type":"Feature","geometry":{"type":"Polygon","coordinates":[[[126.98209,37.7187],[126.99866,37.74147],[126.96551,37.74147],[126.98209,37.7187]]]},"properties":{"row":14,"col":13,"walk_min":94.1,"nearest_station_id":"kr_062","nearest_station_name":"Hoeryong","nearest_station_name_ko":"회룡","a":120,"c":120,"e":120,"g":120,"i":120,"k":120,"m":120,"o":120,"b":120,"d":120,"f":120,"h":120,"j":120,"l":120,"n":120,"p":120}},{"type":"Feature","geometry":{"type":"Polygon","coordinates":[[[126.71684,37.7187],[126.73342,37.74147],[126.70027,37.74147],[126.71684,37.7187]]]},"properties":{"row":14,"col":-3,"walk_min":95.8,"nearest_station_id":"kr_424","nearest_station_name":"Daehwa","nearest_station_name_ko":"대화","a":120,"c":120,"e":120,"g":120,"i":120,"k":120,"m":120,"o":120,"b":120,"d":120,"f":120,"h":120,"j":120,"l":120,"n":120,"p":120}},{"type":"Feature","geometry":{"type":"Polygon","coordinates":[[[126.78316,37.4],[126.81631,37.4],[126.79973,37.42276],[126.78316,37.4]]]},"properties":{"row":0,"col":2,"walk_min":103.6,"nearest_station_id":"kr_428","nearest_station_name":"Oido","nearest_station_name_ko":"오이도","a":120,"c":120,"e":120,"g":120,"i":120,"k":120,"m":120,"o":120,"b":120,"d":120,"f":120,"h":120,"j":120,"l":120,"n":120,"p":120}},{"type":"Feature","geometry":{"type":"Polygon","coordinates":[[[127.16444,37.74147],[127.18102,37.76423],[127.14786,37.76423],[127.16444,37.74147]]]},"properties":{"row":15,"col":23,"walk_min":102.5,"nearest_station_id":"kr_470","nearest_station_name":"Jinjeop","nearest_station_name_ko":"진접","a":120,"c":120,"e":120,"g":120,"i":120,"k":120,"m":120,"o":120,"b":120,"d":120,"f":120,"h":120,"j":120,"l":120,"n":120,"p":120}},{"type":"Feature","geometry":{"type":"Polygon","coordinates":[[[127.14786,37.76423],[127.18102,37.76423],[127.16444,37.787],[127.14786,37.76423]]]},"properties":{"row":16,"col":24,"walk_min":123.3,"nearest_station_id":"kr_470","nearest_station_name":"Jinjeop","nearest_station_name_ko":"진접","a":120,"c":120,"e":120,"g":120,"i":120,"k":120,"m":120,"o":120,"b":120,"d":120,"f":120,"h":120,"j":120,"l":120,"n":120,"p":120}},{"type":"Feature","geometry":{"type":"Polygon","coordinates":[[[127.16444,37.33171],[127.18102,37.35447],[127.14786,37.35447],[127.16444,37.33171]]]},"properties":{"row":-3,"col":23,"walk_min":86.7,"nearest_station_id":"kr_172","nearest_station_name":"Migeum","nearest_station_name_ko":"미금","a":120,"c":120,"e":118,"g":120,"i":120,"k":120,"m":120,"o":120,"b":120,"d":120,"f":118,"h":120,"j":120,"l":120,"n":120,"p":120}},{"type":"Feature","geometry":{"type":"Polygon","coordinates":[[[126.98209,37.17235],[126.99866,37.19512],[126.96551,37.19512],[126.98209,37.17235]]]},"properties":{"row":-10,"col":13,"walk_min":91.9,"nearest_station_id":"kr_047","nearest_station_name":"Byeongjeom","nearest_station_name_ko":"병점","a":120,"c":120,"e":120,"g":120,"i":120,"k":120,"m":120,"o":120,"b":120,"d":120,"f":120,"h":120,"j":120,"l":120,"n":120,"p":120}},{"type":"Feature","geometry":{"type":"Polygon","coordinates":[[[126.86604,37.24065],[126.8992,37.24065],[126.88262,37.26341],[126.86604,37.24065]]]},"properties":{"row":-7,"col":6,"walk_min":103.5,"nearest_station_id":"kr_114","nearest_station_name":"Sangnoksu","nearest_station_name_ko":"상록수","a":120,"c":120,"e":120,"g":120,"i":120,"k":120,"m":120,"o":120,"b":120,"d":120,"f":120,"h":120,"j":120,"l":120,"n":120,"p":120}},{"type":"Feature","geometry":{"type":"Polygon","coordinates":[[[126.86604,37.24065],[126.88262,37.26341],[126.84947,37.26341],[126.86604,37.24065]]]},"properties":{"row":-7,"col":5,"walk_min":100.1,"nearest_station_id":"kr_114","nearest_station_name":"Sangnoksu","nearest_station_name_ko":"상록수","a":120,"c":120,"e":120,"g":120,"i":120,"k":120,"m":120,"o":120,"b":120,"d":120,"f":120,"h":120,"j":120,"l":120,"n":120,"p":120}},{"type":"Feature","geometry":{"type":"Polygon","coordinates":[[[126.8992,37.24065],[126.91578,37.26341],[126.88262,37.26341],[126.8992,37.24065]]]},"properties":{"row":-7,"col":7,"walk_min":92.6,"nearest_station_id":"kr_114","nearest_station_name":"Sangnoksu","nearest_station_name_ko":"상록수","a":120,"c":120,"e":120,"g":120,"i":120,"k":120,"m":120,"o":120,"b":120,"d":120,"f":120,"h":120,"j":120,"l":120,"n":120,"p":120}},{"type":"Feature","geometry":{"type":"Polygon","coordinates":[[[126.73342,37.55935],[126.75,37.58212],[126.71684,37.58212],[126.73342,37.55935]]]},"properties":{"row":7,"col":-3,"walk_min":91.7,"nearest_station_id":"kr_429","nearest_station_name":"Gaehwa","nearest_station_name_ko":"개화","a":120,"c":120,"e":120,"g":120,"i":120,"k":120,"m":120,"o":117,"b":120,"d":120,"f":120,"h":120,"j":120,"l":120,"n":120,"p":117}},{"type":"Feature","geometry":{"type":"Polygon","coordinates":[[[127.14786,37.30894],[127.18102,37.30894],[127.16444,37.33171],[127.14786,37.30894]]]},"properties":{"row":-4,"col":24,"walk_min":107.7,"nearest_station_id":"kr_233","nearest_station_name":"Suji-gu Office","nearest_station_name_ko":"수지구청","a":120,"c":120,"e":120,"g":120,"i":120,"k":120,"m":120,"o":120,"b":120,"d":120,"f":120,"h":120,"j":120,"l":120,"n":120,"p":120}},{"type":"Feature","geometry":{"type":"Polygon","coordinates":[[[127.16444,37.33171],[127.1976,37.33171],[127.18102,37.35447],[127.16444,37.33171]]]},"properties":{"row":-3,"col":24,"walk_min":111.6,"nearest_station_id":"kr_172","nearest_station_name":"Migeum","nearest_station_name_ko":"미금","a":120,"c":120,"e":120,"g":120,"i":120,"k":120,"m":120,"o":120,"b":120,"d":120,"f":120,"h":120,"j":120,"l":120,"n":120,"p":120}},{"type":"Feature","geometry":{"type":"Polygon","coordinates":[[[127.1976,37.60488],[127.23075,37.60488],[127.21417,37.62765],[127.1976,37.60488]]]},"properties":{"row":9,"col":26,"walk_min":92.8,"nearest_station_id":"kr_352","nearest_station_name":"Dasan","nearest_station_name_ko":"다산","a":120,"c":120,"e":120,"g":120,"i":120,"k":120,"m":120,"o":120,"b":120,"d":120,"f":120,"h":120,"j":120,"l":120,"n":120,"p":120}},{"type":"Feature","geometry":{"type":"Polygon","coordinates":[[[127.23075,37.60488],[127.24733,37.62765],[127.21417,37.62765],[127.23075,37.60488]]]},"properties":{"row":9,"col":27,"walk_min":108.0,"nearest_station_id":"kr_352","nearest_station_name":"Dasan","nearest_station_name_ko":"다산","a":120,"c":120,"e":120,"g":120,"i":120,"k":120,"m":120,"o":120,"b":120,"d":120,"f":120,"h":120,"j":120,"l":120,"n":120,"p":120}},{"type":"Feature","geometry":{"type":"Polygon","coordinates":[[[126.68369,37.7187],[126.71684,37.7187],[126.70027,37.74147],[126.68369,37.7187]]]},"properties":{"row":14,"col":-4,"walk_min":94.3,"nearest_station_id":"kr_424","nearest_station_name":"Daehwa","nearest_station_name_ko":"대화","a":120,"c":120,"e":120,"g":120,"i":120,"k":120,"m":120,"o":120,"b":120,"d":120,"f":120,"h":120,"j":120,"l":120,"n":120,"p":120}},{"type":"Feature","geometry":{"type":"Polygon","coordinates":[[[127.11471,37.17235],[127.14786,37.17235],[127.13129,37.19512],[127.11471,37.17235]]]},"properties":{"row":-10,"col":22,"walk_min":95.3,"nearest_station_id":"kr_416","nearest_station_name":"Osan College","nearest_station_name_ko":"오산대","a":120,"c":120,"e":120,"g":120,"i":120,"k":120,"m":120,"o":120,"b":120,"d":120,"f":120,"h":120,"j":120,"l":120,"n":120,"p":120}},{"type":"Feature","geometry":{"type":"Polygon","coordinates":[[[127.11471,37.76423],[127.13129,37.787],[127.09813,37.787],[127.11471,37.76423]]]},"properties":{"row":16,"col":21,"walk_min":100.9,"nearest_station_id":"kr_092","nearest_station_name":"Yangju","nearest_station_name_ko":"양주","a":120,"c":120,"e":120,"g":120,"i":120,"k":120,"m":120,"o":120,"b":120,"d":120,"f":120,"h":120,"j":120,"l":120,"n":120,"p":120}},{"type":"Feature","geometry":{"type":"Polygon","coordinates":[[[126.61738,37.53659],[126.65053,37.53659],[126.63396,37.55935],[126.61738,37.53659]]]},"properties":{"row":6,"col":-8,"walk_min":108.4,"nearest_station_id":"kr_258","nearest_station_name":"Sangok","nearest_station_name_ko":"산곡","a":120,"c":120,"e":120,"g":120,"i":120,"k":120,"m":120,"o":120,"b":120,"d":120,"f":120,"h":120,"j":120,"l":120,"n":120,"p":120}},{"type":"Feature","geometry":{"type":"Polygon","coordinates":[[[126.71684,37.58212],[126.75,37.58212],[126.73342,37.60488],[126.71684,37.58212]]]},"properties":{"row":8,"col":-2,"walk_min":101.6,"nearest_station_id":"kr_429","nearest_station_name":"Gaehwa","nearest_station_name_ko":"개화","a":120,"c":120,"e":120,"g":120,"i":120,"k":120,"m":120,"o":119,"b":120,"d":120,"f":120,"h":120,"j":120,"l":120,"n":120,"p":119}},{"type":"Feature","geometry":{"type":"Polygon","coordinates":[[[126.98209,37.80976],[126.99866,37.83253],[126.96551,37.83253],[126.98209,37.80976]]]},"properties":{"row":18,"col":13,"walk_min":102.3,"nearest_station_id":"kr_447","nearest_station_name":"Deokgye","nearest_station_name_ko":"덕계","a":120,"c":120,"e":120,"g":120,"i":120,"k":120,"m":120,"o":120,"b":120,"d":120,"f":120,"h":120,"j":120,"l":120,"n":120,"p":120}},{"type":"Feature","geometry":{"type":"Polygon","coordinates":[[[126.58422,37.4],[126.61738,37.4],[126.6008,37.42276],[126.58422,37.4]]]},"properties":{"row":0,"col":-10,"walk_min":96.2,"nearest_station_id":"kr_457","nearest_station_name":"Dowon","nearest_station_name_ko":"도원","a":120,"c":120,"e":120,"g":120,"i":120,"k":120,"m":120,"o":120,"b":120,"d":120,"f":120,"h":120,"j":120,"l":120,"n":120,"p":120}},{"type":"Feature","geometry":{"type":"Polygon","coordinates":[[[126.61738,37.4],[126.63396,37.42276],[126.6008,37.42276],[126.61738,37.4]]]},"properties":{"row":0,"col":-9,"walk_min":89.5,"nearest_station_id":"kr_457","nearest_station_name":"Dowon","nearest_station_name_ko":"도원","a":120,"c":120,"e":120,"g":120,"i":120,"k":120,"m":120,"o":120,"b":120,"d":120,"f":120,"h":120,"j":120,"l":120,"n":120,"p":120}},{"type":"Feature","geometry":{"type":"Polygon","coordinates":[[[126.96551,37.19512],[126.98209,37.21788],[126.94893,37.21788],[126.96551,37.19512]]]},"properties":{"row":-9,"col":11,"walk_min":109.5,"nearest_station_id":"kr_462","nearest_station_name":"Seryu","nearest_station_name_ko":"세류","a":120,"c":120,"e":120,"g":120,"i":120,"k":120,"m":120,"o":120,"b":120,"d":120,"f":120,"h":120,"j":120,"l":120,"n":120,"p":120}},{"type":"Feature","geometry":{"type":"Polygon","coordinates":[[[126.66711,37.65041],[126.68369,37.67317],[126.65053,37.67317],[126.66711,37.65041]]]},"properties":{"row":11,"col":-7,"walk_min":217.0,"nearest_station_id":"kr_424","nearest_station_name":"Daehwa","nearest_station_name_ko":"대화","a":120,"c":120,"e":120,"g":120,"i":120,"k":120,"m":120,"o":120,"b":120,"d":120,"f":120,"h":120,"j":120,"l":120,"n":120,"p":120}},{"type":"Feature","geometry":{"type":"Polygon","coordinates":[[[126.65053,37.67317],[126.68369,37.67317],[126.66711,37.69594],[126.65053,37.67317]]]},"properties":{"row":12,"col":-6,"walk_min":222.2,"nearest_station_id":"kr_424","nearest_station_name":"Daehwa","nearest_station_name_ko":"대화","a":120,"c":120,"e":120,"g":120,"i":120,"k":120,"m":120,"o":120,"b":120,"d":120,"f":120,"h":120,"j":120,"l":120,"n":120,"p":120}},{"type":"Feature","geometry":{"type":"Polygon","coordinates":[[[126.83289,37.69594],[126.84947,37.7187],[126.81631,37.7187],[126.83289,37.69594]]]},"properties":{"row":13,"col":3,"walk_min":97.5,"nearest_station_id":"kr_145","nearest_station_name":"Wondang","nearest_station_name_ko":"원당","a":120,"c":120,"e":120,"g":120,"i":120,"k":120,"m":120,"o":120,"b":120,"d":120,"f":120,"h":120,"j":120,"l":120,"n":120,"p":120}},{"type":"Feature","geometry":{"type":"Polygon","coordinates":[[[126.86604,37.69594],[126.88262,37.7187],[126.84947,37.7187],[126.86604,37.69594]]]},"properties":{"row":13,"col":5,"walk_min":99.2,"nearest_station_id":"kr_145","nearest_station_name":"Wondang","nearest_station_name_ko":"원당","a":120,"c":120,"e":120,"g":120,"i":120,"k":120,"m":120,"o":120,"b":120,"d":120,"f":120,"h":120,"j":120,"l":120,"n":120,"p":120}},{"type":"Feature","geometry":{"type":"Polygon","coordinates":[[[126.96551,37.19512],[126.99866,37.19512],[126.98209,37.21788],[126.96551,37.19512]]]},"properties":{"row":-9,"col":12,"walk_min":94.4,"nearest_station_id":"kr_047","nearest_station_name":"Byeongjeom","nearest_station_name_ko":"병점","a":120,"c":120,"e":120,"g":120,"i":120,"k":120,"m":120,"o":120,"b":120,"d":120,"f":120,"h":120,"j":120,"l":120,"n":120,"p":120}},{"type":"Feature","geometry":{"type":"Polygon","coordinates":[[[126.70027,37.55935],[126.73342,37.55935],[126.71684,37.58212],[126.70027,37.55935]]]},"properties":{"row":7,"col":-4,"walk_min":90.1,"nearest_station_id":"kr_258","nearest_station_name":"Sangok","nearest_station_name_ko":"산곡","a":120,"c":120,"e":120,"g":120,"i":120,"k":120,"m":120,"o":120,"b":120,"d":120,"f":120,"h":120,"j":120,"l":120,"n":120,"p":120}},{"type":"Feature","geometry":{"type":"Polygon","coordinates":[[[126.70027,37.55935],[126.71684,37.58212],[126.68369,37.58212],[126.70027,37.55935]]]},"properties":{"row":7,"col":-5,"walk_min":110.8,"nearest_station_id":"kr_258","nearest_station_name":"Sangok","nearest_station_name_ko":"산곡","a":120,"c":120,"e":120,"g":120,"i":120,"k":120,"m":120,"o":120,"b":120,"d":120,"f":120,"h":120,"j":120,"l":120,"n":120,"p":120}},{"type":"Feature","geometry":{"type":"Polygon","coordinates":[[[126.93235,37.69594],[126.94893,37.7187],[126.91578,37.7187],[126.93235,37.69594]]]},"properties":{"row":13,"col":9,"walk_min":92.2,"nearest_station_id":"kr_104","nearest_station_name":"Jichuk","nearest_station_name_ko":"지축","a":120,"c":120,"e":120,"g":120,"i":120,"k":120,"m":120,"o":120,"b":120,"d":120,"f":120,"h":120,"j":120,"l":120,"n":120,"p":120}},{"type":"Feature","geometry":{"type":"Polygon","coordinates":[[[127.13129,37.19512],[127.14786,37.21788],[127.11471,37.21788],[127.13129,37.19512]]]},"properties":{"row":-9,"col":21,"walk_min":107.0,"nearest_station_id":"kr_466","nearest_station_name":"Seodongtan","nearest_station_name_ko":"서동탄","a":120,"c":120,"e":120,"g":120,"i":120,"k":120,"m":120,"o":120,"b":120,"d":120,"f":120,"h":120,"j":120,"l":120,"n":120,"p":120}},{"type":"Feature","geometry":{"type":"Polygon","coordinates":[[[127.13129,37.787],[127.14786,37.80976],[127.11471,37.80976],[127.13129,37.787]]]},"properties":{"row":17,"col":21,"walk_min":114.4,"nearest_station_id":"kr_447","nearest_station_name":"Deokgye","nearest_station_name_ko":"덕계","a":120,"c":120,"e":120,"g":120,"i":120,"k":120,"m":120,"o":120,"b":120,"d":120,"f":120,"h":120,"j":120,"l":120,"n":120,"p":120}},{"type":"Feature","geometry":{"type":"Polygon","coordinates":[[[127.11471,37.80976],[127.14786,37.80976],[127.13129,37.83253],[127.11471,37.80976]]]},"properties":{"row":18,"col":22,"walk_min":114.8,"nearest_station_id":"kr_447","nearest_station_name":"Deokgye","nearest_station_name_ko":"덕계","a":120,"c":120,"e":120,"g":120,"i":120,"k":120,"m":120,"o":120,"b":120,"d":120,"f":120,"h":120,"j":120,"l":120,"n":120,"p":120}},{"type":"Feature","geometry":{"type":"Polygon","coordinates":[[[127.09813,37.24065],[127.13129,37.24065],[127.11471,37.26341],[127.09813,37.24065]]]},"properties":{"row":-7,"col":20,"walk_min":104.7,"nearest_station_id":"kr_307","nearest_station_name":"Sanghyeon","nearest_station_name_ko":"상현","a":120,"c":120,"e":120,"g":120,"i":120,"k":120,"m":120,"o":120,"b":120,"d":120,"f":120,"h":120,"j":120,"l":120,"n":120,"p":120}},{"type":"Feature","geometry":{"type":"Polygon","coordinates":[[[127.24733,37.44553],[127.26391,37.46829],[127.23075,37.46829],[127.24733,37.44553]]]},"properties":{"row":2,"col":29,"walk_min":112.6,"nearest_station_id":"kr_236","nearest_station_name":"Samdong","nearest_station_name_ko":"삼동","a":120,"c":120,"e":120,"g":120,"i":120,"k":120,"m":120,"o":120,"b":120,"d":120,"f":120,"h":120,"j":120,"l":120,"n":120,"p":120}},{"type":"Feature","geometry":{"type":"Polygon","coordinates":[[[127.23075,37.46829],[127.26391,37.46829],[127.24733,37.49106],[127.23075,37.46829]]]},"properties":{"row":3,"col":28,"walk_min":112.6,"nearest_station_id":"kr_469","nearest_station_name":"Hanam Geomdansan","nearest_station_name_ko":"하남검단산","a":120,"c":120,"e":120,"g":120,"i":120,"k":120,"m":120,"o":120,"b":120,"d":120,"f":120,"h":120,"j":120,"l":120,"n":120,"p":120}},{"type":"Feature","geometry":{"type":"Polygon","coordinates":[[[126.56765,37.42276],[126.6008,37.42276],[126.58422,37.44553],[126.56765,37.42276]]]},"properties":{"row":1,"col":-12,"walk_min":99.2,"nearest_station_id":"kr_458","nearest_station_name":"Incheon","nearest_station_name_ko":"인천","a":120,"c":120,"e":120,"g":120,"i":120,"k":120,"m":120,"o":120,"b":120,"d":120,"f":120,"h":120,"j":120,"l":120,"n":120,"p":120}},{"type":"Feature","geometry":{"type":"Polygon","coordinates":[[[126.65053,37.30894],[126.68369,37.30894],[126.66711,37.33171],[126.65053,37.30894]]]},"properties":{"row":-4,"col":-6,"walk_min":108.0,"nearest_station_id":"kr_351","nearest_station_name":"Jeongwang","nearest_station_name_ko":"정왕","a":120,"c":120,"e":120,"g":120,"i":120,"k":120,"m":120,"o":120,"b":120,"d":120,"f":120,"h":120,"j":120,"l":120,"n":120,"p":120}},{"type":"Feature","geometry":{"type":"Polygon","coordinates":[[[127.11471,37.26341],[127.14786,37.26341],[127.13129,37.28618],[127.11471,37.26341]]]},"properties":{"row":-6,"col":22,"walk_min":105.7,"nearest_station_id":"kr_307","nearest_station_name":"Sanghyeon","nearest_station_name_ko":"상현","a":120,"c":120,"e":120,"g":120,"i":120,"k":120,"m":120,"o":120,"b":120,"d":120,"f":120,"h":120,"j":120,"l":120,"n":120,"p":120}},{"type":"Feature","geometry":{"type":"Polygon","coordinates":[[[126.58422,37.49106],[126.61738,37.49106],[126.6008,37.51382],[126.58422,37.49106]]]},"properties":{"row":4,"col":-10,"walk_min":98.7,"nearest_station_id":"kr_458","nearest_station_name":"Incheon","nearest_station_name_ko":"인천","a":120,"c":120,"e":120,"g":120,"i":120,"k":120,"m":120,"o":120,"b":120,"d":120,"f":120,"h":120,"j":120,"l":120,"n":120,"p":120}},{"type":"Feature","geometry":{"type":"Polygon","coordinates":[[[127.18102,37.76423],[127.1976,37.787],[127.16444,37.787],[127.18102,37.76423]]]},"properties":{"row":16,"col":25,"walk_min":134.0,"nearest_station_id":"kr_470","nearest_station_name":"Jinjeop","nearest_station_name_ko":"진접","a":120,"c":120,"e":120,"g":120,"i":120,"k":120,"m":120,"o":120,"b":120,"d":120,"f":120,"h":120,"j":120,"l":120,"n":120,"p":120}},{"type":"Feature","geometry":{"type":"Polygon","coordinates":[[[126.63396,37.37724],[126.66711,37.37724],[126.65053,37.4],[126.63396,37.37724]]]},"properties":{"row":-1,"col":-8,"walk_min":122.9,"nearest_station_id":"kr_428","nearest_station_name":"Oido","nearest_station_name_ko":"오이도","a":120,"c":120,"e":120,"g":120,"i":120,"k":120,"m":120,"o":120,"b":120,"d":120,"f":120,"h":120,"j":120,"l":120,"n":120,"p":120}},{"type":"Feature","geometry":{"type":"Polygon","coordinates":[[[126.66711,37.37724],[126.68369,37.4],[126.65053,37.4],[126.66711,37.37724]]]},"properties":{"row":-1,"col":-7,"walk_min":105.8,"nearest_station_id":"kr_428","nearest_station_name":"Oido","nearest_station_name_ko":"오이도","a":120,"c":120,"e":120,"g":120,"i":120,"k":120,"m":120,"o":120,"b":120,"d":120,"f":120,"h":120,"j":120,"l":120,"n":120,"p":120}},{"type":"Feature","geometry":{"type":"Polygon","coordinates":[[[126.8992,37.24065],[126.93235,37.24065],[126.91578,37.26341],[126.8992,37.24065]]]},"properties":{"row":-7,"col":8,"walk_min":106.5,"nearest_station_id":"kr_415","nearest_station_name":"Banwol","nearest_station_name_ko":"반월","a":120,"c":120,"e":120,"g":120,"i":120,"k":120,"m":120,"o":120,"b":120,"d":120,"f":120,"h":120,"j":120,"l":120,"n":120,"p":120}},{"type":"Feature","geometry":{"type":"Polygon","coordinates":[[[126.68369,37.7187],[126.70027,37.74147],[126.66711,37.74147],[126.68369,37.7187]]]},"properties":{"row":14,"col":-5,"walk_min":175.4,"nearest_station_id":"kr_424","nearest_station_name":"Daehwa","nearest_station_name_ko":"대화","a":120,"c":120,"e":120,"g":120,"i":120,"k":120,"m":120,"o":120,"b":120,"d":120,"f":120,"h":120,"j":120,"l":120,"n":120,"p":120}},{"type":"Feature","geometry":{"type":"Polygon","coordinates":[[[126.66711,37.37724],[126.70027,37.37724],[126.68369,37.4],[126.66711,37.37724]]]},"properties":{"row":-1,"col":-6,"walk_min":127.1,"nearest_station_id":"kr_428","nearest_station_name":"Oido","nearest_station_name_ko":"오이도","a":120,"c":120,"e":120,"g":120,"i":120,"k":120,"m":120,"o":120,"b":120,"d":120,"f":120,"h":120,"j":120,"l":120,"n":120,"p":120}},{"type":"Feature","geometry":{"type":"Polygon","coordinates":[[[126.66711,37.69594],[126.68369,37.7187],[126.65053,37.7187],[126.66711,37.69594]]]},"properties":{"row":13,"col":-7,"walk_min":226.8,"nearest_station_id":"kr_424","nearest_station_name":"Daehwa","nearest_station_name_ko":"대화","a":120,"c":120,"e":120,"g":120,"i":120,"k":120,"m":120,"o":120,"b":120,"d":120,"f":120,"h":120,"j":120,"l":120,"n":120,"p":120}},{"type":"Feature","geometry":{"type":"Polygon","coordinates":[[[127.16444,37.28618],[127.18102,37.30894],[127.14786,37.30894],[127.16444,37.28618]]]},"properties":{"row":-5,"col":23,"walk_min":116.9,"nearest_station_id":"kr_233","nearest_station_name":"Suji-gu Office","nearest_station_name_ko":"수지구청","a":120,"c":120,"e":120,"g":120,"i":120,"k":120,"m":120,"o":120,"b":120,"d":120,"f":120,"h":120,"j":120,"l":120,"n":120,"p":120}},{"type":"Feature","geometry":{"type":"Polygon","coordinates":[[[127.14786,37.26341],[127.16444,37.28618],[127.13129,37.28618],[127.14786,37.26341]]]},"properties":{"row":-6,"col":23,"walk_min":105.1,"nearest_station_id":"kr_233","nearest_station_name":"Suji-gu Office","nearest_station_name_ko":"수지구청","a":120,"c":120,"e":120,"g":120,"i":120,"k":120,"m":120,"o":120,"b":120,"d":120,"f":120,"h":120,"j":120,"l":120,"n":120,"p":120}},{"type":"Feature","geometry":{"type":"Polygon","coordinates":[[[126.8992,37.69594],[126.91578,37.7187],[126.88262,37.7187],[126.8992,37.69594]]]},"properties":{"row":13,"col":7,"walk_min":102.1,"nearest_station_id":"kr_115","nearest_station_name":"Samsong","nearest_station_name_ko":"삼송","a":120,"c":120,"e":120,"g":120,"i":120,"k":120,"m":120,"o":120,"b":120,"d":120,"f":120,"h":120,"j":120,"l":120,"n":120,"p":120}},{"type":"Feature","geometry":{"type":"Polygon","coordinates":[[[126.73342,37.74147],[126.76658,37.74147],[126.75,37.76423],[126.73342,37.74147]]]},"properties":{"row":15,"col":-2,"walk_min":109.3,"nearest_station_id":"kr_424","nearest_station_name":"Daehwa","nearest_station_name_ko":"대화","a":120,"c":120,"e":120,"g":120,"i":120,"k":120,"m":120,"o":120,"b":120,"d":120,"f":120,"h":120,"j":120,"l":120,"n":120,"p":120}},{"type":"Feature","geometry":{"type":"Polygon","coordinates":[[[126.76658,37.74147],[126.79973,37.74147],[126.78316,37.76423],[126.76658,37.74147]]]},"properties":{"row":15,"col":0,"walk_min":124.5,"nearest_station_id":"kr_424","nearest_station_name":"Daehwa","nearest_station_name_ko":"대화","a":120,"c":120,"e":120,"g":120,"i":120,"k":120,"m":120,"o":120,"b":120,"d":120,"f":120,"h":120,"j":120,"l":120,"n":120,"p":120}},{"type":"Feature","geometry":{"type":"Polygon","coordinates":[[[126.76658,37.74147],[126.78316,37.76423],[126.75,37.76423],[126.76658,37.74147]]]},"properties":{"row":15,"col":-1,"walk_min":139.0,"nearest_station_id":"kr_424","nearest_station_name":"Daehwa","nearest_station_name_ko":"대화","a":120,"c":120,"e":120,"g":120,"i":120,"k":120,"m":120,"o":120,"b":120,"d":120,"f":120,"h":120,"j":120,"l":120,"n":120,"p":120}},{"type":"Feature","geometry":{"type":"Polygon","coordinates":[[[126.93235,37.787],[126.96551,37.787],[126.94893,37.80976],[126.93235,37.787]]]},"properties":{"row":17,"col":10,"walk_min":125.3,"nearest_station_id":"kr_092","nearest_station_name":"Yangju","nearest_station_name_ko":"양주","a":120,"c":120,"e":120,"g":120,"i":120,"k":120,"m":120,"o":120,"b":120,"d":120,"f":120,"h":120,"j":120,"l":120,"n":120,"p":120}},{"type":"Feature","geometry":{"type":"Polygon","coordinates":[[[126.96551,37.787],[126.98209,37.80976],[126.94893,37.80976],[126.96551,37.787]]]},"properties":{"row":17,"col":11,"walk_min":108.2,"nearest_station_id":"kr_092","nearest_station_name":"Yangju","nearest_station_name_ko":"양주","a":120,"c":120,"e":120,"g":120,"i":120,"k":120,"m":120,"o":120,"b":120,"d":120,"f":120,"h":120,"j":120,"l":120,"n":120,"p":120}},{"type":"Feature","geometry":{"type":"Polygon","coordinates":[[[127.21417,37.35447],[127.24733,37.35447],[127.23075,37.37724],[127.21417,37.35447]]]},"properties":{"row":-2,"col":28,"walk_min":115.2,"nearest_station_id":"kr_149","nearest_station_name":"경기광주","nearest_station_name_ko":"경기광주","a":120,"c":120,"e":120,"g":120,"i":120,"k":120,"m":120,"o":120,"b":120,"d":120,"f":120,"h":120,"j":120,"l":120,"n":120,"p":120}},{"type":"Feature","geometry":{"type":"Polygon","coordinates":[[[127.11471,37.21788],[127.14786,37.21788],[127.13129,37.24065],[127.11471,37.21788]]]},"properties":{"row":-8,"col":22,"walk_min":115.0,"nearest_station_id":"kr_466","nearest_station_name":"Seodongtan","nearest_station_name_ko":"서동탄","a":120,"c":120,"e":120,"g":120,"i":120,"k":120,"m":120,"o":120,"b":120,"d":120,"f":120,"h":120,"j":120,"l":120,"n":120,"p":120}},{"type":"Feature","geometry":{"type":"Polygon","coordinates":[[[126.96551,37.74147],[126.98209,37.76423],[126.94893,37.76423],[126.96551,37.74147]]]},"properties":{"row":15,"col":11,"walk_min":113.4,"nearest_station_id":"kr_421","nearest_station_name":"Nogyang","nearest_station_name_ko":"녹양","a":120,"c":120,"e":120,"g":120,"i":120,"k":120,"m":120,"o":120,"b":120,"d":120,"f":120,"h":120,"j":120,"l":120,"n":120,"p":120}},{"type":"Feature","geometry":{"type":"Polygon","coordinates":[[[126.66711,37.55935],[126.70027,37.55935],[126.68369,37.58212],[126.66711,37.55935]]]},"properties":{"row":7,"col":-6,"walk_min":103.8,"nearest_station_id":"kr_258","nearest_station_name":"Sangok","nearest_station_name_ko":"산곡","a":120,"c":120,"e":120,"g":120,"i":120,"k":120,"m":120,"o":120,"b":120,"d":120,"f":120,"h":120,"j":120,"l":120,"n":120,"p":120}},{"type":"Feature","geometry":{"type":"Polygon","coordinates":[[[126.91578,37.21788],[126.94893,37.21788],[126.93235,37.24065],[126.91578,37.21788]]]},"properties":{"row":-8,"col":10,"walk_min":127.1,"nearest_station_id":"kr_462","nearest_station_name":"Seryu","nearest_station_name_ko":"세류","a":120,"c":120,"e":120,"g":120,"i":120,"k":120,"m":120,"o":120,"b":120,"d":120,"f":120,"h":120,"j":120,"l":120,"n":120,"p":120}},{"type":"Feature","geometry":{"type":"Polygon","coordinates":[[[126.91578,37.21788],[126.93235,37.24065],[126.8992,37.24065],[126.91578,37.21788]]]},"properties":{"row":-8,"col":9,"walk_min":123.1,"nearest_station_id":"kr_043","nearest_station_name":"Suwon","nearest_station_name_ko":"수원","a":120,"c":120,"e":120,"g":120,"i":120,"k":120,"m":120,"o":120,"b":120,"d":120,"f":120,"h":120,"j":120,"l":120,"n":120,"p":120}},{"type":"Feature","geometry":{"type":"Polygon","coordinates":[[[127.21417,37.76423],[127.23075,37.787],[127.1976,37.787],[127.21417,37.76423]]]},"properties":{"row":16,"col":27,"walk_min":104.4,"nearest_station_id":"kr_470","nearest_station_name":"Jinjeop","nearest_station_name_ko":"진접","a":120,"c":120,"e":120,"g":120,"i":120,"k":120,"m":120,"o":120,"b":120,"d":120,"f":120,"h":120,"j":120,"l":120,"n":120,"p":120}},{"type":"Feature","geometry":{"type":"Polygon","coordinates":[[[127.13129,37.74147],[127.14786,37.76423],[127.11471,37.76423],[127.13129,37.74147]]]},"properties":{"row":15,"col":21,"walk_min":112.0,"nearest_station_id":"kr_448","nearest_station_name":"Ganeung","nearest_station_name_ko":"가능","a":120,"c":120,"e":120,"g":120,"i":120,"k":120,"m":120,"o":120,"b":120,"d":120,"f":120,"h":120,"j":120,"l":120,"n":120,"p":120}},{"type":"Feature","geometry":{"type":"Polygon","coordinates":[[[127.11471,37.76423],[127.14786,37.76423],[127.13129,37.787],[127.11471,37.76423]]]},"properties":{"row":16,"col":22,"walk_min":124.5,"nearest_station_id":"kr_092","nearest_station_name":"Yangju","nearest_station_name_ko":"양주","a":120,"c":120,"e":120,"g":120,"i":120,"k":120,"m":120,"o":120,"b":120,"d":120,"f":120,"h":120,"j":120,"l":120,"n":120,"p":120}},{"type":"Feature","geometry":{"type":"Polygon","coordinates":[[[126.96551,37.69594],[126.98209,37.7187],[126.94893,37.7187],[126.96551,37.69594]]]},"properties":{"row":13,"col":11,"walk_min":104.0,"nearest_station_id":"kr_449","nearest_station_name":"Mangwolsa (Shinhan University)","nearest_station_name_ko":"망월사(신한대학교)","a":120,"c":120,"e":120,"g":120,"i":120,"k":120,"m":120,"o":120,"b":120,"d":120,"f":120,"h":120,"j":120,"l":120,"n":120,"p":120}},{"type":"Feature","geometry":{"type":"Polygon","coordinates":[[[126.66711,37.55935],[126.68369,37.58212],[126.65053,37.58212],[126.66711,37.55935]]]},"properties":{"row":7,"col":-7,"walk_min":121.9,"nearest_station_id":"kr_258","nearest_station_name":"Sangok","nearest_station_name_ko":"산곡","a":120,"c":120,"e":120,"g":120,"i":120,"k":120,"m":120,"o":120,"b":120,"d":120,"f":120,"h":120,"j":120,"l":120,"n":120,"p":120}},{"type":"Feature","geometry":{"type":"Polygon","coordinates":[[[127.21417,37.58212],[127.24733,37.58212],[127.23075,37.60488],[127.21417,37.58212]]]},"properties":{"row":8,"col":28,"walk_min":104.2,"nearest_station_id":"kr_331","nearest_station_name":"Misa","nearest_station_name_ko":"미사","a":120,"c":120,"e":120,"g":120,"i":120,"k":120,"m":120,"o":120,"b":120,"d":120,"f":120,"h":120,"j":120,"l":120,"n":120,"p":120}},{"type":"Feature","geometry":{"type":"Polygon","coordinates":[[[126.61738,37.53659],[126.63396,37.55935],[126.6008,37.55935],[126.61738,37.53659]]]},"properties":{"row":6,"col":-9,"walk_min":133.2,"nearest_station_id":"kr_458","nearest_station_name":"Incheon","nearest_station_name_ko":"인천","a":120,"c":120,"e":120,"g":120,"i":120,"k":120,"m":120,"o":120,"b":120,"d":120,"f":120,"h":120,"j":120,"l":120,"n":120,"p":120}},{"type":"Feature","geometry":{"type":"Polygon","coordinates":[[[127.13129,37.74147],[127.16444,37.74147],[127.14786,37.76423],[127.13129,37.74147]]]},"properties":{"row":15,"col":22,"walk_min":112.5,"nearest_station_id":"kr_470","nearest_station_name":"Jinjeop","nearest_station_name_ko":"진접","a":120,"c":120,"e":120,"g":120,"i":120,"k":120,"m":120,"o":120,"b":120,"d":120,"f":120,"h":120,"j":120,"l":120,"n":120,"p":120}},{"type":"Feature","geometry":{"type":"Polygon","coordinates":[[[126.78316,37.4],[126.79973,37.42276],[126.76658,37.42276],[126.78316,37.4]]]},"properties":{"row":0,"col":1,"walk_min":107.0,"nearest_station_id":"kr_428","nearest_station_name":"Oido","nearest_station_name_ko":"오이도","a":120,"c":120,"e":120,"g":120,"i":120,"k":120,"m":120,"o":120,"b":120,"d":120,"f":120,"h":120,"j":120,"l":120,"n":120,"p":120}},{"type":"Feature","geometry":{"type":"Polygon","coordinates":[[[126.70027,37.74147],[126.73342,37.74147],[126.71684,37.76423],[126.70027,37.74147]]]},"properties":{"row":15,"col":-4,"walk_min":121.7,"nearest_station_id":"kr_424","nearest_station_name":"Daehwa","nearest_station_name_ko":"대화","a":120,"c":120,"e":120,"g":120,"i":120,"k":120,"m":120,"o":120,"b":120,"d":120,"f":120,"h":120,"j":120,"l":120,"n":120,"p":120}},{"type":"Feature","geometry":{"type":"Polygon","coordinates":[[[126.73342,37.74147],[126.75,37.76423],[126.71684,37.76423],[126.73342,37.74147]]]},"properties":{"row":15,"col":-3,"walk_min":129.6,"nearest_station_id":"kr_424","nearest_station_name":"Daehwa","nearest_station_name_ko":"대화","a":120,"c":120,"e":120,"g":120,"i":120,"k":120,"m":120,"o":120,"b":120,"d":120,"f":120,"h":120,"j":120,"l":120,"n":120,"p":120}},{"type":"Feature","geometry":{"type":"Polygon","coordinates":[[[126.94893,37.80976],[126.98209,37.80976],[126.96551,37.83253],[126.94893,37.80976]]]},"properties":{"row":18,"col":12,"walk_min":116.1,"nearest_station_id":"kr_447","nearest_station_name":"Deokgye","nearest_station_name_ko":"덕계","a":120,"c":120,"e":120,"g":120,"i":120,"k":120,"m":120,"o":120,"b":120,"d":120,"f":120,"h":120,"j":120,"l":120,"n":120,"p":120}},{"type":"Feature","geometry":{"type":"Polygon","coordinates":[[[127.09813,37.83253],[127.13129,37.83253],[127.11471,37.85529],[127.09813,37.83253]]]},"properties":{"row":19,"col":20,"walk_min":129.7,"nearest_station_id":"kr_119","nearest_station_name":"Deokjeong (Seojeong College)","nearest_station_name_ko":"덕정(서정대학)","a":120,"c":120,"e":120,"g":120,"i":120,"k":120,"m":120,"o":120,"b":120,"d":120,"f":120,"h":120,"j":120,"l":120,"n":120,"p":120}},{"type":"Feature","geometry":{"type":"Polygon","coordinates":[[[127.13129,37.83253],[127.14786,37.85529],[127.11471,37.85529],[127.13129,37.83253]]]},"properties":{"row":19,"col":21,"walk_min":124.2,"nearest_station_id":"kr_119","nearest_station_name":"Deokjeong (Seojeong College)","nearest_station_name_ko":"덕정(서정대학)","a":120,"c":120,"e":120,"g":120,"i":120,"k":120,"m":120,"o":120,"b":120,"d":120,"f":120,"h":120,"j":120,"l":120,"n":120,"p":120}},{"type":"Feature","geometry":{"type":"Polygon","coordinates":[[[126.70027,37.74147],[126.71684,37.76423],[126.68369,37.76423],[126.70027,37.74147]]]},"properties":{"row":15,"col":-5,"walk_min":147.6,"nearest_station_id":"kr_424","nearest_station_name":"Daehwa","nearest_station_name_ko":"대화","a":120,"c":120,"e":120,"g":120,"i":120,"k":120,"m":120,"o":120,"b":120,"d":120,"f":120,"h":120,"j":120,"l":120,"n":120,"p":120}},{"type":"Feature","geometry":{"type":"Polygon","coordinates":[[[126.83289,37.24065],[126.84947,37.26341],[126.81631,37.26341],[126.83289,37.24065]]]},"properties":{"row":-7,"col":3,"walk_min":125.5,"nearest_station_id":"kr_114","nearest_station_name":"Sangnoksu","nearest_station_name_ko":"상록수","a":120,"c":120,"e":120,"g":120,"i":120,"k":120,"m":120,"o":120,"b":120,"d":120,"f":120,"h":120,"j":120,"l":120,"n":120,"p":120}},{"type":"Feature","geometry":{"type":"Polygon","coordinates":[[[126.6008,37.51382],[126.61738,37.53659],[126.58422,37.53659],[126.6008,37.51382]]]},"properties":{"row":5,"col":-11,"walk_min":119.1,"nearest_station_id":"kr_458","nearest_station_name":"Incheon","nearest_station_name_ko":"인천","a":120,"c":120,"e":120,"g":120,"i":120,"k":120,"m":120,"o":120,"b":120,"d":120,"f":120,"h":120,"j":120,"l":120,"n":120,"p":120}},{"type":"Feature","geometry":{"type":"Polygon","coordinates":[[[126.58422,37.4],[126.6008,37.42276],[126.56765,37.42276],[126.58422,37.4]]]},"properties":{"row":0,"col":-11,"walk_min":100.5,"nearest_station_id":"kr_458","nearest_station_name":"Incheon","nearest_station_name_ko":"인천","a":120,"c":120,"e":120,"g":120,"i":120,"k":120,"m":120,"o":120,"b":120,"d":120,"f":120,"h":120,"j":120,"l":120,"n":120,"p":120}},{"type":"Feature","geometry":{"type":"Polygon","coordinates":[[[127.16444,37.28618],[127.1976,37.28618],[127.18102,37.30894],[127.16444,37.28618]]]},"properties":{"row":-5,"col":24,"walk_min":156.4,"nearest_station_id":"kr_233","nearest_station_name":"Suji-gu Office","nearest_station_name_ko":"수지구청","a":120,"c":120,"e":120,"g":120,"i":120,"k":120,"m":120,"o":120,"b":120,"d":120,"f":120,"h":120,"j":120,"l":120,"n":120,"p":120}},{"type":"Feature","geometry":{"type":"Polygon","coordinates":[[[126.71684,37.58212],[126.73342,37.60488],[126.70027,37.60488],[126.71684,37.58212]]]},"properties":{"row":8,"col":-3,"walk_min":119.4,"nearest_station_id":"kr_429","nearest_station_name":"Gaehwa","nearest_station_name_ko":"개화","a":120,"c":120,"e":120,"g":120,"i":120,"k":120,"m":120,"o":120,"b":120,"d":120,"f":120,"h":120,"j":120,"l":120,"n":120,"p":120}},{"type":"Feature","geometry":{"type":"Polygon","coordinates":[[[126.70027,37.60488],[126.73342,37.60488],[126.71684,37.62765],[126.70027,37.60488]]]},"properties":{"row":9,"col":-4,"walk_min":130.8,"nearest_station_id":"kr_261","nearest_station_name":"Madu","nearest_station_name_ko":"마두","a":120,"c":120,"e":120,"g":120,"i":120,"k":120,"m":120,"o":120,"b":120,"d":120,"f":120,"h":120,"j":120,"l":120,"n":120,"p":120}},{"type":"Feature","geometry":{"type":"Polygon","coordinates":[[[126.73342,37.60488],[126.75,37.62765],[126.71684,37.62765],[126.73342,37.60488]]]},"properties":{"row":9,"col":-3,"walk_min":123.1,"nearest_station_id":"kr_261","nearest_station_name":"Madu","nearest_station_name_ko":"마두","a":120,"c":120,"e":120,"g":120,"i":120,"k":120,"m":120,"o":120,"b":120,"d":120,"f":120,"h":120,"j":120,"l":120,"n":120,"p":120}},{"type":"Feature","geometry":{"type":"Polygon","coordinates":[[[126.93235,37.19512],[126.94893,37.21788],[126.91578,37.21788],[126.93235,37.19512]]]},"properties":{"row":-9,"col":9,"walk_min":147.1,"nearest_station_id":"kr_462","nearest_station_name":"Seryu","nearest_station_name_ko":"세류","a":120,"c":120,"e":120,"g":120,"i":120,"k":120,"m":120,"o":120,"b":120,"d":120,"f":120,"h":120,"j":120,"l":120,"n":120,"p":120}},{"type":"Feature","geometry":{"type":"Polygon","coordinates":[[[127.21417,37.62765],[127.24733,37.62765],[127.23075,37.65041],[127.21417,37.62765]]]},"properties":{"row":10,"col":28,"walk_min":114.5,"nearest_station_id":"kr_352","nearest_station_name":"Dasan","nearest_station_name_ko":"다산","a":120,"c":120,"e":120,"g":120,"i":120,"k":120,"m":120,"o":120,"b":120,"d":120,"f":120,"h":120,"j":120,"l":120,"n":120,"p":120}},{"type":"Feature","geometry":{"type":"Polygon","coordinates":[[[126.63396,37.37724],[126.65053,37.4],[126.61738,37.4],[126.63396,37.37724]]]},"properties":{"row":-1,"col":-9,"walk_min":116.8,"nearest_station_id":"kr_379","nearest_station_name":"Jemulpo","nearest_station_name_ko":"제물포","a":120,"c":120,"e":120,"g":120,"i":120,"k":120,"m":120,"o":120,"b":120,"d":120,"f":120,"h":120,"j":120,"l":120,"n":120,"p":120}},{"type":"Feature","geometry":{"type":"Polygon","coordinates":[[[126.94893,37.17235],[126.98209,37.17235],[126.96551,37.19512],[126.94893,37.17235]]]},"properties":{"row":-10,"col":12,"walk_min":116.2,"nearest_station_id":"kr_047","nearest_station_name":"Byeongjeom","nearest_station_name_ko":"병점","a":120,"c":120,"e":120,"g":120,"i":120,"k":120,"m":120,"o":120,"b":120,"d":120,"f":120,"h":120,"j":120,"l":120,"n":120,"p":120}},{"type":"Feature","geometry":{"type":"Polygon","coordinates":[[[126.94893,37.17235],[126.96551,37.19512],[126.93235,37.19512],[126.94893,37.17235]]]},"properties":{"row":-10,"col":11,"walk_min":145.2,"nearest_station_id":"kr_047","nearest_station_name":"Byeongjeom","nearest_station_name_ko":"병점","a":120,"c":120,"e":120,"g":120,"i":120,"k":120,"m":120,"o":120,"b":120,"d":120,"f":120,"h":120,"j":120,"l":120,"n":120,"p":120}},{"type":"Feature","geometry":{"type":"Polygon","coordinates":[[[126.6008,37.37724],[126.61738,37.4],[126.58422,37.4],[126.6008,37.37724]]]},"properties":{"row":-1,"col":-11,"walk_min":110.6,"nearest_station_id":"kr_457","nearest_station_name":"Dowon","nearest_station_name_ko":"도원","a":120,"c":120,"e":120,"g":120,"i":120,"k":120,"m":120,"o":120,"b":120,"d":120,"f":120,"h":120,"j":120,"l":120,"n":120,"p":120}},{"type":"Feature","geometry":{"type":"Polygon","coordinates":[[[126.6008,37.37724],[126.63396,37.37724],[126.61738,37.4],[126.6008,37.37724]]]},"properties":{"row":-1,"col":-10,"walk_min":128.0,"nearest_station_id":"kr_457","nearest_station_name":"Dowon","nearest_station_name_ko":"도원","a":120,"c":120,"e":120,"g":120,"i":120,"k":120,"m":120,"o":120,"b":120,"d":120,"f":120,"h":120,"j":120,"l":120,"n":120,"p":120}},{"type":"Feature","geometry":{"type":"Polygon","coordinates":[[[126.84947,37.21788],[126.86604,37.24065],[126.83289,37.24065],[126.84947,37.21788]]]},"properties":{"row":-8,"col":5,"walk_min":139.1,"nearest_station_id":"kr_114","nearest_station_name":"Sangnoksu","nearest_station_name_ko":"상록수","a":120,"c":120,"e":120,"g":120,"i":120,"k":120,"m":120,"o":120,"b":120,"d":120,"f":120,"h":120,"j":120,"l":120,"n":120,"p":120}},{"type":"Feature","geometry":{"type":"Polygon","coordinates":[[[126.83289,37.24065],[126.86604,37.24065],[126.84947,37.26341],[126.83289,37.24065]]]},"properties":{"row":-7,"col":4,"walk_min":123.2,"nearest_station_id":"kr_114","nearest_station_name":"Sangnoksu","nearest_station_name_ko":"상록수","a":120,"c":120,"e":120,"g":120,"i":120,"k":120,"m":120,"o":120,"b":120,"d":120,"f":120,"h":120,"j":120,"l":120,"n":120,"p":120}},{"type":"Feature","geometry":{"type":"Polygon","coordinates":[[[126.84947,37.21788],[126.88262,37.21788],[126.86604,37.24065],[126.84947,37.21788]]]},"properties":{"row":-8,"col":6,"walk_min":142.4,"nearest_station_id":"kr_114","nearest_station_name":"Sangnoksu","nearest_station_name_ko":"상록수","a":120,"c":120,"e":120,"g":120,"i":120,"k":120,"m":120,"o":120,"b":120,"d":120,"f":120,"h":120,"j":120,"l":120,"n":120,"p":120}},{"type":"Feature","geometry":{"type":"Polygon","coordinates":[[[126.88262,37.21788],[126.8992,37.24065],[126.86604,37.24065],[126.88262,37.21788]]]},"properties":{"row":-8,"col":7,"walk_min":125.6,"nearest_station_id":"kr_114","nearest_station_name":"Sangnoksu","nearest_station_name_ko":"상록수","a":120,"c":120,"e":120,"g":120,"i":120,"k":120,"m":120,"o":120,"b":120,"d":120,"f":120,"h":120,"j":120,"l":120,"n":120,"p":120}},{"type":"Feature","geometry":{"type":"Polygon","coordinates":[[[126.79973,37.24065],[126.81631,37.26341],[126.78316,37.26341],[126.79973,37.24065]]]},"properties":{"row":-7,"col":1,"walk_min":133.4,"nearest_station_id":"kr_426","nearest_station_name":"Gojan","nearest_station_name_ko":"고잔","a":120,"c":120,"e":120,"g":120,"i":120,"k":120,"m":120,"o":120,"b":120,"d":120,"f":120,"h":120,"j":120,"l":120,"n":120,"p":120}},{"type":"Feature","geometry":{"type":"Polygon","coordinates":[[[126.79973,37.24065],[126.83289,37.24065],[126.81631,37.26341],[126.79973,37.24065]]]},"properties":{"row":-7,"col":2,"walk_min":129.7,"nearest_station_id":"kr_114","nearest_station_name":"Sangnoksu","nearest_station_name_ko":"상록수","a":120,"c":120,"e":120,"g":120,"i":120,"k":120,"m":120,"o":120,"b":120,"d":120,"f":120,"h":120,"j":120,"l":120,"n":120,"p":120}},{"type":"Feature","geometry":{"type":"Polygon","coordinates":[[[127.14786,37.17235],[127.16444,37.19512],[127.13129,37.19512],[127.14786,37.17235]]]},"properties":{"row":-10,"col":23,"walk_min":128.1,"nearest_station_id":"kr_416","nearest_station_name":"Osan College","nearest_station_name_ko":"오산대","a":120,"c":120,"e":120,"g":120,"i":120,"k":120,"m":120,"o":120,"b":120,"d":120,"f":120,"h":120,"j":120,"l":120,"n":120,"p":120}},{"type":"Feature","geometry":{"type":"Polygon","coordinates":[[[127.14786,37.26341],[127.18102,37.26341],[127.16444,37.28618],[127.14786,37.26341]]]},"properties":{"row":-6,"col":24,"walk_min":132.2,"nearest_station_id":"kr_233","nearest_station_name":"Suji-gu Office","nearest_station_name_ko":"수지구청","a":120,"c":120,"e":120,"g":120,"i":120,"k":120,"m":120,"o":120,"b":120,"d":120,"f":120,"h":120,"j":120,"l":120,"n":120,"p":120}},{"type":"Feature","geometry":{"type":"Polygon","coordinates":[[[127.14786,37.80976],[127.16444,37.83253],[127.13129,37.83253],[127.14786,37.80976]]]},"properties":{"row":18,"col":23,"walk_min":133.6,"nearest_station_id":"kr_119","nearest_station_name":"Deokjeong (Seojeong College)","nearest_station_name_ko":"덕정(서정대학)","a":120,"c":120,"e":120,"g":120,"i":120,"k":120,"m":120,"o":120,"b":120,"d":120,"f":120,"h":120,"j":120,"l":120,"n":120,"p":120}},{"type":"Feature","geometry":{"type":"Polygon","coordinates":[[[127.13129,37.787],[127.16444,37.787],[127.14786,37.80976],[127.13129,37.787]]]},"properties":{"row":17,"col":22,"walk_min":136.0,"nearest_station_id":"kr_447","nearest_station_name":"Deokgye","nearest_station_name_ko":"덕계","a":120,"c":120,"e":120,"g":120,"i":120,"k":120,"m":120,"o":120,"b":120,"d":120,"f":120,"h":120,"j":120,"l":120,"n":120,"p":120}},{"type":"Feature","geometry":{"type":"Polygon","coordinates":[[[126.93235,37.74147],[126.96551,37.74147],[126.94893,37.76423],[126.93235,37.74147]]]},"properties":{"row":15,"col":10,"walk_min":142.3,"nearest_station_id":"kr_421","nearest_station_name":"Nogyang","nearest_station_name_ko":"녹양","a":120,"c":120,"e":120,"g":120,"i":120,"k":120,"m":120,"o":120,"b":120,"d":120,"f":120,"h":120,"j":120,"l":120,"n":120,"p":120}},{"type":"Feature","geometry":{"type":"Polygon","coordinates":[[[126.81631,37.7187],[126.83289,37.74147],[126.79973,37.74147],[126.81631,37.7187]]]},"properties":{"row":14,"col":3,"walk_min":129.9,"nearest_station_id":"kr_350","nearest_station_name":"Juyeop","nearest_station_name_ko":"주엽","a":120,"c":120,"e":120,"g":120,"i":120,"k":120,"m":120,"o":120,"b":120,"d":120,"f":120,"h":120,"j":120,"l":120,"n":120,"p":120}},{"type":"Feature","geometry":{"type":"Polygon","coordinates":[[[126.81631,37.7187],[126.84947,37.7187],[126.83289,37.74147],[126.81631,37.7187]]]},"properties":{"row":14,"col":4,"walk_min":137.0,"nearest_station_id":"kr_145","nearest_station_name":"Wondang","nearest_station_name_ko":"원당","a":120,"c":120,"e":120,"g":120,"i":120,"k":120,"m":120,"o":120,"b":120,"d":120,"f":120,"h":120,"j":120,"l":120,"n":120,"p":120}},{"type":"Feature","geometry":{"type":"Polygon","coordinates":[[[127.13129,37.19512],[127.16444,37.19512],[127.14786,37.21788],[127.13129,37.19512]]]},"properties":{"row":-9,"col":22,"walk_min":125.4,"nearest_station_id":"kr_466","nearest_station_name":"Seodongtan","nearest_station_name_ko":"서동탄","a":120,"c":120,"e":120,"g":120,"i":120,"k":120,"m":120,"o":120,"b":120,"d":120,"f":120,"h":120,"j":120,"l":120,"n":120,"p":120}},{"type":"Feature","geometry":{"type":"Polygon","coordinates":[[[126.65053,37.30894],[126.66711,37.33171],[126.63396,37.33171],[126.65053,37.30894]]]},"properties":{"row":-4,"col":-7,"walk_min":125.2,"nearest_station_id":"kr_351","nearest_station_name":"Jeongwang","nearest_station_name_ko":"정왕","a":120,"c":120,"e":120,"g":120,"i":120,"k":120,"m":120,"o":120,"b":120,"d":120,"f":120,"h":120,"j":120,"l":120,"n":120,"p":120}},{"type":"Feature","geometry":{"type":"Polygon","coordinates":[[[126.63396,37.33171],[126.66711,37.33171],[126.65053,37.35447],[126.63396,37.33171]]]},"properties":{"row":-3,"col":-8,"walk_min":167.7,"nearest_station_id":"kr_428","nearest_station_name":"Oido","nearest_station_name_ko":"오이도","a":120,"c":120,"e":120,"g":120,"i":120,"k":120,"m":120,"o":120,"b":120,"d":120,"f":120,"h":120,"j":120,"l":120,"n":120,"p":120}},{"type":"Feature","geometry":{"type":"Polygon","coordinates":[[[127.13129,37.24065],[127.14786,37.26341],[127.11471,37.26341],[127.13129,37.24065]]]},"properties":{"row":-7,"col":21,"walk_min":122.5,"nearest_station_id":"kr_307","nearest_station_name":"Sanghyeon","nearest_station_name_ko":"상현","a":120,"c":120,"e":120,"g":120,"i":120,"k":120,"m":120,"o":120,"b":120,"d":120,"f":120,"h":120,"j":120,"l":120,"n":120,"p":120}},{"type":"Feature","geometry":{"type":"Polygon","coordinates":[[[126.63396,37.55935],[126.66711,37.55935],[126.65053,37.58212],[126.63396,37.55935]]]},"properties":{"row":7,"col":-8,"walk_min":127.0,"nearest_station_id":"kr_258","nearest_station_name":"Sangok","nearest_station_name_ko":"산곡","a":120,"c":120,"e":120,"g":120,"i":120,"k":120,"m":120,"o":120,"b":120,"d":120,"f":120,"h":120,"j":120,"l":120,"n":120,"p":120}},{"type":"Feature","geometry":{"type":"Polygon","coordinates":[[[126.79973,37.74147],[126.81631,37.76423],[126.78316,37.76423],[126.79973,37.74147]]]},"properties":{"row":15,"col":1,"walk_min":156.3,"nearest_station_id":"kr_424","nearest_station_name":"Daehwa","nearest_station_name_ko":"대화","a":120,"c":120,"e":120,"g":120,"i":120,"k":120,"m":120,"o":120,"b":120,"d":120,"f":120,"h":120,"j":120,"l":120,"n":120,"p":120}},{"type":"Feature","geometry":{"type":"Polygon","coordinates":[[[126.79973,37.74147],[126.83289,37.74147],[126.81631,37.76423],[126.79973,37.74147]]]},"properties":{"row":15,"col":2,"walk_min":163.2,"nearest_station_id":"kr_350","nearest_station_name":"Juyeop","nearest_station_name_ko":"주엽","a":120,"c":120,"e":120,"g":120,"i":120,"k":120,"m":120,"o":120,"b":120,"d":120,"f":120,"h":120,"j":120,"l":120,"n":120,"p":120}},{"type":"Feature","geometry":{"type":"Polygon","coordinates":[[[126.58422,37.53659],[126.61738,37.53659],[126.6008,37.55935],[126.58422,37.53659]]]},"properties":{"row":6,"col":-10,"walk_min":136.8,"nearest_station_id":"kr_458","nearest_station_name":"Incheon","nearest_station_name_ko":"인천","a":120,"c":120,"e":120,"g":120,"i":120,"k":120,"m":120,"o":120,"b":120,"d":120,"f":120,"h":120,"j":120,"l":120,"n":120,"p":120}},{"type":"Feature","geometry":{"type":"Polygon","coordinates":[[[126.88262,37.21788],[126.91578,37.21788],[126.8992,37.24065],[126.88262,37.21788]]]},"properties":{"row":-8,"col":8,"walk_min":147.1,"nearest_station_id":"kr_114","nearest_station_name":"Sangnoksu","nearest_station_name_ko":"상록수","a":120,"c":120,"e":120,"g":120,"i":120,"k":120,"m":120,"o":120,"b":120,"d":120,"f":120,"h":120,"j":120,"l":120,"n":120,"p":120}},{"type":"Feature","geometry":{"type":"Polygon","coordinates":[[[127.18102,37.30894],[127.1976,37.33171],[127.16444,37.33171],[127.18102,37.30894]]]},"properties":{"row":-4,"col":25,"walk_min":127.4,"nearest_station_id":"kr_172","nearest_station_name":"Migeum","nearest_station_name_ko":"미금","a":120,"c":120,"e":120,"g":120,"i":120,"k":120,"m":120,"o":120,"b":120,"d":120,"f":120,"h":120,"j":120,"l":120,"n":120,"p":120}},{"type":"Feature","geometry":{"type":"Polygon","coordinates":[[[126.91578,37.7187],[126.94893,37.7187],[126.93235,37.74147],[126.91578,37.7187]]]},"properties":{"row":14,"col":10,"walk_min":128.3,"nearest_station_id":"kr_115","nearest_station_name":"Samsong","nearest_station_name_ko":"삼송","a":120,"c":120,"e":120,"g":120,"i":120,"k":120,"m":120,"o":120,"b":120,"d":120,"f":120,"h":120,"j":120,"l":120,"n":120,"p":120}},{"type":"Feature","geometry":{"type":"Polygon","coordinates":[[[126.94893,37.7187],[126.96551,37.74147],[126.93235,37.74147],[126.94893,37.7187]]]},"properties":{"row":14,"col":11,"walk_min":137.8,"nearest_station_id":"kr_062","nearest_station_name":"Hoeryong","nearest_station_name_ko":"회룡","a":120,"c":120,"e":120,"g":120,"i":120,"k":120,"m":120,"o":120,"b":120,"d":120,"f":120,"h":120,"j":120,"l":120,"n":120,"p":120}},{"type":"Feature","geometry":{"type":"Polygon","coordinates":[[[126.68369,37.58212],[126.71684,37.58212],[126.70027,37.60488],[126.68369,37.58212]]]},"properties":{"row":8,"col":-4,"walk_min":130.0,"nearest_station_id":"kr_258","nearest_station_name":"Sangok","nearest_station_name_ko":"산곡","a":120,"c":120,"e":120,"g":120,"i":120,"k":120,"m":120,"o":120,"b":120,"d":120,"f":120,"h":120,"j":120,"l":120,"n":120,"p":120}},{"type":"Feature","geometry":{"type":"Polygon","coordinates":[[[126.94893,37.76423],[126.96551,37.787],[126.93235,37.787],[126.94893,37.76423]]]},"properties":{"row":16,"col":11,"walk_min":130.1,"nearest_station_id":"kr_092","nearest_station_name":"Yangju","nearest_station_name_ko":"양주","a":120,"c":120,"e":120,"g":120,"i":120,"k":120,"m":120,"o":120,"b":120,"d":120,"f":120,"h":120,"j":120,"l":120,"n":120,"p":120}},{"type":"Feature","geometry":{"type":"Polygon","coordinates":[[[126.66711,37.74147],[126.70027,37.74147],[126.68369,37.76423],[126.66711,37.74147]]]},"properties":{"row":15,"col":-6,"walk_min":208.9,"nearest_station_id":"kr_424","nearest_station_name":"Daehwa","nearest_station_name_ko":"대화","a":120,"c":120,"e":120,"g":120,"i":120,"k":120,"m":120,"o":120,"b":120,"d":120,"f":120,"h":120,"j":120,"l":120,"n":120,"p":120}},{"type":"Feature","geometry":{"type":"Polygon","coordinates":[[[127.1976,37.787],[127.23075,37.787],[127.21417,37.80976],[127.1976,37.787]]]},"properties":{"row":17,"col":26,"walk_min":132.4,"nearest_station_id":"kr_470","nearest_station_name":"Jinjeop","nearest_station_name_ko":"진접","a":120,"c":120,"e":120,"g":120,"i":120,"k":120,"m":120,"o":120,"b":120,"d":120,"f":120,"h":120,"j":120,"l":120,"n":120,"p":120}},{"type":"Feature","geometry":{"type":"Polygon","coordinates":[[[127.1976,37.787],[127.21417,37.80976],[127.18102,37.80976],[127.1976,37.787]]]},"properties":{"row":17,"col":25,"walk_min":169.8,"nearest_station_id":"kr_470","nearest_station_name":"Jinjeop","nearest_station_name_ko":"진접","a":120,"c":120,"e":120,"g":120,"i":120,"k":120,"m":120,"o":120,"b":120,"d":120,"f":120,"h":120,"j":120,"l":120,"n":120,"p":120}},{"type":"Feature","geometry":{"type":"Polygon","coordinates":[[[126.88262,37.7187],[126.91578,37.7187],[126.8992,37.74147],[126.88262,37.7187]]]},"properties":{"row":14,"col":8,"walk_min":129.9,"nearest_station_id":"kr_115","nearest_station_name":"Samsong","nearest_station_name_ko":"삼송","a":120,"c":120,"e":120,"g":120,"i":120,"k":120,"m":120,"o":120,"b":120,"d":120,"f":120,"h":120,"j":120,"l":120,"n":120,"p":120}},{"type":"Feature","geometry":{"type":"Polygon","coordinates":[[[126.91578,37.80976],[126.94893,37.80976],[126.93235,37.83253],[126.91578,37.80976]]]},"properties":{"row":18,"col":10,"walk_min":162.7,"nearest_station_id":"kr_092","nearest_station_name":"Yangju","nearest_station_name_ko":"양주","a":120,"c":120,"e":120,"g":120,"i":120,"k":120,"m":120,"o":120,"b":120,"d":120,"f":120,"h":120,"j":120,"l":120,"n":120,"p":120}},{"type":"Feature","geometry":{"type":"Polygon","coordinates":[[[126.94893,37.80976],[126.96551,37.83253],[126.93235,37.83253],[126.94893,37.80976]]]},"properties":{"row":18,"col":11,"walk_min":141.9,"nearest_station_id":"kr_447","nearest_station_name":"Deokgye","nearest_station_name_ko":"덕계","a":120,"c":120,"e":120,"g":120,"i":120,"k":120,"m":120,"o":120,"b":120,"d":120,"f":120,"h":120,"j":120,"l":120,"n":120,"p":120}},{"type":"Feature","geometry":{"type":"Polygon","coordinates":[[[126.78316,37.26341],[126.79973,37.28618],[126.76658,37.28618],[126.78316,37.26341]]]},"properties":{"row":-6,"col":1,"walk_min":122.9,"nearest_station_id":"kr_230","nearest_station_name":"Choji","nearest_station_name_ko":"초지","a":120,"c":120,"e":120,"g":120,"i":120,"k":120,"m":120,"o":120,"b":120,"d":120,"f":120,"h":120,"j":120,"l":120,"n":120,"p":120}},{"type":"Feature","geometry":{"type":"Polygon","coordinates":[[[126.76658,37.24065],[126.79973,37.24065],[126.78316,37.26341],[126.76658,37.24065]]]},"properties":{"row":-7,"col":0,"walk_min":185.6,"nearest_station_id":"kr_230","nearest_station_name":"Choji","nearest_station_name_ko":"초지","a":120,"c":120,"e":120,"g":120,"i":120,"k":120,"m":120,"o":120,"b":120,"d":120,"f":120,"h":120,"j":120,"l":120,"n":120,"p":120}},{"type":"Feature","geometry":{"type":"Polygon","coordinates":[[[126.91578,37.76423],[126.94893,37.76423],[126.93235,37.787],[126.91578,37.76423]]]},"properties":{"row":16,"col":10,"walk_min":152.9,"nearest_station_id":"kr_421","nearest_station_name":"Nogyang","nearest_station_name_ko":"녹양","a":120,"c":120,"e":120,"g":120,"i":120,"k":120,"m":120,"o":120,"b":120,"d":120,"f":120,"h":120,"j":120,"l":120,"n":120,"p":120}},{"type":"Feature","geometry":{"type":"Polygon","coordinates":[[[127.14786,37.76423],[127.16444,37.787],[127.13129,37.787],[127.14786,37.76423]]]},"properties":{"row":16,"col":23,"walk_min":137.6,"nearest_station_id":"kr_470","nearest_station_name":"Jinjeop","nearest_station_name_ko":"진접","a":120,"c":120,"e":120,"g":120,"i":120,"k":120,"m":120,"o":120,"b":120,"d":120,"f":120,"h":120,"j":120,"l":120,"n":120,"p":120}},{"type":"Feature","geometry":{"type":"Polygon","coordinates":[[[126.65053,37.35447],[126.66711,37.37724],[126.63396,37.37724],[126.65053,37.35447]]]},"properties":{"row":-2,"col":-7,"walk_min":146.3,"nearest_station_id":"kr_428","nearest_station_name":"Oido","nearest_station_name_ko":"오이도","a":120,"c":120,"e":120,"g":120,"i":120,"k":120,"m":120,"o":120,"b":120,"d":120,"f":120,"h":120,"j":120,"l":120,"n":120,"p":120}},{"type":"Feature","geometry":{"type":"Polygon","coordinates":[[[126.61738,37.35447],[126.65053,37.35447],[126.63396,37.37724],[126.61738,37.35447]]]},"properties":{"row":-2,"col":-8,"walk_min":177.1,"nearest_station_id":"kr_428","nearest_station_name":"Oido","nearest_station_name_ko":"오이도","a":120,"c":120,"e":120,"g":120,"i":120,"k":120,"m":120,"o":120,"b":120,"d":120,"f":120,"h":120,"j":120,"l":120,"n":120,"p":120}},{"type":"Feature","geometry":{"type":"Polygon","coordinates":[[[127.1976,37.33171],[127.21417,37.35447],[127.18102,37.35447],[127.1976,37.33171]]]},"properties":{"row":-3,"col":25,"walk_min":130.3,"nearest_station_id":"kr_237","nearest_station_name":"삼동","nearest_station_name_ko":"삼동","a":120,"c":120,"e":120,"g":120,"i":120,"k":120,"m":120,"o":120,"b":120,"d":120,"f":120,"h":120,"j":120,"l":120,"n":120,"p":120}},{"type":"Feature","geometry":{"type":"Polygon","coordinates":[[[126.71684,37.76423],[126.75,37.76423],[126.73342,37.787],[126.71684,37.76423]]]},"properties":{"row":16,"col":-2,"walk_min":153.8,"nearest_station_id":"kr_424","nearest_station_name":"Daehwa","nearest_station_name_ko":"대화","a":120,"c":120,"e":120,"g":120,"i":120,"k":120,"m":120,"o":120,"b":120,"d":120,"f":120,"h":120,"j":120,"l":120,"n":120,"p":120}},{"type":"Feature","geometry":{"type":"Polygon","coordinates":[[[126.75,37.76423],[126.76658,37.787],[126.73342,37.787],[126.75,37.76423]]]},"properties":{"row":16,"col":-1,"walk_min":165.6,"nearest_station_id":"kr_424","nearest_station_name":"Daehwa","nearest_station_name_ko":"대화","a":120,"c":120,"e":120,"g":120,"i":120,"k":120,"m":120,"o":120,"b":120,"d":120,"f":120,"h":120,"j":120,"l":120,"n":120,"p":120}},{"type":"Feature","geometry":{"type":"Polygon","coordinates":[[[126.91578,37.7187],[126.93235,37.74147],[126.8992,37.74147],[126.91578,37.7187]]]},"properties":{"row":14,"col":9,"walk_min":144.7,"nearest_station_id":"kr_115","nearest_station_name":"Samsong","nearest_station_name_ko":"삼송","a":120,"c":120,"e":120,"g":120,"i":120,"k":120,"m":120,"o":120,"b":120,"d":120,"f":120,"h":120,"j":120,"l":120,"n":120,"p":120}},{"type":"Feature","geometry":{"type":"Polygon","coordinates":[[[127.13129,37.24065],[127.16444,37.24065],[127.14786,37.26341],[127.13129,37.24065]]]},"properties":{"row":-7,"col":22,"walk_min":145.4,"nearest_station_id":"kr_307","nearest_station_name":"Sanghyeon","nearest_station_name_ko":"상현","a":120,"c":120,"e":120,"g":120,"i":120,"k":120,"m":120,"o":120,"b":120,"d":120,"f":120,"h":120,"j":120,"l":120,"n":120,"p":120}},{"type":"Feature","geometry":{"type":"Polygon","coordinates":[[[126.65053,37.58212],[126.68369,37.58212],[126.66711,37.60488],[126.65053,37.58212]]]},"properties":{"row":8,"col":-6,"walk_min":139.3,"nearest_station_id":"kr_258","nearest_station_name":"Sangok","nearest_station_name_ko":"산곡","a":120,"c":120,"e":120,"g":120,"i":120,"k":120,"m":120,"o":120,"b":120,"d":120,"f":120,"h":120,"j":120,"l":120,"n":120,"p":120}},{"type":"Feature","geometry":{"type":"Polygon","coordinates":[[[126.68369,37.58212],[126.70027,37.60488],[126.66711,37.60488],[126.68369,37.58212]]]},"properties":{"row":8,"col":-5,"walk_min":147.1,"nearest_station_id":"kr_261","nearest_station_name":"Madu","nearest_station_name_ko":"마두","a":120,"c":120,"e":120,"g":120,"i":120,"k":120,"m":120,"o":120,"b":120,"d":120,"f":120,"h":120,"j":120,"l":120,"n":120,"p":120}},{"type":"Feature","geometry":{"type":"Polygon","coordinates":[[[127.14786,37.21788],[127.16444,37.24065],[127.13129,37.24065],[127.14786,37.21788]]]},"properties":{"row":-8,"col":23,"walk_min":150.4,"nearest_station_id":"kr_307","nearest_station_name":"Sanghyeon","nearest_station_name_ko":"상현","a":120,"c":120,"e":120,"g":120,"i":120,"k":120,"m":120,"o":120,"b":120,"d":120,"f":120,"h":120,"j":120,"l":120,"n":120,"p":120}},{"type":"Feature","geometry":{"type":"Polygon","coordinates":[[[127.16444,37.19512],[127.18102,37.21788],[127.14786,37.21788],[127.16444,37.19512]]]},"properties":{"row":-9,"col":23,"walk_min":156.3,"nearest_station_id":"kr_416","nearest_station_name":"Osan College","nearest_station_name_ko":"오산대","a":120,"c":120,"e":120,"g":120,"i":120,"k":120,"m":120,"o":120,"b":120,"d":120,"f":120,"h":120,"j":120,"l":120,"n":120,"p":120}},{"type":"Feature","geometry":{"type":"Polygon","coordinates":[[[126.68369,37.35447],[126.70027,37.37724],[126.66711,37.37724],[126.68369,37.35447]]]},"properties":{"row":-2,"col":-5,"walk_min":145.6,"nearest_station_id":"kr_428","nearest_station_name":"Oido","nearest_station_name_ko":"오이도","a":120,"c":120,"e":120,"g":120,"i":120,"k":120,"m":120,"o":120,"b":120,"d":120,"f":120,"h":120,"j":120,"l":120,"n":120,"p":120}},{"type":"Feature","geometry":{"type":"Polygon","coordinates":[[[126.61738,37.30894],[126.65053,37.30894],[126.63396,37.33171],[126.61738,37.30894]]]},"properties":{"row":-4,"col":-8,"walk_min":147.8,"nearest_station_id":"kr_351","nearest_station_name":"Jeongwang","nearest_station_name_ko":"정왕","a":120,"c":120,"e":120,"g":120,"i":120,"k":120,"m":120,"o":120,"b":120,"d":120,"f":120,"h":120,"j":120,"l":120,"n":120,"p":120}},{"type":"Feature","geometry":{"type":"Polygon","coordinates":[[[126.84947,37.7187],[126.86604,37.74147],[126.83289,37.74147],[126.84947,37.7187]]]},"properties":{"row":14,"col":5,"walk_min":179.1,"nearest_station_id":"kr_145","nearest_station_name":"Wondang","nearest_station_name_ko":"원당","a":120,"c":120,"e":120,"g":120,"i":120,"k":120,"m":120,"o":120,"b":120,"d":120,"f":120,"h":120,"j":120,"l":120,"n":120,"p":120}},{"type":"Feature","geometry":{"type":"Polygon","coordinates":[[[126.84947,37.7187],[126.88262,37.7187],[126.86604,37.74147],[126.84947,37.7187]]]},"properties":{"row":14,"col":6,"walk_min":176.1,"nearest_station_id":"kr_145","nearest_station_name":"Wondang","nearest_station_name_ko":"원당","a":120,"c":120,"e":120,"g":120,"i":120,"k":120,"m":120,"o":120,"b":120,"d":120,"f":120,"h":120,"j":120,"l":120,"n":120,"p":120}},{"type":"Feature","geometry":{"type":"Polygon","coordinates":[[[126.93235,37.19512],[126.96551,37.19512],[126.94893,37.21788],[126.93235,37.19512]]]},"properties":{"row":-9,"col":10,"walk_min":136.0,"nearest_station_id":"kr_462","nearest_station_name":"Seryu","nearest_station_name_ko":"세류","a":120,"c":120,"e":120,"g":120,"i":120,"k":120,"m":120,"o":120,"b":120,"d":120,"f":120,"h":120,"j":120,"l":120,"n":120,"p":120}},{"type":"Feature","geometry":{"type":"Polygon","coordinates":[[[127.14786,37.17235],[127.18102,37.17235],[127.16444,37.19512],[127.14786,37.17235]]]},"properties":{"row":-10,"col":24,"walk_min":194.0,"nearest_station_id":"kr_416","nearest_station_name":"Osan College","nearest_station_name_ko":"오산대","a":120,"c":120,"e":120,"g":120,"i":120,"k":120,"m":120,"o":120,"b":120,"d":120,"f":120,"h":120,"j":120,"l":120,"n":120,"p":120}},{"type":"Feature","geometry":{"type":"Polygon","coordinates":[[[127.18102,37.17235],[127.1976,37.19512],[127.16444,37.19512],[127.18102,37.17235]]]},"properties":{"row":-10,"col":25,"walk_min":193.2,"nearest_station_id":"kr_416","nearest_station_name":"Osan College","nearest_station_name_ko":"오산대","a":120,"c":120,"e":120,"g":120,"i":120,"k":120,"m":120,"o":120,"b":120,"d":120,"f":120,"h":120,"j":120,"l":120,"n":120,"p":120}},{"type":"Feature","geometry":{"type":"Polygon","coordinates":[[[126.75,37.76423],[126.78316,37.76423],[126.76658,37.787],[126.75,37.76423]]]},"properties":{"row":16,"col":0,"walk_min":155.5,"nearest_station_id":"kr_424","nearest_station_name":"Daehwa","nearest_station_name_ko":"대화","a":120,"c":120,"e":120,"g":120,"i":120,"k":120,"m":120,"o":120,"b":120,"d":120,"f":120,"h":120,"j":120,"l":120,"n":120,"p":120}},{"type":"Feature","geometry":{"type":"Polygon","coordinates":[[[126.65053,37.35447],[126.68369,37.35447],[126.66711,37.37724],[126.65053,37.35447]]]},"properties":{"row":-2,"col":-6,"walk_min":159.2,"nearest_station_id":"kr_428","nearest_station_name":"Oido","nearest_station_name_ko":"오이도","a":120,"c":120,"e":120,"g":120,"i":120,"k":120,"m":120,"o":120,"b":120,"d":120,"f":120,"h":120,"j":120,"l":120,"n":120,"p":120}},{"type":"Feature","geometry":{"type":"Polygon","coordinates":[[[126.61738,37.35447],[126.63396,37.37724],[126.6008,37.37724],[126.61738,37.35447]]]},"properties":{"row":-2,"col":-9,"walk_min":173.2,"nearest_station_id":"kr_428","nearest_station_name":"Oido","nearest_station_name_ko":"오이도","a":120,"c":120,"e":120,"g":120,"i":120,"k":120,"m":120,"o":120,"b":120,"d":120,"f":120,"h":120,"j":120,"l":120,"n":120,"p":120}},{"type":"Feature","geometry":{"type":"Polygon","coordinates":[[[127.18102,37.26341],[127.1976,37.28618],[127.16444,37.28618],[127.18102,37.26341]]]},"properties":{"row":-6,"col":25,"walk_min":148.5,"nearest_station_id":"kr_233","nearest_station_name":"Suji-gu Office","nearest_station_name_ko":"수지구청","a":120,"c":120,"e":120,"g":120,"i":120,"k":120,"m":120,"o":120,"b":120,"d":120,"f":120,"h":120,"j":120,"l":120,"n":120,"p":120}},{"type":"Feature","geometry":{"type":"Polygon","coordinates":[[[127.18102,37.30894],[127.21417,37.30894],[127.1976,37.33171],[127.18102,37.30894]]]},"properties":{"row":-4,"col":26,"walk_min":156.5,"nearest_station_id":"kr_202","nearest_station_name":"Dongcheon","nearest_station_name_ko":"동천","a":120,"c":120,"e":120,"g":120,"i":120,"k":120,"m":120,"o":120,"b":120,"d":120,"f":120,"h":120,"j":120,"l":120,"n":120,"p":120}},{"type":"Feature","geometry":{"type":"Polygon","coordinates":[[[127.1976,37.33171],[127.23075,37.33171],[127.21417,37.35447],[127.1976,37.33171]]]},"properties":{"row":-3,"col":26,"walk_min":157.2,"nearest_station_id":"kr_149","nearest_station_name":"경기광주","nearest_station_name_ko":"경기광주","a":120,"c":120,"e":120,"g":120,"i":120,"k":120,"m":120,"o":120,"b":120,"d":120,"f":120,"h":120,"j":120,"l":120,"n":120,"p":120}},{"type":"Feature","geometry":{"type":"Polygon","coordinates":[[[127.16444,37.787],[127.18102,37.80976],[127.14786,37.80976],[127.16444,37.787]]]},"properties":{"row":17,"col":23,"walk_min":148.7,"nearest_station_id":"kr_470","nearest_station_name":"Jinjeop","nearest_station_name_ko":"진접","a":120,"c":120,"e":120,"g":120,"i":120,"k":120,"m":120,"o":120,"b":120,"d":120,"f":120,"h":120,"j":120,"l":120,"n":120,"p":120}},{"type":"Feature","geometry":{"type":"Polygon","coordinates":[[[127.14786,37.80976],[127.18102,37.80976],[127.16444,37.83253],[127.14786,37.80976]]]},"properties":{"row":18,"col":24,"walk_min":147.1,"nearest_station_id":"kr_447","nearest_station_name":"Deokgye","nearest_station_name_ko":"덕계","a":120,"c":120,"e":120,"g":120,"i":120,"k":120,"m":120,"o":120,"b":120,"d":120,"f":120,"h":120,"j":120,"l":120,"n":120,"p":120}},{"type":"Feature","geometry":{"type":"Polygon","coordinates":[[[126.86604,37.19512],[126.88262,37.21788],[126.84947,37.21788],[126.86604,37.19512]]]},"properties":{"row":-9,"col":5,"walk_min":162.7,"nearest_station_id":"kr_114","nearest_station_name":"Sangnoksu","nearest_station_name_ko":"상록수","a":120,"c":120,"e":120,"g":120,"i":120,"k":120,"m":120,"o":120,"b":120,"d":120,"f":120,"h":120,"j":120,"l":120,"n":120,"p":120}},{"type":"Feature","geometry":{"type":"Polygon","coordinates":[[[126.86604,37.19512],[126.8992,37.19512],[126.88262,37.21788],[126.86604,37.19512]]]},"properties":{"row":-9,"col":6,"walk_min":173.6,"nearest_station_id":"kr_114","nearest_station_name":"Sangnoksu","nearest_station_name_ko":"상록수","a":120,"c":120,"e":120,"g":120,"i":120,"k":120,"m":120,"o":120,"b":120,"d":120,"f":120,"h":120,"j":120,"l":120,"n":120,"p":120}},{"type":"Feature","geometry":{"type":"Polygon","coordinates":[[[126.8992,37.19512],[126.91578,37.21788],[126.88262,37.21788],[126.8992,37.19512]]]},"properties":{"row":-9,"col":7,"walk_min":174.5,"nearest_station_id":"kr_462","nearest_station_name":"Seryu","nearest_station_name_ko":"세류","a":120,"c":120,"e":120,"g":120,"i":120,"k":120,"m":120,"o":120,"b":120,"d":120,"f":120,"h":120,"j":120,"l":120,"n":120,"p":120}},{"type":"Feature","geometry":{"type":"Polygon","coordinates":[[[126.68369,37.76423],[126.71684,37.76423],[126.70027,37.787],[126.68369,37.76423]]]},"properties":{"row":16,"col":-4,"walk_min":169.6,"nearest_station_id":"kr_424","nearest_station_name":"Daehwa","nearest_station_name_ko":"대화","a":120,"c":120,"e":120,"g":120,"i":120,"k":120,"m":120,"o":120,"b":120,"d":120,"f":120,"h":120,"j":120,"l":120,"n":120,"p":120}},{"type":"Feature","geometry":{"type":"Polygon","coordinates":[[[126.88262,37.7187],[126.8992,37.74147],[126.86604,37.74147],[126.88262,37.7187]]]},"properties":{"row":14,"col":7,"walk_min":147.0,"nearest_station_id":"kr_115","nearest_station_name":"Samsong","nearest_station_name_ko":"삼송","a":120,"c":120,"e":120,"g":120,"i":120,"k":120,"m":120,"o":120,"b":120,"d":120,"f":120,"h":120,"j":120,"l":120,"n":120,"p":120}},{"type":"Feature","geometry":{"type":"Polygon","coordinates":[[[127.24733,37.62765],[127.26391,37.65041],[127.23075,37.65041],[127.24733,37.62765]]]},"properties":{"row":10,"col":29,"walk_min":143.8,"nearest_station_id":"kr_352","nearest_station_name":"Dasan","nearest_station_name_ko":"다산","a":120,"c":120,"e":120,"g":120,"i":120,"k":120,"m":120,"o":120,"b":120,"d":120,"f":120,"h":120,"j":120,"l":120,"n":120,"p":120}},{"type":"Feature","geometry":{"type":"Polygon","coordinates":[[[127.24733,37.62765],[127.28048,37.62765],[127.26391,37.65041],[127.24733,37.62765]]]},"properties":{"row":10,"col":30,"walk_min":158.7,"nearest_station_id":"kr_361","nearest_station_name":"Onam","nearest_station_name_ko":"오남","a":120,"c":120,"e":120,"g":120,"i":120,"k":120,"m":120,"o":120,"b":120,"d":120,"f":120,"h":120,"j":120,"l":120,"n":120,"p":120}},{"type":"Feature","geometry":{"type":"Polygon","coordinates":[[[127.23075,37.787],[127.24733,37.80976],[127.21417,37.80976],[127.23075,37.787]]]},"properties":{"row":17,"col":27,"walk_min":157.2,"nearest_station_id":"kr_470","nearest_station_name":"Jinjeop","nearest_station_name_ko":"진접","a":120,"c":120,"e":120,"g":120,"i":120,"k":120,"m":120,"o":120,"b":120,"d":120,"f":120,"h":120,"j":120,"l":120,"n":120,"p":120}},{"type":"Feature","geometry":{"type":"Polygon","coordinates":[[[126.63396,37.55935],[126.65053,37.58212],[126.61738,37.58212],[126.63396,37.55935]]]},"properties":{"row":7,"col":-9,"walk_min":156.1,"nearest_station_id":"kr_258","nearest_station_name":"Sangok","nearest_station_name_ko":"산곡","a":120,"c":120,"e":120,"g":120,"i":120,"k":120,"m":120,"o":120,"b":120,"d":120,"f":120,"h":120,"j":120,"l":120,"n":120,"p":120}},{"type":"Feature","geometry":{"type":"Polygon","coordinates":[[[126.81631,37.21788],[126.83289,37.24065],[126.79973,37.24065],[126.81631,37.21788]]]},"properties":{"row":-8,"col":3,"walk_min":154.2,"nearest_station_id":"kr_114","nearest_station_name":"Sangnoksu","nearest_station_name_ko":"상록수","a":120,"c":120,"e":120,"g":120,"i":120,"k":120,"m":120,"o":120,"b":120,"d":120,"f":120,"h":120,"j":120,"l":120,"n":120,"p":120}},{"type":"Feature","geometry":{"type":"Polygon","coordinates":[[[126.65053,37.58212],[126.66711,37.60488],[126.63396,37.60488],[126.65053,37.58212]]]},"properties":{"row":8,"col":-7,"walk_min":161.9,"nearest_station_id":"kr_258","nearest_station_name":"Sangok","nearest_station_name_ko":"산곡","a":120,"c":120,"e":120,"g":120,"i":120,"k":120,"m":120,"o":120,"b":120,"d":120,"f":120,"h":120,"j":120,"l":120,"n":120,"p":120}},{"type":"Feature","geometry":{"type":"Polygon","coordinates":[[[127.16444,37.24065],[127.18102,37.26341],[127.14786,37.26341],[127.16444,37.24065]]]},"properties":{"row":-7,"col":23,"walk_min":147.7,"nearest_station_id":"kr_307","nearest_station_name":"Sanghyeon","nearest_station_name_ko":"상현","a":120,"c":120,"e":120,"g":120,"i":120,"k":120,"m":120,"o":120,"b":120,"d":120,"f":120,"h":120,"j":120,"l":120,"n":120,"p":120}},{"type":"Feature","geometry":{"type":"Polygon","coordinates":[[[126.81631,37.21788],[126.84947,37.21788],[126.83289,37.24065],[126.81631,37.21788]]]},"properties":{"row":-8,"col":4,"walk_min":167.8,"nearest_station_id":"kr_114","nearest_station_name":"Sangnoksu","nearest_station_name_ko":"상록수","a":120,"c":120,"e":120,"g":120,"i":120,"k":120,"m":120,"o":120,"b":120,"d":120,"f":120,"h":120,"j":120,"l":120,"n":120,"p":120}},{"type":"Feature","geometry":{"type":"Polygon","coordinates":[[[126.70027,37.60488],[126.71684,37.62765],[126.68369,37.62765],[126.70027,37.60488]]]},"properties":{"row":9,"col":-5,"walk_min":155.0,"nearest_station_id":"kr_261","nearest_station_name":"Madu","nearest_station_name_ko":"마두","a":120,"c":120,"e":120,"g":120,"i":120,"k":120,"m":120,"o":120,"b":120,"d":120,"f":120,"h":120,"j":120,"l":120,"n":120,"p":120}},{"type":"Feature","geometry":{"type":"Polygon","coordinates":[[[127.13129,37.83253],[127.16444,37.83253],[127.14786,37.85529],[127.13129,37.83253]]]},"properties":{"row":19,"col":22,"walk_min":148.1,"nearest_station_id":"kr_119","nearest_station_name":"Deokjeong (Seojeong College)","nearest_station_name_ko":"덕정(서정대학)","a":120,"c":120,"e":120,"g":120,"i":120,"k":120,"m":120,"o":120,"b":120,"d":120,"f":120,"h":120,"j":120,"l":120,"n":120,"p":120}},{"type":"Feature","geometry":{"type":"Polygon","coordinates":[[[127.16444,37.83253],[127.18102,37.85529],[127.14786,37.85529],[127.16444,37.83253]]]},"properties":{"row":19,"col":23,"walk_min":148.1,"nearest_station_id":"kr_119","nearest_station_name":"Deokjeong (Seojeong College)","nearest_station_name_ko":"덕정(서정대학)","a":120,"c":120,"e":120,"g":120,"i":120,"k":120,"m":120,"o":120,"b":120,"d":120,"f":120,"h":120,"j":120,"l":120,"n":120,"p":120}},{"type":"Feature","geometry":{"type":"Polygon","coordinates":[[[127.23075,37.33171],[127.24733,37.35447],[127.21417,37.35447],[127.23075,37.33171]]]},"properties":{"row":-3,"col":27,"walk_min":166.9,"nearest_station_id":"kr_149","nearest_station_name":"경기광주","nearest_station_name_ko":"경기광주","a":120,"c":120,"e":120,"g":120,"i":120,"k":120,"m":120,"o":120,"b":120,"d":120,"f":120,"h":120,"j":120,"l":120,"n":120,"p":120}},{"type":"Feature","geometry":{"type":"Polygon","coordinates":[[[126.78316,37.76423],[126.81631,37.76423],[126.79973,37.787],[126.78316,37.76423]]]},"properties":{"row":16,"col":2,"walk_min":184.6,"nearest_station_id":"kr_424","nearest_station_name":"Daehwa","nearest_station_name_ko":"대화","a":120,"c":120,"e":120,"g":120,"i":120,"k":120,"m":120,"o":120,"b":120,"d":120,"f":120,"h":120,"j":120,"l":120,"n":120,"p":120}},{"type":"Feature","geometry":{"type":"Polygon","coordinates":[[[126.6008,37.55935],[126.63396,37.55935],[126.61738,37.58212],[126.6008,37.55935]]]},"properties":{"row":7,"col":-10,"walk_min":171.5,"nearest_station_id":"kr_258","nearest_station_name":"Sangok","nearest_station_name_ko":"산곡","a":120,"c":120,"e":120,"g":120,"i":120,"k":120,"m":120,"o":120,"b":120,"d":120,"f":120,"h":120,"j":120,"l":120,"n":120,"p":120}},{"type":"Feature","geometry":{"type":"Polygon","coordinates":[[[126.8992,37.787],[126.93235,37.787],[126.91578,37.80976],[126.8992,37.787]]]},"properties":{"row":17,"col":8,"walk_min":178.9,"nearest_station_id":"kr_092","nearest_station_name":"Yangju","nearest_station_name_ko":"양주","a":120,"c":120,"e":120,"g":120,"i":120,"k":120,"m":120,"o":120,"b":120,"d":120,"f":120,"h":120,"j":120,"l":120,"n":120,"p":120}},{"type":"Feature","geometry":{"type":"Polygon","coordinates":[[[126.93235,37.787],[126.94893,37.80976],[126.91578,37.80976],[126.93235,37.787]]]},"properties":{"row":17,"col":9,"walk_min":155.0,"nearest_station_id":"kr_092","nearest_station_name":"Yangju","nearest_station_name_ko":"양주","a":120,"c":120,"e":120,"g":120,"i":120,"k":120,"m":120,"o":120,"b":120,"d":120,"f":120,"h":120,"j":120,"l":120,"n":120,"p":120}},{"type":"Feature","geometry":{"type":"Polygon","coordinates":[[[126.83289,37.74147],[126.84947,37.76423],[126.81631,37.76423],[126.83289,37.74147]]]},"properties":{"row":15,"col":3,"walk_min":214.9,"nearest_station_id":"kr_350","nearest_station_name":"Juyeop","nearest_station_name_ko":"주엽","a":120,"c":120,"e":120,"g":120,"i":120,"k":120,"m":120,"o":120,"b":120,"d":120,"f":120,"h":120,"j":120,"l":120,"n":120,"p":120}},{"type":"Feature","geometry":{"type":"Polygon","coordinates":[[[126.83289,37.74147],[126.86604,37.74147],[126.84947,37.76423],[126.83289,37.74147]]]},"properties":{"row":15,"col":4,"walk_min":195.2,"nearest_station_id":"kr_145","nearest_station_name":"Wondang","nearest_station_name_ko":"원당","a":120,"c":120,"e":120,"g":120,"i":120,"k":120,"m":120,"o":120,"b":120,"d":120,"f":120,"h":120,"j":120,"l":120,"n":120,"p":120}},{"type":"Feature","geometry":{"type":"Polygon","coordinates":[[[126.78316,37.21788],[126.79973,37.24065],[126.76658,37.24065],[126.78316,37.21788]]]},"properties":{"row":-8,"col":1,"walk_min":247.2,"nearest_station_id":"kr_230","nearest_station_name":"Choji","nearest_station_name_ko":"초지","a":120,"c":120,"e":120,"g":120,"i":120,"k":120,"m":120,"o":120,"b":120,"d":120,"f":120,"h":120,"j":120,"l":120,"n":120,"p":120}},{"type":"Feature","geometry":{"type":"Polygon","coordinates":[[[126.78316,37.21788],[126.81631,37.21788],[126.79973,37.24065],[126.78316,37.21788]]]},"properties":{"row":-8,"col":2,"walk_min":172.6,"nearest_station_id":"kr_426","nearest_station_name":"Gojan","nearest_station_name_ko":"고잔","a":120,"c":120,"e":120,"g":120,"i":120,"k":120,"m":120,"o":120,"b":120,"d":120,"f":120,"h":120,"j":120,"l":120,"n":120,"p":120}},{"type":"Feature","geometry":{"type":"Polygon","coordinates":[[[127.18102,37.80976],[127.21417,37.80976],[127.1976,37.83253],[127.18102,37.80976]]]},"properties":{"row":18,"col":26,"walk_min":166.7,"nearest_station_id":"kr_470","nearest_station_name":"Jinjeop","nearest_station_name_ko":"진접","a":120,"c":120,"e":120,"g":120,"i":120,"k":120,"m":120,"o":120,"b":120,"d":120,"f":120,"h":120,"j":120,"l":120,"n":120,"p":120}},{"type":"Feature","geometry":{"type":"Polygon","coordinates":[[[127.21417,37.80976],[127.23075,37.83253],[127.1976,37.83253],[127.21417,37.80976]]]},"properties":{"row":18,"col":27,"walk_min":169.1,"nearest_station_id":"kr_470","nearest_station_name":"Jinjeop","nearest_station_name_ko":"진접","a":120,"c":120,"e":120,"g":120,"i":120,"k":120,"m":120,"o":120,"b":120,"d":120,"f":120,"h":120,"j":120,"l":120,"n":120,"p":120}},{"type":"Feature","geometry":{"type":"Polygon","coordinates":[[[127.21417,37.80976],[127.24733,37.80976],[127.23075,37.83253],[127.21417,37.80976]]]},"properties":{"row":18,"col":28,"walk_min":191.3,"nearest_station_id":"kr_470","nearest_station_name":"Jinjeop","nearest_station_name_ko":"진접","a":120,"c":120,"e":120,"g":120,"i":120,"k":120,"m":120,"o":120,"b":120,"d":120,"f":120,"h":120,"j":120,"l":120,"n":120,"p":120}},{"type":"Feature","geometry":{"type":"Polygon","coordinates":[[[126.91578,37.76423],[126.93235,37.787],[126.8992,37.787],[126.91578,37.76423]]]},"properties":{"row":16,"col":9,"walk_min":175.3,"nearest_station_id":"kr_421","nearest_station_name":"Nogyang","nearest_station_name_ko":"녹양","a":120,"c":120,"e":120,"g":120,"i":120,"k":120,"m":120,"o":120,"b":120,"d":120,"f":120,"h":120,"j":120,"l":120,"n":120,"p":120}},{"type":"Feature","geometry":{"type":"Polygon","coordinates":[[[126.93235,37.74147],[126.94893,37.76423],[126.91578,37.76423],[126.93235,37.74147]]]},"properties":{"row":15,"col":9,"walk_min":154.4,"nearest_station_id":"kr_421","nearest_station_name":"Nogyang","nearest_station_name_ko":"녹양","a":120,"c":120,"e":120,"g":120,"i":120,"k":120,"m":120,"o":120,"b":120,"d":120,"f":120,"h":120,"j":120,"l":120,"n":120,"p":120}},{"type":"Feature","geometry":{"type":"Polygon","coordinates":[[[126.66711,37.60488],[126.68369,37.62765],[126.65053,37.62765],[126.66711,37.60488]]]},"properties":{"row":9,"col":-7,"walk_min":182.3,"nearest_station_id":"kr_424","nearest_station_name":"Daehwa","nearest_station_name_ko":"대화","a":120,"c":120,"e":120,"g":120,"i":120,"k":120,"m":120,"o":120,"b":120,"d":120,"f":120,"h":120,"j":120,"l":120,"n":120,"p":120}},{"type":"Feature","geometry":{"type":"Polygon","coordinates":[[[126.66711,37.60488],[126.70027,37.60488],[126.68369,37.62765],[126.66711,37.60488]]]},"properties":{"row":9,"col":-6,"walk_min":165.8,"nearest_station_id":"kr_424","nearest_station_name":"Daehwa","nearest_station_name_ko":"대화","a":120,"c":120,"e":120,"g":120,"i":120,"k":120,"m":120,"o":120,"b":120,"d":120,"f":120,"h":120,"j":120,"l":120,"n":120,"p":120}},{"type":"Feature","geometry":{"type":"Polygon","coordinates":[[[127.21417,37.30894],[127.23075,37.33171],[127.1976,37.33171],[127.21417,37.30894]]]},"properties":{"row":-4,"col":27,"walk_min":168.1,"nearest_station_id":"kr_149","nearest_station_name":"경기광주","nearest_station_name_ko":"경기광주","a":120,"c":120,"e":120,"g":120,"i":120,"k":120,"m":120,"o":120,"b":120,"d":120,"f":120,"h":120,"j":120,"l":120,"n":120,"p":120}},{"type":"Feature","geometry":{"type":"Polygon","coordinates":[[[126.8992,37.74147],[126.93235,37.74147],[126.91578,37.76423],[126.8992,37.74147]]]},"properties":{"row":15,"col":8,"walk_min":161.9,"nearest_station_id":"kr_115","nearest_station_name":"Samsong","nearest_station_name_ko":"삼송","a":120,"c":120,"e":120,"g":120,"i":120,"k":120,"m":120,"o":120,"b":120,"d":120,"f":120,"h":120,"j":120,"l":120,"n":120,"p":120}},{"type":"Feature","geometry":{"type":"Polygon","coordinates":[[[126.91578,37.80976],[126.93235,37.83253],[126.8992,37.83253],[126.91578,37.80976]]]},"properties":{"row":18,"col":9,"walk_min":207.0,"nearest_station_id":"kr_447","nearest_station_name":"Deokgye","nearest_station_name_ko":"덕계","a":120,"c":120,"e":120,"g":120,"i":120,"k":120,"m":120,"o":120,"b":120,"d":120,"f":120,"h":120,"j":120,"l":120,"n":120,"p":120}},{"type":"Feature","geometry":{"type":"Polygon","coordinates":[[[126.8992,37.83253],[126.93235,37.83253],[126.91578,37.85529],[126.8992,37.83253]]]},"properties":{"row":19,"col":8,"walk_min":232.7,"nearest_station_id":"kr_447","nearest_station_name":"Deokgye","nearest_station_name_ko":"덕계","a":120,"c":120,"e":120,"g":120,"i":120,"k":120,"m":120,"o":120,"b":120,"d":120,"f":120,"h":120,"j":120,"l":120,"n":120,"p":120}},{"type":"Feature","geometry":{"type":"Polygon","coordinates":[[[126.93235,37.83253],[126.96551,37.83253],[126.94893,37.85529],[126.93235,37.83253]]]},"properties":{"row":19,"col":10,"walk_min":184.2,"nearest_station_id":"kr_447","nearest_station_name":"Deokgye","nearest_station_name_ko":"덕계","a":120,"c":120,"e":120,"g":120,"i":120,"k":120,"m":120,"o":120,"b":120,"d":120,"f":120,"h":120,"j":120,"l":120,"n":120,"p":120}},{"type":"Feature","geometry":{"type":"Polygon","coordinates":[[[126.83289,37.19512],[126.84947,37.21788],[126.81631,37.21788],[126.83289,37.19512]]]},"properties":{"row":-9,"col":3,"walk_min":187.0,"nearest_station_id":"kr_114","nearest_station_name":"Sangnoksu","nearest_station_name_ko":"상록수","a":120,"c":120,"e":120,"g":120,"i":120,"k":120,"m":120,"o":120,"b":120,"d":120,"f":120,"h":120,"j":120,"l":120,"n":120,"p":120}},{"type":"Feature","geometry":{"type":"Polygon","coordinates":[[[126.86604,37.74147],[126.8992,37.74147],[126.88262,37.76423],[126.86604,37.74147]]]},"properties":{"row":15,"col":6,"walk_min":168.2,"nearest_station_id":"kr_115","nearest_station_name":"Samsong","nearest_station_name_ko":"삼송","a":120,"c":120,"e":120,"g":120,"i":120,"k":120,"m":120,"o":120,"b":120,"d":120,"f":120,"h":120,"j":120,"l":120,"n":120,"p":120}},{"type":"Feature","geometry":{"type":"Polygon","coordinates":[[[127.14786,37.21788],[127.18102,37.21788],[127.16444,37.24065],[127.14786,37.21788]]]},"properties":{"row":-8,"col":24,"walk_min":168.2,"nearest_station_id":"kr_466","nearest_station_name":"Seodongtan","nearest_station_name_ko":"서동탄","a":120,"c":120,"e":120,"g":120,"i":120,"k":120,"m":120,"o":120,"b":120,"d":120,"f":120,"h":120,"j":120,"l":120,"n":120,"p":120}},{"type":"Feature","geometry":{"type":"Polygon","coordinates":[[[126.8992,37.74147],[126.91578,37.76423],[126.88262,37.76423],[126.8992,37.74147]]]},"properties":{"row":15,"col":7,"walk_min":179.3,"nearest_station_id":"kr_115","nearest_station_name":"Samsong","nearest_station_name_ko":"삼송","a":120,"c":120,"e":120,"g":120,"i":120,"k":120,"m":120,"o":120,"b":120,"d":120,"f":120,"h":120,"j":120,"l":120,"n":120,"p":120}},{"type":"Feature","geometry":{"type":"Polygon","coordinates":[[[127.16444,37.24065],[127.1976,37.24065],[127.18102,37.26341],[127.16444,37.24065]]]},"properties":{"row":-7,"col":24,"walk_min":169.1,"nearest_station_id":"kr_233","nearest_station_name":"Suji-gu Office","nearest_station_name_ko":"수지구청","a":120,"c":120,"e":120,"g":120,"i":120,"k":120,"m":120,"o":120,"b":120,"d":120,"f":120,"h":120,"j":120,"l":120,"n":120,"p":120}},{"type":"Feature","geometry":{"type":"Polygon","coordinates":[[[127.18102,37.26341],[127.21417,37.26341],[127.1976,37.28618],[127.18102,37.26341]]]},"properties":{"row":-6,"col":26,"walk_min":168.6,"nearest_station_id":"kr_233","nearest_station_name":"Suji-gu Office","nearest_station_name_ko":"수지구청","a":120,"c":120,"e":120,"g":120,"i":120,"k":120,"m":120,"o":120,"b":120,"d":120,"f":120,"h":120,"j":120,"l":120,"n":120,"p":120}},{"type":"Feature","geometry":{"type":"Polygon","coordinates":[[[126.61738,37.30894],[126.63396,37.33171],[126.6008,37.33171],[126.61738,37.30894]]]},"properties":{"row":-4,"col":-9,"walk_min":156.4,"nearest_station_id":"kr_351","nearest_station_name":"Jeongwang","nearest_station_name_ko":"정왕","a":120,"c":120,"e":120,"g":120,"i":120,"k":120,"m":120,"o":120,"b":120,"d":120,"f":120,"h":120,"j":120,"l":120,"n":120,"p":120}},{"type":"Feature","geometry":{"type":"Polygon","coordinates":[[[126.81631,37.76423],[126.84947,37.76423],[126.83289,37.787],[126.81631,37.76423]]]},"properties":{"row":16,"col":4,"walk_min":226.5,"nearest_station_id":"kr_350","nearest_station_name":"Juyeop","nearest_station_name_ko":"주엽","a":120,"c":120,"e":120,"g":120,"i":120,"k":120,"m":120,"o":120,"b":120,"d":120,"f":120,"h":120,"j":120,"l":120,"n":120,"p":120}},{"type":"Feature","geometry":{"type":"Polygon","coordinates":[[[126.91578,37.17235],[126.94893,37.17235],[126.93235,37.19512],[126.91578,37.17235]]]},"properties":{"row":-10,"col":10,"walk_min":159.8,"nearest_station_id":"kr_047","nearest_station_name":"Byeongjeom","nearest_station_name_ko":"병점","a":120,"c":120,"e":120,"g":120,"i":120,"k":120,"m":120,"o":120,"b":120,"d":120,"f":120,"h":120,"j":120,"l":120,"n":120,"p":120}},{"type":"Feature","geometry":{"type":"Polygon","coordinates":[[[126.91578,37.17235],[126.93235,37.19512],[126.8992,37.19512],[126.91578,37.17235]]]},"properties":{"row":-10,"col":9,"walk_min":188.5,"nearest_station_id":"kr_047","nearest_station_name":"Byeongjeom","nearest_station_name_ko":"병점","a":120,"c":120,"e":120,"g":120,"i":120,"k":120,"m":120,"o":120,"b":120,"d":120,"f":120,"h":120,"j":120,"l":120,"n":120,"p":120}},{"type":"Feature","geometry":{"type":"Polygon","coordinates":[[[126.71684,37.76423],[126.73342,37.787],[126.70027,37.787],[126.71684,37.76423]]]},"properties":{"row":16,"col":-3,"walk_min":165.7,"nearest_station_id":"kr_424","nearest_station_name":"Daehwa","nearest_station_name_ko":"대화","a":120,"c":120,"e":120,"g":120,"i":120,"k":120,"m":120,"o":120,"b":120,"d":120,"f":120,"h":120,"j":120,"l":120,"n":120,"p":120}},{"type":"Feature","geometry":{"type":"Polygon","coordinates":[[[126.61738,37.58212],[126.65053,37.58212],[126.63396,37.60488],[126.61738,37.58212]]]},"properties":{"row":8,"col":-8,"walk_min":170.6,"nearest_station_id":"kr_258","nearest_station_name":"Sangok","nearest_station_name_ko":"산곡","a":120,"c":120,"e":120,"g":120,"i":120,"k":120,"m":120,"o":120,"b":120,"d":120,"f":120,"h":120,"j":120,"l":120,"n":120,"p":120}},{"type":"Feature","geometry":{"type":"Polygon","coordinates":[[[127.18102,37.80976],[127.1976,37.83253],[127.16444,37.83253],[127.18102,37.80976]]]},"properties":{"row":18,"col":25,"walk_min":173.6,"nearest_station_id":"kr_119","nearest_station_name":"Deokjeong (Seojeong College)","nearest_station_name_ko":"덕정(서정대학)","a":120,"c":120,"e":120,"g":120,"i":120,"k":120,"m":120,"o":120,"b":120,"d":120,"f":120,"h":120,"j":120,"l":120,"n":120,"p":120}},{"type":"Feature","geometry":{"type":"Polygon","coordinates":[[[127.16444,37.787],[127.1976,37.787],[127.18102,37.80976],[127.16444,37.787]]]},"properties":{"row":17,"col":24,"walk_min":178.7,"nearest_station_id":"kr_470","nearest_station_name":"Jinjeop","nearest_station_name_ko":"진접","a":120,"c":120,"e":120,"g":120,"i":120,"k":120,"m":120,"o":120,"b":120,"d":120,"f":120,"h":120,"j":120,"l":120,"n":120,"p":120}},{"type":"Feature","geometry":{"type":"Polygon","coordinates":[[[127.28048,37.62765],[127.29706,37.65041],[127.26391,37.65041],[127.28048,37.62765]]]},"properties":{"row":10,"col":31,"walk_min":166.5,"nearest_station_id":"kr_361","nearest_station_name":"Onam","nearest_station_name_ko":"오남","a":120,"c":120,"e":120,"g":120,"i":120,"k":120,"m":120,"o":120,"b":120,"d":120,"f":120,"h":120,"j":120,"l":120,"n":120,"p":120}},{"type":"Feature","geometry":{"type":"Polygon","coordinates":[[[126.63396,37.60488],[126.66711,37.60488],[126.65053,37.62765],[126.63396,37.60488]]]},"properties":{"row":9,"col":-8,"walk_min":181.4,"nearest_station_id":"kr_424","nearest_station_name":"Daehwa","nearest_station_name_ko":"대화","a":120,"c":120,"e":120,"g":120,"i":120,"k":120,"m":120,"o":120,"b":120,"d":120,"f":120,"h":120,"j":120,"l":120,"n":120,"p":120}},{"type":"Feature","geometry":{"type":"Polygon","coordinates":[[[127.1976,37.28618],[127.21417,37.30894],[127.18102,37.30894],[127.1976,37.28618]]]},"properties":{"row":-5,"col":25,"walk_min":178.4,"nearest_station_id":"kr_233","nearest_station_name":"Suji-gu Office","nearest_station_name_ko":"수지구청","a":120,"c":120,"e":120,"g":120,"i":120,"k":120,"m":120,"o":120,"b":120,"d":120,"f":120,"h":120,"j":120,"l":120,"n":120,"p":120}},{"type":"Feature","geometry":{"type":"Polygon","coordinates":[[[126.83289,37.19512],[126.86604,37.19512],[126.84947,37.21788],[126.83289,37.19512]]]},"properties":{"row":-9,"col":4,"walk_min":183.9,"nearest_station_id":"kr_114","nearest_station_name":"Sangnoksu","nearest_station_name_ko":"상록수","a":120,"c":120,"e":120,"g":120,"i":120,"k":120,"m":120,"o":120,"b":120,"d":120,"f":120,"h":120,"j":120,"l":120,"n":120,"p":120}},{"type":"Feature","geometry":{"type":"Polygon","coordinates":[[[126.78316,37.76423],[126.79973,37.787],[126.76658,37.787],[126.78316,37.76423]]]},"properties":{"row":16,"col":1,"walk_min":175.4,"nearest_station_id":"kr_424","nearest_station_name":"Daehwa","nearest_station_name_ko":"대화","a":120,"c":120,"e":120,"g":120,"i":120,"k":120,"m":120,"o":120,"b":120,"d":120,"f":120,"h":120,"j":120,"l":120,"n":120,"p":120}},{"type":"Feature","geometry":{"type":"Polygon","coordinates":[[[126.68369,37.62765],[126.71684,37.62765],[126.70027,37.65041],[126.68369,37.62765]]]},"properties":{"row":10,"col":-4,"walk_min":172.2,"nearest_station_id":"kr_424","nearest_station_name":"Daehwa","nearest_station_name_ko":"대화","a":120,"c":120,"e":120,"g":120,"i":120,"k":120,"m":120,"o":120,"b":120,"d":120,"f":120,"h":120,"j":120,"l":120,"n":120,"p":120}},{"type":"Feature","geometry":{"type":"Polygon","coordinates":[[[127.16444,37.19512],[127.1976,37.19512],[127.18102,37.21788],[127.16444,37.19512]]]},"properties":{"row":-9,"col":24,"walk_min":192.2,"nearest_station_id":"kr_416","nearest_station_name":"Osan College","nearest_station_name_ko":"오산대","a":120,"c":120,"e":120,"g":120,"i":120,"k":120,"m":120,"o":120,"b":120,"d":120,"f":120,"h":120,"j":120,"l":120,"n":120,"p":120}},{"type":"Feature","geometry":{"type":"Polygon","coordinates":[[[127.18102,37.21788],[127.1976,37.24065],[127.16444,37.24065],[127.18102,37.21788]]]},"properties":{"row":-8,"col":25,"walk_min":184.6,"nearest_station_id":"kr_307","nearest_station_name":"Sanghyeon","nearest_station_name_ko":"상현","a":120,"c":120,"e":120,"g":120,"i":120,"k":120,"m":120,"o":120,"b":120,"d":120,"f":120,"h":120,"j":120,"l":120,"n":120,"p":120}},{"type":"Feature","geometry":{"type":"Polygon","coordinates":[[[127.1976,37.24065],[127.21417,37.26341],[127.18102,37.26341],[127.1976,37.24065]]]},"properties":{"row":-7,"col":25,"walk_min":180.7,"nearest_station_id":"kr_233","nearest_station_name":"Suji-gu Office","nearest_station_name_ko":"수지구청","a":120,"c":120,"e":120,"g":120,"i":120,"k":120,"m":120,"o":120,"b":120,"d":120,"f":120,"h":120,"j":120,"l":120,"n":120,"p":120}},{"type":"Feature","geometry":{"type":"Polygon","coordinates":[[[126.8992,37.787],[126.91578,37.80976],[126.88262,37.80976],[126.8992,37.787]]]},"properties":{"row":17,"col":7,"walk_min":203.0,"nearest_station_id":"kr_092","nearest_station_name":"Yangju","nearest_station_name_ko":"양주","a":120,"c":120,"e":120,"g":120,"i":120,"k":120,"m":120,"o":120,"b":120,"d":120,"f":120,"h":120,"j":120,"l":120,"n":120,"p":120}},{"type":"Feature","geometry":{"type":"Polygon","coordinates":[[[126.88262,37.80976],[126.91578,37.80976],[126.8992,37.83253],[126.88262,37.80976]]]},"properties":{"row":18,"col":8,"walk_min":224.5,"nearest_station_id":"kr_092","nearest_station_name":"Yangju","nearest_station_name_ko":"양주","a":120,"c":120,"e":120,"g":120,"i":120,"k":120,"m":120,"o":120,"b":120,"d":120,"f":120,"h":120,"j":120,"l":120,"n":120,"p":120}},{"type":"Feature","geometry":{"type":"Polygon","coordinates":[[[127.16444,37.83253],[127.1976,37.83253],[127.18102,37.85529],[127.16444,37.83253]]]},"properties":{"row":19,"col":24,"walk_min":177.9,"nearest_station_id":"kr_119","nearest_station_name":"Deokjeong (Seojeong College)","nearest_station_name_ko":"덕정(서정대학)","a":120,"c":120,"e":120,"g":120,"i":120,"k":120,"m":120,"o":120,"b":120,"d":120,"f":120,"h":120,"j":120,"l":120,"n":120,"p":120}},{"type":"Feature","geometry":{"type":"Polygon","coordinates":[[[126.63396,37.60488],[126.65053,37.62765],[126.61738,37.62765],[126.63396,37.60488]]]},"properties":{"row":9,"col":-9,"walk_min":199.0,"nearest_station_id":"kr_424","nearest_station_name":"Daehwa","nearest_station_name_ko":"대화","a":120,"c":120,"e":120,"g":120,"i":120,"k":120,"m":120,"o":120,"b":120,"d":120,"f":120,"h":120,"j":120,"l":120,"n":120,"p":120}},{"type":"Feature","geometry":{"type":"Polygon","coordinates":[[[126.86604,37.74147],[126.88262,37.76423],[126.84947,37.76423],[126.86604,37.74147]]]},"properties":{"row":15,"col":5,"walk_min":188.3,"nearest_station_id":"kr_145","nearest_station_name":"Wondang","nearest_station_name_ko":"원당","a":120,"c":120,"e":120,"g":120,"i":120,"k":120,"m":120,"o":120,"b":120,"d":120,"f":120,"h":120,"j":120,"l":120,"n":120,"p":120}},{"type":"Feature","geometry":{"type":"Polygon","coordinates":[[[127.1976,37.28618],[127.23075,37.28618],[127.21417,37.30894],[127.1976,37.28618]]]},"properties":{"row":-5,"col":26,"walk_min":194.4,"nearest_station_id":"kr_233","nearest_station_name":"Suji-gu Office","nearest_station_name_ko":"수지구청","a":120,"c":120,"e":120,"g":120,"i":120,"k":120,"m":120,"o":120,"b":120,"d":120,"f":120,"h":120,"j":120,"l":120,"n":120,"p":120}},{"type":"Feature","geometry":{"type":"Polygon","coordinates":[[[127.21417,37.30894],[127.24733,37.30894],[127.23075,37.33171],[127.21417,37.30894]]]},"properties":{"row":-4,"col":28,"walk_min":184.9,"nearest_station_id":"kr_173","nearest_station_name":"Chowol","nearest_station_name_ko":"초월","a":120,"c":120,"e":120,"g":120,"i":120,"k":120,"m":120,"o":120,"b":120,"d":120,"f":120,"h":120,"j":120,"l":120,"n":120,"p":120}},{"type":"Feature","geometry":{"type":"Polygon","coordinates":[[[126.88262,37.76423],[126.91578,37.76423],[126.8992,37.787],[126.88262,37.76423]]]},"properties":{"row":16,"col":8,"walk_min":194.4,"nearest_station_id":"kr_421","nearest_station_name":"Nogyang","nearest_station_name_ko":"녹양","a":120,"c":120,"e":120,"g":120,"i":120,"k":120,"m":120,"o":120,"b":120,"d":120,"f":120,"h":120,"j":120,"l":120,"n":120,"p":120}},{"type":"Feature","geometry":{"type":"Polygon","coordinates":[[[126.79973,37.19512],[126.81631,37.21788],[126.78316,37.21788],[126.79973,37.19512]]]},"properties":{"row":-9,"col":1,"walk_min":203.0,"nearest_station_id":"kr_114","nearest_station_name":"Sangnoksu","nearest_station_name_ko":"상록수","a":120,"c":120,"e":120,"g":120,"i":120,"k":120,"m":120,"o":120,"b":120,"d":120,"f":120,"h":120,"j":120,"l":120,"n":120,"p":120}},{"type":"Feature","geometry":{"type":"Polygon","coordinates":[[[126.68369,37.62765],[126.70027,37.65041],[126.66711,37.65041],[126.68369,37.62765]]]},"properties":{"row":10,"col":-5,"walk_min":195.4,"nearest_station_id":"kr_424","nearest_station_name":"Daehwa","nearest_station_name_ko":"대화","a":120,"c":120,"e":120,"g":120,"i":120,"k":120,"m":120,"o":120,"b":120,"d":120,"f":120,"h":120,"j":120,"l":120,"n":120,"p":120}},{"type":"Feature","geometry":{"type":"Polygon","coordinates":[[[126.6008,37.55935],[126.61738,37.58212],[126.58422,37.58212],[126.6008,37.55935]]]},"properties":{"row":7,"col":-11,"walk_min":195.8,"nearest_station_id":"kr_458","nearest_station_name":"Incheon","nearest_station_name_ko":"인천","a":120,"c":120,"e":120,"g":120,"i":120,"k":120,"m":120,"o":120,"b":120,"d":120,"f":120,"h":120,"j":120,"l":120,"n":120,"p":120}},{"type":"Feature","geometry":{"type":"Polygon","coordinates":[[[126.8992,37.19512],[126.93235,37.19512],[126.91578,37.21788],[126.8992,37.19512]]]},"properties":{"row":-9,"col":8,"walk_min":181.3,"nearest_station_id":"kr_462","nearest_station_name":"Seryu","nearest_station_name_ko":"세류","a":120,"c":120,"e":120,"g":120,"i":120,"k":120,"m":120,"o":120,"b":120,"d":120,"f":120,"h":120,"j":120,"l":120,"n":120,"p":120}},{"type":"Feature","geometry":{"type":"Polygon","coordinates":[[[126.6008,37.28618],[126.61738,37.30894],[126.58422,37.30894],[126.6008,37.28618]]]},"properties":{"row":-5,"col":-11,"walk_min":203.8,"nearest_station_id":"kr_351","nearest_station_name":"Jeongwang","nearest_station_name_ko":"정왕","a":120,"c":120,"e":120,"g":120,"i":120,"k":120,"m":120,"o":120,"b":120,"d":120,"f":120,"h":120,"j":120,"l":120,"n":120,"p":120}},{"type":"Feature","geometry":{"type":"Polygon","coordinates":[[[126.58422,37.30894],[126.61738,37.30894],[126.6008,37.33171],[126.58422,37.30894]]]},"properties":{"row":-4,"col":-10,"walk_min":177.8,"nearest_station_id":"kr_351","nearest_station_name":"Jeongwang","nearest_station_name_ko":"정왕","a":120,"c":120,"e":120,"g":120,"i":120,"k":120,"m":120,"o":120,"b":120,"d":120,"f":120,"h":120,"j":120,"l":120,"n":120,"p":120}},{"type":"Feature","geometry":{"type":"Polygon","coordinates":[[[127.26391,37.65041],[127.29706,37.65041],[127.28048,37.67317],[127.26391,37.65041]]]},"properties":{"row":11,"col":30,"walk_min":169.7,"nearest_station_id":"kr_361","nearest_station_name":"Onam","nearest_station_name_ko":"오남","a":120,"c":120,"e":120,"g":120,"i":120,"k":120,"m":120,"o":120,"b":120,"d":120,"f":120,"h":120,"j":120,"l":120,"n":120,"p":120}},{"type":"Feature","geometry":{"type":"Polygon","coordinates":[[[127.26391,37.65041],[127.28048,37.67317],[127.24733,37.67317],[127.26391,37.65041]]]},"properties":{"row":11,"col":29,"walk_min":169.7,"nearest_station_id":"kr_361","nearest_station_name":"Onam","nearest_station_name_ko":"오남","a":120,"c":120,"e":120,"g":120,"i":120,"k":120,"m":120,"o":120,"b":120,"d":120,"f":120,"h":120,"j":120,"l":120,"n":120,"p":120}},{"type":"Feature","geometry":{"type":"Polygon","coordinates":[[[126.61738,37.58212],[126.63396,37.60488],[126.6008,37.60488],[126.61738,37.58212]]]},"properties":{"row":8,"col":-9,"walk_min":198.2,"nearest_station_id":"kr_258","nearest_station_name":"Sangok","nearest_station_name_ko":"산곡","a":120,"c":120,"e":120,"g":120,"i":120,"k":120,"m":120,"o":120,"b":120,"d":120,"f":120,"h":120,"j":120,"l":120,"n":120,"p":120}},{"type":"Feature","geometry":{"type":"Polygon","coordinates":[[[126.84947,37.76423],[126.88262,37.76423],[126.86604,37.787],[126.84947,37.76423]]]},"properties":{"row":16,"col":6,"walk_min":217.2,"nearest_station_id":"kr_145","nearest_station_name":"Wondang","nearest_station_name_ko":"원당","a":120,"c":120,"e":120,"g":120,"i":120,"k":120,"m":120,"o":120,"b":120,"d":120,"f":120,"h":120,"j":120,"l":120,"n":120,"p":120}},{"type":"Feature","geometry":{"type":"Polygon","coordinates":[[[126.88262,37.76423],[126.8992,37.787],[126.86604,37.787],[126.88262,37.76423]]]},"properties":{"row":16,"col":7,"walk_min":216.5,"nearest_station_id":"kr_115","nearest_station_name":"Samsong","nearest_station_name_ko":"삼송","a":120,"c":120,"e":120,"g":120,"i":120,"k":120,"m":120,"o":120,"b":120,"d":120,"f":120,"h":120,"j":120,"l":120,"n":120,"p":120}},{"type":"Feature","geometry":{"type":"Polygon","coordinates":[[[127.21417,37.26341],[127.23075,37.28618],[127.1976,37.28618],[127.21417,37.26341]]]},"properties":{"row":-6,"col":27,"walk_min":184.5,"nearest_station_id":"kr_233","nearest_station_name":"Suji-gu Office","nearest_station_name_ko":"수지구청","a":120,"c":120,"e":120,"g":120,"i":120,"k":120,"m":120,"o":120,"b":120,"d":120,"f":120,"h":120,"j":120,"l":120,"n":120,"p":120}},{"type":"Feature","geometry":{"type":"Polygon","coordinates":[[[126.76658,37.787],[126.79973,37.787],[126.78316,37.80976],[126.76658,37.787]]]},"properties":{"row":17,"col":0,"walk_min":200.8,"nearest_station_id":"kr_424","nearest_station_name":"Daehwa","nearest_station_name_ko":"대화","a":120,"c":120,"e":120,"g":120,"i":120,"k":120,"m":120,"o":120,"b":120,"d":120,"f":120,"h":120,"j":120,"l":120,"n":120,"p":120}},{"type":"Feature","geometry":{"type":"Polygon","coordinates":[[[126.76658,37.787],[126.78316,37.80976],[126.75,37.80976],[126.76658,37.787]]]},"properties":{"row":17,"col":-1,"walk_min":201.5,"nearest_station_id":"kr_424","nearest_station_name":"Daehwa","nearest_station_name_ko":"대화","a":120,"c":120,"e":120,"g":120,"i":120,"k":120,"m":120,"o":120,"b":120,"d":120,"f":120,"h":120,"j":120,"l":120,"n":120,"p":120}},{"type":"Feature","geometry":{"type":"Polygon","coordinates":[[[126.70027,37.787],[126.73342,37.787],[126.71684,37.80976],[126.70027,37.787]]]},"properties":{"row":17,"col":-4,"walk_min":193.6,"nearest_station_id":"kr_424","nearest_station_name":"Daehwa","nearest_station_name_ko":"대화","a":120,"c":120,"e":120,"g":120,"i":120,"k":120,"m":120,"o":120,"b":120,"d":120,"f":120,"h":120,"j":120,"l":120,"n":120,"p":120}},{"type":"Feature","geometry":{"type":"Polygon","coordinates":[[[126.73342,37.787],[126.75,37.80976],[126.71684,37.80976],[126.73342,37.787]]]},"properties":{"row":17,"col":-3,"walk_min":203.2,"nearest_station_id":"kr_424","nearest_station_name":"Daehwa","nearest_station_name_ko":"대화","a":120,"c":120,"e":120,"g":120,"i":120,"k":120,"m":120,"o":120,"b":120,"d":120,"f":120,"h":120,"j":120,"l":120,"n":120,"p":120}},{"type":"Feature","geometry":{"type":"Polygon","coordinates":[[[126.66711,37.33171],[126.68369,37.35447],[126.65053,37.35447],[126.66711,37.33171]]]},"properties":{"row":-3,"col":-7,"walk_min":187.6,"nearest_station_id":"kr_428","nearest_station_name":"Oido","nearest_station_name_ko":"오이도","a":120,"c":120,"e":120,"g":120,"i":120,"k":120,"m":120,"o":120,"b":120,"d":120,"f":120,"h":120,"j":120,"l":120,"n":120,"p":120}},{"type":"Feature","geometry":{"type":"Polygon","coordinates":[[[127.1976,37.19512],[127.21417,37.21788],[127.18102,37.21788],[127.1976,37.19512]]]},"properties":{"row":-9,"col":25,"walk_min":217.1,"nearest_station_id":"kr_416","nearest_station_name":"Osan College","nearest_station_name_ko":"오산대","a":120,"c":120,"e":120,"g":120,"i":120,"k":120,"m":120,"o":120,"b":120,"d":120,"f":120,"h":120,"j":120,"l":120,"n":120,"p":120}},{"type":"Feature","geometry":{"type":"Polygon","coordinates":[[[126.56765,37.55935],[126.6008,37.55935],[126.58422,37.58212],[126.56765,37.55935]]]},"properties":{"row":7,"col":-12,"walk_min":194.2,"nearest_station_id":"kr_458","nearest_station_name":"Incheon","nearest_station_name_ko":"인천","a":120,"c":120,"e":120,"g":120,"i":120,"k":120,"m":120,"o":120,"b":120,"d":120,"f":120,"h":120,"j":120,"l":120,"n":120,"p":120}},{"type":"Feature","geometry":{"type":"Polygon","coordinates":[[[126.88262,37.17235],[126.8992,37.19512],[126.86604,37.19512],[126.88262,37.17235]]]},"properties":{"row":-10,"col":7,"walk_min":192.7,"nearest_station_id":"kr_114","nearest_station_name":"Sangnoksu","nearest_station_name_ko":"상록수","a":120,"c":120,"e":120,"g":120,"i":120,"k":120,"m":120,"o":120,"b":120,"d":120,"f":120,"h":120,"j":120,"l":120,"n":120,"p":120}},{"type":"Feature","geometry":{"type":"Polygon","coordinates":[[[126.73342,37.787],[126.76658,37.787],[126.75,37.80976],[126.73342,37.787]]]},"properties":{"row":17,"col":-2,"walk_min":196.4,"nearest_station_id":"kr_424","nearest_station_name":"Daehwa","nearest_station_name_ko":"대화","a":120,"c":120,"e":120,"g":120,"i":120,"k":120,"m":120,"o":120,"b":120,"d":120,"f":120,"h":120,"j":120,"l":120,"n":120,"p":120}},{"type":"Feature","geometry":{"type":"Polygon","coordinates":[[[126.68369,37.76423],[126.70027,37.787],[126.66711,37.787],[126.68369,37.76423]]]},"properties":{"row":16,"col":-5,"walk_min":201.4,"nearest_station_id":"kr_424","nearest_station_name":"Daehwa","nearest_station_name_ko":"대화","a":120,"c":120,"e":120,"g":120,"i":120,"k":120,"m":120,"o":120,"b":120,"d":120,"f":120,"h":120,"j":120,"l":120,"n":120,"p":120}},{"type":"Feature","geometry":{"type":"Polygon","coordinates":[[[127.1976,37.24065],[127.23075,37.24065],[127.21417,37.26341],[127.1976,37.24065]]]},"properties":{"row":-7,"col":26,"walk_min":203.0,"nearest_station_id":"kr_233","nearest_station_name":"Suji-gu Office","nearest_station_name_ko":"수지구청","a":120,"c":120,"e":120,"g":120,"i":120,"k":120,"m":120,"o":120,"b":120,"d":120,"f":120,"h":120,"j":120,"l":120,"n":120,"p":120}},{"type":"Feature","geometry":{"type":"Polygon","coordinates":[[[127.21417,37.26341],[127.24733,37.26341],[127.23075,37.28618],[127.21417,37.26341]]]},"properties":{"row":-6,"col":28,"walk_min":211.2,"nearest_station_id":"kr_173","nearest_station_name":"Chowol","nearest_station_name_ko":"초월","a":120,"c":120,"e":120,"g":120,"i":120,"k":120,"m":120,"o":120,"b":120,"d":120,"f":120,"h":120,"j":120,"l":120,"n":120,"p":120}},{"type":"Feature","geometry":{"type":"Polygon","coordinates":[[[126.70027,37.787],[126.71684,37.80976],[126.68369,37.80976],[126.70027,37.787]]]},"properties":{"row":17,"col":-5,"walk_min":212.1,"nearest_station_id":"kr_424","nearest_station_name":"Daehwa","nearest_station_name_ko":"대화","a":120,"c":120,"e":120,"g":120,"i":120,"k":120,"m":120,"o":120,"b":120,"d":120,"f":120,"h":120,"j":120,"l":120,"n":120,"p":120}},{"type":"Feature","geometry":{"type":"Polygon","coordinates":[[[126.6008,37.60488],[126.63396,37.60488],[126.61738,37.62765],[126.6008,37.60488]]]},"properties":{"row":9,"col":-10,"walk_min":206.6,"nearest_station_id":"kr_258","nearest_station_name":"Sangok","nearest_station_name_ko":"산곡","a":120,"c":120,"e":120,"g":120,"i":120,"k":120,"m":120,"o":120,"b":120,"d":120,"f":120,"h":120,"j":120,"l":120,"n":120,"p":120}},{"type":"Feature","geometry":{"type":"Polygon","coordinates":[[[126.84947,37.17235],[126.88262,37.17235],[126.86604,37.19512],[126.84947,37.17235]]]},"properties":{"row":-10,"col":6,"walk_min":218.3,"nearest_station_id":"kr_114","nearest_station_name":"Sangnoksu","nearest_station_name_ko":"상록수","a":120,"c":120,"e":120,"g":120,"i":120,"k":120,"m":120,"o":120,"b":120,"d":120,"f":120,"h":120,"j":120,"l":120,"n":120,"p":120}},{"type":"Feature","geometry":{"type":"Polygon","coordinates":[[[126.84947,37.17235],[126.86604,37.19512],[126.83289,37.19512],[126.84947,37.17235]]]},"properties":{"row":-10,"col":5,"walk_min":207.7,"nearest_station_id":"kr_114","nearest_station_name":"Sangnoksu","nearest_station_name_ko":"상록수","a":120,"c":120,"e":120,"g":120,"i":120,"k":120,"m":120,"o":120,"b":120,"d":120,"f":120,"h":120,"j":120,"l":120,"n":120,"p":120}},{"type":"Feature","geometry":{"type":"Polygon","coordinates":[[[126.86604,37.787],[126.8992,37.787],[126.88262,37.80976],[126.86604,37.787]]]},"properties":{"row":17,"col":6,"walk_min":223.6,"nearest_station_id":"kr_092","nearest_station_name":"Yangju","nearest_station_name_ko":"양주","a":120,"c":120,"e":120,"g":120,"i":120,"k":120,"m":120,"o":120,"b":120,"d":120,"f":120,"h":120,"j":120,"l":120,"n":120,"p":120}},{"type":"Feature","geometry":{"type":"Polygon","coordinates":[[[127.23075,37.28618],[127.24733,37.30894],[127.21417,37.30894],[127.23075,37.28618]]]},"properties":{"row":-5,"col":27,"walk_min":196.8,"nearest_station_id":"kr_173","nearest_station_name":"Chowol","nearest_station_name_ko":"초월","a":120,"c":120,"e":120,"g":120,"i":120,"k":120,"m":120,"o":120,"b":120,"d":120,"f":120,"h":120,"j":120,"l":120,"n":120,"p":120}},{"type":"Feature","geometry":{"type":"Polygon","coordinates":[[[127.23075,37.33171],[127.26391,37.33171],[127.24733,37.35447],[127.23075,37.33171]]]},"properties":{"row":-3,"col":28,"walk_min":191.2,"nearest_station_id":"kr_173","nearest_station_name":"Chowol","nearest_station_name_ko":"초월","a":120,"c":120,"e":120,"g":120,"i":120,"k":120,"m":120,"o":120,"b":120,"d":120,"f":120,"h":120,"j":120,"l":120,"n":120,"p":120}},{"type":"Feature","geometry":{"type":"Polygon","coordinates":[[[126.63396,37.33171],[126.65053,37.35447],[126.61738,37.35447],[126.63396,37.33171]]]},"properties":{"row":-3,"col":-9,"walk_min":206.5,"nearest_station_id":"kr_428","nearest_station_name":"Oido","nearest_station_name_ko":"오이도","a":120,"c":120,"e":120,"g":120,"i":120,"k":120,"m":120,"o":120,"b":120,"d":120,"f":120,"h":120,"j":120,"l":120,"n":120,"p":120}},{"type":"Feature","geometry":{"type":"Polygon","coordinates":[[[127.18102,37.21788],[127.21417,37.21788],[127.1976,37.24065],[127.18102,37.21788]]]},"properties":{"row":-8,"col":26,"walk_min":214.8,"nearest_station_id":"kr_466","nearest_station_name":"Seodongtan","nearest_station_name_ko":"서동탄","a":120,"c":120,"e":120,"g":120,"i":120,"k":120,"m":120,"o":120,"b":120,"d":120,"f":120,"h":120,"j":120,"l":120,"n":120,"p":120}},{"type":"Feature","geometry":{"type":"Polygon","coordinates":[[[127.21417,37.21788],[127.23075,37.24065],[127.1976,37.24065],[127.21417,37.21788]]]},"properties":{"row":-8,"col":27,"walk_min":219.6,"nearest_station_id":"kr_233","nearest_station_name":"Suji-gu Office","nearest_station_name_ko":"수지구청","a":120,"c":120,"e":120,"g":120,"i":120,"k":120,"m":120,"o":120,"b":120,"d":120,"f":120,"h":120,"j":120,"l":120,"n":120,"p":120}},{"type":"Feature","geometry":{"type":"Polygon","coordinates":[[[126.79973,37.19512],[126.83289,37.19512],[126.81631,37.21788],[126.79973,37.19512]]]},"properties":{"row":-9,"col":2,"walk_min":201.8,"nearest_station_id":"kr_114","nearest_station_name":"Sangnoksu","nearest_station_name_ko":"상록수","a":120,"c":120,"e":120,"g":120,"i":120,"k":120,"m":120,"o":120,"b":120,"d":120,"f":120,"h":120,"j":120,"l":120,"n":120,"p":120}},{"type":"Feature","geometry":{"type":"Polygon","coordinates":[[[127.18102,37.17235],[127.21417,37.17235],[127.1976,37.19512],[127.18102,37.17235]]]},"properties":{"row":-10,"col":26,"walk_min":227.2,"nearest_station_id":"kr_416","nearest_station_name":"Osan College","nearest_station_name_ko":"오산대","a":120,"c":120,"e":120,"g":120,"i":120,"k":120,"m":120,"o":120,"b":120,"d":120,"f":120,"h":120,"j":120,"l":120,"n":120,"p":120}},{"type":"Feature","geometry":{"type":"Polygon","coordinates":[[[127.21417,37.17235],[127.23075,37.19512],[127.1976,37.19512],[127.21417,37.17235]]]},"properties":{"row":-10,"col":27,"walk_min":228.2,"nearest_station_id":"kr_416","nearest_station_name":"Osan College","nearest_station_name_ko":"오산대","a":120,"c":120,"e":120,"g":120,"i":120,"k":120,"m":120,"o":120,"b":120,"d":120,"f":120,"h":120,"j":120,"l":120,"n":120,"p":120}},{"type":"Feature","geometry":{"type":"Polygon","coordinates":[[[126.65053,37.62765],[126.68369,37.62765],[126.66711,37.65041],[126.65053,37.62765]]]},"properties":{"row":10,"col":-6,"walk_min":206.3,"nearest_station_id":"kr_424","nearest_station_name":"Daehwa","nearest_station_name_ko":"대화","a":120,"c":120,"e":120,"g":120,"i":120,"k":120,"m":120,"o":120,"b":120,"d":120,"f":120,"h":120,"j":120,"l":120,"n":120,"p":120}},{"type":"Feature","geometry":{"type":"Polygon","coordinates":[[[126.81631,37.76423],[126.83289,37.787],[126.79973,37.787],[126.81631,37.76423]]]},"properties":{"row":16,"col":3,"walk_min":216.8,"nearest_station_id":"kr_424","nearest_station_name":"Daehwa","nearest_station_name_ko":"대화","a":120,"c":120,"e":120,"g":120,"i":120,"k":120,"m":120,"o":120,"b":120,"d":120,"f":120,"h":120,"j":120,"l":120,"n":120,"p":120}},{"type":"Feature","geometry":{"type":"Polygon","coordinates":[[[126.76658,37.19512],[126.78316,37.21788],[126.75,37.21788],[126.76658,37.19512]]]},"properties":{"row":-9,"col":-1,"walk_min":250.2,"nearest_station_id":"kr_230","nearest_station_name":"Choji","nearest_station_name_ko":"초지","a":120,"c":120,"e":120,"g":120,"i":120,"k":120,"m":120,"o":120,"b":120,"d":120,"f":120,"h":120,"j":120,"l":120,"n":120,"p":120}},{"type":"Feature","geometry":{"type":"Polygon","coordinates":[[[126.75,37.21788],[126.78316,37.21788],[126.76658,37.24065],[126.75,37.21788]]]},"properties":{"row":-8,"col":0,"walk_min":282.6,"nearest_station_id":"kr_230","nearest_station_name":"Choji","nearest_station_name_ko":"초지","a":120,"c":120,"e":120,"g":120,"i":120,"k":120,"m":120,"o":120,"b":120,"d":120,"f":120,"h":120,"j":120,"l":120,"n":120,"p":120}},{"type":"Feature","geometry":{"type":"Polygon","coordinates":[[[126.56765,37.55935],[126.58422,37.58212],[126.55107,37.58212],[126.56765,37.55935]]]},"properties":{"row":7,"col":-13,"walk_min":223.4,"nearest_station_id":"kr_458","nearest_station_name":"Incheon","nearest_station_name_ko":"인천","a":120,"c":120,"e":120,"g":120,"i":120,"k":120,"m":120,"o":120,"b":120,"d":120,"f":120,"h":120,"j":120,"l":120,"n":120,"p":120}},{"type":"Feature","geometry":{"type":"Polygon","coordinates":[[[126.58422,37.58212],[126.6008,37.60488],[126.56765,37.60488],[126.58422,37.58212]]]},"properties":{"row":8,"col":-11,"walk_min":231.7,"nearest_station_id":"kr_458","nearest_station_name":"Incheon","nearest_station_name_ko":"인천","a":120,"c":120,"e":120,"g":120,"i":120,"k":120,"m":120,"o":120,"b":120,"d":120,"f":120,"h":120,"j":120,"l":120,"n":120,"p":120}},{"type":"Feature","geometry":{"type":"Polygon","coordinates":[[[126.58422,37.58212],[126.61738,37.58212],[126.6008,37.60488],[126.58422,37.58212]]]},"properties":{"row":8,"col":-10,"walk_min":211.1,"nearest_station_id":"kr_258","nearest_station_name":"Sangok","nearest_station_name_ko":"산곡","a":120,"c":120,"e":120,"g":120,"i":120,"k":120,"m":120,"o":120,"b":120,"d":120,"f":120,"h":120,"j":120,"l":120,"n":120,"p":120}},{"type":"Feature","geometry":{"type":"Polygon","coordinates":[[[126.66711,37.787],[126.70027,37.787],[126.68369,37.80976],[126.66711,37.787]]]},"properties":{"row":17,"col":-6,"walk_min":212.7,"nearest_station_id":"kr_424","nearest_station_name":"Daehwa","nearest_station_name_ko":"대화","a":120,"c":120,"e":120,"g":120,"i":120,"k":120,"m":120,"o":120,"b":120,"d":120,"f":120,"h":120,"j":120,"l":120,"n":120,"p":120}},{"type":"Feature","geometry":{"type":"Polygon","coordinates":[[[126.88262,37.17235],[126.91578,37.17235],[126.8992,37.19512],[126.88262,37.17235]]]},"properties":{"row":-10,"col":8,"walk_min":214.7,"nearest_station_id":"kr_462","nearest_station_name":"Seryu","nearest_station_name_ko":"세류","a":120,"c":120,"e":120,"g":120,"i":120,"k":120,"m":120,"o":120,"b":120,"d":120,"f":120,"h":120,"j":120,"l":120,"n":120,"p":120}},{"type":"Feature","geometry":{"type":"Polygon","coordinates":[[[127.24733,37.26341],[127.26391,37.28618],[127.23075,37.28618],[127.24733,37.26341]]]},"properties":{"row":-6,"col":29,"walk_min":220.0,"nearest_station_id":"kr_173","nearest_station_name":"Chowol","nearest_station_name_ko":"초월","a":120,"c":120,"e":120,"g":120,"i":120,"k":120,"m":120,"o":120,"b":120,"d":120,"f":120,"h":120,"j":120,"l":120,"n":120,"p":120}},{"type":"Feature","geometry":{"type":"Polygon","coordinates":[[[126.56765,37.28618],[126.6008,37.28618],[126.58422,37.30894],[126.56765,37.28618]]]},"properties":{"row":-5,"col":-12,"walk_min":364.9,"nearest_station_id":"kr_351","nearest_station_name":"Jeongwang","nearest_station_name_ko":"정왕","a":120,"c":120,"e":120,"g":120,"i":120,"k":120,"m":120,"o":120,"b":120,"d":120,"f":120,"h":120,"j":120,"l":120,"n":120,"p":120}},{"type":"Feature","geometry":{"type":"Polygon","coordinates":[[[126.6008,37.60488],[126.61738,37.62765],[126.58422,37.62765],[126.6008,37.60488]]]},"properties":{"row":9,"col":-11,"walk_min":231.7,"nearest_station_id":"kr_424","nearest_station_name":"Daehwa","nearest_station_name_ko":"대화","a":120,"c":120,"e":120,"g":120,"i":120,"k":120,"m":120,"o":120,"b":120,"d":120,"f":120,"h":120,"j":120,"l":120,"n":120,"p":120}},{"type":"Feature","geometry":{"type":"Polygon","coordinates":[[[127.23075,37.24065],[127.24733,37.26341],[127.21417,37.26341],[127.23075,37.24065]]]},"properties":{"row":-7,"col":27,"walk_min":207.4,"nearest_station_id":"kr_233","nearest_station_name":"Suji-gu Office","nearest_station_name_ko":"수지구청","a":120,"c":120,"e":120,"g":120,"i":120,"k":120,"m":120,"o":120,"b":120,"d":120,"f":120,"h":120,"j":120,"l":120,"n":120,"p":120}},{"type":"Feature","geometry":{"type":"Polygon","coordinates":[[[126.68369,37.80976],[126.71684,37.80976],[126.70027,37.83253],[126.68369,37.80976]]]},"properties":{"row":18,"col":-4,"walk_min":232.6,"nearest_station_id":"kr_424","nearest_station_name":"Daehwa","nearest_station_name_ko":"대화","a":120,"c":120,"e":120,"g":120,"i":120,"k":120,"m":120,"o":120,"b":120,"d":120,"f":120,"h":120,"j":120,"l":120,"n":120,"p":120}},{"type":"Feature","geometry":{"type":"Polygon","coordinates":[[[126.71684,37.80976],[126.73342,37.83253],[126.70027,37.83253],[126.71684,37.80976]]]},"properties":{"row":18,"col":-3,"walk_min":230.6,"nearest_station_id":"kr_424","nearest_station_name":"Daehwa","nearest_station_name_ko":"대화","a":120,"c":120,"e":120,"g":120,"i":120,"k":120,"m":120,"o":120,"b":120,"d":120,"f":120,"h":120,"j":120,"l":120,"n":120,"p":120}},{"type":"Feature","geometry":{"type":"Polygon","coordinates":[[[126.71684,37.80976],[126.75,37.80976],[126.73342,37.83253],[126.71684,37.80976]]]},"properties":{"row":18,"col":-2,"walk_min":225.0,"nearest_station_id":"kr_424","nearest_station_name":"Daehwa","nearest_station_name_ko":"대화","a":120,"c":120,"e":120,"g":120,"i":120,"k":120,"m":120,"o":120,"b":120,"d":120,"f":120,"h":120,"j":120,"l":120,"n":120,"p":120}},{"type":"Feature","geometry":{"type":"Polygon","coordinates":[[[126.79973,37.787],[126.81631,37.80976],[126.78316,37.80976],[126.79973,37.787]]]},"properties":{"row":17,"col":1,"walk_min":239.8,"nearest_station_id":"kr_424","nearest_station_name":"Daehwa","nearest_station_name_ko":"대화","a":120,"c":120,"e":120,"g":120,"i":120,"k":120,"m":120,"o":120,"b":120,"d":120,"f":120,"h":120,"j":120,"l":120,"n":120,"p":120}},{"type":"Feature","geometry":{"type":"Polygon","coordinates":[[[126.79973,37.787],[126.83289,37.787],[126.81631,37.80976],[126.79973,37.787]]]},"properties":{"row":17,"col":2,"walk_min":238.4,"nearest_station_id":"kr_424","nearest_station_name":"Daehwa","nearest_station_name_ko":"대화","a":120,"c":120,"e":120,"g":120,"i":120,"k":120,"m":120,"o":120,"b":120,"d":120,"f":120,"h":120,"j":120,"l":120,"n":120,"p":120}},{"type":"Feature","geometry":{"type":"Polygon","coordinates":[[[126.76658,37.19512],[126.79973,37.19512],[126.78316,37.21788],[126.76658,37.19512]]]},"properties":{"row":-9,"col":0,"walk_min":214.1,"nearest_station_id":"kr_426","nearest_station_name":"Gojan","nearest_station_name_ko":"고잔","a":120,"c":120,"e":120,"g":120,"i":120,"k":120,"m":120,"o":120,"b":120,"d":120,"f":120,"h":120,"j":120,"l":120,"n":120,"p":120}},{"type":"Feature","geometry":{"type":"Polygon","coordinates":[[[126.6008,37.33171],[126.63396,37.33171],[126.61738,37.35447],[126.6008,37.33171]]]},"properties":{"row":-3,"col":-10,"walk_min":222.7,"nearest_station_id":"kr_428","nearest_station_name":"Oido","nearest_station_name_ko":"오이도","a":120,"c":120,"e":120,"g":120,"i":120,"k":120,"m":120,"o":120,"b":120,"d":120,"f":120,"h":120,"j":120,"l":120,"n":120,"p":120}},{"type":"Feature","geometry":{"type":"Polygon","coordinates":[[[126.66711,37.787],[126.68369,37.80976],[126.65053,37.80976],[126.66711,37.787]]]},"properties":{"row":17,"col":-7,"walk_min":227.3,"nearest_station_id":"kr_424","nearest_station_name":"Daehwa","nearest_station_name_ko":"대화","a":120,"c":120,"e":120,"g":120,"i":120,"k":120,"m":120,"o":120,"b":120,"d":120,"f":120,"h":120,"j":120,"l":120,"n":120,"p":120}},{"type":"Feature","geometry":{"type":"Polygon","coordinates":[[[126.75,37.80976],[126.76658,37.83253],[126.73342,37.83253],[126.75,37.80976]]]},"properties":{"row":18,"col":-1,"walk_min":238.0,"nearest_station_id":"kr_424","nearest_station_name":"Daehwa","nearest_station_name_ko":"대화","a":120,"c":120,"e":120,"g":120,"i":120,"k":120,"m":120,"o":120,"b":120,"d":120,"f":120,"h":120,"j":120,"l":120,"n":120,"p":120}},{"type":"Feature","geometry":{"type":"Polygon","coordinates":[[[126.65053,37.76423],[126.68369,37.76423],[126.66711,37.787],[126.65053,37.76423]]]},"properties":{"row":16,"col":-6,"walk_min":340.0,"nearest_station_id":"kr_424","nearest_station_name":"Daehwa","nearest_station_name_ko":"대화","a":120,"c":120,"e":120,"g":120,"i":120,"k":120,"m":120,"o":120,"b":120,"d":120,"f":120,"h":120,"j":120,"l":120,"n":120,"p":120}},{"type":"Feature","geometry":{"type":"Polygon","coordinates":[[[127.24733,37.80976],[127.26391,37.83253],[127.23075,37.83253],[127.24733,37.80976]]]},"properties":{"row":18,"col":29,"walk_min":223.9,"nearest_station_id":"kr_470","nearest_station_name":"Jinjeop","nearest_station_name_ko":"진접","a":120,"c":120,"e":120,"g":120,"i":120,"k":120,"m":120,"o":120,"b":120,"d":120,"f":120,"h":120,"j":120,"l":120,"n":120,"p":120}},{"type":"Feature","geometry":{"type":"Polygon","coordinates":[[[126.75,37.80976],[126.78316,37.80976],[126.76658,37.83253],[126.75,37.80976]]]},"properties":{"row":18,"col":0,"walk_min":227.6,"nearest_station_id":"kr_424","nearest_station_name":"Daehwa","nearest_station_name_ko":"대화","a":120,"c":120,"e":120,"g":120,"i":120,"k":120,"m":120,"o":120,"b":120,"d":120,"f":120,"h":120,"j":120,"l":120,"n":120,"p":120}},{"type":"Feature","geometry":{"type":"Polygon","coordinates":[[[126.78316,37.80976],[126.79973,37.83253],[126.76658,37.83253],[126.78316,37.80976]]]},"properties":{"row":18,"col":1,"walk_min":235.4,"nearest_station_id":"kr_424","nearest_station_name":"Daehwa","nearest_station_name_ko":"대화","a":120,"c":120,"e":120,"g":120,"i":120,"k":120,"m":120,"o":120,"b":120,"d":120,"f":120,"h":120,"j":120,"l":120,"n":120,"p":120}},{"type":"Feature","geometry":{"type":"Polygon","coordinates":[[[126.78316,37.80976],[126.81631,37.80976],[126.79973,37.83253],[126.78316,37.80976]]]},"properties":{"row":18,"col":2,"walk_min":256.9,"nearest_station_id":"kr_424","nearest_station_name":"Daehwa","nearest_station_name_ko":"대화","a":120,"c":120,"e":120,"g":120,"i":120,"k":120,"m":120,"o":120,"b":120,"d":120,"f":120,"h":120,"j":120,"l":120,"n":120,"p":120}},{"type":"Feature","geometry":{"type":"Polygon","coordinates":[[[126.65053,37.62765],[126.66711,37.65041],[126.63396,37.65041],[126.65053,37.62765]]]},"properties":{"row":10,"col":-7,"walk_min":228.2,"nearest_station_id":"kr_424","nearest_station_name":"Daehwa","nearest_station_name_ko":"대화","a":120,"c":120,"e":120,"g":120,"i":120,"k":120,"m":120,"o":120,"b":120,"d":120,"f":120,"h":120,"j":120,"l":120,"n":120,"p":120}},{"type":"Feature","geometry":{"type":"Polygon","coordinates":[[[126.84947,37.76423],[126.86604,37.787],[126.83289,37.787],[126.84947,37.76423]]]},"properties":{"row":16,"col":5,"walk_min":236.7,"nearest_station_id":"kr_145","nearest_station_name":"Wondang","nearest_station_name_ko":"원당","a":120,"c":120,"e":120,"g":120,"i":120,"k":120,"m":120,"o":120,"b":120,"d":120,"f":120,"h":120,"j":120,"l":120,"n":120,"p":120}},{"type":"Feature","geometry":{"type":"Polygon","coordinates":[[[127.21417,37.21788],[127.24733,37.21788],[127.23075,37.24065],[127.21417,37.21788]]]},"properties":{"row":-8,"col":28,"walk_min":242.9,"nearest_station_id":"kr_233","nearest_station_name":"Suji-gu Office","nearest_station_name_ko":"수지구청","a":120,"c":120,"e":120,"g":120,"i":120,"k":120,"m":120,"o":120,"b":120,"d":120,"f":120,"h":120,"j":120,"l":120,"n":120,"p":120}},{"type":"Feature","geometry":{"type":"Polygon","coordinates":[[[126.86604,37.787],[126.88262,37.80976],[126.84947,37.80976],[126.86604,37.787]]]},"properties":{"row":17,"col":5,"walk_min":250.1,"nearest_station_id":"kr_145","nearest_station_name":"Wondang","nearest_station_name_ko":"원당","a":120,"c":120,"e":120,"g":120,"i":120,"k":120,"m":120,"o":120,"b":120,"d":120,"f":120,"h":120,"j":120,"l":120,"n":120,"p":120}},{"type":"Feature","geometry":{"type":"Polygon","coordinates":[[[126.84947,37.80976],[126.88262,37.80976],[126.86604,37.83253],[126.84947,37.80976]]]},"properties":{"row":18,"col":6,"walk_min":260.0,"nearest_station_id":"kr_092","nearest_station_name":"Yangju","nearest_station_name_ko":"양주","a":120,"c":120,"e":120,"g":120,"i":120,"k":120,"m":120,"o":120,"b":120,"d":120,"f":120,"h":120,"j":120,"l":120,"n":120,"p":120}},{"type":"Feature","geometry":{"type":"Polygon","coordinates":[[[126.88262,37.80976],[126.8992,37.83253],[126.86604,37.83253],[126.88262,37.80976]]]},"properties":{"row":18,"col":7,"walk_min":253.7,"nearest_station_id":"kr_092","nearest_station_name":"Yangju","nearest_station_name_ko":"양주","a":120,"c":120,"e":120,"g":120,"i":120,"k":120,"m":120,"o":120,"b":120,"d":120,"f":120,"h":120,"j":120,"l":120,"n":120,"p":120}},{"type":"Feature","geometry":{"type":"Polygon","coordinates":[[[126.61738,37.62765],[126.65053,37.62765],[126.63396,37.65041],[126.61738,37.62765]]]},"properties":{"row":10,"col":-8,"walk_min":226.0,"nearest_station_id":"kr_424","nearest_station_name":"Daehwa","nearest_station_name_ko":"대화","a":120,"c":120,"e":120,"g":120,"i":120,"k":120,"m":120,"o":120,"b":120,"d":120,"f":120,"h":120,"j":120,"l":120,"n":120,"p":120}},{"type":"Feature","geometry":{"type":"Polygon","coordinates":[[[126.61738,37.62765],[126.63396,37.65041],[126.6008,37.65041],[126.61738,37.62765]]]},"properties":{"row":10,"col":-9,"walk_min":239.9,"nearest_station_id":"kr_424","nearest_station_name":"Daehwa","nearest_station_name_ko":"대화","a":120,"c":120,"e":120,"g":120,"i":120,"k":120,"m":120,"o":120,"b":120,"d":120,"f":120,"h":120,"j":120,"l":120,"n":120,"p":120}},{"type":"Feature","geometry":{"type":"Polygon","coordinates":[[[127.1976,37.19512],[127.23075,37.19512],[127.21417,37.21788],[127.1976,37.19512]]]},"properties":{"row":-9,"col":26,"walk_min":230.9,"nearest_station_id":"kr_416","nearest_station_name":"Osan College","nearest_station_name_ko":"오산대","a":120,"c":120,"e":120,"g":120,"i":120,"k":120,"m":120,"o":120,"b":120,"d":120,"f":120,"h":120,"j":120,"l":120,"n":120,"p":120}},{"type":"Feature","geometry":{"type":"Polygon","coordinates":[[[127.23075,37.19512],[127.24733,37.21788],[127.21417,37.21788],[127.23075,37.19512]]]},"properties":{"row":-9,"col":27,"walk_min":253.6,"nearest_station_id":"kr_416","nearest_station_name":"Osan College","nearest_station_name_ko":"오산대","a":120,"c":120,"e":120,"g":120,"i":120,"k":120,"m":120,"o":120,"b":120,"d":120,"f":120,"h":120,"j":120,"l":120,"n":120,"p":120}},{"type":"Feature","geometry":{"type":"Polygon","coordinates":[[[127.23075,37.83253],[127.26391,37.83253],[127.24733,37.85529],[127.23075,37.83253]]]},"properties":{"row":19,"col":28,"walk_min":244.0,"nearest_station_id":"kr_470","nearest_station_name":"Jinjeop","nearest_station_name_ko":"진접","a":120,"c":120,"e":120,"g":120,"i":120,"k":120,"m":120,"o":120,"b":120,"d":120,"f":120,"h":120,"j":120,"l":120,"n":120,"p":120}},{"type":"Feature","geometry":{"type":"Polygon","coordinates":[[[126.63396,37.65041],[126.66711,37.65041],[126.65053,37.67317],[126.63396,37.65041]]]},"properties":{"row":11,"col":-8,"walk_min":238.2,"nearest_station_id":"kr_424","nearest_station_name":"Daehwa","nearest_station_name_ko":"대화","a":120,"c":120,"e":120,"g":120,"i":120,"k":120,"m":120,"o":120,"b":120,"d":120,"f":120,"h":120,"j":120,"l":120,"n":120,"p":120}},{"type":"Feature","geometry":{"type":"Polygon","coordinates":[[[126.81631,37.17235],[126.84947,37.17235],[126.83289,37.19512],[126.81631,37.17235]]]},"properties":{"row":-10,"col":4,"walk_min":229.0,"nearest_station_id":"kr_114","nearest_station_name":"Sangnoksu","nearest_station_name_ko":"상록수","a":120,"c":120,"e":120,"g":120,"i":120,"k":120,"m":120,"o":120,"b":120,"d":120,"f":120,"h":120,"j":120,"l":120,"n":120,"p":120}},{"type":"Feature","geometry":{"type":"Polygon","coordinates":[[[126.81631,37.17235],[126.83289,37.19512],[126.79973,37.19512],[126.81631,37.17235]]]},"properties":{"row":-10,"col":3,"walk_min":237.6,"nearest_station_id":"kr_114","nearest_station_name":"Sangnoksu","nearest_station_name_ko":"상록수","a":120,"c":120,"e":120,"g":120,"i":120,"k":120,"m":120,"o":120,"b":120,"d":120,"f":120,"h":120,"j":120,"l":120,"n":120,"p":120}},{"type":"Feature","geometry":{"type":"Polygon","coordinates":[[[126.8992,37.14959],[126.91578,37.17235],[126.88262,37.17235],[126.8992,37.14959]]]},"properties":{"row":-11,"col":7,"walk_min":228.6,"nearest_station_id":"kr_047","nearest_station_name":"Byeongjeom","nearest_station_name_ko":"병점","a":120,"c":120,"e":120,"g":120,"i":120,"k":120,"m":120,"o":120,"b":120,"d":120,"f":120,"h":120,"j":120,"l":120,"n":120,"p":120}},{"type":"Feature","geometry":{"type":"Polygon","coordinates":[[[126.78316,37.17235],[126.81631,37.17235],[126.79973,37.19512],[126.78316,37.17235]]]},"properties":{"row":-10,"col":2,"walk_min":270.3,"nearest_station_id":"kr_114","nearest_station_name":"Sangnoksu","nearest_station_name_ko":"상록수","a":120,"c":120,"e":120,"g":120,"i":120,"k":120,"m":120,"o":120,"b":120,"d":120,"f":120,"h":120,"j":120,"l":120,"n":120,"p":120}},{"type":"Feature","geometry":{"type":"Polygon","coordinates":[[[126.6008,37.33171],[126.61738,37.35447],[126.58422,37.35447],[126.6008,37.33171]]]},"properties":{"row":-3,"col":-11,"walk_min":244.5,"nearest_station_id":"kr_428","nearest_station_name":"Oido","nearest_station_name_ko":"오이도","a":120,"c":120,"e":120,"g":120,"i":120,"k":120,"m":120,"o":120,"b":120,"d":120,"f":120,"h":120,"j":120,"l":120,"n":120,"p":120}},{"type":"Feature","geometry":{"type":"Polygon","coordinates":[[[126.73342,37.19512],[126.76658,37.19512],[126.75,37.21788],[126.73342,37.19512]]]},"properties":{"row":-9,"col":-2,"walk_min":255.9,"nearest_station_id":"kr_230","nearest_station_name":"Choji","nearest_station_name_ko":"초지","a":120,"c":120,"e":120,"g":120,"i":120,"k":120,"m":120,"o":120,"b":120,"d":120,"f":120,"h":120,"j":120,"l":120,"n":120,"p":120}},{"type":"Feature","geometry":{"type":"Polygon","coordinates":[[[126.68369,37.80976],[126.70027,37.83253],[126.66711,37.83253],[126.68369,37.80976]]]},"properties":{"row":18,"col":-5,"walk_min":244.5,"nearest_station_id":"kr_424","nearest_station_name":"Daehwa","nearest_station_name_ko":"대화","a":120,"c":120,"e":120,"g":120,"i":120,"k":120,"m":120,"o":120,"b":120,"d":120,"f":120,"h":120,"j":120,"l":120,"n":120,"p":120}},{"type":"Feature","geometry":{"type":"Polygon","coordinates":[[[126.78316,37.17235],[126.79973,37.19512],[126.76658,37.19512],[126.78316,37.17235]]]},"properties":{"row":-10,"col":1,"walk_min":255.1,"nearest_station_id":"kr_114","nearest_station_name":"Sangnoksu","nearest_station_name_ko":"상록수","a":120,"c":120,"e":120,"g":120,"i":120,"k":120,"m":120,"o":120,"b":120,"d":120,"f":120,"h":120,"j":120,"l":120,"n":120,"p":120}},{"type":"Feature","geometry":{"type":"Polygon","coordinates":[[[126.65053,37.80976],[126.68369,37.80976],[126.66711,37.83253],[126.65053,37.80976]]]},"properties":{"row":18,"col":-6,"walk_min":230.6,"nearest_station_id":"kr_424","nearest_station_name":"Daehwa","nearest_station_name_ko":"대화","a":120,"c":120,"e":120,"g":120,"i":120,"k":120,"m":120,"o":120,"b":120,"d":120,"f":120,"h":120,"j":120,"l":120,"n":120,"p":120}},{"type":"Feature","geometry":{"type":"Polygon","coordinates":[[[126.56765,37.60488],[126.6008,37.60488],[126.58422,37.62765],[126.56765,37.60488]]]},"properties":{"row":9,"col":-12,"walk_min":240.1,"nearest_station_id":"kr_424","nearest_station_name":"Daehwa","nearest_station_name_ko":"대화","a":120,"c":120,"e":120,"g":120,"i":120,"k":120,"m":120,"o":120,"b":120,"d":120,"f":120,"h":120,"j":120,"l":120,"n":120,"p":120}},{"type":"Feature","geometry":{"type":"Polygon","coordinates":[[[126.58422,37.35447],[126.61738,37.35447],[126.6008,37.37724],[126.58422,37.35447]]]},"properties":{"row":-2,"col":-10,"walk_min":247.5,"nearest_station_id":"kr_428","nearest_station_name":"Oido","nearest_station_name_ko":"오이도","a":120,"c":120,"e":120,"g":120,"i":120,"k":120,"m":120,"o":120,"b":120,"d":120,"f":120,"h":120,"j":120,"l":120,"n":120,"p":120}},{"type":"Feature","geometry":{"type":"Polygon","coordinates":[[[126.76658,37.83253],[126.79973,37.83253],[126.78316,37.85529],[126.76658,37.83253]]]},"properties":{"row":19,"col":0,"walk_min":243.0,"nearest_station_id":"kr_424","nearest_station_name":"Daehwa","nearest_station_name_ko":"대화","a":120,"c":120,"e":120,"g":120,"i":120,"k":120,"m":120,"o":120,"b":120,"d":120,"f":120,"h":120,"j":120,"l":120,"n":120,"p":120}},{"type":"Feature","geometry":{"type":"Polygon","coordinates":[[[126.75,37.17235],[126.78316,37.17235],[126.76658,37.19512],[126.75,37.17235]]]},"properties":{"row":-10,"col":0,"walk_min":257.6,"nearest_station_id":"kr_230","nearest_station_name":"Choji","nearest_station_name_ko":"초지","a":120,"c":120,"e":120,"g":120,"i":120,"k":120,"m":120,"o":120,"b":120,"d":120,"f":120,"h":120,"j":120,"l":120,"n":120,"p":120}},{"type":"Feature","geometry":{"type":"Polygon","coordinates":[[[126.75,37.17235],[126.76658,37.19512],[126.73342,37.19512],[126.75,37.17235]]]},"properties":{"row":-10,"col":-1,"walk_min":253.9,"nearest_station_id":"kr_230","nearest_station_name":"Choji","nearest_station_name_ko":"초지","a":120,"c":120,"e":120,"g":120,"i":120,"k":120,"m":120,"o":120,"b":120,"d":120,"f":120,"h":120,"j":120,"l":120,"n":120,"p":120}},{"type":"Feature","geometry":{"type":"Polygon","coordinates":[[[126.56765,37.60488],[126.58422,37.62765],[126.55107,37.62765],[126.56765,37.60488]]]},"properties":{"row":9,"col":-13,"walk_min":243.4,"nearest_station_id":"kr_424","nearest_station_name":"Daehwa","nearest_station_name_ko":"대화","a":120,"c":120,"e":120,"g":120,"i":120,"k":120,"m":120,"o":120,"b":120,"d":120,"f":120,"h":120,"j":120,"l":120,"n":120,"p":120}},{"type":"Feature","geometry":{"type":"Polygon","coordinates":[[[126.83289,37.787],[126.86604,37.787],[126.84947,37.80976],[126.83289,37.787]]]},"properties":{"row":17,"col":4,"walk_min":260.3,"nearest_station_id":"kr_145","nearest_station_name":"Wondang","nearest_station_name_ko":"원당","a":120,"c":120,"e":120,"g":120,"i":120,"k":120,"m":120,"o":120,"b":120,"d":120,"f":120,"h":120,"j":120,"l":120,"n":120,"p":120}},{"type":"Feature","geometry":{"type":"Polygon","coordinates":[[[126.83289,37.787],[126.84947,37.80976],[126.81631,37.80976],[126.83289,37.787]]]},"properties":{"row":17,"col":3,"walk_min":260.2,"nearest_station_id":"kr_424","nearest_station_name":"Daehwa","nearest_station_name_ko":"대화","a":120,"c":120,"e":120,"g":120,"i":120,"k":120,"m":120,"o":120,"b":120,"d":120,"f":120,"h":120,"j":120,"l":120,"n":120,"p":120}},{"type":"Feature","geometry":{"type":"Polygon","coordinates":[[[127.21417,37.17235],[127.24733,37.17235],[127.23075,37.19512],[127.21417,37.17235]]]},"properties":{"row":-10,"col":28,"walk_min":253.0,"nearest_station_id":"kr_416","nearest_station_name":"Osan College","nearest_station_name_ko":"오산대","a":120,"c":120,"e":120,"g":120,"i":120,"k":120,"m":120,"o":120,"b":120,"d":120,"f":120,"h":120,"j":120,"l":120,"n":120,"p":120}},{"type":"Feature","geometry":{"type":"Polygon","coordinates":[[[127.24733,37.17235],[127.26391,37.19512],[127.23075,37.19512],[127.24733,37.17235]]]},"properties":{"row":-10,"col":29,"walk_min":301.2,"nearest_station_id":"kr_416","nearest_station_name":"Osan College","nearest_station_name_ko":"오산대","a":120,"c":120,"e":120,"g":120,"i":120,"k":120,"m":120,"o":120,"b":120,"d":120,"f":120,"h":120,"j":120,"l":120,"n":120,"p":120}},{"type":"Feature","geometry":{"type":"Polygon","coordinates":[[[126.8992,37.83253],[126.91578,37.85529],[126.88262,37.85529],[126.8992,37.83253]]]},"properties":{"row":19,"col":7,"walk_min":244.7,"nearest_station_id":"kr_447","nearest_station_name":"Deokgye","nearest_station_name_ko":"덕계","a":120,"c":120,"e":120,"g":120,"i":120,"k":120,"m":120,"o":120,"b":120,"d":120,"f":120,"h":120,"j":120,"l":120,"n":120,"p":120}},{"type":"Feature","geometry":{"type":"Polygon","coordinates":[[[126.65053,37.67317],[126.66711,37.69594],[126.63396,37.69594],[126.65053,37.67317]]]},"properties":{"row":12,"col":-7,"walk_min":269.5,"nearest_station_id":"kr_424","nearest_station_name":"Daehwa","nearest_station_name_ko":"대화","a":120,"c":120,"e":120,"g":120,"i":120,"k":120,"m":120,"o":120,"b":120,"d":120,"f":120,"h":120,"j":120,"l":120,"n":120,"p":120}},{"type":"Feature","geometry":{"type":"Polygon","coordinates":[[[126.83289,37.14959],[126.84947,37.17235],[126.81631,37.17235],[126.83289,37.14959]]]},"properties":{"row":-11,"col":3,"walk_min":247.5,"nearest_station_id":"kr_114","nearest_station_name":"Sangnoksu","nearest_station_name_ko":"상록수","a":120,"c":120,"e":120,"g":120,"i":120,"k":120,"m":120,"o":120,"b":120,"d":120,"f":120,"h":120,"j":120,"l":120,"n":120,"p":120}},{"type":"Feature","geometry":{"type":"Polygon","coordinates":[[[126.83289,37.14959],[126.86604,37.14959],[126.84947,37.17235],[126.83289,37.14959]]]},"properties":{"row":-11,"col":4,"walk_min":247.5,"nearest_station_id":"kr_114","nearest_station_name":"Sangnoksu","nearest_station_name_ko":"상록수","a":120,"c":120,"e":120,"g":120,"i":120,"k":120,"m":120,"o":120,"b":120,"d":120,"f":120,"h":120,"j":120,"l":120,"n":120,"p":120}},{"type":"Feature","geometry":{"type":"Polygon","coordinates":[[[126.86604,37.14959],[126.88262,37.17235],[126.84947,37.17235],[126.86604,37.14959]]]},"properties":{"row":-11,"col":5,"walk_min":247.5,"nearest_station_id":"kr_114","nearest_station_name":"Sangnoksu","nearest_station_name_ko":"상록수","a":120,"c":120,"e":120,"g":120,"i":120,"k":120,"m":120,"o":120,"b":120,"d":120,"f":120,"h":120,"j":120,"l":120,"n":120,"p":120}},{"type":"Feature","geometry":{"type":"Polygon","coordinates":[[[127.23075,37.19512],[127.26391,37.19512],[127.24733,37.21788],[127.23075,37.19512]]]},"properties":{"row":-9,"col":28,"walk_min":256.7,"nearest_station_id":"kr_416","nearest_station_name":"Osan College","nearest_station_name_ko":"오산대","a":120,"c":120,"e":120,"g":120,"i":120,"k":120,"m":120,"o":120,"b":120,"d":120,"f":120,"h":120,"j":120,"l":120,"n":120,"p":120}},{"type":"Feature","geometry":{"type":"Polygon","coordinates":[[[126.63396,37.65041],[126.65053,37.67317],[126.61738,37.67317],[126.63396,37.65041]]]},"properties":{"row":11,"col":-9,"walk_min":259.7,"nearest_station_id":"kr_424","nearest_station_name":"Daehwa","nearest_station_name_ko":"대화","a":120,"c":120,"e":120,"g":120,"i":120,"k":120,"m":120,"o":120,"b":120,"d":120,"f":120,"h":120,"j":120,"l":120,"n":120,"p":120}},{"type":"Feature","geometry":{"type":"Polygon","coordinates":[[[126.58422,37.62765],[126.61738,37.62765],[126.6008,37.65041],[126.58422,37.62765]]]},"properties":{"row":10,"col":-10,"walk_min":250.6,"nearest_station_id":"kr_424","nearest_station_name":"Daehwa","nearest_station_name_ko":"대화","a":120,"c":120,"e":120,"g":120,"i":120,"k":120,"m":120,"o":120,"b":120,"d":120,"f":120,"h":120,"j":120,"l":120,"n":120,"p":120}},{"type":"Feature","geometry":{"type":"Polygon","coordinates":[[[126.56765,37.33171],[126.6008,37.33171],[126.58422,37.35447],[126.56765,37.33171]]]},"properties":{"row":-3,"col":-12,"walk_min":262.2,"nearest_station_id":"kr_428","nearest_station_name":"Oido","nearest_station_name_ko":"오이도","a":120,"c":120,"e":120,"g":120,"i":120,"k":120,"m":120,"o":120,"b":120,"d":120,"f":120,"h":120,"j":120,"l":120,"n":120,"p":120}},{"type":"Feature","geometry":{"type":"Polygon","coordinates":[[[126.6008,37.65041],[126.63396,37.65041],[126.61738,37.67317],[126.6008,37.65041]]]},"properties":{"row":11,"col":-10,"walk_min":256.1,"nearest_station_id":"kr_424","nearest_station_name":"Daehwa","nearest_station_name_ko":"대화","a":120,"c":120,"e":120,"g":120,"i":120,"k":120,"m":120,"o":120,"b":120,"d":120,"f":120,"h":120,"j":120,"l":120,"n":120,"p":120}},{"type":"Feature","geometry":{"type":"Polygon","coordinates":[[[126.73342,37.19512],[126.75,37.21788],[126.71684,37.21788],[126.73342,37.19512]]]},"properties":{"row":-9,"col":-3,"walk_min":278.4,"nearest_station_id":"kr_263","nearest_station_name":"Ansan","nearest_station_name_ko":"안산","a":120,"c":120,"e":120,"g":120,"i":120,"k":120,"m":120,"o":120,"b":120,"d":120,"f":120,"h":120,"j":120,"l":120,"n":120,"p":120}},{"type":"Feature","geometry":{"type":"Polygon","coordinates":[[[126.81631,37.80976],[126.83289,37.83253],[126.79973,37.83253],[126.81631,37.80976]]]},"properties":{"row":18,"col":3,"walk_min":294.5,"nearest_station_id":"kr_424","nearest_station_name":"Daehwa","nearest_station_name_ko":"대화","a":120,"c":120,"e":120,"g":120,"i":120,"k":120,"m":120,"o":120,"b":120,"d":120,"f":120,"h":120,"j":120,"l":120,"n":120,"p":120}},{"type":"Feature","geometry":{"type":"Polygon","coordinates":[[[126.81631,37.80976],[126.84947,37.80976],[126.83289,37.83253],[126.81631,37.80976]]]},"properties":{"row":18,"col":4,"walk_min":276.6,"nearest_station_id":"kr_424","nearest_station_name":"Daehwa","nearest_station_name_ko":"대화","a":120,"c":120,"e":120,"g":120,"i":120,"k":120,"m":120,"o":120,"b":120,"d":120,"f":120,"h":120,"j":120,"l":120,"n":120,"p":120}},{"type":"Feature","geometry":{"type":"Polygon","coordinates":[[[127.1976,37.14959],[127.21417,37.17235],[127.18102,37.17235],[127.1976,37.14959]]]},"properties":{"row":-11,"col":25,"walk_min":273.0,"nearest_station_id":"kr_053","nearest_station_name":"Osan","nearest_station_name_ko":"오산","a":120,"c":120,"e":120,"g":120,"i":120,"k":120,"m":120,"o":120,"b":120,"d":120,"f":120,"h":120,"j":120,"l":120,"n":120,"p":120}},{"type":"Feature","geometry":{"type":"Polygon","coordinates":[[[127.1976,37.14959],[127.23075,37.14959],[127.21417,37.17235],[127.1976,37.14959]]]},"properties":{"row":-11,"col":26,"walk_min":271.7,"nearest_station_id":"kr_053","nearest_station_name":"Osan","nearest_station_name_ko":"오산","a":120,"c":120,"e":120,"g":120,"i":120,"k":120,"m":120,"o":120,"b":120,"d":120,"f":120,"h":120,"j":120,"l":120,"n":120,"p":120}},{"type":"Feature","geometry":{"type":"Polygon","coordinates":[[[126.58422,37.62765],[126.6008,37.65041],[126.56765,37.65041],[126.58422,37.62765]]]},"properties":{"row":10,"col":-11,"walk_min":279.5,"nearest_station_id":"kr_424","nearest_station_name":"Daehwa","nearest_station_name_ko":"대화","a":120,"c":120,"e":120,"g":120,"i":120,"k":120,"m":120,"o":120,"b":120,"d":120,"f":120,"h":120,"j":120,"l":120,"n":120,"p":120}},{"type":"Feature","geometry":{"type":"Polygon","coordinates":[[[126.6008,37.65041],[126.61738,37.67317],[126.58422,37.67317],[126.6008,37.65041]]]},"properties":{"row":11,"col":-11,"walk_min":276.3,"nearest_station_id":"kr_424","nearest_station_name":"Daehwa","nearest_station_name_ko":"대화","a":120,"c":120,"e":120,"g":120,"i":120,"k":120,"m":120,"o":120,"b":120,"d":120,"f":120,"h":120,"j":120,"l":120,"n":120,"p":120}},{"type":"Feature","geometry":{"type":"Polygon","coordinates":[[[126.55107,37.35447],[126.58422,37.35447],[126.56765,37.37724],[126.55107,37.35447]]]},"properties":{"row":-2,"col":-12,"walk_min":260.3,"nearest_station_id":"kr_428","nearest_station_name":"Oido","nearest_station_name_ko":"오이도","a":120,"c":120,"e":120,"g":120,"i":120,"k":120,"m":120,"o":120,"b":120,"d":120,"f":120,"h":120,"j":120,"l":120,"n":120,"p":120}},{"type":"Feature","geometry":{"type":"Polygon","coordinates":[[[126.58422,37.35447],[126.6008,37.37724],[126.56765,37.37724],[126.58422,37.35447]]]},"properties":{"row":-2,"col":-11,"walk_min":260.3,"nearest_station_id":"kr_428","nearest_station_name":"Oido","nearest_station_name_ko":"오이도","a":120,"c":120,"e":120,"g":120,"i":120,"k":120,"m":120,"o":120,"b":120,"d":120,"f":120,"h":120,"j":120,"l":120,"n":120,"p":120}},{"type":"Feature","geometry":{"type":"Polygon","coordinates":[[[126.71684,37.17235],[126.75,37.17235],[126.73342,37.19512],[126.71684,37.17235]]]},"properties":{"row":-10,"col":-2,"walk_min":285.3,"nearest_station_id":"kr_230","nearest_station_name":"Choji","nearest_station_name_ko":"초지","a":120,"c":120,"e":120,"g":120,"i":120,"k":120,"m":120,"o":120,"b":120,"d":120,"f":120,"h":120,"j":120,"l":120,"n":120,"p":120}},{"type":"Feature","geometry":{"type":"Polygon","coordinates":[[[126.84947,37.80976],[126.86604,37.83253],[126.83289,37.83253],[126.84947,37.80976]]]},"properties":{"row":18,"col":5,"walk_min":280.2,"nearest_station_id":"kr_092","nearest_station_name":"Yangju","nearest_station_name_ko":"양주","a":120,"c":120,"e":120,"g":120,"i":120,"k":120,"m":120,"o":120,"b":120,"d":120,"f":120,"h":120,"j":120,"l":120,"n":120,"p":120}},{"type":"Feature","geometry":{"type":"Polygon","coordinates":[[[126.61738,37.67317],[126.65053,37.67317],[126.63396,37.69594],[126.61738,37.67317]]]},"properties":{"row":12,"col":-8,"walk_min":276.1,"nearest_station_id":"kr_424","nearest_station_name":"Daehwa","nearest_station_name_ko":"대화","a":120,"c":120,"e":120,"g":120,"i":120,"k":120,"m":120,"o":120,"b":120,"d":120,"f":120,"h":120,"j":120,"l":120,"n":120,"p":120}},{"type":"Feature","geometry":{"type":"Polygon","coordinates":[[[126.63396,37.69594],[126.66711,37.69594],[126.65053,37.7187],[126.63396,37.69594]]]},"properties":{"row":13,"col":-8,"walk_min":287.7,"nearest_station_id":"kr_424","nearest_station_name":"Daehwa","nearest_station_name_ko":"대화","a":120,"c":120,"e":120,"g":120,"i":120,"k":120,"m":120,"o":120,"b":120,"d":120,"f":120,"h":120,"j":120,"l":120,"n":120,"p":120}},{"type":"Feature","geometry":{"type":"Polygon","coordinates":[[[127.26391,37.83253],[127.28048,37.85529],[127.24733,37.85529],[127.26391,37.83253]]]},"properties":{"row":19,"col":29,"walk_min":262.9,"nearest_station_id":"kr_470","nearest_station_name":"Jinjeop","nearest_station_name_ko":"진접","a":120,"c":120,"e":120,"g":120,"i":120,"k":120,"m":120,"o":120,"b":120,"d":120,"f":120,"h":120,"j":120,"l":120,"n":120,"p":120}},{"type":"Feature","geometry":{"type":"Polygon","coordinates":[[[126.70027,37.19512],[126.73342,37.19512],[126.71684,37.21788],[126.70027,37.19512]]]},"properties":{"row":-9,"col":-4,"walk_min":295.3,"nearest_station_id":"kr_263","nearest_station_name":"Ansan","nearest_station_name_ko":"안산","a":120,"c":120,"e":120,"g":120,"i":120,"k":120,"m":120,"o":120,"b":120,"d":120,"f":120,"h":120,"j":120,"l":120,"n":120,"p":120}},{"type":"Feature","geometry":{"type":"Polygon","coordinates":[[[126.56765,37.65041],[126.6008,37.65041],[126.58422,37.67317],[126.56765,37.65041]]]},"properties":{"row":11,"col":-12,"walk_min":281.5,"nearest_station_id":"kr_424","nearest_station_name":"Daehwa","nearest_station_name_ko":"대화","a":120,"c":120,"e":120,"g":120,"i":120,"k":120,"m":120,"o":120,"b":120,"d":120,"f":120,"h":120,"j":120,"l":120,"n":120,"p":120}},{"type":"Feature","geometry":{"type":"Polygon","coordinates":[[[126.61738,37.67317],[126.63396,37.69594],[126.6008,37.69594],[126.61738,37.67317]]]},"properties":{"row":12,"col":-9,"walk_min":302.3,"nearest_station_id":"kr_424","nearest_station_name":"Daehwa","nearest_station_name_ko":"대화","a":120,"c":120,"e":120,"g":120,"i":120,"k":120,"m":120,"o":120,"b":120,"d":120,"f":120,"h":120,"j":120,"l":120,"n":120,"p":120}},{"type":"Feature","geometry":{"type":"Polygon","coordinates":[[[126.79973,37.83253],[126.83289,37.83253],[126.81631,37.85529],[126.79973,37.83253]]]},"properties":{"row":19,"col":2,"walk_min":302.0,"nearest_station_id":"kr_424","nearest_station_name":"Daehwa","nearest_station_name_ko":"대화","a":120,"c":120,"e":120,"g":120,"i":120,"k":120,"m":120,"o":120,"b":120,"d":120,"f":120,"h":120,"j":120,"l":120,"n":120,"p":120}},{"type":"Feature","geometry":{"type":"Polygon","coordinates":[[[126.58422,37.67317],[126.61738,37.67317],[126.6008,37.69594],[126.58422,37.67317]]]},"properties":{"row":12,"col":-10,"walk_min":293.2,"nearest_station_id":"kr_424","nearest_station_name":"Daehwa","nearest_station_name_ko":"대화","a":120,"c":120,"e":120,"g":120,"i":120,"k":120,"m":120,"o":120,"b":120,"d":120,"f":120,"h":120,"j":120,"l":120,"n":120,"p":120}},{"type":"Feature","geometry":{"type":"Polygon","coordinates":[[[126.71684,37.17235],[126.73342,37.19512],[126.70027,37.19512],[126.71684,37.17235]]]},"properties":{"row":-10,"col":-3,"walk_min":302.9,"nearest_station_id":"kr_230","nearest_station_name":"Choji","nearest_station_name_ko":"초지","a":120,"c":120,"e":120,"g":120,"i":120,"k":120,"m":120,"o":120,"b":120,"d":120,"f":120,"h":120,"j":120,"l":120,"n":120,"p":120}},{"type":"Feature","geometry":{"type":"Polygon","coordinates":[[[126.71684,37.21788],[126.75,37.21788],[126.73342,37.24065],[126.71684,37.21788]]]},"properties":{"row":-8,"col":-2,"walk_min":292.7,"nearest_station_id":"kr_263","nearest_station_name":"Ansan","nearest_station_name_ko":"안산","a":120,"c":120,"e":120,"g":120,"i":120,"k":120,"m":120,"o":120,"b":120,"d":120,"f":120,"h":120,"j":120,"l":120,"n":120,"p":120}},{"type":"Feature","geometry":{"type":"Polygon","coordinates":[[[126.75,37.21788],[126.76658,37.24065],[126.73342,37.24065],[126.75,37.21788]]]},"properties":{"row":-8,"col":-1,"walk_min":311.7,"nearest_station_id":"kr_230","nearest_station_name":"Choji","nearest_station_name_ko":"초지","a":120,"c":120,"e":120,"g":120,"i":120,"k":120,"m":120,"o":120,"b":120,"d":120,"f":120,"h":120,"j":120,"l":120,"n":120,"p":120}},{"type":"Feature","geometry":{"type":"Polygon","coordinates":[[[126.71684,37.21788],[126.73342,37.24065],[126.70027,37.24065],[126.71684,37.21788]]]},"properties":{"row":-8,"col":-3,"walk_min":317.3,"nearest_station_id":"kr_263","nearest_station_name":"Ansan","nearest_station_name_ko":"안산","a":120,"c":120,"e":120,"g":120,"i":120,"k":120,"m":120,"o":120,"b":120,"d":120,"f":120,"h":120,"j":120,"l":120,"n":120,"p":120}},{"type":"Feature","geometry":{"type":"Polygon","coordinates":[[[126.55107,37.67317],[126.58422,37.67317],[126.56765,37.69594],[126.55107,37.67317]]]},"properties":{"row":12,"col":-12,"walk_min":334.8,"nearest_station_id":"kr_424","nearest_station_name":"Daehwa","nearest_station_name_ko":"대화","a":120,"c":120,"e":120,"g":120,"i":120,"k":120,"m":120,"o":120,"b":120,"d":120,"f":120,"h":120,"j":120,"l":120,"n":120,"p":120}},{"type":"Feature","geometry":{"type":"Polygon","coordinates":[[[126.58422,37.67317],[126.6008,37.69594],[126.56765,37.69594],[126.58422,37.67317]]]},"properties":{"row":12,"col":-11,"walk_min":312.9,"nearest_station_id":"kr_424","nearest_station_name":"Daehwa","nearest_station_name_ko":"대화","a":120,"c":120,"e":120,"g":120,"i":120,"k":120,"m":120,"o":120,"b":120,"d":120,"f":120,"h":120,"j":120,"l":120,"n":120,"p":120}},{"type":"Feature","geometry":{"type":"Polygon","coordinates":[[[126.6008,37.69594],[126.63396,37.69594],[126.61738,37.7187],[126.6008,37.69594]]]},"properties":{"row":13,"col":-10,"walk_min":316.6,"nearest_station_id":"kr_424","nearest_station_name":"Daehwa","nearest_station_name_ko":"대화","a":120,"c":120,"e":120,"g":120,"i":120,"k":120,"m":120,"o":120,"b":120,"d":120,"f":120,"h":120,"j":120,"l":120,"n":120,"p":120}},{"type":"Feature","geometry":{"type":"Polygon","coordinates":[[[126.63396,37.69594],[126.65053,37.7187],[126.61738,37.7187],[126.63396,37.69594]]]},"properties":{"row":13,"col":-9,"walk_min":307.9,"nearest_station_id":"kr_424","nearest_station_name":"Daehwa","nearest_station_name_ko":"대화","a":120,"c":120,"e":120,"g":120,"i":120,"k":120,"m":120,"o":120,"b":120,"d":120,"f":120,"h":120,"j":120,"l":120,"n":120,"p":120}},{"type":"Feature","geometry":{"type":"Polygon","coordinates":[[[126.70027,37.14959],[126.73342,37.14959],[126.71684,37.17235],[126.70027,37.14959]]]},"properties":{"row":-11,"col":-4,"walk_min":324.5,"nearest_station_id":"kr_230","nearest_station_name":"Choji","nearest_station_name_ko":"초지","a":120,"c":120,"e":120,"g":120,"i":120,"k":120,"m":120,"o":120,"b":120,"d":120,"f":120,"h":120,"j":120,"l":120,"n":120,"p":120}},{"type":"Feature","geometry":{"type":"Polygon","coordinates":[[[126.73342,37.14959],[126.75,37.17235],[126.71684,37.17235],[126.73342,37.14959]]]},"properties":{"row":-11,"col":-3,"walk_min":306.9,"nearest_station_id":"kr_230","nearest_station_name":"Choji","nearest_station_name_ko":"초지","a":120,"c":120,"e":120,"g":120,"i":120,"k":120,"m":120,"o":120,"b":120,"d":120,"f":120,"h":120,"j":120,"l":120,"n":120,"p":120}},{"type":"Feature","geometry":{"type":"Polygon","coordinates":[[[126.68369,37.17235],[126.71684,37.17235],[126.70027,37.19512],[126.68369,37.17235]]]},"properties":{"row":-10,"col":-4,"walk_min":324.3,"nearest_station_id":"kr_230","nearest_station_name":"Choji","nearest_station_name_ko":"초지","a":120,"c":120,"e":120,"g":120,"i":120,"k":120,"m":120,"o":120,"b":120,"d":120,"f":120,"h":120,"j":120,"l":120,"n":120,"p":120}},{"type":"Feature","geometry":{"type":"Polygon","coordinates":[[[126.56765,37.69594],[126.6008,37.69594],[126.58422,37.7187],[126.56765,37.69594]]]},"properties":{"row":13,"col":-12,"walk_min":332.3,"nearest_station_id":"kr_424","nearest_station_name":"Daehwa","nearest_station_name_ko":"대화","a":120,"c":120,"e":120,"g":120,"i":120,"k":120,"m":120,"o":120,"b":120,"d":120,"f":120,"h":120,"j":120,"l":120,"n":120,"p":120}},{"type":"Feature","geometry":{"type":"Polygon","coordinates":[[[126.55107,37.62765],[126.58422,37.62765],[126.56765,37.65041],[126.55107,37.62765]]]},"properties":{"row":10,"col":-12,"walk_min":297.7,"nearest_station_id":"kr_424","nearest_station_name":"Daehwa","nearest_station_name_ko":"대화","a":120,"c":120,"e":120,"g":120,"i":120,"k":120,"m":120,"o":120,"b":120,"d":120,"f":120,"h":120,"j":120,"l":120,"n":120,"p":120}},{"type":"Feature","geometry":{"type":"Polygon","coordinates":[[[126.70027,37.19512],[126.71684,37.21788],[126.68369,37.21788],[126.70027,37.19512]]]},"properties":{"row":-9,"col":-5,"walk_min":321.0,"nearest_station_id":"kr_263","nearest_station_name":"Ansan","nearest_station_name_ko":"안산","a":120,"c":120,"e":120,"g":120,"i":120,"k":120,"m":120,"o":120,"b":120,"d":120,"f":120,"h":120,"j":120,"l":120,"n":120,"p":120}},{"type":"Feature","geometry":{"type":"Polygon","coordinates":[[[126.68369,37.21788],[126.71684,37.21788],[126.70027,37.24065],[126.68369,37.21788]]]},"properties":{"row":-8,"col":-4,"walk_min":322.9,"nearest_station_id":"kr_427","nearest_station_name":"Singiloncheon","nearest_station_name_ko":"신길온천","a":120,"c":120,"e":120,"g":120,"i":120,"k":120,"m":120,"o":120,"b":120,"d":120,"f":120,"h":120,"j":120,"l":120,"n":120,"p":120}},{"type":"Feature","geometry":{"type":"Polygon","coordinates":[[[126.73342,37.24065],[126.76658,37.24065],[126.75,37.26341],[126.73342,37.24065]]]},"properties":{"row":-7,"col":-2,"walk_min":331.4,"nearest_station_id":"kr_263","nearest_station_name":"Ansan","nearest_station_name_ko":"안산","a":120,"c":120,"e":120,"g":120,"i":120,"k":120,"m":120,"o":120,"b":120,"d":120,"f":120,"h":120,"j":120,"l":120,"n":120,"p":120}},{"type":"Feature","geometry":{"type":"Polygon","coordinates":[[[126.70027,37.24065],[126.73342,37.24065],[126.71684,37.26341],[126.70027,37.24065]]]},"properties":{"row":-7,"col":-4,"walk_min":337.9,"nearest_station_id":"kr_263","nearest_station_name":"Ansan","nearest_station_name_ko":"안산","a":120,"c":120,"e":120,"g":120,"i":120,"k":120,"m":120,"o":120,"b":120,"d":120,"f":120,"h":120,"j":120,"l":120,"n":120,"p":120}},{"type":"Feature","geometry":{"type":"Polygon","coordinates":[[[126.73342,37.24065],[126.75,37.26341],[126.71684,37.26341],[126.73342,37.24065]]]},"properties":{"row":-7,"col":-3,"walk_min":339.7,"nearest_station_id":"kr_263","nearest_station_name":"Ansan","nearest_station_name_ko":"안산","a":120,"c":120,"e":120,"g":120,"i":120,"k":120,"m":120,"o":120,"b":120,"d":120,"f":120,"h":120,"j":120,"l":120,"n":120,"p":120}},{"type":"Feature","geometry":{"type":"Polygon","coordinates":[[[126.65053,37.7187],[126.68369,37.7187],[126.66711,37.74147],[126.65053,37.7187]]]},"properties":{"row":14,"col":-6,"walk_min":321.8,"nearest_station_id":"kr_424","nearest_station_name":"Daehwa","nearest_station_name_ko":"대화","a":120,"c":120,"e":120,"g":120,"i":120,"k":120,"m":120,"o":120,"b":120,"d":120,"f":120,"h":120,"j":120,"l":120,"n":120,"p":120}},{"type":"Feature","geometry":{"type":"Polygon","coordinates":[[[126.65053,37.7187],[126.66711,37.74147],[126.63396,37.74147],[126.65053,37.7187]]]},"properties":{"row":14,"col":-7,"walk_min":335.1,"nearest_station_id":"kr_424","nearest_station_name":"Daehwa","nearest_station_name_ko":"대화","a":120,"c":120,"e":120,"g":120,"i":120,"k":120,"m":120,"o":120,"b":120,"d":120,"f":120,"h":120,"j":120,"l":120,"n":120,"p":120}},{"type":"Feature","geometry":{"type":"Polygon","coordinates":[[[126.76658,37.24065],[126.78316,37.26341],[126.75,37.26341],[126.76658,37.24065]]]},"properties":{"row":-7,"col":-1,"walk_min":345.5,"nearest_station_id":"kr_263","nearest_station_name":"Ansan","nearest_station_name_ko":"안산","a":120,"c":120,"e":120,"g":120,"i":120,"k":120,"m":120,"o":120,"b":120,"d":120,"f":120,"h":120,"j":120,"l":120,"n":120,"p":120}},{"type":"Feature","geometry":{"type":"Polygon","coordinates":[[[126.61738,37.7187],[126.65053,37.7187],[126.63396,37.74147],[126.61738,37.7187]]]},"properties":{"row":14,"col":-8,"walk_min":333.4,"nearest_station_id":"kr_424","nearest_station_name":"Daehwa","nearest_station_name_ko":"대화","a":120,"c":120,"e":120,"g":120,"i":120,"k":120,"m":120,"o":120,"b":120,"d":120,"f":120,"h":120,"j":120,"l":120,"n":120,"p":120}},{"type":"Feature","geometry":{"type":"Polygon","coordinates":[[[126.68369,37.21788],[126.70027,37.24065],[126.66711,37.24065],[126.68369,37.21788]]]},"properties":{"row":-8,"col":-5,"walk_min":347.9,"nearest_station_id":"kr_427","nearest_station_name":"Singiloncheon","nearest_station_name_ko":"신길온천","a":120,"c":120,"e":120,"g":120,"i":120,"k":120,"m":120,"o":120,"b":120,"d":120,"f":120,"h":120,"j":120,"l":120,"n":120,"p":120}},{"type":"Feature","geometry":{"type":"Polygon","coordinates":[[[126.70027,37.24065],[126.71684,37.26341],[126.68369,37.26341],[126.70027,37.24065]]]},"properties":{"row":-7,"col":-5,"walk_min":349.9,"nearest_station_id":"kr_427","nearest_station_name":"Singiloncheon","nearest_station_name_ko":"신길온천","a":120,"c":120,"e":120,"g":120,"i":120,"k":120,"m":120,"o":120,"b":120,"d":120,"f":120,"h":120,"j":120,"l":120,"n":120,"p":120}},{"type":"Feature","geometry":{"type":"Polygon","coordinates":[[[126.66711,37.19512],[126.70027,37.19512],[126.68369,37.21788],[126.66711,37.19512]]]},"properties":{"row":-9,"col":-6,"walk_min":350.4,"nearest_station_id":"kr_427","nearest_station_name":"Singiloncheon","nearest_station_name_ko":"신길온천","a":120,"c":120,"e":120,"g":120,"i":120,"k":120,"m":120,"o":120,"b":120,"d":120,"f":120,"h":120,"j":120,"l":120,"n":120,"p":120}},{"type":"Feature","geometry":{"type":"Polygon","coordinates":[[[126.71684,37.12683],[126.73342,37.14959],[126.70027,37.14959],[126.71684,37.12683]]]},"properties":{"row":-12,"col":-3,"walk_min":333.4,"nearest_station_id":"kr_230","nearest_station_name":"Choji","nearest_station_name_ko":"초지","a":120,"c":120,"e":120,"g":120,"i":120,"k":120,"m":120,"o":120,"b":120,"d":120,"f":120,"h":120,"j":120,"l":120,"n":120,"p":120}},{"type":"Feature","geometry":{"type":"Polygon","coordinates":[[[126.70027,37.14959],[126.71684,37.17235],[126.68369,37.17235],[126.70027,37.14959]]]},"properties":{"row":-11,"col":-5,"walk_min":333.4,"nearest_station_id":"kr_230","nearest_station_name":"Choji","nearest_station_name_ko":"초지","a":120,"c":120,"e":120,"g":120,"i":120,"k":120,"m":120,"o":120,"b":120,"d":120,"f":120,"h":120,"j":120,"l":120,"n":120,"p":120}},{"type":"Feature","geometry":{"type":"Polygon","coordinates":[[[126.6008,37.69594],[126.61738,37.7187],[126.58422,37.7187],[126.6008,37.69594]]]},"properties":{"row":13,"col":-11,"walk_min":335.0,"nearest_station_id":"kr_424","nearest_station_name":"Daehwa","nearest_station_name_ko":"대화","a":120,"c":120,"e":120,"g":120,"i":120,"k":120,"m":120,"o":120,"b":120,"d":120,"f":120,"h":120,"j":120,"l":120,"n":120,"p":120}},{"type":"Feature","geometry":{"type":"Polygon","coordinates":[[[126.68369,37.17235],[126.70027,37.19512],[126.66711,37.19512],[126.68369,37.17235]]]},"properties":{"row":-10,"col":-5,"walk_min":370.4,"nearest_station_id":"kr_263","nearest_station_name":"Ansan","nearest_station_name_ko":"안산","a":120,"c":120,"e":120,"g":120,"i":120,"k":120,"m":120,"o":120,"b":120,"d":120,"f":120,"h":120,"j":120,"l":120,"n":120,"p":120}},{"type":"Feature","geometry":{"type":"Polygon","coordinates":[[[127.24733,37.17235],[127.28048,37.17235],[127.26391,37.19512],[127.24733,37.17235]]]},"properties":{"row":-10,"col":30,"walk_min":346.6,"nearest_station_id":"kr_053","nearest_station_name":"Osan","nearest_station_name_ko":"오산","a":120,"c":120,"e":120,"g":120,"i":120,"k":120,"m":120,"o":120,"b":120,"d":120,"f":120,"h":120,"j":120,"l":120,"n":120,"p":120}},{"type":"Feature","geometry":{"type":"Polygon","coordinates":[[[126.61738,37.7187],[126.63396,37.74147],[126.6008,37.74147],[126.61738,37.7187]]]},"properties":{"row":14,"col":-9,"walk_min":354.5,"nearest_station_id":"kr_424","nearest_station_name":"Daehwa","nearest_station_name_ko":"대화","a":120,"c":120,"e":120,"g":120,"i":120,"k":120,"m":120,"o":120,"b":120,"d":120,"f":120,"h":120,"j":120,"l":120,"n":120,"p":120}},{"type":"Feature","geometry":{"type":"Polygon","coordinates":[[[126.66711,37.24065],[126.70027,37.24065],[126.68369,37.26341],[126.66711,37.24065]]]},"properties":{"row":-7,"col":-6,"walk_min":359.6,"nearest_station_id":"kr_427","nearest_station_name":"Singiloncheon","nearest_station_name_ko":"신길온천","a":120,"c":120,"e":120,"g":120,"i":120,"k":120,"m":120,"o":120,"b":120,"d":120,"f":120,"h":120,"j":120,"l":120,"n":120,"p":120}},{"type":"Feature","geometry":{"type":"Polygon","coordinates":[[[126.71684,37.26341],[126.75,37.26341],[126.73342,37.28618],[126.71684,37.26341]]]},"properties":{"row":-6,"col":-2,"walk_min":382.2,"nearest_station_id":"kr_427","nearest_station_name":"Singiloncheon","nearest_station_name_ko":"신길온천","a":120,"c":120,"e":120,"g":120,"i":120,"k":120,"m":120,"o":120,"b":120,"d":120,"f":120,"h":120,"j":120,"l":120,"n":120,"p":120}},{"type":"Feature","geometry":{"type":"Polygon","coordinates":[[[126.75,37.26341],[126.78316,37.26341],[126.76658,37.28618],[126.75,37.26341]]]},"properties":{"row":-6,"col":0,"walk_min":347.1,"nearest_station_id":"kr_263","nearest_station_name":"Ansan","nearest_station_name_ko":"안산","a":120,"c":120,"e":120,"g":120,"i":120,"k":120,"m":120,"o":120,"b":120,"d":120,"f":120,"h":120,"j":120,"l":120,"n":120,"p":120}},{"type":"Feature","geometry":{"type":"Polygon","coordinates":[[[126.66711,37.74147],[126.68369,37.76423],[126.65053,37.76423],[126.66711,37.74147]]]},"properties":{"row":15,"col":-7,"walk_min":355.5,"nearest_station_id":"kr_424","nearest_station_name":"Daehwa","nearest_station_name_ko":"대화","a":120,"c":120,"e":120,"g":120,"i":120,"k":120,"m":120,"o":120,"b":120,"d":120,"f":120,"h":120,"j":120,"l":120,"n":120,"p":120}},{"type":"Feature","geometry":{"type":"Polygon","coordinates":[[[126.63396,37.74147],[126.66711,37.74147],[126.65053,37.76423],[126.63396,37.74147]]]},"properties":{"row":15,"col":-8,"walk_min":356.1,"nearest_station_id":"kr_424","nearest_station_name":"Daehwa","nearest_station_name_ko":"대화","a":120,"c":120,"e":120,"g":120,"i":120,"k":120,"m":120,"o":120,"b":120,"d":120,"f":120,"h":120,"j":120,"l":120,"n":120,"p":120}},{"type":"Feature","geometry":{"type":"Polygon","coordinates":[[[126.68369,37.26341],[126.71684,37.26341],[126.70027,37.28618],[126.68369,37.26341]]]},"properties":{"row":-6,"col":-4,"walk_min":353.9,"nearest_station_id":"kr_427","nearest_station_name":"Singiloncheon","nearest_station_name_ko":"신길온천","a":120,"c":120,"e":120,"g":120,"i":120,"k":120,"m":120,"o":120,"b":120,"d":120,"f":120,"h":120,"j":120,"l":120,"n":120,"p":120}},{"type":"Feature","geometry":{"type":"Polygon","coordinates":[[[126.63396,37.74147],[126.65053,37.76423],[126.61738,37.76423],[126.63396,37.74147]]]},"properties":{"row":15,"col":-9,"walk_min":377.3,"nearest_station_id":"kr_424","nearest_station_name":"Daehwa","nearest_station_name_ko":"대화","a":120,"c":120,"e":120,"g":120,"i":120,"k":120,"m":120,"o":120,"b":120,"d":120,"f":120,"h":120,"j":120,"l":120,"n":120,"p":120}},{"type":"Feature","geometry":{"type":"Polygon","coordinates":[[[126.55107,37.67317],[126.56765,37.69594],[126.53449,37.69594],[126.55107,37.67317]]]},"properties":{"row":12,"col":-13,"walk_min":344.9,"nearest_station_id":"kr_424","nearest_station_name":"Daehwa","nearest_station_name_ko":"대화","a":120,"c":120,"e":120,"g":120,"i":120,"k":120,"m":120,"o":120,"b":120,"d":120,"f":120,"h":120,"j":120,"l":120,"n":120,"p":120}},{"type":"Feature","geometry":{"type":"Polygon","coordinates":[[[126.66711,37.19512],[126.68369,37.21788],[126.65053,37.21788],[126.66711,37.19512]]]},"properties":{"row":-9,"col":-7,"walk_min":380.2,"nearest_station_id":"kr_427","nearest_station_name":"Singiloncheon","nearest_station_name_ko":"신길온천","a":120,"c":120,"e":120,"g":120,"i":120,"k":120,"m":120,"o":120,"b":120,"d":120,"f":120,"h":120,"j":120,"l":120,"n":120,"p":120}},{"type":"Feature","geometry":{"type":"Polygon","coordinates":[[[126.65053,37.21788],[126.68369,37.21788],[126.66711,37.24065],[126.65053,37.21788]]]},"properties":{"row":-8,"col":-6,"walk_min":374.7,"nearest_station_id":"kr_427","nearest_station_name":"Singiloncheon","nearest_station_name_ko":"신길온천","a":120,"c":120,"e":120,"g":120,"i":120,"k":120,"m":120,"o":120,"b":120,"d":120,"f":120,"h":120,"j":120,"l":120,"n":120,"p":120}},{"type":"Feature","geometry":{"type":"Polygon","coordinates":[[[126.58422,37.7187],[126.61738,37.7187],[126.6008,37.74147],[126.58422,37.7187]]]},"properties":{"row":14,"col":-10,"walk_min":358.5,"nearest_station_id":"kr_424","nearest_station_name":"Daehwa","nearest_station_name_ko":"대화","a":120,"c":120,"e":120,"g":120,"i":120,"k":120,"m":120,"o":120,"b":120,"d":120,"f":120,"h":120,"j":120,"l":120,"n":120,"p":120}},{"type":"Feature","geometry":{"type":"Polygon","coordinates":[[[126.66711,37.24065],[126.68369,37.26341],[126.65053,37.26341],[126.66711,37.24065]]]},"properties":{"row":-7,"col":-7,"walk_min":377.1,"nearest_station_id":"kr_427","nearest_station_name":"Singiloncheon","nearest_station_name_ko":"신길온천","a":120,"c":120,"e":120,"g":120,"i":120,"k":120,"m":120,"o":120,"b":120,"d":120,"f":120,"h":120,"j":120,"l":120,"n":120,"p":120}},{"type":"Feature","geometry":{"type":"Polygon","coordinates":[[[126.6008,37.74147],[126.63396,37.74147],[126.61738,37.76423],[126.6008,37.74147]]]},"properties":{"row":15,"col":-10,"walk_min":370.8,"nearest_station_id":"kr_424","nearest_station_name":"Daehwa","nearest_station_name_ko":"대화","a":120,"c":120,"e":120,"g":120,"i":120,"k":120,"m":120,"o":120,"b":120,"d":120,"f":120,"h":120,"j":120,"l":120,"n":120,"p":120}},{"type":"Feature","geometry":{"type":"Polygon","coordinates":[[[126.55107,37.7187],[126.58422,37.7187],[126.56765,37.74147],[126.55107,37.7187]]]},"properties":{"row":14,"col":-12,"walk_min":399.6,"nearest_station_id":"kr_424","nearest_station_name":"Daehwa","nearest_station_name_ko":"대화","a":120,"c":120,"e":120,"g":120,"i":120,"k":120,"m":120,"o":120,"b":120,"d":120,"f":120,"h":120,"j":120,"l":120,"n":120,"p":120}},{"type":"Feature","geometry":{"type":"Polygon","coordinates":[[[126.58422,37.7187],[126.6008,37.74147],[126.56765,37.74147],[126.58422,37.7187]]]},"properties":{"row":14,"col":-11,"walk_min":390.2,"nearest_station_id":"kr_424","nearest_station_name":"Daehwa","nearest_station_name_ko":"대화","a":120,"c":120,"e":120,"g":120,"i":120,"k":120,"m":120,"o":120,"b":120,"d":120,"f":120,"h":120,"j":120,"l":120,"n":120,"p":120}},{"type":"Feature","geometry":{"type":"Polygon","coordinates":[[[127.28048,37.17235],[127.31364,37.17235],[127.29706,37.19512],[127.28048,37.17235]]]},"properties":{"row":-10,"col":32,"walk_min":389.3,"nearest_station_id":"kr_267","nearest_station_name":"이천","nearest_station_name_ko":"이천","a":120,"c":120,"e":120,"g":120,"i":120,"k":120,"m":120,"o":120,"b":120,"d":120,"f":120,"h":120,"j":120,"l":120,"n":120,"p":120}},{"type":"Feature","geometry":{"type":"Polygon","coordinates":[[[127.28048,37.17235],[127.29706,37.19512],[127.26391,37.19512],[127.28048,37.17235]]]},"properties":{"row":-10,"col":31,"walk_min":376.8,"nearest_station_id":"kr_267","nearest_station_name":"이천","nearest_station_name_ko":"이천","a":120,"c":120,"e":120,"g":120,"i":120,"k":120,"m":120,"o":120,"b":120,"d":120,"f":120,"h":120,"j":120,"l":120,"n":120,"p":120}},{"type":"Feature","geometry":{"type":"Polygon","coordinates":[[[126.75,37.26341],[126.76658,37.28618],[126.73342,37.28618],[126.75,37.26341]]]},"properties":{"row":-6,"col":-1,"walk_min":371.4,"nearest_station_id":"kr_263","nearest_station_name":"Ansan","nearest_station_name_ko":"안산","a":120,"c":120,"e":120,"g":120,"i":120,"k":120,"m":120,"o":120,"b":120,"d":120,"f":120,"h":120,"j":120,"l":120,"n":120,"p":120}},{"type":"Feature","geometry":{"type":"Polygon","coordinates":[[[126.65053,37.26341],[126.68369,37.26341],[126.66711,37.28618],[126.65053,37.26341]]]},"properties":{"row":-6,"col":-6,"walk_min":399.4,"nearest_station_id":"kr_351","nearest_station_name":"Jeongwang","nearest_station_name_ko":"정왕","a":120,"c":120,"e":120,"g":120,"i":120,"k":120,"m":120,"o":120,"b":120,"d":120,"f":120,"h":120,"j":120,"l":120,"n":120,"p":120}},{"type":"Feature","geometry":{"type":"Polygon","coordinates":[[[126.65053,37.21788],[126.66711,37.24065],[126.63396,37.24065],[126.65053,37.21788]]]},"properties":{"row":-8,"col":-7,"walk_min":410.2,"nearest_station_id":"kr_351","nearest_station_name":"Jeongwang","nearest_station_name_ko":"정왕","a":120,"c":120,"e":120,"g":120,"i":120,"k":120,"m":120,"o":120,"b":120,"d":120,"f":120,"h":120,"j":120,"l":120,"n":120,"p":120}},{"type":"Feature","geometry":{"type":"Polygon","coordinates":[[[126.63396,37.24065],[126.66711,37.24065],[126.65053,37.26341],[126.63396,37.24065]]]},"properties":{"row":-7,"col":-8,"walk_min":409.8,"nearest_station_id":"kr_351","nearest_station_name":"Jeongwang","nearest_station_name_ko":"정왕","a":120,"c":120,"e":120,"g":120,"i":120,"k":120,"m":120,"o":120,"b":120,"d":120,"f":120,"h":120,"j":120,"l":120,"n":120,"p":120}},{"type":"Feature","geometry":{"type":"Polygon","coordinates":[[[126.61738,37.76423],[126.65053,37.76423],[126.63396,37.787],[126.61738,37.76423]]]},"properties":{"row":16,"col":-8,"walk_min":397.1,"nearest_station_id":"kr_424","nearest_station_name":"Daehwa","nearest_station_name_ko":"대화","a":120,"c":120,"e":120,"g":120,"i":120,"k":120,"m":120,"o":120,"b":120,"d":120,"f":120,"h":120,"j":120,"l":120,"n":120,"p":120}},{"type":"Feature","geometry":{"type":"Polygon","coordinates":[[[126.6008,37.74147],[126.61738,37.76423],[126.58422,37.76423],[126.6008,37.74147]]]},"properties":{"row":15,"col":-11,"walk_min":400.9,"nearest_station_id":"kr_424","nearest_station_name":"Daehwa","nearest_station_name_ko":"대화","a":120,"c":120,"e":120,"g":120,"i":120,"k":120,"m":120,"o":120,"b":120,"d":120,"f":120,"h":120,"j":120,"l":120,"n":120,"p":120}},{"type":"Feature","geometry":{"type":"Polygon","coordinates":[[[126.61738,37.76423],[126.63396,37.787],[126.6008,37.787],[126.61738,37.76423]]]},"properties":{"row":16,"col":-9,"walk_min":394.9,"nearest_station_id":"kr_424","nearest_station_name":"Daehwa","nearest_station_name_ko":"대화","a":120,"c":120,"e":120,"g":120,"i":120,"k":120,"m":120,"o":120,"b":120,"d":120,"f":120,"h":120,"j":120,"l":120,"n":120,"p":120}},{"type":"Feature","geometry":{"type":"Polygon","coordinates":[[[126.68369,37.26341],[126.70027,37.28618],[126.66711,37.28618],[126.68369,37.26341]]]},"properties":{"row":-6,"col":-5,"walk_min":398.1,"nearest_station_id":"kr_351","nearest_station_name":"Jeongwang","nearest_station_name_ko":"정왕","a":120,"c":120,"e":120,"g":120,"i":120,"k":120,"m":120,"o":120,"b":120,"d":120,"f":120,"h":120,"j":120,"l":120,"n":120,"p":120}},{"type":"Feature","geometry":{"type":"Polygon","coordinates":[[[126.56765,37.69594],[126.58422,37.7187],[126.55107,37.7187],[126.56765,37.69594]]]},"properties":{"row":13,"col":-13,"walk_min":383.1,"nearest_station_id":"kr_424","nearest_station_name":"Daehwa","nearest_station_name_ko":"대화","a":120,"c":120,"e":120,"g":120,"i":120,"k":120,"m":120,"o":120,"b":120,"d":120,"f":120,"h":120,"j":120,"l":120,"n":120,"p":120}},{"type":"Feature","geometry":{"type":"Polygon","coordinates":[[[126.65053,37.26341],[126.66711,37.28618],[126.63396,37.28618],[126.65053,37.26341]]]},"properties":{"row":-6,"col":-7,"walk_min":439.7,"nearest_station_id":"kr_351","nearest_station_name":"Jeongwang","nearest_station_name_ko":"정왕","a":120,"c":120,"e":120,"g":120,"i":120,"k":120,"m":120,"o":120,"b":120,"d":120,"f":120,"h":120,"j":120,"l":120,"n":120,"p":120}},{"type":"Feature","geometry":{"type":"Polygon","coordinates":[[[126.63396,37.19512],[126.66711,37.19512],[126.65053,37.21788],[126.63396,37.19512]]]},"properties":{"row":-9,"col":-8,"walk_min":418.4,"nearest_station_id":"kr_427","nearest_station_name":"Singiloncheon","nearest_station_name_ko":"신길온천","a":120,"c":120,"e":120,"g":120,"i":120,"k":120,"m":120,"o":120,"b":120,"d":120,"f":120,"h":120,"j":120,"l":120,"n":120,"p":120}},{"type":"Feature","geometry":{"type":"Polygon","coordinates":[[[126.56765,37.74147],[126.6008,37.74147],[126.58422,37.76423],[126.56765,37.74147]]]},"properties":{"row":15,"col":-12,"walk_min":399.1,"nearest_station_id":"kr_424","nearest_station_name":"Daehwa","nearest_station_name_ko":"대화","a":120,"c":120,"e":120,"g":120,"i":120,"k":120,"m":120,"o":120,"b":120,"d":120,"f":120,"h":120,"j":120,"l":120,"n":120,"p":120}},{"type":"Feature","geometry":{"type":"Polygon","coordinates":[[[127.31364,37.17235],[127.33022,37.19512],[127.29706,37.19512],[127.31364,37.17235]]]},"properties":{"row":-10,"col":33,"walk_min":395.2,"nearest_station_id":"kr_267","nearest_station_name":"이천","nearest_station_name_ko":"이천","a":120,"c":120,"e":120,"g":120,"i":120,"k":120,"m":120,"o":120,"b":120,"d":120,"f":120,"h":120,"j":120,"l":120,"n":120,"p":120}},{"type":"Feature","geometry":{"type":"Polygon","coordinates":[[[126.65053,37.76423],[126.66711,37.787],[126.63396,37.787],[126.65053,37.76423]]]},"properties":{"row":16,"col":-7,"walk_min":390.6,"nearest_station_id":"kr_424","nearest_station_name":"Daehwa","nearest_station_name_ko":"대화","a":120,"c":120,"e":120,"g":120,"i":120,"k":120,"m":120,"o":120,"b":120,"d":120,"f":120,"h":120,"j":120,"l":120,"n":120,"p":120}},{"type":"Feature","geometry":{"type":"Polygon","coordinates":[[[126.71684,37.26341],[126.73342,37.28618],[126.70027,37.28618],[126.71684,37.26341]]]},"properties":{"row":-6,"col":-3,"walk_min":397.1,"nearest_station_id":"kr_427","nearest_station_name":"Singiloncheon","nearest_station_name_ko":"신길온천","a":120,"c":120,"e":120,"g":120,"i":120,"k":120,"m":120,"o":120,"b":120,"d":120,"f":120,"h":120,"j":120,"l":120,"n":120,"p":120}},{"type":"Feature","geometry":{"type":"Polygon","coordinates":[[[126.61738,37.21788],[126.65053,37.21788],[126.63396,37.24065],[126.61738,37.21788]]]},"properties":{"row":-8,"col":-8,"walk_min":464.5,"nearest_station_id":"kr_351","nearest_station_name":"Jeongwang","nearest_station_name_ko":"정왕","a":120,"c":120,"e":120,"g":120,"i":120,"k":120,"m":120,"o":120,"b":120,"d":120,"f":120,"h":120,"j":120,"l":120,"n":120,"p":120}},{"type":"Feature","geometry":{"type":"Polygon","coordinates":[[[126.63396,37.24065],[126.65053,37.26341],[126.61738,37.26341],[126.63396,37.24065]]]},"properties":{"row":-7,"col":-9,"walk_min":446.1,"nearest_station_id":"kr_351","nearest_station_name":"Jeongwang","nearest_station_name_ko":"정왕","a":120,"c":120,"e":120,"g":120,"i":120,"k":120,"m":120,"o":120,"b":120,"d":120,"f":120,"h":120,"j":120,"l":120,"n":120,"p":120}},{"type":"Feature","geometry":{"type":"Polygon","coordinates":[[[126.65053,37.17235],[126.68369,37.17235],[126.66711,37.19512],[126.65053,37.17235]]]},"properties":{"row":-10,"col":-6,"walk_min":410.4,"nearest_station_id":"kr_263","nearest_station_name":"Ansan","nearest_station_name_ko":"안산","a":120,"c":120,"e":120,"g":120,"i":120,"k":120,"m":120,"o":120,"b":120,"d":120,"f":120,"h":120,"j":120,"l":120,"n":120,"p":120}},{"type":"Feature","geometry":{"type":"Polygon","coordinates":[[[126.61738,37.26341],[126.65053,37.26341],[126.63396,37.28618],[126.61738,37.26341]]]},"properties":{"row":-6,"col":-8,"walk_min":464.3,"nearest_station_id":"kr_351","nearest_station_name":"Jeongwang","nearest_station_name_ko":"정왕","a":120,"c":120,"e":120,"g":120,"i":120,"k":120,"m":120,"o":120,"b":120,"d":120,"f":120,"h":120,"j":120,"l":120,"n":120,"p":120}},{"type":"Feature","geometry":{"type":"Polygon","coordinates":[[[126.65053,37.17235],[126.66711,37.19512],[126.63396,37.19512],[126.65053,37.17235]]]},"properties":{"row":-10,"col":-7,"walk_min":420.3,"nearest_station_id":"kr_427","nearest_station_name":"Singiloncheon","nearest_station_name_ko":"신길온천","a":120,"c":120,"e":120,"g":120,"i":120,"k":120,"m":120,"o":120,"b":120,"d":120,"f":120,"h":120,"j":120,"l":120,"n":120,"p":120}},{"type":"Feature","geometry":{"type":"Polygon","coordinates":[[[126.55107,37.7187],[126.56765,37.74147],[126.53449,37.74147],[126.55107,37.7187]]]},"properties":{"row":14,"col":-13,"walk_min":423.3,"nearest_station_id":"kr_424","nearest_station_name":"Daehwa","nearest_station_name_ko":"대화","a":120,"c":120,"e":120,"g":120,"i":120,"k":120,"m":120,"o":120,"b":120,"d":120,"f":120,"h":120,"j":120,"l":120,"n":120,"p":120}},{"type":"Feature","geometry":{"type":"Polygon","coordinates":[[[126.63396,37.28618],[126.66711,37.28618],[126.65053,37.30894],[126.63396,37.28618]]]},"properties":{"row":-5,"col":-8,"walk_min":445.0,"nearest_station_id":"kr_351","nearest_station_name":"Jeongwang","nearest_station_name_ko":"정왕","a":120,"c":120,"e":120,"g":120,"i":120,"k":120,"m":120,"o":120,"b":120,"d":120,"f":120,"h":120,"j":120,"l":120,"n":120,"p":120}},{"type":"Feature","geometry":{"type":"Polygon","coordinates":[[[126.66711,37.28618],[126.68369,37.30894],[126.65053,37.30894],[126.66711,37.28618]]]},"properties":{"row":-5,"col":-7,"walk_min":436.8,"nearest_station_id":"kr_351","nearest_station_name":"Jeongwang","nearest_station_name_ko":"정왕","a":120,"c":120,"e":120,"g":120,"i":120,"k":120,"m":120,"o":120,"b":120,"d":120,"f":120,"h":120,"j":120,"l":120,"n":120,"p":120}},{"type":"Feature","geometry":{"type":"Polygon","coordinates":[[[126.61738,37.17235],[126.65053,37.17235],[126.63396,37.19512],[126.61738,37.17235]]]},"properties":{"row":-10,"col":-8,"walk_min":436.6,"nearest_station_id":"kr_427","nearest_station_name":"Singiloncheon","nearest_station_name_ko":"신길온천","a":120,"c":120,"e":120,"g":120,"i":120,"k":120,"m":120,"o":120,"b":120,"d":120,"f":120,"h":120,"j":120,"l":120,"n":120,"p":120}},{"type":"Feature","geometry":{"type":"Polygon","coordinates":[[[126.63396,37.19512],[126.65053,37.21788],[126.61738,37.21788],[126.63396,37.19512]]]},"properties":{"row":-9,"col":-9,"walk_min":458.5,"nearest_station_id":"kr_351","nearest_station_name":"Jeongwang","nearest_station_name_ko":"정왕","a":120,"c":120,"e":120,"g":120,"i":120,"k":120,"m":120,"o":120,"b":120,"d":120,"f":120,"h":120,"j":120,"l":120,"n":120,"p":120}},{"type":"Feature","geometry":{"type":"Polygon","coordinates":[[[126.61738,37.17235],[126.63396,37.19512],[126.6008,37.19512],[126.61738,37.17235]]]},"properties":{"row":-10,"col":-9,"walk_min":440.3,"nearest_station_id":"kr_427","nearest_station_name":"Singiloncheon","nearest_station_name_ko":"신길온천","a":120,"c":120,"e":120,"g":120,"i":120,"k":120,"m":120,"o":120,"b":120,"d":120,"f":120,"h":120,"j":120,"l":120,"n":120,"p":120}},{"type":"Feature","geometry":{"type":"Polygon","coordinates":[[[126.63396,37.28618],[126.65053,37.30894],[126.61738,37.30894],[126.63396,37.28618]]]},"properties":{"row":-5,"col":-9,"walk_min":457.6,"nearest_station_id":"kr_351","nearest_station_name":"Jeongwang","nearest_station_name_ko":"정왕","a":120,"c":120,"e":120,"g":120,"i":120,"k":120,"m":120,"o":120,"b":120,"d":120,"f":120,"h":120,"j":120,"l":120,"n":120,"p":120}},{"type":"Feature","geometry":{"type":"Polygon","coordinates":[[[126.6008,37.24065],[126.63396,37.24065],[126.61738,37.26341],[126.6008,37.24065]]]},"properties":{"row":-7,"col":-10,"walk_min":479.6,"nearest_station_id":"kr_351","nearest_station_name":"Jeongwang","nearest_station_name_ko":"정왕","a":120,"c":120,"e":120,"g":120,"i":120,"k":120,"m":120,"o":120,"b":120,"d":120,"f":120,"h":120,"j":120,"l":120,"n":120,"p":120}},{"type":"Feature","geometry":{"type":"Polygon","coordinates":[[[126.61738,37.26341],[126.63396,37.28618],[126.6008,37.28618],[126.61738,37.26341]]]},"properties":{"row":-6,"col":-9,"walk_min":482.8,"nearest_station_id":"kr_351","nearest_station_name":"Jeongwang","nearest_station_name_ko":"정왕","a":120,"c":120,"e":120,"g":120,"i":120,"k":120,"m":120,"o":120,"b":120,"d":120,"f":120,"h":120,"j":120,"l":120,"n":120,"p":120}},{"type":"Feature","geometry":{"type":"Polygon","coordinates":[[[126.61738,37.21788],[126.63396,37.24065],[126.6008,37.24065],[126.61738,37.21788]]]},"properties":{"row":-8,"col":-9,"walk_min":486.3,"nearest_station_id":"kr_351","nearest_station_name":"Jeongwang","nearest_station_name_ko":"정왕","a":120,"c":120,"e":120,"g":120,"i":120,"k":120,"m":120,"o":120,"b":120,"d":120,"f":120,"h":120,"j":120,"l":120,"n":120,"p":120}},{"type":"Feature","geometry":{"type":"Polygon","coordinates":[[[126.6008,37.28618],[126.63396,37.28618],[126.61738,37.30894],[126.6008,37.28618]]]},"properties":{"row":-5,"col":-10,"walk_min":466.7,"nearest_station_id":"kr_351","nearest_station_name":"Jeongwang","nearest_station_name_ko":"정왕","a":120,"c":120,"e":120,"g":120,"i":120,"k":120,"m":120,"o":120,"b":120,"d":120,"f":120,"h":120,"j":120,"l":120,"n":120,"p":120}},{"type":"Feature","geometry":{"type":"Polygon","coordinates":[[[126.6008,37.19512],[126.63396,37.19512],[126.61738,37.21788],[126.6008,37.19512]]]},"properties":{"row":-9,"col":-10,"walk_min":529.0,"nearest_station_id":"kr_351","nearest_station_name":"Jeongwang","nearest_station_name_ko":"정왕","a":120,"c":120,"e":120,"g":120,"i":120,"k":120,"m":120,"o":120,"b":120,"d":120,"f":120,"h":120,"j":120,"l":120,"n":120,"p":120}},{"type":"Feature","geometry":{"type":"Polygon","coordinates":[[[126.58422,37.26341],[126.61738,37.26341],[126.6008,37.28618],[126.58422,37.26341]]]},"properties":{"row":-6,"col":-10,"walk_min":499.3,"nearest_station_id":"kr_351","nearest_station_name":"Jeongwang","nearest_station_name_ko":"정왕","a":120,"c":120,"e":120,"g":120,"i":120,"k":120,"m":120,"o":120,"b":120,"d":120,"f":120,"h":120,"j":120,"l":120,"n":120,"p":120}},{"type":"Feature","geometry":{"type":"Polygon","coordinates":[[[126.6008,37.24065],[126.61738,37.26341],[126.58422,37.26341],[126.6008,37.24065]]]},"properties":{"row":-7,"col":-11,"walk_min":497.4,"nearest_station_id":"kr_351","nearest_station_name":"Jeongwang","nearest_station_name_ko":"정왕","a":120,"c":120,"e":120,"g":120,"i":120,"k":120,"m":120,"o":120,"b":120,"d":120,"f":120,"h":120,"j":120,"l":120,"n":120,"p":120}},{"type":"Feature","geometry":{"type":"Polygon","coordinates":[[[126.58422,37.21788],[126.61738,37.21788],[126.6008,37.24065],[126.58422,37.21788]]]},"properties":{"row":-8,"col":-10,"walk_min":537.6,"nearest_station_id":"kr_351","nearest_station_name":"Jeongwang","nearest_station_name_ko":"정왕","a":120,"c":120,"e":120,"g":120,"i":120,"k":120,"m":120,"o":120,"b":120,"d":120,"f":120,"h":120,"j":120,"l":120,"n":120,"p":120}},{"type":"Feature","geometry":{"type":"Polygon","coordinates":[[[126.58422,37.21788],[126.6008,37.24065],[126.56765,37.24065],[126.58422,37.21788]]]},"properties":{"row":-8,"col":-11,"walk_min":535.3,"nearest_station_id":"kr_351","nearest_station_name":"Jeongwang","nearest_station_name_ko":"정왕","a":120,"c":120,"e":120,"g":120,"i":120,"k":120,"m":120,"o":120,"b":120,"d":120,"f":120,"h":120,"j":120,"l":120,"n":120,"p":120}},{"type":"Feature","geometry":{"type":"Polygon","coordinates":[[[126.56765,37.24065],[126.6008,37.24065],[126.58422,37.26341],[126.56765,37.24065]]]},"properties":{"row":-7,"col":-12,"walk_min":515.0,"nearest_station_id":"kr_351","nearest_station_name":"Jeongwang","nearest_station_name_ko":"정왕","a":120,"c":120,"e":120,"g":120,"i":120,"k":120,"m":120,"o":120,"b":120,"d":120,"f":120,"h":120,"j":120,"l":120,"n":120,"p":120}},{"type":"Feature","geometry":{"type":"Polygon","coordinates":[[[126.55107,37.26341],[126.58422,37.26341],[126.56765,37.28618],[126.55107,37.26341]]]},"properties":{"row":-6,"col":-12,"walk_min":557.0,"nearest_station_id":"kr_351","nearest_station_name":"Jeongwang","nearest_station_name_ko":"정왕","a":120,"c":120,"e":120,"g":120,"i":120,"k":120,"m":120,"o":120,"b":120,"d":120,"f":120,"h":120,"j":120,"l":120,"n":120,"p":120}},{"type":"Feature","geometry":{"type":"Polygon","coordinates":[[[126.6008,37.19512],[126.61738,37.21788],[126.58422,37.21788],[126.6008,37.19512]]]},"properties":{"row":-9,"col":-11,"walk_min":566.7,"nearest_station_id":"kr_351","nearest_station_name":"Jeongwang","nearest_station_name_ko":"정왕","a":120,"c":120,"e":120,"g":120,"i":120,"k":120,"m":120,"o":120,"b":120,"d":120,"f":120,"h":120,"j":120,"l":120,"n":120,"p":120}},{"type":"Feature","geometry":{"type":"Polygon","coordinates":[[[126.58422,37.26341],[126.6008,37.28618],[126.56765,37.28618],[126.58422,37.26341]]]},"properties":{"row":-6,"col":-11,"walk_min":530.8,"nearest_station_id":"kr_351","nearest_station_name":"Jeongwang","nearest_station_name_ko":"정왕","a":120,"c":120,"e":120,"g":120,"i":120,"k":120,"m":120,"o":120,"b":120,"d":120,"f":120,"h":120,"j":120,"l":120,"n":120,"p":120}},{"type":"Feature","geometry":{"type":"Polygon","coordinates":[[[126.56765,37.19512],[126.58422,37.21788],[126.55107,37.21788],[126.56765,37.19512]]]},"properties":{"row":-9,"col":-13,"walk_min":576.4,"nearest_station_id":"kr_351","nearest_station_name":"Jeongwang","nearest_station_name_ko":"정왕","a":120,"c":120,"e":120,"g":120,"i":120,"k":120,"m":120,"o":120,"b":120,"d":120,"f":120,"h":120,"j":120,"l":120,"n":120,"p":120}},{"type":"Feature","geometry":{"type":"Polygon","coordinates":[[[126.55107,37.21788],[126.58422,37.21788],[126.56765,37.24065],[126.55107,37.21788]]]},"properties":{"row":-8,"col":-12,"walk_min":565.9,"nearest_station_id":"kr_351","nearest_station_name":"Jeongwang","nearest_station_name_ko":"정왕","a":120,"c":120,"e":120,"g":120,"i":120,"k":120,"m":120,"o":120,"b":120,"d":120,"f":120,"h":120,"j":120,"l":120,"n":120,"p":120}},{"type":"Feature","geometry":{"type":"Polygon","coordinates":[[[126.56765,37.24065],[126.58422,37.26341],[126.55107,37.26341],[126.56765,37.24065]]]},"properties":{"row":-7,"col":-13,"walk_min":557.4,"nearest_station_id":"kr_351","nearest_station_name":"Jeongwang","nearest_station_name_ko":"정왕","a":120,"c":120,"e":120,"g":120,"i":120,"k":120,"m":120,"o":120,"b":120,"d":120,"f":120,"h":120,"j":120,"l":120,"n":120,"p":120}},{"type":"Feature","geometry":{"type":"Polygon","coordinates":[[[126.56765,37.19512],[126.6008,37.19512],[126.58422,37.21788],[126.56765,37.19512]]]},"properties":{"row":-9,"col":-12,"walk_min":572.9,"nearest_station_id":"kr_351","nearest_station_name":"Jeongwang","nearest_station_name_ko":"정왕","a":120,"c":120,"e":120,"g":120,"i":120,"k":120,"m":120,"o":120,"b":120,"d":120,"f":120,"h":120,"j":120,"l":120,"n":120,"p":120}},{"type":"Feature","geometry":{"type":"Polygon","coordinates":[[[126.53449,37.19512],[126.56765,37.19512],[126.55107,37.21788],[126.53449,37.19512]]]},"properties":{"row":-9,"col":-14,"walk_min":608.6,"nearest_station_id":"kr_351","nearest_station_name":"Jeongwang","nearest_station_name_ko":"정왕","a":120,"c":120,"e":120,"g":120,"i":120,"k":120,"m":120,"o":120,"b":120,"d":120,"f":120,"h":120,"j":120,"l":120,"n":120,"p":120}},{"type":"Feature","geometry":{"type":"Polygon","coordinates":[[[126.53449,37.19512],[126.55107,37.21788],[126.51791,37.21788],[126.53449,37.19512]]]},"properties":{"row":-9,"col":-15,"walk_min":618.2,"nearest_station_id":"kr_351","nearest_station_name":"Jeongwang","nearest_station_name_ko":"정왕","a":120,"c":120,"e":120,"g":120,"i":120,"k":120,"m":120,"o":120,"b":120,"d":120,"f":120,"h":120,"j":120,"l":120,"n":120,"p":120}}]}