{"type":"FeatureCollection","features":[{"type":"Feature","geometry":{"type":"Polygon","coordinates":[[[126.9083,37.50467],[126.89071,37.51272],[126.87313,37.50467],[126.87313,37.48856],[126.89071,37.48051],[126.9083,37.48856],[126.9083,37.50467]]]},"properties":{"row":4,"col":2,"walk_min":3.4,"nearest_station_id":"kr_019","nearest_station_name":"Guro","nearest_station_name_ko":"구로","a":35,"c":38,"e":34,"g":46,"i":33,"k":47,"m":54,"o":34,"b":35,"d":38,"f":34,"h":46,"j":33,"l":47,"n":54,"p":34}},{"type":"Feature","geometry":{"type":"Polygon","coordinates":[[[126.92589,37.52882],[126.9083,37.53687],[126.89071,37.52882],[126.89071,37.51272],[126.9083,37.50467],[126.92589,37.51272],[126.92589,37.52882]]]},"properties":{"row":5,"col":2,"walk_min":2.2,"nearest_station_id":"kr_049","nearest_station_name":"Dangsan","nearest_station_name_ko":"당산","a":28,"c":29,"e":29,"g":38,"i":28,"k":42,"m":47,"o":24,"b":28,"d":29,"f":29,"h":38,"j":28,"l":42,"n":47,"p":24}},{"type":"Feature","geometry":{"type":"Polygon","coordinates":[[[126.94348,37.50467],[126.92589,37.51272],[126.9083,37.50467],[126.9083,37.48856],[126.92589,37.48051],[126.94348,37.48856],[126.94348,37.50467]]]},"properties":{"row":4,"col":3,"walk_min":3.5,"nearest_station_id":"kr_299","nearest_station_name":"신대방삼거리","nearest_station_name_ko":"신대방삼거리","a":39,"c":41,"e":29,"g":47,"i":29,"k":43,"m":53,"o":43,"b":39,"d":41,"f":29,"h":47,"j":29,"l":43,"n":53,"p":43}},{"type":"Feature","geometry":{"type":"Polygon","coordinates":[[[127.01384,37.50467],[126.99625,37.51272],[126.97866,37.50467],[126.97866,37.48856],[126.99625,37.48051],[127.01384,37.48856],[127.01384,37.50467]]]},"properties":{"row":4,"col":5,"walk_min":4.4,"nearest_station_id":"kr_002","nearest_station_name":"Express Bus Terminal","nearest_station_name_ko":"고속터미널","a":22,"c":25,"e":13,"g":32,"i":11,"k":27,"m":38,"o":31,"b":22,"d":25,"f":13,"h":32,"j":11,"l":27,"n":38,"p":31}},{"type":"Feature","geometry":{"type":"Polygon","coordinates":[[[127.03143,37.52882],[127.01384,37.53687],[126.99625,37.52882],[126.99625,37.51272],[127.01384,37.50467],[127.03143,37.51272],[127.03143,37.52882]]]},"properties":{"row":5,"col":5,"walk_min":4.5,"nearest_station_id":"kr_334","nearest_station_name":"한강진","nearest_station_name_ko":"한강진","a":20,"c":22,"e":18,"g":21,"i":22,"k":29,"m":29,"o":31,"b":20,"d":22,"f":18,"h":21,"j":22,"l":29,"n":29,"p":31}},{"type":"Feature","geometry":{"type":"Polygon","coordinates":[[[127.04902,37.50467],[127.03143,37.51272],[127.01384,37.50467],[127.01384,37.48856],[127.03143,37.48051],[127.04902,37.48856],[127.04902,37.50467]]]},"properties":{"row":4,"col":6,"walk_min":2.8,"nearest_station_id":"kr_434","nearest_station_name":"Eonju","nearest_station_name_ko":"언주","a":27,"c":29,"e":7,"g":28,"i":16,"k":19,"m":31,"o":36,"b":27,"d":29,"f":7,"h":28,"j":16,"l":19,"n":31,"p":36}},{"type":"Feature","geometry":{"type":"Polygon","coordinates":[[[126.97866,37.50467],[126.96107,37.51272],[126.94348,37.50467],[126.94348,37.48856],[126.96107,37.48051],[126.97866,37.48856],[126.97866,37.50467]]]},"properties":{"row":4,"col":4,"walk_min":4.1,"nearest_station_id":"kr_244","nearest_station_name":"상도","nearest_station_name_ko":"상도","a":32,"c":34,"e":21,"g":41,"i":20,"k":35,"m":46,"o":39,"b":32,"d":34,"f":21,"h":41,"j":20,"l":35,"n":46,"p":39}},{"type":"Feature","geometry":{"type":"Polygon","coordinates":[[[126.99625,37.52882],[126.97866,37.53687],[126.96107,37.52882],[126.96107,37.51272],[126.97866,37.50467],[126.99625,37.51272],[126.99625,37.52882]]]},"properties":{"row":5,"col":4,"walk_min":4.3,"nearest_station_id":"kr_295","nearest_station_name":"녹사평","nearest_station_name_ko":"녹사평","a":16,"c":18,"e":23,"g":26,"i":20,"k":36,"m":34,"o":27,"b":16,"d":18,"f":23,"h":26,"j":20,"l":36,"n":34,"p":27}},{"type":"Feature","geometry":{"type":"Polygon","coordinates":[[[126.96107,37.52882],[126.94348,37.53687],[126.92589,37.52882],[126.92589,37.51272],[126.94348,37.50467],[126.96107,37.51272],[126.96107,37.52882]]]},"properties":{"row":5,"col":3,"walk_min":3.8,"nearest_station_id":"kr_180","nearest_station_name":"여의나루","nearest_station_name_ko":"여의나루","a":23,"c":26,"e":27,"g":34,"i":26,"k":40,"m":42,"o":30,"b":23,"d":26,"f":27,"h":34,"j":26,"l":40,"n":42,"p":30}},{"type":"Feature","geometry":{"type":"Polygon","coordinates":[[[126.97866,37.55297],[126.96107,37.56103],[126.94348,37.55297],[126.94348,37.53687],[126.96107,37.52882],[126.97866,37.53687],[126.97866,37.55297]]]},"properties":{"row":6,"col":3,"walk_min":3.2,"nearest_station_id":"kr_326","nearest_station_name":"Ahyeon","nearest_station_name_ko":"아현","a":9,"c":10,"e":29,"g":21,"i":26,"k":40,"m":30,"o":16,"b":9,"d":10,"f":29,"h":21,"j":26,"l":40,"n":30,"p":16}},{"type":"Feature","geometry":{"type":"Polygon","coordinates":[[[126.99625,37.57713],[126.97866,37.58518],[126.96107,37.57713],[126.96107,37.56103],[126.97866,37.55297],[126.99625,37.56103],[126.99625,37.57713]]]},"properties":{"row":7,"col":3,"walk_min":4.3,"nearest_station_id":"kr_022","nearest_station_name":"Anguk","nearest_station_name_ko":"안국","a":10,"c":10,"e":30,"g":18,"i":30,"k":38,"m":27,"o":21,"b":10,"d":10,"f":30,"h":18,"j":30,"l":38,"n":27,"p":21}},{"type":"Feature","geometry":{"type":"Polygon","coordinates":[[[127.01384,37.55297],[126.99625,37.56103],[126.97866,37.55297],[126.97866,37.53687],[126.99625,37.52882],[127.01384,37.53687],[127.01384,37.55297]]]},"properties":{"row":6,"col":4,"walk_min":3.3,"nearest_station_id":"kr_033","nearest_station_name":"Hoehyeon (Namdaemun Market)","nearest_station_name_ko":"회현(남대문시장)","a":11,"c":12,"e":24,"g":17,"i":25,"k":36,"m":26,"o":24,"b":11,"d":12,"f":24,"h":17,"j":25,"l":36,"n":26,"p":24}},{"type":"Feature","geometry":{"type":"Polygon","coordinates":[[[127.06661,37.52882],[127.04902,37.53687],[127.03143,37.52882],[127.03143,37.51272],[127.04902,37.50467],[127.06661,37.51272],[127.06661,37.52882]]]},"properties":{"row":5,"col":6,"walk_min":3.7,"nearest_station_id":"kr_181","nearest_station_name":"Jayang","nearest_station_name_ko":"자양","a":30,"c":30,"e":15,"g":24,"i":24,"k":25,"m":28,"o":40,"b":30,"d":30,"f":15,"h":24,"j":24,"l":25,"n":28,"p":40}},{"type":"Feature","geometry":{"type":"Polygon","coordinates":[[[126.97866,37.60128],[126.96107,37.60933],[126.94348,37.60128],[126.94348,37.58518],[126.96107,37.57713],[126.97866,37.58518],[126.97866,37.60128]]]},"properties":{"row":8,"col":2,"walk_min":18.2,"nearest_station_id":"kr_067","nearest_station_name":"무악재","nearest_station_name_ko":"무악재","a":36,"c":33,"e":52,"g":38,"i":55,"k":58,"m":47,"o":44,"b":36,"d":33,"f":52,"h":38,"j":55,"l":58,"n":47,"p":44}},{"type":"Feature","geometry":{"type":"Polygon","coordinates":[[[127.01384,37.60128],[126.99625,37.60933],[126.97866,37.60128],[126.97866,37.58518],[126.99625,37.57713],[127.01384,37.58518],[127.01384,37.60128]]]},"properties":{"row":8,"col":3,"walk_min":13.4,"nearest_station_id":"kr_022","nearest_station_name":"Anguk","nearest_station_name_ko":"안국","a":27,"c":25,"e":41,"g":27,"i":47,"k":47,"m":36,"o":36,"b":27,"d":25,"f":41,"h":27,"j":47,"l":47,"n":36,"p":36}},{"type":"Feature","geometry":{"type":"Polygon","coordinates":[[[126.9083,37.45636],[126.89071,37.46441],[126.87313,37.45636],[126.87313,37.44026],[126.89071,37.43221],[126.9083,37.44026],[126.9083,37.45636]]]},"properties":{"row":2,"col":3,"walk_min":13.4,"nearest_station_id":"kr_008","nearest_station_name":"Geumcheon-gu Office","nearest_station_name_ko":"금천구청","a":41,"c":44,"e":51,"g":56,"i":47,"k":64,"m":65,"o":42,"b":40,"d":43,"f":51,"h":55,"j":47,"l":64,"n":64,"p":42}},{"type":"Feature","geometry":{"type":"Polygon","coordinates":[[[126.92589,37.48051],[126.9083,37.48856],[126.89071,37.48051],[126.89071,37.46441],[126.9083,37.45636],[126.92589,37.46441],[126.92589,37.48051]]]},"properties":{"row":3,"col":3,"walk_min":8.3,"nearest_station_id":"kr_288","nearest_station_name":"Guro Digital Complex","nearest_station_name_ko":"구로디지털단지","a":33,"c":36,"e":36,"g":48,"i":26,"k":51,"m":56,"o":31,"b":33,"d":36,"f":36,"h":48,"j":26,"l":51,"n":56,"p":31}},{"type":"Feature","geometry":{"type":"Polygon","coordinates":[[[126.94348,37.45636],[126.92589,37.46441],[126.9083,37.45636],[126.9083,37.44026],[126.92589,37.43221],[126.94348,37.44026],[126.94348,37.45636]]]},"properties":{"row":2,"col":4,"walk_min":30.8,"nearest_station_id":"kr_392","nearest_station_name":"Seoksu","nearest_station_name_ko":"석수","a":62,"c":65,"e":72,"g":77,"i":68,"k":85,"m":86,"o":63,"b":62,"d":65,"f":72,"h":77,"j":68,"l":85,"n":86,"p":63}},{"type":"Feature","geometry":{"type":"Polygon","coordinates":[[[127.03143,37.57713],[127.01384,37.58518],[126.99625,37.57713],[126.99625,37.56103],[127.01384,37.55297],[127.03143,37.56103],[127.03143,37.57713]]]},"properties":{"row":7,"col":4,"walk_min":1.0,"nearest_station_id":"kr_057","nearest_station_name":"Hyehwa","nearest_station_name_ko":"혜화","a":13,"c":12,"e":22,"g":12,"i":31,"k":31,"m":21,"o":23,"b":13,"d":12,"f":22,"h":12,"j":31,"l":31,"n":21,"p":23}},{"type":"Feature","geometry":{"type":"Polygon","coordinates":[[[127.04902,37.55297],[127.03143,37.56103],[127.01384,37.55297],[127.01384,37.53687],[127.03143,37.52882],[127.04902,37.53687],[127.04902,37.55297]]]},"properties":{"row":6,"col":5,"walk_min":3.7,"nearest_station_id":"kr_296","nearest_station_name":"행당","nearest_station_name_ko":"행당","a":18,"c":18,"e":20,"g":13,"i":29,"k":27,"m":22,"o":30,"b":18,"d":18,"f":20,"h":13,"j":29,"l":27,"n":22,"p":30}},{"type":"Feature","geometry":{"type":"Polygon","coordinates":[[[126.94348,37.40805],[126.92589,37.4161],[126.9083,37.40805],[126.9083,37.39195],[126.92589,37.3839],[126.94348,37.39195],[126.94348,37.40805]]]},"properties":{"row":0,"col":5,"walk_min":19.0,"nearest_station_id":"kr_010","nearest_station_name":"Anyang","nearest_station_name_ko":"안양","a":58,"c":60,"e":67,"g":72,"i":58,"k":81,"m":81,"o":58,"b":58,"d":60,"f":67,"h":72,"j":58,"l":81,"n":81,"p":58}},{"type":"Feature","geometry":{"type":"Polygon","coordinates":[[[127.04902,37.60128],[127.03143,37.60933],[127.01384,37.60128],[127.01384,37.58518],[127.03143,37.57713],[127.04902,37.58518],[127.04902,37.60128]]]},"properties":{"row":8,"col":4,"walk_min":2.8,"nearest_station_id":"kr_026","nearest_station_name":"Jegidong","nearest_station_name_ko":"제기동","a":21,"c":19,"e":33,"g":19,"i":41,"k":36,"m":25,"o":30,"b":21,"d":19,"f":33,"h":19,"j":41,"l":36,"n":25,"p":30}},{"type":"Feature","geometry":{"type":"Polygon","coordinates":[[[127.0842,37.50467],[127.06661,37.51272],[127.04902,37.50467],[127.04902,37.48856],[127.06661,37.48051],[127.0842,37.48856],[127.0842,37.50467]]]},"properties":{"row":4,"col":7,"walk_min":4.6,"nearest_station_id":"kr_279","nearest_station_name":"Samseong(World Trade Center Seoul)","nearest_station_name_ko":"삼성(무역센터)","a":37,"c":39,"e":14,"g":34,"i":25,"k":17,"m":28,"o":46,"b":37,"d":39,"f":14,"h":34,"j":25,"l":17,"n":28,"p":46}},{"type":"Feature","geometry":{"type":"Polygon","coordinates":[[[127.10179,37.52882],[127.0842,37.53687],[127.06661,37.52882],[127.06661,37.51272],[127.0842,37.50467],[127.10179,37.51272],[127.10179,37.52882]]]},"properties":{"row":5,"col":7,"walk_min":4.8,"nearest_station_id":"kr_210","nearest_station_name":"Guui(Gwangjin-gu Office)","nearest_station_name_ko":"구의(광진구청)","a":35,"c":35,"e":23,"g":23,"i":34,"k":15,"m":16,"o":44,"b":35,"d":35,"f":23,"h":23,"j":34,"l":15,"n":16,"p":44}},{"type":"Feature","geometry":{"type":"Polygon","coordinates":[[[127.11938,37.50467],[127.10179,37.51272],[127.0842,37.50467],[127.0842,37.48856],[127.10179,37.48051],[127.11938,37.48856],[127.11938,37.50467]]]},"properties":{"row":4,"col":8,"walk_min":3.6,"nearest_station_id":"kr_015","nearest_station_name":"Seokchon","nearest_station_name_ko":"석촌","a":42,"c":44,"e":20,"g":34,"i":31,"k":16,"m":27,"o":50,"b":42,"d":44,"f":20,"h":34,"j":31,"l":16,"n":27,"p":50}},{"type":"Feature","geometry":{"type":"Polygon","coordinates":[[[126.87313,37.50467],[126.85554,37.51272],[126.83795,37.50467],[126.83795,37.48856],[126.85554,37.48051],[126.87313,37.48856],[126.87313,37.50467]]]},"properties":{"row":4,"col":1,"walk_min":5.3,"nearest_station_id":"kr_382","nearest_station_name":"Gaebong","nearest_station_name_ko":"개봉","a":33,"c":36,"e":41,"g":48,"i":38,"k":54,"m":57,"o":30,"b":33,"d":36,"f":41,"h":48,"j":38,"l":54,"n":57,"p":30}},{"type":"Feature","geometry":{"type":"Polygon","coordinates":[[[126.89071,37.52882],[126.87313,37.53687],[126.85554,37.52882],[126.85554,37.51272],[126.87313,37.50467],[126.89071,37.51272],[126.89071,37.52882]]]},"properties":{"row":5,"col":1,"walk_min":3.1,"nearest_station_id":"kr_366","nearest_station_name":"Omokgyo","nearest_station_name_ko":"오목교","a":27,"c":30,"e":35,"g":42,"i":31,"k":49,"m":51,"o":25,"b":27,"d":30,"f":35,"h":42,"j":31,"l":49,"n":51,"p":25}},{"type":"Feature","geometry":{"type":"Polygon","coordinates":[[[127.13697,37.52882],[127.11938,37.53687],[127.10179,37.52882],[127.10179,37.51272],[127.11938,37.50467],[127.13697,37.51272],[127.13697,37.52882]]]},"properties":{"row":5,"col":8,"walk_min":3.4,"nearest_station_id":"kr_226","nearest_station_name":"Gangdong-gu Office","nearest_station_name_ko":"강동구청","a":41,"c":41,"e":25,"g":28,"i":36,"k":20,"m":31,"o":51,"b":41,"d":41,"f":25,"h":28,"j":36,"l":20,"n":31,"p":51}},{"type":"Feature","geometry":{"type":"Polygon","coordinates":[[[127.15455,37.50467],[127.13697,37.51272],[127.11938,37.50467],[127.11938,37.48856],[127.13697,37.48051],[127.15455,37.48856],[127.15455,37.50467]]]},"properties":{"row":4,"col":9,"walk_min":4.1,"nearest_station_id":"kr_306","nearest_station_name":"개롱","nearest_station_name_ko":"개롱","a":49,"c":50,"e":27,"g":38,"i":38,"k":22,"m":33,"o":58,"b":49,"d":50,"f":27,"h":38,"j":38,"l":22,"n":33,"p":58}},{"type":"Feature","geometry":{"type":"Polygon","coordinates":[[[127.03143,37.48051],[127.01384,37.48856],[126.99625,37.48051],[126.99625,37.46441],[127.01384,37.45636],[127.03143,37.46441],[127.03143,37.48051]]]},"properties":{"row":3,"col":6,"walk_min":7.5,"nearest_station_id":"kr_344","nearest_station_name":"Bangbae","nearest_station_name_ko":"방배","a":32,"c":35,"e":16,"g":40,"i":13,"k":32,"m":43,"o":41,"b":32,"d":35,"f":16,"h":40,"j":13,"l":32,"n":43,"p":41}},{"type":"Feature","geometry":{"type":"Polygon","coordinates":[[[127.06661,37.48051],[127.04902,37.48856],[127.03143,37.48051],[127.03143,37.46441],[127.04902,37.45636],[127.06661,37.46441],[127.06661,37.48051]]]},"properties":{"row":3,"col":7,"walk_min":10.2,"nearest_station_id":"kr_164","nearest_station_name":"Dogok","nearest_station_name_ko":"도곡","a":41,"c":43,"e":17,"g":42,"i":28,"k":33,"m":44,"o":50,"b":41,"d":43,"f":17,"h":42,"j":28,"l":33,"n":44,"p":50}},{"type":"Feature","geometry":{"type":"Polygon","coordinates":[[[127.06661,37.57713],[127.04902,37.58518],[127.03143,37.57713],[127.03143,37.56103],[127.04902,37.55297],[127.06661,37.56103],[127.06661,37.57713]]]},"properties":{"row":7,"col":5,"walk_min":2.6,"nearest_station_id":"kr_026","nearest_station_name":"Jegidong","nearest_station_name_ko":"제기동","a":21,"c":19,"e":31,"g":13,"i":39,"k":30,"m":19,"o":30,"b":21,"d":19,"f":31,"h":13,"j":39,"l":30,"n":19,"p":30}},{"type":"Feature","geometry":{"type":"Polygon","coordinates":[[[126.96107,37.3839],[126.94348,37.39195],[126.92589,37.3839],[126.92589,37.36779],[126.94348,37.35974],[126.96107,37.36779],[126.96107,37.3839]]]},"properties":{"row":-1,"col":6,"walk_min":14.5,"nearest_station_id":"kr_023","nearest_station_name":"Geumjeong","nearest_station_name_ko":"금정","a":59,"c":62,"e":59,"g":73,"i":48,"k":74,"m":82,"o":60,"b":59,"d":62,"f":59,"h":73,"j":48,"l":74,"n":82,"p":60}},{"type":"Feature","geometry":{"type":"Polygon","coordinates":[[[126.99625,37.3839],[126.97866,37.39195],[126.96107,37.3839],[126.96107,37.36779],[126.97866,37.35974],[126.99625,37.36779],[126.99625,37.3839]]]},"properties":{"row":-1,"col":7,"walk_min":30.3,"nearest_station_id":"kr_284","nearest_station_name":"Pyeongchon","nearest_station_name_ko":"평촌","a":76,"c":79,"e":68,"g":90,"i":57,"k":83,"m":94,"o":82,"b":76,"d":79,"f":68,"h":90,"j":57,"l":83,"n":94,"p":82}},{"type":"Feature","geometry":{"type":"Polygon","coordinates":[[[126.82036,37.48051],[126.80277,37.48856],[126.78518,37.48051],[126.78518,37.46441],[126.80277,37.45636],[126.82036,37.46441],[126.82036,37.48051]]]},"properties":{"row":3,"col":0,"walk_min":15.1,"nearest_station_id":"kr_451","nearest_station_name":"Sosa","nearest_station_name_ko":"소사","a":50,"c":52,"e":59,"g":64,"i":55,"k":73,"m":73,"o":47,"b":50,"d":52,"f":59,"h":64,"j":55,"l":73,"n":73,"p":47}},{"type":"Feature","geometry":{"type":"Polygon","coordinates":[[[126.80277,37.50467],[126.78518,37.51272],[126.76759,37.50467],[126.76759,37.48856],[126.78518,37.48051],[126.80277,37.48856],[126.80277,37.50467]]]},"properties":{"row":4,"col":-1,"walk_min":5.8,"nearest_station_id":"kr_206","nearest_station_name":"부천종합운동장","nearest_station_name_ko":"부천종합운동장","a":44,"c":47,"e":54,"g":59,"i":50,"k":67,"m":68,"o":41,"b":44,"d":47,"f":54,"h":59,"j":50,"l":67,"n":68,"p":41}},{"type":"Feature","geometry":{"type":"Polygon","coordinates":[[[126.83795,37.50467],[126.82036,37.51272],[126.80277,37.50467],[126.80277,37.48856],[126.82036,37.48051],[126.83795,37.48856],[126.83795,37.50467]]]},"properties":{"row":4,"col":0,"walk_min":9.6,"nearest_station_id":"kr_177","nearest_station_name":"까치울","nearest_station_name_ko":"까치울","a":45,"c":47,"e":54,"g":59,"i":50,"k":67,"m":68,"o":41,"b":45,"d":47,"f":54,"h":59,"j":50,"l":67,"n":68,"p":41}},{"type":"Feature","geometry":{"type":"Polygon","coordinates":[[[127.0842,37.60128],[127.06661,37.60933],[127.04902,37.60128],[127.04902,37.58518],[127.06661,37.57713],[127.0842,37.58518],[127.0842,37.60128]]]},"properties":{"row":8,"col":5,"walk_min":4.4,"nearest_station_id":"kr_031","nearest_station_name":"Hoegi","nearest_station_name_ko":"회기","a":31,"c":29,"e":39,"g":25,"i":47,"k":43,"m":32,"o":40,"b":31,"d":29,"f":39,"h":25,"j":47,"l":43,"n":32,"p":40}},{"type":"Feature","geometry":{"type":"Polygon","coordinates":[[[127.10179,37.57713],[127.0842,37.58518],[127.06661,37.57713],[127.06661,37.56103],[127.0842,37.55297],[127.10179,37.56103],[127.10179,37.57713]]]},"properties":{"row":7,"col":6,"walk_min":3.8,"nearest_station_id":"kr_046","nearest_station_name":"군자","nearest_station_name_ko":"군자","a":30,"c":29,"e":34,"g":17,"i":40,"k":36,"m":25,"o":40,"b":30,"d":29,"f":34,"h":17,"j":40,"l":36,"n":25,"p":40}},{"type":"Feature","geometry":{"type":"Polygon","coordinates":[[[126.96107,37.33559],[126.94348,37.34364],[126.92589,37.33559],[126.92589,37.31949],[126.94348,37.31144],[126.96107,37.31949],[126.96107,37.33559]]]},"properties":{"row":-3,"col":7,"walk_min":21.1,"nearest_station_id":"kr_032","nearest_station_name":"Uiwang","nearest_station_name_ko":"의왕","a":78,"c":80,"e":74,"g":92,"i":64,"k":90,"m":101,"o":78,"b":78,"d":80,"f":74,"h":92,"j":64,"l":90,"n":101,"p":78}},{"type":"Feature","geometry":{"type":"Polygon","coordinates":[[[126.97866,37.31144],[126.96107,37.31949],[126.94348,37.31144],[126.94348,37.29533],[126.96107,37.28728],[126.97866,37.29533],[126.97866,37.31144]]]},"properties":{"row":-4,"col":8,"walk_min":16.9,"nearest_station_id":"kr_086","nearest_station_name":"Sungkyunkwan University","nearest_station_name_ko":"성균관대","a":79,"c":81,"e":76,"g":93,"i":65,"k":91,"m":102,"o":79,"b":79,"d":81,"f":76,"h":93,"j":65,"l":91,"n":102,"p":79}},{"type":"Feature","geometry":{"type":"Polygon","coordinates":[[[126.99625,37.33559],[126.97866,37.34364],[126.96107,37.33559],[126.96107,37.31949],[126.97866,37.31144],[126.99625,37.31949],[126.99625,37.33559]]]},"properties":{"row":-3,"col":8,"walk_min":35.3,"nearest_station_id":"kr_085","nearest_station_name":"Sungkyunkwan Univ","nearest_station_name_ko":"성균관대","a":95,"c":98,"e":92,"g":110,"i":81,"k":107,"m":118,"o":96,"b":95,"d":98,"f":92,"h":110,"j":81,"l":107,"n":118,"p":96}},{"type":"Feature","geometry":{"type":"Polygon","coordinates":[[[127.06661,37.62544],[127.04902,37.63349],[127.03143,37.62544],[127.03143,37.60933],[127.04902,37.60128],[127.06661,37.60933],[127.06661,37.62544]]]},"properties":{"row":9,"col":4,"walk_min":2.9,"nearest_station_id":"kr_091","nearest_station_name":"Miasageori","nearest_station_name_ko":"미아사거리","a":30,"c":29,"e":41,"g":28,"i":50,"k":47,"m":35,"o":40,"b":30,"d":29,"f":41,"h":28,"j":50,"l":47,"n":35,"p":40}},{"type":"Feature","geometry":{"type":"Polygon","coordinates":[[[127.10179,37.62544],[127.0842,37.63349],[127.06661,37.62544],[127.06661,37.60933],[127.0842,37.60128],[127.10179,37.60933],[127.10179,37.62544]]]},"properties":{"row":9,"col":5,"walk_min":5.6,"nearest_station_id":"kr_163","nearest_station_name":"먹골","nearest_station_name_ko":"먹골","a":40,"c":38,"e":48,"g":32,"i":55,"k":52,"m":41,"o":50,"b":40,"d":38,"f":48,"h":32,"j":55,"l":52,"n":41,"p":50}},{"type":"Feature","geometry":{"type":"Polygon","coordinates":[[[126.94348,37.55297],[126.92589,37.56103],[126.9083,37.55297],[126.9083,37.53687],[126.92589,37.52882],[126.94348,37.53687],[126.94348,37.55297]]]},"properties":{"row":6,"col":2,"walk_min":3.3,"nearest_station_id":"kr_376","nearest_station_name":"Sinchon","nearest_station_name_ko":"신촌","a":17,"c":17,"e":33,"g":29,"i":30,"k":44,"m":38,"o":13,"b":17,"d":17,"f":33,"h":29,"j":30,"l":44,"n":38,"p":13}},{"type":"Feature","geometry":{"type":"Polygon","coordinates":[[[127.0842,37.45636],[127.06661,37.46441],[127.04902,37.45636],[127.04902,37.44026],[127.06661,37.43221],[127.0842,37.44026],[127.0842,37.45636]]]},"properties":{"row":2,"col":8,"walk_min":20.3,"nearest_station_id":"kr_040","nearest_station_name":"Cheonggyesan","nearest_station_name_ko":"청계산입구","a":56,"c":58,"e":32,"g":57,"i":43,"k":48,"m":59,"o":65,"b":56,"d":58,"f":32,"h":57,"j":43,"l":48,"n":59,"p":65}},{"type":"Feature","geometry":{"type":"Polygon","coordinates":[[[127.11938,37.40805],[127.10179,37.4161],[127.0842,37.40805],[127.0842,37.39195],[127.10179,37.3839],[127.11938,37.39195],[127.11938,37.40805]]]},"properties":{"row":0,"col":10,"walk_min":25.8,"nearest_station_id":"kr_041","nearest_station_name":"Pangyo","nearest_station_name_ko":"판교","a":77,"c":79,"e":53,"g":77,"i":63,"k":68,"m":79,"o":85,"b":77,"d":79,"f":53,"h":77,"j":63,"l":68,"n":79,"p":85}},{"type":"Feature","geometry":{"type":"Polygon","coordinates":[[[127.15455,37.40805],[127.13697,37.4161],[127.11938,37.40805],[127.11938,37.39195],[127.13697,37.3839],[127.15455,37.39195],[127.15455,37.40805]]]},"properties":{"row":0,"col":11,"walk_min":14.6,"nearest_station_id":"kr_108","nearest_station_name":"Imae","nearest_station_name_ko":"이매","a":68,"c":70,"e":44,"g":68,"i":54,"k":59,"m":70,"o":76,"b":68,"d":70,"f":44,"h":68,"j":54,"l":59,"n":70,"p":76}},{"type":"Feature","geometry":{"type":"Polygon","coordinates":[[[127.13697,37.43221],[127.11938,37.44026],[127.10179,37.43221],[127.10179,37.4161],[127.11938,37.40805],[127.13697,37.4161],[127.13697,37.43221]]]},"properties":{"row":1,"col":10,"walk_min":30.8,"nearest_station_id":"kr_439","nearest_station_name":"Moran","nearest_station_name_ko":"모란","a":94,"c":96,"e":72,"g":86,"i":82,"k":68,"m":80,"o":103,"b":94,"d":96,"f":72,"h":86,"j":82,"l":68,"n":80,"p":103}},{"type":"Feature","geometry":{"type":"Polygon","coordinates":[[[127.0842,37.64959],[127.06661,37.65764],[127.04902,37.64959],[127.04902,37.63349],[127.06661,37.62544],[127.0842,37.63349],[127.0842,37.64959]]]},"properties":{"row":10,"col":4,"walk_min":4.9,"nearest_station_id":"kr_393","nearest_station_name":"Wolgye (Induk University)","nearest_station_name_ko":"월계(인덕대학교)","a":40,"c":38,"e":51,"g":37,"i":59,"k":54,"m":42,"o":49,"b":40,"d":38,"f":51,"h":37,"j":59,"l":54,"n":42,"p":49}},{"type":"Feature","geometry":{"type":"Polygon","coordinates":[[[127.01384,37.26313],[126.99625,37.27118],[126.97866,37.26313],[126.97866,37.24703],[126.99625,37.23897],[127.01384,37.24703],[127.01384,37.26313]]]},"properties":{"row":-6,"col":10,"walk_min":27.2,"nearest_station_id":"kr_462","nearest_station_name":"Seryu","nearest_station_name_ko":"세류","a":99,"c":101,"e":97,"g":109,"i":88,"k":108,"m":116,"o":99,"b":99,"d":101,"f":97,"h":109,"j":88,"l":108,"n":116,"p":99}},{"type":"Feature","geometry":{"type":"Polygon","coordinates":[[[127.03143,37.28728],[127.01384,37.29533],[126.99625,37.28728],[126.99625,37.27118],[127.01384,37.26313],[127.03143,37.27118],[127.03143,37.28728]]]},"properties":{"row":-5,"col":10,"walk_min":28.8,"nearest_station_id":"kr_043","nearest_station_name":"Suwon","nearest_station_name_ko":"수원","a":101,"c":103,"e":94,"g":112,"i":88,"k":109,"m":118,"o":102,"b":101,"d":103,"f":94,"h":112,"j":88,"l":109,"n":118,"p":102}},{"type":"Feature","geometry":{"type":"Polygon","coordinates":[[[127.04902,37.26313],[127.03143,37.27118],[127.01384,37.26313],[127.01384,37.24703],[127.03143,37.23897],[127.04902,37.24703],[127.04902,37.26313]]]},"properties":{"row":-6,"col":11,"walk_min":28.3,"nearest_station_id":"kr_462","nearest_station_name":"Seryu","nearest_station_name_ko":"세류","a":105,"c":108,"e":97,"g":116,"i":92,"k":112,"m":119,"o":106,"b":105,"d":108,"f":97,"h":116,"j":92,"l":112,"n":119,"p":106}},{"type":"Feature","geometry":{"type":"Polygon","coordinates":[[[127.04902,37.6979],[127.03143,37.70595],[127.01384,37.6979],[127.01384,37.68179],[127.03143,37.67374],[127.04902,37.68179],[127.04902,37.6979]]]},"properties":{"row":12,"col":2,"walk_min":18.0,"nearest_station_id":"kr_044","nearest_station_name":"Dobongsan","nearest_station_name_ko":"도봉산","a":63,"c":61,"e":75,"g":61,"i":83,"k":75,"m":64,"o":73,"b":63,"d":61,"f":75,"h":61,"j":83,"l":75,"n":64,"p":73}},{"type":"Feature","geometry":{"type":"Polygon","coordinates":[[[127.06661,37.67374],[127.04902,37.68179],[127.03143,37.67374],[127.03143,37.65764],[127.04902,37.64959],[127.06661,37.65764],[127.06661,37.67374]]]},"properties":{"row":11,"col":3,"walk_min":5.3,"nearest_station_id":"kr_199","nearest_station_name":"Nowon","nearest_station_name_ko":"노원","a":46,"c":44,"e":58,"g":44,"i":66,"k":60,"m":49,"o":55,"b":46,"d":44,"f":58,"h":44,"j":66,"l":60,"n":49,"p":55}},{"type":"Feature","geometry":{"type":"Polygon","coordinates":[[[127.04902,37.64959],[127.03143,37.65764],[127.01384,37.64959],[127.01384,37.63349],[127.03143,37.62544],[127.04902,37.63349],[127.04902,37.64959]]]},"properties":{"row":10,"col":3,"walk_min":8.4,"nearest_station_id":"kr_116","nearest_station_name":"Suyu (Gangbuk-gu Office)","nearest_station_name_ko":"수유(강북구청)","a":41,"c":39,"e":53,"g":39,"i":61,"k":57,"m":46,"o":50,"b":41,"d":39,"f":53,"h":39,"j":61,"l":57,"n":46,"p":50}},{"type":"Feature","geometry":{"type":"Polygon","coordinates":[[[127.03143,37.67374],[127.01384,37.68179],[126.99625,37.67374],[126.99625,37.65764],[127.01384,37.64959],[127.03143,37.65764],[127.03143,37.67374]]]},"properties":{"row":11,"col":2,"walk_min":31.6,"nearest_station_id":"kr_125","nearest_station_name":"Ssangmun","nearest_station_name_ko":"쌍문","a":68,"c":66,"e":80,"g":66,"i":88,"k":84,"m":72,"o":77,"b":68,"d":66,"f":80,"h":66,"j":88,"l":84,"n":72,"p":77}},{"type":"Feature","geometry":{"type":"Polygon","coordinates":[[[127.0842,37.55297],[127.06661,37.56103],[127.04902,37.55297],[127.04902,37.53687],[127.06661,37.52882],[127.0842,37.53687],[127.0842,37.55297]]]},"properties":{"row":6,"col":6,"walk_min":2.8,"nearest_station_id":"kr_103","nearest_station_name":"장한평","nearest_station_name_ko":"장한평","a":28,"c":27,"e":28,"g":14,"i":34,"k":31,"m":22,"o":38,"b":28,"d":27,"f":28,"h":14,"j":34,"l":31,"n":22,"p":38}},{"type":"Feature","geometry":{"type":"Polygon","coordinates":[[[127.11938,37.55297],[127.10179,37.56103],[127.0842,37.55297],[127.0842,37.53687],[127.10179,37.52882],[127.11938,37.53687],[127.11938,37.55297]]]},"properties":{"row":6,"col":7,"walk_min":9.9,"nearest_station_id":"kr_046","nearest_station_name":"군자","nearest_station_name_ko":"군자","a":39,"c":38,"e":36,"g":25,"i":45,"k":32,"m":31,"o":49,"b":39,"d":38,"f":36,"h":25,"j":45,"l":32,"n":31,"p":49}},{"type":"Feature","geometry":{"type":"Polygon","coordinates":[[[127.04902,37.21482],[127.03143,37.22287],[127.01384,37.21482],[127.01384,37.19872],[127.03143,37.19067],[127.04902,37.19872],[127.04902,37.21482]]]},"properties":{"row":-8,"col":12,"walk_min":28.1,"nearest_station_id":"kr_047","nearest_station_name":"Byeongjeom","nearest_station_name_ko":"병점","a":112,"c":115,"e":110,"g":120,"i":101,"k":119,"m":120,"o":113,"b":112,"d":115,"f":110,"h":120,"j":101,"l":119,"n":120,"p":113}},{"type":"Feature","geometry":{"type":"Polygon","coordinates":[[[127.03143,37.23897],[127.01384,37.24703],[126.99625,37.23897],[126.99625,37.22287],[127.01384,37.21482],[127.03143,37.22287],[127.03143,37.23897]]]},"properties":{"row":-7,"col":11,"walk_min":32.0,"nearest_station_id":"kr_047","nearest_station_name":"Byeongjeom","nearest_station_name_ko":"병점","a":108,"c":109,"e":106,"g":115,"i":99,"k":114,"m":118,"o":108,"b":108,"d":109,"f":106,"h":115,"j":99,"l":114,"n":118,"p":108}},{"type":"Feature","geometry":{"type":"Polygon","coordinates":[[[127.06661,37.23897],[127.04902,37.24703],[127.03143,37.23897],[127.03143,37.22287],[127.04902,37.21482],[127.06661,37.22287],[127.06661,37.23897]]]},"properties":{"row":-7,"col":12,"walk_min":37.8,"nearest_station_id":"kr_462","nearest_station_name":"Seryu","nearest_station_name_ko":"세류","a":115,"c":117,"e":114,"g":120,"i":106,"k":119,"m":120,"o":116,"b":115,"d":117,"f":114,"h":120,"j":106,"l":119,"n":120,"p":116}},{"type":"Feature","geometry":{"type":"Polygon","coordinates":[[[127.17214,37.52882],[127.15455,37.53687],[127.13697,37.52882],[127.13697,37.51272],[127.15455,37.50467],[127.17214,37.51272],[127.17214,37.52882]]]},"properties":{"row":5,"col":9,"walk_min":13.1,"nearest_station_id":"kr_437","nearest_station_name":"VHS Medical Center","nearest_station_name_ko":"보훈병원","a":58,"c":57,"e":39,"g":44,"i":50,"k":34,"m":45,"o":67,"b":58,"d":57,"f":39,"h":44,"j":50,"l":34,"n":45,"p":67}},{"type":"Feature","geometry":{"type":"Polygon","coordinates":[[[126.9083,37.55297],[126.89071,37.56103],[126.87313,37.55297],[126.87313,37.53687],[126.89071,37.52882],[126.9083,37.53687],[126.9083,37.55297]]]},"properties":{"row":6,"col":1,"walk_min":7.3,"nearest_station_id":"kr_073","nearest_station_name":"Yeomchang","nearest_station_name_ko":"염창","a":30,"c":31,"e":38,"g":43,"i":34,"k":51,"m":52,"o":26,"b":30,"d":31,"f":38,"h":43,"j":34,"l":51,"n":52,"p":26}},{"type":"Feature","geometry":{"type":"Polygon","coordinates":[[[127.15455,37.55297],[127.13697,37.56103],[127.11938,37.55297],[127.11938,37.53687],[127.13697,37.52882],[127.15455,37.53687],[127.15455,37.55297]]]},"properties":{"row":6,"col":8,"walk_min":4.9,"nearest_station_id":"kr_200","nearest_station_name":"Amsa History Park","nearest_station_name_ko":"암사역사공원","a":43,"c":42,"e":33,"g":28,"i":44,"k":28,"m":36,"o":53,"b":43,"d":42,"f":33,"h":28,"j":44,"l":28,"n":36,"p":53}},{"type":"Feature","geometry":{"type":"Polygon","coordinates":[[[126.78518,37.48051],[126.76759,37.48856],[126.75,37.48051],[126.75,37.46441],[126.76759,37.45636],[126.78518,37.46441],[126.78518,37.48051]]]},"properties":{"row":3,"col":-1,"walk_min":19.0,"nearest_station_id":"kr_060","nearest_station_name":"Bucheon","nearest_station_name_ko":"부천","a":57,"c":60,"e":67,"g":72,"i":63,"k":80,"m":81,"o":54,"b":57,"d":60,"f":67,"h":72,"j":63,"l":80,"n":81,"p":54}},{"type":"Feature","geometry":{"type":"Polygon","coordinates":[[[127.03143,37.72205],[127.01384,37.7301],[126.99625,37.72205],[126.99625,37.70595],[127.01384,37.6979],[127.03143,37.70595],[127.03143,37.72205]]]},"properties":{"row":13,"col":1,"walk_min":40.5,"nearest_station_id":"kr_449","nearest_station_name":"Mangwolsa (Shinhan University)","nearest_station_name_ko":"망월사(신한대학교)","a":90,"c":88,"e":102,"g":88,"i":110,"k":102,"m":90,"o":99,"b":90,"d":88,"f":102,"h":88,"j":110,"l":102,"n":90,"p":99}},{"type":"Feature","geometry":{"type":"Polygon","coordinates":[[[127.06661,37.72205],[127.04902,37.7301],[127.03143,37.72205],[127.03143,37.70595],[127.04902,37.6979],[127.06661,37.70595],[127.06661,37.72205]]]},"properties":{"row":13,"col":2,"walk_min":11.9,"nearest_station_id":"kr_449","nearest_station_name":"Mangwolsa (Shinhan University)","nearest_station_name_ko":"망월사(신한대학교)","a":62,"c":60,"e":74,"g":60,"i":82,"k":74,"m":62,"o":71,"b":62,"d":60,"f":74,"h":60,"j":82,"l":74,"n":62,"p":71}},{"type":"Feature","geometry":{"type":"Polygon","coordinates":[[[126.96107,37.57713],[126.94348,37.58518],[126.92589,37.57713],[126.92589,37.56103],[126.94348,37.55297],[126.96107,37.56103],[126.96107,37.57713]]]},"properties":{"row":7,"col":2,"walk_min":6.0,"nearest_station_id":"kr_067","nearest_station_name":"무악재","nearest_station_name_ko":"무악재","a":20,"c":17,"e":40,"g":27,"i":39,"k":47,"m":36,"o":22,"b":20,"d":17,"f":40,"h":27,"j":39,"l":47,"n":36,"p":22}},{"type":"Feature","geometry":{"type":"Polygon","coordinates":[[[127.04902,37.7462],[127.03143,37.75426],[127.01384,37.7462],[127.01384,37.7301],[127.03143,37.72205],[127.04902,37.7301],[127.04902,37.7462]]]},"properties":{"row":14,"col":1,"walk_min":21.7,"nearest_station_id":"kr_065","nearest_station_name":"Uijeongbu","nearest_station_name_ko":"의정부","a":78,"c":76,"e":90,"g":76,"i":96,"k":90,"m":78,"o":87,"b":78,"d":76,"f":90,"h":76,"j":96,"l":90,"n":78,"p":87}},{"type":"Feature","geometry":{"type":"Polygon","coordinates":[[[126.97866,37.35974],[126.96107,37.36779],[126.94348,37.35974],[126.94348,37.34364],[126.96107,37.33559],[126.97866,37.34364],[126.97866,37.35974]]]},"properties":{"row":-2,"col":7,"walk_min":23.2,"nearest_station_id":"kr_072","nearest_station_name":"Gunpo","nearest_station_name_ko":"군포","a":73,"c":75,"e":70,"g":87,"i":59,"k":85,"m":96,"o":73,"b":73,"d":75,"f":70,"h":87,"j":59,"l":85,"n":96,"p":73}},{"type":"Feature","geometry":{"type":"Polygon","coordinates":[[[126.87313,37.55297],[126.85554,37.56103],[126.83795,37.55297],[126.83795,37.53687],[126.85554,37.52882],[126.87313,37.53687],[126.87313,37.55297]]]},"properties":{"row":6,"col":0,"walk_min":4.0,"nearest_station_id":"kr_102","nearest_station_name":"Gayang","nearest_station_name_ko":"가양","a":33,"c":33,"e":40,"g":46,"i":36,"k":53,"m":55,"o":24,"b":33,"d":33,"f":40,"h":46,"j":36,"l":53,"n":55,"p":24}},{"type":"Feature","geometry":{"type":"Polygon","coordinates":[[[126.89071,37.57713],[126.87313,37.58518],[126.85554,37.57713],[126.85554,37.56103],[126.87313,37.55297],[126.89071,37.56103],[126.89071,37.57713]]]},"properties":{"row":7,"col":0,"walk_min":24.2,"nearest_station_id":"kr_073","nearest_station_name":"Yeomchang","nearest_station_name_ko":"염창","a":51,"c":51,"e":60,"g":63,"i":56,"k":73,"m":72,"o":47,"b":51,"d":51,"f":60,"h":63,"j":56,"l":73,"n":72,"p":47}},{"type":"Feature","geometry":{"type":"Polygon","coordinates":[[[126.82036,37.52882],[126.80277,37.53687],[126.78518,37.52882],[126.78518,37.51272],[126.80277,37.50467],[126.82036,37.51272],[126.82036,37.52882]]]},"properties":{"row":5,"col":-1,"walk_min":21.7,"nearest_station_id":"kr_206","nearest_station_name":"부천종합운동장","nearest_station_name_ko":"부천종합운동장","a":58,"c":61,"e":68,"g":73,"i":64,"k":81,"m":82,"o":55,"b":58,"d":61,"f":68,"h":73,"j":64,"l":81,"n":82,"p":55}},{"type":"Feature","geometry":{"type":"Polygon","coordinates":[[[126.85554,37.52882],[126.83795,37.53687],[126.82036,37.52882],[126.82036,37.51272],[126.83795,37.50467],[126.85554,37.51272],[126.85554,37.52882]]]},"properties":{"row":5,"col":0,"walk_min":10.2,"nearest_station_id":"kr_297","nearest_station_name":"Hwagok","nearest_station_name_ko":"화곡","a":40,"c":43,"e":50,"g":54,"i":45,"k":63,"m":64,"o":37,"b":40,"d":43,"f":50,"h":54,"j":45,"l":63,"n":64,"p":37}},{"type":"Feature","geometry":{"type":"Polygon","coordinates":[[[126.94348,37.60128],[126.92589,37.60933],[126.9083,37.60128],[126.9083,37.58518],[126.92589,37.57713],[126.94348,37.58518],[126.94348,37.60128]]]},"properties":{"row":8,"col":1,"walk_min":8.0,"nearest_station_id":"kr_110","nearest_station_name":"Hongje (Seoul Culture Arts Univ.)","nearest_station_name_ko":"홍제(서울문화예술대)","a":31,"c":28,"e":48,"g":34,"i":49,"k":55,"m":44,"o":39,"b":31,"d":28,"f":48,"h":34,"j":49,"l":55,"n":44,"p":39}},{"type":"Feature","geometry":{"type":"Polygon","coordinates":[[[126.92589,37.62544],[126.9083,37.63349],[126.89071,37.62544],[126.89071,37.60933],[126.9083,37.60128],[126.92589,37.60933],[126.92589,37.62544]]]},"properties":{"row":9,"col":0,"walk_min":9.7,"nearest_station_id":"kr_390","nearest_station_name":"구산","nearest_station_name_ko":"구산","a":39,"c":36,"e":56,"g":42,"i":57,"k":63,"m":51,"o":47,"b":39,"d":36,"f":56,"h":42,"j":57,"l":63,"n":51,"p":47}},{"type":"Feature","geometry":{"type":"Polygon","coordinates":[[[126.96107,37.62544],[126.94348,37.63349],[126.92589,37.62544],[126.92589,37.60933],[126.94348,37.60128],[126.96107,37.60933],[126.96107,37.62544]]]},"properties":{"row":9,"col":1,"walk_min":19.3,"nearest_station_id":"kr_080","nearest_station_name":"녹번","nearest_station_name_ko":"녹번","a":44,"c":42,"e":62,"g":48,"i":64,"k":68,"m":57,"o":53,"b":44,"d":42,"f":62,"h":48,"j":64,"l":68,"n":57,"p":53}},{"type":"Feature","geometry":{"type":"Polygon","coordinates":[[[126.94348,37.35974],[126.92589,37.36779],[126.9083,37.35974],[126.9083,37.34364],[126.92589,37.33559],[126.94348,37.34364],[126.94348,37.35974]]]},"properties":{"row":-2,"col":6,"walk_min":11.9,"nearest_station_id":"kr_364","nearest_station_name":"Surisan","nearest_station_name_ko":"수리산","a":64,"c":67,"e":61,"g":79,"i":50,"k":76,"m":87,"o":65,"b":64,"d":67,"f":61,"h":79,"j":50,"l":76,"n":87,"p":65}},{"type":"Feature","geometry":{"type":"Polygon","coordinates":[[[127.03143,37.62544],[127.01384,37.63349],[126.99625,37.62544],[126.99625,37.60933],[127.01384,37.60128],[127.03143,37.60933],[127.03143,37.62544]]]},"properties":{"row":9,"col":3,"walk_min":13.2,"nearest_station_id":"kr_082","nearest_station_name":"Gireum","nearest_station_name_ko":"길음","a":37,"c":35,"e":49,"g":35,"i":57,"k":56,"m":44,"o":46,"b":37,"d":35,"f":49,"h":35,"j":57,"l":56,"n":44,"p":46}},{"type":"Feature","geometry":{"type":"Polygon","coordinates":[[[126.99625,37.28728],[126.97866,37.29533],[126.96107,37.28728],[126.96107,37.27118],[126.97866,37.26313],[126.99625,37.27118],[126.99625,37.28728]]]},"properties":{"row":-5,"col":9,"walk_min":19.9,"nearest_station_id":"kr_461","nearest_station_name":"Hwaseo","nearest_station_name_ko":"화서","a":86,"c":89,"e":83,"g":100,"i":72,"k":98,"m":107,"o":87,"b":86,"d":89,"f":83,"h":100,"j":72,"l":98,"n":107,"p":87}},{"type":"Feature","geometry":{"type":"Polygon","coordinates":[[[127.01384,37.31144],[126.99625,37.31949],[126.97866,37.31144],[126.97866,37.29533],[126.99625,37.28728],[127.01384,37.29533],[127.01384,37.31144]]]},"properties":{"row":-4,"col":9,"walk_min":24.9,"nearest_station_id":"kr_085","nearest_station_name":"Sungkyunkwan Univ","nearest_station_name_ko":"성균관대","a":90,"c":92,"e":87,"g":103,"i":77,"k":100,"m":110,"o":91,"b":90,"d":92,"f":87,"h":103,"j":77,"l":100,"n":110,"p":91}},{"type":"Feature","geometry":{"type":"Polygon","coordinates":[[[127.13697,37.57713],[127.11938,37.58518],[127.10179,37.57713],[127.10179,37.56103],[127.11938,37.55297],[127.13697,37.56103],[127.13697,37.57713]]]},"properties":{"row":7,"col":7,"walk_min":19.7,"nearest_station_id":"kr_088","nearest_station_name":"광나루","nearest_station_name_ko":"광나루","a":52,"c":51,"e":52,"g":37,"i":59,"k":50,"m":47,"o":62,"b":52,"d":51,"f":52,"h":37,"j":59,"l":50,"n":47,"p":62}},{"type":"Feature","geometry":{"type":"Polygon","coordinates":[[[127.03143,37.77036],[127.01384,37.77841],[126.99625,37.77036],[126.99625,37.75426],[127.01384,37.7462],[127.03143,37.75426],[127.03143,37.77036]]]},"properties":{"row":15,"col":0,"walk_min":33.8,"nearest_station_id":"kr_421","nearest_station_name":"Nogyang","nearest_station_name_ko":"녹양","a":95,"c":93,"e":107,"g":93,"i":112,"k":106,"m":95,"o":104,"b":95,"d":93,"f":107,"h":93,"j":112,"l":106,"n":95,"p":104}},{"type":"Feature","geometry":{"type":"Polygon","coordinates":[[[127.06661,37.77036],[127.04902,37.77841],[127.03143,37.77036],[127.03143,37.75426],[127.04902,37.7462],[127.06661,37.75426],[127.06661,37.77036]]]},"properties":{"row":15,"col":1,"walk_min":13.9,"nearest_station_id":"kr_421","nearest_station_name":"Nogyang","nearest_station_name_ko":"녹양","a":75,"c":73,"e":87,"g":73,"i":95,"k":86,"m":75,"o":84,"b":75,"d":73,"f":87,"h":73,"j":95,"l":86,"n":75,"p":84}},{"type":"Feature","geometry":{"type":"Polygon","coordinates":[[[127.04902,37.79451],[127.03143,37.80256],[127.01384,37.79451],[127.01384,37.77841],[127.03143,37.77036],[127.04902,37.77841],[127.04902,37.79451]]]},"properties":{"row":16,"col":0,"walk_min":28.3,"nearest_station_id":"kr_092","nearest_station_name":"Yangju","nearest_station_name_ko":"양주","a":92,"c":90,"e":103,"g":90,"i":109,"k":102,"m":92,"o":100,"b":92,"d":90,"f":103,"h":90,"j":109,"l":102,"n":92,"p":100}},{"type":"Feature","geometry":{"type":"Polygon","coordinates":[[[127.11938,37.60128],[127.10179,37.60933],[127.0842,37.60128],[127.0842,37.58518],[127.10179,37.57713],[127.11938,37.58518],[127.11938,37.60128]]]},"properties":{"row":8,"col":6,"walk_min":12.9,"nearest_station_id":"kr_120","nearest_station_name":"사가정","nearest_station_name_ko":"사가정","a":47,"c":45,"e":51,"g":35,"i":58,"k":55,"m":44,"o":57,"b":47,"d":45,"f":51,"h":35,"j":58,"l":55,"n":44,"p":57}},{"type":"Feature","geometry":{"type":"Polygon","coordinates":[[[126.85554,37.57713],[126.83795,37.58518],[126.82036,37.57713],[126.82036,37.56103],[126.83795,37.55297],[126.85554,37.56103],[126.85554,37.57713]]]},"properties":{"row":7,"col":-1,"walk_min":20.5,"nearest_station_id":"kr_102","nearest_station_name":"Gayang","nearest_station_name_ko":"가양","a":57,"c":56,"e":64,"g":69,"i":60,"k":77,"m":78,"o":46,"b":57,"d":56,"f":64,"h":69,"j":60,"l":77,"n":78,"p":46}},{"type":"Feature","geometry":{"type":"Polygon","coordinates":[[[126.9083,37.64959],[126.89071,37.65764],[126.87313,37.64959],[126.87313,37.63349],[126.89071,37.62544],[126.9083,37.63349],[126.9083,37.64959]]]},"properties":{"row":10,"col":-1,"walk_min":17.1,"nearest_station_id":"kr_126","nearest_station_name":"Wonheung","nearest_station_name_ko":"원흥","a":55,"c":52,"e":72,"g":59,"i":75,"k":79,"m":68,"o":64,"b":55,"d":52,"f":72,"h":59,"j":75,"l":79,"n":68,"p":64}},{"type":"Feature","geometry":{"type":"Polygon","coordinates":[[[126.92589,37.67374],[126.9083,37.68179],[126.89071,37.67374],[126.89071,37.65764],[126.9083,37.64959],[126.92589,37.65764],[126.92589,37.67374]]]},"properties":{"row":11,"col":-1,"walk_min":28.4,"nearest_station_id":"kr_115","nearest_station_name":"Samsong","nearest_station_name_ko":"삼송","a":66,"c":63,"e":82,"g":70,"i":85,"k":88,"m":79,"o":75,"b":66,"d":63,"f":82,"h":70,"j":85,"l":88,"n":79,"p":75}},{"type":"Feature","geometry":{"type":"Polygon","coordinates":[[[126.94348,37.64959],[126.92589,37.65764],[126.9083,37.64959],[126.9083,37.63349],[126.92589,37.62544],[126.94348,37.63349],[126.94348,37.64959]]]},"properties":{"row":10,"col":0,"walk_min":14.6,"nearest_station_id":"kr_192","nearest_station_name":"구파발","nearest_station_name_ko":"구파발","a":47,"c":45,"e":64,"g":51,"i":67,"k":71,"m":60,"o":56,"b":47,"d":45,"f":64,"h":51,"j":67,"l":71,"n":60,"p":56}},{"type":"Feature","geometry":{"type":"Polygon","coordinates":[[[126.71482,37.48051],[126.69723,37.48856],[126.67964,37.48051],[126.67964,37.46441],[126.69723,37.45636],[126.71482,37.46441],[126.71482,37.48051]]]},"properties":{"row":3,"col":-3,"walk_min":11.9,"nearest_station_id":"kr_378","nearest_station_name":"Dongam","nearest_station_name_ko":"동암","a":64,"c":67,"e":74,"g":79,"i":70,"k":87,"m":88,"o":61,"b":64,"d":67,"f":74,"h":79,"j":70,"l":87,"n":88,"p":61}},{"type":"Feature","geometry":{"type":"Polygon","coordinates":[[[126.73241,37.50467],[126.71482,37.51272],[126.69723,37.50467],[126.69723,37.48856],[126.71482,37.48051],[126.73241,37.48856],[126.73241,37.50467]]]},"properties":{"row":4,"col":-3,"walk_min":7.7,"nearest_station_id":"kr_287","nearest_station_name":"Bupyeong-gu Office","nearest_station_name_ko":"부평구청","a":60,"c":63,"e":70,"g":75,"i":66,"k":83,"m":84,"o":57,"b":60,"d":63,"f":70,"h":75,"j":66,"l":83,"n":84,"p":57}},{"type":"Feature","geometry":{"type":"Polygon","coordinates":[[[126.75,37.48051],[126.73241,37.48856],[126.71482,37.48051],[126.71482,37.46441],[126.73241,37.45636],[126.75,37.46441],[126.75,37.48051]]]},"properties":{"row":3,"col":-2,"walk_min":19.2,"nearest_station_id":"kr_105","nearest_station_name":"Bupyeong","nearest_station_name_ko":"부평","a":65,"c":68,"e":75,"g":80,"i":71,"k":88,"m":89,"o":62,"b":65,"d":68,"f":75,"h":80,"j":71,"l":88,"n":89,"p":62}},{"type":"Feature","geometry":{"type":"Polygon","coordinates":[[[126.89071,37.28728],[126.87313,37.29533],[126.85554,37.28728],[126.85554,37.27118],[126.87313,37.26313],[126.89071,37.27118],[126.89071,37.28728]]]},"properties":{"row":-5,"col":6,"walk_min":50.9,"nearest_station_id":"kr_114","nearest_station_name":"Sangnoksu","nearest_station_name_ko":"상록수","a":107,"c":108,"e":106,"g":112,"i":101,"k":111,"m":115,"o":107,"b":107,"d":108,"f":106,"h":112,"j":101,"l":111,"n":115,"p":107}},{"type":"Feature","geometry":{"type":"Polygon","coordinates":[[[126.87313,37.31144],[126.85554,37.31949],[126.83795,37.31144],[126.83795,37.29533],[126.85554,37.28728],[126.87313,37.29533],[126.87313,37.31144]]]},"properties":{"row":-4,"col":5,"walk_min":15.4,"nearest_station_id":"kr_114","nearest_station_name":"Sangnoksu","nearest_station_name_ko":"상록수","a":83,"c":85,"e":80,"g":97,"i":69,"k":95,"m":106,"o":83,"b":83,"d":85,"f":80,"h":97,"j":69,"l":95,"n":106,"p":83}},{"type":"Feature","geometry":{"type":"Polygon","coordinates":[[[126.9083,37.31144],[126.89071,37.31949],[126.87313,37.31144],[126.87313,37.29533],[126.89071,37.28728],[126.9083,37.29533],[126.9083,37.31144]]]},"properties":{"row":-4,"col":6,"walk_min":25.5,"nearest_station_id":"kr_114","nearest_station_name":"Sangnoksu","nearest_station_name_ko":"상록수","a":90,"c":92,"e":87,"g":104,"i":76,"k":102,"m":112,"o":90,"b":90,"d":92,"f":87,"h":104,"j":76,"l":102,"n":112,"p":90}},{"type":"Feature","geometry":{"type":"Polygon","coordinates":[[[127.13697,37.48051],[127.11938,37.48856],[127.10179,37.48051],[127.10179,37.46441],[127.11938,37.45636],[127.13697,37.46441],[127.13697,37.48051]]]},"properties":{"row":3,"col":9,"walk_min":13.8,"nearest_station_id":"kr_117","nearest_station_name":"Munjeong","nearest_station_name_ko":"문정","a":59,"c":61,"e":37,"g":51,"i":48,"k":32,"m":43,"o":67,"b":59,"d":61,"f":37,"h":51,"j":48,"l":32,"n":43,"p":67}},{"type":"Feature","geometry":{"type":"Polygon","coordinates":[[[127.17214,37.57713],[127.15455,37.58518],[127.13697,37.57713],[127.13697,37.56103],[127.15455,37.55297],[127.17214,37.56103],[127.17214,37.57713]]]},"properties":{"row":7,"col":8,"walk_min":12.2,"nearest_station_id":"kr_231","nearest_station_name":"Jangja Lake Park","nearest_station_name_ko":"장자호수공원","a":57,"c":56,"e":48,"g":42,"i":59,"k":43,"m":52,"o":67,"b":57,"d":56,"f":48,"h":42,"j":59,"l":43,"n":52,"p":67}},{"type":"Feature","geometry":{"type":"Polygon","coordinates":[[[126.89071,37.67374],[126.87313,37.68179],[126.85554,37.67374],[126.85554,37.65764],[126.87313,37.64959],[126.89071,37.65764],[126.89071,37.67374]]]},"properties":{"row":11,"col":-2,"walk_min":24.2,"nearest_station_id":"kr_126","nearest_station_name":"Wonheung","nearest_station_name_ko":"원흥","a":66,"c":64,"e":83,"g":70,"i":86,"k":90,"m":79,"o":75,"b":66,"d":64,"f":83,"h":70,"j":86,"l":90,"n":79,"p":75}},{"type":"Feature","geometry":{"type":"Polygon","coordinates":[[[127.17214,37.48051],[127.15455,37.48856],[127.13697,37.48051],[127.13697,37.46441],[127.15455,37.45636],[127.17214,37.46441],[127.17214,37.48051]]]},"properties":{"row":3,"col":10,"walk_min":13.8,"nearest_station_id":"kr_440","nearest_station_name":"Macheon","nearest_station_name_ko":"마천","a":64,"c":65,"e":42,"g":53,"i":53,"k":37,"m":48,"o":73,"b":64,"d":65,"f":42,"h":53,"j":53,"l":37,"n":48,"p":73}},{"type":"Feature","geometry":{"type":"Polygon","coordinates":[[[126.83795,37.55297],[126.82036,37.56103],[126.80277,37.55297],[126.80277,37.53687],[126.82036,37.52882],[126.83795,37.53687],[126.83795,37.55297]]]},"properties":{"row":6,"col":-1,"walk_min":13.1,"nearest_station_id":"kr_391","nearest_station_name":"Magok","nearest_station_name_ko":"마곡","a":49,"c":51,"e":58,"g":63,"i":54,"k":71,"m":72,"o":43,"b":49,"d":51,"f":58,"h":63,"j":54,"l":71,"n":72,"p":43}},{"type":"Feature","geometry":{"type":"Polygon","coordinates":[[[126.82036,37.57713],[126.80277,37.58518],[126.78518,37.57713],[126.78518,37.56103],[126.80277,37.55297],[126.82036,37.56103],[126.82036,37.57713]]]},"properties":{"row":7,"col":-2,"walk_min":14.3,"nearest_station_id":"kr_189","nearest_station_name":"Gimpo Int'l Airport","nearest_station_name_ko":"김포공항","a":56,"c":55,"e":62,"g":68,"i":58,"k":75,"m":77,"o":44,"b":56,"d":55,"f":62,"h":68,"j":58,"l":75,"n":77,"p":44}},{"type":"Feature","geometry":{"type":"Polygon","coordinates":[[[126.99625,37.48051],[126.97866,37.48856],[126.96107,37.48051],[126.96107,37.46441],[126.97866,37.45636],[126.99625,37.46441],[126.99625,37.48051]]]},"properties":{"row":3,"col":5,"walk_min":7.5,"nearest_station_id":"kr_133","nearest_station_name":"Sadang","nearest_station_name_ko":"사당","a":29,"c":32,"e":20,"g":43,"i":9,"k":35,"m":46,"o":37,"b":29,"d":32,"f":20,"h":43,"j":9,"l":35,"n":46,"p":37}},{"type":"Feature","geometry":{"type":"Polygon","coordinates":[[[126.92589,37.57713],[126.9083,37.58518],[126.89071,37.57713],[126.89071,37.56103],[126.9083,37.55297],[126.92589,37.56103],[126.92589,37.57713]]]},"properties":{"row":7,"col":1,"walk_min":5.5,"nearest_station_id":"kr_240","nearest_station_name":"망원","nearest_station_name_ko":"망원","a":28,"c":30,"e":43,"g":38,"i":40,"k":56,"m":47,"o":36,"b":28,"d":30,"f":43,"h":38,"j":40,"l":56,"n":47,"p":36}},{"type":"Feature","geometry":{"type":"Polygon","coordinates":[[[126.87313,37.64959],[126.85554,37.65764],[126.83795,37.64959],[126.83795,37.63349],[126.85554,37.62544],[126.87313,37.63349],[126.87313,37.64959]]]},"properties":{"row":10,"col":-2,"walk_min":21.1,"nearest_station_id":"kr_167","nearest_station_name":"Hwajeong","nearest_station_name_ko":"화정","a":70,"c":67,"e":87,"g":74,"i":90,"k":94,"m":83,"o":79,"b":70,"d":67,"f":87,"h":74,"j":90,"l":94,"n":83,"p":79}},{"type":"Feature","geometry":{"type":"Polygon","coordinates":[[[126.85554,37.67374],[126.83795,37.68179],[126.82036,37.67374],[126.82036,37.65764],[126.83795,37.64959],[126.85554,37.65764],[126.85554,37.67374]]]},"properties":{"row":11,"col":-3,"walk_min":25.4,"nearest_station_id":"kr_145","nearest_station_name":"Wondang","nearest_station_name_ko":"원당","a":72,"c":70,"e":89,"g":76,"i":91,"k":94,"m":85,"o":81,"b":72,"d":70,"f":89,"h":76,"j":91,"l":94,"n":85,"p":81}},{"type":"Feature","geometry":{"type":"Polygon","coordinates":[[[127.18973,37.55297],[127.17214,37.56103],[127.15455,37.55297],[127.15455,37.53687],[127.17214,37.52882],[127.18973,37.53687],[127.18973,37.55297]]]},"properties":{"row":6,"col":9,"walk_min":14.1,"nearest_station_id":"kr_171","nearest_station_name":"Sangil-dong","nearest_station_name_ko":"상일동","a":62,"c":61,"e":48,"g":47,"i":59,"k":43,"m":53,"o":72,"b":62,"d":61,"f":48,"h":47,"j":59,"l":43,"n":53,"p":72}},{"type":"Feature","geometry":{"type":"Polygon","coordinates":[[[127.20732,37.57713],[127.18973,37.58518],[127.17214,37.57713],[127.17214,37.56103],[127.18973,37.55297],[127.20732,37.56103],[127.20732,37.57713]]]},"properties":{"row":7,"col":9,"walk_min":24.6,"nearest_station_id":"kr_331","nearest_station_name":"Misa","nearest_station_name_ko":"미사","a":74,"c":74,"e":65,"g":61,"i":76,"k":61,"m":69,"o":84,"b":74,"d":74,"f":65,"h":61,"j":76,"l":61,"n":69,"p":84}},{"type":"Feature","geometry":{"type":"Polygon","coordinates":[[[127.11938,37.35974],[127.10179,37.36779],[127.0842,37.35974],[127.0842,37.34364],[127.10179,37.33559],[127.11938,37.34364],[127.11938,37.35974]]]},"properties":{"row":-2,"col":11,"walk_min":17.3,"nearest_station_id":"kr_172","nearest_station_name":"Migeum","nearest_station_name_ko":"미금","a":79,"c":81,"e":55,"g":79,"i":66,"k":70,"m":82,"o":88,"b":79,"d":81,"f":55,"h":79,"j":66,"l":70,"n":82,"p":88}},{"type":"Feature","geometry":{"type":"Polygon","coordinates":[[[127.13697,37.3839],[127.11938,37.39195],[127.10179,37.3839],[127.10179,37.36779],[127.11938,37.35974],[127.13697,37.36779],[127.13697,37.3839]]]},"properties":{"row":-1,"col":11,"walk_min":19.4,"nearest_station_id":"kr_148","nearest_station_name":"Jeongja","nearest_station_name_ko":"정자","a":76,"c":78,"e":52,"g":76,"i":62,"k":67,"m":78,"o":84,"b":76,"d":78,"f":52,"h":76,"j":62,"l":67,"n":78,"p":84}},{"type":"Feature","geometry":{"type":"Polygon","coordinates":[[[126.76759,37.50467],[126.75,37.51272],[126.73241,37.50467],[126.73241,37.48856],[126.75,37.48051],[126.76759,37.48856],[126.76759,37.50467]]]},"properties":{"row":4,"col":-2,"walk_min":5.6,"nearest_station_id":"kr_292","nearest_station_name":"상동","nearest_station_name_ko":"상동","a":50,"c":53,"e":60,"g":65,"i":56,"k":73,"m":74,"o":47,"b":50,"d":53,"f":60,"h":65,"j":56,"l":73,"n":74,"p":47}},{"type":"Feature","geometry":{"type":"Polygon","coordinates":[[[127.10179,37.48051],[127.0842,37.48856],[127.06661,37.48051],[127.06661,37.46441],[127.0842,37.45636],[127.10179,37.46441],[127.10179,37.48051]]]},"properties":{"row":3,"col":8,"walk_min":16.1,"nearest_station_id":"kr_298","nearest_station_name":"Irwon","nearest_station_name_ko":"일원","a":54,"c":56,"e":30,"g":54,"i":41,"k":39,"m":50,"o":63,"b":54,"d":56,"f":30,"h":54,"j":41,"l":39,"n":50,"p":63}},{"type":"Feature","geometry":{"type":"Polygon","coordinates":[[[126.82036,37.62544],[126.80277,37.63349],[126.78518,37.62544],[126.78518,37.60933],[126.80277,37.60128],[126.82036,37.60933],[126.82036,37.62544]]]},"properties":{"row":9,"col":-3,"walk_min":41.3,"nearest_station_id":"kr_198","nearest_station_name":"Daegok","nearest_station_name_ko":"대곡","a":97,"c":94,"e":107,"g":100,"i":108,"k":110,"m":105,"o":103,"b":97,"d":94,"f":107,"h":100,"j":108,"l":110,"n":105,"p":103}},{"type":"Feature","geometry":{"type":"Polygon","coordinates":[[[126.83795,37.64959],[126.82036,37.65764],[126.80277,37.64959],[126.80277,37.63349],[126.82036,37.62544],[126.83795,37.63349],[126.83795,37.64959]]]},"properties":{"row":10,"col":-3,"walk_min":12.3,"nearest_station_id":"kr_167","nearest_station_name":"Hwajeong","nearest_station_name_ko":"화정","a":65,"c":62,"e":82,"g":69,"i":85,"k":89,"m":78,"o":74,"b":65,"d":62,"f":82,"h":69,"j":85,"l":89,"n":78,"p":74}},{"type":"Feature","geometry":{"type":"Polygon","coordinates":[[[126.85554,37.62544],[126.83795,37.63349],[126.82036,37.62544],[126.82036,37.60933],[126.83795,37.60128],[126.85554,37.60933],[126.85554,37.62544]]]},"properties":{"row":9,"col":-2,"walk_min":33.4,"nearest_station_id":"kr_167","nearest_station_name":"Hwajeong","nearest_station_name_ko":"화정","a":87,"c":84,"e":104,"g":91,"i":107,"k":110,"m":100,"o":96,"b":87,"d":84,"f":104,"h":91,"j":107,"l":110,"n":100,"p":96}},{"type":"Feature","geometry":{"type":"Polygon","coordinates":[[[126.83795,37.31144],[126.82036,37.31949],[126.80277,37.31144],[126.80277,37.29533],[126.82036,37.28728],[126.83795,37.29533],[126.83795,37.31144]]]},"properties":{"row":-4,"col":4,"walk_min":27.3,"nearest_station_id":"kr_426","nearest_station_name":"Gojan","nearest_station_name_ko":"고잔","a":103,"c":105,"e":99,"g":115,"i":89,"k":113,"m":118,"o":103,"b":103,"d":105,"f":99,"h":115,"j":89,"l":113,"n":118,"p":103}},{"type":"Feature","geometry":{"type":"Polygon","coordinates":[[[126.82036,37.33559],[126.80277,37.34364],[126.78518,37.33559],[126.78518,37.31949],[126.80277,37.31144],[126.82036,37.31949],[126.82036,37.33559]]]},"properties":{"row":-3,"col":3,"walk_min":15.7,"nearest_station_id":"kr_230","nearest_station_name":"Choji","nearest_station_name_ko":"초지","a":93,"c":95,"e":90,"g":105,"i":79,"k":102,"m":111,"o":93,"b":93,"d":95,"f":90,"h":105,"j":79,"l":102,"n":111,"p":93}},{"type":"Feature","geometry":{"type":"Polygon","coordinates":[[[126.85554,37.33559],[126.83795,37.34364],[126.82036,37.33559],[126.82036,37.31949],[126.83795,37.31144],[126.85554,37.31949],[126.85554,37.33559]]]},"properties":{"row":-3,"col":4,"walk_min":22.9,"nearest_station_id":"kr_426","nearest_station_name":"Gojan","nearest_station_name_ko":"고잔","a":95,"c":97,"e":92,"g":107,"i":83,"k":105,"m":114,"o":95,"b":95,"d":97,"f":92,"h":107,"j":83,"l":105,"n":114,"p":95}},{"type":"Feature","geometry":{"type":"Polygon","coordinates":[[[127.15455,37.45636],[127.13697,37.46441],[127.11938,37.45636],[127.11938,37.44026],[127.13697,37.43221],[127.15455,37.44026],[127.15455,37.45636]]]},"properties":{"row":2,"col":10,"walk_min":15.0,"nearest_station_id":"kr_170","nearest_station_name":"Namwirye","nearest_station_name_ko":"남위례","a":67,"c":69,"e":45,"g":59,"i":56,"k":40,"m":51,"o":76,"b":67,"d":69,"f":45,"h":59,"j":56,"l":40,"n":51,"p":76}},{"type":"Feature","geometry":{"type":"Polygon","coordinates":[[[127.13697,37.33559],[127.11938,37.34364],[127.10179,37.33559],[127.10179,37.31949],[127.11938,37.31144],[127.13697,37.31949],[127.13697,37.33559]]]},"properties":{"row":-3,"col":12,"walk_min":25.9,"nearest_station_id":"kr_233","nearest_station_name":"Suji-gu Office","nearest_station_name_ko":"수지구청","a":92,"c":93,"e":68,"g":92,"i":78,"k":83,"m":93,"o":98,"b":92,"d":93,"f":68,"h":92,"j":78,"l":83,"n":93,"p":98}},{"type":"Feature","geometry":{"type":"Polygon","coordinates":[[[127.15455,37.35974],[127.13697,37.36779],[127.11938,37.35974],[127.11938,37.34364],[127.13697,37.33559],[127.15455,37.34364],[127.15455,37.35974]]]},"properties":{"row":-2,"col":12,"walk_min":40.9,"nearest_station_id":"kr_172","nearest_station_name":"Migeum","nearest_station_name_ko":"미금","a":101,"c":103,"e":77,"g":101,"i":87,"k":92,"m":103,"o":109,"b":101,"d":103,"f":77,"h":101,"j":87,"l":92,"n":103,"p":109}},{"type":"Feature","geometry":{"type":"Polygon","coordinates":[[[126.80277,37.55297],[126.78518,37.56103],[126.76759,37.55297],[126.76759,37.53687],[126.78518,37.52882],[126.80277,37.53687],[126.80277,37.55297]]]},"properties":{"row":6,"col":-2,"walk_min":36.3,"nearest_station_id":"kr_189","nearest_station_name":"Gimpo Int'l Airport","nearest_station_name_ko":"김포공항","a":77,"c":77,"e":85,"g":90,"i":81,"k":97,"m":98,"o":68,"b":77,"d":77,"f":85,"h":90,"j":81,"l":97,"n":98,"p":68}},{"type":"Feature","geometry":{"type":"Polygon","coordinates":[[[126.85554,37.48051],[126.83795,37.48856],[126.82036,37.48051],[126.82036,37.46441],[126.83795,37.45636],[126.85554,37.46441],[126.85554,37.48051]]]},"properties":{"row":3,"col":1,"walk_min":15.4,"nearest_station_id":"kr_194","nearest_station_name":"천왕","nearest_station_name_ko":"천왕","a":51,"c":54,"e":58,"g":65,"i":56,"k":71,"m":75,"o":48,"b":51,"d":54,"f":58,"h":65,"j":56,"l":71,"n":75,"p":48}},{"type":"Feature","geometry":{"type":"Polygon","coordinates":[[[127.0842,37.6979],[127.06661,37.70595],[127.04902,37.6979],[127.04902,37.68179],[127.06661,37.67374],[127.0842,37.68179],[127.0842,37.6979]]]},"properties":{"row":12,"col":3,"walk_min":11.1,"nearest_station_id":"kr_195","nearest_station_name":"수락산","nearest_station_name_ko":"수락산","a":58,"c":57,"e":67,"g":53,"i":76,"k":71,"m":60,"o":68,"b":58,"d":57,"f":67,"h":53,"j":76,"l":71,"n":60,"p":68}},{"type":"Feature","geometry":{"type":"Polygon","coordinates":[[[126.80277,37.64959],[126.78518,37.65764],[126.76759,37.64959],[126.76759,37.63349],[126.78518,37.62544],[126.80277,37.63349],[126.80277,37.64959]]]},"properties":{"row":10,"col":-4,"walk_min":14.2,"nearest_station_id":"kr_228","nearest_station_name":"Baekseok","nearest_station_name_ko":"백석","a":74,"c":71,"e":91,"g":78,"i":94,"k":98,"m":87,"o":83,"b":74,"d":71,"f":91,"h":78,"j":94,"l":98,"n":87,"p":83}},{"type":"Feature","geometry":{"type":"Polygon","coordinates":[[[127.10179,37.67374],[127.0842,37.68179],[127.06661,37.67374],[127.06661,37.65764],[127.0842,37.64959],[127.10179,37.65764],[127.10179,37.67374]]]},"properties":{"row":11,"col":4,"walk_min":11.5,"nearest_station_id":"kr_229","nearest_station_name":"Sanggye","nearest_station_name_ko":"상계","a":52,"c":50,"e":64,"g":50,"i":72,"k":70,"m":59,"o":61,"b":52,"d":50,"f":64,"h":50,"j":72,"l":70,"n":59,"p":61}},{"type":"Feature","geometry":{"type":"Polygon","coordinates":[[[126.89071,37.48051],[126.87313,37.48856],[126.85554,37.48051],[126.85554,37.46441],[126.87313,37.45636],[126.89071,37.46441],[126.89071,37.48051]]]},"properties":{"row":3,"col":2,"walk_min":6.8,"nearest_station_id":"kr_291","nearest_station_name":"가산디지털단지","nearest_station_name_ko":"가산디지털단지","a":45,"c":48,"e":45,"g":58,"i":47,"k":58,"m":66,"o":43,"b":45,"d":48,"f":45,"h":58,"j":47,"l":58,"n":66,"p":43}},{"type":"Feature","geometry":{"type":"Polygon","coordinates":[[[126.78518,37.52882],[126.76759,37.53687],[126.75,37.52882],[126.75,37.51272],[126.76759,37.50467],[126.78518,37.51272],[126.78518,37.52882]]]},"properties":{"row":5,"col":-2,"walk_min":21.3,"nearest_station_id":"kr_280","nearest_station_name":"부천시청","nearest_station_name_ko":"부천시청","a":66,"c":68,"e":75,"g":80,"i":71,"k":89,"m":89,"o":62,"b":66,"d":68,"f":75,"h":80,"j":71,"l":89,"n":89,"p":62}},{"type":"Feature","geometry":{"type":"Polygon","coordinates":[[[127.11938,37.64959],[127.10179,37.65764],[127.0842,37.64959],[127.0842,37.63349],[127.10179,37.62544],[127.11938,37.63349],[127.11938,37.64959]]]},"properties":{"row":10,"col":5,"walk_min":17.2,"nearest_station_id":"kr_176","nearest_station_name":"공릉","nearest_station_name_ko":"공릉","a":65,"c":64,"e":68,"g":57,"i":77,"k":70,"m":66,"o":75,"b":65,"d":64,"f":68,"h":57,"j":77,"l":70,"n":66,"p":75}},{"type":"Feature","geometry":{"type":"Polygon","coordinates":[[[126.80277,37.31144],[126.78518,37.31949],[126.76759,37.31144],[126.76759,37.29533],[126.78518,37.28728],[126.80277,37.29533],[126.80277,37.31144]]]},"properties":{"row":-4,"col":3,"walk_min":35.6,"nearest_station_id":"kr_263","nearest_station_name":"Ansan","nearest_station_name_ko":"안산","a":113,"c":114,"e":111,"g":117,"i":101,"k":117,"m":119,"o":113,"b":113,"d":114,"f":111,"h":117,"j":101,"l":117,"n":119,"p":113}},{"type":"Feature","geometry":{"type":"Polygon","coordinates":[[[127.15455,37.60128],[127.13697,37.60933],[127.11938,37.60128],[127.11938,37.58518],[127.13697,37.57713],[127.15455,37.58518],[127.15455,37.60128]]]},"properties":{"row":8,"col":7,"walk_min":10.4,"nearest_station_id":"kr_231","nearest_station_name":"Jangja Lake Park","nearest_station_name_ko":"장자호수공원","a":57,"c":56,"e":51,"g":42,"i":61,"k":47,"m":52,"o":67,"b":57,"d":56,"f":51,"h":42,"j":61,"l":47,"n":52,"p":67}},{"type":"Feature","geometry":{"type":"Polygon","coordinates":[[[127.18973,37.45636],[127.17214,37.46441],[127.15455,37.45636],[127.15455,37.44026],[127.17214,37.43221],[127.18973,37.44026],[127.18973,37.45636]]]},"properties":{"row":2,"col":11,"walk_min":15.6,"nearest_station_id":"kr_232","nearest_station_name":"Namhansanseong","nearest_station_name_ko":"남한산성입구","a":72,"c":74,"e":50,"g":64,"i":61,"k":45,"m":56,"o":81,"b":72,"d":74,"f":50,"h":64,"j":61,"l":45,"n":56,"p":81}},{"type":"Feature","geometry":{"type":"Polygon","coordinates":[[[127.0842,37.31144],[127.06661,37.31949],[127.04902,37.31144],[127.04902,37.29533],[127.06661,37.28728],[127.0842,37.29533],[127.0842,37.31144]]]},"properties":{"row":-4,"col":11,"walk_min":16.1,"nearest_station_id":"kr_307","nearest_station_name":"Sanghyeon","nearest_station_name_ko":"상현","a":90,"c":92,"e":67,"g":91,"i":77,"k":82,"m":93,"o":99,"b":90,"d":92,"f":67,"h":91,"j":77,"l":82,"n":93,"p":99}},{"type":"Feature","geometry":{"type":"Polygon","coordinates":[[[127.10179,37.33559],[127.0842,37.34364],[127.06661,37.33559],[127.06661,37.31949],[127.0842,37.31144],[127.10179,37.31949],[127.10179,37.33559]]]},"properties":{"row":-3,"col":11,"walk_min":13.8,"nearest_station_id":"kr_233","nearest_station_name":"Suji-gu Office","nearest_station_name_ko":"수지구청","a":82,"c":84,"e":58,"g":82,"i":68,"k":73,"m":84,"o":90,"b":82,"d":84,"f":58,"h":82,"j":68,"l":73,"n":84,"p":90}},{"type":"Feature","geometry":{"type":"Polygon","coordinates":[[[127.11938,37.31144],[127.10179,37.31949],[127.0842,37.31144],[127.0842,37.29533],[127.10179,37.28728],[127.11938,37.29533],[127.11938,37.31144]]]},"properties":{"row":-4,"col":12,"walk_min":30.5,"nearest_station_id":"kr_233","nearest_station_name":"Suji-gu Office","nearest_station_name_ko":"수지구청","a":101,"c":103,"e":77,"g":101,"i":87,"k":92,"m":103,"o":108,"b":101,"d":103,"f":77,"h":101,"j":87,"l":92,"n":103,"p":108}},{"type":"Feature","geometry":{"type":"Polygon","coordinates":[[[127.22491,37.40805],[127.20732,37.4161],[127.18973,37.40805],[127.18973,37.39195],[127.20732,37.3839],[127.22491,37.39195],[127.22491,37.40805]]]},"properties":{"row":0,"col":13,"walk_min":27.8,"nearest_station_id":"kr_237","nearest_station_name":"삼동","nearest_station_name_ko":"삼동","a":95,"c":97,"e":71,"g":95,"i":81,"k":86,"m":97,"o":103,"b":95,"d":97,"f":71,"h":95,"j":81,"l":86,"n":97,"p":103}},{"type":"Feature","geometry":{"type":"Polygon","coordinates":[[[127.2425,37.43221],[127.22491,37.44026],[127.20732,37.43221],[127.20732,37.4161],[127.22491,37.40805],[127.2425,37.4161],[127.2425,37.43221]]]},"properties":{"row":1,"col":13,"walk_min":54.4,"nearest_station_id":"kr_236","nearest_station_name":"Samdong","nearest_station_name_ko":"삼동","a":111,"c":112,"e":97,"g":111,"i":103,"k":106,"m":112,"o":116,"b":111,"d":112,"f":97,"h":111,"j":103,"l":106,"n":112,"p":116}},{"type":"Feature","geometry":{"type":"Polygon","coordinates":[[[126.97866,37.45636],[126.96107,37.46441],[126.94348,37.45636],[126.94348,37.44026],[126.96107,37.43221],[126.97866,37.44026],[126.97866,37.45636]]]},"properties":{"row":2,"col":5,"walk_min":33.3,"nearest_station_id":"kr_319","nearest_station_name":"Nakseongdae","nearest_station_name_ko":"낙성대","a":58,"c":61,"e":49,"g":72,"i":38,"k":64,"m":75,"o":67,"b":58,"d":61,"f":49,"h":72,"j":38,"l":64,"n":75,"p":67}},{"type":"Feature","geometry":{"type":"Polygon","coordinates":[[[127.01384,37.45636],[126.99625,37.46441],[126.97866,37.45636],[126.97866,37.44026],[126.99625,37.43221],[127.01384,37.44026],[127.01384,37.45636]]]},"properties":{"row":2,"col":6,"walk_min":15.4,"nearest_station_id":"kr_247","nearest_station_name":"Namtaeryeong","nearest_station_name_ko":"남태령","a":42,"c":45,"e":33,"g":56,"i":22,"k":48,"m":59,"o":51,"b":42,"d":45,"f":33,"h":56,"j":22,"l":48,"n":59,"p":51}},{"type":"Feature","geometry":{"type":"Polygon","coordinates":[[[126.69723,37.45636],[126.67964,37.46441],[126.66205,37.45636],[126.66205,37.44026],[126.67964,37.43221],[126.69723,37.44026],[126.69723,37.45636]]]},"properties":{"row":2,"col":-3,"walk_min":19.9,"nearest_station_id":"kr_456","nearest_station_name":"Dohwa","nearest_station_name_ko":"도화","a":77,"c":80,"e":87,"g":91,"i":83,"k":99,"m":99,"o":74,"b":77,"d":80,"f":87,"h":91,"j":83,"l":99,"n":99,"p":74}},{"type":"Feature","geometry":{"type":"Polygon","coordinates":[[[126.67964,37.48051],[126.66205,37.48856],[126.64446,37.48051],[126.64446,37.46441],[126.66205,37.45636],[126.67964,37.46441],[126.67964,37.48051]]]},"properties":{"row":3,"col":-4,"walk_min":14.1,"nearest_station_id":"kr_456","nearest_station_name":"Dohwa","nearest_station_name_ko":"도화","a":75,"c":77,"e":84,"g":89,"i":80,"k":98,"m":98,"o":71,"b":75,"d":77,"f":84,"h":89,"j":80,"l":98,"n":98,"p":71}},{"type":"Feature","geometry":{"type":"Polygon","coordinates":[[[126.97866,37.40805],[126.96107,37.4161],[126.94348,37.40805],[126.94348,37.39195],[126.96107,37.3839],[126.97866,37.39195],[126.97866,37.40805]]]},"properties":{"row":0,"col":6,"walk_min":10.8,"nearest_station_id":"kr_284","nearest_station_name":"Pyeongchon","nearest_station_name_ko":"평촌","a":55,"c":58,"e":46,"g":69,"i":35,"k":61,"m":72,"o":63,"b":55,"d":58,"f":46,"h":69,"j":35,"l":61,"n":72,"p":63}},{"type":"Feature","geometry":{"type":"Polygon","coordinates":[[[126.69723,37.50467],[126.67964,37.51272],[126.66205,37.50467],[126.66205,37.48856],[126.67964,37.48051],[126.69723,37.48856],[126.69723,37.50467]]]},"properties":{"row":4,"col":-4,"walk_min":22.9,"nearest_station_id":"kr_258","nearest_station_name":"Sangok","nearest_station_name_ko":"산곡","a":79,"c":82,"e":89,"g":94,"i":85,"k":102,"m":103,"o":76,"b":79,"d":82,"f":89,"h":94,"j":85,"l":102,"n":103,"p":76}},{"type":"Feature","geometry":{"type":"Polygon","coordinates":[[[126.71482,37.52882],[126.69723,37.53687],[126.67964,37.52882],[126.67964,37.51272],[126.69723,37.50467],[126.71482,37.51272],[126.71482,37.52882]]]},"properties":{"row":5,"col":-4,"walk_min":23.6,"nearest_station_id":"kr_258","nearest_station_name":"Sangok","nearest_station_name_ko":"산곡","a":79,"c":82,"e":89,"g":94,"i":85,"k":102,"m":103,"o":76,"b":79,"d":82,"f":89,"h":94,"j":85,"l":102,"n":103,"p":76}},{"type":"Feature","geometry":{"type":"Polygon","coordinates":[[[126.78518,37.67374],[126.76759,37.68179],[126.75,37.67374],[126.75,37.65764],[126.76759,37.64959],[126.78518,37.65764],[126.78518,37.67374]]]},"properties":{"row":11,"col":-5,"walk_min":11.5,"nearest_station_id":"kr_302","nearest_station_name":"Jeongbalsan","nearest_station_name_ko":"정발산","a":79,"c":76,"e":96,"g":83,"i":99,"k":103,"m":92,"o":88,"b":79,"d":76,"f":96,"h":83,"j":99,"l":103,"n":92,"p":88}},{"type":"Feature","geometry":{"type":"Polygon","coordinates":[[[127.13697,37.62544],[127.11938,37.63349],[127.10179,37.62544],[127.10179,37.60933],[127.11938,37.60128],[127.13697,37.60933],[127.13697,37.62544]]]},"properties":{"row":9,"col":6,"walk_min":16.9,"nearest_station_id":"kr_468","nearest_station_name":"Sinnae","nearest_station_name_ko":"신내","a":66,"c":65,"e":66,"g":56,"i":76,"k":66,"m":65,"o":76,"b":66,"d":65,"f":66,"h":56,"j":76,"l":66,"n":65,"p":76}},{"type":"Feature","geometry":{"type":"Polygon","coordinates":[[[127.17214,37.62544],[127.15455,37.63349],[127.13697,37.62544],[127.13697,37.60933],[127.15455,37.60128],[127.17214,37.60933],[127.17214,37.62544]]]},"properties":{"row":9,"col":7,"walk_min":17.6,"nearest_station_id":"kr_264","nearest_station_name":"Guri","nearest_station_name_ko":"구리","a":71,"c":70,"e":63,"g":56,"i":74,"k":58,"m":66,"o":81,"b":71,"d":70,"f":63,"h":56,"j":74,"l":58,"n":66,"p":81}},{"type":"Feature","geometry":{"type":"Polygon","coordinates":[[[127.04902,37.45636],[127.03143,37.46441],[127.01384,37.45636],[127.01384,37.44026],[127.03143,37.43221],[127.04902,37.44026],[127.04902,37.45636]]]},"properties":{"row":2,"col":7,"walk_min":19.2,"nearest_station_id":"kr_040","nearest_station_name":"Cheonggyesan","nearest_station_name_ko":"청계산입구","a":53,"c":55,"e":34,"g":58,"i":38,"k":50,"m":61,"o":62,"b":53,"d":55,"f":34,"h":58,"j":38,"l":50,"n":61,"p":62}},{"type":"Feature","geometry":{"type":"Polygon","coordinates":[[[126.75,37.52882],[126.73241,37.53687],[126.71482,37.52882],[126.71482,37.51272],[126.73241,37.50467],[126.75,37.51272],[126.75,37.52882]]]},"properties":{"row":5,"col":-3,"walk_min":20.1,"nearest_station_id":"kr_287","nearest_station_name":"Bupyeong-gu Office","nearest_station_name_ko":"부평구청","a":71,"c":73,"e":80,"g":85,"i":76,"k":94,"m":94,"o":67,"b":71,"d":73,"f":80,"h":85,"j":76,"l":94,"n":94,"p":67}},{"type":"Feature","geometry":{"type":"Polygon","coordinates":[[[126.9083,37.60128],[126.89071,37.60933],[126.87313,37.60128],[126.87313,37.58518],[126.89071,37.57713],[126.9083,37.58518],[126.9083,37.60128]]]},"properties":{"row":8,"col":0,"walk_min":23.3,"nearest_station_id":"kr_390","nearest_station_name":"구산","nearest_station_name_ko":"구산","a":52,"c":52,"e":67,"g":59,"i":64,"k":78,"m":68,"o":61,"b":52,"d":52,"f":67,"h":59,"j":64,"l":78,"n":68,"p":61}},{"type":"Feature","geometry":{"type":"Polygon","coordinates":[[[127.22491,37.55297],[127.20732,37.56103],[127.18973,37.55297],[127.18973,37.53687],[127.20732,37.52882],[127.22491,37.53687],[127.22491,37.55297]]]},"properties":{"row":6,"col":10,"walk_min":23.2,"nearest_station_id":"kr_301","nearest_station_name":"하남풍산","nearest_station_name_ko":"하남풍산","a":80,"c":79,"e":70,"g":65,"i":81,"k":65,"m":74,"o":90,"b":80,"d":79,"f":70,"h":65,"j":81,"l":65,"n":74,"p":90}},{"type":"Feature","geometry":{"type":"Polygon","coordinates":[[[127.2425,37.57713],[127.22491,37.58518],[127.20732,37.57713],[127.20732,37.56103],[127.22491,37.55297],[127.2425,37.56103],[127.2425,37.57713]]]},"properties":{"row":7,"col":10,"walk_min":51.7,"nearest_station_id":"kr_301","nearest_station_name":"하남풍산","nearest_station_name_ko":"하남풍산","a":97,"c":96,"e":92,"g":89,"i":97,"k":89,"m":94,"o":102,"b":97,"d":96,"f":92,"h":89,"j":97,"l":89,"n":94,"p":102}},{"type":"Feature","geometry":{"type":"Polygon","coordinates":[[[127.06661,37.28728],[127.04902,37.29533],[127.03143,37.28728],[127.03143,37.27118],[127.04902,37.26313],[127.06661,37.27118],[127.06661,37.28728]]]},"properties":{"row":-5,"col":11,"walk_min":36.1,"nearest_station_id":"kr_357","nearest_station_name":"Gwanggyo Jungang","nearest_station_name_ko":"광교중앙","a":114,"c":115,"e":92,"g":115,"i":102,"k":107,"m":115,"o":116,"b":114,"d":115,"f":92,"h":115,"j":102,"l":107,"n":115,"p":116}},{"type":"Feature","geometry":{"type":"Polygon","coordinates":[[[127.10179,37.28728],[127.0842,37.29533],[127.06661,37.28728],[127.06661,37.27118],[127.0842,37.26313],[127.10179,37.27118],[127.10179,37.28728]]]},"properties":{"row":-5,"col":12,"walk_min":38.4,"nearest_station_id":"kr_307","nearest_station_name":"Sanghyeon","nearest_station_name_ko":"상현","a":111,"c":112,"e":91,"g":111,"i":101,"k":106,"m":112,"o":114,"b":111,"d":112,"f":91,"h":111,"j":101,"l":106,"n":112,"p":114}},{"type":"Feature","geometry":{"type":"Polygon","coordinates":[[[127.13697,37.67374],[127.11938,37.68179],[127.10179,37.67374],[127.10179,37.65764],[127.11938,37.64959],[127.13697,37.65764],[127.13697,37.67374]]]},"properties":{"row":11,"col":5,"walk_min":16.9,"nearest_station_id":"kr_310","nearest_station_name":"Byeollaebyeolgaram","nearest_station_name_ko":"별내별가람","a":67,"c":65,"e":78,"g":65,"i":86,"k":85,"m":74,"o":76,"b":67,"d":65,"f":78,"h":65,"j":86,"l":85,"n":74,"p":76}},{"type":"Feature","geometry":{"type":"Polygon","coordinates":[[[126.96107,37.48051],[126.94348,37.48856],[126.92589,37.48051],[126.92589,37.46441],[126.94348,37.45636],[126.96107,37.46441],[126.96107,37.48051]]]},"properties":{"row":3,"col":4,"walk_min":12.5,"nearest_station_id":"kr_370","nearest_station_name":"Seoul Nat'l University (Gwanak-gu Office)","nearest_station_name_ko":"서울대입구(관악구청)","a":40,"c":42,"e":33,"g":54,"i":23,"k":48,"m":58,"o":41,"b":40,"d":42,"f":33,"h":54,"j":23,"l":48,"n":58,"p":41}},{"type":"Feature","geometry":{"type":"Polygon","coordinates":[[[127.01384,37.40805],[126.99625,37.4161],[126.97866,37.40805],[126.97866,37.39195],[126.99625,37.3839],[127.01384,37.39195],[127.01384,37.40805]]]},"properties":{"row":0,"col":7,"walk_min":31.8,"nearest_station_id":"kr_325","nearest_station_name":"Indeogwon","nearest_station_name_ko":"인덕원","a":74,"c":77,"e":65,"g":87,"i":54,"k":80,"m":91,"o":82,"b":74,"d":77,"f":65,"h":87,"j":54,"l":80,"n":91,"p":82}},{"type":"Feature","geometry":{"type":"Polygon","coordinates":[[[126.64446,37.48051],[126.62687,37.48856],[126.60929,37.48051],[126.60929,37.46441],[126.62687,37.45636],[126.64446,37.46441],[126.64446,37.48051]]]},"properties":{"row":3,"col":-5,"walk_min":15.8,"nearest_station_id":"kr_458","nearest_station_name":"Incheon","nearest_station_name_ko":"인천","a":83,"c":85,"e":92,"g":96,"i":88,"k":104,"m":104,"o":79,"b":83,"d":85,"f":92,"h":96,"j":88,"l":104,"n":104,"p":79}},{"type":"Feature","geometry":{"type":"Polygon","coordinates":[[[126.66205,37.50467],[126.64446,37.51272],[126.62687,37.50467],[126.62687,37.48856],[126.64446,37.48051],[126.66205,37.48856],[126.66205,37.50467]]]},"properties":{"row":4,"col":-5,"walk_min":44.4,"nearest_station_id":"kr_330","nearest_station_name":"Dongincheon","nearest_station_name_ko":"동인천","a":105,"c":107,"e":110,"g":111,"i":109,"k":113,"m":114,"o":102,"b":105,"d":107,"f":110,"h":111,"j":109,"l":113,"n":114,"p":102}},{"type":"Feature","geometry":{"type":"Polygon","coordinates":[[[127.03143,37.43221],[127.01384,37.44026],[126.99625,37.43221],[126.99625,37.4161],[127.01384,37.40805],[127.03143,37.4161],[127.03143,37.43221]]]},"properties":{"row":1,"col":7,"walk_min":16.0,"nearest_station_id":"kr_346","nearest_station_name":"Seoul Grand park","nearest_station_name_ko":"대공원","a":48,"c":50,"e":38,"g":61,"i":28,"k":54,"m":65,"o":56,"b":48,"d":50,"f":38,"h":61,"j":28,"l":54,"n":65,"p":56}},{"type":"Feature","geometry":{"type":"Polygon","coordinates":[[[126.76759,37.64959],[126.75,37.65764],[126.73241,37.64959],[126.73241,37.63349],[126.75,37.62544],[126.76759,37.63349],[126.76759,37.64959]]]},"properties":{"row":10,"col":-5,"walk_min":59.1,"nearest_station_id":"kr_261","nearest_station_name":"Madu","nearest_station_name_ko":"마두","a":103,"c":102,"e":111,"g":105,"i":112,"k":114,"m":109,"o":107,"b":103,"d":102,"f":111,"h":105,"j":112,"l":114,"n":109,"p":107}},{"type":"Feature","geometry":{"type":"Polygon","coordinates":[[[126.75,37.67374],[126.73241,37.68179],[126.71482,37.67374],[126.71482,37.65764],[126.73241,37.64959],[126.75,37.65764],[126.75,37.67374]]]},"properties":{"row":11,"col":-6,"walk_min":25.9,"nearest_station_id":"kr_424","nearest_station_name":"Daehwa","nearest_station_name_ko":"대화","a":97,"c":95,"e":112,"g":101,"i":114,"k":116,"m":110,"o":106,"b":97,"d":95,"f":112,"h":101,"j":114,"l":116,"n":110,"p":106}},{"type":"Feature","geometry":{"type":"Polygon","coordinates":[[[126.75,37.33559],[126.73241,37.34364],[126.71482,37.33559],[126.71482,37.31949],[126.73241,37.31144],[126.75,37.31949],[126.75,37.33559]]]},"properties":{"row":-3,"col":1,"walk_min":41.6,"nearest_station_id":"kr_351","nearest_station_name":"Jeongwang","nearest_station_name_ko":"정왕","a":118,"c":118,"e":117,"g":120,"i":113,"k":119,"m":120,"o":118,"b":118,"d":118,"f":117,"h":120,"j":113,"l":119,"n":120,"p":118}},{"type":"Feature","geometry":{"type":"Polygon","coordinates":[[[126.76759,37.35974],[126.75,37.36779],[126.73241,37.35974],[126.73241,37.34364],[126.75,37.33559],[126.76759,37.34364],[126.76759,37.35974]]]},"properties":{"row":-2,"col":1,"walk_min":12.9,"nearest_station_id":"kr_351","nearest_station_name":"Jeongwang","nearest_station_name_ko":"정왕","a":102,"c":105,"e":99,"g":116,"i":88,"k":113,"m":120,"o":103,"b":102,"d":105,"f":99,"h":116,"j":88,"l":113,"n":120,"p":103}},{"type":"Feature","geometry":{"type":"Polygon","coordinates":[[[127.15455,37.64959],[127.13697,37.65764],[127.11938,37.64959],[127.11938,37.63349],[127.13697,37.62544],[127.15455,37.63349],[127.15455,37.64959]]]},"properties":{"row":10,"col":6,"walk_min":20.0,"nearest_station_id":"kr_438","nearest_station_name":"Byeollae","nearest_station_name_ko":"별내","a":78,"c":77,"e":75,"g":67,"i":85,"k":73,"m":76,"o":88,"b":78,"d":77,"f":75,"h":67,"j":85,"l":73,"n":76,"p":88}},{"type":"Feature","geometry":{"type":"Polygon","coordinates":[[[127.17214,37.43221],[127.15455,37.44026],[127.13697,37.43221],[127.13697,37.4161],[127.15455,37.40805],[127.17214,37.4161],[127.17214,37.43221]]]},"properties":{"row":1,"col":11,"walk_min":22.9,"nearest_station_id":"kr_265","nearest_station_name":"Dandaeogeori","nearest_station_name_ko":"단대오거리","a":83,"c":85,"e":61,"g":76,"i":72,"k":58,"m":69,"o":91,"b":83,"d":85,"f":61,"h":76,"j":72,"l":58,"n":69,"p":91}},{"type":"Feature","geometry":{"type":"Polygon","coordinates":[[[126.80277,37.60128],[126.78518,37.60933],[126.76759,37.60128],[126.76759,37.58518],[126.78518,37.57713],[126.80277,37.58518],[126.80277,37.60128]]]},"properties":{"row":8,"col":-3,"walk_min":44.7,"nearest_station_id":"kr_429","nearest_station_name":"Gaehwa","nearest_station_name_ko":"개화","a":89,"c":88,"e":93,"g":97,"i":91,"k":101,"m":102,"o":80,"b":89,"d":88,"f":93,"h":97,"j":91,"l":101,"n":102,"p":80}},{"type":"Feature","geometry":{"type":"Polygon","coordinates":[[[126.83795,37.60128],[126.82036,37.60933],[126.80277,37.60128],[126.80277,37.58518],[126.82036,37.57713],[126.83795,37.58518],[126.83795,37.60128]]]},"properties":{"row":8,"col":-2,"walk_min":28.1,"nearest_station_id":"kr_441","nearest_station_name":"방화","nearest_station_name_ko":"방화","a":77,"c":75,"e":86,"g":85,"i":84,"k":96,"m":94,"o":71,"b":77,"d":75,"f":86,"h":85,"j":84,"l":96,"n":94,"p":71}},{"type":"Feature","geometry":{"type":"Polygon","coordinates":[[[127.20732,37.52882],[127.18973,37.53687],[127.17214,37.52882],[127.17214,37.51272],[127.18973,37.50467],[127.20732,37.51272],[127.20732,37.52882]]]},"properties":{"row":5,"col":10,"walk_min":41.4,"nearest_station_id":"kr_360","nearest_station_name":"Hanam City Hall (Deokpung·Sinjang)","nearest_station_name_ko":"하남시청(덕풍·신장)","a":95,"c":94,"e":82,"g":82,"i":91,"k":77,"m":86,"o":104,"b":95,"d":94,"f":82,"h":82,"j":91,"l":77,"n":86,"p":104}},{"type":"Feature","geometry":{"type":"Polygon","coordinates":[[[127.2425,37.52882],[127.22491,37.53687],[127.20732,37.52882],[127.20732,37.51272],[127.22491,37.50467],[127.2425,37.51272],[127.2425,37.52882]]]},"properties":{"row":5,"col":11,"walk_min":67.5,"nearest_station_id":"kr_469","nearest_station_name":"Hanam Geomdansan","nearest_station_name_ko":"하남검단산","a":108,"c":108,"e":103,"g":101,"i":109,"k":101,"m":106,"o":113,"b":108,"d":108,"f":103,"h":101,"j":109,"l":101,"n":106,"p":113}},{"type":"Feature","geometry":{"type":"Polygon","coordinates":[[[127.20732,37.72205],[127.18973,37.7301],[127.17214,37.72205],[127.17214,37.70595],[127.18973,37.6979],[127.20732,37.70595],[127.20732,37.72205]]]},"properties":{"row":13,"col":6,"walk_min":16.3,"nearest_station_id":"kr_361","nearest_station_name":"Onam","nearest_station_name_ko":"오남","a":81,"c":79,"e":93,"g":79,"i":100,"k":99,"m":88,"o":90,"b":81,"d":79,"f":93,"h":79,"j":100,"l":99,"n":88,"p":90}},{"type":"Feature","geometry":{"type":"Polygon","coordinates":[[[126.99625,37.43221],[126.97866,37.44026],[126.96107,37.43221],[126.96107,37.4161],[126.97866,37.40805],[126.99625,37.4161],[126.99625,37.43221]]]},"properties":{"row":1,"col":6,"walk_min":22.5,"nearest_station_id":"kr_367","nearest_station_name":"Government Complex Gwacheon","nearest_station_name_ko":"정부과천청사","a":59,"c":62,"e":50,"g":73,"i":39,"k":65,"m":76,"o":67,"b":59,"d":62,"f":50,"h":73,"j":39,"l":65,"n":76,"p":67}},{"type":"Feature","geometry":{"type":"Polygon","coordinates":[[[127.03143,37.19067],[127.01384,37.19872],[126.99625,37.19067],[126.99625,37.17456],[127.01384,37.16651],[127.03143,37.17456],[127.03143,37.19067]]]},"properties":{"row":-9,"col":12,"walk_min":42.3,"nearest_station_id":"kr_047","nearest_station_name":"Byeongjeom","nearest_station_name_ko":"병점","a":116,"c":117,"e":115,"g":120,"i":112,"k":119,"m":120,"o":116,"b":116,"d":117,"f":115,"h":120,"j":112,"l":119,"n":120,"p":116}},{"type":"Feature","geometry":{"type":"Polygon","coordinates":[[[127.06661,37.19067],[127.04902,37.19872],[127.03143,37.19067],[127.03143,37.17456],[127.04902,37.16651],[127.06661,37.17456],[127.06661,37.19067]]]},"properties":{"row":-9,"col":13,"walk_min":25.1,"nearest_station_id":"kr_466","nearest_station_name":"Seodongtan","nearest_station_name_ko":"서동탄","a":107,"c":109,"e":105,"g":119,"i":97,"k":117,"m":120,"o":108,"b":107,"d":109,"f":105,"h":119,"j":97,"l":117,"n":120,"p":108}},{"type":"Feature","geometry":{"type":"Polygon","coordinates":[[[126.92589,37.43221],[126.9083,37.44026],[126.89071,37.43221],[126.89071,37.4161],[126.9083,37.40805],[126.92589,37.4161],[126.92589,37.43221]]]},"properties":{"row":1,"col":4,"walk_min":12.1,"nearest_station_id":"kr_413","nearest_station_name":"Gwanak","nearest_station_name_ko":"관악","a":47,"c":50,"e":57,"g":61,"i":53,"k":70,"m":71,"o":48,"b":47,"d":50,"f":57,"h":61,"j":53,"l":70,"n":71,"p":48}},{"type":"Feature","geometry":{"type":"Polygon","coordinates":[[[126.92589,37.33559],[126.9083,37.34364],[126.89071,37.33559],[126.89071,37.31949],[126.9083,37.31144],[126.92589,37.31949],[126.92589,37.33559]]]},"properties":{"row":-3,"col":6,"walk_min":13.6,"nearest_station_id":"kr_415","nearest_station_name":"Banwol","nearest_station_name_ko":"반월","a":73,"c":75,"e":70,"g":87,"i":59,"k":85,"m":96,"o":73,"b":73,"d":75,"f":70,"h":87,"j":59,"l":85,"n":96,"p":73}},{"type":"Feature","geometry":{"type":"Polygon","coordinates":[[[126.76759,37.6979],[126.75,37.70595],[126.73241,37.6979],[126.73241,37.68179],[126.75,37.67374],[126.76759,37.68179],[126.76759,37.6979]]]},"properties":{"row":12,"col":-6,"walk_min":19.4,"nearest_station_id":"kr_424","nearest_station_name":"Daehwa","nearest_station_name_ko":"대화","a":90,"c":89,"e":106,"g":94,"i":109,"k":112,"m":102,"o":99,"b":90,"d":89,"f":106,"h":94,"j":109,"l":112,"n":102,"p":99}},{"type":"Feature","geometry":{"type":"Polygon","coordinates":[[[126.89071,37.33559],[126.87313,37.34364],[126.85554,37.33559],[126.85554,37.31949],[126.87313,37.31144],[126.89071,37.31949],[126.89071,37.33559]]]},"properties":{"row":-3,"col":5,"walk_min":34.3,"nearest_station_id":"kr_114","nearest_station_name":"Sangnoksu","nearest_station_name_ko":"상록수","a":99,"c":101,"e":97,"g":111,"i":86,"k":109,"m":119,"o":99,"b":99,"d":101,"f":97,"h":111,"j":86,"l":109,"n":119,"p":99}},{"type":"Feature","geometry":{"type":"Polygon","coordinates":[[[126.78518,37.33559],[126.76759,37.34364],[126.75,37.33559],[126.75,37.31949],[126.76759,37.31144],[126.78518,37.31949],[126.78518,37.33559]]]},"properties":{"row":-3,"col":2,"walk_min":22.6,"nearest_station_id":"kr_263","nearest_station_name":"Ansan","nearest_station_name_ko":"안산","a":104,"c":106,"e":101,"g":115,"i":91,"k":114,"m":120,"o":104,"b":104,"d":106,"f":101,"h":115,"j":91,"l":114,"n":120,"p":104}},{"type":"Feature","geometry":{"type":"Polygon","coordinates":[[[126.80277,37.35974],[126.78518,37.36779],[126.76759,37.35974],[126.76759,37.34364],[126.78518,37.33559],[126.80277,37.34364],[126.80277,37.35974]]]},"properties":{"row":-2,"col":2,"walk_min":32.2,"nearest_station_id":"kr_263","nearest_station_name":"Ansan","nearest_station_name_ko":"안산","a":113,"c":114,"e":111,"g":120,"i":102,"k":119,"m":120,"o":113,"b":113,"d":114,"f":111,"h":120,"j":102,"l":119,"n":120,"p":113}},{"type":"Feature","geometry":{"type":"Polygon","coordinates":[[[126.75,37.3839],[126.73241,37.39195],[126.71482,37.3839],[126.71482,37.36779],[126.73241,37.35974],[126.75,37.36779],[126.75,37.3839]]]},"properties":{"row":-1,"col":0,"walk_min":31.5,"nearest_station_id":"kr_428","nearest_station_name":"Oido","nearest_station_name_ko":"오이도","a":119,"c":120,"e":118,"g":120,"i":111,"k":120,"m":120,"o":120,"b":119,"d":120,"f":118,"h":120,"j":111,"l":120,"n":120,"p":120}},{"type":"Feature","geometry":{"type":"Polygon","coordinates":[[[126.78518,37.3839],[126.76759,37.39195],[126.75,37.3839],[126.75,37.36779],[126.76759,37.35974],[126.78518,37.36779],[126.78518,37.3839]]]},"properties":{"row":-1,"col":1,"walk_min":43.5,"nearest_station_id":"kr_428","nearest_station_name":"Oido","nearest_station_name_ko":"오이도","a":120,"c":120,"e":119,"g":120,"i":116,"k":120,"m":120,"o":120,"b":120,"d":120,"f":119,"h":120,"j":116,"l":120,"n":120,"p":120}},{"type":"Feature","geometry":{"type":"Polygon","coordinates":[[[127.18973,37.50467],[127.17214,37.51272],[127.15455,37.50467],[127.15455,37.48856],[127.17214,37.48051],[127.18973,37.48856],[127.18973,37.50467]]]},"properties":{"row":4,"col":10,"walk_min":28.9,"nearest_station_id":"kr_440","nearest_station_name":"Macheon","nearest_station_name_ko":"마천","a":80,"c":79,"e":59,"g":66,"i":69,"k":54,"m":65,"o":89,"b":80,"d":79,"f":59,"h":66,"j":69,"l":54,"n":65,"p":89}},{"type":"Feature","geometry":{"type":"Polygon","coordinates":[[[126.89071,37.43221],[126.87313,37.44026],[126.85554,37.43221],[126.85554,37.4161],[126.87313,37.40805],[126.89071,37.4161],[126.89071,37.43221]]]},"properties":{"row":1,"col":3,"walk_min":21.1,"nearest_station_id":"kr_442","nearest_station_name":"Gwangmyeong","nearest_station_name_ko":"광명","a":56,"c":59,"e":66,"g":70,"i":62,"k":79,"m":80,"o":57,"b":45,"d":48,"f":66,"h":60,"j":62,"l":79,"n":69,"p":57}},{"type":"Feature","geometry":{"type":"Polygon","coordinates":[[[127.04902,37.31144],[127.03143,37.31949],[127.01384,37.31144],[127.01384,37.29533],[127.03143,37.28728],[127.04902,37.29533],[127.04902,37.31144]]]},"properties":{"row":-4,"col":10,"walk_min":44.3,"nearest_station_id":"kr_444","nearest_station_name":"Gwanggyo","nearest_station_name_ko":"광교","a":116,"c":117,"e":104,"g":119,"i":109,"k":116,"m":120,"o":116,"b":116,"d":117,"f":104,"h":119,"j":109,"l":116,"n":120,"p":116}},{"type":"Feature","geometry":{"type":"Polygon","coordinates":[[[127.06661,37.81867],[127.04902,37.82672],[127.03143,37.81867],[127.03143,37.80256],[127.04902,37.79451],[127.06661,37.80256],[127.06661,37.81867]]]},"properties":{"row":17,"col":0,"walk_min":19.7,"nearest_station_id":"kr_447","nearest_station_name":"Deokgye","nearest_station_name_ko":"덕계","a":92,"c":90,"e":104,"g":90,"i":110,"k":103,"m":92,"o":101,"b":92,"d":90,"f":104,"h":90,"j":110,"l":103,"n":92,"p":101}},{"type":"Feature","geometry":{"type":"Polygon","coordinates":[[[127.0842,37.84282],[127.06661,37.85087],[127.04902,37.84282],[127.04902,37.82672],[127.06661,37.81867],[127.0842,37.82672],[127.0842,37.84282]]]},"properties":{"row":18,"col":0,"walk_min":71.0,"nearest_station_id":"kr_119","nearest_station_name":"Deokjeong (Seojeong College)","nearest_station_name_ko":"덕정(서정대학)","a":112,"c":111,"e":114,"g":111,"i":116,"k":114,"m":112,"o":114,"b":112,"d":111,"f":114,"h":111,"j":116,"l":114,"n":112,"p":114}},{"type":"Feature","geometry":{"type":"Polygon","coordinates":[[[127.10179,37.81867],[127.0842,37.82672],[127.06661,37.81867],[127.06661,37.80256],[127.0842,37.79451],[127.10179,37.80256],[127.10179,37.81867]]]},"properties":{"row":17,"col":1,"walk_min":48.5,"nearest_station_id":"kr_447","nearest_station_name":"Deokgye","nearest_station_name_ko":"덕계","a":112,"c":111,"e":115,"g":111,"i":117,"k":115,"m":112,"o":115,"b":112,"d":111,"f":115,"h":111,"j":117,"l":115,"n":112,"p":115}},{"type":"Feature","geometry":{"type":"Polygon","coordinates":[[[126.73241,37.45636],[126.71482,37.46441],[126.69723,37.45636],[126.69723,37.44026],[126.71482,37.43221],[126.73241,37.44026],[126.73241,37.45636]]]},"properties":{"row":2,"col":-2,"walk_min":34.3,"nearest_station_id":"kr_378","nearest_station_name":"Dongam","nearest_station_name_ko":"동암","a":87,"c":90,"e":96,"g":100,"i":92,"k":108,"m":109,"o":85,"b":87,"d":90,"f":96,"h":100,"j":92,"l":108,"n":109,"p":85}},{"type":"Feature","geometry":{"type":"Polygon","coordinates":[[[126.62687,37.50467],[126.60929,37.51272],[126.5917,37.50467],[126.5917,37.48856],[126.60929,37.48051],[126.62687,37.48856],[126.62687,37.50467]]]},"properties":{"row":4,"col":-6,"walk_min":71.3,"nearest_station_id":"kr_458","nearest_station_name":"Incheon","nearest_station_name_ko":"인천","a":110,"c":111,"e":112,"g":114,"i":111,"k":116,"m":116,"o":109,"b":110,"d":111,"f":112,"h":114,"j":111,"l":116,"n":116,"p":109}},{"type":"Feature","geometry":{"type":"Polygon","coordinates":[[[126.92589,37.3839],[126.9083,37.39195],[126.89071,37.3839],[126.89071,37.36779],[126.9083,37.35974],[126.92589,37.36779],[126.92589,37.3839]]]},"properties":{"row":-1,"col":5,"walk_min":33.0,"nearest_station_id":"kr_459","nearest_station_name":"Myeonghak","nearest_station_name_ko":"명학","a":76,"c":79,"e":79,"g":91,"i":68,"k":94,"m":100,"o":77,"b":76,"d":79,"f":79,"h":91,"j":68,"l":94,"n":100,"p":77}},{"type":"Feature","geometry":{"type":"Polygon","coordinates":[[[127.0842,37.21482],[127.06661,37.22287],[127.04902,37.21482],[127.04902,37.19872],[127.06661,37.19067],[127.0842,37.19872],[127.0842,37.21482]]]},"properties":{"row":-8,"col":13,"walk_min":29.6,"nearest_station_id":"kr_466","nearest_station_name":"Seodongtan","nearest_station_name_ko":"서동탄","a":114,"c":115,"e":113,"g":119,"i":104,"k":118,"m":120,"o":114,"b":114,"d":115,"f":113,"h":119,"j":104,"l":118,"n":120,"p":114}},{"type":"Feature","geometry":{"type":"Polygon","coordinates":[[[127.10179,37.19067],[127.0842,37.19872],[127.06661,37.19067],[127.06661,37.17456],[127.0842,37.16651],[127.10179,37.17456],[127.10179,37.19067]]]},"properties":{"row":-9,"col":14,"walk_min":42.4,"nearest_station_id":"kr_466","nearest_station_name":"Seodongtan","nearest_station_name_ko":"서동탄","a":118,"c":118,"e":118,"g":120,"i":116,"k":119,"m":120,"o":118,"b":118,"d":118,"f":118,"h":120,"j":116,"l":119,"n":120,"p":118}},{"type":"Feature","geometry":{"type":"Polygon","coordinates":[[[127.10179,37.72205],[127.0842,37.7301],[127.06661,37.72205],[127.06661,37.70595],[127.0842,37.6979],[127.10179,37.70595],[127.10179,37.72205]]]},"properties":{"row":13,"col":3,"walk_min":37.9,"nearest_station_id":"kr_467","nearest_station_name":"Jangam","nearest_station_name_ko":"장암","a":86,"c":84,"e":98,"g":84,"i":106,"k":98,"m":87,"o":96,"b":86,"d":84,"f":98,"h":84,"j":106,"l":98,"n":87,"p":96}},{"type":"Feature","geometry":{"type":"Polygon","coordinates":[[[127.22491,37.6979],[127.20732,37.70595],[127.18973,37.6979],[127.18973,37.68179],[127.20732,37.67374],[127.22491,37.68179],[127.22491,37.6979]]]},"properties":{"row":12,"col":7,"walk_min":35.1,"nearest_station_id":"kr_361","nearest_station_name":"Onam","nearest_station_name_ko":"오남","a":99,"c":97,"e":111,"g":97,"i":117,"k":117,"m":107,"o":109,"b":99,"d":97,"f":111,"h":97,"j":117,"l":117,"n":107,"p":109}},{"type":"Feature","geometry":{"type":"Polygon","coordinates":[[[127.2425,37.72205],[127.22491,37.7301],[127.20732,37.72205],[127.20732,37.70595],[127.22491,37.6979],[127.2425,37.70595],[127.2425,37.72205]]]},"properties":{"row":13,"col":7,"walk_min":31.2,"nearest_station_id":"kr_470","nearest_station_name":"Jinjeop","nearest_station_name_ko":"진접","a":99,"c":97,"e":108,"g":97,"i":113,"k":112,"m":106,"o":107,"b":99,"d":97,"f":108,"h":97,"j":113,"l":112,"n":106,"p":107}},{"type":"Feature","geometry":{"type":"Polygon","coordinates":[[[126.85554,37.28728],[126.83795,37.29533],[126.82036,37.28728],[126.82036,37.27118],[126.83795,37.26313],[126.85554,37.27118],[126.85554,37.28728]]]},"properties":{"row":-5,"col":5,"walk_min":61.2,"nearest_station_id":"kr_114","nearest_station_name":"Sangnoksu","nearest_station_name_ko":"상록수","a":111,"c":111,"e":110,"g":115,"i":106,"k":115,"m":117,"o":111,"b":111,"d":111,"f":110,"h":115,"j":106,"l":115,"n":117,"p":111}},{"type":"Feature","geometry":{"type":"Polygon","coordinates":[[[126.97866,37.26313],[126.96107,37.27118],[126.94348,37.26313],[126.94348,37.24703],[126.96107,37.23897],[126.97866,37.24703],[126.97866,37.26313]]]},"properties":{"row":-6,"col":9,"walk_min":57.9,"nearest_station_id":"kr_043","nearest_station_name":"Suwon","nearest_station_name_ko":"수원","a":114,"c":115,"e":113,"g":118,"i":109,"k":118,"m":119,"o":115,"b":114,"d":115,"f":113,"h":118,"j":109,"l":118,"n":119,"p":115}},{"type":"Feature","geometry":{"type":"Polygon","coordinates":[[[126.78518,37.62544],[126.76759,37.63349],[126.75,37.62544],[126.75,37.60933],[126.76759,37.60128],[126.78518,37.60933],[126.78518,37.62544]]]},"properties":{"row":9,"col":-4,"walk_min":67.1,"nearest_station_id":"kr_228","nearest_station_name":"Baekseok","nearest_station_name_ko":"백석","a":108,"c":107,"e":113,"g":109,"i":114,"k":115,"m":112,"o":108,"b":108,"d":107,"f":113,"h":109,"j":114,"l":115,"n":112,"p":108}},{"type":"Feature","geometry":{"type":"Polygon","coordinates":[[[126.87313,37.60128],[126.85554,37.60933],[126.83795,37.60128],[126.83795,37.58518],[126.85554,37.57713],[126.87313,37.58518],[126.87313,37.60128]]]},"properties":{"row":8,"col":-1,"walk_min":48.1,"nearest_station_id":"kr_430","nearest_station_name":"Yangcheon Hyanggyo","nearest_station_name_ko":"양천향교","a":86,"c":84,"e":97,"g":95,"i":95,"k":107,"m":104,"o":84,"b":86,"d":84,"f":97,"h":95,"j":95,"l":107,"n":104,"p":84}},{"type":"Feature","geometry":{"type":"Polygon","coordinates":[[[126.94348,37.31144],[126.92589,37.31949],[126.9083,37.31144],[126.9083,37.29533],[126.92589,37.28728],[126.94348,37.29533],[126.94348,37.31144]]]},"properties":{"row":-4,"col":7,"walk_min":39.5,"nearest_station_id":"kr_415","nearest_station_name":"Banwol","nearest_station_name_ko":"반월","a":101,"c":103,"e":97,"g":113,"i":87,"k":112,"m":116,"o":101,"b":101,"d":103,"f":97,"h":113,"j":87,"l":112,"n":116,"p":101}},{"type":"Feature","geometry":{"type":"Polygon","coordinates":[[[126.96107,37.28728],[126.94348,37.29533],[126.92589,37.28728],[126.92589,37.27118],[126.94348,37.26313],[126.96107,37.27118],[126.96107,37.28728]]]},"properties":{"row":-5,"col":8,"walk_min":47.7,"nearest_station_id":"kr_086","nearest_station_name":"Sungkyunkwan University","nearest_station_name_ko":"성균관대","a":108,"c":110,"e":106,"g":116,"i":98,"k":115,"m":117,"o":109,"b":108,"d":110,"f":106,"h":116,"j":98,"l":115,"n":117,"p":109}},{"type":"Feature","geometry":{"type":"Polygon","coordinates":[[[127.18973,37.40805],[127.17214,37.4161],[127.15455,37.40805],[127.15455,37.39195],[127.17214,37.3839],[127.18973,37.39195],[127.18973,37.40805]]]},"properties":{"row":0,"col":12,"walk_min":43.3,"nearest_station_id":"kr_108","nearest_station_name":"Imae","nearest_station_name_ko":"이매","a":101,"c":103,"e":77,"g":101,"i":87,"k":92,"m":103,"o":109,"b":101,"d":103,"f":77,"h":101,"j":87,"l":92,"n":103,"p":109}},{"type":"Feature","geometry":{"type":"Polygon","coordinates":[[[127.20732,37.43221],[127.18973,37.44026],[127.17214,37.43221],[127.17214,37.4161],[127.18973,37.40805],[127.20732,37.4161],[127.20732,37.43221]]]},"properties":{"row":1,"col":12,"walk_min":31.9,"nearest_station_id":"kr_236","nearest_station_name":"Samdong","nearest_station_name_ko":"삼동","a":98,"c":100,"e":74,"g":96,"i":84,"k":86,"m":97,"o":106,"b":98,"d":100,"f":74,"h":96,"j":84,"l":86,"n":97,"p":106}},{"type":"Feature","geometry":{"type":"Polygon","coordinates":[[[127.18973,37.64959],[127.17214,37.65764],[127.15455,37.64959],[127.15455,37.63349],[127.17214,37.62544],[127.18973,37.63349],[127.18973,37.64959]]]},"properties":{"row":10,"col":7,"walk_min":40.1,"nearest_station_id":"kr_352","nearest_station_name":"Dasan","nearest_station_name_ko":"다산","a":96,"c":95,"e":89,"g":83,"i":99,"k":84,"m":91,"o":103,"b":96,"d":95,"f":89,"h":83,"j":99,"l":84,"n":91,"p":103}},{"type":"Feature","geometry":{"type":"Polygon","coordinates":[[[127.20732,37.62544],[127.18973,37.63349],[127.17214,37.62544],[127.17214,37.60933],[127.18973,37.60128],[127.20732,37.60933],[127.20732,37.62544]]]},"properties":{"row":9,"col":8,"walk_min":55.7,"nearest_station_id":"kr_352","nearest_station_name":"Dasan","nearest_station_name_ko":"다산","a":109,"c":108,"e":101,"g":95,"i":111,"k":97,"m":103,"o":114,"b":109,"d":108,"f":101,"h":95,"j":111,"l":97,"n":103,"p":114}},{"type":"Feature","geometry":{"type":"Polygon","coordinates":[[[126.87313,37.45636],[126.85554,37.46441],[126.83795,37.45636],[126.83795,37.44026],[126.85554,37.43221],[126.87313,37.44026],[126.87313,37.45636]]]},"properties":{"row":2,"col":2,"walk_min":33.2,"nearest_station_id":"kr_256","nearest_station_name":"Cheolsan","nearest_station_name_ko":"철산","a":70,"c":73,"e":73,"g":84,"i":75,"k":86,"m":94,"o":68,"b":68,"d":71,"f":73,"h":82,"j":75,"l":86,"n":92,"p":68}},{"type":"Feature","geometry":{"type":"Polygon","coordinates":[[[127.0842,37.7462],[127.06661,37.75426],[127.04902,37.7462],[127.04902,37.7301],[127.06661,37.72205],[127.0842,37.7301],[127.0842,37.7462]]]},"properties":{"row":14,"col":2,"walk_min":25.0,"nearest_station_id":"kr_065","nearest_station_name":"Uijeongbu","nearest_station_name_ko":"의정부","a":81,"c":79,"e":93,"g":79,"i":99,"k":93,"m":81,"o":90,"b":81,"d":79,"f":93,"h":79,"j":99,"l":93,"n":81,"p":90}},{"type":"Feature","geometry":{"type":"Polygon","coordinates":[[[127.10179,37.77036],[127.0842,37.77841],[127.06661,37.77036],[127.06661,37.75426],[127.0842,37.7462],[127.10179,37.75426],[127.10179,37.77036]]]},"properties":{"row":15,"col":2,"walk_min":46.7,"nearest_station_id":"kr_092","nearest_station_name":"Yangju","nearest_station_name_ko":"양주","a":110,"c":108,"e":115,"g":108,"i":116,"k":115,"m":110,"o":114,"b":110,"d":108,"f":115,"h":108,"j":116,"l":115,"n":110,"p":114}},{"type":"Feature","geometry":{"type":"Polygon","coordinates":[[[127.0842,37.79451],[127.06661,37.80256],[127.04902,37.79451],[127.04902,37.77841],[127.06661,37.77036],[127.0842,37.77841],[127.0842,37.79451]]]},"properties":{"row":16,"col":1,"walk_min":28.0,"nearest_station_id":"kr_092","nearest_station_name":"Yangju","nearest_station_name_ko":"양주","a":92,"c":90,"e":103,"g":90,"i":109,"k":102,"m":92,"o":100,"b":92,"d":90,"f":103,"h":90,"j":109,"l":102,"n":92,"p":100}},{"type":"Feature","geometry":{"type":"Polygon","coordinates":[[[126.92589,37.28728],[126.9083,37.29533],[126.89071,37.28728],[126.89071,37.27118],[126.9083,37.26313],[126.92589,37.27118],[126.92589,37.28728]]]},"properties":{"row":-5,"col":7,"walk_min":66.8,"nearest_station_id":"kr_415","nearest_station_name":"Banwol","nearest_station_name_ko":"반월","a":114,"c":114,"e":113,"g":118,"i":109,"k":118,"m":120,"o":114,"b":114,"d":114,"f":113,"h":118,"j":109,"l":118,"n":120,"p":114}},{"type":"Feature","geometry":{"type":"Polygon","coordinates":[[[126.82036,37.67374],[126.80277,37.68179],[126.78518,37.67374],[126.78518,37.65764],[126.80277,37.64959],[126.82036,37.65764],[126.82036,37.67374]]]},"properties":{"row":11,"col":-4,"walk_min":28.2,"nearest_station_id":"kr_228","nearest_station_name":"Baekseok","nearest_station_name_ko":"백석","a":88,"c":85,"e":102,"g":91,"i":104,"k":108,"m":99,"o":95,"b":88,"d":85,"f":102,"h":91,"j":104,"l":108,"n":99,"p":95}},{"type":"Feature","geometry":{"type":"Polygon","coordinates":[[[127.0842,37.35974],[127.06661,37.36779],[127.04902,37.35974],[127.04902,37.34364],[127.06661,37.33559],[127.0842,37.34364],[127.0842,37.35974]]]},"properties":{"row":-2,"col":10,"walk_min":47.6,"nearest_station_id":"kr_202","nearest_station_name":"Dongcheon","nearest_station_name_ko":"동천","a":110,"c":112,"e":87,"g":110,"i":98,"k":102,"m":113,"o":116,"b":110,"d":112,"f":87,"h":110,"j":98,"l":102,"n":113,"p":116}},{"type":"Feature","geometry":{"type":"Polygon","coordinates":[[[126.73241,37.35974],[126.71482,37.36779],[126.69723,37.35974],[126.69723,37.34364],[126.71482,37.33559],[126.73241,37.34364],[126.73241,37.35974]]]},"properties":{"row":-2,"col":0,"walk_min":33.0,"nearest_station_id":"kr_351","nearest_station_name":"Jeongwang","nearest_station_name_ko":"정왕","a":116,"c":118,"e":114,"g":120,"i":106,"k":120,"m":120,"o":116,"b":116,"d":118,"f":114,"h":120,"j":106,"l":120,"n":120,"p":116}},{"type":"Feature","geometry":{"type":"Polygon","coordinates":[[[126.71482,37.3839],[126.69723,37.39195],[126.67964,37.3839],[126.67964,37.36779],[126.69723,37.35974],[126.71482,37.36779],[126.71482,37.3839]]]},"properties":{"row":-1,"col":-1,"walk_min":99.2,"nearest_station_id":"kr_428","nearest_station_name":"Oido","nearest_station_name_ko":"오이도","a":120,"c":120,"e":120,"g":120,"i":119,"k":120,"m":120,"o":120,"b":120,"d":120,"f":120,"h":120,"j":119,"l":120,"n":120,"p":120}},{"type":"Feature","geometry":{"type":"Polygon","coordinates":[[[126.80277,37.6979],[126.78518,37.70595],[126.76759,37.6979],[126.76759,37.68179],[126.78518,37.67374],[126.80277,37.68179],[126.80277,37.6979]]]},"properties":{"row":12,"col":-5,"walk_min":41.1,"nearest_station_id":"kr_302","nearest_station_name":"Jeongbalsan","nearest_station_name_ko":"정발산","a":108,"c":105,"e":117,"g":111,"i":118,"k":120,"m":115,"o":113,"b":108,"d":105,"f":117,"h":111,"j":118,"l":120,"n":115,"p":113}},{"type":"Feature","geometry":{"type":"Polygon","coordinates":[[[127.11938,37.6979],[127.10179,37.70595],[127.0842,37.6979],[127.0842,37.68179],[127.10179,37.67374],[127.11938,37.68179],[127.11938,37.6979]]]},"properties":{"row":12,"col":4,"walk_min":30.2,"nearest_station_id":"kr_310","nearest_station_name":"Byeollaebyeolgaram","nearest_station_name_ko":"별내별가람","a":77,"c":75,"e":88,"g":75,"i":95,"k":94,"m":84,"o":85,"b":77,"d":75,"f":88,"h":75,"j":95,"l":94,"n":84,"p":85}},{"type":"Feature","geometry":{"type":"Polygon","coordinates":[[[126.87313,37.40805],[126.85554,37.4161],[126.83795,37.40805],[126.83795,37.39195],[126.85554,37.3839],[126.87313,37.39195],[126.87313,37.40805]]]},"properties":{"row":0,"col":3,"walk_min":52.2,"nearest_station_id":"kr_442","nearest_station_name":"Gwangmyeong","nearest_station_name_ko":"광명","a":87,"c":90,"e":97,"g":101,"i":93,"k":110,"m":111,"o":88,"b":76,"d":79,"f":97,"h":91,"j":93,"l":110,"n":100,"p":88}},{"type":"Feature","geometry":{"type":"Polygon","coordinates":[[[126.9083,37.40805],[126.89071,37.4161],[126.87313,37.40805],[126.87313,37.39195],[126.89071,37.3839],[126.9083,37.39195],[126.9083,37.40805]]]},"properties":{"row":0,"col":4,"walk_min":28.4,"nearest_station_id":"kr_010","nearest_station_name":"Anyang","nearest_station_name_ko":"안양","a":65,"c":68,"e":75,"g":79,"i":68,"k":88,"m":89,"o":66,"b":60,"d":62,"f":75,"h":74,"j":68,"l":88,"n":83,"p":66}},{"type":"Feature","geometry":{"type":"Polygon","coordinates":[[[126.96107,37.67374],[126.94348,37.68179],[126.92589,37.67374],[126.92589,37.65764],[126.94348,37.64959],[126.96107,37.65764],[126.96107,37.67374]]]},"properties":{"row":11,"col":0,"walk_min":48.1,"nearest_station_id":"kr_104","nearest_station_name":"Jichuk","nearest_station_name_ko":"지축","a":82,"c":80,"e":98,"g":86,"i":101,"k":105,"m":95,"o":91,"b":82,"d":80,"f":98,"h":86,"j":101,"l":105,"n":95,"p":91}},{"type":"Feature","geometry":{"type":"Polygon","coordinates":[[[127.18973,37.60128],[127.17214,37.60933],[127.15455,37.60128],[127.15455,37.58518],[127.17214,37.57713],[127.18973,37.58518],[127.18973,37.60128]]]},"properties":{"row":8,"col":8,"walk_min":29.5,"nearest_station_id":"kr_231","nearest_station_name":"Jangja Lake Park","nearest_station_name_ko":"장자호수공원","a":79,"c":77,"e":70,"g":64,"i":81,"k":65,"m":73,"o":88,"b":79,"d":77,"f":70,"h":64,"j":81,"l":65,"n":73,"p":88}},{"type":"Feature","geometry":{"type":"Polygon","coordinates":[[[126.66205,37.45636],[126.64446,37.46441],[126.62687,37.45636],[126.62687,37.44026],[126.64446,37.43221],[126.66205,37.44026],[126.66205,37.45636]]]},"properties":{"row":2,"col":-4,"walk_min":29.7,"nearest_station_id":"kr_457","nearest_station_name":"Dowon","nearest_station_name_ko":"도원","a":93,"c":96,"e":102,"g":106,"i":98,"k":111,"m":112,"o":90,"b":93,"d":96,"f":102,"h":106,"j":98,"l":111,"n":112,"p":90}},{"type":"Feature","geometry":{"type":"Polygon","coordinates":[[[127.01384,37.64959],[126.99625,37.65764],[126.97866,37.64959],[126.97866,37.63349],[126.99625,37.62544],[127.01384,37.63349],[127.01384,37.64959]]]},"properties":{"row":10,"col":2,"walk_min":38.3,"nearest_station_id":"kr_116","nearest_station_name":"Suyu (Gangbuk-gu Office)","nearest_station_name_ko":"수유(강북구청)","a":68,"c":66,"e":80,"g":66,"i":88,"k":87,"m":75,"o":77,"b":68,"d":66,"f":80,"h":66,"j":88,"l":87,"n":75,"p":77}},{"type":"Feature","geometry":{"type":"Polygon","coordinates":[[[127.17214,37.67374],[127.15455,37.68179],[127.13697,37.67374],[127.13697,37.65764],[127.15455,37.64959],[127.17214,37.65764],[127.17214,37.67374]]]},"properties":{"row":11,"col":6,"walk_min":44.3,"nearest_station_id":"kr_310","nearest_station_name":"Byeollaebyeolgaram","nearest_station_name_ko":"별내별가람","a":101,"c":99,"e":102,"g":93,"i":110,"k":103,"m":102,"o":107,"b":101,"d":99,"f":102,"h":93,"j":110,"l":103,"n":102,"p":107}},{"type":"Feature","geometry":{"type":"Polygon","coordinates":[[[126.89071,37.62544],[126.87313,37.63349],[126.85554,37.62544],[126.85554,37.60933],[126.87313,37.60128],[126.89071,37.60933],[126.89071,37.62544]]]},"properties":{"row":9,"col":-1,"walk_min":40.7,"nearest_station_id":"kr_390","nearest_station_name":"구산","nearest_station_name_ko":"구산","a":79,"c":76,"e":96,"g":83,"i":97,"k":103,"m":92,"o":88,"b":79,"d":76,"f":96,"h":83,"j":97,"l":103,"n":92,"p":88}},{"type":"Feature","geometry":{"type":"Polygon","coordinates":[[[127.22491,37.7462],[127.20732,37.75426],[127.18973,37.7462],[127.18973,37.7301],[127.20732,37.72205],[127.22491,37.7301],[127.22491,37.7462]]]},"properties":{"row":14,"col":6,"walk_min":33.5,"nearest_station_id":"kr_470","nearest_station_name":"Jinjeop","nearest_station_name_ko":"진접","a":101,"c":99,"e":113,"g":99,"i":120,"k":119,"m":109,"o":111,"b":101,"d":99,"f":113,"h":99,"j":120,"l":119,"n":109,"p":111}},{"type":"Feature","geometry":{"type":"Polygon","coordinates":[[[127.2425,37.77036],[127.22491,37.77841],[127.20732,37.77036],[127.20732,37.75426],[127.22491,37.7462],[127.2425,37.75426],[127.2425,37.77036]]]},"properties":{"row":15,"col":6,"walk_min":64.9,"nearest_station_id":"kr_470","nearest_station_name":"Jinjeop","nearest_station_name_ko":"진접","a":117,"c":117,"e":119,"g":117,"i":120,"k":120,"m":118,"o":119,"b":117,"d":117,"f":119,"h":117,"j":120,"l":120,"n":118,"p":119}},{"type":"Feature","geometry":{"type":"Polygon","coordinates":[[[126.82036,37.28728],[126.80277,37.29533],[126.78518,37.28728],[126.78518,37.27118],[126.80277,37.26313],[126.82036,37.27118],[126.82036,37.28728]]]},"properties":{"row":-5,"col":4,"walk_min":83.2,"nearest_station_id":"kr_426","nearest_station_name":"Gojan","nearest_station_name_ko":"고잔","a":118,"c":119,"e":117,"g":120,"i":114,"k":120,"m":120,"o":119,"b":118,"d":119,"f":117,"h":120,"j":114,"l":120,"n":120,"p":119}},{"type":"Feature","geometry":{"type":"Polygon","coordinates":[[[127.20732,37.48051],[127.18973,37.48856],[127.17214,37.48051],[127.17214,37.46441],[127.18973,37.45636],[127.20732,37.46441],[127.20732,37.48051]]]},"properties":{"row":3,"col":11,"walk_min":48.4,"nearest_station_id":"kr_440","nearest_station_name":"Macheon","nearest_station_name_ko":"마천","a":99,"c":99,"e":80,"g":88,"i":89,"k":75,"m":86,"o":106,"b":99,"d":99,"f":80,"h":88,"j":89,"l":75,"n":86,"p":106}},{"type":"Feature","geometry":{"type":"Polygon","coordinates":[[[126.78518,37.57713],[126.76759,37.58518],[126.75,37.57713],[126.75,37.56103],[126.76759,37.55297],[126.78518,37.56103],[126.78518,37.57713]]]},"properties":{"row":7,"col":-3,"walk_min":53.8,"nearest_station_id":"kr_189","nearest_station_name":"Gimpo Int'l Airport","nearest_station_name_ko":"김포공항","a":95,"c":94,"e":101,"g":106,"i":97,"k":112,"m":113,"o":83,"b":95,"d":94,"f":101,"h":106,"j":97,"l":112,"n":113,"p":83}},{"type":"Feature","geometry":{"type":"Polygon","coordinates":[[[126.76759,37.60128],[126.75,37.60933],[126.73241,37.60128],[126.73241,37.58518],[126.75,37.57713],[126.76759,37.58518],[126.76759,37.60128]]]},"properties":{"row":8,"col":-4,"walk_min":79.7,"nearest_station_id":"kr_429","nearest_station_name":"Gaehwa","nearest_station_name_ko":"개화","a":117,"c":116,"e":117,"g":118,"i":117,"k":118,"m":118,"o":109,"b":117,"d":116,"f":117,"h":118,"j":117,"l":118,"n":118,"p":109}},{"type":"Feature","geometry":{"type":"Polygon","coordinates":[[[127.18973,37.7462],[127.17214,37.75426],[127.15455,37.7462],[127.15455,37.7301],[127.17214,37.72205],[127.18973,37.7301],[127.18973,37.7462]]]},"properties":{"row":14,"col":5,"walk_min":69.2,"nearest_station_id":"kr_470","nearest_station_name":"Jinjeop","nearest_station_name_ko":"진접","a":115,"c":115,"e":119,"g":115,"i":120,"k":120,"m":118,"o":118,"b":115,"d":115,"f":119,"h":115,"j":120,"l":120,"n":118,"p":118}},{"type":"Feature","geometry":{"type":"Polygon","coordinates":[[[127.20732,37.77036],[127.18973,37.77841],[127.17214,37.77036],[127.17214,37.75426],[127.18973,37.7462],[127.20732,37.75426],[127.20732,37.77036]]]},"properties":{"row":15,"col":5,"walk_min":77.0,"nearest_station_id":"kr_470","nearest_station_name":"Jinjeop","nearest_station_name_ko":"진접","a":119,"c":119,"e":120,"g":119,"i":120,"k":120,"m":119,"o":120,"b":119,"d":119,"f":120,"h":119,"j":120,"l":120,"n":119,"p":120}},{"type":"Feature","geometry":{"type":"Polygon","coordinates":[[[127.15455,37.6979],[127.13697,37.70595],[127.11938,37.6979],[127.11938,37.68179],[127.13697,37.67374],[127.15455,37.68179],[127.15455,37.6979]]]},"properties":{"row":12,"col":5,"walk_min":58.4,"nearest_station_id":"kr_310","nearest_station_name":"Byeollaebyeolgaram","nearest_station_name_ko":"별내별가람","a":107,"c":106,"e":115,"g":106,"i":116,"k":116,"m":114,"o":115,"b":107,"d":106,"f":115,"h":106,"j":116,"l":116,"n":114,"p":115}},{"type":"Feature","geometry":{"type":"Polygon","coordinates":[[[127.06661,37.33559],[127.04902,37.34364],[127.03143,37.33559],[127.03143,37.31949],[127.04902,37.31144],[127.06661,37.31949],[127.06661,37.33559]]]},"properties":{"row":-3,"col":10,"walk_min":44.6,"nearest_station_id":"kr_266","nearest_station_name":"Seongbok","nearest_station_name_ko":"성복","a":109,"c":110,"e":95,"g":109,"i":102,"k":104,"m":111,"o":114,"b":109,"d":110,"f":95,"h":109,"j":102,"l":104,"n":111,"p":114}},{"type":"Feature","geometry":{"type":"Polygon","coordinates":[[[127.20732,37.67374],[127.18973,37.68179],[127.17214,37.67374],[127.17214,37.65764],[127.18973,37.64959],[127.20732,37.65764],[127.20732,37.67374]]]},"properties":{"row":11,"col":7,"walk_min":63.4,"nearest_station_id":"kr_361","nearest_station_name":"Onam","nearest_station_name_ko":"오남","a":114,"c":113,"e":115,"g":112,"i":119,"k":116,"m":115,"o":117,"b":114,"d":113,"f":115,"h":112,"j":119,"l":116,"n":115,"p":117}},{"type":"Feature","geometry":{"type":"Polygon","coordinates":[[[127.18973,37.6979],[127.17214,37.70595],[127.15455,37.6979],[127.15455,37.68179],[127.17214,37.67374],[127.18973,37.68179],[127.18973,37.6979]]]},"properties":{"row":12,"col":6,"walk_min":45.1,"nearest_station_id":"kr_361","nearest_station_name":"Onam","nearest_station_name_ko":"오남","a":109,"c":107,"e":117,"g":107,"i":119,"k":119,"m":116,"o":116,"b":109,"d":107,"f":117,"h":107,"j":119,"l":119,"n":116,"p":116}},{"type":"Feature","geometry":{"type":"Polygon","coordinates":[[[127.22491,37.45636],[127.20732,37.46441],[127.18973,37.45636],[127.18973,37.44026],[127.20732,37.43221],[127.22491,37.44026],[127.22491,37.45636]]]},"properties":{"row":2,"col":12,"walk_min":58.8,"nearest_station_id":"kr_232","nearest_station_name":"Namhansanseong","nearest_station_name_ko":"남한산성입구","a":111,"c":111,"e":94,"g":108,"i":104,"k":90,"m":101,"o":114,"b":111,"d":111,"f":94,"h":108,"j":104,"l":90,"n":101,"p":114}},{"type":"Feature","geometry":{"type":"Polygon","coordinates":[[[127.17214,37.3839],[127.15455,37.39195],[127.13697,37.3839],[127.13697,37.36779],[127.15455,37.35974],[127.17214,37.36779],[127.17214,37.3839]]]},"properties":{"row":-1,"col":12,"walk_min":49.8,"nearest_station_id":"kr_108","nearest_station_name":"Imae","nearest_station_name_ko":"이매","a":104,"c":105,"e":80,"g":104,"i":90,"k":95,"m":105,"o":108,"b":104,"d":105,"f":80,"h":104,"j":90,"l":95,"n":105,"p":108}},{"type":"Feature","geometry":{"type":"Polygon","coordinates":[[[126.69723,37.55297],[126.67964,37.56103],[126.66205,37.55297],[126.66205,37.53687],[126.67964,37.52882],[126.69723,37.53687],[126.69723,37.55297]]]},"properties":{"row":6,"col":-5,"walk_min":68.6,"nearest_station_id":"kr_258","nearest_station_name":"Sangok","nearest_station_name_ko":"산곡","a":113,"c":114,"e":117,"g":118,"i":116,"k":119,"m":119,"o":112,"b":113,"d":114,"f":117,"h":118,"j":116,"l":119,"n":119,"p":112}},{"type":"Feature","geometry":{"type":"Polygon","coordinates":[[[126.73241,37.55297],[126.71482,37.56103],[126.69723,37.55297],[126.69723,37.53687],[126.71482,37.52882],[126.73241,37.53687],[126.73241,37.55297]]]},"properties":{"row":6,"col":-4,"walk_min":53.0,"nearest_station_id":"kr_287","nearest_station_name":"Bupyeong-gu Office","nearest_station_name_ko":"부평구청","a":104,"c":106,"e":108,"g":111,"i":107,"k":114,"m":114,"o":102,"b":104,"d":106,"f":108,"h":111,"j":107,"l":114,"n":114,"p":102}},{"type":"Feature","geometry":{"type":"Polygon","coordinates":[[[127.22491,37.60128],[127.20732,37.60933],[127.18973,37.60128],[127.18973,37.58518],[127.20732,37.57713],[127.22491,37.58518],[127.22491,37.60128]]]},"properties":{"row":8,"col":9,"walk_min":72.4,"nearest_station_id":"kr_331","nearest_station_name":"Misa","nearest_station_name_ko":"미사","a":112,"c":111,"e":108,"g":106,"i":112,"k":107,"m":110,"o":115,"b":112,"d":111,"f":108,"h":106,"j":112,"l":107,"n":110,"p":115}},{"type":"Feature","geometry":{"type":"Polygon","coordinates":[[[127.03143,37.81867],[127.01384,37.82672],[126.99625,37.81867],[126.99625,37.80256],[127.01384,37.79451],[127.03143,37.80256],[127.03143,37.81867]]]},"properties":{"row":17,"col":-1,"walk_min":66.6,"nearest_station_id":"kr_447","nearest_station_name":"Deokgye","nearest_station_name_ko":"덕계","a":116,"c":115,"e":119,"g":115,"i":120,"k":119,"m":116,"o":119,"b":116,"d":115,"f":119,"h":115,"j":120,"l":119,"n":116,"p":119}},{"type":"Feature","geometry":{"type":"Polygon","coordinates":[[[127.04902,37.84282],[127.03143,37.85087],[127.01384,37.84282],[127.01384,37.82672],[127.03143,37.81867],[127.04902,37.82672],[127.04902,37.84282]]]},"properties":{"row":18,"col":-1,"walk_min":63.4,"nearest_station_id":"kr_447","nearest_station_name":"Deokgye","nearest_station_name_ko":"덕계","a":111,"c":109,"e":118,"g":109,"i":120,"k":117,"m":111,"o":116,"b":111,"d":109,"f":118,"h":109,"j":120,"l":117,"n":111,"p":116}},{"type":"Feature","geometry":{"type":"Polygon","coordinates":[[[127.06661,37.43221],[127.04902,37.44026],[127.03143,37.43221],[127.03143,37.4161],[127.04902,37.40805],[127.06661,37.4161],[127.06661,37.43221]]]},"properties":{"row":1,"col":8,"walk_min":38.7,"nearest_station_id":"kr_040","nearest_station_name":"Cheonggyesan","nearest_station_name_ko":"청계산입구","a":74,"c":76,"e":57,"g":80,"i":58,"k":73,"m":83,"o":82,"b":74,"d":76,"f":57,"h":80,"j":58,"l":73,"n":83,"p":82}},{"type":"Feature","geometry":{"type":"Polygon","coordinates":[[[127.10179,37.43221],[127.0842,37.44026],[127.06661,37.43221],[127.06661,37.4161],[127.0842,37.40805],[127.10179,37.4161],[127.10179,37.43221]]]},"properties":{"row":1,"col":9,"walk_min":49.9,"nearest_station_id":"kr_040","nearest_station_name":"Cheonggyesan","nearest_station_name_ko":"청계산입구","a":87,"c":89,"e":63,"g":88,"i":74,"k":79,"m":90,"o":96,"b":87,"d":89,"f":63,"h":88,"j":74,"l":79,"n":90,"p":96}},{"type":"Feature","geometry":{"type":"Polygon","coordinates":[[[127.11938,37.45636],[127.10179,37.46441],[127.0842,37.45636],[127.0842,37.44026],[127.10179,37.43221],[127.11938,37.44026],[127.11938,37.45636]]]},"properties":{"row":2,"col":9,"walk_min":43.1,"nearest_station_id":"kr_040","nearest_station_name":"Cheonggyesan","nearest_station_name_ko":"청계산입구","a":87,"c":89,"e":64,"g":83,"i":75,"k":69,"m":80,"o":96,"b":87,"d":89,"f":64,"h":83,"j":75,"l":69,"n":80,"p":96}},{"type":"Feature","geometry":{"type":"Polygon","coordinates":[[[126.73241,37.6979],[126.71482,37.70595],[126.69723,37.6979],[126.69723,37.68179],[126.71482,37.67374],[126.73241,37.68179],[126.73241,37.6979]]]},"properties":{"row":12,"col":-7,"walk_min":38.8,"nearest_station_id":"kr_424","nearest_station_name":"Daehwa","nearest_station_name_ko":"대화","a":107,"c":106,"e":119,"g":110,"i":120,"k":120,"m":117,"o":114,"b":107,"d":106,"f":119,"h":110,"j":120,"l":120,"n":117,"p":114}},{"type":"Feature","geometry":{"type":"Polygon","coordinates":[[[127.10179,37.23897],[127.0842,37.24703],[127.06661,37.23897],[127.06661,37.22287],[127.0842,37.21482],[127.10179,37.22287],[127.10179,37.23897]]]},"properties":{"row":-7,"col":13,"walk_min":63.0,"nearest_station_id":"kr_466","nearest_station_name":"Seodongtan","nearest_station_name_ko":"서동탄","a":120,"c":120,"e":120,"g":120,"i":119,"k":120,"m":120,"o":120,"b":120,"d":120,"f":120,"h":120,"j":119,"l":120,"n":120,"p":120}},{"type":"Feature","geometry":{"type":"Polygon","coordinates":[[[126.96107,37.43221],[126.94348,37.44026],[126.92589,37.43221],[126.92589,37.4161],[126.94348,37.40805],[126.96107,37.4161],[126.96107,37.43221]]]},"properties":{"row":1,"col":5,"walk_min":39.1,"nearest_station_id":"kr_367","nearest_station_name":"Government Complex Gwacheon","nearest_station_name_ko":"정부과천청사","a":75,"c":78,"e":75,"g":89,"i":68,"k":89,"m":95,"o":79,"b":75,"d":78,"f":75,"h":89,"j":68,"l":89,"n":95,"p":79}},{"type":"Feature","geometry":{"type":"Polygon","coordinates":[[[126.9083,37.35974],[126.89071,37.36779],[126.87313,37.35974],[126.87313,37.34364],[126.89071,37.33559],[126.9083,37.34364],[126.9083,37.35974]]]},"properties":{"row":-2,"col":5,"walk_min":49.8,"nearest_station_id":"kr_364","nearest_station_name":"Surisan","nearest_station_name_ko":"수리산","a":102,"c":103,"e":101,"g":110,"i":91,"k":109,"m":114,"o":102,"b":101,"d":102,"f":101,"h":109,"j":91,"l":109,"n":113,"p":102}},{"type":"Feature","geometry":{"type":"Polygon","coordinates":[[[126.99625,37.62544],[126.97866,37.63349],[126.96107,37.62544],[126.96107,37.60933],[126.97866,37.60128],[126.99625,37.60933],[126.99625,37.62544]]]},"properties":{"row":9,"col":2,"walk_min":42.7,"nearest_station_id":"kr_061","nearest_station_name":"Hansung Univ. (Samseongyo)","nearest_station_name_ko":"한성대입구(삼선교)","a":63,"c":61,"e":77,"g":63,"i":83,"k":83,"m":72,"o":72,"b":63,"d":61,"f":77,"h":63,"j":83,"l":83,"n":72,"p":72}},{"type":"Feature","geometry":{"type":"Polygon","coordinates":[[[126.76759,37.55297],[126.75,37.56103],[126.73241,37.55297],[126.73241,37.53687],[126.75,37.52882],[126.76759,37.53687],[126.76759,37.55297]]]},"properties":{"row":6,"col":-3,"walk_min":51.1,"nearest_station_id":"kr_189","nearest_station_name":"Gimpo Int'l Airport","nearest_station_name_ko":"김포공항","a":94,"c":94,"e":102,"g":107,"i":98,"k":113,"m":113,"o":85,"b":94,"d":94,"f":102,"h":107,"j":98,"l":113,"n":113,"p":85}},{"type":"Feature","geometry":{"type":"Polygon","coordinates":[[[126.62687,37.45636],[126.60929,37.46441],[126.5917,37.45636],[126.5917,37.44026],[126.60929,37.43221],[126.62687,37.44026],[126.62687,37.45636]]]},"properties":{"row":2,"col":-5,"walk_min":54.7,"nearest_station_id":"kr_458","nearest_station_name":"Incheon","nearest_station_name_ko":"인천","a":114,"c":115,"e":119,"g":120,"i":117,"k":120,"m":120,"o":112,"b":114,"d":115,"f":119,"h":120,"j":117,"l":120,"n":120,"p":112}},{"type":"Feature","geometry":{"type":"Polygon","coordinates":[[[127.01384,37.21482],[126.99625,37.22287],[126.97866,37.21482],[126.97866,37.19872],[126.99625,37.19067],[127.01384,37.19872],[127.01384,37.21482]]]},"properties":{"row":-8,"col":11,"walk_min":68.6,"nearest_station_id":"kr_047","nearest_station_name":"Byeongjeom","nearest_station_name_ko":"병점","a":120,"c":120,"e":120,"g":120,"i":120,"k":120,"m":120,"o":120,"b":120,"d":120,"f":120,"h":120,"j":120,"l":120,"n":120,"p":120}},{"type":"Feature","geometry":{"type":"Polygon","coordinates":[[[127.2425,37.67374],[127.22491,37.68179],[127.20732,37.67374],[127.20732,37.65764],[127.22491,37.64959],[127.2425,37.65764],[127.2425,37.67374]]]},"properties":{"row":11,"col":8,"walk_min":72.2,"nearest_station_id":"kr_361","nearest_station_name":"Onam","nearest_station_name_ko":"오남","a":116,"c":115,"e":119,"g":115,"i":120,"k":120,"m":118,"o":118,"b":116,"d":115,"f":119,"h":115,"j":120,"l":120,"n":118,"p":118}},{"type":"Feature","geometry":{"type":"Polygon","coordinates":[[[126.73241,37.64959],[126.71482,37.65764],[126.69723,37.64959],[126.69723,37.63349],[126.71482,37.62544],[126.73241,37.63349],[126.73241,37.64959]]]},"properties":{"row":10,"col":-6,"walk_min":132.2,"nearest_station_id":"kr_424","nearest_station_name":"Daehwa","nearest_station_name_ko":"대화","a":117,"c":117,"e":120,"g":118,"i":120,"k":120,"m":120,"o":119,"b":117,"d":117,"f":120,"h":118,"j":120,"l":120,"n":120,"p":119}},{"type":"Feature","geometry":{"type":"Polygon","coordinates":[[[126.71482,37.67374],[126.69723,37.68179],[126.67964,37.67374],[126.67964,37.65764],[126.69723,37.64959],[126.71482,37.65764],[126.71482,37.67374]]]},"properties":{"row":11,"col":-7,"walk_min":102.8,"nearest_station_id":"kr_424","nearest_station_name":"Daehwa","nearest_station_name_ko":"대화","a":118,"c":117,"e":120,"g":118,"i":120,"k":120,"m":120,"o":119,"b":118,"d":117,"f":120,"h":118,"j":120,"l":120,"n":120,"p":119}},{"type":"Feature","geometry":{"type":"Polygon","coordinates":[[[126.60929,37.48051],[126.5917,37.48856],[126.57411,37.48051],[126.57411,37.46441],[126.5917,37.45636],[126.60929,37.46441],[126.60929,37.48051]]]},"properties":{"row":3,"col":-6,"walk_min":39.5,"nearest_station_id":"kr_458","nearest_station_name":"Incheon","nearest_station_name_ko":"인천","a":102,"c":104,"e":109,"g":112,"i":106,"k":119,"m":119,"o":100,"b":102,"d":104,"f":109,"h":112,"j":106,"l":119,"n":119,"p":100}},{"type":"Feature","geometry":{"type":"Polygon","coordinates":[[[126.5917,37.50467],[126.57411,37.51272],[126.55652,37.50467],[126.55652,37.48856],[126.57411,37.48051],[126.5917,37.48856],[126.5917,37.50467]]]},"properties":{"row":4,"col":-7,"walk_min":82.2,"nearest_station_id":"kr_458","nearest_station_name":"Incheon","nearest_station_name_ko":"인천","a":112,"c":112,"e":115,"g":116,"i":113,"k":119,"m":119,"o":110,"b":112,"d":112,"f":115,"h":116,"j":113,"l":119,"n":119,"p":110}},{"type":"Feature","geometry":{"type":"Polygon","coordinates":[[[126.97866,37.64959],[126.96107,37.65764],[126.94348,37.64959],[126.94348,37.63349],[126.96107,37.62544],[126.97866,37.63349],[126.97866,37.64959]]]},"properties":{"row":10,"col":1,"walk_min":48.3,"nearest_station_id":"kr_409","nearest_station_name":"독바위","nearest_station_name_ko":"독바위","a":77,"c":75,"e":93,"g":79,"i":97,"k":100,"m":88,"o":86,"b":77,"d":75,"f":93,"h":79,"j":97,"l":100,"n":88,"p":86}},{"type":"Feature","geometry":{"type":"Polygon","coordinates":[[[126.85554,37.43221],[126.83795,37.44026],[126.82036,37.43221],[126.82036,37.4161],[126.83795,37.40805],[126.85554,37.4161],[126.85554,37.43221]]]},"properties":{"row":1,"col":2,"walk_min":61.2,"nearest_station_id":"kr_442","nearest_station_name":"Gwangmyeong","nearest_station_name_ko":"광명","a":96,"c":99,"e":104,"g":106,"i":102,"k":111,"m":111,"o":97,"b":85,"d":88,"f":104,"h":100,"j":102,"l":111,"n":106,"p":97}},{"type":"Feature","geometry":{"type":"Polygon","coordinates":[[[126.67964,37.52882],[126.66205,37.53687],[126.64446,37.52882],[126.64446,37.51272],[126.66205,37.50467],[126.67964,37.51272],[126.67964,37.52882]]]},"properties":{"row":5,"col":-5,"walk_min":56.4,"nearest_station_id":"kr_258","nearest_station_name":"Sangok","nearest_station_name_ko":"산곡","a":110,"c":112,"e":116,"g":117,"i":114,"k":119,"m":119,"o":107,"b":110,"d":112,"f":116,"h":117,"j":114,"l":119,"n":119,"p":107}},{"type":"Feature","geometry":{"type":"Polygon","coordinates":[[[127.17214,37.72205],[127.15455,37.7301],[127.13697,37.72205],[127.13697,37.70595],[127.15455,37.6979],[127.17214,37.70595],[127.17214,37.72205]]]},"properties":{"row":13,"col":5,"walk_min":60.5,"nearest_station_id":"kr_361","nearest_station_name":"Onam","nearest_station_name_ko":"오남","a":112,"c":111,"e":118,"g":111,"i":120,"k":120,"m":115,"o":116,"b":112,"d":111,"f":118,"h":111,"j":120,"l":120,"n":115,"p":116}},{"type":"Feature","geometry":{"type":"Polygon","coordinates":[[[127.0842,37.40805],[127.06661,37.4161],[127.04902,37.40805],[127.04902,37.39195],[127.06661,37.3839],[127.0842,37.39195],[127.0842,37.40805]]]},"properties":{"row":0,"col":9,"walk_min":64.7,"nearest_station_id":"kr_041","nearest_station_name":"Pangyo","nearest_station_name_ko":"판교","a":113,"c":114,"e":92,"g":113,"i":102,"k":107,"m":114,"o":116,"b":113,"d":114,"f":92,"h":113,"j":102,"l":107,"n":114,"p":116}},{"type":"Feature","geometry":{"type":"Polygon","coordinates":[[[127.13697,37.28728],[127.11938,37.29533],[127.10179,37.28728],[127.10179,37.27118],[127.11938,37.26313],[127.13697,37.27118],[127.13697,37.28728]]]},"properties":{"row":-5,"col":13,"walk_min":81.0,"nearest_station_id":"kr_307","nearest_station_name":"Sanghyeon","nearest_station_name_ko":"상현","a":119,"c":120,"e":115,"g":119,"i":117,"k":118,"m":120,"o":120,"b":119,"d":120,"f":115,"h":119,"j":117,"l":118,"n":120,"p":120}},{"type":"Feature","geometry":{"type":"Polygon","coordinates":[[[127.15455,37.31144],[127.13697,37.31949],[127.11938,37.31144],[127.11938,37.29533],[127.13697,37.28728],[127.15455,37.29533],[127.15455,37.31144]]]},"properties":{"row":-4,"col":13,"walk_min":67.8,"nearest_station_id":"kr_233","nearest_station_name":"Suji-gu Office","nearest_station_name_ko":"수지구청","a":119,"c":120,"e":109,"g":119,"i":114,"k":116,"m":120,"o":120,"b":119,"d":120,"f":109,"h":119,"j":114,"l":116,"n":120,"p":120}},{"type":"Feature","geometry":{"type":"Polygon","coordinates":[[[127.0842,37.26313],[127.06661,37.27118],[127.04902,37.26313],[127.04902,37.24703],[127.06661,37.23897],[127.0842,37.24703],[127.0842,37.26313]]]},"properties":{"row":-6,"col":12,"walk_min":56.0,"nearest_station_id":"kr_357","nearest_station_name":"Gwanggyo Jungang","nearest_station_name_ko":"광교중앙","a":120,"c":120,"e":112,"g":120,"i":116,"k":117,"m":120,"o":120,"b":120,"d":120,"f":112,"h":120,"j":116,"l":117,"n":120,"p":120}},{"type":"Feature","geometry":{"type":"Polygon","coordinates":[[[126.80277,37.45636],[126.78518,37.46441],[126.76759,37.45636],[126.76759,37.44026],[126.78518,37.43221],[126.80277,37.44026],[126.80277,37.45636]]]},"properties":{"row":2,"col":0,"walk_min":49.5,"nearest_station_id":"kr_060","nearest_station_name":"Bucheon","nearest_station_name_ko":"부천","a":85,"c":87,"e":93,"g":98,"i":90,"k":106,"m":106,"o":82,"b":85,"d":87,"f":93,"h":98,"j":90,"l":106,"n":106,"p":82}},{"type":"Feature","geometry":{"type":"Polygon","coordinates":[[[126.83795,37.45636],[126.82036,37.46441],[126.80277,37.45636],[126.80277,37.44026],[126.82036,37.43221],[126.83795,37.44026],[126.83795,37.45636]]]},"properties":{"row":2,"col":1,"walk_min":52.5,"nearest_station_id":"kr_024","nearest_station_name":"Yeokgok","nearest_station_name_ko":"역곡","a":86,"c":88,"e":94,"g":98,"i":91,"k":105,"m":106,"o":83,"b":84,"d":86,"f":94,"h":98,"j":91,"l":105,"n":106,"p":83}},{"type":"Feature","geometry":{"type":"Polygon","coordinates":[[[126.75,37.62544],[126.73241,37.63349],[126.71482,37.62544],[126.71482,37.60933],[126.73241,37.60128],[126.75,37.60933],[126.75,37.62544]]]},"properties":{"row":9,"col":-5,"walk_min":113.3,"nearest_station_id":"kr_261","nearest_station_name":"Madu","nearest_station_name_ko":"마두","a":120,"c":120,"e":120,"g":120,"i":120,"k":120,"m":120,"o":120,"b":120,"d":120,"f":120,"h":120,"j":120,"l":120,"n":120,"p":120}},{"type":"Feature","geometry":{"type":"Polygon","coordinates":[[[126.83795,37.35974],[126.82036,37.36779],[126.80277,37.35974],[126.80277,37.34364],[126.82036,37.33559],[126.83795,37.34364],[126.83795,37.35974]]]},"properties":{"row":-2,"col":3,"walk_min":51.3,"nearest_station_id":"kr_426","nearest_station_name":"Gojan","nearest_station_name_ko":"고잔","a":120,"c":120,"e":120,"g":120,"i":111,"k":120,"m":120,"o":120,"b":120,"d":120,"f":120,"h":120,"j":111,"l":120,"n":120,"p":120}},{"type":"Feature","geometry":{"type":"Polygon","coordinates":[[[127.01384,37.79451],[126.99625,37.80256],[126.97866,37.79451],[126.97866,37.77841],[126.99625,37.77036],[127.01384,37.77841],[127.01384,37.79451]]]},"properties":{"row":16,"col":-1,"walk_min":63.1,"nearest_station_id":"kr_092","nearest_station_name":"Yangju","nearest_station_name_ko":"양주","a":116,"c":115,"e":120,"g":115,"i":120,"k":120,"m":116,"o":119,"b":116,"d":115,"f":120,"h":115,"j":120,"l":120,"n":116,"p":119}},{"type":"Feature","geometry":{"type":"Polygon","coordinates":[[[127.10179,37.3839],[127.0842,37.39195],[127.06661,37.3839],[127.06661,37.36779],[127.0842,37.35974],[127.10179,37.36779],[127.10179,37.3839]]]},"properties":{"row":-1,"col":10,"walk_min":50.5,"nearest_station_id":"kr_148","nearest_station_name":"Jeongja","nearest_station_name_ko":"정자","a":106,"c":107,"e":84,"g":106,"i":94,"k":98,"m":107,"o":112,"b":106,"d":107,"f":84,"h":106,"j":94,"l":98,"n":107,"p":112}},{"type":"Feature","geometry":{"type":"Polygon","coordinates":[[[126.64446,37.52882],[126.62687,37.53687],[126.60929,37.52882],[126.60929,37.51272],[126.62687,37.50467],[126.64446,37.51272],[126.64446,37.52882]]]},"properties":{"row":5,"col":-6,"walk_min":87.7,"nearest_station_id":"kr_458","nearest_station_name":"Incheon","nearest_station_name_ko":"인천","a":120,"c":120,"e":120,"g":120,"i":120,"k":120,"m":120,"o":119,"b":120,"d":120,"f":120,"h":120,"j":120,"l":120,"n":120,"p":119}},{"type":"Feature","geometry":{"type":"Polygon","coordinates":[[[127.11938,37.26313],[127.10179,37.27118],[127.0842,37.26313],[127.0842,37.24703],[127.10179,37.23897],[127.11938,37.24703],[127.11938,37.26313]]]},"properties":{"row":-6,"col":13,"walk_min":84.1,"nearest_station_id":"kr_307","nearest_station_name":"Sanghyeon","nearest_station_name_ko":"상현","a":120,"c":120,"e":117,"g":120,"i":119,"k":120,"m":120,"o":120,"b":120,"d":120,"f":117,"h":120,"j":119,"l":120,"n":120,"p":120}},{"type":"Feature","geometry":{"type":"Polygon","coordinates":[[[126.87313,37.26313],[126.85554,37.27118],[126.83795,37.26313],[126.83795,37.24703],[126.85554,37.23897],[126.87313,37.24703],[126.87313,37.26313]]]},"properties":{"row":-6,"col":6,"walk_min":105.8,"nearest_station_id":"kr_114","nearest_station_name":"Sangnoksu","nearest_station_name_ko":"상록수","a":120,"c":120,"e":120,"g":120,"i":120,"k":120,"m":120,"o":120,"b":120,"d":120,"f":120,"h":120,"j":120,"l":120,"n":120,"p":120}},{"type":"Feature","geometry":{"type":"Polygon","coordinates":[[[126.76759,37.31144],[126.75,37.31949],[126.73241,37.31144],[126.73241,37.29533],[126.75,37.28728],[126.76759,37.29533],[126.76759,37.31144]]]},"properties":{"row":-4,"col":2,"walk_min":107.5,"nearest_station_id":"kr_427","nearest_station_name":"Singiloncheon","nearest_station_name_ko":"신길온천","a":120,"c":120,"e":120,"g":120,"i":117,"k":120,"m":120,"o":120,"b":120,"d":120,"f":120,"h":120,"j":117,"l":120,"n":120,"p":120}},{"type":"Feature","geometry":{"type":"Polygon","coordinates":[[[126.76759,37.45636],[126.75,37.46441],[126.73241,37.45636],[126.73241,37.44026],[126.75,37.43221],[126.76759,37.44026],[126.76759,37.45636]]]},"properties":{"row":2,"col":-1,"walk_min":52.2,"nearest_station_id":"kr_159","nearest_station_name":"Songnae","nearest_station_name_ko":"송내","a":92,"c":95,"e":101,"g":106,"i":98,"k":113,"m":114,"o":90,"b":92,"d":95,"f":101,"h":106,"j":98,"l":113,"n":114,"p":90}},{"type":"Feature","geometry":{"type":"Polygon","coordinates":[[[127.11938,37.21482],[127.10179,37.22287],[127.0842,37.21482],[127.0842,37.19872],[127.10179,37.19067],[127.11938,37.19872],[127.11938,37.21482]]]},"properties":{"row":-8,"col":14,"walk_min":66.5,"nearest_station_id":"kr_466","nearest_station_name":"Seodongtan","nearest_station_name_ko":"서동탄","a":120,"c":120,"e":120,"g":120,"i":120,"k":120,"m":120,"o":120,"b":120,"d":120,"f":120,"h":120,"j":120,"l":120,"n":120,"p":120}},{"type":"Feature","geometry":{"type":"Polygon","coordinates":[[[126.73241,37.31144],[126.71482,37.31949],[126.69723,37.31144],[126.69723,37.29533],[126.71482,37.28728],[126.73241,37.29533],[126.73241,37.31144]]]},"properties":{"row":-4,"col":1,"walk_min":76.0,"nearest_station_id":"kr_427","nearest_station_name":"Singiloncheon","nearest_station_name_ko":"신길온천","a":120,"c":120,"e":120,"g":120,"i":120,"k":120,"m":120,"o":120,"b":120,"d":120,"f":120,"h":120,"j":120,"l":120,"n":120,"p":120}},{"type":"Feature","geometry":{"type":"Polygon","coordinates":[[[126.71482,37.33559],[126.69723,37.34364],[126.67964,37.33559],[126.67964,37.31949],[126.69723,37.31144],[126.71482,37.31949],[126.71482,37.33559]]]},"properties":{"row":-3,"col":0,"walk_min":64.3,"nearest_station_id":"kr_351","nearest_station_name":"Jeongwang","nearest_station_name_ko":"정왕","a":120,"c":120,"e":120,"g":120,"i":120,"k":120,"m":120,"o":120,"b":120,"d":120,"f":120,"h":120,"j":120,"l":120,"n":120,"p":120}},{"type":"Feature","geometry":{"type":"Polygon","coordinates":[[[126.78518,37.28728],[126.76759,37.29533],[126.75,37.28728],[126.75,37.27118],[126.76759,37.26313],[126.78518,37.27118],[126.78518,37.28728]]]},"properties":{"row":-5,"col":3,"walk_min":193.7,"nearest_station_id":"kr_263","nearest_station_name":"Ansan","nearest_station_name_ko":"안산","a":120,"c":120,"e":120,"g":120,"i":116,"k":120,"m":120,"o":120,"b":120,"d":120,"f":120,"h":120,"j":116,"l":120,"n":120,"p":120}},{"type":"Feature","geometry":{"type":"Polygon","coordinates":[[[126.99625,37.23897],[126.97866,37.24703],[126.96107,37.23897],[126.96107,37.22287],[126.97866,37.21482],[126.99625,37.22287],[126.99625,37.23897]]]},"properties":{"row":-7,"col":10,"walk_min":78.1,"nearest_station_id":"kr_462","nearest_station_name":"Seryu","nearest_station_name_ko":"세류","a":120,"c":120,"e":120,"g":120,"i":119,"k":120,"m":120,"o":120,"b":120,"d":120,"f":120,"h":120,"j":119,"l":120,"n":120,"p":120}},{"type":"Feature","geometry":{"type":"Polygon","coordinates":[[[126.83795,37.6979],[126.82036,37.70595],[126.80277,37.6979],[126.80277,37.68179],[126.82036,37.67374],[126.83795,37.68179],[126.83795,37.6979]]]},"properties":{"row":12,"col":-4,"walk_min":64.1,"nearest_station_id":"kr_145","nearest_station_name":"Wondang","nearest_station_name_ko":"원당","a":112,"c":110,"e":120,"g":115,"i":120,"k":120,"m":120,"o":119,"b":112,"d":110,"f":120,"h":115,"j":120,"l":120,"n":120,"p":119}},{"type":"Feature","geometry":{"type":"Polygon","coordinates":[[[127.26009,37.40805],[127.2425,37.4161],[127.22491,37.40805],[127.22491,37.39195],[127.2425,37.3839],[127.26009,37.39195],[127.26009,37.40805]]]},"properties":{"row":0,"col":14,"walk_min":46.0,"nearest_station_id":"kr_149","nearest_station_name":"경기광주","nearest_station_name_ko":"경기광주","a":120,"c":120,"e":98,"g":120,"i":108,"k":113,"m":120,"o":120,"b":120,"d":120,"f":98,"h":120,"j":108,"l":113,"n":120,"p":120}},{"type":"Feature","geometry":{"type":"Polygon","coordinates":[[[126.9083,37.26313],[126.89071,37.27118],[126.87313,37.26313],[126.87313,37.24703],[126.89071,37.23897],[126.9083,37.24703],[126.9083,37.26313]]]},"properties":{"row":-6,"col":7,"walk_min":97.8,"nearest_station_id":"kr_114","nearest_station_name":"Sangnoksu","nearest_station_name_ko":"상록수","a":120,"c":120,"e":120,"g":120,"i":119,"k":120,"m":120,"o":120,"b":120,"d":120,"f":120,"h":120,"j":119,"l":120,"n":120,"p":120}},{"type":"Feature","geometry":{"type":"Polygon","coordinates":[[[127.01384,37.6979],[126.99625,37.70595],[126.97866,37.6979],[126.97866,37.68179],[126.99625,37.67374],[127.01384,37.68179],[127.01384,37.6979]]]},"properties":{"row":12,"col":1,"walk_min":65.8,"nearest_station_id":"kr_044","nearest_station_name":"Dobongsan","nearest_station_name_ko":"도봉산","a":107,"c":106,"e":113,"g":106,"i":117,"k":113,"m":107,"o":112,"b":107,"d":106,"f":113,"h":106,"j":117,"l":113,"n":107,"p":112}},{"type":"Feature","geometry":{"type":"Polygon","coordinates":[[[127.01384,37.35974],[126.99625,37.36779],[126.97866,37.35974],[126.97866,37.34364],[126.99625,37.33559],[127.01384,37.34364],[127.01384,37.35974]]]},"properties":{"row":-2,"col":8,"walk_min":64.2,"nearest_station_id":"kr_072","nearest_station_name":"Gunpo","nearest_station_name_ko":"군포","a":109,"c":110,"e":107,"g":116,"i":99,"k":115,"m":119,"o":110,"b":109,"d":110,"f":107,"h":116,"j":99,"l":115,"n":119,"p":110}},{"type":"Feature","geometry":{"type":"Polygon","coordinates":[[[127.03143,37.3839],[127.01384,37.39195],[126.99625,37.3839],[126.99625,37.36779],[127.01384,37.35974],[127.03143,37.36779],[127.03143,37.3839]]]},"properties":{"row":-1,"col":8,"walk_min":62.2,"nearest_station_id":"kr_325","nearest_station_name":"Indeogwon","nearest_station_name_ko":"인덕원","a":103,"c":105,"e":95,"g":112,"i":84,"k":107,"m":115,"o":109,"b":103,"d":105,"f":95,"h":112,"j":84,"l":107,"n":115,"p":109}},{"type":"Feature","geometry":{"type":"Polygon","coordinates":[[[126.87313,37.35974],[126.85554,37.36779],[126.83795,37.35974],[126.83795,37.34364],[126.85554,37.33559],[126.87313,37.34364],[126.87313,37.35974]]]},"properties":{"row":-2,"col":4,"walk_min":61.9,"nearest_station_id":"kr_168","nearest_station_name":"Jungang","nearest_station_name_ko":"중앙","a":120,"c":120,"e":120,"g":120,"i":116,"k":120,"m":120,"o":120,"b":119,"d":119,"f":120,"h":120,"j":116,"l":120,"n":120,"p":120}},{"type":"Feature","geometry":{"type":"Polygon","coordinates":[[[127.11938,37.7462],[127.10179,37.75426],[127.0842,37.7462],[127.0842,37.7301],[127.10179,37.72205],[127.11938,37.7301],[127.11938,37.7462]]]},"properties":{"row":14,"col":3,"walk_min":69.9,"nearest_station_id":"kr_065","nearest_station_name":"Uijeongbu","nearest_station_name_ko":"의정부","a":114,"c":113,"e":120,"g":113,"i":120,"k":120,"m":114,"o":118,"b":114,"d":113,"f":120,"h":113,"j":120,"l":120,"n":114,"p":118}},{"type":"Feature","geometry":{"type":"Polygon","coordinates":[[[127.22491,37.50467],[127.20732,37.51272],[127.18973,37.50467],[127.18973,37.48856],[127.20732,37.48051],[127.22491,37.48856],[127.22491,37.50467]]]},"properties":{"row":4,"col":11,"walk_min":70.6,"nearest_station_id":"kr_469","nearest_station_name":"Hanam Geomdansan","nearest_station_name_ko":"하남검단산","a":114,"c":114,"e":106,"g":109,"i":110,"k":103,"m":109,"o":118,"b":114,"d":114,"f":106,"h":109,"j":110,"l":103,"n":109,"p":118}},{"type":"Feature","geometry":{"type":"Polygon","coordinates":[[[127.01384,37.7462],[126.99625,37.75426],[126.97866,37.7462],[126.97866,37.7301],[126.99625,37.72205],[127.01384,37.7301],[127.01384,37.7462]]]},"properties":{"row":14,"col":0,"walk_min":73.0,"nearest_station_id":"kr_065","nearest_station_name":"Uijeongbu","nearest_station_name_ko":"의정부","a":114,"c":113,"e":120,"g":113,"i":120,"k":120,"m":114,"o":118,"b":114,"d":113,"f":120,"h":113,"j":120,"l":120,"n":114,"p":118}},{"type":"Feature","geometry":{"type":"Polygon","coordinates":[[[127.11938,37.79451],[127.10179,37.80256],[127.0842,37.79451],[127.0842,37.77841],[127.10179,37.77036],[127.11938,37.77841],[127.11938,37.79451]]]},"properties":{"row":16,"col":2,"walk_min":70.2,"nearest_station_id":"kr_092","nearest_station_name":"Yangju","nearest_station_name_ko":"양주","a":117,"c":116,"e":120,"g":116,"i":120,"k":120,"m":117,"o":120,"b":117,"d":116,"f":120,"h":116,"j":120,"l":120,"n":117,"p":120}},{"type":"Feature","geometry":{"type":"Polygon","coordinates":[[[126.75,37.72205],[126.73241,37.7301],[126.71482,37.72205],[126.71482,37.70595],[126.73241,37.6979],[126.75,37.70595],[126.75,37.72205]]]},"properties":{"row":13,"col":-7,"walk_min":60.7,"nearest_station_id":"kr_424","nearest_station_name":"Daehwa","nearest_station_name_ko":"대화","a":120,"c":120,"e":120,"g":120,"i":120,"k":120,"m":120,"o":120,"b":120,"d":120,"f":120,"h":120,"j":120,"l":120,"n":120,"p":120}},{"type":"Feature","geometry":{"type":"Polygon","coordinates":[[[126.78518,37.72205],[126.76759,37.7301],[126.75,37.72205],[126.75,37.70595],[126.76759,37.6979],[126.78518,37.70595],[126.78518,37.72205]]]},"properties":{"row":13,"col":-6,"walk_min":59.9,"nearest_station_id":"kr_424","nearest_station_name":"Daehwa","nearest_station_name_ko":"대화","a":120,"c":120,"e":120,"g":120,"i":120,"k":120,"m":120,"o":120,"b":120,"d":120,"f":120,"h":120,"j":120,"l":120,"n":120,"p":120}},{"type":"Feature","geometry":{"type":"Polygon","coordinates":[[[127.04902,37.40805],[127.03143,37.4161],[127.01384,37.40805],[127.01384,37.39195],[127.03143,37.3839],[127.04902,37.39195],[127.04902,37.40805]]]},"properties":{"row":0,"col":8,"walk_min":67.0,"nearest_station_id":"kr_346","nearest_station_name":"Seoul Grand park","nearest_station_name_ko":"대공원","a":101,"c":104,"e":92,"g":114,"i":81,"k":107,"m":117,"o":109,"b":101,"d":104,"f":92,"h":114,"j":81,"l":107,"n":117,"p":109}},{"type":"Feature","geometry":{"type":"Polygon","coordinates":[[[127.26009,37.6979],[127.2425,37.70595],[127.22491,37.6979],[127.22491,37.68179],[127.2425,37.67374],[127.26009,37.68179],[127.26009,37.6979]]]},"properties":{"row":12,"col":8,"walk_min":53.0,"nearest_station_id":"kr_361","nearest_station_name":"Onam","nearest_station_name_ko":"오남","a":117,"c":115,"e":120,"g":115,"i":120,"k":120,"m":120,"o":120,"b":117,"d":115,"f":120,"h":115,"j":120,"l":120,"n":120,"p":120}},{"type":"Feature","geometry":{"type":"Polygon","coordinates":[[[127.27768,37.72205],[127.26009,37.7301],[127.2425,37.72205],[127.2425,37.70595],[127.26009,37.6979],[127.27768,37.70595],[127.27768,37.72205]]]},"properties":{"row":13,"col":8,"walk_min":47.9,"nearest_station_id":"kr_470","nearest_station_name":"Jinjeop","nearest_station_name_ko":"진접","a":116,"c":114,"e":120,"g":114,"i":120,"k":120,"m":120,"o":120,"b":116,"d":114,"f":120,"h":114,"j":120,"l":120,"n":120,"p":120}},{"type":"Feature","geometry":{"type":"Polygon","coordinates":[[[126.87313,37.6979],[126.85554,37.70595],[126.83795,37.6979],[126.83795,37.68179],[126.85554,37.67374],[126.87313,37.68179],[126.87313,37.6979]]]},"properties":{"row":12,"col":-3,"walk_min":65.5,"nearest_station_id":"kr_145","nearest_station_name":"Wondang","nearest_station_name_ko":"원당","a":106,"c":104,"e":119,"g":110,"i":120,"k":120,"m":118,"o":115,"b":106,"d":104,"f":119,"h":110,"j":120,"l":120,"n":118,"p":115}},{"type":"Feature","geometry":{"type":"Polygon","coordinates":[[[126.67964,37.43221],[126.66205,37.44026],[126.64446,37.43221],[126.64446,37.4161],[126.66205,37.40805],[126.67964,37.4161],[126.67964,37.43221]]]},"properties":{"row":1,"col":-3,"walk_min":60.6,"nearest_station_id":"kr_248","nearest_station_name":"Juan","nearest_station_name_ko":"주안","a":115,"c":117,"e":120,"g":120,"i":118,"k":120,"m":120,"o":113,"b":115,"d":117,"f":120,"h":120,"j":118,"l":120,"n":120,"p":113}},{"type":"Feature","geometry":{"type":"Polygon","coordinates":[[[127.11938,37.84282],[127.10179,37.85087],[127.0842,37.84282],[127.0842,37.82672],[127.10179,37.81867],[127.11938,37.82672],[127.11938,37.84282]]]},"properties":{"row":18,"col":1,"walk_min":104.4,"nearest_station_id":"kr_119","nearest_station_name":"Deokjeong (Seojeong College)","nearest_station_name_ko":"덕정(서정대학)","a":120,"c":120,"e":120,"g":120,"i":120,"k":120,"m":120,"o":120,"b":120,"d":120,"f":120,"h":120,"j":120,"l":120,"n":120,"p":120}},{"type":"Feature","geometry":{"type":"Polygon","coordinates":[[[127.03143,37.33559],[127.01384,37.34364],[126.99625,37.33559],[126.99625,37.31949],[127.01384,37.31144],[127.03143,37.31949],[127.03143,37.33559]]]},"properties":{"row":-3,"col":9,"walk_min":62.9,"nearest_station_id":"kr_444","nearest_station_name":"Gwanggyo","nearest_station_name_ko":"광교","a":120,"c":120,"e":119,"g":120,"i":119,"k":120,"m":120,"o":120,"b":120,"d":120,"f":119,"h":120,"j":119,"l":120,"n":120,"p":120}},{"type":"Feature","geometry":{"type":"Polygon","coordinates":[[[127.17214,37.77036],[127.15455,37.77841],[127.13697,37.77036],[127.13697,37.75426],[127.15455,37.7462],[127.17214,37.75426],[127.17214,37.77036]]]},"properties":{"row":15,"col":4,"walk_min":115.2,"nearest_station_id":"kr_470","nearest_station_name":"Jinjeop","nearest_station_name_ko":"진접","a":120,"c":120,"e":120,"g":120,"i":120,"k":120,"m":120,"o":120,"b":120,"d":120,"f":120,"h":120,"j":120,"l":120,"n":120,"p":120}},{"type":"Feature","geometry":{"type":"Polygon","coordinates":[[[126.71482,37.43221],[126.69723,37.44026],[126.67964,37.43221],[126.67964,37.4161],[126.69723,37.40805],[126.71482,37.4161],[126.71482,37.43221]]]},"properties":{"row":1,"col":-2,"walk_min":60.6,"nearest_station_id":"kr_455","nearest_station_name":"Ganseok","nearest_station_name_ko":"간석","a":112,"c":114,"e":120,"g":120,"i":117,"k":120,"m":120,"o":110,"b":112,"d":114,"f":120,"h":120,"j":117,"l":120,"n":120,"p":110}},{"type":"Feature","geometry":{"type":"Polygon","coordinates":[[[126.69723,37.35974],[126.67964,37.36779],[126.66205,37.35974],[126.66205,37.34364],[126.67964,37.33559],[126.69723,37.34364],[126.69723,37.35974]]]},"properties":{"row":-2,"col":-1,"walk_min":133.1,"nearest_station_id":"kr_428","nearest_station_name":"Oido","nearest_station_name_ko":"오이도","a":120,"c":120,"e":120,"g":120,"i":120,"k":120,"m":120,"o":120,"b":120,"d":120,"f":120,"h":120,"j":120,"l":120,"n":120,"p":120}},{"type":"Feature","geometry":{"type":"Polygon","coordinates":[[[126.99625,37.67374],[126.97866,37.68179],[126.96107,37.67374],[126.96107,37.65764],[126.97866,37.64959],[126.99625,37.65764],[126.99625,37.67374]]]},"properties":{"row":11,"col":1,"walk_min":70.1,"nearest_station_id":"kr_116","nearest_station_name":"Suyu (Gangbuk-gu Office)","nearest_station_name_ko":"수유(강북구청)","a":101,"c":100,"e":112,"g":101,"i":118,"k":118,"m":108,"o":109,"b":101,"d":100,"f":112,"h":101,"j":118,"l":118,"n":108,"p":109}},{"type":"Feature","geometry":{"type":"Polygon","coordinates":[[[127.17214,37.33559],[127.15455,37.34364],[127.13697,37.33559],[127.13697,37.31949],[127.15455,37.31144],[127.17214,37.31949],[127.17214,37.33559]]]},"properties":{"row":-3,"col":13,"walk_min":80.7,"nearest_station_id":"kr_202","nearest_station_name":"Dongcheon","nearest_station_name_ko":"동천","a":120,"c":120,"e":111,"g":120,"i":115,"k":117,"m":120,"o":120,"b":120,"d":120,"f":111,"h":120,"j":115,"l":117,"n":120,"p":120}},{"type":"Feature","geometry":{"type":"Polygon","coordinates":[[[126.9083,37.6979],[126.89071,37.70595],[126.87313,37.6979],[126.87313,37.68179],[126.89071,37.67374],[126.9083,37.68179],[126.9083,37.6979]]]},"properties":{"row":12,"col":-2,"walk_min":72.3,"nearest_station_id":"kr_115","nearest_station_name":"Samsong","nearest_station_name_ko":"삼송","a":105,"c":103,"e":118,"g":109,"i":120,"k":120,"m":116,"o":113,"b":105,"d":103,"f":118,"h":109,"j":120,"l":120,"n":116,"p":113}},{"type":"Feature","geometry":{"type":"Polygon","coordinates":[[[126.69723,37.6979],[126.67964,37.70595],[126.66205,37.6979],[126.66205,37.68179],[126.67964,37.67374],[126.69723,37.68179],[126.69723,37.6979]]]},"properties":{"row":12,"col":-8,"walk_min":139.5,"nearest_station_id":"kr_424","nearest_station_name":"Daehwa","nearest_station_name_ko":"대화","a":120,"c":120,"e":120,"g":120,"i":120,"k":120,"m":120,"o":120,"b":120,"d":120,"f":120,"h":120,"j":120,"l":120,"n":120,"p":120}},{"type":"Feature","geometry":{"type":"Polygon","coordinates":[[[126.94348,37.6979],[126.92589,37.70595],[126.9083,37.6979],[126.9083,37.68179],[126.92589,37.67374],[126.94348,37.68179],[126.94348,37.6979]]]},"properties":{"row":12,"col":-1,"walk_min":69.0,"nearest_station_id":"kr_104","nearest_station_name":"Jichuk","nearest_station_name_ko":"지축","a":101,"c":100,"e":115,"g":105,"i":117,"k":120,"m":112,"o":109,"b":101,"d":100,"f":115,"h":105,"j":117,"l":120,"n":112,"p":109}},{"type":"Feature","geometry":{"type":"Polygon","coordinates":[[[127.22491,37.64959],[127.20732,37.65764],[127.18973,37.64959],[127.18973,37.63349],[127.20732,37.62544],[127.22491,37.63349],[127.22491,37.64959]]]},"properties":{"row":10,"col":8,"walk_min":84.5,"nearest_station_id":"kr_352","nearest_station_name":"Dasan","nearest_station_name_ko":"다산","a":119,"c":119,"e":117,"g":115,"i":120,"k":116,"m":118,"o":120,"b":119,"d":119,"f":117,"h":115,"j":120,"l":116,"n":118,"p":120}},{"type":"Feature","geometry":{"type":"Polygon","coordinates":[[[126.71482,37.72205],[126.69723,37.7301],[126.67964,37.72205],[126.67964,37.70595],[126.69723,37.6979],[126.71482,37.70595],[126.71482,37.72205]]]},"properties":{"row":13,"col":-8,"walk_min":79.6,"nearest_station_id":"kr_424","nearest_station_name":"Daehwa","nearest_station_name_ko":"대화","a":120,"c":120,"e":120,"g":120,"i":120,"k":120,"m":120,"o":120,"b":120,"d":120,"f":120,"h":120,"j":120,"l":120,"n":120,"p":120}},{"type":"Feature","geometry":{"type":"Polygon","coordinates":[[[127.18973,37.35974],[127.17214,37.36779],[127.15455,37.35974],[127.15455,37.34364],[127.17214,37.33559],[127.18973,37.34364],[127.18973,37.35974]]]},"properties":{"row":-2,"col":13,"walk_min":92.7,"nearest_station_id":"kr_172","nearest_station_name":"Migeum","nearest_station_name_ko":"미금","a":120,"c":120,"e":118,"g":120,"i":119,"k":119,"m":120,"o":120,"b":120,"d":120,"f":118,"h":120,"j":119,"l":119,"n":120,"p":120}},{"type":"Feature","geometry":{"type":"Polygon","coordinates":[[[127.20732,37.3839],[127.18973,37.39195],[127.17214,37.3839],[127.17214,37.36779],[127.18973,37.35974],[127.20732,37.36779],[127.20732,37.3839]]]},"properties":{"row":-1,"col":13,"walk_min":81.8,"nearest_station_id":"kr_237","nearest_station_name":"삼동","nearest_station_name_ko":"삼동","a":120,"c":120,"e":116,"g":120,"i":118,"k":118,"m":120,"o":120,"b":120,"d":120,"f":116,"h":120,"j":118,"l":118,"n":120,"p":120}},{"type":"Feature","geometry":{"type":"Polygon","coordinates":[[[126.64446,37.43221],[126.62687,37.44026],[126.60929,37.43221],[126.60929,37.4161],[126.62687,37.40805],[126.64446,37.4161],[126.64446,37.43221]]]},"properties":{"row":1,"col":-4,"walk_min":70.8,"nearest_station_id":"kr_457","nearest_station_name":"Dowon","nearest_station_name_ko":"도원","a":120,"c":120,"e":120,"g":120,"i":120,"k":120,"m":120,"o":120,"b":120,"d":120,"f":120,"h":120,"j":120,"l":120,"n":120,"p":120}},{"type":"Feature","geometry":{"type":"Polygon","coordinates":[[[126.82036,37.3839],[126.80277,37.39195],[126.78518,37.3839],[126.78518,37.36779],[126.80277,37.35974],[126.82036,37.36779],[126.82036,37.3839]]]},"properties":{"row":-1,"col":2,"walk_min":71.1,"nearest_station_id":"kr_427","nearest_station_name":"Singiloncheon","nearest_station_name_ko":"신길온천","a":120,"c":120,"e":120,"g":120,"i":120,"k":120,"m":120,"o":120,"b":120,"d":120,"f":120,"h":120,"j":120,"l":120,"n":120,"p":120}},{"type":"Feature","geometry":{"type":"Polygon","coordinates":[[[126.94348,37.26313],[126.92589,37.27118],[126.9083,37.26313],[126.9083,37.24703],[126.92589,37.23897],[126.94348,37.24703],[126.94348,37.26313]]]},"properties":{"row":-6,"col":8,"walk_min":92.0,"nearest_station_id":"kr_043","nearest_station_name":"Suwon","nearest_station_name_ko":"수원","a":120,"c":120,"e":120,"g":120,"i":119,"k":120,"m":120,"o":120,"b":120,"d":120,"f":120,"h":120,"j":119,"l":120,"n":120,"p":120}},{"type":"Feature","geometry":{"type":"Polygon","coordinates":[[[126.75,37.28728],[126.73241,37.29533],[126.71482,37.28728],[126.71482,37.27118],[126.73241,37.26313],[126.75,37.27118],[126.75,37.28728]]]},"properties":{"row":-5,"col":2,"walk_min":306.1,"nearest_station_id":"kr_427","nearest_station_name":"Singiloncheon","nearest_station_name_ko":"신길온천","a":120,"c":120,"e":120,"g":120,"i":120,"k":120,"m":120,"o":120,"b":120,"d":120,"f":120,"h":120,"j":120,"l":120,"n":120,"p":120}},{"type":"Feature","geometry":{"type":"Polygon","coordinates":[[[126.75,37.43221],[126.73241,37.44026],[126.71482,37.43221],[126.71482,37.4161],[126.73241,37.40805],[126.75,37.4161],[126.75,37.43221]]]},"properties":{"row":1,"col":-1,"walk_min":78.8,"nearest_station_id":"kr_455","nearest_station_name":"Ganseok","nearest_station_name_ko":"간석","a":120,"c":120,"e":120,"g":120,"i":120,"k":120,"m":120,"o":120,"b":120,"d":120,"f":120,"h":120,"j":120,"l":120,"n":120,"p":120}},{"type":"Feature","geometry":{"type":"Polygon","coordinates":[[[126.69723,37.31144],[126.67964,37.31949],[126.66205,37.31144],[126.66205,37.29533],[126.67964,37.28728],[126.69723,37.29533],[126.69723,37.31144]]]},"properties":{"row":-4,"col":0,"walk_min":330.8,"nearest_station_id":"kr_351","nearest_station_name":"Jeongwang","nearest_station_name_ko":"정왕","a":120,"c":120,"e":120,"g":120,"i":120,"k":120,"m":120,"o":120,"b":120,"d":120,"f":120,"h":120,"j":120,"l":120,"n":120,"p":120}},{"type":"Feature","geometry":{"type":"Polygon","coordinates":[[[126.76759,37.40805],[126.75,37.4161],[126.73241,37.40805],[126.73241,37.39195],[126.75,37.3839],[126.76759,37.39195],[126.76759,37.40805]]]},"properties":{"row":0,"col":0,"walk_min":77.0,"nearest_station_id":"kr_428","nearest_station_name":"Oido","nearest_station_name_ko":"오이도","a":120,"c":120,"e":120,"g":120,"i":120,"k":120,"m":120,"o":120,"b":120,"d":120,"f":120,"h":120,"j":120,"l":120,"n":120,"p":120}},{"type":"Feature","geometry":{"type":"Polygon","coordinates":[[[127.13697,37.72205],[127.11938,37.7301],[127.10179,37.72205],[127.10179,37.70595],[127.11938,37.6979],[127.13697,37.70595],[127.13697,37.72205]]]},"properties":{"row":13,"col":4,"walk_min":72.7,"nearest_station_id":"kr_310","nearest_station_name":"Byeollaebyeolgaram","nearest_station_name_ko":"별내별가람","a":118,"c":117,"e":120,"g":117,"i":120,"k":120,"m":120,"o":120,"b":118,"d":117,"f":120,"h":117,"j":120,"l":120,"n":120,"p":120}},{"type":"Feature","geometry":{"type":"Polygon","coordinates":[[[126.71482,37.57713],[126.69723,37.58518],[126.67964,37.57713],[126.67964,37.56103],[126.69723,37.55297],[126.71482,37.56103],[126.71482,37.57713]]]},"properties":{"row":7,"col":-5,"walk_min":96.2,"nearest_station_id":"kr_258","nearest_station_name":"Sangok","nearest_station_name_ko":"산곡","a":120,"c":120,"e":120,"g":120,"i":120,"k":120,"m":120,"o":120,"b":120,"d":120,"f":120,"h":120,"j":120,"l":120,"n":120,"p":120}},{"type":"Feature","geometry":{"type":"Polygon","coordinates":[[[126.75,37.57713],[126.73241,37.58518],[126.71482,37.57713],[126.71482,37.56103],[126.73241,37.55297],[126.75,37.56103],[126.75,37.57713]]]},"properties":{"row":7,"col":-4,"walk_min":81.1,"nearest_station_id":"kr_429","nearest_station_name":"Gaehwa","nearest_station_name_ko":"개화","a":117,"c":117,"e":118,"g":120,"i":118,"k":120,"m":120,"o":112,"b":117,"d":117,"f":118,"h":120,"j":118,"l":120,"n":120,"p":112}},{"type":"Feature","geometry":{"type":"Polygon","coordinates":[[[127.01384,37.84282],[126.99625,37.85087],[126.97866,37.84282],[126.97866,37.82672],[126.99625,37.81867],[127.01384,37.82672],[127.01384,37.84282]]]},"properties":{"row":18,"col":-2,"walk_min":101.5,"nearest_station_id":"kr_119","nearest_station_name":"Deokjeong (Seojeong College)","nearest_station_name_ko":"덕정(서정대학)","a":120,"c":120,"e":120,"g":120,"i":120,"k":120,"m":120,"o":120,"b":120,"d":120,"f":120,"h":120,"j":120,"l":120,"n":120,"p":120}},{"type":"Feature","geometry":{"type":"Polygon","coordinates":[[[126.83795,37.26313],[126.82036,37.27118],[126.80277,37.26313],[126.80277,37.24703],[126.82036,37.23897],[126.83795,37.24703],[126.83795,37.26313]]]},"properties":{"row":-6,"col":5,"walk_min":123.1,"nearest_station_id":"kr_114","nearest_station_name":"Sangnoksu","nearest_station_name_ko":"상록수","a":120,"c":120,"e":120,"g":120,"i":120,"k":120,"m":120,"o":120,"b":120,"d":120,"f":120,"h":120,"j":120,"l":120,"n":120,"p":120}},{"type":"Feature","geometry":{"type":"Polygon","coordinates":[[[126.69723,37.64959],[126.67964,37.65764],[126.66205,37.64959],[126.66205,37.63349],[126.67964,37.62544],[126.69723,37.63349],[126.69723,37.64959]]]},"properties":{"row":10,"col":-7,"walk_min":189.9,"nearest_station_id":"kr_424","nearest_station_name":"Daehwa","nearest_station_name_ko":"대화","a":120,"c":120,"e":120,"g":120,"i":120,"k":120,"m":120,"o":120,"b":120,"d":120,"f":120,"h":120,"j":120,"l":120,"n":120,"p":120}},{"type":"Feature","geometry":{"type":"Polygon","coordinates":[[[126.96107,37.23897],[126.94348,37.24703],[126.92589,37.23897],[126.92589,37.22287],[126.94348,37.21482],[126.96107,37.22287],[126.96107,37.23897]]]},"properties":{"row":-7,"col":9,"walk_min":107.8,"nearest_station_id":"kr_043","nearest_station_name":"Suwon","nearest_station_name_ko":"수원","a":120,"c":120,"e":120,"g":120,"i":120,"k":120,"m":120,"o":120,"b":120,"d":120,"f":120,"h":120,"j":120,"l":120,"n":120,"p":120}},{"type":"Feature","geometry":{"type":"Polygon","coordinates":[[[127.26009,37.7462],[127.2425,37.75426],[127.22491,37.7462],[127.22491,37.7301],[127.2425,37.72205],[127.26009,37.7301],[127.26009,37.7462]]]},"properties":{"row":14,"col":7,"walk_min":55.6,"nearest_station_id":"kr_470","nearest_station_name":"Jinjeop","nearest_station_name_ko":"진접","a":120,"c":120,"e":120,"g":120,"i":120,"k":120,"m":120,"o":120,"b":120,"d":120,"f":120,"h":120,"j":120,"l":120,"n":120,"p":120}},{"type":"Feature","geometry":{"type":"Polygon","coordinates":[[[127.22491,37.79451],[127.20732,37.80256],[127.18973,37.79451],[127.18973,37.77841],[127.20732,37.77036],[127.22491,37.77841],[127.22491,37.79451]]]},"properties":{"row":16,"col":5,"walk_min":133.7,"nearest_station_id":"kr_470","nearest_station_name":"Jinjeop","nearest_station_name_ko":"진접","a":120,"c":120,"e":120,"g":120,"i":120,"k":120,"m":120,"o":120,"b":120,"d":120,"f":120,"h":120,"j":120,"l":120,"n":120,"p":120}},{"type":"Feature","geometry":{"type":"Polygon","coordinates":[[[126.5917,37.45636],[126.57411,37.46441],[126.55652,37.45636],[126.55652,37.44026],[126.57411,37.43221],[126.5917,37.44026],[126.5917,37.45636]]]},"properties":{"row":2,"col":-6,"walk_min":68.8,"nearest_station_id":"kr_458","nearest_station_name":"Incheon","nearest_station_name_ko":"인천","a":120,"c":120,"e":120,"g":120,"i":120,"k":120,"m":120,"o":120,"b":120,"d":120,"f":120,"h":120,"j":120,"l":120,"n":120,"p":120}},{"type":"Feature","geometry":{"type":"Polygon","coordinates":[[[126.82036,37.43221],[126.80277,37.44026],[126.78518,37.43221],[126.78518,37.4161],[126.80277,37.40805],[126.82036,37.4161],[126.82036,37.43221]]]},"properties":{"row":1,"col":1,"walk_min":84.8,"nearest_station_id":"kr_451","nearest_station_name":"Sosa","nearest_station_name_ko":"소사","a":118,"c":120,"e":120,"g":120,"i":120,"k":120,"m":120,"o":116,"b":116,"d":118,"f":120,"h":120,"j":120,"l":120,"n":120,"p":116}},{"type":"Feature","geometry":{"type":"Polygon","coordinates":[[[127.22491,37.35974],[127.20732,37.36779],[127.18973,37.35974],[127.18973,37.34364],[127.20732,37.33559],[127.22491,37.34364],[127.22491,37.35974]]]},"properties":{"row":-2,"col":14,"walk_min":134.6,"nearest_station_id":"kr_149","nearest_station_name":"경기광주","nearest_station_name_ko":"경기광주","a":120,"c":120,"e":120,"g":120,"i":120,"k":120,"m":120,"o":120,"b":120,"d":120,"f":120,"h":120,"j":120,"l":120,"n":120,"p":120}},{"type":"Feature","geometry":{"type":"Polygon","coordinates":[[[127.2425,37.3839],[127.22491,37.39195],[127.20732,37.3839],[127.20732,37.36779],[127.22491,37.35974],[127.2425,37.36779],[127.2425,37.3839]]]},"properties":{"row":-1,"col":14,"walk_min":90.5,"nearest_station_id":"kr_237","nearest_station_name":"삼동","nearest_station_name_ko":"삼동","a":120,"c":120,"e":120,"g":120,"i":120,"k":120,"m":120,"o":120,"b":120,"d":120,"f":120,"h":120,"j":120,"l":120,"n":120,"p":120}},{"type":"Feature","geometry":{"type":"Polygon","coordinates":[[[127.06661,37.3839],[127.04902,37.39195],[127.03143,37.3839],[127.03143,37.36779],[127.04902,37.35974],[127.06661,37.36779],[127.06661,37.3839]]]},"properties":{"row":-1,"col":9,"walk_min":77.6,"nearest_station_id":"kr_148","nearest_station_name":"Jeongja","nearest_station_name_ko":"정자","a":120,"c":120,"e":111,"g":120,"i":111,"k":120,"m":120,"o":120,"b":120,"d":120,"f":111,"h":120,"j":111,"l":120,"n":120,"p":120}},{"type":"Feature","geometry":{"type":"Polygon","coordinates":[[[126.73241,37.40805],[126.71482,37.4161],[126.69723,37.40805],[126.69723,37.39195],[126.71482,37.3839],[126.73241,37.39195],[126.73241,37.40805]]]},"properties":{"row":0,"col":-1,"walk_min":97.4,"nearest_station_id":"kr_428","nearest_station_name":"Oido","nearest_station_name_ko":"오이도","a":120,"c":120,"e":120,"g":120,"i":120,"k":120,"m":120,"o":120,"b":120,"d":120,"f":120,"h":120,"j":120,"l":120,"n":120,"p":120}},{"type":"Feature","geometry":{"type":"Polygon","coordinates":[[[126.89071,37.3839],[126.87313,37.39195],[126.85554,37.3839],[126.85554,37.36779],[126.87313,37.35974],[126.89071,37.36779],[126.89071,37.3839]]]},"properties":{"row":-1,"col":4,"walk_min":73.3,"nearest_station_id":"kr_442","nearest_station_name":"Gwangmyeong","nearest_station_name_ko":"광명","a":108,"c":111,"e":117,"g":119,"i":114,"k":120,"m":120,"o":109,"b":97,"d":100,"f":117,"h":112,"j":114,"l":120,"n":119,"p":109}},{"type":"Feature","geometry":{"type":"Polygon","coordinates":[[[126.97866,37.6979],[126.96107,37.70595],[126.94348,37.6979],[126.94348,37.68179],[126.96107,37.67374],[126.97866,37.68179],[126.97866,37.6979]]]},"properties":{"row":12,"col":0,"walk_min":85.6,"nearest_station_id":"kr_104","nearest_station_name":"Jichuk","nearest_station_name_ko":"지축","a":116,"c":114,"e":120,"g":118,"i":120,"k":120,"m":120,"o":120,"b":116,"d":114,"f":120,"h":118,"j":120,"l":120,"n":120,"p":120}},{"type":"Feature","geometry":{"type":"Polygon","coordinates":[[[127.04902,37.35974],[127.03143,37.36779],[127.01384,37.35974],[127.01384,37.34364],[127.03143,37.33559],[127.04902,37.34364],[127.04902,37.35974]]]},"properties":{"row":-2,"col":9,"walk_min":79.1,"nearest_station_id":"kr_444","nearest_station_name":"Gwanggyo","nearest_station_name_ko":"광교","a":120,"c":120,"e":120,"g":120,"i":118,"k":120,"m":120,"o":120,"b":120,"d":120,"f":120,"h":120,"j":118,"l":120,"n":120,"p":120}},{"type":"Feature","geometry":{"type":"Polygon","coordinates":[[[127.13697,37.19067],[127.11938,37.19872],[127.10179,37.19067],[127.10179,37.17456],[127.11938,37.16651],[127.13697,37.17456],[127.13697,37.19067]]]},"properties":{"row":-9,"col":15,"walk_min":84.2,"nearest_station_id":"kr_416","nearest_station_name":"Osan College","nearest_station_name_ko":"오산대","a":120,"c":120,"e":120,"g":120,"i":120,"k":120,"m":120,"o":120,"b":120,"d":120,"f":120,"h":120,"j":120,"l":120,"n":120,"p":120}},{"type":"Feature","geometry":{"type":"Polygon","coordinates":[[[127.15455,37.21482],[127.13697,37.22287],[127.11938,37.21482],[127.11938,37.19872],[127.13697,37.19067],[127.15455,37.19872],[127.15455,37.21482]]]},"properties":{"row":-8,"col":15,"walk_min":109.8,"nearest_station_id":"kr_466","nearest_station_name":"Seodongtan","nearest_station_name_ko":"서동탄","a":120,"c":120,"e":120,"g":120,"i":120,"k":120,"m":120,"o":120,"b":120,"d":120,"f":120,"h":120,"j":120,"l":120,"n":120,"p":120}},{"type":"Feature","geometry":{"type":"Polygon","coordinates":[[[127.2425,37.48051],[127.22491,37.48856],[127.20732,37.48051],[127.20732,37.46441],[127.22491,37.45636],[127.2425,37.46441],[127.2425,37.48051]]]},"properties":{"row":3,"col":12,"walk_min":90.8,"nearest_station_id":"kr_232","nearest_station_name":"Namhansanseong","nearest_station_name_ko":"남한산성입구","a":120,"c":120,"e":116,"g":120,"i":120,"k":113,"m":119,"o":120,"b":120,"d":120,"f":116,"h":120,"j":120,"l":113,"n":119,"p":120}},{"type":"Feature","geometry":{"type":"Polygon","coordinates":[[[126.82036,37.72205],[126.80277,37.7301],[126.78518,37.72205],[126.78518,37.70595],[126.80277,37.6979],[126.82036,37.70595],[126.82036,37.72205]]]},"properties":{"row":13,"col":-5,"walk_min":89.9,"nearest_station_id":"kr_350","nearest_station_name":"Juyeop","nearest_station_name_ko":"주엽","a":120,"c":120,"e":120,"g":120,"i":120,"k":120,"m":120,"o":120,"b":120,"d":120,"f":120,"h":120,"j":120,"l":120,"n":120,"p":120}},{"type":"Feature","geometry":{"type":"Polygon","coordinates":[[[126.85554,37.3839],[126.83795,37.39195],[126.82036,37.3839],[126.82036,37.36779],[126.83795,37.35974],[126.85554,37.36779],[126.85554,37.3839]]]},"properties":{"row":-1,"col":3,"walk_min":83.7,"nearest_station_id":"kr_263","nearest_station_name":"Ansan","nearest_station_name_ko":"안산","a":118,"c":120,"e":120,"g":120,"i":120,"k":120,"m":120,"o":119,"b":113,"d":115,"f":120,"h":120,"j":120,"l":120,"n":120,"p":119}},{"type":"Feature","geometry":{"type":"Polygon","coordinates":[[[126.83795,37.40805],[126.82036,37.4161],[126.80277,37.40805],[126.80277,37.39195],[126.82036,37.3839],[126.83795,37.39195],[126.83795,37.40805]]]},"properties":{"row":0,"col":2,"walk_min":100.5,"nearest_station_id":"kr_442","nearest_station_name":"Gwangmyeong","nearest_station_name_ko":"광명","a":120,"c":120,"e":120,"g":120,"i":120,"k":120,"m":120,"o":120,"b":120,"d":120,"f":120,"h":120,"j":120,"l":120,"n":120,"p":120}},{"type":"Feature","geometry":{"type":"Polygon","coordinates":[[[127.0842,37.16651],[127.06661,37.17456],[127.04902,37.16651],[127.04902,37.15041],[127.06661,37.14236],[127.0842,37.15041],[127.0842,37.16651]]]},"properties":{"row":-10,"col":14,"walk_min":64.6,"nearest_station_id":"kr_416","nearest_station_name":"Osan College","nearest_station_name_ko":"오산대","a":120,"c":120,"e":120,"g":120,"i":120,"k":120,"m":120,"o":120,"b":120,"d":120,"f":120,"h":120,"j":120,"l":120,"n":120,"p":120}},{"type":"Feature","geometry":{"type":"Polygon","coordinates":[[[127.17214,37.28728],[127.15455,37.29533],[127.13697,37.28728],[127.13697,37.27118],[127.15455,37.26313],[127.17214,37.27118],[127.17214,37.28728]]]},"properties":{"row":-5,"col":14,"walk_min":112.5,"nearest_station_id":"kr_233","nearest_station_name":"Suji-gu Office","nearest_station_name_ko":"수지구청","a":120,"c":120,"e":120,"g":120,"i":120,"k":120,"m":120,"o":120,"b":120,"d":120,"f":120,"h":120,"j":120,"l":120,"n":120,"p":120}},{"type":"Feature","geometry":{"type":"Polygon","coordinates":[[[126.66205,37.55297],[126.64446,37.56103],[126.62687,37.55297],[126.62687,37.53687],[126.64446,37.52882],[126.66205,37.53687],[126.66205,37.55297]]]},"properties":{"row":6,"col":-6,"walk_min":104.8,"nearest_station_id":"kr_258","nearest_station_name":"Sangok","nearest_station_name_ko":"산곡","a":120,"c":120,"e":120,"g":120,"i":120,"k":120,"m":120,"o":120,"b":120,"d":120,"f":120,"h":120,"j":120,"l":120,"n":120,"p":120}},{"type":"Feature","geometry":{"type":"Polygon","coordinates":[[[127.13697,37.81867],[127.11938,37.82672],[127.10179,37.81867],[127.10179,37.80256],[127.11938,37.79451],[127.13697,37.80256],[127.13697,37.81867]]]},"properties":{"row":17,"col":2,"walk_min":91.4,"nearest_station_id":"kr_447","nearest_station_name":"Deokgye","nearest_station_name_ko":"덕계","a":120,"c":120,"e":120,"g":120,"i":120,"k":120,"m":120,"o":120,"b":120,"d":120,"f":120,"h":120,"j":120,"l":120,"n":120,"p":120}},{"type":"Feature","geometry":{"type":"Polygon","coordinates":[[[127.13697,37.23897],[127.11938,37.24703],[127.10179,37.23897],[127.10179,37.22287],[127.11938,37.21482],[127.13697,37.22287],[127.13697,37.23897]]]},"properties":{"row":-7,"col":14,"walk_min":99.5,"nearest_station_id":"kr_466","nearest_station_name":"Seodongtan","nearest_station_name_ko":"서동탄","a":120,"c":120,"e":120,"g":120,"i":120,"k":120,"m":120,"o":120,"b":120,"d":120,"f":120,"h":120,"j":120,"l":120,"n":120,"p":120}},{"type":"Feature","geometry":{"type":"Polygon","coordinates":[[[126.99625,37.77036],[126.97866,37.77841],[126.96107,37.77036],[126.96107,37.75426],[126.97866,37.7462],[126.99625,37.75426],[126.99625,37.77036]]]},"properties":{"row":15,"col":-1,"walk_min":91.2,"nearest_station_id":"kr_421","nearest_station_name":"Nogyang","nearest_station_name_ko":"녹양","a":120,"c":120,"e":120,"g":120,"i":120,"k":120,"m":120,"o":120,"b":120,"d":120,"f":120,"h":120,"j":120,"l":120,"n":120,"p":120}},{"type":"Feature","geometry":{"type":"Polygon","coordinates":[[[126.78518,37.43221],[126.76759,37.44026],[126.75,37.43221],[126.75,37.4161],[126.76759,37.40805],[126.78518,37.4161],[126.78518,37.43221]]]},"properties":{"row":1,"col":0,"walk_min":90.3,"nearest_station_id":"kr_060","nearest_station_name":"Bucheon","nearest_station_name_ko":"부천","a":120,"c":120,"e":120,"g":120,"i":120,"k":120,"m":120,"o":120,"b":120,"d":120,"f":120,"h":120,"j":120,"l":120,"n":120,"p":120}},{"type":"Feature","geometry":{"type":"Polygon","coordinates":[[[126.97866,37.79451],[126.96107,37.80256],[126.94348,37.79451],[126.94348,37.77841],[126.96107,37.77036],[126.97866,37.77841],[126.97866,37.79451]]]},"properties":{"row":16,"col":-2,"walk_min":109.7,"nearest_station_id":"kr_092","nearest_station_name":"Yangju","nearest_station_name_ko":"양주","a":120,"c":120,"e":120,"g":120,"i":120,"k":120,"m":120,"o":120,"b":120,"d":120,"f":120,"h":120,"j":120,"l":120,"n":120,"p":120}},{"type":"Feature","geometry":{"type":"Polygon","coordinates":[[[126.99625,37.81867],[126.97866,37.82672],[126.96107,37.81867],[126.96107,37.80256],[126.97866,37.79451],[126.99625,37.80256],[126.99625,37.81867]]]},"properties":{"row":17,"col":-2,"walk_min":98.4,"nearest_station_id":"kr_447","nearest_station_name":"Deokgye","nearest_station_name_ko":"덕계","a":120,"c":120,"e":120,"g":120,"i":120,"k":120,"m":120,"o":120,"b":120,"d":120,"f":120,"h":120,"j":120,"l":120,"n":120,"p":120}},{"type":"Feature","geometry":{"type":"Polygon","coordinates":[[[127.15455,37.79451],[127.13697,37.80256],[127.11938,37.79451],[127.11938,37.77841],[127.13697,37.77036],[127.15455,37.77841],[127.15455,37.79451]]]},"properties":{"row":16,"col":3,"walk_min":124.6,"nearest_station_id":"kr_447","nearest_station_name":"Deokgye","nearest_station_name_ko":"덕계","a":120,"c":120,"e":120,"g":120,"i":120,"k":120,"m":120,"o":120,"b":120,"d":120,"f":120,"h":120,"j":120,"l":120,"n":120,"p":120}},{"type":"Feature","geometry":{"type":"Polygon","coordinates":[[[127.15455,37.26313],[127.13697,37.27118],[127.11938,37.26313],[127.11938,37.24703],[127.13697,37.23897],[127.15455,37.24703],[127.15455,37.26313]]]},"properties":{"row":-6,"col":14,"walk_min":121.3,"nearest_station_id":"kr_307","nearest_station_name":"Sanghyeon","nearest_station_name_ko":"상현","a":120,"c":120,"e":120,"g":120,"i":120,"k":120,"m":120,"o":120,"b":120,"d":120,"f":120,"h":120,"j":120,"l":120,"n":120,"p":120}},{"type":"Feature","geometry":{"type":"Polygon","coordinates":[[[126.99625,37.72205],[126.97866,37.7301],[126.96107,37.72205],[126.96107,37.70595],[126.97866,37.6979],[126.99625,37.70595],[126.99625,37.72205]]]},"properties":{"row":13,"col":0,"walk_min":90.2,"nearest_station_id":"kr_449","nearest_station_name":"Mangwolsa (Shinhan University)","nearest_station_name_ko":"망월사(신한대학교)","a":120,"c":120,"e":120,"g":120,"i":120,"k":120,"m":120,"o":120,"b":120,"d":120,"f":120,"h":120,"j":120,"l":120,"n":120,"p":120}},{"type":"Feature","geometry":{"type":"Polygon","coordinates":[[[127.15455,37.7462],[127.13697,37.75426],[127.11938,37.7462],[127.11938,37.7301],[127.13697,37.72205],[127.15455,37.7301],[127.15455,37.7462]]]},"properties":{"row":14,"col":4,"walk_min":103.5,"nearest_station_id":"kr_361","nearest_station_name":"Onam","nearest_station_name_ko":"오남","a":120,"c":120,"e":120,"g":120,"i":120,"k":120,"m":120,"o":120,"b":120,"d":120,"f":120,"h":120,"j":120,"l":120,"n":120,"p":120}},{"type":"Feature","geometry":{"type":"Polygon","coordinates":[[[126.80277,37.26313],[126.78518,37.27118],[126.76759,37.26313],[126.76759,37.24703],[126.78518,37.23897],[126.80277,37.24703],[126.80277,37.26313]]]},"properties":{"row":-6,"col":4,"walk_min":201.1,"nearest_station_id":"kr_426","nearest_station_name":"Gojan","nearest_station_name_ko":"고잔","a":120,"c":120,"e":120,"g":120,"i":120,"k":120,"m":120,"o":120,"b":120,"d":120,"f":120,"h":120,"j":120,"l":120,"n":120,"p":120}},{"type":"Feature","geometry":{"type":"Polygon","coordinates":[[[126.67964,37.57713],[126.66205,37.58518],[126.64446,37.57713],[126.64446,37.56103],[126.66205,37.55297],[126.67964,37.56103],[126.67964,37.57713]]]},"properties":{"row":7,"col":-6,"walk_min":115.6,"nearest_station_id":"kr_258","nearest_station_name":"Sangok","nearest_station_name_ko":"산곡","a":120,"c":120,"e":120,"g":120,"i":120,"k":120,"m":120,"o":120,"b":120,"d":120,"f":120,"h":120,"j":120,"l":120,"n":120,"p":120}},{"type":"Feature","geometry":{"type":"Polygon","coordinates":[[[126.80277,37.40805],[126.78518,37.4161],[126.76759,37.40805],[126.76759,37.39195],[126.78518,37.3839],[126.80277,37.39195],[126.80277,37.40805]]]},"properties":{"row":0,"col":1,"walk_min":107.7,"nearest_station_id":"kr_428","nearest_station_name":"Oido","nearest_station_name_ko":"오이도","a":120,"c":120,"e":120,"g":120,"i":120,"k":120,"m":120,"o":120,"b":120,"d":120,"f":120,"h":120,"j":120,"l":120,"n":120,"p":120}},{"type":"Feature","geometry":{"type":"Polygon","coordinates":[[[126.99625,37.19067],[126.97866,37.19872],[126.96107,37.19067],[126.96107,37.17456],[126.97866,37.16651],[126.99625,37.17456],[126.99625,37.19067]]]},"properties":{"row":-9,"col":11,"walk_min":96.2,"nearest_station_id":"kr_047","nearest_station_name":"Byeongjeom","nearest_station_name_ko":"병점","a":120,"c":120,"e":120,"g":120,"i":120,"k":120,"m":120,"o":120,"b":120,"d":120,"f":120,"h":120,"j":120,"l":120,"n":120,"p":120}},{"type":"Feature","geometry":{"type":"Polygon","coordinates":[[[126.97866,37.21482],[126.96107,37.22287],[126.94348,37.21482],[126.94348,37.19872],[126.96107,37.19067],[126.97866,37.19872],[126.97866,37.21482]]]},"properties":{"row":-8,"col":10,"walk_min":118.0,"nearest_station_id":"kr_047","nearest_station_name":"Byeongjeom","nearest_station_name_ko":"병점","a":120,"c":120,"e":120,"g":120,"i":120,"k":120,"m":120,"o":120,"b":120,"d":120,"f":120,"h":120,"j":120,"l":120,"n":120,"p":120}},{"type":"Feature","geometry":{"type":"Polygon","coordinates":[[[126.97866,37.7462],[126.96107,37.75426],[126.94348,37.7462],[126.94348,37.7301],[126.96107,37.72205],[126.97866,37.7301],[126.97866,37.7462]]]},"properties":{"row":14,"col":-1,"walk_min":128.2,"nearest_station_id":"kr_448","nearest_station_name":"Ganeung","nearest_station_name_ko":"가능","a":120,"c":120,"e":120,"g":120,"i":120,"k":120,"m":120,"o":120,"b":120,"d":120,"f":120,"h":120,"j":120,"l":120,"n":120,"p":120}},{"type":"Feature","geometry":{"type":"Polygon","coordinates":[[[127.18973,37.31144],[127.17214,37.31949],[127.15455,37.31144],[127.15455,37.29533],[127.17214,37.28728],[127.18973,37.29533],[127.18973,37.31144]]]},"properties":{"row":-4,"col":14,"walk_min":123.2,"nearest_station_id":"kr_233","nearest_station_name":"Suji-gu Office","nearest_station_name_ko":"수지구청","a":120,"c":120,"e":120,"g":120,"i":120,"k":120,"m":120,"o":120,"b":120,"d":120,"f":120,"h":120,"j":120,"l":120,"n":120,"p":120}},{"type":"Feature","geometry":{"type":"Polygon","coordinates":[[[127.20732,37.33559],[127.18973,37.34364],[127.17214,37.33559],[127.17214,37.31949],[127.18973,37.31144],[127.20732,37.31949],[127.20732,37.33559]]]},"properties":{"row":-3,"col":14,"walk_min":136.1,"nearest_station_id":"kr_172","nearest_station_name":"Migeum","nearest_station_name_ko":"미금","a":120,"c":120,"e":120,"g":120,"i":120,"k":120,"m":120,"o":120,"b":120,"d":120,"f":120,"h":120,"j":120,"l":120,"n":120,"p":120}},{"type":"Feature","geometry":{"type":"Polygon","coordinates":[[[127.2425,37.62544],[127.22491,37.63349],[127.20732,37.62544],[127.20732,37.60933],[127.22491,37.60128],[127.2425,37.60933],[127.2425,37.62544]]]},"properties":{"row":9,"col":9,"walk_min":104.3,"nearest_station_id":"kr_331","nearest_station_name":"Misa","nearest_station_name_ko":"미사","a":120,"c":120,"e":120,"g":120,"i":120,"k":120,"m":120,"o":120,"b":120,"d":120,"f":120,"h":120,"j":120,"l":120,"n":120,"p":120}},{"type":"Feature","geometry":{"type":"Polygon","coordinates":[[[126.69723,37.40805],[126.67964,37.4161],[126.66205,37.40805],[126.66205,37.39195],[126.67964,37.3839],[126.69723,37.39195],[126.69723,37.40805]]]},"properties":{"row":0,"col":-2,"walk_min":94.6,"nearest_station_id":"kr_248","nearest_station_name":"Juan","nearest_station_name_ko":"주안","a":120,"c":120,"e":120,"g":120,"i":120,"k":120,"m":120,"o":120,"b":120,"d":120,"f":120,"h":120,"j":120,"l":120,"n":120,"p":120}},{"type":"Feature","geometry":{"type":"Polygon","coordinates":[[[127.13697,37.77036],[127.11938,37.77841],[127.10179,37.77036],[127.10179,37.75426],[127.11938,37.7462],[127.13697,37.75426],[127.13697,37.77036]]]},"properties":{"row":15,"col":3,"walk_min":101.1,"nearest_station_id":"kr_092","nearest_station_name":"Yangju","nearest_station_name_ko":"양주","a":120,"c":120,"e":120,"g":120,"i":120,"k":120,"m":120,"o":120,"b":120,"d":120,"f":120,"h":120,"j":120,"l":120,"n":120,"p":120}},{"type":"Feature","geometry":{"type":"Polygon","coordinates":[[[127.26009,37.45636],[127.2425,37.46441],[127.22491,37.45636],[127.22491,37.44026],[127.2425,37.43221],[127.26009,37.44026],[127.26009,37.45636]]]},"properties":{"row":2,"col":13,"walk_min":101.0,"nearest_station_id":"kr_236","nearest_station_name":"Samdong","nearest_station_name_ko":"삼동","a":120,"c":120,"e":120,"g":120,"i":120,"k":120,"m":120,"o":120,"b":120,"d":120,"f":120,"h":120,"j":120,"l":120,"n":120,"p":120}},{"type":"Feature","geometry":{"type":"Polygon","coordinates":[[[127.27768,37.43221],[127.26009,37.44026],[127.2425,37.43221],[127.2425,37.4161],[127.26009,37.40805],[127.27768,37.4161],[127.27768,37.43221]]]},"properties":{"row":1,"col":14,"walk_min":77.9,"nearest_station_id":"kr_149","nearest_station_name":"경기광주","nearest_station_name_ko":"경기광주","a":120,"c":120,"e":120,"g":120,"i":120,"k":120,"m":120,"o":120,"b":120,"d":120,"f":120,"h":120,"j":120,"l":120,"n":120,"p":120}},{"type":"Feature","geometry":{"type":"Polygon","coordinates":[[[126.76759,37.7462],[126.75,37.75426],[126.73241,37.7462],[126.73241,37.7301],[126.75,37.72205],[126.76759,37.7301],[126.76759,37.7462]]]},"properties":{"row":14,"col":-7,"walk_min":95.0,"nearest_station_id":"kr_424","nearest_station_name":"Daehwa","nearest_station_name_ko":"대화","a":120,"c":120,"e":120,"g":120,"i":120,"k":120,"m":120,"o":120,"b":120,"d":120,"f":120,"h":120,"j":120,"l":120,"n":120,"p":120}},{"type":"Feature","geometry":{"type":"Polygon","coordinates":[[[126.80277,37.7462],[126.78518,37.75426],[126.76759,37.7462],[126.76759,37.7301],[126.78518,37.72205],[126.80277,37.7301],[126.80277,37.7462]]]},"properties":{"row":14,"col":-6,"walk_min":109.8,"nearest_station_id":"kr_350","nearest_station_name":"Juyeop","nearest_station_name_ko":"주엽","a":120,"c":120,"e":120,"g":120,"i":120,"k":120,"m":120,"o":120,"b":120,"d":120,"f":120,"h":120,"j":120,"l":120,"n":120,"p":120}},{"type":"Feature","geometry":{"type":"Polygon","coordinates":[[[126.97866,37.84282],[126.96107,37.85087],[126.94348,37.84282],[126.94348,37.82672],[126.96107,37.81867],[126.97866,37.82672],[126.97866,37.84282]]]},"properties":{"row":18,"col":-3,"walk_min":115.4,"nearest_station_id":"kr_447","nearest_station_name":"Deokgye","nearest_station_name_ko":"덕계","a":120,"c":120,"e":120,"g":120,"i":120,"k":120,"m":120,"o":120,"b":120,"d":120,"f":120,"h":120,"j":120,"l":120,"n":120,"p":120}},{"type":"Feature","geometry":{"type":"Polygon","coordinates":[[[126.67964,37.67374],[126.66205,37.68179],[126.64446,37.67374],[126.64446,37.65764],[126.66205,37.64959],[126.67964,37.65764],[126.67964,37.67374]]]},"properties":{"row":11,"col":-8,"walk_min":225.5,"nearest_station_id":"kr_424","nearest_station_name":"Daehwa","nearest_station_name_ko":"대화","a":120,"c":120,"e":120,"g":120,"i":120,"k":120,"m":120,"o":120,"b":120,"d":120,"f":120,"h":120,"j":120,"l":120,"n":120,"p":120}},{"type":"Feature","geometry":{"type":"Polygon","coordinates":[[[126.92589,37.23897],[126.9083,37.24703],[126.89071,37.23897],[126.89071,37.22287],[126.9083,37.21482],[126.92589,37.22287],[126.92589,37.23897]]]},"properties":{"row":-7,"col":8,"walk_min":136.9,"nearest_station_id":"kr_114","nearest_station_name":"Sangnoksu","nearest_station_name_ko":"상록수","a":120,"c":120,"e":120,"g":120,"i":120,"k":120,"m":120,"o":120,"b":120,"d":120,"f":120,"h":120,"j":120,"l":120,"n":120,"p":120}},{"type":"Feature","geometry":{"type":"Polygon","coordinates":[[[126.85554,37.72205],[126.83795,37.7301],[126.82036,37.72205],[126.82036,37.70595],[126.83795,37.6979],[126.85554,37.70595],[126.85554,37.72205]]]},"properties":{"row":13,"col":-4,"walk_min":112.0,"nearest_station_id":"kr_145","nearest_station_name":"Wondang","nearest_station_name_ko":"원당","a":120,"c":120,"e":120,"g":120,"i":120,"k":120,"m":120,"o":120,"b":120,"d":120,"f":120,"h":120,"j":120,"l":120,"n":120,"p":120}},{"type":"Feature","geometry":{"type":"Polygon","coordinates":[[[126.89071,37.72205],[126.87313,37.7301],[126.85554,37.72205],[126.85554,37.70595],[126.87313,37.6979],[126.89071,37.70595],[126.89071,37.72205]]]},"properties":{"row":13,"col":-3,"walk_min":115.4,"nearest_station_id":"kr_115","nearest_station_name":"Samsong","nearest_station_name_ko":"삼송","a":120,"c":120,"e":120,"g":120,"i":120,"k":120,"m":120,"o":120,"b":120,"d":120,"f":120,"h":120,"j":120,"l":120,"n":120,"p":120}},{"type":"Feature","geometry":{"type":"Polygon","coordinates":[[[126.60929,37.43221],[126.5917,37.44026],[126.57411,37.43221],[126.57411,37.4161],[126.5917,37.40805],[126.60929,37.4161],[126.60929,37.43221]]]},"properties":{"row":1,"col":-5,"walk_min":92.7,"nearest_station_id":"kr_458","nearest_station_name":"Incheon","nearest_station_name_ko":"인천","a":120,"c":120,"e":120,"g":120,"i":120,"k":120,"m":120,"o":120,"b":120,"d":120,"f":120,"h":120,"j":120,"l":120,"n":120,"p":120}},{"type":"Feature","geometry":{"type":"Polygon","coordinates":[[[126.92589,37.72205],[126.9083,37.7301],[126.89071,37.72205],[126.89071,37.70595],[126.9083,37.6979],[126.92589,37.70595],[126.92589,37.72205]]]},"properties":{"row":13,"col":-2,"walk_min":109.0,"nearest_station_id":"kr_115","nearest_station_name":"Samsong","nearest_station_name_ko":"삼송","a":120,"c":120,"e":120,"g":120,"i":120,"k":120,"m":120,"o":120,"b":120,"d":120,"f":120,"h":120,"j":120,"l":120,"n":120,"p":120}},{"type":"Feature","geometry":{"type":"Polygon","coordinates":[[[126.96107,37.72205],[126.94348,37.7301],[126.92589,37.72205],[126.92589,37.70595],[126.94348,37.6979],[126.96107,37.70595],[126.96107,37.72205]]]},"properties":{"row":13,"col":-1,"walk_min":105.6,"nearest_station_id":"kr_115","nearest_station_name":"Samsong","nearest_station_name_ko":"삼송","a":120,"c":120,"e":120,"g":120,"i":120,"k":120,"m":120,"o":120,"b":120,"d":120,"f":120,"h":120,"j":120,"l":120,"n":120,"p":120}},{"type":"Feature","geometry":{"type":"Polygon","coordinates":[[[126.73241,37.7462],[126.71482,37.75426],[126.69723,37.7462],[126.69723,37.7301],[126.71482,37.72205],[126.73241,37.7301],[126.73241,37.7462]]]},"properties":{"row":14,"col":-8,"walk_min":104.0,"nearest_station_id":"kr_424","nearest_station_name":"Daehwa","nearest_station_name_ko":"대화","a":120,"c":120,"e":120,"g":120,"i":120,"k":120,"m":120,"o":120,"b":120,"d":120,"f":120,"h":120,"j":120,"l":120,"n":120,"p":120}},{"type":"Feature","geometry":{"type":"Polygon","coordinates":[[[126.75,37.77036],[126.73241,37.77841],[126.71482,37.77036],[126.71482,37.75426],[126.73241,37.7462],[126.75,37.75426],[126.75,37.77036]]]},"properties":{"row":15,"col":-8,"walk_min":140.4,"nearest_station_id":"kr_424","nearest_station_name":"Daehwa","nearest_station_name_ko":"대화","a":120,"c":120,"e":120,"g":120,"i":120,"k":120,"m":120,"o":120,"b":120,"d":120,"f":120,"h":120,"j":120,"l":120,"n":120,"p":120}},{"type":"Feature","geometry":{"type":"Polygon","coordinates":[[[126.62687,37.55297],[126.60929,37.56103],[126.5917,37.55297],[126.5917,37.53687],[126.60929,37.52882],[126.62687,37.53687],[126.62687,37.55297]]]},"properties":{"row":6,"col":-7,"walk_min":136.7,"nearest_station_id":"kr_458","nearest_station_name":"Incheon","nearest_station_name_ko":"인천","a":120,"c":120,"e":120,"g":120,"i":120,"k":120,"m":120,"o":120,"b":120,"d":120,"f":120,"h":120,"j":120,"l":120,"n":120,"p":120}},{"type":"Feature","geometry":{"type":"Polygon","coordinates":[[[126.66205,37.40805],[126.64446,37.4161],[126.62687,37.40805],[126.62687,37.39195],[126.64446,37.3839],[126.66205,37.39195],[126.66205,37.40805]]]},"properties":{"row":0,"col":-3,"walk_min":102.5,"nearest_station_id":"kr_379","nearest_station_name":"Jemulpo","nearest_station_name_ko":"제물포","a":120,"c":120,"e":120,"g":120,"i":120,"k":120,"m":120,"o":120,"b":120,"d":120,"f":120,"h":120,"j":120,"l":120,"n":120,"p":120}},{"type":"Feature","geometry":{"type":"Polygon","coordinates":[[[126.67964,37.33559],[126.66205,37.34364],[126.64446,37.33559],[126.64446,37.31949],[126.66205,37.31144],[126.67964,37.31949],[126.67964,37.33559]]]},"properties":{"row":-3,"col":-1,"walk_min":119.4,"nearest_station_id":"kr_351","nearest_station_name":"Jeongwang","nearest_station_name_ko":"정왕","a":120,"c":120,"e":120,"g":120,"i":120,"k":120,"m":120,"o":120,"b":120,"d":120,"f":120,"h":120,"j":120,"l":120,"n":120,"p":120}},{"type":"Feature","geometry":{"type":"Polygon","coordinates":[[[126.67964,37.72205],[126.66205,37.7301],[126.64446,37.72205],[126.64446,37.70595],[126.66205,37.6979],[126.67964,37.70595],[126.67964,37.72205]]]},"properties":{"row":13,"col":-9,"walk_min":265.9,"nearest_station_id":"kr_424","nearest_station_name":"Daehwa","nearest_station_name_ko":"대화","a":120,"c":120,"e":120,"g":120,"i":120,"k":120,"m":120,"o":120,"b":120,"d":120,"f":120,"h":120,"j":120,"l":120,"n":120,"p":120}},{"type":"Feature","geometry":{"type":"Polygon","coordinates":[[[126.89071,37.23897],[126.87313,37.24703],[126.85554,37.23897],[126.85554,37.22287],[126.87313,37.21482],[126.89071,37.22287],[126.89071,37.23897]]]},"properties":{"row":-7,"col":7,"walk_min":134.7,"nearest_station_id":"kr_114","nearest_station_name":"Sangnoksu","nearest_station_name_ko":"상록수","a":120,"c":120,"e":120,"g":120,"i":120,"k":120,"m":120,"o":120,"b":120,"d":120,"f":120,"h":120,"j":120,"l":120,"n":120,"p":120}},{"type":"Feature","geometry":{"type":"Polygon","coordinates":[[[126.62687,37.40805],[126.60929,37.4161],[126.5917,37.40805],[126.5917,37.39195],[126.60929,37.3839],[126.62687,37.39195],[126.62687,37.40805]]]},"properties":{"row":0,"col":-4,"walk_min":105.1,"nearest_station_id":"kr_457","nearest_station_name":"Dowon","nearest_station_name_ko":"도원","a":120,"c":120,"e":120,"g":120,"i":120,"k":120,"m":120,"o":120,"b":120,"d":120,"f":120,"h":120,"j":120,"l":120,"n":120,"p":120}},{"type":"Feature","geometry":{"type":"Polygon","coordinates":[[[126.69723,37.7462],[126.67964,37.75426],[126.66205,37.7462],[126.66205,37.7301],[126.67964,37.72205],[126.69723,37.7301],[126.69723,37.7462]]]},"properties":{"row":14,"col":-9,"walk_min":256.1,"nearest_station_id":"kr_424","nearest_station_name":"Daehwa","nearest_station_name_ko":"대화","a":120,"c":120,"e":120,"g":120,"i":120,"k":120,"m":120,"o":120,"b":120,"d":120,"f":120,"h":120,"j":120,"l":120,"n":120,"p":120}},{"type":"Feature","geometry":{"type":"Polygon","coordinates":[[[126.71482,37.77036],[126.69723,37.77841],[126.67964,37.77036],[126.67964,37.75426],[126.69723,37.7462],[126.71482,37.75426],[126.71482,37.77036]]]},"properties":{"row":15,"col":-9,"walk_min":160.7,"nearest_station_id":"kr_424","nearest_station_name":"Daehwa","nearest_station_name_ko":"대화","a":120,"c":120,"e":120,"g":120,"i":120,"k":120,"m":120,"o":120,"b":120,"d":120,"f":120,"h":120,"j":120,"l":120,"n":120,"p":120}},{"type":"Feature","geometry":{"type":"Polygon","coordinates":[[[127.27768,37.48051],[127.26009,37.48856],[127.2425,37.48051],[127.2425,37.46441],[127.26009,37.45636],[127.27768,37.46441],[127.27768,37.48051]]]},"properties":{"row":3,"col":13,"walk_min":107.6,"nearest_station_id":"kr_469","nearest_station_name":"Hanam Geomdansan","nearest_station_name_ko":"하남검단산","a":120,"c":120,"e":120,"g":120,"i":120,"k":120,"m":120,"o":120,"b":120,"d":120,"f":120,"h":120,"j":120,"l":120,"n":120,"p":120}},{"type":"Feature","geometry":{"type":"Polygon","coordinates":[[[127.26009,37.35974],[127.2425,37.36779],[127.22491,37.35974],[127.22491,37.34364],[127.2425,37.33559],[127.26009,37.34364],[127.26009,37.35974]]]},"properties":{"row":-2,"col":15,"walk_min":177.0,"nearest_station_id":"kr_149","nearest_station_name":"경기광주","nearest_station_name_ko":"경기광주","a":120,"c":120,"e":120,"g":120,"i":120,"k":120,"m":120,"o":120,"b":120,"d":120,"f":120,"h":120,"j":120,"l":120,"n":120,"p":120}},{"type":"Feature","geometry":{"type":"Polygon","coordinates":[[[127.27768,37.3839],[127.26009,37.39195],[127.2425,37.3839],[127.2425,37.36779],[127.26009,37.35974],[127.27768,37.36779],[127.27768,37.3839]]]},"properties":{"row":-1,"col":15,"walk_min":95.8,"nearest_station_id":"kr_149","nearest_station_name":"경기광주","nearest_station_name_ko":"경기광주","a":120,"c":120,"e":120,"g":120,"i":120,"k":120,"m":120,"o":120,"b":120,"d":120,"f":120,"h":120,"j":120,"l":120,"n":120,"p":120}},{"type":"Feature","geometry":{"type":"Polygon","coordinates":[[[127.06661,37.86697],[127.04902,37.87502],[127.03143,37.86697],[127.03143,37.85087],[127.04902,37.84282],[127.06661,37.85087],[127.06661,37.86697]]]},"properties":{"row":19,"col":-1,"walk_min":93.5,"nearest_station_id":"kr_119","nearest_station_name":"Deokjeong (Seojeong College)","nearest_station_name_ko":"덕정(서정대학)","a":120,"c":120,"e":120,"g":120,"i":120,"k":120,"m":120,"o":120,"b":120,"d":120,"f":120,"h":120,"j":120,"l":120,"n":120,"p":120}},{"type":"Feature","geometry":{"type":"Polygon","coordinates":[[[127.10179,37.86697],[127.0842,37.87502],[127.06661,37.86697],[127.06661,37.85087],[127.0842,37.84282],[127.10179,37.85087],[127.10179,37.86697]]]},"properties":{"row":19,"col":0,"walk_min":93.5,"nearest_station_id":"kr_119","nearest_station_name":"Deokjeong (Seojeong College)","nearest_station_name_ko":"덕정(서정대학)","a":120,"c":120,"e":120,"g":120,"i":120,"k":120,"m":120,"o":120,"b":120,"d":120,"f":120,"h":120,"j":120,"l":120,"n":120,"p":120}},{"type":"Feature","geometry":{"type":"Polygon","coordinates":[[[126.73241,37.60128],[126.71482,37.60933],[126.69723,37.60128],[126.69723,37.58518],[126.71482,37.57713],[126.73241,37.58518],[126.73241,37.60128]]]},"properties":{"row":8,"col":-5,"walk_min":116.7,"nearest_station_id":"kr_261","nearest_station_name":"Madu","nearest_station_name_ko":"마두","a":120,"c":120,"e":120,"g":120,"i":120,"k":120,"m":120,"o":120,"b":120,"d":120,"f":120,"h":120,"j":120,"l":120,"n":120,"p":120}},{"type":"Feature","geometry":{"type":"Polygon","coordinates":[[[127.17214,37.19067],[127.15455,37.19872],[127.13697,37.19067],[127.13697,37.17456],[127.15455,37.16651],[127.17214,37.17456],[127.17214,37.19067]]]},"properties":{"row":-9,"col":16,"walk_min":156.1,"nearest_station_id":"kr_416","nearest_station_name":"Osan College","nearest_station_name_ko":"오산대","a":120,"c":120,"e":120,"g":120,"i":120,"k":120,"m":120,"o":120,"b":120,"d":120,"f":120,"h":120,"j":120,"l":120,"n":120,"p":120}},{"type":"Feature","geometry":{"type":"Polygon","coordinates":[[[127.18973,37.79451],[127.17214,37.80256],[127.15455,37.79451],[127.15455,37.77841],[127.17214,37.77036],[127.18973,37.77841],[127.18973,37.79451]]]},"properties":{"row":16,"col":4,"walk_min":147.6,"nearest_station_id":"kr_470","nearest_station_name":"Jinjeop","nearest_station_name_ko":"진접","a":120,"c":120,"e":120,"g":120,"i":120,"k":120,"m":120,"o":120,"b":120,"d":120,"f":120,"h":120,"j":120,"l":120,"n":120,"p":120}},{"type":"Feature","geometry":{"type":"Polygon","coordinates":[[[127.15455,37.84282],[127.13697,37.85087],[127.11938,37.84282],[127.11938,37.82672],[127.13697,37.81867],[127.15455,37.82672],[127.15455,37.84282]]]},"properties":{"row":18,"col":2,"walk_min":123.9,"nearest_station_id":"kr_447","nearest_station_name":"Deokgye","nearest_station_name_ko":"덕계","a":120,"c":120,"e":120,"g":120,"i":120,"k":120,"m":120,"o":120,"b":120,"d":120,"f":120,"h":120,"j":120,"l":120,"n":120,"p":120}},{"type":"Feature","geometry":{"type":"Polygon","coordinates":[[[127.17214,37.81867],[127.15455,37.82672],[127.13697,37.81867],[127.13697,37.80256],[127.15455,37.79451],[127.17214,37.80256],[127.17214,37.81867]]]},"properties":{"row":17,"col":3,"walk_min":135.8,"nearest_station_id":"kr_447","nearest_station_name":"Deokgye","nearest_station_name_ko":"덕계","a":120,"c":120,"e":120,"g":120,"i":120,"k":120,"m":120,"o":120,"b":120,"d":120,"f":120,"h":120,"j":120,"l":120,"n":120,"p":120}},{"type":"Feature","geometry":{"type":"Polygon","coordinates":[[[126.69723,37.60128],[126.67964,37.60933],[126.66205,37.60128],[126.66205,37.58518],[126.67964,37.57713],[126.69723,37.58518],[126.69723,37.60128]]]},"properties":{"row":8,"col":-6,"walk_min":139.0,"nearest_station_id":"kr_258","nearest_station_name":"Sangok","nearest_station_name_ko":"산곡","a":120,"c":120,"e":120,"g":120,"i":120,"k":120,"m":120,"o":120,"b":120,"d":120,"f":120,"h":120,"j":120,"l":120,"n":120,"p":120}},{"type":"Feature","geometry":{"type":"Polygon","coordinates":[[[126.64446,37.57713],[126.62687,37.58518],[126.60929,37.57713],[126.60929,37.56103],[126.62687,37.55297],[126.64446,37.56103],[126.64446,37.57713]]]},"properties":{"row":7,"col":-7,"walk_min":157.6,"nearest_station_id":"kr_258","nearest_station_name":"Sangok","nearest_station_name_ko":"산곡","a":120,"c":120,"e":120,"g":120,"i":120,"k":120,"m":120,"o":120,"b":120,"d":120,"f":120,"h":120,"j":120,"l":120,"n":120,"p":120}},{"type":"Feature","geometry":{"type":"Polygon","coordinates":[[[126.71482,37.62544],[126.69723,37.63349],[126.67964,37.62544],[126.67964,37.60933],[126.69723,37.60128],[126.71482,37.60933],[126.71482,37.62544]]]},"properties":{"row":9,"col":-6,"walk_min":152.3,"nearest_station_id":"kr_261","nearest_station_name":"Madu","nearest_station_name_ko":"마두","a":120,"c":120,"e":120,"g":120,"i":120,"k":120,"m":120,"o":120,"b":120,"d":120,"f":120,"h":120,"j":120,"l":120,"n":120,"p":120}},{"type":"Feature","geometry":{"type":"Polygon","coordinates":[[[126.96107,37.81867],[126.94348,37.82672],[126.92589,37.81867],[126.92589,37.80256],[126.94348,37.79451],[126.96107,37.80256],[126.96107,37.81867]]]},"properties":{"row":17,"col":-3,"walk_min":142.3,"nearest_station_id":"kr_092","nearest_station_name":"Yangju","nearest_station_name_ko":"양주","a":120,"c":120,"e":120,"g":120,"i":120,"k":120,"m":120,"o":120,"b":120,"d":120,"f":120,"h":120,"j":120,"l":120,"n":120,"p":120}},{"type":"Feature","geometry":{"type":"Polygon","coordinates":[[[127.2425,37.81867],[127.22491,37.82672],[127.20732,37.81867],[127.20732,37.80256],[127.22491,37.79451],[127.2425,37.80256],[127.2425,37.81867]]]},"properties":{"row":17,"col":5,"walk_min":170.4,"nearest_station_id":"kr_470","nearest_station_name":"Jinjeop","nearest_station_name_ko":"진접","a":120,"c":120,"e":120,"g":120,"i":120,"k":120,"m":120,"o":120,"b":120,"d":120,"f":120,"h":120,"j":120,"l":120,"n":120,"p":120}},{"type":"Feature","geometry":{"type":"Polygon","coordinates":[[[126.83795,37.7462],[126.82036,37.75426],[126.80277,37.7462],[126.80277,37.7301],[126.82036,37.72205],[126.83795,37.7301],[126.83795,37.7462]]]},"properties":{"row":14,"col":-5,"walk_min":140.8,"nearest_station_id":"kr_350","nearest_station_name":"Juyeop","nearest_station_name_ko":"주엽","a":120,"c":120,"e":120,"g":120,"i":120,"k":120,"m":120,"o":120,"b":120,"d":120,"f":120,"h":120,"j":120,"l":120,"n":120,"p":120}},{"type":"Feature","geometry":{"type":"Polygon","coordinates":[[[126.60929,37.52882],[126.5917,37.53687],[126.57411,37.52882],[126.57411,37.51272],[126.5917,37.50467],[126.60929,37.51272],[126.60929,37.52882]]]},"properties":{"row":5,"col":-7,"walk_min":123.7,"nearest_station_id":"kr_458","nearest_station_name":"Incheon","nearest_station_name_ko":"인천","a":120,"c":120,"e":120,"g":120,"i":120,"k":120,"m":120,"o":120,"b":120,"d":120,"f":120,"h":120,"j":120,"l":120,"n":120,"p":120}},{"type":"Feature","geometry":{"type":"Polygon","coordinates":[[[127.26009,37.50467],[127.2425,37.51272],[127.22491,37.50467],[127.22491,37.48856],[127.2425,37.48051],[127.26009,37.48856],[127.26009,37.50467]]]},"properties":{"row":4,"col":12,"walk_min":114.7,"nearest_station_id":"kr_469","nearest_station_name":"Hanam Geomdansan","nearest_station_name_ko":"하남검단산","a":120,"c":120,"e":120,"g":120,"i":120,"k":120,"m":120,"o":120,"b":120,"d":120,"f":120,"h":120,"j":120,"l":120,"n":120,"p":120}},{"type":"Feature","geometry":{"type":"Polygon","coordinates":[[[127.18973,37.26313],[127.17214,37.27118],[127.15455,37.26313],[127.15455,37.24703],[127.17214,37.23897],[127.18973,37.24703],[127.18973,37.26313]]]},"properties":{"row":-6,"col":15,"walk_min":153.9,"nearest_station_id":"kr_233","nearest_station_name":"Suji-gu Office","nearest_station_name_ko":"수지구청","a":120,"c":120,"e":120,"g":120,"i":120,"k":120,"m":120,"o":120,"b":120,"d":120,"f":120,"h":120,"j":120,"l":120,"n":120,"p":120}},{"type":"Feature","geometry":{"type":"Polygon","coordinates":[[[127.20732,37.28728],[127.18973,37.29533],[127.17214,37.28728],[127.17214,37.27118],[127.18973,37.26313],[127.20732,37.27118],[127.20732,37.28728]]]},"properties":{"row":-5,"col":15,"walk_min":163.7,"nearest_station_id":"kr_233","nearest_station_name":"Suji-gu Office","nearest_station_name_ko":"수지구청","a":120,"c":120,"e":120,"g":120,"i":120,"k":120,"m":120,"o":120,"b":120,"d":120,"f":120,"h":120,"j":120,"l":120,"n":120,"p":120}},{"type":"Feature","geometry":{"type":"Polygon","coordinates":[[[127.17214,37.23897],[127.15455,37.24703],[127.13697,37.23897],[127.13697,37.22287],[127.15455,37.21482],[127.17214,37.22287],[127.17214,37.23897]]]},"properties":{"row":-7,"col":15,"walk_min":146.2,"nearest_station_id":"kr_466","nearest_station_name":"Seodongtan","nearest_station_name_ko":"서동탄","a":120,"c":120,"e":120,"g":120,"i":120,"k":120,"m":120,"o":120,"b":120,"d":120,"f":120,"h":120,"j":120,"l":120,"n":120,"p":120}},{"type":"Feature","geometry":{"type":"Polygon","coordinates":[[[126.96107,37.77036],[126.94348,37.77841],[126.92589,37.77036],[126.92589,37.75426],[126.94348,37.7462],[126.96107,37.75426],[126.96107,37.77036]]]},"properties":{"row":15,"col":-2,"walk_min":140.0,"nearest_station_id":"kr_421","nearest_station_name":"Nogyang","nearest_station_name_ko":"녹양","a":120,"c":120,"e":120,"g":120,"i":120,"k":120,"m":120,"o":120,"b":120,"d":120,"f":120,"h":120,"j":120,"l":120,"n":120,"p":120}},{"type":"Feature","geometry":{"type":"Polygon","coordinates":[[[127.20732,37.81867],[127.18973,37.82672],[127.17214,37.81867],[127.17214,37.80256],[127.18973,37.79451],[127.20732,37.80256],[127.20732,37.81867]]]},"properties":{"row":17,"col":4,"walk_min":163.4,"nearest_station_id":"kr_470","nearest_station_name":"Jinjeop","nearest_station_name_ko":"진접","a":120,"c":120,"e":120,"g":120,"i":120,"k":120,"m":120,"o":120,"b":120,"d":120,"f":120,"h":120,"j":120,"l":120,"n":120,"p":120}},{"type":"Feature","geometry":{"type":"Polygon","coordinates":[[[126.85554,37.23897],[126.83795,37.24703],[126.82036,37.23897],[126.82036,37.22287],[126.83795,37.21482],[126.85554,37.22287],[126.85554,37.23897]]]},"properties":{"row":-7,"col":6,"walk_min":155.3,"nearest_station_id":"kr_114","nearest_station_name":"Sangnoksu","nearest_station_name_ko":"상록수","a":120,"c":120,"e":120,"g":120,"i":120,"k":120,"m":120,"o":120,"b":120,"d":120,"f":120,"h":120,"j":120,"l":120,"n":120,"p":120}},{"type":"Feature","geometry":{"type":"Polygon","coordinates":[[[126.94348,37.21482],[126.92589,37.22287],[126.9083,37.21482],[126.9083,37.19872],[126.92589,37.19067],[126.94348,37.19872],[126.94348,37.21482]]]},"properties":{"row":-8,"col":9,"walk_min":158.1,"nearest_station_id":"kr_462","nearest_station_name":"Seryu","nearest_station_name_ko":"세류","a":120,"c":120,"e":120,"g":120,"i":120,"k":120,"m":120,"o":120,"b":120,"d":120,"f":120,"h":120,"j":120,"l":120,"n":120,"p":120}},{"type":"Feature","geometry":{"type":"Polygon","coordinates":[[[127.03143,37.86697],[127.01384,37.87502],[126.99625,37.86697],[126.99625,37.85087],[127.01384,37.84282],[127.03143,37.85087],[127.03143,37.86697]]]},"properties":{"row":19,"col":-2,"walk_min":112.8,"nearest_station_id":"kr_119","nearest_station_name":"Deokjeong (Seojeong College)","nearest_station_name_ko":"덕정(서정대학)","a":120,"c":120,"e":120,"g":120,"i":120,"k":120,"m":120,"o":120,"b":120,"d":120,"f":120,"h":120,"j":120,"l":120,"n":120,"p":120}},{"type":"Feature","geometry":{"type":"Polygon","coordinates":[[[126.96107,37.19067],[126.94348,37.19872],[126.92589,37.19067],[126.92589,37.17456],[126.94348,37.16651],[126.96107,37.17456],[126.96107,37.19067]]]},"properties":{"row":-9,"col":10,"walk_min":148.9,"nearest_station_id":"kr_047","nearest_station_name":"Byeongjeom","nearest_station_name_ko":"병점","a":120,"c":120,"e":120,"g":120,"i":120,"k":120,"m":120,"o":120,"b":120,"d":120,"f":120,"h":120,"j":120,"l":120,"n":120,"p":120}},{"type":"Feature","geometry":{"type":"Polygon","coordinates":[[[127.13697,37.86697],[127.11938,37.87502],[127.10179,37.86697],[127.10179,37.85087],[127.11938,37.84282],[127.13697,37.85087],[127.13697,37.86697]]]},"properties":{"row":19,"col":1,"walk_min":125.9,"nearest_station_id":"kr_119","nearest_station_name":"Deokjeong (Seojeong College)","nearest_station_name_ko":"덕정(서정대학)","a":120,"c":120,"e":120,"g":120,"i":120,"k":120,"m":120,"o":120,"b":120,"d":120,"f":120,"h":120,"j":120,"l":120,"n":120,"p":120}},{"type":"Feature","geometry":{"type":"Polygon","coordinates":[[[127.22491,37.31144],[127.20732,37.31949],[127.18973,37.31144],[127.18973,37.29533],[127.20732,37.28728],[127.22491,37.29533],[127.22491,37.31144]]]},"properties":{"row":-4,"col":15,"walk_min":180.9,"nearest_station_id":"kr_202","nearest_station_name":"Dongcheon","nearest_station_name_ko":"동천","a":120,"c":120,"e":120,"g":120,"i":120,"k":120,"m":120,"o":120,"b":120,"d":120,"f":120,"h":120,"j":120,"l":120,"n":120,"p":120}},{"type":"Feature","geometry":{"type":"Polygon","coordinates":[[[126.66205,37.31144],[126.64446,37.31949],[126.62687,37.31144],[126.62687,37.29533],[126.64446,37.28728],[126.66205,37.29533],[126.66205,37.31144]]]},"properties":{"row":-4,"col":-1,"walk_min":349.6,"nearest_station_id":"kr_351","nearest_station_name":"Jeongwang","nearest_station_name_ko":"정왕","a":120,"c":120,"e":120,"g":120,"i":120,"k":120,"m":120,"o":120,"b":120,"d":120,"f":120,"h":120,"j":120,"l":120,"n":120,"p":120}},{"type":"Feature","geometry":{"type":"Polygon","coordinates":[[[126.64446,37.33559],[126.62687,37.34364],[126.60929,37.33559],[126.60929,37.31949],[126.62687,37.31144],[126.64446,37.31949],[126.64446,37.33559]]]},"properties":{"row":-3,"col":-2,"walk_min":161.4,"nearest_station_id":"kr_428","nearest_station_name":"Oido","nearest_station_name_ko":"오이도","a":120,"c":120,"e":120,"g":120,"i":120,"k":120,"m":120,"o":120,"b":120,"d":120,"f":120,"h":120,"j":120,"l":120,"n":120,"p":120}},{"type":"Feature","geometry":{"type":"Polygon","coordinates":[[[127.27768,37.52882],[127.26009,37.53687],[127.2425,37.52882],[127.2425,37.51272],[127.26009,37.50467],[127.27768,37.51272],[127.27768,37.52882]]]},"properties":{"row":5,"col":12,"walk_min":117.4,"nearest_station_id":"kr_469","nearest_station_name":"Hanam Geomdansan","nearest_station_name_ko":"하남검단산","a":120,"c":120,"e":120,"g":120,"i":120,"k":120,"m":120,"o":120,"b":120,"d":120,"f":120,"h":120,"j":120,"l":120,"n":120,"p":120}},{"type":"Feature","geometry":{"type":"Polygon","coordinates":[[[127.26009,37.64959],[127.2425,37.65764],[127.22491,37.64959],[127.22491,37.63349],[127.2425,37.62544],[127.26009,37.63349],[127.26009,37.64959]]]},"properties":{"row":10,"col":9,"walk_min":140.2,"nearest_station_id":"kr_352","nearest_station_name":"Dasan","nearest_station_name_ko":"다산","a":120,"c":120,"e":120,"g":120,"i":120,"k":120,"m":120,"o":120,"b":120,"d":120,"f":120,"h":120,"j":120,"l":120,"n":120,"p":120}},{"type":"Feature","geometry":{"type":"Polygon","coordinates":[[[127.27768,37.62544],[127.26009,37.63349],[127.2425,37.62544],[127.2425,37.60933],[127.26009,37.60128],[127.27768,37.60933],[127.27768,37.62544]]]},"properties":{"row":9,"col":10,"walk_min":153.6,"nearest_station_id":"kr_331","nearest_station_name":"Misa","nearest_station_name_ko":"미사","a":120,"c":120,"e":120,"g":120,"i":120,"k":120,"m":120,"o":120,"b":120,"d":120,"f":120,"h":120,"j":120,"l":120,"n":120,"p":120}},{"type":"Feature","geometry":{"type":"Polygon","coordinates":[[[126.82036,37.23897],[126.80277,37.24703],[126.78518,37.23897],[126.78518,37.22287],[126.80277,37.21482],[126.82036,37.22287],[126.82036,37.23897]]]},"properties":{"row":-7,"col":5,"walk_min":166.9,"nearest_station_id":"kr_114","nearest_station_name":"Sangnoksu","nearest_station_name_ko":"상록수","a":120,"c":120,"e":120,"g":120,"i":120,"k":120,"m":120,"o":120,"b":120,"d":120,"f":120,"h":120,"j":120,"l":120,"n":120,"p":120}},{"type":"Feature","geometry":{"type":"Polygon","coordinates":[[[126.64446,37.3839],[126.62687,37.39195],[126.60929,37.3839],[126.60929,37.36779],[126.62687,37.35974],[126.64446,37.36779],[126.64446,37.3839]]]},"properties":{"row":-1,"col":-3,"walk_min":138.4,"nearest_station_id":"kr_428","nearest_station_name":"Oido","nearest_station_name_ko":"오이도","a":120,"c":120,"e":120,"g":120,"i":120,"k":120,"m":120,"o":120,"b":120,"d":120,"f":120,"h":120,"j":120,"l":120,"n":120,"p":120}},{"type":"Feature","geometry":{"type":"Polygon","coordinates":[[[126.66205,37.35974],[126.64446,37.36779],[126.62687,37.35974],[126.62687,37.34364],[126.64446,37.33559],[126.66205,37.34364],[126.66205,37.35974]]]},"properties":{"row":-2,"col":-2,"walk_min":191.9,"nearest_station_id":"kr_428","nearest_station_name":"Oido","nearest_station_name_ko":"오이도","a":120,"c":120,"e":120,"g":120,"i":120,"k":120,"m":120,"o":120,"b":120,"d":120,"f":120,"h":120,"j":120,"l":120,"n":120,"p":120}},{"type":"Feature","geometry":{"type":"Polygon","coordinates":[[[126.67964,37.3839],[126.66205,37.39195],[126.64446,37.3839],[126.64446,37.36779],[126.66205,37.35974],[126.67964,37.36779],[126.67964,37.3839]]]},"properties":{"row":-1,"col":-2,"walk_min":138.6,"nearest_station_id":"kr_428","nearest_station_name":"Oido","nearest_station_name_ko":"오이도","a":120,"c":120,"e":120,"g":120,"i":120,"k":120,"m":120,"o":120,"b":120,"d":120,"f":120,"h":120,"j":120,"l":120,"n":120,"p":120}},{"type":"Feature","geometry":{"type":"Polygon","coordinates":[[[126.76759,37.79451],[126.75,37.80256],[126.73241,37.79451],[126.73241,37.77841],[126.75,37.77036],[126.76759,37.77841],[126.76759,37.79451]]]},"properties":{"row":16,"col":-8,"walk_min":183.5,"nearest_station_id":"kr_424","nearest_station_name":"Daehwa","nearest_station_name_ko":"대화","a":120,"c":120,"e":120,"g":120,"i":120,"k":120,"m":120,"o":120,"b":120,"d":120,"f":120,"h":120,"j":120,"l":120,"n":120,"p":120}},{"type":"Feature","geometry":{"type":"Polygon","coordinates":[[[126.78518,37.77036],[126.76759,37.77841],[126.75,37.77036],[126.75,37.75426],[126.76759,37.7462],[126.78518,37.75426],[126.78518,37.77036]]]},"properties":{"row":15,"col":-7,"walk_min":150.0,"nearest_station_id":"kr_424","nearest_station_name":"Daehwa","nearest_station_name_ko":"대화","a":120,"c":120,"e":120,"g":120,"i":120,"k":120,"m":120,"o":120,"b":120,"d":120,"f":120,"h":120,"j":120,"l":120,"n":120,"p":120}},{"type":"Feature","geometry":{"type":"Polygon","coordinates":[[[127.18973,37.21482],[127.17214,37.22287],[127.15455,37.21482],[127.15455,37.19872],[127.17214,37.19067],[127.18973,37.19872],[127.18973,37.21482]]]},"properties":{"row":-8,"col":16,"walk_min":166.6,"nearest_station_id":"kr_466","nearest_station_name":"Seodongtan","nearest_station_name_ko":"서동탄","a":120,"c":120,"e":120,"g":120,"i":120,"k":120,"m":120,"o":120,"b":120,"d":120,"f":120,"h":120,"j":120,"l":120,"n":120,"p":120}},{"type":"Feature","geometry":{"type":"Polygon","coordinates":[[[127.20732,37.19067],[127.18973,37.19872],[127.17214,37.19067],[127.17214,37.17456],[127.18973,37.16651],[127.20732,37.17456],[127.20732,37.19067]]]},"properties":{"row":-9,"col":17,"walk_min":217.9,"nearest_station_id":"kr_416","nearest_station_name":"Osan College","nearest_station_name_ko":"오산대","a":120,"c":120,"e":120,"g":120,"i":120,"k":120,"m":120,"o":120,"b":120,"d":120,"f":120,"h":120,"j":120,"l":120,"n":120,"p":120}},{"type":"Feature","geometry":{"type":"Polygon","coordinates":[[[126.73241,37.79451],[126.71482,37.80256],[126.69723,37.79451],[126.69723,37.77841],[126.71482,37.77036],[126.73241,37.77841],[126.73241,37.79451]]]},"properties":{"row":16,"col":-9,"walk_min":181.1,"nearest_station_id":"kr_424","nearest_station_name":"Daehwa","nearest_station_name_ko":"대화","a":120,"c":120,"e":120,"g":120,"i":120,"k":120,"m":120,"o":120,"b":120,"d":120,"f":120,"h":120,"j":120,"l":120,"n":120,"p":120}},{"type":"Feature","geometry":{"type":"Polygon","coordinates":[[[126.62687,37.35974],[126.60929,37.36779],[126.5917,37.35974],[126.5917,37.34364],[126.60929,37.33559],[126.62687,37.34364],[126.62687,37.35974]]]},"properties":{"row":-2,"col":-3,"walk_min":230.0,"nearest_station_id":"kr_428","nearest_station_name":"Oido","nearest_station_name_ko":"오이도","a":120,"c":120,"e":120,"g":120,"i":120,"k":120,"m":120,"o":120,"b":120,"d":120,"f":120,"h":120,"j":120,"l":120,"n":120,"p":120}},{"type":"Feature","geometry":{"type":"Polygon","coordinates":[[[126.94348,37.7462],[126.92589,37.75426],[126.9083,37.7462],[126.9083,37.7301],[126.92589,37.72205],[126.94348,37.7301],[126.94348,37.7462]]]},"properties":{"row":14,"col":-2,"walk_min":149.3,"nearest_station_id":"kr_115","nearest_station_name":"Samsong","nearest_station_name_ko":"삼송","a":120,"c":120,"e":120,"g":120,"i":120,"k":120,"m":120,"o":120,"b":120,"d":120,"f":120,"h":120,"j":120,"l":120,"n":120,"p":120}},{"type":"Feature","geometry":{"type":"Polygon","coordinates":[[[126.5917,37.55297],[126.57411,37.56103],[126.55652,37.55297],[126.55652,37.53687],[126.57411,37.52882],[126.5917,37.53687],[126.5917,37.55297]]]},"properties":{"row":6,"col":-8,"walk_min":148.5,"nearest_station_id":"kr_458","nearest_station_name":"Incheon","nearest_station_name_ko":"인천","a":120,"c":120,"e":120,"g":120,"i":120,"k":120,"m":120,"o":120,"b":120,"d":120,"f":120,"h":120,"j":120,"l":120,"n":120,"p":120}},{"type":"Feature","geometry":{"type":"Polygon","coordinates":[[[127.18973,37.84282],[127.17214,37.85087],[127.15455,37.84282],[127.15455,37.82672],[127.17214,37.81867],[127.18973,37.82672],[127.18973,37.84282]]]},"properties":{"row":18,"col":3,"walk_min":162.0,"nearest_station_id":"kr_119","nearest_station_name":"Deokjeong (Seojeong College)","nearest_station_name_ko":"덕정(서정대학)","a":120,"c":120,"e":120,"g":120,"i":120,"k":120,"m":120,"o":120,"b":120,"d":120,"f":120,"h":120,"j":120,"l":120,"n":120,"p":120}},{"type":"Feature","geometry":{"type":"Polygon","coordinates":[[[126.87313,37.21482],[126.85554,37.22287],[126.83795,37.21482],[126.83795,37.19872],[126.85554,37.19067],[126.87313,37.19872],[126.87313,37.21482]]]},"properties":{"row":-8,"col":7,"walk_min":176.6,"nearest_station_id":"kr_114","nearest_station_name":"Sangnoksu","nearest_station_name_ko":"상록수","a":120,"c":120,"e":120,"g":120,"i":120,"k":120,"m":120,"o":120,"b":120,"d":120,"f":120,"h":120,"j":120,"l":120,"n":120,"p":120}},{"type":"Feature","geometry":{"type":"Polygon","coordinates":[[[126.9083,37.21482],[126.89071,37.22287],[126.87313,37.21482],[126.87313,37.19872],[126.89071,37.19067],[126.9083,37.19872],[126.9083,37.21482]]]},"properties":{"row":-8,"col":8,"walk_min":172.4,"nearest_station_id":"kr_114","nearest_station_name":"Sangnoksu","nearest_station_name_ko":"상록수","a":120,"c":120,"e":120,"g":120,"i":120,"k":120,"m":120,"o":120,"b":120,"d":120,"f":120,"h":120,"j":120,"l":120,"n":120,"p":120}},{"type":"Feature","geometry":{"type":"Polygon","coordinates":[[[126.66205,37.60128],[126.64446,37.60933],[126.62687,37.60128],[126.62687,37.58518],[126.64446,37.57713],[126.66205,37.58518],[126.66205,37.60128]]]},"properties":{"row":8,"col":-7,"walk_min":166.4,"nearest_station_id":"kr_258","nearest_station_name":"Sangok","nearest_station_name_ko":"산곡","a":120,"c":120,"e":120,"g":120,"i":120,"k":120,"m":120,"o":120,"b":120,"d":120,"f":120,"h":120,"j":120,"l":120,"n":120,"p":120}},{"type":"Feature","geometry":{"type":"Polygon","coordinates":[[[126.9083,37.7462],[126.89071,37.75426],[126.87313,37.7462],[126.87313,37.7301],[126.89071,37.72205],[126.9083,37.7301],[126.9083,37.7462]]]},"properties":{"row":14,"col":-3,"walk_min":154.7,"nearest_station_id":"kr_115","nearest_station_name":"Samsong","nearest_station_name_ko":"삼송","a":120,"c":120,"e":120,"g":120,"i":120,"k":120,"m":120,"o":120,"b":120,"d":120,"f":120,"h":120,"j":120,"l":120,"n":120,"p":120}},{"type":"Feature","geometry":{"type":"Polygon","coordinates":[[[126.87313,37.7462],[126.85554,37.75426],[126.83795,37.7462],[126.83795,37.7301],[126.85554,37.72205],[126.87313,37.7301],[126.87313,37.7462]]]},"properties":{"row":14,"col":-4,"walk_min":180.4,"nearest_station_id":"kr_145","nearest_station_name":"Wondang","nearest_station_name_ko":"원당","a":120,"c":120,"e":120,"g":120,"i":120,"k":120,"m":120,"o":120,"b":120,"d":120,"f":120,"h":120,"j":120,"l":120,"n":120,"p":120}},{"type":"Feature","geometry":{"type":"Polygon","coordinates":[[[127.20732,37.23897],[127.18973,37.24703],[127.17214,37.23897],[127.17214,37.22287],[127.18973,37.21482],[127.20732,37.22287],[127.20732,37.23897]]]},"properties":{"row":-7,"col":16,"walk_min":197.2,"nearest_station_id":"kr_466","nearest_station_name":"Seodongtan","nearest_station_name_ko":"서동탄","a":120,"c":120,"e":120,"g":120,"i":120,"k":120,"m":120,"o":120,"b":120,"d":120,"f":120,"h":120,"j":120,"l":120,"n":120,"p":120}},{"type":"Feature","geometry":{"type":"Polygon","coordinates":[[[127.2425,37.33559],[127.22491,37.34364],[127.20732,37.33559],[127.20732,37.31949],[127.22491,37.31144],[127.2425,37.31949],[127.2425,37.33559]]]},"properties":{"row":-3,"col":15,"walk_min":165.4,"nearest_station_id":"kr_149","nearest_station_name":"경기광주","nearest_station_name_ko":"경기광주","a":120,"c":120,"e":120,"g":120,"i":120,"k":120,"m":120,"o":120,"b":120,"d":120,"f":120,"h":120,"j":120,"l":120,"n":120,"p":120}},{"type":"Feature","geometry":{"type":"Polygon","coordinates":[[[126.60929,37.57713],[126.5917,37.58518],[126.57411,37.57713],[126.57411,37.56103],[126.5917,37.55297],[126.60929,37.56103],[126.60929,37.57713]]]},"properties":{"row":7,"col":-8,"walk_min":187.4,"nearest_station_id":"kr_458","nearest_station_name":"Incheon","nearest_station_name_ko":"인천","a":120,"c":120,"e":120,"g":120,"i":120,"k":120,"m":120,"o":120,"b":120,"d":120,"f":120,"h":120,"j":120,"l":120,"n":120,"p":120}},{"type":"Feature","geometry":{"type":"Polygon","coordinates":[[[126.80277,37.79451],[126.78518,37.80256],[126.76759,37.79451],[126.76759,37.77841],[126.78518,37.77036],[126.80277,37.77841],[126.80277,37.79451]]]},"properties":{"row":16,"col":-7,"walk_min":197.8,"nearest_station_id":"kr_424","nearest_station_name":"Daehwa","nearest_station_name_ko":"대화","a":120,"c":120,"e":120,"g":120,"i":120,"k":120,"m":120,"o":120,"b":120,"d":120,"f":120,"h":120,"j":120,"l":120,"n":120,"p":120}},{"type":"Feature","geometry":{"type":"Polygon","coordinates":[[[126.82036,37.77036],[126.80277,37.77841],[126.78518,37.77036],[126.78518,37.75426],[126.80277,37.7462],[126.82036,37.75426],[126.82036,37.77036]]]},"properties":{"row":15,"col":-6,"walk_min":179.4,"nearest_station_id":"kr_424","nearest_station_name":"Daehwa","nearest_station_name_ko":"대화","a":120,"c":120,"e":120,"g":120,"i":120,"k":120,"m":120,"o":120,"b":120,"d":120,"f":120,"h":120,"j":120,"l":120,"n":120,"p":120}},{"type":"Feature","geometry":{"type":"Polygon","coordinates":[[[126.94348,37.79451],[126.92589,37.80256],[126.9083,37.79451],[126.9083,37.77841],[126.92589,37.77036],[126.94348,37.77841],[126.94348,37.79451]]]},"properties":{"row":16,"col":-3,"walk_min":161.3,"nearest_station_id":"kr_092","nearest_station_name":"Yangju","nearest_station_name_ko":"양주","a":120,"c":120,"e":120,"g":120,"i":120,"k":120,"m":120,"o":120,"b":120,"d":120,"f":120,"h":120,"j":120,"l":120,"n":120,"p":120}},{"type":"Feature","geometry":{"type":"Polygon","coordinates":[[[127.22491,37.26313],[127.20732,37.27118],[127.18973,37.26313],[127.18973,37.24703],[127.20732,37.23897],[127.22491,37.24703],[127.22491,37.26313]]]},"properties":{"row":-6,"col":16,"walk_min":191.1,"nearest_station_id":"kr_233","nearest_station_name":"Suji-gu Office","nearest_station_name_ko":"수지구청","a":120,"c":120,"e":120,"g":120,"i":120,"k":120,"m":120,"o":120,"b":120,"d":120,"f":120,"h":120,"j":120,"l":120,"n":120,"p":120}},{"type":"Feature","geometry":{"type":"Polygon","coordinates":[[[127.22491,37.84282],[127.20732,37.85087],[127.18973,37.84282],[127.18973,37.82672],[127.20732,37.81867],[127.22491,37.82672],[127.22491,37.84282]]]},"properties":{"row":18,"col":4,"walk_min":179.2,"nearest_station_id":"kr_119","nearest_station_name":"Deokjeong (Seojeong College)","nearest_station_name_ko":"덕정(서정대학)","a":120,"c":120,"e":120,"g":120,"i":120,"k":120,"m":120,"o":120,"b":120,"d":120,"f":120,"h":120,"j":120,"l":120,"n":120,"p":120}},{"type":"Feature","geometry":{"type":"Polygon","coordinates":[[[126.92589,37.77036],[126.9083,37.77841],[126.89071,37.77036],[126.89071,37.75426],[126.9083,37.7462],[126.92589,37.75426],[126.92589,37.77036]]]},"properties":{"row":15,"col":-3,"walk_min":179.9,"nearest_station_id":"kr_421","nearest_station_name":"Nogyang","nearest_station_name_ko":"녹양","a":120,"c":120,"e":120,"g":120,"i":120,"k":120,"m":120,"o":120,"b":120,"d":120,"f":120,"h":120,"j":120,"l":120,"n":120,"p":120}},{"type":"Feature","geometry":{"type":"Polygon","coordinates":[[[126.92589,37.81867],[126.9083,37.82672],[126.89071,37.81867],[126.89071,37.80256],[126.9083,37.79451],[126.92589,37.80256],[126.92589,37.81867]]]},"properties":{"row":17,"col":-4,"walk_min":196.2,"nearest_station_id":"kr_092","nearest_station_name":"Yangju","nearest_station_name_ko":"양주","a":120,"c":120,"e":120,"g":120,"i":120,"k":120,"m":120,"o":120,"b":120,"d":120,"f":120,"h":120,"j":120,"l":120,"n":120,"p":120}},{"type":"Feature","geometry":{"type":"Polygon","coordinates":[[[126.94348,37.84282],[126.92589,37.85087],[126.9083,37.84282],[126.9083,37.82672],[126.92589,37.81867],[126.94348,37.82672],[126.94348,37.84282]]]},"properties":{"row":18,"col":-4,"walk_min":209.9,"nearest_station_id":"kr_447","nearest_station_name":"Deokgye","nearest_station_name_ko":"덕계","a":120,"c":120,"e":120,"g":120,"i":120,"k":120,"m":120,"o":120,"b":120,"d":120,"f":120,"h":120,"j":120,"l":120,"n":120,"p":120}},{"type":"Feature","geometry":{"type":"Polygon","coordinates":[[[126.67964,37.62544],[126.66205,37.63349],[126.64446,37.62544],[126.64446,37.60933],[126.66205,37.60128],[126.67964,37.60933],[126.67964,37.62544]]]},"properties":{"row":9,"col":-7,"walk_min":182.0,"nearest_station_id":"kr_424","nearest_station_name":"Daehwa","nearest_station_name_ko":"대화","a":120,"c":120,"e":120,"g":120,"i":120,"k":120,"m":120,"o":120,"b":120,"d":120,"f":120,"h":120,"j":120,"l":120,"n":120,"p":120}},{"type":"Feature","geometry":{"type":"Polygon","coordinates":[[[126.62687,37.31144],[126.60929,37.31949],[126.5917,37.31144],[126.5917,37.29533],[126.60929,37.28728],[126.62687,37.29533],[126.62687,37.31144]]]},"properties":{"row":-4,"col":-2,"walk_min":287.7,"nearest_station_id":"kr_351","nearest_station_name":"Jeongwang","nearest_station_name_ko":"정왕","a":120,"c":120,"e":120,"g":120,"i":120,"k":120,"m":120,"o":120,"b":120,"d":120,"f":120,"h":120,"j":120,"l":120,"n":120,"p":120}},{"type":"Feature","geometry":{"type":"Polygon","coordinates":[[[126.92589,37.19067],[126.9083,37.19872],[126.89071,37.19067],[126.89071,37.17456],[126.9083,37.16651],[126.92589,37.17456],[126.92589,37.19067]]]},"properties":{"row":-9,"col":9,"walk_min":205.2,"nearest_station_id":"kr_462","nearest_station_name":"Seryu","nearest_station_name_ko":"세류","a":120,"c":120,"e":120,"g":120,"i":120,"k":120,"m":120,"o":120,"b":120,"d":120,"f":120,"h":120,"j":120,"l":120,"n":120,"p":120}},{"type":"Feature","geometry":{"type":"Polygon","coordinates":[[[127.29527,37.64959],[127.27768,37.65764],[127.26009,37.64959],[127.26009,37.63349],[127.27768,37.62544],[127.29527,37.63349],[127.29527,37.64959]]]},"properties":{"row":10,"col":10,"walk_min":163.4,"nearest_station_id":"kr_331","nearest_station_name":"Misa","nearest_station_name_ko":"미사","a":120,"c":120,"e":120,"g":120,"i":120,"k":120,"m":120,"o":120,"b":120,"d":120,"f":120,"h":120,"j":120,"l":120,"n":120,"p":120}},{"type":"Feature","geometry":{"type":"Polygon","coordinates":[[[126.78518,37.23897],[126.76759,37.24703],[126.75,37.23897],[126.75,37.22287],[126.76759,37.21482],[126.78518,37.22287],[126.78518,37.23897]]]},"properties":{"row":-7,"col":4,"walk_min":270.6,"nearest_station_id":"kr_230","nearest_station_name":"Choji","nearest_station_name_ko":"초지","a":120,"c":120,"e":120,"g":120,"i":120,"k":120,"m":120,"o":120,"b":120,"d":120,"f":120,"h":120,"j":120,"l":120,"n":120,"p":120}},{"type":"Feature","geometry":{"type":"Polygon","coordinates":[[[126.76759,37.26313],[126.75,37.27118],[126.73241,37.26313],[126.73241,37.24703],[126.75,37.23897],[126.76759,37.24703],[126.76759,37.26313]]]},"properties":{"row":-6,"col":3,"walk_min":332.1,"nearest_station_id":"kr_263","nearest_station_name":"Ansan","nearest_station_name_ko":"안산","a":120,"c":120,"e":120,"g":120,"i":120,"k":120,"m":120,"o":120,"b":120,"d":120,"f":120,"h":120,"j":120,"l":120,"n":120,"p":120}},{"type":"Feature","geometry":{"type":"Polygon","coordinates":[[[127.17214,37.86697],[127.15455,37.87502],[127.13697,37.86697],[127.13697,37.85087],[127.15455,37.84282],[127.17214,37.85087],[127.17214,37.86697]]]},"properties":{"row":19,"col":2,"walk_min":157.7,"nearest_station_id":"kr_119","nearest_station_name":"Deokjeong (Seojeong College)","nearest_station_name_ko":"덕정(서정대학)","a":120,"c":120,"e":120,"g":120,"i":120,"k":120,"m":120,"o":120,"b":120,"d":120,"f":120,"h":120,"j":120,"l":120,"n":120,"p":120}},{"type":"Feature","geometry":{"type":"Polygon","coordinates":[[[126.83795,37.21482],[126.82036,37.22287],[126.80277,37.21482],[126.80277,37.19872],[126.82036,37.19067],[126.83795,37.19872],[126.83795,37.21482]]]},"properties":{"row":-8,"col":6,"walk_min":202.3,"nearest_station_id":"kr_114","nearest_station_name":"Sangnoksu","nearest_station_name_ko":"상록수","a":120,"c":120,"e":120,"g":120,"i":120,"k":120,"m":120,"o":120,"b":120,"d":120,"f":120,"h":120,"j":120,"l":120,"n":120,"p":120}},{"type":"Feature","geometry":{"type":"Polygon","coordinates":[[[126.64446,37.62544],[126.62687,37.63349],[126.60929,37.62544],[126.60929,37.60933],[126.62687,37.60128],[126.64446,37.60933],[126.64446,37.62544]]]},"properties":{"row":9,"col":-8,"walk_min":205.8,"nearest_station_id":"kr_424","nearest_station_name":"Daehwa","nearest_station_name_ko":"대화","a":120,"c":120,"e":120,"g":120,"i":120,"k":120,"m":120,"o":120,"b":120,"d":120,"f":120,"h":120,"j":120,"l":120,"n":120,"p":120}},{"type":"Feature","geometry":{"type":"Polygon","coordinates":[[[126.92589,37.86697],[126.9083,37.87502],[126.89071,37.86697],[126.89071,37.85087],[126.9083,37.84282],[126.92589,37.85087],[126.92589,37.86697]]]},"properties":{"row":19,"col":-5,"walk_min":233.0,"nearest_station_id":"kr_447","nearest_station_name":"Deokgye","nearest_station_name_ko":"덕계","a":120,"c":120,"e":120,"g":120,"i":120,"k":120,"m":120,"o":120,"b":120,"d":120,"f":120,"h":120,"j":120,"l":120,"n":120,"p":120}},{"type":"Feature","geometry":{"type":"Polygon","coordinates":[[[126.96107,37.86697],[126.94348,37.87502],[126.92589,37.86697],[126.92589,37.85087],[126.94348,37.84282],[126.96107,37.85087],[126.96107,37.86697]]]},"properties":{"row":19,"col":-4,"walk_min":216.6,"nearest_station_id":"kr_447","nearest_station_name":"Deokgye","nearest_station_name_ko":"덕계","a":120,"c":120,"e":120,"g":120,"i":120,"k":120,"m":120,"o":120,"b":120,"d":120,"f":120,"h":120,"j":120,"l":120,"n":120,"p":120}},{"type":"Feature","geometry":{"type":"Polygon","coordinates":[[[126.75,37.81867],[126.73241,37.82672],[126.71482,37.81867],[126.71482,37.80256],[126.73241,37.79451],[126.75,37.80256],[126.75,37.81867]]]},"properties":{"row":17,"col":-9,"walk_min":215.9,"nearest_station_id":"kr_424","nearest_station_name":"Daehwa","nearest_station_name_ko":"대화","a":120,"c":120,"e":120,"g":120,"i":120,"k":120,"m":120,"o":120,"b":120,"d":120,"f":120,"h":120,"j":120,"l":120,"n":120,"p":120}},{"type":"Feature","geometry":{"type":"Polygon","coordinates":[[[126.78518,37.81867],[126.76759,37.82672],[126.75,37.81867],[126.75,37.80256],[126.76759,37.79451],[126.78518,37.80256],[126.78518,37.81867]]]},"properties":{"row":17,"col":-8,"walk_min":216.7,"nearest_station_id":"kr_424","nearest_station_name":"Daehwa","nearest_station_name_ko":"대화","a":120,"c":120,"e":120,"g":120,"i":120,"k":120,"m":120,"o":120,"b":120,"d":120,"f":120,"h":120,"j":120,"l":120,"n":120,"p":120}},{"type":"Feature","geometry":{"type":"Polygon","coordinates":[[[126.89071,37.19067],[126.87313,37.19872],[126.85554,37.19067],[126.85554,37.17456],[126.87313,37.16651],[126.89071,37.17456],[126.89071,37.19067]]]},"properties":{"row":-9,"col":8,"walk_min":195.3,"nearest_station_id":"kr_114","nearest_station_name":"Sangnoksu","nearest_station_name_ko":"상록수","a":120,"c":120,"e":120,"g":120,"i":120,"k":120,"m":120,"o":120,"b":120,"d":120,"f":120,"h":120,"j":120,"l":120,"n":120,"p":120}},{"type":"Feature","geometry":{"type":"Polygon","coordinates":[[[126.80277,37.21482],[126.78518,37.22287],[126.76759,37.21482],[126.76759,37.19872],[126.78518,37.19067],[126.80277,37.19872],[126.80277,37.21482]]]},"properties":{"row":-8,"col":5,"walk_min":224.7,"nearest_station_id":"kr_114","nearest_station_name":"Sangnoksu","nearest_station_name_ko":"상록수","a":120,"c":120,"e":120,"g":120,"i":120,"k":120,"m":120,"o":120,"b":120,"d":120,"f":120,"h":120,"j":120,"l":120,"n":120,"p":120}},{"type":"Feature","geometry":{"type":"Polygon","coordinates":[[[127.27768,37.67374],[127.26009,37.68179],[127.2425,37.67374],[127.2425,37.65764],[127.26009,37.64959],[127.27768,37.65764],[127.27768,37.67374]]]},"properties":{"row":11,"col":9,"walk_min":169.7,"nearest_station_id":"kr_361","nearest_station_name":"Onam","nearest_station_name_ko":"오남","a":120,"c":120,"e":120,"g":120,"i":120,"k":120,"m":120,"o":120,"b":120,"d":120,"f":120,"h":120,"j":120,"l":120,"n":120,"p":120}},{"type":"Feature","geometry":{"type":"Polygon","coordinates":[[[126.62687,37.60128],[126.60929,37.60933],[126.5917,37.60128],[126.5917,37.58518],[126.60929,37.57713],[126.62687,37.58518],[126.62687,37.60128]]]},"properties":{"row":8,"col":-8,"walk_min":204.9,"nearest_station_id":"kr_258","nearest_station_name":"Sangok","nearest_station_name_ko":"산곡","a":120,"c":120,"e":120,"g":120,"i":120,"k":120,"m":120,"o":120,"b":120,"d":120,"f":120,"h":120,"j":120,"l":120,"n":120,"p":120}},{"type":"Feature","geometry":{"type":"Polygon","coordinates":[[[126.69723,37.79451],[126.67964,37.80256],[126.66205,37.79451],[126.66205,37.77841],[126.67964,37.77036],[126.69723,37.77841],[126.69723,37.79451]]]},"properties":{"row":16,"col":-10,"walk_min":211.7,"nearest_station_id":"kr_424","nearest_station_name":"Daehwa","nearest_station_name_ko":"대화","a":120,"c":120,"e":120,"g":120,"i":120,"k":120,"m":120,"o":120,"b":120,"d":120,"f":120,"h":120,"j":120,"l":120,"n":120,"p":120}},{"type":"Feature","geometry":{"type":"Polygon","coordinates":[[[126.71482,37.81867],[126.69723,37.82672],[126.67964,37.81867],[126.67964,37.80256],[126.69723,37.79451],[126.71482,37.80256],[126.71482,37.81867]]]},"properties":{"row":17,"col":-10,"walk_min":225.3,"nearest_station_id":"kr_424","nearest_station_name":"Daehwa","nearest_station_name_ko":"대화","a":120,"c":120,"e":120,"g":120,"i":120,"k":120,"m":120,"o":120,"b":120,"d":120,"f":120,"h":120,"j":120,"l":120,"n":120,"p":120}},{"type":"Feature","geometry":{"type":"Polygon","coordinates":[[[126.89071,37.77036],[126.87313,37.77841],[126.85554,37.77036],[126.85554,37.75426],[126.87313,37.7462],[126.89071,37.75426],[126.89071,37.77036]]]},"properties":{"row":15,"col":-4,"walk_min":201.5,"nearest_station_id":"kr_115","nearest_station_name":"Samsong","nearest_station_name_ko":"삼송","a":120,"c":120,"e":120,"g":120,"i":120,"k":120,"m":120,"o":120,"b":120,"d":120,"f":120,"h":120,"j":120,"l":120,"n":120,"p":120}},{"type":"Feature","geometry":{"type":"Polygon","coordinates":[[[126.9083,37.79451],[126.89071,37.80256],[126.87313,37.79451],[126.87313,37.77841],[126.89071,37.77036],[126.9083,37.77841],[126.9083,37.79451]]]},"properties":{"row":16,"col":-4,"walk_min":210.1,"nearest_station_id":"kr_092","nearest_station_name":"Yangju","nearest_station_name_ko":"양주","a":120,"c":120,"e":120,"g":120,"i":120,"k":120,"m":120,"o":120,"b":120,"d":120,"f":120,"h":120,"j":120,"l":120,"n":120,"p":120}},{"type":"Feature","geometry":{"type":"Polygon","coordinates":[[[127.2425,37.28728],[127.22491,37.29533],[127.20732,37.28728],[127.20732,37.27118],[127.22491,37.26313],[127.2425,37.27118],[127.2425,37.28728]]]},"properties":{"row":-5,"col":16,"walk_min":200.4,"nearest_station_id":"kr_233","nearest_station_name":"Suji-gu Office","nearest_station_name_ko":"수지구청","a":120,"c":120,"e":120,"g":120,"i":120,"k":120,"m":120,"o":120,"b":120,"d":120,"f":120,"h":120,"j":120,"l":120,"n":120,"p":120}},{"type":"Feature","geometry":{"type":"Polygon","coordinates":[[[127.22491,37.21482],[127.20732,37.22287],[127.18973,37.21482],[127.18973,37.19872],[127.20732,37.19067],[127.22491,37.19872],[127.22491,37.21482]]]},"properties":{"row":-8,"col":17,"walk_min":223.2,"nearest_station_id":"kr_416","nearest_station_name":"Osan College","nearest_station_name_ko":"오산대","a":120,"c":120,"e":120,"g":120,"i":120,"k":120,"m":120,"o":120,"b":120,"d":120,"f":120,"h":120,"j":120,"l":120,"n":120,"p":120}},{"type":"Feature","geometry":{"type":"Polygon","coordinates":[[[126.64446,37.28728],[126.62687,37.29533],[126.60929,37.28728],[126.60929,37.27118],[126.62687,37.26313],[126.64446,37.27118],[126.64446,37.28728]]]},"properties":{"row":-5,"col":-1,"walk_min":448.1,"nearest_station_id":"kr_351","nearest_station_name":"Jeongwang","nearest_station_name_ko":"정왕","a":120,"c":120,"e":120,"g":120,"i":120,"k":120,"m":120,"o":120,"b":120,"d":120,"f":120,"h":120,"j":120,"l":120,"n":120,"p":120}},{"type":"Feature","geometry":{"type":"Polygon","coordinates":[[[126.9083,37.84282],[126.89071,37.85087],[126.87313,37.84282],[126.87313,37.82672],[126.89071,37.81867],[126.9083,37.82672],[126.9083,37.84282]]]},"properties":{"row":18,"col":-5,"walk_min":236.7,"nearest_station_id":"kr_447","nearest_station_name":"Deokgye","nearest_station_name_ko":"덕계","a":120,"c":120,"e":120,"g":120,"i":120,"k":120,"m":120,"o":120,"b":120,"d":120,"f":120,"h":120,"j":120,"l":120,"n":120,"p":120}},{"type":"Feature","geometry":{"type":"Polygon","coordinates":[[[126.85554,37.19067],[126.83795,37.19872],[126.82036,37.19067],[126.82036,37.17456],[126.83795,37.16651],[126.85554,37.17456],[126.85554,37.19067]]]},"properties":{"row":-9,"col":7,"walk_min":218.7,"nearest_station_id":"kr_114","nearest_station_name":"Sangnoksu","nearest_station_name_ko":"상록수","a":120,"c":120,"e":120,"g":120,"i":120,"k":120,"m":120,"o":120,"b":120,"d":120,"f":120,"h":120,"j":120,"l":120,"n":120,"p":120}},{"type":"Feature","geometry":{"type":"Polygon","coordinates":[[[126.60929,37.28728],[126.5917,37.29533],[126.57411,37.28728],[126.57411,37.27118],[126.5917,37.26313],[126.60929,37.27118],[126.60929,37.28728]]]},"properties":{"row":-5,"col":-2,"walk_min":466.1,"nearest_station_id":"kr_351","nearest_station_name":"Jeongwang","nearest_station_name_ko":"정왕","a":120,"c":120,"e":120,"g":120,"i":120,"k":120,"m":120,"o":120,"b":120,"d":120,"f":120,"h":120,"j":120,"l":120,"n":120,"p":120}},{"type":"Feature","geometry":{"type":"Polygon","coordinates":[[[126.5917,37.31144],[126.57411,37.31949],[126.55652,37.31144],[126.55652,37.29533],[126.57411,37.28728],[126.5917,37.29533],[126.5917,37.31144]]]},"properties":{"row":-4,"col":-3,"walk_min":305.9,"nearest_station_id":"kr_351","nearest_station_name":"Jeongwang","nearest_station_name_ko":"정왕","a":120,"c":120,"e":120,"g":120,"i":120,"k":120,"m":120,"o":120,"b":120,"d":120,"f":120,"h":120,"j":120,"l":120,"n":120,"p":120}},{"type":"Feature","geometry":{"type":"Polygon","coordinates":[[[126.85554,37.77036],[126.83795,37.77841],[126.82036,37.77036],[126.82036,37.75426],[126.83795,37.7462],[126.85554,37.75426],[126.85554,37.77036]]]},"properties":{"row":15,"col":-5,"walk_min":218.4,"nearest_station_id":"kr_350","nearest_station_name":"Juyeop","nearest_station_name_ko":"주엽","a":120,"c":120,"e":120,"g":120,"i":120,"k":120,"m":120,"o":120,"b":120,"d":120,"f":120,"h":120,"j":120,"l":120,"n":120,"p":120}},{"type":"Feature","geometry":{"type":"Polygon","coordinates":[[[126.87313,37.79451],[126.85554,37.80256],[126.83795,37.79451],[126.83795,37.77841],[126.85554,37.77036],[126.87313,37.77841],[126.87313,37.79451]]]},"properties":{"row":16,"col":-5,"walk_min":246.5,"nearest_station_id":"kr_145","nearest_station_name":"Wondang","nearest_station_name_ko":"원당","a":120,"c":120,"e":120,"g":120,"i":120,"k":120,"m":120,"o":120,"b":120,"d":120,"f":120,"h":120,"j":120,"l":120,"n":120,"p":120}},{"type":"Feature","geometry":{"type":"Polygon","coordinates":[[[127.2425,37.23897],[127.22491,37.24703],[127.20732,37.23897],[127.20732,37.22287],[127.22491,37.21482],[127.2425,37.22287],[127.2425,37.23897]]]},"properties":{"row":-7,"col":17,"walk_min":224.2,"nearest_station_id":"kr_416","nearest_station_name":"Osan College","nearest_station_name_ko":"오산대","a":120,"c":120,"e":120,"g":120,"i":120,"k":120,"m":120,"o":120,"b":120,"d":120,"f":120,"h":120,"j":120,"l":120,"n":120,"p":120}},{"type":"Feature","geometry":{"type":"Polygon","coordinates":[[[127.20732,37.86697],[127.18973,37.87502],[127.17214,37.86697],[127.17214,37.85087],[127.18973,37.84282],[127.20732,37.85087],[127.20732,37.86697]]]},"properties":{"row":19,"col":3,"walk_min":191.3,"nearest_station_id":"kr_119","nearest_station_name":"Deokjeong (Seojeong College)","nearest_station_name_ko":"덕정(서정대학)","a":120,"c":120,"e":120,"g":120,"i":120,"k":120,"m":120,"o":120,"b":120,"d":120,"f":120,"h":120,"j":120,"l":120,"n":120,"p":120}},{"type":"Feature","geometry":{"type":"Polygon","coordinates":[[[127.26009,37.84282],[127.2425,37.85087],[127.22491,37.84282],[127.22491,37.82672],[127.2425,37.81867],[127.26009,37.82672],[127.26009,37.84282]]]},"properties":{"row":18,"col":5,"walk_min":235.8,"nearest_station_id":"kr_470","nearest_station_name":"Jinjeop","nearest_station_name_ko":"진접","a":120,"c":120,"e":120,"g":120,"i":120,"k":120,"m":120,"o":120,"b":120,"d":120,"f":120,"h":120,"j":120,"l":120,"n":120,"p":120}},{"type":"Feature","geometry":{"type":"Polygon","coordinates":[[[127.27768,37.81867],[127.26009,37.82672],[127.2425,37.81867],[127.2425,37.80256],[127.26009,37.79451],[127.27768,37.80256],[127.27768,37.81867]]]},"properties":{"row":17,"col":6,"walk_min":205.9,"nearest_station_id":"kr_470","nearest_station_name":"Jinjeop","nearest_station_name_ko":"진접","a":120,"c":120,"e":120,"g":120,"i":120,"k":120,"m":120,"o":120,"b":120,"d":120,"f":120,"h":120,"j":120,"l":120,"n":120,"p":120}},{"type":"Feature","geometry":{"type":"Polygon","coordinates":[[[126.76759,37.21482],[126.75,37.22287],[126.73241,37.21482],[126.73241,37.19872],[126.75,37.19067],[126.76759,37.19872],[126.76759,37.21482]]]},"properties":{"row":-8,"col":4,"walk_min":264.2,"nearest_station_id":"kr_230","nearest_station_name":"Choji","nearest_station_name_ko":"초지","a":120,"c":120,"e":120,"g":120,"i":120,"k":120,"m":120,"o":120,"b":120,"d":120,"f":120,"h":120,"j":120,"l":120,"n":120,"p":120}},{"type":"Feature","geometry":{"type":"Polygon","coordinates":[[[126.5917,37.60128],[126.57411,37.60933],[126.55652,37.60128],[126.55652,37.58518],[126.57411,37.57713],[126.5917,37.58518],[126.5917,37.60128]]]},"properties":{"row":8,"col":-9,"walk_min":219.3,"nearest_station_id":"kr_458","nearest_station_name":"Incheon","nearest_station_name_ko":"인천","a":120,"c":120,"e":120,"g":120,"i":120,"k":120,"m":120,"o":120,"b":120,"d":120,"f":120,"h":120,"j":120,"l":120,"n":120,"p":120}},{"type":"Feature","geometry":{"type":"Polygon","coordinates":[[[126.66205,37.64959],[126.64446,37.65764],[126.62687,37.64959],[126.62687,37.63349],[126.64446,37.62544],[126.66205,37.63349],[126.66205,37.64959]]]},"properties":{"row":10,"col":-8,"walk_min":227.0,"nearest_station_id":"kr_424","nearest_station_name":"Daehwa","nearest_station_name_ko":"대화","a":120,"c":120,"e":120,"g":120,"i":120,"k":120,"m":120,"o":120,"b":120,"d":120,"f":120,"h":120,"j":120,"l":120,"n":120,"p":120}},{"type":"Feature","geometry":{"type":"Polygon","coordinates":[[[126.73241,37.84282],[126.71482,37.85087],[126.69723,37.84282],[126.69723,37.82672],[126.71482,37.81867],[126.73241,37.82672],[126.73241,37.84282]]]},"properties":{"row":18,"col":-10,"walk_min":225.5,"nearest_station_id":"kr_424","nearest_station_name":"Daehwa","nearest_station_name_ko":"대화","a":120,"c":120,"e":120,"g":120,"i":120,"k":120,"m":120,"o":120,"b":120,"d":120,"f":120,"h":120,"j":120,"l":120,"n":120,"p":120}},{"type":"Feature","geometry":{"type":"Polygon","coordinates":[[[126.82036,37.81867],[126.80277,37.82672],[126.78518,37.81867],[126.78518,37.80256],[126.80277,37.79451],[126.82036,37.80256],[126.82036,37.81867]]]},"properties":{"row":17,"col":-7,"walk_min":259.8,"nearest_station_id":"kr_424","nearest_station_name":"Daehwa","nearest_station_name_ko":"대화","a":120,"c":120,"e":120,"g":120,"i":120,"k":120,"m":120,"o":120,"b":120,"d":120,"f":120,"h":120,"j":120,"l":120,"n":120,"p":120}},{"type":"Feature","geometry":{"type":"Polygon","coordinates":[[[126.83795,37.79451],[126.82036,37.80256],[126.80277,37.79451],[126.80277,37.77841],[126.82036,37.77036],[126.83795,37.77841],[126.83795,37.79451]]]},"properties":{"row":16,"col":-6,"walk_min":237.1,"nearest_station_id":"kr_424","nearest_station_name":"Daehwa","nearest_station_name_ko":"대화","a":120,"c":120,"e":120,"g":120,"i":120,"k":120,"m":120,"o":120,"b":120,"d":120,"f":120,"h":120,"j":120,"l":120,"n":120,"p":120}},{"type":"Feature","geometry":{"type":"Polygon","coordinates":[[[126.62687,37.64959],[126.60929,37.65764],[126.5917,37.64959],[126.5917,37.63349],[126.60929,37.62544],[126.62687,37.63349],[126.62687,37.64959]]]},"properties":{"row":10,"col":-9,"walk_min":246.4,"nearest_station_id":"kr_424","nearest_station_name":"Daehwa","nearest_station_name_ko":"대화","a":120,"c":120,"e":120,"g":120,"i":120,"k":120,"m":120,"o":120,"b":120,"d":120,"f":120,"h":120,"j":120,"l":120,"n":120,"p":120}},{"type":"Feature","geometry":{"type":"Polygon","coordinates":[[[126.82036,37.19067],[126.80277,37.19872],[126.78518,37.19067],[126.78518,37.17456],[126.80277,37.16651],[126.82036,37.17456],[126.82036,37.19067]]]},"properties":{"row":-9,"col":6,"walk_min":248.3,"nearest_station_id":"kr_114","nearest_station_name":"Sangnoksu","nearest_station_name_ko":"상록수","a":120,"c":120,"e":120,"g":120,"i":120,"k":120,"m":120,"o":120,"b":120,"d":120,"f":120,"h":120,"j":120,"l":120,"n":120,"p":120}},{"type":"Feature","geometry":{"type":"Polygon","coordinates":[[[127.18973,37.16651],[127.17214,37.17456],[127.15455,37.16651],[127.15455,37.15041],[127.17214,37.14236],[127.18973,37.15041],[127.18973,37.16651]]]},"properties":{"row":-10,"col":17,"walk_min":216.7,"nearest_station_id":"kr_416","nearest_station_name":"Osan College","nearest_station_name_ko":"오산대","a":120,"c":120,"e":120,"g":120,"i":120,"k":120,"m":120,"o":120,"b":120,"d":120,"f":120,"h":120,"j":120,"l":120,"n":120,"p":120}},{"type":"Feature","geometry":{"type":"Polygon","coordinates":[[[126.67964,37.81867],[126.66205,37.82672],[126.64446,37.81867],[126.64446,37.80256],[126.66205,37.79451],[126.67964,37.80256],[126.67964,37.81867]]]},"properties":{"row":17,"col":-11,"walk_min":226.4,"nearest_station_id":"kr_424","nearest_station_name":"Daehwa","nearest_station_name_ko":"대화","a":120,"c":120,"e":120,"g":120,"i":120,"k":120,"m":120,"o":120,"b":120,"d":120,"f":120,"h":120,"j":120,"l":120,"n":120,"p":120}},{"type":"Feature","geometry":{"type":"Polygon","coordinates":[[[126.76759,37.84282],[126.75,37.85087],[126.73241,37.84282],[126.73241,37.82672],[126.75,37.81867],[126.76759,37.82672],[126.76759,37.84282]]]},"properties":{"row":18,"col":-9,"walk_min":233.7,"nearest_station_id":"kr_424","nearest_station_name":"Daehwa","nearest_station_name_ko":"대화","a":120,"c":120,"e":120,"g":120,"i":120,"k":120,"m":120,"o":120,"b":120,"d":120,"f":120,"h":120,"j":120,"l":120,"n":120,"p":120}},{"type":"Feature","geometry":{"type":"Polygon","coordinates":[[[126.67964,37.77036],[126.66205,37.77841],[126.64446,37.77036],[126.64446,37.75426],[126.66205,37.7462],[126.67964,37.75426],[126.67964,37.77036]]]},"properties":{"row":15,"col":-10,"walk_min":323.8,"nearest_station_id":"kr_424","nearest_station_name":"Daehwa","nearest_station_name_ko":"대화","a":120,"c":120,"e":120,"g":120,"i":120,"k":120,"m":120,"o":120,"b":120,"d":120,"f":120,"h":120,"j":120,"l":120,"n":120,"p":120}},{"type":"Feature","geometry":{"type":"Polygon","coordinates":[[[126.60929,37.62544],[126.5917,37.63349],[126.57411,37.62544],[126.57411,37.60933],[126.5917,37.60128],[126.60929,37.60933],[126.60929,37.62544]]]},"properties":{"row":9,"col":-9,"walk_min":244.1,"nearest_station_id":"kr_458","nearest_station_name":"Incheon","nearest_station_name_ko":"인천","a":120,"c":120,"e":120,"g":120,"i":120,"k":120,"m":120,"o":120,"b":120,"d":120,"f":120,"h":120,"j":120,"l":120,"n":120,"p":120}},{"type":"Feature","geometry":{"type":"Polygon","coordinates":[[[126.80277,37.84282],[126.78518,37.85087],[126.76759,37.84282],[126.76759,37.82672],[126.78518,37.81867],[126.80277,37.82672],[126.80277,37.84282]]]},"properties":{"row":18,"col":-8,"walk_min":243.5,"nearest_station_id":"kr_424","nearest_station_name":"Daehwa","nearest_station_name_ko":"대화","a":120,"c":120,"e":120,"g":120,"i":120,"k":120,"m":120,"o":120,"b":120,"d":120,"f":120,"h":120,"j":120,"l":120,"n":120,"p":120}},{"type":"Feature","geometry":{"type":"Polygon","coordinates":[[[126.83795,37.84282],[126.82036,37.85087],[126.80277,37.84282],[126.80277,37.82672],[126.82036,37.81867],[126.83795,37.82672],[126.83795,37.84282]]]},"properties":{"row":18,"col":-7,"walk_min":308.3,"nearest_station_id":"kr_424","nearest_station_name":"Daehwa","nearest_station_name_ko":"대화","a":120,"c":120,"e":120,"g":120,"i":120,"k":120,"m":120,"o":120,"b":120,"d":120,"f":120,"h":120,"j":120,"l":120,"n":120,"p":120}},{"type":"Feature","geometry":{"type":"Polygon","coordinates":[[[127.2425,37.19067],[127.22491,37.19872],[127.20732,37.19067],[127.20732,37.17456],[127.22491,37.16651],[127.2425,37.17456],[127.2425,37.19067]]]},"properties":{"row":-9,"col":18,"walk_min":255.4,"nearest_station_id":"kr_416","nearest_station_name":"Osan College","nearest_station_name_ko":"오산대","a":120,"c":120,"e":120,"g":120,"i":120,"k":120,"m":120,"o":120,"b":120,"d":120,"f":120,"h":120,"j":120,"l":120,"n":120,"p":120}},{"type":"Feature","geometry":{"type":"Polygon","coordinates":[[[127.26009,37.26313],[127.2425,37.27118],[127.22491,37.26313],[127.22491,37.24703],[127.2425,37.23897],[127.26009,37.24703],[127.26009,37.26313]]]},"properties":{"row":-6,"col":17,"walk_min":219.0,"nearest_station_id":"kr_173","nearest_station_name":"Chowol","nearest_station_name_ko":"초월","a":120,"c":120,"e":120,"g":120,"i":120,"k":120,"m":120,"o":120,"b":120,"d":120,"f":120,"h":120,"j":120,"l":120,"n":120,"p":120}},{"type":"Feature","geometry":{"type":"Polygon","coordinates":[[[127.27768,37.28728],[127.26009,37.29533],[127.2425,37.28728],[127.2425,37.27118],[127.26009,37.26313],[127.27768,37.27118],[127.27768,37.28728]]]},"properties":{"row":-5,"col":17,"walk_min":219.0,"nearest_station_id":"kr_173","nearest_station_name":"Chowol","nearest_station_name_ko":"초월","a":120,"c":120,"e":120,"g":120,"i":120,"k":120,"m":120,"o":120,"b":120,"d":120,"f":120,"h":120,"j":120,"l":120,"n":120,"p":120}},{"type":"Feature","geometry":{"type":"Polygon","coordinates":[[[126.89071,37.81867],[126.87313,37.82672],[126.85554,37.81867],[126.85554,37.80256],[126.87313,37.79451],[126.89071,37.80256],[126.89071,37.81867]]]},"properties":{"row":17,"col":-5,"walk_min":249.1,"nearest_station_id":"kr_092","nearest_station_name":"Yangju","nearest_station_name_ko":"양주","a":120,"c":120,"e":120,"g":120,"i":120,"k":120,"m":120,"o":120,"b":120,"d":120,"f":120,"h":120,"j":120,"l":120,"n":120,"p":120}},{"type":"Feature","geometry":{"type":"Polygon","coordinates":[[[126.69723,37.84282],[126.67964,37.85087],[126.66205,37.84282],[126.66205,37.82672],[126.67964,37.81867],[126.69723,37.82672],[126.69723,37.84282]]]},"properties":{"row":18,"col":-11,"walk_min":231.9,"nearest_station_id":"kr_424","nearest_station_name":"Daehwa","nearest_station_name_ko":"대화","a":120,"c":120,"e":120,"g":120,"i":120,"k":120,"m":120,"o":120,"b":120,"d":120,"f":120,"h":120,"j":120,"l":120,"n":120,"p":120}},{"type":"Feature","geometry":{"type":"Polygon","coordinates":[[[126.78518,37.19067],[126.76759,37.19872],[126.75,37.19067],[126.75,37.17456],[126.76759,37.16651],[126.78518,37.17456],[126.78518,37.19067]]]},"properties":{"row":-9,"col":5,"walk_min":256.6,"nearest_station_id":"kr_426","nearest_station_name":"Gojan","nearest_station_name_ko":"고잔","a":120,"c":120,"e":120,"g":120,"i":120,"k":120,"m":120,"o":120,"b":120,"d":120,"f":120,"h":120,"j":120,"l":120,"n":120,"p":120}},{"type":"Feature","geometry":{"type":"Polygon","coordinates":[[[126.85554,37.81867],[126.83795,37.82672],[126.82036,37.81867],[126.82036,37.80256],[126.83795,37.79451],[126.85554,37.80256],[126.85554,37.81867]]]},"properties":{"row":17,"col":-6,"walk_min":265.3,"nearest_station_id":"kr_424","nearest_station_name":"Daehwa","nearest_station_name_ko":"대화","a":120,"c":120,"e":120,"g":120,"i":120,"k":120,"m":120,"o":120,"b":120,"d":120,"f":120,"h":120,"j":120,"l":120,"n":120,"p":120}},{"type":"Feature","geometry":{"type":"Polygon","coordinates":[[[126.9083,37.16651],[126.89071,37.17456],[126.87313,37.16651],[126.87313,37.15041],[126.89071,37.14236],[126.9083,37.15041],[126.9083,37.16651]]]},"properties":{"row":-10,"col":9,"walk_min":228.6,"nearest_station_id":"kr_047","nearest_station_name":"Byeongjeom","nearest_station_name_ko":"병점","a":120,"c":120,"e":120,"g":120,"i":120,"k":120,"m":120,"o":120,"b":120,"d":120,"f":120,"h":120,"j":120,"l":120,"n":120,"p":120}},{"type":"Feature","geometry":{"type":"Polygon","coordinates":[[[126.94348,37.16651],[126.92589,37.17456],[126.9083,37.16651],[126.9083,37.15041],[126.92589,37.14236],[126.94348,37.15041],[126.94348,37.16651]]]},"properties":{"row":-10,"col":10,"walk_min":228.6,"nearest_station_id":"kr_047","nearest_station_name":"Byeongjeom","nearest_station_name_ko":"병점","a":120,"c":120,"e":120,"g":120,"i":120,"k":120,"m":120,"o":120,"b":120,"d":120,"f":120,"h":120,"j":120,"l":120,"n":120,"p":120}},{"type":"Feature","geometry":{"type":"Polygon","coordinates":[[[126.87313,37.16651],[126.85554,37.17456],[126.83795,37.16651],[126.83795,37.15041],[126.85554,37.14236],[126.87313,37.15041],[126.87313,37.16651]]]},"properties":{"row":-10,"col":8,"walk_min":242.0,"nearest_station_id":"kr_114","nearest_station_name":"Sangnoksu","nearest_station_name_ko":"상록수","a":120,"c":120,"e":120,"g":120,"i":120,"k":120,"m":120,"o":120,"b":120,"d":120,"f":120,"h":120,"j":120,"l":120,"n":120,"p":120}},{"type":"Feature","geometry":{"type":"Polygon","coordinates":[[[127.22491,37.16651],[127.20732,37.17456],[127.18973,37.16651],[127.18973,37.15041],[127.20732,37.14236],[127.22491,37.15041],[127.22491,37.16651]]]},"properties":{"row":-10,"col":18,"walk_min":255.4,"nearest_station_id":"kr_053","nearest_station_name":"Osan","nearest_station_name_ko":"오산","a":120,"c":120,"e":120,"g":120,"i":120,"k":120,"m":120,"o":120,"b":120,"d":120,"f":120,"h":120,"j":120,"l":120,"n":120,"p":120}},{"type":"Feature","geometry":{"type":"Polygon","coordinates":[[[126.64446,37.67374],[126.62687,37.68179],[126.60929,37.67374],[126.60929,37.65764],[126.62687,37.64959],[126.64446,37.65764],[126.64446,37.67374]]]},"properties":{"row":11,"col":-9,"walk_min":264.1,"nearest_station_id":"kr_424","nearest_station_name":"Daehwa","nearest_station_name_ko":"대화","a":120,"c":120,"e":120,"g":120,"i":120,"k":120,"m":120,"o":120,"b":120,"d":120,"f":120,"h":120,"j":120,"l":120,"n":120,"p":120}},{"type":"Feature","geometry":{"type":"Polygon","coordinates":[[[127.2425,37.86697],[127.22491,37.87502],[127.20732,37.86697],[127.20732,37.85087],[127.22491,37.84282],[127.2425,37.85087],[127.2425,37.86697]]]},"properties":{"row":19,"col":4,"walk_min":240.8,"nearest_station_id":"kr_470","nearest_station_name":"Jinjeop","nearest_station_name_ko":"진접","a":120,"c":120,"e":120,"g":120,"i":120,"k":120,"m":120,"o":120,"b":120,"d":120,"f":120,"h":120,"j":120,"l":120,"n":120,"p":120}},{"type":"Feature","geometry":{"type":"Polygon","coordinates":[[[127.27768,37.86697],[127.26009,37.87502],[127.2425,37.86697],[127.2425,37.85087],[127.26009,37.84282],[127.27768,37.85087],[127.27768,37.86697]]]},"properties":{"row":19,"col":5,"walk_min":257.4,"nearest_station_id":"kr_470","nearest_station_name":"Jinjeop","nearest_station_name_ko":"진접","a":120,"c":120,"e":120,"g":120,"i":120,"k":120,"m":120,"o":120,"b":120,"d":120,"f":120,"h":120,"j":120,"l":120,"n":120,"p":120}},{"type":"Feature","geometry":{"type":"Polygon","coordinates":[[[126.75,37.19067],[126.73241,37.19872],[126.71482,37.19067],[126.71482,37.17456],[126.73241,37.16651],[126.75,37.17456],[126.75,37.19067]]]},"properties":{"row":-9,"col":4,"walk_min":284.7,"nearest_station_id":"kr_230","nearest_station_name":"Choji","nearest_station_name_ko":"초지","a":120,"c":120,"e":120,"g":120,"i":120,"k":120,"m":120,"o":120,"b":120,"d":120,"f":120,"h":120,"j":120,"l":120,"n":120,"p":120}},{"type":"Feature","geometry":{"type":"Polygon","coordinates":[[[126.60929,37.33559],[126.5917,37.34364],[126.57411,37.33559],[126.57411,37.31949],[126.5917,37.31144],[126.60929,37.31949],[126.60929,37.33559]]]},"properties":{"row":-3,"col":-3,"walk_min":256.3,"nearest_station_id":"kr_428","nearest_station_name":"Oido","nearest_station_name_ko":"오이도","a":120,"c":120,"e":120,"g":120,"i":120,"k":120,"m":120,"o":120,"b":120,"d":120,"f":120,"h":120,"j":120,"l":120,"n":120,"p":120}},{"type":"Feature","geometry":{"type":"Polygon","coordinates":[[[126.5917,37.35974],[126.57411,37.36779],[126.55652,37.35974],[126.55652,37.34364],[126.57411,37.33559],[126.5917,37.34364],[126.5917,37.35974]]]},"properties":{"row":-2,"col":-4,"walk_min":256.3,"nearest_station_id":"kr_428","nearest_station_name":"Oido","nearest_station_name_ko":"오이도","a":120,"c":120,"e":120,"g":120,"i":120,"k":120,"m":120,"o":120,"b":120,"d":120,"f":120,"h":120,"j":120,"l":120,"n":120,"p":120}},{"type":"Feature","geometry":{"type":"Polygon","coordinates":[[[126.5917,37.64959],[126.57411,37.65764],[126.55652,37.64959],[126.55652,37.63349],[126.57411,37.62544],[126.5917,37.63349],[126.5917,37.64959]]]},"properties":{"row":10,"col":-10,"walk_min":285.5,"nearest_station_id":"kr_424","nearest_station_name":"Daehwa","nearest_station_name_ko":"대화","a":120,"c":120,"e":120,"g":120,"i":120,"k":120,"m":120,"o":120,"b":120,"d":120,"f":120,"h":120,"j":120,"l":120,"n":120,"p":120}},{"type":"Feature","geometry":{"type":"Polygon","coordinates":[[[126.78518,37.86697],[126.76759,37.87502],[126.75,37.86697],[126.75,37.85087],[126.76759,37.84282],[126.78518,37.85087],[126.78518,37.86697]]]},"properties":{"row":19,"col":-9,"walk_min":247.1,"nearest_station_id":"kr_424","nearest_station_name":"Daehwa","nearest_station_name_ko":"대화","a":120,"c":120,"e":120,"g":120,"i":120,"k":120,"m":120,"o":120,"b":120,"d":120,"f":120,"h":120,"j":120,"l":120,"n":120,"p":120}},{"type":"Feature","geometry":{"type":"Polygon","coordinates":[[[126.87313,37.84282],[126.85554,37.85087],[126.83795,37.84282],[126.83795,37.82672],[126.85554,37.81867],[126.87313,37.82672],[126.87313,37.84282]]]},"properties":{"row":18,"col":-6,"walk_min":270.4,"nearest_station_id":"kr_092","nearest_station_name":"Yangju","nearest_station_name_ko":"양주","a":120,"c":120,"e":120,"g":120,"i":120,"k":120,"m":120,"o":120,"b":120,"d":120,"f":120,"h":120,"j":120,"l":120,"n":120,"p":120}},{"type":"Feature","geometry":{"type":"Polygon","coordinates":[[[127.26009,37.21482],[127.2425,37.22287],[127.22491,37.21482],[127.22491,37.19872],[127.2425,37.19067],[127.26009,37.19872],[127.26009,37.21482]]]},"properties":{"row":-8,"col":18,"walk_min":297.1,"nearest_station_id":"kr_416","nearest_station_name":"Osan College","nearest_station_name_ko":"오산대","a":120,"c":120,"e":120,"g":120,"i":120,"k":120,"m":120,"o":120,"b":120,"d":120,"f":120,"h":120,"j":120,"l":120,"n":120,"p":120}},{"type":"Feature","geometry":{"type":"Polygon","coordinates":[[[127.27768,37.19067],[127.26009,37.19872],[127.2425,37.19067],[127.2425,37.17456],[127.26009,37.16651],[127.27768,37.17456],[127.27768,37.19067]]]},"properties":{"row":-9,"col":19,"walk_min":333.3,"nearest_station_id":"kr_267","nearest_station_name":"이천","nearest_station_name_ko":"이천","a":120,"c":120,"e":120,"g":120,"i":120,"k":120,"m":120,"o":120,"b":120,"d":120,"f":120,"h":120,"j":120,"l":120,"n":120,"p":120}},{"type":"Feature","geometry":{"type":"Polygon","coordinates":[[[126.66205,37.6979],[126.64446,37.70595],[126.62687,37.6979],[126.62687,37.68179],[126.64446,37.67374],[126.66205,37.68179],[126.66205,37.6979]]]},"properties":{"row":12,"col":-9,"walk_min":281.6,"nearest_station_id":"kr_424","nearest_station_name":"Daehwa","nearest_station_name_ko":"대화","a":120,"c":120,"e":120,"g":120,"i":120,"k":120,"m":120,"o":120,"b":120,"d":120,"f":120,"h":120,"j":120,"l":120,"n":120,"p":120}},{"type":"Feature","geometry":{"type":"Polygon","coordinates":[[[126.60929,37.67374],[126.5917,37.68179],[126.57411,37.67374],[126.57411,37.65764],[126.5917,37.64959],[126.60929,37.65764],[126.60929,37.67374]]]},"properties":{"row":11,"col":-10,"walk_min":284.2,"nearest_station_id":"kr_424","nearest_station_name":"Daehwa","nearest_station_name_ko":"대화","a":120,"c":120,"e":120,"g":120,"i":120,"k":120,"m":120,"o":120,"b":120,"d":120,"f":120,"h":120,"j":120,"l":120,"n":120,"p":120}},{"type":"Feature","geometry":{"type":"Polygon","coordinates":[[[126.75,37.23897],[126.73241,37.24703],[126.71482,37.23897],[126.71482,37.22287],[126.73241,37.21482],[126.75,37.22287],[126.75,37.23897]]]},"properties":{"row":-7,"col":3,"walk_min":305.3,"nearest_station_id":"kr_263","nearest_station_name":"Ansan","nearest_station_name_ko":"안산","a":120,"c":120,"e":120,"g":120,"i":120,"k":120,"m":120,"o":120,"b":120,"d":120,"f":120,"h":120,"j":120,"l":120,"n":120,"p":120}},{"type":"Feature","geometry":{"type":"Polygon","coordinates":[[[127.29527,37.84282],[127.27768,37.85087],[127.26009,37.84282],[127.26009,37.82672],[127.27768,37.81867],[127.29527,37.82672],[127.29527,37.84282]]]},"properties":{"row":18,"col":6,"walk_min":262.9,"nearest_station_id":"kr_470","nearest_station_name":"Jinjeop","nearest_station_name_ko":"진접","a":120,"c":120,"e":120,"g":120,"i":120,"k":120,"m":120,"o":120,"b":120,"d":120,"f":120,"h":120,"j":120,"l":120,"n":120,"p":120}},{"type":"Feature","geometry":{"type":"Polygon","coordinates":[[[126.71482,37.19067],[126.69723,37.19872],[126.67964,37.19067],[126.67964,37.17456],[126.69723,37.16651],[126.71482,37.17456],[126.71482,37.19067]]]},"properties":{"row":-9,"col":3,"walk_min":324.7,"nearest_station_id":"kr_263","nearest_station_name":"Ansan","nearest_station_name_ko":"안산","a":120,"c":120,"e":120,"g":120,"i":120,"k":120,"m":120,"o":120,"b":120,"d":120,"f":120,"h":120,"j":120,"l":120,"n":120,"p":120}},{"type":"Feature","geometry":{"type":"Polygon","coordinates":[[[126.73241,37.21482],[126.71482,37.22287],[126.69723,37.21482],[126.69723,37.19872],[126.71482,37.19067],[126.73241,37.19872],[126.73241,37.21482]]]},"properties":{"row":-8,"col":3,"walk_min":296.3,"nearest_station_id":"kr_263","nearest_station_name":"Ansan","nearest_station_name_ko":"안산","a":120,"c":120,"e":120,"g":120,"i":120,"k":120,"m":120,"o":120,"b":120,"d":120,"f":120,"h":120,"j":120,"l":120,"n":120,"p":120}},{"type":"Feature","geometry":{"type":"Polygon","coordinates":[[[126.71482,37.23897],[126.69723,37.24703],[126.67964,37.23897],[126.67964,37.22287],[126.69723,37.21482],[126.71482,37.22287],[126.71482,37.23897]]]},"properties":{"row":-7,"col":2,"walk_min":328.6,"nearest_station_id":"kr_263","nearest_station_name":"Ansan","nearest_station_name_ko":"안산","a":120,"c":120,"e":120,"g":120,"i":120,"k":120,"m":120,"o":120,"b":120,"d":120,"f":120,"h":120,"j":120,"l":120,"n":120,"p":120}},{"type":"Feature","geometry":{"type":"Polygon","coordinates":[[[126.80277,37.16651],[126.78518,37.17456],[126.76759,37.16651],[126.76759,37.15041],[126.78518,37.14236],[126.80277,37.15041],[126.80277,37.16651]]]},"properties":{"row":-10,"col":6,"walk_min":283.5,"nearest_station_id":"kr_114","nearest_station_name":"Sangnoksu","nearest_station_name_ko":"상록수","a":120,"c":120,"e":120,"g":120,"i":120,"k":120,"m":120,"o":120,"b":120,"d":120,"f":120,"h":120,"j":120,"l":120,"n":120,"p":120}},{"type":"Feature","geometry":{"type":"Polygon","coordinates":[[[126.83795,37.16651],[126.82036,37.17456],[126.80277,37.16651],[126.80277,37.15041],[126.82036,37.14236],[126.83795,37.15041],[126.83795,37.16651]]]},"properties":{"row":-10,"col":7,"walk_min":282.5,"nearest_station_id":"kr_114","nearest_station_name":"Sangnoksu","nearest_station_name_ko":"상록수","a":120,"c":120,"e":120,"g":120,"i":120,"k":120,"m":120,"o":120,"b":120,"d":120,"f":120,"h":120,"j":120,"l":120,"n":120,"p":120}},{"type":"Feature","geometry":{"type":"Polygon","coordinates":[[[126.62687,37.6979],[126.60929,37.70595],[126.5917,37.6979],[126.5917,37.68179],[126.60929,37.67374],[126.62687,37.68179],[126.62687,37.6979]]]},"properties":{"row":12,"col":-10,"walk_min":305.3,"nearest_station_id":"kr_424","nearest_station_name":"Daehwa","nearest_station_name_ko":"대화","a":120,"c":120,"e":120,"g":120,"i":120,"k":120,"m":120,"o":120,"b":120,"d":120,"f":120,"h":120,"j":120,"l":120,"n":120,"p":120}},{"type":"Feature","geometry":{"type":"Polygon","coordinates":[[[126.76759,37.16651],[126.75,37.17456],[126.73241,37.16651],[126.73241,37.15041],[126.75,37.14236],[126.76759,37.15041],[126.76759,37.16651]]]},"properties":{"row":-10,"col":5,"walk_min":283.3,"nearest_station_id":"kr_230","nearest_station_name":"Choji","nearest_station_name_ko":"초지","a":120,"c":120,"e":120,"g":120,"i":120,"k":120,"m":120,"o":120,"b":120,"d":120,"f":120,"h":120,"j":120,"l":120,"n":120,"p":120}},{"type":"Feature","geometry":{"type":"Polygon","coordinates":[[[126.5917,37.6979],[126.57411,37.70595],[126.55652,37.6979],[126.55652,37.68179],[126.57411,37.67374],[126.5917,37.68179],[126.5917,37.6979]]]},"properties":{"row":12,"col":-11,"walk_min":336.4,"nearest_station_id":"kr_424","nearest_station_name":"Daehwa","nearest_station_name_ko":"대화","a":120,"c":120,"e":120,"g":120,"i":120,"k":120,"m":120,"o":120,"b":120,"d":120,"f":120,"h":120,"j":120,"l":120,"n":120,"p":120}},{"type":"Feature","geometry":{"type":"Polygon","coordinates":[[[126.64446,37.72205],[126.62687,37.7301],[126.60929,37.72205],[126.60929,37.70595],[126.62687,37.6979],[126.64446,37.70595],[126.64446,37.72205]]]},"properties":{"row":13,"col":-10,"walk_min":324.8,"nearest_station_id":"kr_424","nearest_station_name":"Daehwa","nearest_station_name_ko":"대화","a":120,"c":120,"e":120,"g":120,"i":120,"k":120,"m":120,"o":120,"b":120,"d":120,"f":120,"h":120,"j":120,"l":120,"n":120,"p":120}},{"type":"Feature","geometry":{"type":"Polygon","coordinates":[[[126.73241,37.16651],[126.71482,37.17456],[126.69723,37.16651],[126.69723,37.15041],[126.71482,37.14236],[126.73241,37.15041],[126.73241,37.16651]]]},"properties":{"row":-10,"col":4,"walk_min":322.8,"nearest_station_id":"kr_230","nearest_station_name":"Choji","nearest_station_name_ko":"초지","a":120,"c":120,"e":120,"g":120,"i":120,"k":120,"m":120,"o":120,"b":120,"d":120,"f":120,"h":120,"j":120,"l":120,"n":120,"p":120}},{"type":"Feature","geometry":{"type":"Polygon","coordinates":[[[126.57411,37.62544],[126.55652,37.63349],[126.53893,37.62544],[126.53893,37.60933],[126.55652,37.60128],[126.57411,37.60933],[126.57411,37.62544]]]},"properties":{"row":9,"col":-10,"walk_min":297.7,"nearest_station_id":"kr_424","nearest_station_name":"Daehwa","nearest_station_name_ko":"대화","a":120,"c":120,"e":120,"g":120,"i":120,"k":120,"m":120,"o":120,"b":120,"d":120,"f":120,"h":120,"j":120,"l":120,"n":120,"p":120}},{"type":"Feature","geometry":{"type":"Polygon","coordinates":[[[126.73241,37.26313],[126.71482,37.27118],[126.69723,37.26313],[126.69723,37.24703],[126.71482,37.23897],[126.73241,37.24703],[126.73241,37.26313]]]},"properties":{"row":-6,"col":2,"walk_min":356.5,"nearest_station_id":"kr_427","nearest_station_name":"Singiloncheon","nearest_station_name_ko":"신길온천","a":120,"c":120,"e":120,"g":120,"i":120,"k":120,"m":120,"o":120,"b":120,"d":120,"f":120,"h":120,"j":120,"l":120,"n":120,"p":120}},{"type":"Feature","geometry":{"type":"Polygon","coordinates":[[[126.69723,37.21482],[126.67964,37.22287],[126.66205,37.21482],[126.66205,37.19872],[126.67964,37.19067],[126.69723,37.19872],[126.69723,37.21482]]]},"properties":{"row":-8,"col":2,"walk_min":361.0,"nearest_station_id":"kr_263","nearest_station_name":"Ansan","nearest_station_name_ko":"안산","a":120,"c":120,"e":120,"g":120,"i":120,"k":120,"m":120,"o":120,"b":120,"d":120,"f":120,"h":120,"j":120,"l":120,"n":120,"p":120}},{"type":"Feature","geometry":{"type":"Polygon","coordinates":[[[126.69723,37.26313],[126.67964,37.27118],[126.66205,37.26313],[126.66205,37.24703],[126.67964,37.23897],[126.69723,37.24703],[126.69723,37.26313]]]},"properties":{"row":-6,"col":1,"walk_min":368.1,"nearest_station_id":"kr_427","nearest_station_name":"Singiloncheon","nearest_station_name_ko":"신길온천","a":120,"c":120,"e":120,"g":120,"i":120,"k":120,"m":120,"o":120,"b":120,"d":120,"f":120,"h":120,"j":120,"l":120,"n":120,"p":120}},{"type":"Feature","geometry":{"type":"Polygon","coordinates":[[[126.82036,37.86697],[126.80277,37.87502],[126.78518,37.86697],[126.78518,37.85087],[126.80277,37.84282],[126.82036,37.85087],[126.82036,37.86697]]]},"properties":{"row":19,"col":-8,"walk_min":328.4,"nearest_station_id":"kr_424","nearest_station_name":"Daehwa","nearest_station_name_ko":"대화","a":120,"c":120,"e":120,"g":120,"i":120,"k":120,"m":120,"o":120,"b":120,"d":120,"f":120,"h":120,"j":120,"l":120,"n":120,"p":120}},{"type":"Feature","geometry":{"type":"Polygon","coordinates":[[[126.85554,37.86697],[126.83795,37.87502],[126.82036,37.86697],[126.82036,37.85087],[126.83795,37.84282],[126.85554,37.85087],[126.85554,37.86697]]]},"properties":{"row":19,"col":-7,"walk_min":328.4,"nearest_station_id":"kr_424","nearest_station_name":"Daehwa","nearest_station_name_ko":"대화","a":120,"c":120,"e":120,"g":120,"i":120,"k":120,"m":120,"o":120,"b":120,"d":120,"f":120,"h":120,"j":120,"l":120,"n":120,"p":120}},{"type":"Feature","geometry":{"type":"Polygon","coordinates":[[[126.57411,37.67374],[126.55652,37.68179],[126.53893,37.67374],[126.53893,37.65764],[126.55652,37.64959],[126.57411,37.65764],[126.57411,37.67374]]]},"properties":{"row":11,"col":-11,"walk_min":336.7,"nearest_station_id":"kr_424","nearest_station_name":"Daehwa","nearest_station_name_ko":"대화","a":120,"c":120,"e":120,"g":120,"i":120,"k":120,"m":120,"o":120,"b":120,"d":120,"f":120,"h":120,"j":120,"l":120,"n":120,"p":120}},{"type":"Feature","geometry":{"type":"Polygon","coordinates":[[[126.60929,37.72205],[126.5917,37.7301],[126.57411,37.72205],[126.57411,37.70595],[126.5917,37.6979],[126.60929,37.70595],[126.60929,37.72205]]]},"properties":{"row":13,"col":-11,"walk_min":355.8,"nearest_station_id":"kr_424","nearest_station_name":"Daehwa","nearest_station_name_ko":"대화","a":120,"c":120,"e":120,"g":120,"i":120,"k":120,"m":120,"o":120,"b":120,"d":120,"f":120,"h":120,"j":120,"l":120,"n":120,"p":120}},{"type":"Feature","geometry":{"type":"Polygon","coordinates":[[[127.29527,37.21482],[127.27768,37.22287],[127.26009,37.21482],[127.26009,37.19872],[127.27768,37.19067],[127.29527,37.19872],[127.29527,37.21482]]]},"properties":{"row":-8,"col":19,"walk_min":357.3,"nearest_station_id":"kr_267","nearest_station_name":"이천","nearest_station_name_ko":"이천","a":120,"c":120,"e":120,"g":120,"i":120,"k":120,"m":120,"o":120,"b":120,"d":120,"f":120,"h":120,"j":120,"l":120,"n":120,"p":120}},{"type":"Feature","geometry":{"type":"Polygon","coordinates":[[[126.66205,37.7462],[126.64446,37.75426],[126.62687,37.7462],[126.62687,37.7301],[126.64446,37.72205],[126.66205,37.7301],[126.66205,37.7462]]]},"properties":{"row":14,"col":-10,"walk_min":346.6,"nearest_station_id":"kr_424","nearest_station_name":"Daehwa","nearest_station_name_ko":"대화","a":120,"c":120,"e":120,"g":120,"i":120,"k":120,"m":120,"o":120,"b":120,"d":120,"f":120,"h":120,"j":120,"l":120,"n":120,"p":120}},{"type":"Feature","geometry":{"type":"Polygon","coordinates":[[[126.69723,37.16651],[126.67964,37.17456],[126.66205,37.16651],[126.66205,37.15041],[126.67964,37.14236],[126.69723,37.15041],[126.69723,37.16651]]]},"properties":{"row":-10,"col":3,"walk_min":337.3,"nearest_station_id":"kr_263","nearest_station_name":"Ansan","nearest_station_name_ko":"안산","a":120,"c":120,"e":120,"g":120,"i":120,"k":120,"m":120,"o":120,"b":120,"d":120,"f":120,"h":120,"j":120,"l":120,"n":120,"p":120}},{"type":"Feature","geometry":{"type":"Polygon","coordinates":[[[126.62687,37.7462],[126.60929,37.75426],[126.5917,37.7462],[126.5917,37.7301],[126.60929,37.72205],[126.62687,37.7301],[126.62687,37.7462]]]},"properties":{"row":14,"col":-11,"walk_min":369.0,"nearest_station_id":"kr_424","nearest_station_name":"Daehwa","nearest_station_name_ko":"대화","a":120,"c":120,"e":120,"g":120,"i":120,"k":120,"m":120,"o":120,"b":120,"d":120,"f":120,"h":120,"j":120,"l":120,"n":120,"p":120}},{"type":"Feature","geometry":{"type":"Polygon","coordinates":[[[126.64446,37.77036],[126.62687,37.77841],[126.60929,37.77036],[126.60929,37.75426],[126.62687,37.7462],[126.64446,37.75426],[126.64446,37.77036]]]},"properties":{"row":15,"col":-11,"walk_min":384.3,"nearest_station_id":"kr_424","nearest_station_name":"Daehwa","nearest_station_name_ko":"대화","a":120,"c":120,"e":120,"g":120,"i":120,"k":120,"m":120,"o":120,"b":120,"d":120,"f":120,"h":120,"j":120,"l":120,"n":120,"p":120}},{"type":"Feature","geometry":{"type":"Polygon","coordinates":[[[126.71482,37.14236],[126.69723,37.15041],[126.67964,37.14236],[126.67964,37.12626],[126.69723,37.11821],[126.71482,37.12626],[126.71482,37.14236]]]},"properties":{"row":-11,"col":4,"walk_min":339.7,"nearest_station_id":"kr_230","nearest_station_name":"Choji","nearest_station_name_ko":"초지","a":120,"c":120,"e":120,"g":120,"i":120,"k":120,"m":120,"o":120,"b":120,"d":120,"f":120,"h":120,"j":120,"l":120,"n":120,"p":120}},{"type":"Feature","geometry":{"type":"Polygon","coordinates":[[[126.67964,37.23897],[126.66205,37.24703],[126.64446,37.23897],[126.64446,37.22287],[126.66205,37.21482],[126.67964,37.22287],[126.67964,37.23897]]]},"properties":{"row":-7,"col":1,"walk_min":390.2,"nearest_station_id":"kr_427","nearest_station_name":"Singiloncheon","nearest_station_name_ko":"신길온천","a":120,"c":120,"e":120,"g":120,"i":120,"k":120,"m":120,"o":120,"b":120,"d":120,"f":120,"h":120,"j":120,"l":120,"n":120,"p":120}},{"type":"Feature","geometry":{"type":"Polygon","coordinates":[[[126.67964,37.19067],[126.66205,37.19872],[126.64446,37.19067],[126.64446,37.17456],[126.66205,37.16651],[126.67964,37.17456],[126.67964,37.19067]]]},"properties":{"row":-9,"col":2,"walk_min":405.7,"nearest_station_id":"kr_263","nearest_station_name":"Ansan","nearest_station_name_ko":"안산","a":120,"c":120,"e":120,"g":120,"i":120,"k":120,"m":120,"o":120,"b":120,"d":120,"f":120,"h":120,"j":120,"l":120,"n":120,"p":120}},{"type":"Feature","geometry":{"type":"Polygon","coordinates":[[[127.26009,37.16651],[127.2425,37.17456],[127.22491,37.16651],[127.22491,37.15041],[127.2425,37.14236],[127.26009,37.15041],[127.26009,37.16651]]]},"properties":{"row":-10,"col":19,"walk_min":353.7,"nearest_station_id":"kr_053","nearest_station_name":"Osan","nearest_station_name_ko":"오산","a":120,"c":120,"e":120,"g":120,"i":120,"k":120,"m":120,"o":120,"b":120,"d":120,"f":120,"h":120,"j":120,"l":120,"n":120,"p":120}},{"type":"Feature","geometry":{"type":"Polygon","coordinates":[[[127.29527,37.16651],[127.27768,37.17456],[127.26009,37.16651],[127.26009,37.15041],[127.27768,37.14236],[127.29527,37.15041],[127.29527,37.16651]]]},"properties":{"row":-10,"col":20,"walk_min":370.9,"nearest_station_id":"kr_053","nearest_station_name":"Osan","nearest_station_name_ko":"오산","a":120,"c":120,"e":120,"g":120,"i":120,"k":120,"m":120,"o":120,"b":120,"d":120,"f":120,"h":120,"j":120,"l":120,"n":120,"p":120}},{"type":"Feature","geometry":{"type":"Polygon","coordinates":[[[126.5917,37.7462],[126.57411,37.75426],[126.55652,37.7462],[126.55652,37.7301],[126.57411,37.72205],[126.5917,37.7301],[126.5917,37.7462]]]},"properties":{"row":14,"col":-12,"walk_min":401.1,"nearest_station_id":"kr_424","nearest_station_name":"Daehwa","nearest_station_name_ko":"대화","a":120,"c":120,"e":120,"g":120,"i":120,"k":120,"m":120,"o":120,"b":120,"d":120,"f":120,"h":120,"j":120,"l":120,"n":120,"p":120}},{"type":"Feature","geometry":{"type":"Polygon","coordinates":[[[126.71482,37.28728],[126.69723,37.29533],[126.67964,37.28728],[126.67964,37.27118],[126.69723,37.26313],[126.71482,37.27118],[126.71482,37.28728]]]},"properties":{"row":-5,"col":1,"walk_min":367.6,"nearest_station_id":"kr_427","nearest_station_name":"Singiloncheon","nearest_station_name_ko":"신길온천","a":120,"c":120,"e":120,"g":120,"i":120,"k":120,"m":120,"o":120,"b":120,"d":120,"f":120,"h":120,"j":120,"l":120,"n":120,"p":120}},{"type":"Feature","geometry":{"type":"Polygon","coordinates":[[[126.66205,37.79451],[126.64446,37.80256],[126.62687,37.79451],[126.62687,37.77841],[126.64446,37.77036],[126.66205,37.77841],[126.66205,37.79451]]]},"properties":{"row":16,"col":-11,"walk_min":382.3,"nearest_station_id":"kr_424","nearest_station_name":"Daehwa","nearest_station_name_ko":"대화","a":120,"c":120,"e":120,"g":120,"i":120,"k":120,"m":120,"o":120,"b":120,"d":120,"f":120,"h":120,"j":120,"l":120,"n":120,"p":120}},{"type":"Feature","geometry":{"type":"Polygon","coordinates":[[[127.31286,37.19067],[127.29527,37.19872],[127.27768,37.19067],[127.27768,37.17456],[127.29527,37.16651],[127.31286,37.17456],[127.31286,37.19067]]]},"properties":{"row":-9,"col":20,"walk_min":389.4,"nearest_station_id":"kr_267","nearest_station_name":"이천","nearest_station_name_ko":"이천","a":120,"c":120,"e":120,"g":120,"i":120,"k":120,"m":120,"o":120,"b":120,"d":120,"f":120,"h":120,"j":120,"l":120,"n":120,"p":120}},{"type":"Feature","geometry":{"type":"Polygon","coordinates":[[[127.33045,37.16651],[127.31286,37.17456],[127.29527,37.16651],[127.29527,37.15041],[127.31286,37.14236],[127.33045,37.15041],[127.33045,37.16651]]]},"properties":{"row":-10,"col":21,"walk_min":388.1,"nearest_station_id":"kr_267","nearest_station_name":"이천","nearest_station_name_ko":"이천","a":120,"c":120,"e":120,"g":120,"i":120,"k":120,"m":120,"o":120,"b":120,"d":120,"f":120,"h":120,"j":120,"l":120,"n":120,"p":120}},{"type":"Feature","geometry":{"type":"Polygon","coordinates":[[[126.67964,37.28728],[126.66205,37.29533],[126.64446,37.28728],[126.64446,37.27118],[126.66205,37.26313],[126.67964,37.27118],[126.67964,37.28728]]]},"properties":{"row":-5,"col":0,"walk_min":423.2,"nearest_station_id":"kr_351","nearest_station_name":"Jeongwang","nearest_station_name_ko":"정왕","a":120,"c":120,"e":120,"g":120,"i":120,"k":120,"m":120,"o":120,"b":120,"d":120,"f":120,"h":120,"j":120,"l":120,"n":120,"p":120}},{"type":"Feature","geometry":{"type":"Polygon","coordinates":[[[126.62687,37.79451],[126.60929,37.80256],[126.5917,37.79451],[126.5917,37.77841],[126.60929,37.77036],[126.62687,37.77841],[126.62687,37.79451]]]},"properties":{"row":16,"col":-12,"walk_min":388.2,"nearest_station_id":"kr_424","nearest_station_name":"Daehwa","nearest_station_name_ko":"대화","a":120,"c":120,"e":120,"g":120,"i":120,"k":120,"m":120,"o":120,"b":120,"d":120,"f":120,"h":120,"j":120,"l":120,"n":120,"p":120}},{"type":"Feature","geometry":{"type":"Polygon","coordinates":[[[126.64446,37.23897],[126.62687,37.24703],[126.60929,37.23897],[126.60929,37.22287],[126.62687,37.21482],[126.64446,37.22287],[126.64446,37.23897]]]},"properties":{"row":-7,"col":0,"walk_min":486.6,"nearest_station_id":"kr_351","nearest_station_name":"Jeongwang","nearest_station_name_ko":"정왕","a":120,"c":120,"e":120,"g":120,"i":120,"k":120,"m":120,"o":120,"b":120,"d":120,"f":120,"h":120,"j":120,"l":120,"n":120,"p":120}},{"type":"Feature","geometry":{"type":"Polygon","coordinates":[[[126.66205,37.26313],[126.64446,37.27118],[126.62687,37.26313],[126.62687,37.24703],[126.64446,37.23897],[126.66205,37.24703],[126.66205,37.26313]]]},"properties":{"row":-6,"col":0,"walk_min":440.5,"nearest_station_id":"kr_351","nearest_station_name":"Jeongwang","nearest_station_name_ko":"정왕","a":120,"c":120,"e":120,"g":120,"i":120,"k":120,"m":120,"o":120,"b":120,"d":120,"f":120,"h":120,"j":120,"l":120,"n":120,"p":120}},{"type":"Feature","geometry":{"type":"Polygon","coordinates":[[[126.57411,37.72205],[126.55652,37.7301],[126.53893,37.72205],[126.53893,37.70595],[126.55652,37.6979],[126.57411,37.70595],[126.57411,37.72205]]]},"properties":{"row":13,"col":-12,"walk_min":390.3,"nearest_station_id":"kr_424","nearest_station_name":"Daehwa","nearest_station_name_ko":"대화","a":120,"c":120,"e":120,"g":120,"i":120,"k":120,"m":120,"o":120,"b":120,"d":120,"f":120,"h":120,"j":120,"l":120,"n":120,"p":120}},{"type":"Feature","geometry":{"type":"Polygon","coordinates":[[[127.33045,37.21482],[127.31286,37.22287],[127.29527,37.21482],[127.29527,37.19872],[127.31286,37.19067],[127.33045,37.19872],[127.33045,37.21482]]]},"properties":{"row":-8,"col":20,"walk_min":390.1,"nearest_station_id":"kr_267","nearest_station_name":"이천","nearest_station_name_ko":"이천","a":120,"c":120,"e":120,"g":120,"i":120,"k":120,"m":120,"o":120,"b":120,"d":120,"f":120,"h":120,"j":120,"l":120,"n":120,"p":120}},{"type":"Feature","geometry":{"type":"Polygon","coordinates":[[[126.64446,37.19067],[126.62687,37.19872],[126.60929,37.19067],[126.60929,37.17456],[126.62687,37.16651],[126.64446,37.17456],[126.64446,37.19067]]]},"properties":{"row":-9,"col":1,"walk_min":433.9,"nearest_station_id":"kr_427","nearest_station_name":"Singiloncheon","nearest_station_name_ko":"신길온천","a":120,"c":120,"e":120,"g":120,"i":120,"k":120,"m":120,"o":120,"b":120,"d":120,"f":120,"h":120,"j":120,"l":120,"n":120,"p":120}},{"type":"Feature","geometry":{"type":"Polygon","coordinates":[[[126.66205,37.21482],[126.64446,37.22287],[126.62687,37.21482],[126.62687,37.19872],[126.64446,37.19067],[126.66205,37.19872],[126.66205,37.21482]]]},"properties":{"row":-8,"col":1,"walk_min":440.4,"nearest_station_id":"kr_427","nearest_station_name":"Singiloncheon","nearest_station_name_ko":"신길온천","a":120,"c":120,"e":120,"g":120,"i":120,"k":120,"m":120,"o":120,"b":120,"d":120,"f":120,"h":120,"j":120,"l":120,"n":120,"p":120}},{"type":"Feature","geometry":{"type":"Polygon","coordinates":[[[126.62687,37.21482],[126.60929,37.22287],[126.5917,37.21482],[126.5917,37.19872],[126.60929,37.19067],[126.62687,37.19872],[126.62687,37.21482]]]},"properties":{"row":-8,"col":0,"walk_min":502.9,"nearest_station_id":"kr_351","nearest_station_name":"Jeongwang","nearest_station_name_ko":"정왕","a":120,"c":120,"e":120,"g":120,"i":120,"k":120,"m":120,"o":120,"b":120,"d":120,"f":120,"h":120,"j":120,"l":120,"n":120,"p":120}},{"type":"Feature","geometry":{"type":"Polygon","coordinates":[[[126.62687,37.26313],[126.60929,37.27118],[126.5917,37.26313],[126.5917,37.24703],[126.60929,37.23897],[126.62687,37.24703],[126.62687,37.26313]]]},"properties":{"row":-6,"col":-1,"walk_min":495.1,"nearest_station_id":"kr_351","nearest_station_name":"Jeongwang","nearest_station_name_ko":"정왕","a":120,"c":120,"e":120,"g":120,"i":120,"k":120,"m":120,"o":120,"b":120,"d":120,"f":120,"h":120,"j":120,"l":120,"n":120,"p":120}},{"type":"Feature","geometry":{"type":"Polygon","coordinates":[[[126.60929,37.23897],[126.5917,37.24703],[126.57411,37.23897],[126.57411,37.22287],[126.5917,37.21482],[126.60929,37.22287],[126.60929,37.23897]]]},"properties":{"row":-7,"col":-1,"walk_min":539.0,"nearest_station_id":"kr_351","nearest_station_name":"Jeongwang","nearest_station_name_ko":"정왕","a":120,"c":120,"e":120,"g":120,"i":120,"k":120,"m":120,"o":120,"b":120,"d":120,"f":120,"h":120,"j":120,"l":120,"n":120,"p":120}},{"type":"Feature","geometry":{"type":"Polygon","coordinates":[[[126.5917,37.26313],[126.57411,37.27118],[126.55652,37.26313],[126.55652,37.24703],[126.57411,37.23897],[126.5917,37.24703],[126.5917,37.26313]]]},"properties":{"row":-6,"col":-2,"walk_min":541.6,"nearest_station_id":"kr_351","nearest_station_name":"Jeongwang","nearest_station_name_ko":"정왕","a":120,"c":120,"e":120,"g":120,"i":120,"k":120,"m":120,"o":120,"b":120,"d":120,"f":120,"h":120,"j":120,"l":120,"n":120,"p":120}},{"type":"Feature","geometry":{"type":"Polygon","coordinates":[[[126.5917,37.21482],[126.57411,37.22287],[126.55652,37.21482],[126.55652,37.19872],[126.57411,37.19067],[126.5917,37.19872],[126.5917,37.21482]]]},"properties":{"row":-8,"col":-1,"walk_min":584.3,"nearest_station_id":"kr_351","nearest_station_name":"Jeongwang","nearest_station_name_ko":"정왕","a":120,"c":120,"e":120,"g":120,"i":120,"k":120,"m":120,"o":120,"b":120,"d":120,"f":120,"h":120,"j":120,"l":120,"n":120,"p":120}},{"type":"Feature","geometry":{"type":"Polygon","coordinates":[[[126.57411,37.23897],[126.55652,37.24703],[126.53893,37.23897],[126.53893,37.22287],[126.55652,37.21482],[126.57411,37.22287],[126.57411,37.23897]]]},"properties":{"row":-7,"col":-2,"walk_min":577.2,"nearest_station_id":"kr_351","nearest_station_name":"Jeongwang","nearest_station_name_ko":"정왕","a":120,"c":120,"e":120,"g":120,"i":120,"k":120,"m":120,"o":120,"b":120,"d":120,"f":120,"h":120,"j":120,"l":120,"n":120,"p":120}},{"type":"Feature","geometry":{"type":"Polygon","coordinates":[[[126.57411,37.28728],[126.55652,37.29533],[126.53893,37.28728],[126.53893,37.27118],[126.55652,37.26313],[126.57411,37.27118],[126.57411,37.28728]]]},"properties":{"row":-5,"col":-3,"walk_min":560.0,"nearest_station_id":"kr_351","nearest_station_name":"Jeongwang","nearest_station_name_ko":"정왕","a":120,"c":120,"e":120,"g":120,"i":120,"k":120,"m":120,"o":120,"b":120,"d":120,"f":120,"h":120,"j":120,"l":120,"n":120,"p":120}},{"type":"Feature","geometry":{"type":"Polygon","coordinates":[[[126.57411,37.19067],[126.55652,37.19872],[126.53893,37.19067],[126.53893,37.17456],[126.55652,37.16651],[126.57411,37.17456],[126.57411,37.19067]]]},"properties":{"row":-9,"col":-1,"walk_min":604.9,"nearest_station_id":"kr_351","nearest_station_name":"Jeongwang","nearest_station_name_ko":"정왕","a":120,"c":120,"e":120,"g":120,"i":120,"k":120,"m":120,"o":120,"b":120,"d":120,"f":120,"h":120,"j":120,"l":120,"n":120,"p":120}},{"type":"Feature","geometry":{"type":"Polygon","coordinates":[[[126.60929,37.19067],[126.5917,37.19872],[126.57411,37.19067],[126.57411,37.17456],[126.5917,37.16651],[126.60929,37.17456],[126.60929,37.19067]]]},"properties":{"row":-9,"col":0,"walk_min":599.8,"nearest_station_id":"kr_351","nearest_station_name":"Jeongwang","nearest_station_name_ko":"정왕","a":120,"c":120,"e":120,"g":120,"i":120,"k":120,"m":120,"o":120,"b":120,"d":120,"f":120,"h":120,"j":120,"l":120,"n":120,"p":120}},{"type":"Feature","geometry":{"type":"Polygon","coordinates":[[[126.55652,37.21482],[126.53893,37.22287],[126.52134,37.21482],[126.52134,37.19872],[126.53893,37.19067],[126.55652,37.19872],[126.55652,37.21482]]]},"properties":{"row":-8,"col":-2,"walk_min":608.0,"nearest_station_id":"kr_351","nearest_station_name":"Jeongwang","nearest_station_name_ko":"정왕","a":120,"c":120,"e":120,"g":120,"i":120,"k":120,"m":120,"o":120,"b":120,"d":120,"f":120,"h":120,"j":120,"l":120,"n":120,"p":120}},{"type":"Feature","geometry":{"type":"Polygon","coordinates":[[[126.53893,37.23897],[126.52134,37.24703],[126.50375,37.23897],[126.50375,37.22287],[126.52134,37.21482],[126.53893,37.22287],[126.53893,37.23897]]]},"properties":{"row":-7,"col":-3,"walk_min":605.0,"nearest_station_id":"kr_351","nearest_station_name":"Jeongwang","nearest_station_name_ko":"정왕","a":120,"c":120,"e":120,"g":120,"i":120,"k":120,"m":120,"o":120,"b":120,"d":120,"f":120,"h":120,"j":120,"l":120,"n":120,"p":120}},{"type":"Feature","geometry":{"type":"Polygon","coordinates":[[[126.53893,37.19067],[126.52134,37.19872],[126.50375,37.19067],[126.50375,37.17456],[126.52134,37.16651],[126.53893,37.17456],[126.53893,37.19067]]]},"properties":{"row":-9,"col":-2,"walk_min":611.8,"nearest_station_id":"kr_351","nearest_station_name":"Jeongwang","nearest_station_name_ko":"정왕","a":120,"c":120,"e":120,"g":120,"i":120,"k":120,"m":120,"o":120,"b":120,"d":120,"f":120,"h":120,"j":120,"l":120,"n":120,"p":120}}]}