{"type":"FeatureCollection","features":[{"type":"Feature","geometry":{"type":"Polygon","coordinates":[[[126.89148,37.50879],[126.90879,37.50879],[126.90879,37.52609],[126.89148,37.52609],[126.89148,37.50879]]]},"properties":{"row":19,"col":18,"walk_min":0.1,"bucket":"<5","color":"#2b6cb0","aggregate":true,"node_count":2280,"nearest_station_id":"kr_282","nearest_station_idx":278}},{"type":"Feature","geometry":{"type":"Polygon","coordinates":[[[126.99531,37.49148],[127.01261,37.49148],[127.01261,37.50879],[126.99531,37.50879],[126.99531,37.49148]]]},"properties":{"row":18,"col":24,"walk_min":1.5,"bucket":"<5","color":"#2b6cb0","aggregate":true,"node_count":2543,"nearest_station_id":"kr_002","nearest_station_idx":1}},{"type":"Feature","geometry":{"type":"Polygon","coordinates":[[[126.978,37.49148],[126.99531,37.49148],[126.99531,37.50879],[126.978,37.50879],[126.978,37.49148]]]},"properties":{"row":18,"col":23,"walk_min":2.3,"bucket":"<5","color":"#2b6cb0","aggregate":true,"node_count":1290,"nearest_station_id":"kr_400","nearest_station_idx":397}},{"type":"Feature","geometry":{"type":"Polygon","coordinates":[[[126.92609,37.50879],[126.94339,37.50879],[126.94339,37.52609],[126.92609,37.52609],[126.92609,37.50879]]]},"properties":{"row":19,"col":20,"walk_min":1.0,"bucket":"<5","color":"#2b6cb0","aggregate":true,"node_count":1640,"nearest_station_id":"kr_432","nearest_station_idx":431}},{"type":"Feature","geometry":{"type":"Polygon","coordinates":[[[126.9607,37.54339],[126.978,37.54339],[126.978,37.5607],[126.9607,37.5607],[126.9607,37.54339]]]},"properties":{"row":21,"col":22,"walk_min":0.7,"bucket":"<5","color":"#2b6cb0","aggregate":true,"node_count":3626,"nearest_station_id":"kr_005","nearest_station_idx":4}},{"type":"Feature","geometry":{"type":"Polygon","coordinates":[[[127.01261,37.49148],[127.02992,37.49148],[127.02992,37.50879],[127.01261,37.50879],[127.01261,37.49148]]]},"properties":{"row":18,"col":25,"walk_min":0.0,"bucket":"<5","color":"#2b6cb0","aggregate":true,"node_count":2824,"nearest_station_id":"kr_006","nearest_station_idx":5}},{"type":"Feature","geometry":{"type":"Polygon","coordinates":[[[126.978,37.5607],[126.99531,37.5607],[126.99531,37.578],[126.978,37.578],[126.978,37.5607]]]},"properties":{"row":22,"col":23,"walk_min":0.0,"bucket":"<5","color":"#2b6cb0","aggregate":true,"node_count":4473,"nearest_station_id":"kr_018","nearest_station_idx":18}},{"type":"Feature","geometry":{"type":"Polygon","coordinates":[[[126.89148,37.43957],[126.90879,37.43957],[126.90879,37.45687],[126.89148,37.45687],[126.89148,37.43957]]]},"properties":{"row":15,"col":18,"walk_min":5.2,"bucket":"5-10","color":"#3aa6a0","aggregate":true,"node_count":2984,"nearest_station_id":"kr_008","nearest_station_idx":7}},{"type":"Feature","geometry":{"type":"Polygon","coordinates":[[[126.99531,37.5607],[127.01261,37.5607],[127.01261,37.578],[126.99531,37.578],[126.99531,37.5607]]]},"properties":{"row":22,"col":24,"walk_min":0.0,"bucket":"<5","color":"#2b6cb0","aggregate":true,"node_count":5572,"nearest_station_id":"kr_050","nearest_station_idx":49}},{"type":"Feature","geometry":{"type":"Polygon","coordinates":[[[126.90879,37.38765],[126.92609,37.38765],[126.92609,37.40496],[126.90879,37.40496],[126.90879,37.38765]]]},"properties":{"row":12,"col":19,"walk_min":18.3,"bucket":"15-20","color":"#c6d92e","aggregate":true,"node_count":1200,"nearest_station_id":"kr_010","nearest_station_idx":9}},{"type":"Feature","geometry":{"type":"Polygon","coordinates":[[[127.06453,37.50879],[127.08183,37.50879],[127.08183,37.52609],[127.06453,37.52609],[127.06453,37.50879]]]},"properties":{"row":19,"col":28,"walk_min":5.4,"bucket":"5-10","color":"#3aa6a0","aggregate":true,"node_count":694,"nearest_station_id":"kr_012","nearest_station_idx":12}},{"type":"Feature","geometry":{"type":"Polygon","coordinates":[[[126.87418,37.50879],[126.89148,37.50879],[126.89148,37.52609],[126.87418,37.52609],[126.87418,37.50879]]]},"properties":{"row":19,"col":17,"walk_min":0.0,"bucket":"<5","color":"#2b6cb0","aggregate":true,"node_count":1896,"nearest_station_id":"kr_151","nearest_station_idx":153}},{"type":"Feature","geometry":{"type":"Polygon","coordinates":[[[126.9607,37.5607],[126.978,37.5607],[126.978,37.578],[126.9607,37.578],[126.9607,37.5607]]]},"properties":{"row":22,"col":22,"walk_min":0.9,"bucket":"<5","color":"#2b6cb0","aggregate":true,"node_count":4323,"nearest_station_id":"kr_260","nearest_station_idx":259}},{"type":"Feature","geometry":{"type":"Polygon","coordinates":[[[127.09914,37.49148],[127.11644,37.49148],[127.11644,37.50879],[127.09914,37.50879],[127.09914,37.49148]]]},"properties":{"row":18,"col":30,"walk_min":2.2,"bucket":"<5","color":"#2b6cb0","aggregate":true,"node_count":2145,"nearest_station_id":"kr_066","nearest_station_idx":65}},{"type":"Feature","geometry":{"type":"Polygon","coordinates":[[[127.02992,37.50879],[127.04722,37.50879],[127.04722,37.52609],[127.02992,37.52609],[127.02992,37.50879]]]},"properties":{"row":19,"col":26,"walk_min":1.1,"bucket":"<5","color":"#2b6cb0","aggregate":true,"node_count":1445,"nearest_station_id":"kr_155","nearest_station_idx":157}},{"type":"Feature","geometry":{"type":"Polygon","coordinates":[[[127.04722,37.50879],[127.06453,37.50879],[127.06453,37.52609],[127.04722,37.52609],[127.04722,37.50879]]]},"properties":{"row":19,"col":27,"walk_min":1.5,"bucket":"<5","color":"#2b6cb0","aggregate":true,"node_count":1361,"nearest_station_id":"kr_166","nearest_station_idx":168}},{"type":"Feature","geometry":{"type":"Polygon","coordinates":[[[126.87418,37.49148],[126.89148,37.49148],[126.89148,37.50879],[126.87418,37.50879],[126.87418,37.49148]]]},"properties":{"row":18,"col":17,"walk_min":4.1,"bucket":"<5","color":"#2b6cb0","aggregate":true,"node_count":2147,"nearest_station_id":"kr_019","nearest_station_idx":16}},{"type":"Feature","geometry":{"type":"Polygon","coordinates":[[[127.02992,37.47418],[127.04722,37.47418],[127.04722,37.49148],[127.02992,37.49148],[127.02992,37.47418]]]},"properties":{"row":17,"col":26,"walk_min":2.3,"bucket":"<5","color":"#2b6cb0","aggregate":true,"node_count":2210,"nearest_station_id":"kr_020","nearest_station_idx":21}},{"type":"Feature","geometry":{"type":"Polygon","coordinates":[[[127.01261,37.5607],[127.02992,37.5607],[127.02992,37.578],[127.01261,37.578],[127.01261,37.5607]]]},"properties":{"row":22,"col":25,"walk_min":0.0,"bucket":"<5","color":"#2b6cb0","aggregate":true,"node_count":4265,"nearest_station_id":"kr_069","nearest_station_idx":68}},{"type":"Feature","geometry":{"type":"Polygon","coordinates":[[[126.94339,37.37035],[126.9607,37.37035],[126.9607,37.38765],[126.94339,37.38765],[126.94339,37.37035]]]},"properties":{"row":11,"col":21,"walk_min":6.8,"bucket":"5-10","color":"#3aa6a0","aggregate":true,"node_count":1721,"nearest_station_id":"kr_023","nearest_station_idx":23}},{"type":"Feature","geometry":{"type":"Polygon","coordinates":[[[126.80496,37.47418],[126.82226,37.47418],[126.82226,37.49148],[126.80496,37.49148],[126.80496,37.47418]]]},"properties":{"row":17,"col":13,"walk_min":4.6,"bucket":"<5","color":"#2b6cb0","aggregate":true,"node_count":1507,"nearest_station_id":"kr_024","nearest_station_idx":19}},{"type":"Feature","geometry":{"type":"Polygon","coordinates":[[[127.02992,37.578],[127.04722,37.578],[127.04722,37.59531],[127.02992,37.59531],[127.02992,37.578]]]},"properties":{"row":23,"col":26,"walk_min":1.1,"bucket":"<5","color":"#2b6cb0","aggregate":true,"node_count":4541,"nearest_station_id":"kr_131","nearest_station_idx":131}},{"type":"Feature","geometry":{"type":"Polygon","coordinates":[[[127.01261,37.54339],[127.02992,37.54339],[127.02992,37.5607],[127.01261,37.5607],[127.01261,37.54339]]]},"properties":{"row":21,"col":25,"walk_min":1.3,"bucket":"<5","color":"#2b6cb0","aggregate":true,"node_count":3819,"nearest_station_id":"kr_277","nearest_station_idx":276}},{"type":"Feature","geometry":{"type":"Polygon","coordinates":[[[127.04722,37.578],[127.06453,37.578],[127.06453,37.59531],[127.04722,37.59531],[127.04722,37.578]]]},"properties":{"row":23,"col":27,"walk_min":2.8,"bucket":"<5","color":"#2b6cb0","aggregate":true,"node_count":7706,"nearest_station_id":"kr_031","nearest_station_idx":29}},{"type":"Feature","geometry":{"type":"Polygon","coordinates":[[[126.94339,37.31844],[126.9607,37.31844],[126.9607,37.33574],[126.94339,37.33574],[126.94339,37.31844]]]},"properties":{"row":8,"col":21,"walk_min":22.9,"bucket":"20-25","color":"#f2a134","aggregate":true,"node_count":1586,"nearest_station_id":"kr_032","nearest_station_idx":31}},{"type":"Feature","geometry":{"type":"Polygon","coordinates":[[[126.978,37.54339],[126.99531,37.54339],[126.99531,37.5607],[126.978,37.5607],[126.978,37.54339]]]},"properties":{"row":21,"col":23,"walk_min":5.5,"bucket":"5-10","color":"#3aa6a0","aggregate":true,"node_count":4346,"nearest_station_id":"kr_035","nearest_station_idx":33}},{"type":"Feature","geometry":{"type":"Polygon","coordinates":[[[127.04722,37.59531],[127.06453,37.59531],[127.06453,37.61261],[127.04722,37.61261],[127.04722,37.59531]]]},"properties":{"row":24,"col":27,"walk_min":2.5,"bucket":"<5","color":"#2b6cb0","aggregate":true,"node_count":3698,"nearest_station_id":"kr_154","nearest_station_idx":156}},{"type":"Feature","geometry":{"type":"Polygon","coordinates":[[[126.90879,37.50879],[126.92609,37.50879],[126.92609,37.52609],[126.90879,37.52609],[126.90879,37.50879]]]},"properties":{"row":19,"col":19,"walk_min":0.6,"bucket":"<5","color":"#2b6cb0","aggregate":true,"node_count":2200,"nearest_station_id":"kr_095","nearest_station_idx":94}},{"type":"Feature","geometry":{"type":"Polygon","coordinates":[[[127.06453,37.59531],[127.08183,37.59531],[127.08183,37.61261],[127.06453,37.61261],[127.06453,37.59531]]]},"properties":{"row":24,"col":28,"walk_min":0.8,"bucket":"<5","color":"#2b6cb0","aggregate":true,"node_count":4103,"nearest_station_id":"kr_037","nearest_station_idx":36}},{"type":"Feature","geometry":{"type":"Polygon","coordinates":[[[127.02992,37.45687],[127.04722,37.45687],[127.04722,37.47418],[127.02992,37.47418],[127.02992,37.45687]]]},"properties":{"row":16,"col":26,"walk_min":4.7,"bucket":"<5","color":"#2b6cb0","aggregate":true,"node_count":2113,"nearest_station_id":"kr_038","nearest_station_idx":39}},{"type":"Feature","geometry":{"type":"Polygon","coordinates":[[[127.06453,37.61261],[127.08183,37.61261],[127.08183,37.62992],[127.06453,37.62992],[127.06453,37.61261]]]},"properties":{"row":25,"col":28,"walk_min":0.1,"bucket":"<5","color":"#2b6cb0","aggregate":true,"node_count":3883,"nearest_station_id":"kr_097","nearest_station_idx":96}},{"type":"Feature","geometry":{"type":"Polygon","coordinates":[[[127.04722,37.43957],[127.06453,37.43957],[127.06453,37.45687],[127.04722,37.45687],[127.04722,37.43957]]]},"properties":{"row":15,"col":27,"walk_min":1.8,"bucket":"<5","color":"#2b6cb0","aggregate":true,"node_count":1332,"nearest_station_id":"kr_040","nearest_station_idx":42}},{"type":"Feature","geometry":{"type":"Polygon","coordinates":[[[127.09914,37.38765],[127.11644,37.38765],[127.11644,37.40496],[127.09914,37.40496],[127.09914,37.38765]]]},"properties":{"row":12,"col":30,"walk_min":5.4,"bucket":"5-10","color":"#3aa6a0","aggregate":true,"node_count":3333,"nearest_station_id":"kr_041","nearest_station_idx":44}},{"type":"Feature","geometry":{"type":"Polygon","coordinates":[[[127.04722,37.61261],[127.06453,37.61261],[127.06453,37.62992],[127.04722,37.62992],[127.04722,37.61261]]]},"properties":{"row":25,"col":27,"walk_min":3.5,"bucket":"<5","color":"#2b6cb0","aggregate":true,"node_count":3060,"nearest_station_id":"kr_042","nearest_station_idx":38}},{"type":"Feature","geometry":{"type":"Polygon","coordinates":[[[126.99531,37.24922],[127.01261,37.24922],[127.01261,37.26652],[126.99531,37.26652],[126.99531,37.24922]]]},"properties":{"row":4,"col":24,"walk_min":11.2,"bucket":"10-15","color":"#4caf50","aggregate":true,"node_count":1635,"nearest_station_id":"kr_043","nearest_station_idx":40}},{"type":"Feature","geometry":{"type":"Polygon","coordinates":[[[127.02992,37.68183],[127.04722,37.68183],[127.04722,37.69914],[127.02992,37.69914],[127.02992,37.68183]]]},"properties":{"row":29,"col":26,"walk_min":6.2,"bucket":"5-10","color":"#3aa6a0","aggregate":true,"node_count":1708,"nearest_station_id":"kr_044","nearest_station_idx":41}},{"type":"Feature","geometry":{"type":"Polygon","coordinates":[[[127.02992,37.64722],[127.04722,37.64722],[127.04722,37.66453],[127.02992,37.66453],[127.02992,37.64722]]]},"properties":{"row":27,"col":26,"walk_min":3.5,"bucket":"<5","color":"#2b6cb0","aggregate":true,"node_count":3721,"nearest_station_id":"kr_270","nearest_station_idx":269}},{"type":"Feature","geometry":{"type":"Polygon","coordinates":[[[127.06453,37.54339],[127.08183,37.54339],[127.08183,37.5607],[127.06453,37.5607],[127.06453,37.54339]]]},"properties":{"row":21,"col":28,"walk_min":0.9,"bucket":"<5","color":"#2b6cb0","aggregate":true,"node_count":2528,"nearest_station_id":"kr_185","nearest_station_idx":190}},{"type":"Feature","geometry":{"type":"Polygon","coordinates":[[[127.02992,37.1973],[127.04722,37.1973],[127.04722,37.21461],[127.02992,37.21461],[127.02992,37.1973]]]},"properties":{"row":1,"col":26,"walk_min":14.1,"bucket":"10-15","color":"#4caf50","aggregate":true,"node_count":1371,"nearest_station_id":"kr_047","nearest_station_idx":46}},{"type":"Feature","geometry":{"type":"Polygon","coordinates":[[[127.11644,37.50879],[127.13374,37.50879],[127.13374,37.52609],[127.11644,37.52609],[127.11644,37.50879]]]},"properties":{"row":19,"col":31,"walk_min":1.6,"bucket":"<5","color":"#2b6cb0","aggregate":true,"node_count":2638,"nearest_station_id":"kr_048","nearest_station_idx":47}},{"type":"Feature","geometry":{"type":"Polygon","coordinates":[[[126.89148,37.52609],[126.90879,37.52609],[126.90879,37.54339],[126.89148,37.54339],[126.89148,37.52609]]]},"properties":{"row":20,"col":18,"walk_min":0.7,"bucket":"<5","color":"#2b6cb0","aggregate":true,"node_count":1653,"nearest_station_id":"kr_049","nearest_station_idx":48}},{"type":"Feature","geometry":{"type":"Polygon","coordinates":[[[127.11644,37.52609],[127.13374,37.52609],[127.13374,37.54339],[127.11644,37.54339],[127.11644,37.52609]]]},"properties":{"row":20,"col":31,"walk_min":0.8,"bucket":"<5","color":"#2b6cb0","aggregate":true,"node_count":1970,"nearest_station_id":"kr_055","nearest_station_idx":53}},{"type":"Feature","geometry":{"type":"Polygon","coordinates":[[[126.99531,37.54339],[127.01261,37.54339],[127.01261,37.5607],[126.99531,37.5607],[126.99531,37.54339]]]},"properties":{"row":21,"col":24,"walk_min":2.6,"bucket":"<5","color":"#2b6cb0","aggregate":true,"node_count":4553,"nearest_station_id":"kr_324","nearest_station_idx":318}},{"type":"Feature","geometry":{"type":"Polygon","coordinates":[[[127.01261,37.50879],[127.02992,37.50879],[127.02992,37.52609],[127.01261,37.52609],[127.01261,37.50879]]]},"properties":{"row":19,"col":25,"walk_min":0.8,"bucket":"<5","color":"#2b6cb0","aggregate":true,"node_count":2058,"nearest_station_id":"kr_056","nearest_station_idx":58}},{"type":"Feature","geometry":{"type":"Polygon","coordinates":[[[126.99531,37.578],[127.01261,37.578],[127.01261,37.59531],[126.99531,37.59531],[126.99531,37.578]]]},"properties":{"row":23,"col":24,"walk_min":1.8,"bucket":"<5","color":"#2b6cb0","aggregate":true,"node_count":3668,"nearest_station_id":"kr_061","nearest_station_idx":60}},{"type":"Feature","geometry":{"type":"Polygon","coordinates":[[[127.01261,37.52609],[127.02992,37.52609],[127.02992,37.54339],[127.01261,37.54339],[127.01261,37.52609]]]},"properties":{"row":20,"col":25,"walk_min":5.9,"bucket":"5-10","color":"#3aa6a0","aggregate":true,"node_count":1369,"nearest_station_id":"kr_059","nearest_station_idx":63}},{"type":"Feature","geometry":{"type":"Polygon","coordinates":[[[126.77035,37.47418],[126.78765,37.47418],[126.78765,37.49148],[126.77035,37.49148],[126.77035,37.47418]]]},"properties":{"row":17,"col":11,"walk_min":5.2,"bucket":"5-10","color":"#3aa6a0","aggregate":true,"node_count":1588,"nearest_station_id":"kr_060","nearest_station_idx":59}},{"type":"Feature","geometry":{"type":"Polygon","coordinates":[[[127.02992,37.71644],[127.04722,37.71644],[127.04722,37.73374],[127.02992,37.73374],[127.02992,37.71644]]]},"properties":{"row":31,"col":26,"walk_min":6.8,"bucket":"5-10","color":"#3aa6a0","aggregate":true,"node_count":3820,"nearest_station_id":"kr_062","nearest_station_idx":61}},{"type":"Feature","geometry":{"type":"Polygon","coordinates":[[[126.94339,37.5607],[126.9607,37.5607],[126.9607,37.578],[126.94339,37.578],[126.94339,37.5607]]]},"properties":{"row":22,"col":21,"walk_min":4.8,"bucket":"<5","color":"#2b6cb0","aggregate":true,"node_count":2866,"nearest_station_id":"kr_083","nearest_station_idx":82}},{"type":"Feature","geometry":{"type":"Polygon","coordinates":[[[127.11644,37.49148],[127.13374,37.49148],[127.13374,37.50879],[127.11644,37.50879],[127.11644,37.49148]]]},"properties":{"row":18,"col":31,"walk_min":1.2,"bucket":"<5","color":"#2b6cb0","aggregate":true,"node_count":2355,"nearest_station_id":"kr_253","nearest_station_idx":253}},{"type":"Feature","geometry":{"type":"Polygon","coordinates":[[[127.02992,37.73374],[127.04722,37.73374],[127.04722,37.75105],[127.02992,37.75105],[127.02992,37.73374]]]},"properties":{"row":32,"col":26,"walk_min":6.4,"bucket":"5-10","color":"#3aa6a0","aggregate":true,"node_count":4511,"nearest_station_id":"kr_448","nearest_station_idx":447}},{"type":"Feature","geometry":{"type":"Polygon","coordinates":[[[126.94339,37.578],[126.9607,37.578],[126.9607,37.59531],[126.94339,37.59531],[126.94339,37.578]]]},"properties":{"row":23,"col":21,"walk_min":7.4,"bucket":"5-10","color":"#3aa6a0","aggregate":true,"node_count":2975,"nearest_station_id":"kr_067","nearest_station_idx":67}},{"type":"Feature","geometry":{"type":"Polygon","coordinates":[[[127.02992,37.5607],[127.04722,37.5607],[127.04722,37.578],[127.02992,37.578],[127.02992,37.5607]]]},"properties":{"row":22,"col":26,"walk_min":0.0,"bucket":"<5","color":"#2b6cb0","aggregate":true,"node_count":3507,"nearest_station_id":"kr_214","nearest_station_idx":216}},{"type":"Feature","geometry":{"type":"Polygon","coordinates":[[[126.94339,37.35305],[126.9607,37.35305],[126.9607,37.37035],[126.94339,37.37035],[126.94339,37.35305]]]},"properties":{"row":10,"col":21,"walk_min":17.8,"bucket":"15-20","color":"#c6d92e","aggregate":true,"node_count":1213,"nearest_station_id":"kr_072","nearest_station_idx":72}},{"type":"Feature","geometry":{"type":"Polygon","coordinates":[[[126.87418,37.54339],[126.89148,37.54339],[126.89148,37.5607],[126.87418,37.5607],[126.87418,37.54339]]]},"properties":{"row":21,"col":17,"walk_min":12.8,"bucket":"10-15","color":"#4caf50","aggregate":true,"node_count":712,"nearest_station_id":"kr_073","nearest_station_idx":73}},{"type":"Feature","geometry":{"type":"Polygon","coordinates":[[[127.13374,37.52609],[127.15105,37.52609],[127.15105,37.54339],[127.13374,37.54339],[127.13374,37.52609]]]},"properties":{"row":20,"col":32,"walk_min":0.8,"bucket":"<5","color":"#2b6cb0","aggregate":true,"node_count":1533,"nearest_station_id":"kr_107","nearest_station_idx":106}},{"type":"Feature","geometry":{"type":"Polygon","coordinates":[[[126.82226,37.49148],[126.83957,37.49148],[126.83957,37.50879],[126.82226,37.50879],[126.82226,37.49148]]]},"properties":{"row":18,"col":14,"walk_min":9.7,"bucket":"5-10","color":"#3aa6a0","aggregate":true,"node_count":1284,"nearest_station_id":"kr_078","nearest_station_idx":54}},{"type":"Feature","geometry":{"type":"Polygon","coordinates":[[[126.92609,37.59531],[126.94339,37.59531],[126.94339,37.61261],[126.92609,37.61261],[126.92609,37.59531]]]},"properties":{"row":24,"col":20,"walk_min":1.9,"bucket":"<5","color":"#2b6cb0","aggregate":true,"node_count":3015,"nearest_station_id":"kr_080","nearest_station_idx":79}},{"type":"Feature","geometry":{"type":"Polygon","coordinates":[[[126.92609,37.35305],[126.94339,37.35305],[126.94339,37.37035],[126.92609,37.37035],[126.92609,37.35305]]]},"properties":{"row":10,"col":20,"walk_min":14.1,"bucket":"10-15","color":"#4caf50","aggregate":true,"node_count":2781,"nearest_station_id":"kr_081","nearest_station_idx":80}},{"type":"Feature","geometry":{"type":"Polygon","coordinates":[[[127.01261,37.59531],[127.02992,37.59531],[127.02992,37.61261],[127.01261,37.61261],[127.01261,37.59531]]]},"properties":{"row":24,"col":25,"walk_min":4.1,"bucket":"<5","color":"#2b6cb0","aggregate":true,"node_count":2658,"nearest_station_id":"kr_082","nearest_station_idx":81}},{"type":"Feature","geometry":{"type":"Polygon","coordinates":[[[126.9607,37.28383],[126.978,37.28383],[126.978,37.30113],[126.9607,37.30113],[126.9607,37.28383]]]},"properties":{"row":6,"col":22,"walk_min":7.0,"bucket":"5-10","color":"#3aa6a0","aggregate":true,"node_count":2371,"nearest_station_id":"kr_086","nearest_station_idx":84}},{"type":"Feature","geometry":{"type":"Polygon","coordinates":[[[127.08183,37.54339],[127.09914,37.54339],[127.09914,37.5607],[127.08183,37.5607],[127.08183,37.54339]]]},"properties":{"row":21,"col":29,"walk_min":5.8,"bucket":"5-10","color":"#3aa6a0","aggregate":true,"node_count":1337,"nearest_station_id":"kr_087","nearest_station_idx":85}},{"type":"Feature","geometry":{"type":"Polygon","coordinates":[[[127.09914,37.54339],[127.11644,37.54339],[127.11644,37.5607],[127.09914,37.5607],[127.09914,37.54339]]]},"properties":{"row":21,"col":30,"walk_min":19.6,"bucket":"15-20","color":"#c6d92e","aggregate":true,"node_count":1259,"nearest_station_id":"kr_088","nearest_station_idx":86}},{"type":"Feature","geometry":{"type":"Polygon","coordinates":[[[127.02992,37.61261],[127.04722,37.61261],[127.04722,37.62992],[127.02992,37.62992],[127.02992,37.61261]]]},"properties":{"row":25,"col":26,"walk_min":8.9,"bucket":"5-10","color":"#3aa6a0","aggregate":true,"node_count":3281,"nearest_station_id":"kr_091","nearest_station_idx":90}},{"type":"Feature","geometry":{"type":"Polygon","coordinates":[[[127.02992,37.76835],[127.04722,37.76835],[127.04722,37.78566],[127.02992,37.78566],[127.02992,37.76835]]]},"properties":{"row":34,"col":26,"walk_min":7.2,"bucket":"5-10","color":"#3aa6a0","aggregate":true,"node_count":1785,"nearest_station_id":"kr_092","nearest_station_idx":91}},{"type":"Feature","geometry":{"type":"Polygon","coordinates":[[[127.08183,37.5607],[127.09914,37.5607],[127.09914,37.578],[127.08183,37.578],[127.08183,37.5607]]]},"properties":{"row":22,"col":29,"walk_min":3.8,"bucket":"<5","color":"#2b6cb0","aggregate":true,"node_count":3201,"nearest_station_id":"kr_111","nearest_station_idx":110}},{"type":"Feature","geometry":{"type":"Polygon","coordinates":[[[127.04722,37.5607],[127.06453,37.5607],[127.06453,37.578],[127.04722,37.578],[127.04722,37.5607]]]},"properties":{"row":22,"col":27,"walk_min":5.0,"bucket":"5-10","color":"#3aa6a0","aggregate":true,"node_count":4849,"nearest_station_id":"kr_099","nearest_station_idx":97}},{"type":"Feature","geometry":{"type":"Polygon","coordinates":[[[126.94339,37.54339],[126.9607,37.54339],[126.9607,37.5607],[126.94339,37.5607],[126.94339,37.54339]]]},"properties":{"row":21,"col":21,"walk_min":0.8,"bucket":"<5","color":"#2b6cb0","aggregate":true,"node_count":4297,"nearest_station_id":"kr_257","nearest_station_idx":257}},{"type":"Feature","geometry":{"type":"Polygon","coordinates":[[[127.01261,37.578],[127.02992,37.578],[127.02992,37.59531],[127.01261,37.59531],[127.01261,37.578]]]},"properties":{"row":23,"col":25,"walk_min":0.3,"bucket":"<5","color":"#2b6cb0","aggregate":true,"node_count":3816,"nearest_station_id":"kr_112","nearest_station_idx":111}},{"type":"Feature","geometry":{"type":"Polygon","coordinates":[[[126.83957,37.5607],[126.85687,37.5607],[126.85687,37.578],[126.83957,37.578],[126.83957,37.5607]]]},"properties":{"row":22,"col":15,"walk_min":3.1,"bucket":"<5","color":"#2b6cb0","aggregate":true,"node_count":1544,"nearest_station_id":"kr_430","nearest_station_idx":429}},{"type":"Feature","geometry":{"type":"Polygon","coordinates":[[[127.06453,37.5607],[127.08183,37.5607],[127.08183,37.578],[127.06453,37.578],[127.06453,37.5607]]]},"properties":{"row":22,"col":28,"walk_min":6.0,"bucket":"5-10","color":"#3aa6a0","aggregate":true,"node_count":4223,"nearest_station_id":"kr_098","nearest_station_idx":98}},{"type":"Feature","geometry":{"type":"Polygon","coordinates":[[[126.90879,37.64722],[126.92609,37.64722],[126.92609,37.66453],[126.90879,37.66453],[126.90879,37.64722]]]},"properties":{"row":27,"col":19,"walk_min":8.9,"bucket":"5-10","color":"#3aa6a0","aggregate":true,"node_count":1549,"nearest_station_id":"kr_104","nearest_station_idx":103}},{"type":"Feature","geometry":{"type":"Polygon","coordinates":[[[126.71844,37.47418],[126.73574,37.47418],[126.73574,37.49148],[126.71844,37.49148],[126.71844,37.47418]]]},"properties":{"row":17,"col":8,"walk_min":11.4,"bucket":"10-15","color":"#4caf50","aggregate":true,"node_count":1549,"nearest_station_id":"kr_105","nearest_station_idx":104}},{"type":"Feature","geometry":{"type":"Polygon","coordinates":[[[127.01261,37.61261],[127.02992,37.61261],[127.02992,37.62992],[127.01261,37.62992],[127.01261,37.61261]]]},"properties":{"row":25,"col":25,"walk_min":4.9,"bucket":"<5","color":"#2b6cb0","aggregate":true,"node_count":3589,"nearest_station_id":"kr_106","nearest_station_idx":105}},{"type":"Feature","geometry":{"type":"Polygon","coordinates":[[[127.11644,37.38765],[127.13374,37.38765],[127.13374,37.40496],[127.11644,37.40496],[127.11644,37.38765]]]},"properties":{"row":12,"col":31,"walk_min":3.8,"bucket":"<5","color":"#2b6cb0","aggregate":true,"node_count":3169,"nearest_station_id":"kr_108","nearest_station_idx":107}},{"type":"Feature","geometry":{"type":"Polygon","coordinates":[[[126.85687,37.30113],[126.87418,37.30113],[126.87418,37.31844],[126.85687,37.31844],[126.85687,37.30113]]]},"properties":{"row":7,"col":16,"walk_min":6.9,"bucket":"5-10","color":"#3aa6a0","aggregate":true,"node_count":1283,"nearest_station_id":"kr_114","nearest_station_idx":113}},{"type":"Feature","geometry":{"type":"Polygon","coordinates":[[[126.89148,37.64722],[126.90879,37.64722],[126.90879,37.66453],[126.89148,37.66453],[126.89148,37.64722]]]},"properties":{"row":27,"col":18,"walk_min":7.7,"bucket":"5-10","color":"#3aa6a0","aggregate":true,"node_count":1838,"nearest_station_id":"kr_115","nearest_station_idx":114}},{"type":"Feature","geometry":{"type":"Polygon","coordinates":[[[127.01261,37.62992],[127.02992,37.62992],[127.02992,37.64722],[127.01261,37.64722],[127.01261,37.62992]]]},"properties":{"row":26,"col":25,"walk_min":3.2,"bucket":"<5","color":"#2b6cb0","aggregate":true,"node_count":3461,"nearest_station_id":"kr_116","nearest_station_idx":115}},{"type":"Feature","geometry":{"type":"Polygon","coordinates":[[[127.11644,37.47418],[127.13374,37.47418],[127.13374,37.49148],[127.11644,37.49148],[127.11644,37.47418]]]},"properties":{"row":17,"col":31,"walk_min":2.2,"bucket":"<5","color":"#2b6cb0","aggregate":true,"node_count":2912,"nearest_station_id":"kr_117","nearest_station_idx":116}},{"type":"Feature","geometry":{"type":"Polygon","coordinates":[[[127.13374,37.54339],[127.15105,37.54339],[127.15105,37.5607],[127.13374,37.5607],[127.13374,37.54339]]]},"properties":{"row":21,"col":32,"walk_min":1.3,"bucket":"<5","color":"#2b6cb0","aggregate":true,"node_count":1308,"nearest_station_id":"kr_128","nearest_station_idx":128}},{"type":"Feature","geometry":{"type":"Polygon","coordinates":[[[127.08183,37.578],[127.09914,37.578],[127.09914,37.59531],[127.08183,37.59531],[127.08183,37.578]]]},"properties":{"row":23,"col":29,"walk_min":1.5,"bucket":"<5","color":"#2b6cb0","aggregate":true,"node_count":4680,"nearest_station_id":"kr_124","nearest_station_idx":124}},{"type":"Feature","geometry":{"type":"Polygon","coordinates":[[[126.85687,37.64722],[126.87418,37.64722],[126.87418,37.66453],[126.85687,37.66453],[126.85687,37.64722]]]},"properties":{"row":27,"col":16,"walk_min":12.1,"bucket":"10-15","color":"#4caf50","aggregate":true,"node_count":691,"nearest_station_id":"kr_126","nearest_station_idx":126}},{"type":"Feature","geometry":{"type":"Polygon","coordinates":[[[126.82226,37.5607],[126.83957,37.5607],[126.83957,37.578],[126.82226,37.578],[126.82226,37.5607]]]},"properties":{"row":22,"col":14,"walk_min":2.7,"bucket":"<5","color":"#2b6cb0","aggregate":true,"node_count":2061,"nearest_station_id":"kr_132","nearest_station_idx":132}},{"type":"Feature","geometry":{"type":"Polygon","coordinates":[[[126.978,37.47418],[126.99531,37.47418],[126.99531,37.49148],[126.978,37.49148],[126.978,37.47418]]]},"properties":{"row":17,"col":23,"walk_min":0.8,"bucket":"<5","color":"#2b6cb0","aggregate":true,"node_count":1353,"nearest_station_id":"kr_153","nearest_station_idx":154}},{"type":"Feature","geometry":{"type":"Polygon","coordinates":[[[126.90879,37.61261],[126.92609,37.61261],[126.92609,37.62992],[126.90879,37.62992],[126.90879,37.61261]]]},"properties":{"row":25,"col":19,"walk_min":3.0,"bucket":"<5","color":"#2b6cb0","aggregate":true,"node_count":3136,"nearest_station_id":"kr_162","nearest_station_idx":164}},{"type":"Feature","geometry":{"type":"Polygon","coordinates":[[[126.9607,37.52609],[126.978,37.52609],[126.978,37.54339],[126.9607,37.54339],[126.9607,37.52609]]]},"properties":{"row":20,"col":22,"walk_min":0.8,"bucket":"<5","color":"#2b6cb0","aggregate":true,"node_count":2820,"nearest_station_id":"kr_136","nearest_station_idx":137}},{"type":"Feature","geometry":{"type":"Polygon","coordinates":[[[126.92609,37.54339],[126.94339,37.54339],[126.94339,37.5607],[126.92609,37.5607],[126.92609,37.54339]]]},"properties":{"row":21,"col":20,"walk_min":0.7,"bucket":"<5","color":"#2b6cb0","aggregate":true,"node_count":5960,"nearest_station_id":"kr_376","nearest_station_idx":373}},{"type":"Feature","geometry":{"type":"Polygon","coordinates":[[[127.08183,37.59531],[127.09914,37.59531],[127.09914,37.61261],[127.08183,37.61261],[127.08183,37.59531]]]},"properties":{"row":24,"col":29,"walk_min":5.6,"bucket":"5-10","color":"#3aa6a0","aggregate":true,"node_count":4821,"nearest_station_id":"kr_141","nearest_station_idx":143}},{"type":"Feature","geometry":{"type":"Polygon","coordinates":[[[127.02992,37.59531],[127.04722,37.59531],[127.04722,37.61261],[127.02992,37.61261],[127.02992,37.59531]]]},"properties":{"row":24,"col":26,"walk_min":2.5,"bucket":"<5","color":"#2b6cb0","aggregate":true,"node_count":3507,"nearest_station_id":"kr_142","nearest_station_idx":140}},{"type":"Feature","geometry":{"type":"Polygon","coordinates":[[[126.83957,37.64722],[126.85687,37.64722],[126.85687,37.66453],[126.83957,37.66453],[126.83957,37.64722]]]},"properties":{"row":27,"col":15,"walk_min":7.2,"bucket":"5-10","color":"#3aa6a0","aggregate":true,"node_count":721,"nearest_station_id":"kr_145","nearest_station_idx":147}},{"type":"Feature","geometry":{"type":"Polygon","coordinates":[[[127.11644,37.45687],[127.13374,37.45687],[127.13374,37.47418],[127.11644,37.47418],[127.11644,37.45687]]]},"properties":{"row":16,"col":31,"walk_min":7.2,"bucket":"5-10","color":"#3aa6a0","aggregate":true,"node_count":1672,"nearest_station_id":"kr_146","nearest_station_idx":148}},{"type":"Feature","geometry":{"type":"Polygon","coordinates":[[[127.15105,37.54339],[127.16835,37.54339],[127.16835,37.5607],[127.15105,37.5607],[127.15105,37.54339]]]},"properties":{"row":21,"col":33,"walk_min":3.1,"bucket":"<5","color":"#2b6cb0","aggregate":true,"node_count":2584,"nearest_station_id":"kr_147","nearest_station_idx":149}},{"type":"Feature","geometry":{"type":"Polygon","coordinates":[[[127.09914,37.35305],[127.11644,37.35305],[127.11644,37.37035],[127.09914,37.37035],[127.09914,37.35305]]]},"properties":{"row":10,"col":30,"walk_min":8.7,"bucket":"5-10","color":"#3aa6a0","aggregate":true,"node_count":2120,"nearest_station_id":"kr_148","nearest_station_idx":150}},{"type":"Feature","geometry":{"type":"Polygon","coordinates":[[[127.01261,37.47418],[127.02992,37.47418],[127.02992,37.49148],[127.01261,37.49148],[127.01261,37.47418]]]},"properties":{"row":17,"col":25,"walk_min":4.3,"bucket":"<5","color":"#2b6cb0","aggregate":true,"node_count":2180,"nearest_station_id":"kr_152","nearest_station_idx":155}},{"type":"Feature","geometry":{"type":"Polygon","coordinates":[[[127.08183,37.50879],[127.09914,37.50879],[127.09914,37.52609],[127.08183,37.52609],[127.08183,37.50879]]]},"properties":{"row":19,"col":29,"walk_min":9.1,"bucket":"5-10","color":"#3aa6a0","aggregate":true,"node_count":1085,"nearest_station_id":"kr_157","nearest_station_idx":159}},{"type":"Feature","geometry":{"type":"Polygon","coordinates":[[[126.73574,37.47418],[126.75305,37.47418],[126.75305,37.49148],[126.73574,37.49148],[126.73574,37.47418]]]},"properties":{"row":17,"col":9,"walk_min":5.1,"bucket":"5-10","color":"#3aa6a0","aggregate":true,"node_count":1135,"nearest_station_id":"kr_453","nearest_station_idx":452}},{"type":"Feature","geometry":{"type":"Polygon","coordinates":[[[127.04722,37.47418],[127.06453,37.47418],[127.06453,37.49148],[127.04722,37.49148],[127.04722,37.47418]]]},"properties":{"row":17,"col":27,"walk_min":6.4,"bucket":"5-10","color":"#3aa6a0","aggregate":true,"node_count":1286,"nearest_station_id":"kr_164","nearest_station_idx":167}},{"type":"Feature","geometry":{"type":"Polygon","coordinates":[[[126.82226,37.62992],[126.83957,37.62992],[126.83957,37.64722],[126.82226,37.64722],[126.82226,37.62992]]]},"properties":{"row":26,"col":14,"walk_min":4.1,"bucket":"<5","color":"#2b6cb0","aggregate":true,"node_count":2414,"nearest_station_id":"kr_167","nearest_station_idx":169}},{"type":"Feature","geometry":{"type":"Polygon","coordinates":[[[126.82226,37.30113],[126.83957,37.30113],[126.83957,37.31844],[126.82226,37.31844],[126.82226,37.30113]]]},"properties":{"row":7,"col":14,"walk_min":6.8,"bucket":"5-10","color":"#3aa6a0","aggregate":true,"node_count":1224,"nearest_station_id":"kr_168","nearest_station_idx":170}},{"type":"Feature","geometry":{"type":"Polygon","coordinates":[[[127.11644,37.54339],[127.13374,37.54339],[127.13374,37.5607],[127.11644,37.5607],[127.11644,37.54339]]]},"properties":{"row":21,"col":31,"walk_min":3.4,"bucket":"<5","color":"#2b6cb0","aggregate":true,"node_count":1176,"nearest_station_id":"kr_169","nearest_station_idx":171}},{"type":"Feature","geometry":{"type":"Polygon","coordinates":[[[127.13374,37.45687],[127.15105,37.45687],[127.15105,37.47418],[127.13374,37.47418],[127.13374,37.45687]]]},"properties":{"row":16,"col":32,"walk_min":4.1,"bucket":"<5","color":"#2b6cb0","aggregate":true,"node_count":2781,"nearest_station_id":"kr_170","nearest_station_idx":172}},{"type":"Feature","geometry":{"type":"Polygon","coordinates":[[[127.09914,37.33574],[127.11644,37.33574],[127.11644,37.35305],[127.09914,37.35305],[127.09914,37.33574]]]},"properties":{"row":9,"col":30,"walk_min":3.3,"bucket":"<5","color":"#2b6cb0","aggregate":true,"node_count":1975,"nearest_station_id":"kr_172","nearest_station_idx":174}},{"type":"Feature","geometry":{"type":"Polygon","coordinates":[[[126.80496,37.49148],[126.82226,37.49148],[126.82226,37.50879],[126.80496,37.50879],[126.80496,37.49148]]]},"properties":{"row":18,"col":13,"walk_min":4.2,"bucket":"<5","color":"#2b6cb0","aggregate":true,"node_count":1087,"nearest_station_id":"kr_177","nearest_station_idx":119}},{"type":"Feature","geometry":{"type":"Polygon","coordinates":[[[127.09914,37.50879],[127.11644,37.50879],[127.11644,37.52609],[127.09914,37.52609],[127.09914,37.50879]]]},"properties":{"row":19,"col":30,"walk_min":0.0,"bucket":"<5","color":"#2b6cb0","aggregate":true,"node_count":1884,"nearest_station_id":"kr_217","nearest_station_idx":219}},{"type":"Feature","geometry":{"type":"Polygon","coordinates":[[[126.85687,37.50879],[126.87418,37.50879],[126.87418,37.52609],[126.85687,37.52609],[126.85687,37.50879]]]},"properties":{"row":19,"col":16,"walk_min":0.3,"bucket":"<5","color":"#2b6cb0","aggregate":true,"node_count":2037,"nearest_station_id":"kr_179","nearest_station_idx":181}},{"type":"Feature","geometry":{"type":"Polygon","coordinates":[[[126.92609,37.52609],[126.94339,37.52609],[126.94339,37.54339],[126.92609,37.54339],[126.92609,37.52609]]]},"properties":{"row":20,"col":20,"walk_min":4.6,"bucket":"<5","color":"#2b6cb0","aggregate":true,"node_count":1233,"nearest_station_id":"kr_180","nearest_station_idx":182}},{"type":"Feature","geometry":{"type":"Polygon","coordinates":[[[127.06453,37.52609],[127.08183,37.52609],[127.08183,37.54339],[127.06453,37.54339],[127.06453,37.52609]]]},"properties":{"row":20,"col":28,"walk_min":3.1,"bucket":"<5","color":"#2b6cb0","aggregate":true,"node_count":2575,"nearest_station_id":"kr_181","nearest_station_idx":184}},{"type":"Feature","geometry":{"type":"Polygon","coordinates":[[[126.9607,37.47418],[126.978,37.47418],[126.978,37.49148],[126.9607,37.49148],[126.9607,37.47418]]]},"properties":{"row":17,"col":22,"walk_min":3.0,"bucket":"<5","color":"#2b6cb0","aggregate":true,"node_count":2056,"nearest_station_id":"kr_182","nearest_station_idx":183}},{"type":"Feature","geometry":{"type":"Polygon","coordinates":[[[126.90879,37.54339],[126.92609,37.54339],[126.92609,37.5607],[126.90879,37.5607],[126.90879,37.54339]]]},"properties":{"row":21,"col":19,"walk_min":0.0,"bucket":"<5","color":"#2b6cb0","aggregate":true,"node_count":3489,"nearest_station_id":"kr_323","nearest_station_idx":317}},{"type":"Feature","geometry":{"type":"Polygon","coordinates":[[[127.04722,37.54339],[127.06453,37.54339],[127.06453,37.5607],[127.04722,37.5607],[127.04722,37.54339]]]},"properties":{"row":21,"col":27,"walk_min":1.1,"bucket":"<5","color":"#2b6cb0","aggregate":true,"node_count":1807,"nearest_station_id":"kr_186","nearest_station_idx":186}},{"type":"Feature","geometry":{"type":"Polygon","coordinates":[[[126.90879,37.62992],[126.92609,37.62992],[126.92609,37.64722],[126.90879,37.64722],[126.90879,37.62992]]]},"properties":{"row":26,"col":19,"walk_min":1.7,"bucket":"<5","color":"#2b6cb0","aggregate":true,"node_count":2804,"nearest_station_id":"kr_188","nearest_station_idx":188}},{"type":"Feature","geometry":{"type":"Polygon","coordinates":[[[126.78765,37.5607],[126.80496,37.5607],[126.80496,37.578],[126.78765,37.578],[126.78765,37.5607]]]},"properties":{"row":22,"col":12,"walk_min":5.5,"bucket":"5-10","color":"#3aa6a0","aggregate":true,"node_count":1389,"nearest_station_id":"kr_189","nearest_station_idx":191}},{"type":"Feature","geometry":{"type":"Polygon","coordinates":[[[126.75305,37.47418],[126.77035,37.47418],[126.77035,37.49148],[126.75305,37.49148],[126.75305,37.47418]]]},"properties":{"row":17,"col":10,"walk_min":3.0,"bucket":"<5","color":"#2b6cb0","aggregate":true,"node_count":1673,"nearest_station_id":"kr_452","nearest_station_idx":451}},{"type":"Feature","geometry":{"type":"Polygon","coordinates":[[[126.94339,37.52609],[126.9607,37.52609],[126.9607,37.54339],[126.94339,37.54339],[126.94339,37.52609]]]},"properties":{"row":20,"col":21,"walk_min":4.5,"bucket":"<5","color":"#2b6cb0","aggregate":true,"node_count":1854,"nearest_station_id":"kr_193","nearest_station_idx":195}},{"type":"Feature","geometry":{"type":"Polygon","coordinates":[[[126.82226,37.47418],[126.83957,37.47418],[126.83957,37.49148],[126.82226,37.49148],[126.82226,37.47418]]]},"properties":{"row":17,"col":14,"walk_min":8.9,"bucket":"5-10","color":"#3aa6a0","aggregate":true,"node_count":1860,"nearest_station_id":"kr_194","nearest_station_idx":196}},{"type":"Feature","geometry":{"type":"Polygon","coordinates":[[[127.04722,37.66453],[127.06453,37.66453],[127.06453,37.68183],[127.04722,37.68183],[127.04722,37.66453]]]},"properties":{"row":28,"col":27,"walk_min":1.2,"bucket":"<5","color":"#2b6cb0","aggregate":true,"node_count":2302,"nearest_station_id":"kr_195","nearest_station_idx":197}},{"type":"Feature","geometry":{"type":"Polygon","coordinates":[[[127.08183,37.52609],[127.09914,37.52609],[127.09914,37.54339],[127.08183,37.54339],[127.08183,37.52609]]]},"properties":{"row":20,"col":29,"walk_min":1.7,"bucket":"<5","color":"#2b6cb0","aggregate":true,"node_count":1268,"nearest_station_id":"kr_196","nearest_station_idx":198}},{"type":"Feature","geometry":{"type":"Polygon","coordinates":[[[127.06453,37.62992],[127.08183,37.62992],[127.08183,37.64722],[127.06453,37.64722],[127.06453,37.62992]]]},"properties":{"row":26,"col":28,"walk_min":4.3,"bucket":"<5","color":"#2b6cb0","aggregate":true,"node_count":1881,"nearest_station_id":"kr_197","nearest_station_idx":199}},{"type":"Feature","geometry":{"type":"Polygon","coordinates":[[[126.80496,37.62992],[126.82226,37.62992],[126.82226,37.64722],[126.80496,37.64722],[126.80496,37.62992]]]},"properties":{"row":26,"col":13,"walk_min":7.8,"bucket":"5-10","color":"#3aa6a0","aggregate":true,"node_count":690,"nearest_station_id":"kr_198","nearest_station_idx":200}},{"type":"Feature","geometry":{"type":"Polygon","coordinates":[[[127.04722,37.64722],[127.06453,37.64722],[127.06453,37.66453],[127.04722,37.66453],[127.04722,37.64722]]]},"properties":{"row":27,"col":27,"walk_min":0.9,"bucket":"<5","color":"#2b6cb0","aggregate":true,"node_count":1747,"nearest_station_id":"kr_224","nearest_station_idx":225}},{"type":"Feature","geometry":{"type":"Polygon","coordinates":[[[127.16835,37.54339],[127.18566,37.54339],[127.18566,37.5607],[127.16835,37.5607],[127.16835,37.54339]]]},"properties":{"row":21,"col":34,"walk_min":6.5,"bucket":"5-10","color":"#3aa6a0","aggregate":true,"node_count":2637,"nearest_station_id":"kr_205","nearest_station_idx":207}},{"type":"Feature","geometry":{"type":"Polygon","coordinates":[[[126.78765,37.49148],[126.80496,37.49148],[126.80496,37.50879],[126.78765,37.50879],[126.78765,37.49148]]]},"properties":{"row":18,"col":12,"walk_min":3.9,"bucket":"<5","color":"#2b6cb0","aggregate":true,"node_count":1194,"nearest_station_id":"kr_206","nearest_station_idx":130}},{"type":"Feature","geometry":{"type":"Polygon","coordinates":[[[126.83957,37.50879],[126.85687,37.50879],[126.85687,37.52609],[126.83957,37.52609],[126.83957,37.50879]]]},"properties":{"row":19,"col":15,"walk_min":5.2,"bucket":"5-10","color":"#3aa6a0","aggregate":true,"node_count":1621,"nearest_station_id":"kr_208","nearest_station_idx":211}},{"type":"Feature","geometry":{"type":"Polygon","coordinates":[[[126.87418,37.47418],[126.89148,37.47418],[126.89148,37.49148],[126.87418,37.49148],[126.87418,37.47418]]]},"properties":{"row":17,"col":17,"walk_min":1.3,"bucket":"<5","color":"#2b6cb0","aggregate":true,"node_count":2034,"nearest_station_id":"kr_212","nearest_station_idx":208}},{"type":"Feature","geometry":{"type":"Polygon","coordinates":[[[126.94339,37.49148],[126.9607,37.49148],[126.9607,37.50879],[126.94339,37.50879],[126.94339,37.49148]]]},"properties":{"row":18,"col":21,"walk_min":2.0,"bucket":"<5","color":"#2b6cb0","aggregate":true,"node_count":2887,"nearest_station_id":"kr_244","nearest_station_idx":245}},{"type":"Feature","geometry":{"type":"Polygon","coordinates":[[[126.99531,37.50879],[127.01261,37.50879],[127.01261,37.52609],[126.99531,37.52609],[126.99531,37.50879]]]},"properties":{"row":19,"col":24,"walk_min":7.7,"bucket":"5-10","color":"#3aa6a0","aggregate":true,"node_count":1113,"nearest_station_id":"kr_216","nearest_station_idx":218}},{"type":"Feature","geometry":{"type":"Polygon","coordinates":[[[127.04722,37.62992],[127.06453,37.62992],[127.06453,37.64722],[127.04722,37.64722],[127.04722,37.62992]]]},"properties":{"row":26,"col":27,"walk_min":1.6,"bucket":"<5","color":"#2b6cb0","aggregate":true,"node_count":2396,"nearest_station_id":"kr_393","nearest_station_idx":390}},{"type":"Feature","geometry":{"type":"Polygon","coordinates":[[[126.9607,37.50879],[126.978,37.50879],[126.978,37.52609],[126.9607,37.52609],[126.9607,37.50879]]]},"properties":{"row":19,"col":22,"walk_min":4.4,"bucket":"<5","color":"#2b6cb0","aggregate":true,"node_count":982,"nearest_station_id":"kr_219","nearest_station_idx":221}},{"type":"Feature","geometry":{"type":"Polygon","coordinates":[[[126.83957,37.47418],[126.85687,37.47418],[126.85687,37.49148],[126.83957,37.49148],[126.83957,37.47418]]]},"properties":{"row":17,"col":15,"walk_min":3.2,"bucket":"<5","color":"#2b6cb0","aggregate":true,"node_count":1845,"nearest_station_id":"kr_220","nearest_station_idx":222}},{"type":"Feature","geometry":{"type":"Polygon","coordinates":[[[126.77035,37.49148],[126.78765,37.49148],[126.78765,37.50879],[126.77035,37.50879],[126.77035,37.49148]]]},"properties":{"row":18,"col":11,"walk_min":2.8,"bucket":"<5","color":"#2b6cb0","aggregate":true,"node_count":1262,"nearest_station_id":"kr_254","nearest_station_idx":178}},{"type":"Feature","geometry":{"type":"Polygon","coordinates":[[[126.83957,37.52609],[126.85687,37.52609],[126.85687,37.54339],[126.83957,37.54339],[126.83957,37.52609]]]},"properties":{"row":20,"col":15,"walk_min":2.2,"bucket":"<5","color":"#2b6cb0","aggregate":true,"node_count":1770,"nearest_station_id":"kr_225","nearest_station_idx":226}},{"type":"Feature","geometry":{"type":"Polygon","coordinates":[[[126.78765,37.62992],[126.80496,37.62992],[126.80496,37.64722],[126.78765,37.64722],[126.78765,37.62992]]]},"properties":{"row":26,"col":12,"walk_min":10.2,"bucket":"10-15","color":"#4caf50","aggregate":true,"node_count":814,"nearest_station_id":"kr_228","nearest_station_idx":229}},{"type":"Feature","geometry":{"type":"Polygon","coordinates":[[[127.06453,37.64722],[127.08183,37.64722],[127.08183,37.66453],[127.06453,37.66453],[127.06453,37.64722]]]},"properties":{"row":27,"col":28,"walk_min":3.1,"bucket":"<5","color":"#2b6cb0","aggregate":true,"node_count":1402,"nearest_station_id":"kr_229","nearest_station_idx":230}},{"type":"Feature","geometry":{"type":"Polygon","coordinates":[[[126.80496,37.31844],[126.82226,37.31844],[126.82226,37.33574],[126.80496,37.33574],[126.80496,37.31844]]]},"properties":{"row":8,"col":13,"walk_min":13.7,"bucket":"10-15","color":"#4caf50","aggregate":true,"node_count":1902,"nearest_station_id":"kr_230","nearest_station_idx":231}},{"type":"Feature","geometry":{"type":"Polygon","coordinates":[[[127.13374,37.578],[127.15105,37.578],[127.15105,37.59531],[127.13374,37.59531],[127.13374,37.578]]]},"properties":{"row":23,"col":32,"walk_min":3.9,"bucket":"<5","color":"#2b6cb0","aggregate":true,"node_count":2556,"nearest_station_id":"kr_231","nearest_station_idx":232}},{"type":"Feature","geometry":{"type":"Polygon","coordinates":[[[127.15105,37.43957],[127.16835,37.43957],[127.16835,37.45687],[127.15105,37.45687],[127.15105,37.43957]]]},"properties":{"row":15,"col":33,"walk_min":2.2,"bucket":"<5","color":"#2b6cb0","aggregate":true,"node_count":1948,"nearest_station_id":"kr_232","nearest_station_idx":233}},{"type":"Feature","geometry":{"type":"Polygon","coordinates":[[[127.08183,37.31844],[127.09914,37.31844],[127.09914,37.33574],[127.08183,37.33574],[127.08183,37.31844]]]},"properties":{"row":8,"col":29,"walk_min":6.1,"bucket":"5-10","color":"#3aa6a0","aggregate":true,"node_count":2595,"nearest_station_id":"kr_233","nearest_station_idx":234}},{"type":"Feature","geometry":{"type":"Polygon","coordinates":[[[127.20296,37.40496],[127.22027,37.40496],[127.22027,37.42226],[127.20296,37.42226],[127.20296,37.40496]]]},"properties":{"row":13,"col":36,"walk_min":11.6,"bucket":"10-15","color":"#4caf50","aggregate":true,"node_count":770,"nearest_station_id":"kr_237","nearest_station_idx":239}},{"type":"Feature","geometry":{"type":"Polygon","coordinates":[[[126.978,37.45687],[126.99531,37.45687],[126.99531,37.47418],[126.978,37.47418],[126.978,37.45687]]]},"properties":{"row":16,"col":23,"walk_min":8.8,"bucket":"5-10","color":"#3aa6a0","aggregate":true,"node_count":1182,"nearest_station_id":"kr_247","nearest_station_idx":248}},{"type":"Feature","geometry":{"type":"Polygon","coordinates":[[[126.66652,37.45687],[126.68383,37.45687],[126.68383,37.47418],[126.66652,37.47418],[126.66652,37.45687]]]},"properties":{"row":16,"col":5,"walk_min":1.1,"bucket":"<5","color":"#2b6cb0","aggregate":true,"node_count":950,"nearest_station_id":"kr_248","nearest_station_idx":249}},{"type":"Feature","geometry":{"type":"Polygon","coordinates":[[[126.94339,37.38765],[126.9607,37.38765],[126.9607,37.40496],[126.94339,37.40496],[126.94339,37.38765]]]},"properties":{"row":12,"col":21,"walk_min":5.2,"bucket":"5-10","color":"#3aa6a0","aggregate":true,"node_count":1474,"nearest_station_id":"kr_249","nearest_station_idx":250}},{"type":"Feature","geometry":{"type":"Polygon","coordinates":[[[127.02992,37.49148],[127.04722,37.49148],[127.04722,37.50879],[127.02992,37.50879],[127.02992,37.49148]]]},"properties":{"row":18,"col":26,"walk_min":4.0,"bucket":"<5","color":"#2b6cb0","aggregate":true,"node_count":1307,"nearest_station_id":"kr_252","nearest_station_idx":256}},{"type":"Feature","geometry":{"type":"Polygon","coordinates":[[[126.89148,37.49148],[126.90879,37.49148],[126.90879,37.50879],[126.89148,37.50879],[126.89148,37.49148]]]},"properties":{"row":18,"col":18,"walk_min":3.7,"bucket":"<5","color":"#2b6cb0","aggregate":true,"node_count":1883,"nearest_station_id":"kr_365","nearest_station_idx":346}},{"type":"Feature","geometry":{"type":"Polygon","coordinates":[[[126.85687,37.47418],[126.87418,37.47418],[126.87418,37.49148],[126.85687,37.49148],[126.85687,37.47418]]]},"properties":{"row":17,"col":16,"walk_min":6.2,"bucket":"5-10","color":"#3aa6a0","aggregate":true,"node_count":1493,"nearest_station_id":"kr_256","nearest_station_idx":255}},{"type":"Feature","geometry":{"type":"Polygon","coordinates":[[[126.70113,37.49148],[126.71844,37.49148],[126.71844,37.50879],[126.70113,37.50879],[126.70113,37.49148]]]},"properties":{"row":18,"col":7,"walk_min":6.2,"bucket":"5-10","color":"#3aa6a0","aggregate":true,"node_count":1049,"nearest_station_id":"kr_258","nearest_station_idx":412}},{"type":"Feature","geometry":{"type":"Polygon","coordinates":[[[126.89148,37.5607],[126.90879,37.5607],[126.90879,37.578],[126.89148,37.578],[126.89148,37.5607]]]},"properties":{"row":22,"col":18,"walk_min":2.8,"bucket":"<5","color":"#2b6cb0","aggregate":true,"node_count":2082,"nearest_station_id":"kr_293","nearest_station_idx":290}},{"type":"Feature","geometry":{"type":"Polygon","coordinates":[[[126.77035,37.64722],[126.78765,37.64722],[126.78765,37.66453],[126.77035,37.66453],[126.77035,37.64722]]]},"properties":{"row":27,"col":11,"walk_min":2.5,"bucket":"<5","color":"#2b6cb0","aggregate":true,"node_count":3703,"nearest_station_id":"kr_261","nearest_station_idx":260}},{"type":"Feature","geometry":{"type":"Polygon","coordinates":[[[127.06453,37.66453],[127.08183,37.66453],[127.08183,37.68183],[127.06453,37.68183],[127.06453,37.66453]]]},"properties":{"row":28,"col":28,"walk_min":5.6,"bucket":"5-10","color":"#3aa6a0","aggregate":true,"node_count":1531,"nearest_station_id":"kr_262","nearest_station_idx":261}},{"type":"Feature","geometry":{"type":"Polygon","coordinates":[[[126.78765,37.31844],[126.80496,37.31844],[126.80496,37.33574],[126.78765,37.33574],[126.78765,37.31844]]]},"properties":{"row":8,"col":12,"walk_min":7.2,"bucket":"5-10","color":"#3aa6a0","aggregate":true,"node_count":1167,"nearest_station_id":"kr_263","nearest_station_idx":262}},{"type":"Feature","geometry":{"type":"Polygon","coordinates":[[[127.13374,37.59531],[127.15105,37.59531],[127.15105,37.61261],[127.13374,37.61261],[127.13374,37.59531]]]},"properties":{"row":24,"col":32,"walk_min":2.0,"bucket":"<5","color":"#2b6cb0","aggregate":true,"node_count":2468,"nearest_station_id":"kr_264","nearest_station_idx":263}},{"type":"Feature","geometry":{"type":"Polygon","coordinates":[[[127.06453,37.30113],[127.08183,37.30113],[127.08183,37.31844],[127.06453,37.31844],[127.06453,37.30113]]]},"properties":{"row":7,"col":28,"walk_min":6.4,"bucket":"5-10","color":"#3aa6a0","aggregate":true,"node_count":3201,"nearest_station_id":"kr_266","nearest_station_idx":265}},{"type":"Feature","geometry":{"type":"Polygon","coordinates":[[[127.02992,37.54339],[127.04722,37.54339],[127.04722,37.5607],[127.02992,37.5607],[127.02992,37.54339]]]},"properties":{"row":21,"col":26,"walk_min":3.1,"bucket":"<5","color":"#2b6cb0","aggregate":true,"node_count":4310,"nearest_station_id":"kr_272","nearest_station_idx":271}},{"type":"Feature","geometry":{"type":"Polygon","coordinates":[[[126.92609,37.49148],[126.94339,37.49148],[126.94339,37.50879],[126.92609,37.50879],[126.92609,37.49148]]]},"properties":{"row":18,"col":20,"walk_min":2.2,"bucket":"<5","color":"#2b6cb0","aggregate":true,"node_count":2459,"nearest_station_id":"kr_299","nearest_station_idx":294}},{"type":"Feature","geometry":{"type":"Polygon","coordinates":[[[127.04722,37.49148],[127.06453,37.49148],[127.06453,37.50879],[127.04722,37.50879],[127.04722,37.49148]]]},"properties":{"row":18,"col":27,"walk_min":2.0,"bucket":"<5","color":"#2b6cb0","aggregate":true,"node_count":1392,"nearest_station_id":"kr_275","nearest_station_idx":279}},{"type":"Feature","geometry":{"type":"Polygon","coordinates":[[[126.75305,37.49148],[126.77035,37.49148],[126.77035,37.50879],[126.75305,37.50879],[126.75305,37.49148]]]},"properties":{"row":18,"col":10,"walk_min":3.1,"bucket":"<5","color":"#2b6cb0","aggregate":true,"node_count":3105,"nearest_station_id":"kr_280","nearest_station_idx":209}},{"type":"Feature","geometry":{"type":"Polygon","coordinates":[[[126.99531,37.43957],[127.01261,37.43957],[127.01261,37.45687],[126.99531,37.45687],[126.99531,37.43957]]]},"properties":{"row":15,"col":24,"walk_min":2.9,"bucket":"<5","color":"#2b6cb0","aggregate":true,"node_count":1174,"nearest_station_id":"kr_281","nearest_station_idx":280}},{"type":"Feature","geometry":{"type":"Polygon","coordinates":[[[126.9607,37.38765],[126.978,37.38765],[126.978,37.40496],[126.9607,37.40496],[126.9607,37.38765]]]},"properties":{"row":12,"col":22,"walk_min":3.8,"bucket":"<5","color":"#2b6cb0","aggregate":true,"node_count":1285,"nearest_station_id":"kr_284","nearest_station_idx":281}},{"type":"Feature","geometry":{"type":"Polygon","coordinates":[[[127.09914,37.47418],[127.11644,37.47418],[127.11644,37.49148],[127.09914,37.49148],[127.09914,37.47418]]]},"properties":{"row":17,"col":30,"walk_min":5.4,"bucket":"5-10","color":"#3aa6a0","aggregate":true,"node_count":1542,"nearest_station_id":"kr_286","nearest_station_idx":286}},{"type":"Feature","geometry":{"type":"Polygon","coordinates":[[[126.71844,37.49148],[126.73574,37.49148],[126.73574,37.50879],[126.71844,37.50879],[126.71844,37.49148]]]},"properties":{"row":18,"col":8,"walk_min":3.0,"bucket":"<5","color":"#2b6cb0","aggregate":true,"node_count":2039,"nearest_station_id":"kr_316","nearest_station_idx":310}},{"type":"Feature","geometry":{"type":"Polygon","coordinates":[[[126.89148,37.47418],[126.90879,37.47418],[126.90879,37.49148],[126.89148,37.49148],[126.89148,37.47418]]]},"properties":{"row":17,"col":18,"walk_min":5.5,"bucket":"5-10","color":"#3aa6a0","aggregate":true,"node_count":1649,"nearest_station_id":"kr_288","nearest_station_idx":285}},{"type":"Feature","geometry":{"type":"Polygon","coordinates":[[[126.90879,37.59531],[126.92609,37.59531],[126.92609,37.61261],[126.90879,37.61261],[126.90879,37.59531]]]},"properties":{"row":24,"col":19,"walk_min":0.8,"bucket":"<5","color":"#2b6cb0","aggregate":true,"node_count":3698,"nearest_station_id":"kr_294","nearest_station_idx":291}},{"type":"Feature","geometry":{"type":"Polygon","coordinates":[[[126.978,37.52609],[126.99531,37.52609],[126.99531,37.54339],[126.978,37.54339],[126.978,37.52609]]]},"properties":{"row":20,"col":23,"walk_min":0.3,"bucket":"<5","color":"#2b6cb0","aggregate":true,"node_count":4079,"nearest_station_id":"kr_295","nearest_station_idx":292}},{"type":"Feature","geometry":{"type":"Polygon","coordinates":[[[127.08183,37.47418],[127.09914,37.47418],[127.09914,37.49148],[127.08183,37.49148],[127.08183,37.47418]]]},"properties":{"row":17,"col":29,"walk_min":4.1,"bucket":"<5","color":"#2b6cb0","aggregate":true,"node_count":1670,"nearest_station_id":"kr_298","nearest_station_idx":311}},{"type":"Feature","geometry":{"type":"Polygon","coordinates":[[[127.20296,37.54339],[127.22027,37.54339],[127.22027,37.5607],[127.20296,37.5607],[127.20296,37.54339]]]},"properties":{"row":21,"col":36,"walk_min":5.9,"bucket":"5-10","color":"#3aa6a0","aggregate":true,"node_count":3704,"nearest_station_id":"kr_301","nearest_station_idx":297}},{"type":"Feature","geometry":{"type":"Polygon","coordinates":[[[127.13374,37.43957],[127.15105,37.43957],[127.15105,37.45687],[127.13374,37.45687],[127.13374,37.43957]]]},"properties":{"row":15,"col":32,"walk_min":4.6,"bucket":"<5","color":"#2b6cb0","aggregate":true,"node_count":1851,"nearest_station_id":"kr_304","nearest_station_idx":300}},{"type":"Feature","geometry":{"type":"Polygon","coordinates":[[[127.08183,37.61261],[127.09914,37.61261],[127.09914,37.62992],[127.08183,37.62992],[127.08183,37.61261]]]},"properties":{"row":25,"col":29,"walk_min":4.6,"bucket":"<5","color":"#2b6cb0","aggregate":true,"node_count":2883,"nearest_station_id":"kr_354","nearest_station_idx":352}},{"type":"Feature","geometry":{"type":"Polygon","coordinates":[[[127.13374,37.49148],[127.15105,37.49148],[127.15105,37.50879],[127.13374,37.50879],[127.13374,37.49148]]]},"properties":{"row":18,"col":32,"walk_min":3.3,"bucket":"<5","color":"#2b6cb0","aggregate":true,"node_count":2577,"nearest_station_id":"kr_306","nearest_station_idx":302}},{"type":"Feature","geometry":{"type":"Polygon","coordinates":[[[127.06453,37.28383],[127.08183,37.28383],[127.08183,37.30113],[127.06453,37.30113],[127.06453,37.28383]]]},"properties":{"row":6,"col":28,"walk_min":7.5,"bucket":"5-10","color":"#3aa6a0","aggregate":true,"node_count":2603,"nearest_station_id":"kr_307","nearest_station_idx":303}},{"type":"Feature","geometry":{"type":"Polygon","coordinates":[[[127.09914,37.66453],[127.11644,37.66453],[127.11644,37.68183],[127.09914,37.68183],[127.09914,37.66453]]]},"properties":{"row":28,"col":30,"walk_min":11.9,"bucket":"10-15","color":"#4caf50","aggregate":true,"node_count":918,"nearest_station_id":"kr_310","nearest_station_idx":306}},{"type":"Feature","geometry":{"type":"Polygon","coordinates":[[[126.73574,37.49148],[126.75305,37.49148],[126.75305,37.50879],[126.73574,37.50879],[126.73574,37.49148]]]},"properties":{"row":18,"col":9,"walk_min":2.6,"bucket":"<5","color":"#2b6cb0","aggregate":true,"node_count":3242,"nearest_station_id":"kr_315","nearest_station_idx":272}},{"type":"Feature","geometry":{"type":"Polygon","coordinates":[[[127.06453,37.49148],[127.08183,37.49148],[127.08183,37.50879],[127.06453,37.50879],[127.06453,37.49148]]]},"properties":{"row":18,"col":28,"walk_min":2.6,"bucket":"<5","color":"#2b6cb0","aggregate":true,"node_count":1031,"nearest_station_id":"kr_322","nearest_station_idx":323}},{"type":"Feature","geometry":{"type":"Polygon","coordinates":[[[126.63191,37.47418],[126.64922,37.47418],[126.64922,37.49148],[126.63191,37.49148],[126.63191,37.47418]]]},"properties":{"row":17,"col":3,"walk_min":10.9,"bucket":"10-15","color":"#4caf50","aggregate":true,"node_count":2846,"nearest_station_id":"kr_330","nearest_station_idx":326}},{"type":"Feature","geometry":{"type":"Polygon","coordinates":[[[127.18566,37.5607],[127.20296,37.5607],[127.20296,37.578],[127.18566,37.578],[127.18566,37.5607]]]},"properties":{"row":22,"col":35,"walk_min":8.5,"bucket":"5-10","color":"#3aa6a0","aggregate":true,"node_count":3536,"nearest_station_id":"kr_331","nearest_station_idx":327}},{"type":"Feature","geometry":{"type":"Polygon","coordinates":[[[126.99531,37.52609],[127.01261,37.52609],[127.01261,37.54339],[126.99531,37.54339],[126.99531,37.52609]]]},"properties":{"row":20,"col":24,"walk_min":4.7,"bucket":"<5","color":"#2b6cb0","aggregate":true,"node_count":2428,"nearest_station_id":"kr_334","nearest_station_idx":329}},{"type":"Feature","geometry":{"type":"Polygon","coordinates":[[[126.90879,37.47418],[126.92609,37.47418],[126.92609,37.49148],[126.90879,37.49148],[126.90879,37.47418]]]},"properties":{"row":17,"col":19,"walk_min":5.6,"bucket":"5-10","color":"#3aa6a0","aggregate":true,"node_count":1983,"nearest_station_id":"kr_336","nearest_station_idx":332}},{"type":"Feature","geometry":{"type":"Polygon","coordinates":[[[126.90879,37.49148],[126.92609,37.49148],[126.92609,37.50879],[126.90879,37.50879],[126.90879,37.49148]]]},"properties":{"row":18,"col":19,"walk_min":0.8,"bucket":"<5","color":"#2b6cb0","aggregate":true,"node_count":2220,"nearest_station_id":"kr_337","nearest_station_idx":333}},{"type":"Feature","geometry":{"type":"Polygon","coordinates":[[[126.90879,37.578],[126.92609,37.578],[126.92609,37.59531],[126.90879,37.59531],[126.90879,37.578]]]},"properties":{"row":23,"col":19,"walk_min":4.3,"bucket":"<5","color":"#2b6cb0","aggregate":true,"node_count":3791,"nearest_station_id":"kr_340","nearest_station_idx":336}},{"type":"Feature","geometry":{"type":"Polygon","coordinates":[[[126.80496,37.5607],[126.82226,37.5607],[126.82226,37.578],[126.80496,37.578],[126.80496,37.5607]]]},"properties":{"row":22,"col":13,"walk_min":0.4,"bucket":"<5","color":"#2b6cb0","aggregate":true,"node_count":1781,"nearest_station_id":"kr_384","nearest_station_idx":381}},{"type":"Feature","geometry":{"type":"Polygon","coordinates":[[[126.82226,37.54339],[126.83957,37.54339],[126.83957,37.5607],[126.82226,37.5607],[126.82226,37.54339]]]},"properties":{"row":21,"col":14,"walk_min":1.8,"bucket":"<5","color":"#2b6cb0","aggregate":true,"node_count":3364,"nearest_station_id":"kr_342","nearest_station_idx":338}},{"type":"Feature","geometry":{"type":"Polygon","coordinates":[[[126.99531,37.47418],[127.01261,37.47418],[127.01261,37.49148],[126.99531,37.49148],[126.99531,37.47418]]]},"properties":{"row":17,"col":24,"walk_min":3.7,"bucket":"<5","color":"#2b6cb0","aggregate":true,"node_count":1330,"nearest_station_id":"kr_344","nearest_station_idx":341}},{"type":"Feature","geometry":{"type":"Polygon","coordinates":[[[126.99531,37.42226],[127.01261,37.42226],[127.01261,37.43957],[126.99531,37.43957],[126.99531,37.42226]]]},"properties":{"row":14,"col":24,"walk_min":3.1,"bucket":"<5","color":"#2b6cb0","aggregate":true,"node_count":1852,"nearest_station_id":"kr_346","nearest_station_idx":342}},{"type":"Feature","geometry":{"type":"Polygon","coordinates":[[[126.75305,37.66453],[126.77035,37.66453],[126.77035,37.68183],[126.75305,37.68183],[126.75305,37.66453]]]},"properties":{"row":28,"col":10,"walk_min":2.8,"bucket":"<5","color":"#2b6cb0","aggregate":true,"node_count":4955,"nearest_station_id":"kr_350","nearest_station_idx":348}},{"type":"Feature","geometry":{"type":"Polygon","coordinates":[[[126.73574,37.33574],[126.75305,37.33574],[126.75305,37.35305],[126.73574,37.35305],[126.73574,37.33574]]]},"properties":{"row":9,"col":9,"walk_min":8.8,"bucket":"5-10","color":"#3aa6a0","aggregate":true,"node_count":1186,"nearest_station_id":"kr_351","nearest_station_idx":349}},{"type":"Feature","geometry":{"type":"Polygon","coordinates":[[[127.13374,37.61261],[127.15105,37.61261],[127.15105,37.62992],[127.13374,37.62992],[127.13374,37.61261]]]},"properties":{"row":25,"col":32,"walk_min":6.7,"bucket":"5-10","color":"#3aa6a0","aggregate":true,"node_count":2003,"nearest_station_id":"kr_352","nearest_station_idx":350}},{"type":"Feature","geometry":{"type":"Polygon","coordinates":[[[127.13374,37.42226],[127.15105,37.42226],[127.15105,37.43957],[127.13374,37.43957],[127.13374,37.42226]]]},"properties":{"row":14,"col":32,"walk_min":6.1,"bucket":"5-10","color":"#3aa6a0","aggregate":true,"node_count":987,"nearest_station_id":"kr_353","nearest_station_idx":351}},{"type":"Feature","geometry":{"type":"Polygon","coordinates":[[[127.04722,37.28383],[127.06453,37.28383],[127.06453,37.30113],[127.04722,37.30113],[127.04722,37.28383]]]},"properties":{"row":6,"col":27,"walk_min":12.4,"bucket":"10-15","color":"#4caf50","aggregate":true,"node_count":2637,"nearest_station_id":"kr_357","nearest_station_idx":355}},{"type":"Feature","geometry":{"type":"Polygon","coordinates":[[[127.20296,37.52609],[127.22027,37.52609],[127.22027,37.54339],[127.20296,37.54339],[127.20296,37.52609]]]},"properties":{"row":20,"col":36,"walk_min":21.4,"bucket":"20-25","color":"#f2a134","aggregate":true,"node_count":2861,"nearest_station_id":"kr_360","nearest_station_idx":358}},{"type":"Feature","geometry":{"type":"Polygon","coordinates":[[[127.18566,37.69914],[127.20296,37.69914],[127.20296,37.71644],[127.18566,37.71644],[127.18566,37.69914]]]},"properties":{"row":30,"col":35,"walk_min":4.4,"bucket":"<5","color":"#2b6cb0","aggregate":true,"node_count":3079,"nearest_station_id":"kr_361","nearest_station_idx":359}},{"type":"Feature","geometry":{"type":"Polygon","coordinates":[[[126.90879,37.33574],[126.92609,37.33574],[126.92609,37.35305],[126.90879,37.35305],[126.90879,37.33574]]]},"properties":{"row":9,"col":19,"walk_min":10.2,"bucket":"10-15","color":"#4caf50","aggregate":true,"node_count":1050,"nearest_station_id":"kr_364","nearest_station_idx":362}},{"type":"Feature","geometry":{"type":"Polygon","coordinates":[[[126.978,37.42226],[126.99531,37.42226],[126.99531,37.43957],[126.978,37.43957],[126.978,37.42226]]]},"properties":{"row":14,"col":23,"walk_min":8.1,"bucket":"5-10","color":"#3aa6a0","aggregate":true,"node_count":2299,"nearest_station_id":"kr_367","nearest_station_idx":364}},{"type":"Feature","geometry":{"type":"Polygon","coordinates":[[[126.94339,37.47418],[126.9607,37.47418],[126.9607,37.49148],[126.94339,37.49148],[126.94339,37.47418]]]},"properties":{"row":17,"col":21,"walk_min":4.2,"bucket":"<5","color":"#2b6cb0","aggregate":true,"node_count":2373,"nearest_station_id":"kr_370","nearest_station_idx":367}},{"type":"Feature","geometry":{"type":"Polygon","coordinates":[[[126.92609,37.47418],[126.94339,37.47418],[126.94339,37.49148],[126.92609,37.49148],[126.92609,37.47418]]]},"properties":{"row":17,"col":20,"walk_min":1.5,"bucket":"<5","color":"#2b6cb0","aggregate":true,"node_count":2730,"nearest_station_id":"kr_375","nearest_station_idx":372}},{"type":"Feature","geometry":{"type":"Polygon","coordinates":[[[126.70113,37.45687],[126.71844,37.45687],[126.71844,37.47418],[126.70113,37.47418],[126.70113,37.45687]]]},"properties":{"row":16,"col":7,"walk_min":9.2,"bucket":"5-10","color":"#3aa6a0","aggregate":true,"node_count":2321,"nearest_station_id":"kr_378","nearest_station_idx":375}},{"type":"Feature","geometry":{"type":"Polygon","coordinates":[[[126.64922,37.45687],[126.66652,37.45687],[126.66652,37.47418],[126.64922,37.47418],[126.64922,37.45687]]]},"properties":{"row":16,"col":4,"walk_min":5.5,"bucket":"5-10","color":"#3aa6a0","aggregate":true,"node_count":3081,"nearest_station_id":"kr_379","nearest_station_idx":376}},{"type":"Feature","geometry":{"type":"Polygon","coordinates":[[[126.85687,37.49148],[126.87418,37.49148],[126.87418,37.50879],[126.85687,37.50879],[126.85687,37.49148]]]},"properties":{"row":18,"col":16,"walk_min":3.7,"bucket":"<5","color":"#2b6cb0","aggregate":true,"node_count":1734,"nearest_station_id":"kr_450","nearest_station_idx":449}},{"type":"Feature","geometry":{"type":"Polygon","coordinates":[[[126.85687,37.54339],[126.87418,37.54339],[126.87418,37.5607],[126.85687,37.5607],[126.85687,37.54339]]]},"properties":{"row":21,"col":16,"walk_min":0.8,"bucket":"<5","color":"#2b6cb0","aggregate":true,"node_count":2104,"nearest_station_id":"kr_385","nearest_station_idx":382}},{"type":"Feature","geometry":{"type":"Polygon","coordinates":[[[127.02992,37.18],[127.04722,37.18],[127.04722,37.1973],[127.02992,37.1973],[127.02992,37.18]]]},"properties":{"row":0,"col":26,"walk_min":6.5,"bucket":"5-10","color":"#3aa6a0","aggregate":true,"node_count":1178,"nearest_station_id":"kr_388","nearest_station_idx":385}},{"type":"Feature","geometry":{"type":"Polygon","coordinates":[[[126.89148,37.42226],[126.90879,37.42226],[126.90879,37.43957],[126.89148,37.43957],[126.89148,37.42226]]]},"properties":{"row":14,"col":18,"walk_min":4.9,"bucket":"<5","color":"#2b6cb0","aggregate":true,"node_count":1248,"nearest_station_id":"kr_392","nearest_station_idx":389}},{"type":"Feature","geometry":{"type":"Polygon","coordinates":[[[127.08183,37.49148],[127.09914,37.49148],[127.09914,37.50879],[127.08183,37.50879],[127.08183,37.49148]]]},"properties":{"row":18,"col":29,"walk_min":1.8,"bucket":"<5","color":"#2b6cb0","aggregate":true,"node_count":1150,"nearest_station_id":"kr_394","nearest_station_idx":391}},{"type":"Feature","geometry":{"type":"Polygon","coordinates":[[[127.02992,37.66453],[127.04722,37.66453],[127.04722,37.68183],[127.02992,37.68183],[127.02992,37.66453]]]},"properties":{"row":28,"col":26,"walk_min":4.4,"bucket":"<5","color":"#2b6cb0","aggregate":true,"node_count":1866,"nearest_station_id":"kr_395","nearest_station_idx":392}},{"type":"Feature","geometry":{"type":"Polygon","coordinates":[[[126.94339,37.50879],[126.9607,37.50879],[126.9607,37.52609],[126.94339,37.52609],[126.94339,37.50879]]]},"properties":{"row":19,"col":21,"walk_min":7.8,"bucket":"5-10","color":"#3aa6a0","aggregate":true,"node_count":951,"nearest_station_id":"kr_399","nearest_station_idx":396}},{"type":"Feature","geometry":{"type":"Polygon","coordinates":[[[126.9607,37.49148],[126.978,37.49148],[126.978,37.50879],[126.9607,37.50879],[126.9607,37.49148]]]},"properties":{"row":18,"col":22,"walk_min":5.6,"bucket":"5-10","color":"#3aa6a0","aggregate":true,"node_count":1505,"nearest_station_id":"kr_003","nearest_station_idx":2}},{"type":"Feature","geometry":{"type":"Polygon","coordinates":[[[126.85687,37.52609],[126.87418,37.52609],[126.87418,37.54339],[126.85687,37.54339],[126.85687,37.52609]]]},"properties":{"row":20,"col":16,"walk_min":7.3,"bucket":"5-10","color":"#3aa6a0","aggregate":true,"node_count":1910,"nearest_station_id":"kr_405","nearest_station_idx":402}},{"type":"Feature","geometry":{"type":"Polygon","coordinates":[[[126.92609,37.61261],[126.94339,37.61261],[126.94339,37.62992],[126.92609,37.62992],[126.92609,37.61261]]]},"properties":{"row":25,"col":20,"walk_min":3.6,"bucket":"<5","color":"#2b6cb0","aggregate":true,"node_count":2799,"nearest_station_id":"kr_409","nearest_station_idx":406}},{"type":"Feature","geometry":{"type":"Polygon","coordinates":[[[126.83957,37.49148],[126.85687,37.49148],[126.85687,37.50879],[126.83957,37.50879],[126.83957,37.49148]]]},"properties":{"row":18,"col":15,"walk_min":8.8,"bucket":"5-10","color":"#3aa6a0","aggregate":true,"node_count":2044,"nearest_station_id":"kr_412","nearest_station_idx":409}},{"type":"Feature","geometry":{"type":"Polygon","coordinates":[[[126.90879,37.40496],[126.92609,37.40496],[126.92609,37.42226],[126.90879,37.42226],[126.90879,37.40496]]]},"properties":{"row":13,"col":19,"walk_min":10.6,"bucket":"10-15","color":"#4caf50","aggregate":true,"node_count":1530,"nearest_station_id":"kr_413","nearest_station_idx":410}},{"type":"Feature","geometry":{"type":"Polygon","coordinates":[[[126.89148,37.30113],[126.90879,37.30113],[126.90879,37.31844],[126.89148,37.31844],[126.89148,37.30113]]]},"properties":{"row":7,"col":18,"walk_min":7.5,"bucket":"5-10","color":"#3aa6a0","aggregate":true,"node_count":689,"nearest_station_id":"kr_415","nearest_station_idx":414}},{"type":"Feature","geometry":{"type":"Polygon","coordinates":[[[127.02992,37.75105],[127.04722,37.75105],[127.04722,37.76835],[127.02992,37.76835],[127.02992,37.75105]]]},"properties":{"row":33,"col":26,"walk_min":3.8,"bucket":"<5","color":"#2b6cb0","aggregate":true,"node_count":2947,"nearest_station_id":"kr_421","nearest_station_idx":420}},{"type":"Feature","geometry":{"type":"Polygon","coordinates":[[[126.90879,37.31844],[126.92609,37.31844],[126.92609,37.33574],[126.90879,37.33574],[126.90879,37.31844]]]},"properties":{"row":8,"col":19,"walk_min":1.0,"bucket":"<5","color":"#2b6cb0","aggregate":true,"node_count":672,"nearest_station_id":"kr_423","nearest_station_idx":422}},{"type":"Feature","geometry":{"type":"Polygon","coordinates":[[[126.73574,37.66453],[126.75305,37.66453],[126.75305,37.68183],[126.73574,37.68183],[126.73574,37.66453]]]},"properties":{"row":28,"col":9,"walk_min":5.0,"bucket":"5-10","color":"#3aa6a0","aggregate":true,"node_count":2885,"nearest_station_id":"kr_424","nearest_station_idx":423}},{"type":"Feature","geometry":{"type":"Polygon","coordinates":[[[126.83957,37.30113],[126.85687,37.30113],[126.85687,37.31844],[126.83957,37.31844],[126.83957,37.30113]]]},"properties":{"row":7,"col":15,"walk_min":3.0,"bucket":"<5","color":"#2b6cb0","aggregate":true,"node_count":2082,"nearest_station_id":"kr_425","nearest_station_idx":424}},{"type":"Feature","geometry":{"type":"Polygon","coordinates":[[[126.75305,37.33574],[126.77035,37.33574],[126.77035,37.35305],[126.75305,37.35305],[126.75305,37.33574]]]},"properties":{"row":9,"col":10,"walk_min":13.9,"bucket":"10-15","color":"#4caf50","aggregate":true,"node_count":634,"nearest_station_id":"kr_427","nearest_station_idx":426}},{"type":"Feature","geometry":{"type":"Polygon","coordinates":[[[126.73574,37.35305],[126.75305,37.35305],[126.75305,37.37035],[126.73574,37.37035],[126.73574,37.35305]]]},"properties":{"row":10,"col":9,"walk_min":4.4,"bucket":"<5","color":"#2b6cb0","aggregate":true,"node_count":681,"nearest_station_id":"kr_428","nearest_station_idx":427}},{"type":"Feature","geometry":{"type":"Polygon","coordinates":[[[126.78765,37.578],[126.80496,37.578],[126.80496,37.59531],[126.78765,37.59531],[126.78765,37.578]]]},"properties":{"row":23,"col":12,"walk_min":15.4,"bucket":"15-20","color":"#c6d92e","aggregate":true,"node_count":1248,"nearest_station_id":"kr_429","nearest_station_idx":428}},{"type":"Feature","geometry":{"type":"Polygon","coordinates":[[[126.90879,37.52609],[126.92609,37.52609],[126.92609,37.54339],[126.90879,37.54339],[126.90879,37.52609]]]},"properties":{"row":20,"col":19,"walk_min":6.4,"bucket":"5-10","color":"#3aa6a0","aggregate":true,"node_count":1690,"nearest_station_id":"kr_431","nearest_station_idx":430}},{"type":"Feature","geometry":{"type":"Polygon","coordinates":[[[127.13374,37.50879],[127.15105,37.50879],[127.15105,37.52609],[127.13374,37.52609],[127.13374,37.50879]]]},"properties":{"row":19,"col":32,"walk_min":5.7,"bucket":"5-10","color":"#3aa6a0","aggregate":true,"node_count":1263,"nearest_station_id":"kr_436","nearest_station_idx":435}},{"type":"Feature","geometry":{"type":"Polygon","coordinates":[[[127.11644,37.62992],[127.13374,37.62992],[127.13374,37.64722],[127.11644,37.64722],[127.11644,37.62992]]]},"properties":{"row":26,"col":31,"walk_min":10.3,"bucket":"10-15","color":"#4caf50","aggregate":true,"node_count":1107,"nearest_station_id":"kr_438","nearest_station_idx":437}},{"type":"Feature","geometry":{"type":"Polygon","coordinates":[[[127.11644,37.42226],[127.13374,37.42226],[127.13374,37.43957],[127.11644,37.43957],[127.11644,37.42226]]]},"properties":{"row":14,"col":31,"walk_min":17.2,"bucket":"15-20","color":"#c6d92e","aggregate":true,"node_count":1471,"nearest_station_id":"kr_439","nearest_station_idx":438}},{"type":"Feature","geometry":{"type":"Polygon","coordinates":[[[127.15105,37.49148],[127.16835,37.49148],[127.16835,37.50879],[127.15105,37.50879],[127.15105,37.49148]]]},"properties":{"row":18,"col":33,"walk_min":7.8,"bucket":"5-10","color":"#3aa6a0","aggregate":true,"node_count":2023,"nearest_station_id":"kr_440","nearest_station_idx":439}},{"type":"Feature","geometry":{"type":"Polygon","coordinates":[[[126.87418,37.40496],[126.89148,37.40496],[126.89148,37.42226],[126.87418,37.42226],[126.87418,37.40496]]]},"properties":{"row":13,"col":17,"walk_min":3.2,"bucket":"<5","color":"#2b6cb0","aggregate":true,"node_count":744,"nearest_station_id":"kr_442","nearest_station_idx":441}},{"type":"Feature","geometry":{"type":"Polygon","coordinates":[[[126.87418,37.45687],[126.89148,37.45687],[126.89148,37.47418],[126.87418,37.47418],[126.87418,37.45687]]]},"properties":{"row":16,"col":17,"walk_min":7.2,"bucket":"5-10","color":"#3aa6a0","aggregate":true,"node_count":1273,"nearest_station_id":"kr_443","nearest_station_idx":442}},{"type":"Feature","geometry":{"type":"Polygon","coordinates":[[[127.02992,37.30113],[127.04722,37.30113],[127.04722,37.31844],[127.02992,37.31844],[127.02992,37.30113]]]},"properties":{"row":7,"col":26,"walk_min":37.8,"bucket":">30","color":"#a01818","aggregate":true,"node_count":1299,"nearest_station_id":"kr_444","nearest_station_idx":443}},{"type":"Feature","geometry":{"type":"Polygon","coordinates":[[[127.04722,37.80296],[127.06453,37.80296],[127.06453,37.82027],[127.04722,37.82027],[127.04722,37.80296]]]},"properties":{"row":36,"col":27,"walk_min":5.8,"bucket":"5-10","color":"#3aa6a0","aggregate":true,"node_count":804,"nearest_station_id":"kr_447","nearest_station_idx":446}},{"type":"Feature","geometry":{"type":"Polygon","coordinates":[[[127.02992,37.69914],[127.04722,37.69914],[127.04722,37.71644],[127.02992,37.71644],[127.02992,37.69914]]]},"properties":{"row":30,"col":26,"walk_min":7.5,"bucket":"5-10","color":"#3aa6a0","aggregate":true,"node_count":1912,"nearest_station_id":"kr_449","nearest_station_idx":448}},{"type":"Feature","geometry":{"type":"Polygon","coordinates":[[[126.78765,37.47418],[126.80496,37.47418],[126.80496,37.49148],[126.78765,37.49148],[126.78765,37.47418]]]},"properties":{"row":17,"col":12,"walk_min":1.8,"bucket":"<5","color":"#2b6cb0","aggregate":true,"node_count":1610,"nearest_station_id":"kr_451","nearest_station_idx":450}},{"type":"Feature","geometry":{"type":"Polygon","coordinates":[[[126.70113,37.47418],[126.71844,37.47418],[126.71844,37.49148],[126.70113,37.49148],[126.70113,37.47418]]]},"properties":{"row":17,"col":7,"walk_min":3.0,"bucket":"<5","color":"#2b6cb0","aggregate":true,"node_count":2472,"nearest_station_id":"kr_454","nearest_station_idx":453}},{"type":"Feature","geometry":{"type":"Polygon","coordinates":[[[126.68383,37.45687],[126.70113,37.45687],[126.70113,37.47418],[126.68383,37.47418],[126.68383,37.45687]]]},"properties":{"row":16,"col":6,"walk_min":3.1,"bucket":"<5","color":"#2b6cb0","aggregate":true,"node_count":1042,"nearest_station_id":"kr_455","nearest_station_idx":454}},{"type":"Feature","geometry":{"type":"Polygon","coordinates":[[[126.63191,37.45687],[126.64922,37.45687],[126.64922,37.47418],[126.63191,37.47418],[126.63191,37.45687]]]},"properties":{"row":16,"col":3,"walk_min":3.7,"bucket":"<5","color":"#2b6cb0","aggregate":true,"node_count":1977,"nearest_station_id":"kr_457","nearest_station_idx":456}},{"type":"Feature","geometry":{"type":"Polygon","coordinates":[[[126.61461,37.47418],[126.63191,37.47418],[126.63191,37.49148],[126.61461,37.49148],[126.61461,37.47418]]]},"properties":{"row":17,"col":2,"walk_min":7.5,"bucket":"5-10","color":"#3aa6a0","aggregate":true,"node_count":2151,"nearest_station_id":"kr_458","nearest_station_idx":457}},{"type":"Feature","geometry":{"type":"Polygon","coordinates":[[[126.92609,37.37035],[126.94339,37.37035],[126.94339,37.38765],[126.92609,37.38765],[126.92609,37.37035]]]},"properties":{"row":11,"col":20,"walk_min":6.1,"bucket":"5-10","color":"#3aa6a0","aggregate":true,"node_count":1453,"nearest_station_id":"kr_459","nearest_station_idx":458}},{"type":"Feature","geometry":{"type":"Polygon","coordinates":[[[126.94339,37.33574],[126.9607,37.33574],[126.9607,37.35305],[126.94339,37.35305],[126.94339,37.33574]]]},"properties":{"row":9,"col":21,"walk_min":10.1,"bucket":"10-15","color":"#4caf50","aggregate":true,"node_count":1529,"nearest_station_id":"kr_460","nearest_station_idx":459}},{"type":"Feature","geometry":{"type":"Polygon","coordinates":[[[126.978,37.28383],[126.99531,37.28383],[126.99531,37.30113],[126.978,37.30113],[126.978,37.28383]]]},"properties":{"row":6,"col":23,"walk_min":7.9,"bucket":"5-10","color":"#3aa6a0","aggregate":true,"node_count":2112,"nearest_station_id":"kr_461","nearest_station_idx":460}},{"type":"Feature","geometry":{"type":"Polygon","coordinates":[[[127.01261,37.23191],[127.02992,37.23191],[127.02992,37.24922],[127.01261,37.24922],[127.01261,37.23191]]]},"properties":{"row":3,"col":25,"walk_min":6.8,"bucket":"5-10","color":"#3aa6a0","aggregate":true,"node_count":827,"nearest_station_id":"kr_462","nearest_station_idx":461}},{"type":"Feature","geometry":{"type":"Polygon","coordinates":[[[127.04722,37.18],[127.06453,37.18],[127.06453,37.1973],[127.04722,37.1973],[127.04722,37.18]]]},"properties":{"row":0,"col":27,"walk_min":8.6,"bucket":"5-10","color":"#3aa6a0","aggregate":true,"node_count":1117,"nearest_station_id":"kr_466","nearest_station_idx":465}},{"type":"Feature","geometry":{"type":"Polygon","coordinates":[[[127.04722,37.69914],[127.06453,37.69914],[127.06453,37.71644],[127.04722,37.71644],[127.04722,37.69914]]]},"properties":{"row":30,"col":27,"walk_min":4.9,"bucket":"<5","color":"#2b6cb0","aggregate":true,"node_count":1433,"nearest_station_id":"kr_449","nearest_station_idx":448}},{"type":"Feature","geometry":{"type":"Polygon","coordinates":[[[127.09914,37.61261],[127.11644,37.61261],[127.11644,37.62992],[127.09914,37.62992],[127.09914,37.61261]]]},"properties":{"row":25,"col":30,"walk_min":19.8,"bucket":"15-20","color":"#c6d92e","aggregate":true,"node_count":1670,"nearest_station_id":"kr_468","nearest_station_idx":467}},{"type":"Feature","geometry":{"type":"Polygon","coordinates":[[[127.20296,37.71644],[127.22027,37.71644],[127.22027,37.73374],[127.20296,37.73374],[127.20296,37.71644]]]},"properties":{"row":31,"col":36,"walk_min":9.6,"bucket":"5-10","color":"#3aa6a0","aggregate":true,"node_count":2563,"nearest_station_id":"kr_470","nearest_station_idx":469}},{"type":"Feature","geometry":{"type":"Polygon","coordinates":[[[126.70113,37.50879],[126.71844,37.50879],[126.71844,37.52609],[126.70113,37.52609],[126.70113,37.50879]]]},"properties":{"row":19,"col":7,"walk_min":9.9,"bucket":"5-10","color":"#3aa6a0","aggregate":true,"node_count":621,"nearest_station_id":"kr_258","nearest_station_idx":412}},{"type":"Feature","geometry":{"type":"Polygon","coordinates":[[[126.80496,37.578],[126.82226,37.578],[126.82226,37.59531],[126.80496,37.59531],[126.80496,37.578]]]},"properties":{"row":23,"col":13,"walk_min":7.4,"bucket":"5-10","color":"#3aa6a0","aggregate":true,"node_count":636,"nearest_station_id":"kr_441","nearest_station_idx":440}},{"type":"Feature","geometry":{"type":"Polygon","coordinates":[[[127.11644,37.66453],[127.13374,37.66453],[127.13374,37.68183],[127.11644,37.68183],[127.11644,37.66453]]]},"properties":{"row":28,"col":31,"walk_min":12.4,"bucket":"10-15","color":"#4caf50","aggregate":true,"node_count":729,"nearest_station_id":"kr_310","nearest_station_idx":306}},{"type":"Feature","geometry":{"type":"Polygon","coordinates":[[[126.92609,37.33574],[126.94339,37.33574],[126.94339,37.35305],[126.92609,37.35305],[126.92609,37.33574]]]},"properties":{"row":9,"col":20,"walk_min":8.8,"bucket":"5-10","color":"#3aa6a0","aggregate":true,"node_count":1235,"nearest_station_id":"kr_364","nearest_station_idx":362}},{"type":"Feature","geometry":{"type":"Polygon","coordinates":[[[126.89148,37.40496],[126.90879,37.40496],[126.90879,37.42226],[126.89148,37.42226],[126.89148,37.40496]]]},"properties":{"row":13,"col":18,"walk_min":12.8,"bucket":"10-15","color":"#4caf50","aggregate":true,"node_count":830,"nearest_station_id":"kr_413","nearest_station_idx":410}},{"type":"Feature","geometry":{"type":"Polygon","coordinates":[[[126.978,37.26652],[126.99531,37.26652],[126.99531,37.28383],[126.978,37.28383],[126.978,37.26652]]]},"properties":{"row":5,"col":23,"walk_min":8.8,"bucket":"5-10","color":"#3aa6a0","aggregate":true,"node_count":1250,"nearest_station_id":"kr_461","nearest_station_idx":460}},{"type":"Feature","geometry":{"type":"Polygon","coordinates":[[[127.06453,37.47418],[127.08183,37.47418],[127.08183,37.49148],[127.06453,37.49148],[127.06453,37.47418]]]},"properties":{"row":17,"col":28,"walk_min":8.1,"bucket":"5-10","color":"#3aa6a0","aggregate":true,"node_count":1162,"nearest_station_id":"kr_298","nearest_station_idx":311}},{"type":"Feature","geometry":{"type":"Polygon","coordinates":[[[126.87418,37.52609],[126.89148,37.52609],[126.89148,37.54339],[126.87418,37.54339],[126.87418,37.52609]]]},"properties":{"row":20,"col":17,"walk_min":1.9,"bucket":"<5","color":"#2b6cb0","aggregate":true,"node_count":2210,"nearest_station_id":"kr_387","nearest_station_idx":384}},{"type":"Feature","geometry":{"type":"Polygon","coordinates":[[[126.77035,37.62992],[126.78765,37.62992],[126.78765,37.64722],[126.77035,37.64722],[126.77035,37.62992]]]},"properties":{"row":26,"col":11,"walk_min":8.8,"bucket":"5-10","color":"#3aa6a0","aggregate":true,"node_count":1292,"nearest_station_id":"kr_228","nearest_station_idx":229}},{"type":"Feature","geometry":{"type":"Polygon","coordinates":[[[127.04722,37.71644],[127.06453,37.71644],[127.06453,37.73374],[127.04722,37.73374],[127.04722,37.71644]]]},"properties":{"row":31,"col":27,"walk_min":7.4,"bucket":"5-10","color":"#3aa6a0","aggregate":true,"node_count":2210,"nearest_station_id":"kr_062","nearest_station_idx":61}},{"type":"Feature","geometry":{"type":"Polygon","coordinates":[[[127.18566,37.71644],[127.20296,37.71644],[127.20296,37.73374],[127.18566,37.73374],[127.18566,37.71644]]]},"properties":{"row":31,"col":35,"walk_min":9.7,"bucket":"5-10","color":"#3aa6a0","aggregate":true,"node_count":3030,"nearest_station_id":"kr_470","nearest_station_idx":469}},{"type":"Feature","geometry":{"type":"Polygon","coordinates":[[[127.18566,37.40496],[127.20296,37.40496],[127.20296,37.42226],[127.18566,37.42226],[127.18566,37.40496]]]},"properties":{"row":13,"col":35,"walk_min":10.9,"bucket":"10-15","color":"#4caf50","aggregate":true,"node_count":664,"nearest_station_id":"kr_236","nearest_station_idx":238}},{"type":"Feature","geometry":{"type":"Polygon","coordinates":[[[126.92609,37.578],[126.94339,37.578],[126.94339,37.59531],[126.92609,37.59531],[126.92609,37.578]]]},"properties":{"row":23,"col":20,"walk_min":8.1,"bucket":"5-10","color":"#3aa6a0","aggregate":true,"node_count":4445,"nearest_station_id":"kr_110","nearest_station_idx":109}},{"type":"Feature","geometry":{"type":"Polygon","coordinates":[[[127.04722,37.52609],[127.06453,37.52609],[127.06453,37.54339],[127.04722,37.54339],[127.04722,37.52609]]]},"properties":{"row":20,"col":27,"walk_min":4.9,"bucket":"<5","color":"#2b6cb0","aggregate":true,"node_count":1243,"nearest_station_id":"kr_181","nearest_station_idx":184}},{"type":"Feature","geometry":{"type":"Polygon","coordinates":[[[126.89148,37.578],[126.90879,37.578],[126.90879,37.59531],[126.89148,37.59531],[126.89148,37.578]]]},"properties":{"row":23,"col":18,"walk_min":7.5,"bucket":"5-10","color":"#3aa6a0","aggregate":true,"node_count":3431,"nearest_station_id":"kr_339","nearest_station_idx":335}},{"type":"Feature","geometry":{"type":"Polygon","coordinates":[[[127.15105,37.61261],[127.16835,37.61261],[127.16835,37.62992],[127.15105,37.62992],[127.15105,37.61261]]]},"properties":{"row":25,"col":33,"walk_min":8.8,"bucket":"5-10","color":"#3aa6a0","aggregate":true,"node_count":2827,"nearest_station_id":"kr_352","nearest_station_idx":350}},{"type":"Feature","geometry":{"type":"Polygon","coordinates":[[[126.87418,37.64722],[126.89148,37.64722],[126.89148,37.66453],[126.87418,37.66453],[126.87418,37.64722]]]},"properties":{"row":27,"col":17,"walk_min":6.0,"bucket":"5-10","color":"#3aa6a0","aggregate":true,"node_count":2407,"nearest_station_id":"kr_126","nearest_station_idx":126}},{"type":"Feature","geometry":{"type":"Polygon","coordinates":[[[126.78765,37.54339],[126.80496,37.54339],[126.80496,37.5607],[126.78765,37.5607],[126.78765,37.54339]]]},"properties":{"row":21,"col":12,"walk_min":30.2,"bucket":">30","color":"#a01818","aggregate":true,"node_count":885,"nearest_station_id":"kr_189","nearest_station_idx":191}},{"type":"Feature","geometry":{"type":"Polygon","coordinates":[[[127.04722,37.68183],[127.06453,37.68183],[127.06453,37.69914],[127.04722,37.69914],[127.04722,37.68183]]]},"properties":{"row":29,"col":27,"walk_min":4.6,"bucket":"<5","color":"#2b6cb0","aggregate":true,"node_count":1315,"nearest_station_id":"kr_044","nearest_station_idx":41}},{"type":"Feature","geometry":{"type":"Polygon","coordinates":[[[126.82226,37.52609],[126.83957,37.52609],[126.83957,37.54339],[126.82226,37.54339],[126.82226,37.52609]]]},"properties":{"row":20,"col":14,"walk_min":10.3,"bucket":"10-15","color":"#4caf50","aggregate":true,"node_count":2073,"nearest_station_id":"kr_297","nearest_station_idx":293}},{"type":"Feature","geometry":{"type":"Polygon","coordinates":[[[126.83957,37.54339],[126.85687,37.54339],[126.85687,37.5607],[126.83957,37.5607],[126.83957,37.54339]]]},"properties":{"row":21,"col":15,"walk_min":5.3,"bucket":"5-10","color":"#3aa6a0","aggregate":true,"node_count":2383,"nearest_station_id":"kr_342","nearest_station_idx":338}},{"type":"Feature","geometry":{"type":"Polygon","coordinates":[[[126.9607,37.30113],[126.978,37.30113],[126.978,37.31844],[126.9607,37.31844],[126.9607,37.30113]]]},"properties":{"row":7,"col":22,"walk_min":8.7,"bucket":"5-10","color":"#3aa6a0","aggregate":true,"node_count":969,"nearest_station_id":"kr_086","nearest_station_idx":84}},{"type":"Feature","geometry":{"type":"Polygon","coordinates":[[[126.77035,37.31844],[126.78765,37.31844],[126.78765,37.33574],[126.77035,37.33574],[126.77035,37.31844]]]},"properties":{"row":8,"col":11,"walk_min":7.4,"bucket":"5-10","color":"#3aa6a0","aggregate":true,"node_count":543,"nearest_station_id":"kr_263","nearest_station_idx":262}},{"type":"Feature","geometry":{"type":"Polygon","coordinates":[[[126.89148,37.45687],[126.90879,37.45687],[126.90879,37.47418],[126.89148,37.47418],[126.89148,37.45687]]]},"properties":{"row":16,"col":18,"walk_min":8.8,"bucket":"5-10","color":"#3aa6a0","aggregate":true,"node_count":1528,"nearest_station_id":"kr_443","nearest_station_idx":442}},{"type":"Feature","geometry":{"type":"Polygon","coordinates":[[[127.02992,37.62992],[127.04722,37.62992],[127.04722,37.64722],[127.02992,37.64722],[127.02992,37.62992]]]},"properties":{"row":26,"col":26,"walk_min":7.5,"bucket":"5-10","color":"#3aa6a0","aggregate":true,"node_count":2678,"nearest_station_id":"kr_116","nearest_station_idx":115}},{"type":"Feature","geometry":{"type":"Polygon","coordinates":[[[127.02992,37.52609],[127.04722,37.52609],[127.04722,37.54339],[127.02992,37.54339],[127.02992,37.52609]]]},"properties":{"row":20,"col":26,"walk_min":9.2,"bucket":"5-10","color":"#3aa6a0","aggregate":true,"node_count":1058,"nearest_station_id":"kr_138","nearest_station_idx":142}},{"type":"Feature","geometry":{"type":"Polygon","coordinates":[[[126.978,37.578],[126.99531,37.578],[126.99531,37.59531],[126.978,37.59531],[126.978,37.578]]]},"properties":{"row":23,"col":23,"walk_min":7.8,"bucket":"5-10","color":"#3aa6a0","aggregate":true,"node_count":4027,"nearest_station_id":"kr_022","nearest_station_idx":22}},{"type":"Feature","geometry":{"type":"Polygon","coordinates":[[[126.89148,37.54339],[126.90879,37.54339],[126.90879,37.5607],[126.89148,37.5607],[126.89148,37.54339]]]},"properties":{"row":21,"col":18,"walk_min":8.1,"bucket":"5-10","color":"#3aa6a0","aggregate":true,"node_count":1306,"nearest_station_id":"kr_240","nearest_station_idx":242}},{"type":"Feature","geometry":{"type":"Polygon","coordinates":[[[126.85687,37.28383],[126.87418,37.28383],[126.87418,37.30113],[126.85687,37.30113],[126.85687,37.28383]]]},"properties":{"row":6,"col":16,"walk_min":9.4,"bucket":"5-10","color":"#3aa6a0","aggregate":true,"node_count":1529,"nearest_station_id":"kr_114","nearest_station_idx":113}},{"type":"Feature","geometry":{"type":"Polygon","coordinates":[[[127.06453,37.578],[127.08183,37.578],[127.08183,37.59531],[127.06453,37.59531],[127.06453,37.578]]]},"properties":{"row":23,"col":28,"walk_min":7.7,"bucket":"5-10","color":"#3aa6a0","aggregate":true,"node_count":6548,"nearest_station_id":"kr_124","nearest_station_idx":124}},{"type":"Feature","geometry":{"type":"Polygon","coordinates":[[[127.08183,37.30113],[127.09914,37.30113],[127.09914,37.31844],[127.08183,37.31844],[127.08183,37.30113]]]},"properties":{"row":7,"col":29,"walk_min":8.8,"bucket":"5-10","color":"#3aa6a0","aggregate":true,"node_count":2690,"nearest_station_id":"kr_266","nearest_station_idx":265}},{"type":"Feature","geometry":{"type":"Polygon","coordinates":[[[127.18566,37.54339],[127.20296,37.54339],[127.20296,37.5607],[127.18566,37.5607],[127.18566,37.54339]]]},"properties":{"row":21,"col":35,"walk_min":7.2,"bucket":"5-10","color":"#3aa6a0","aggregate":true,"node_count":3843,"nearest_station_id":"kr_301","nearest_station_idx":297}},{"type":"Feature","geometry":{"type":"Polygon","coordinates":[[[126.71844,37.50879],[126.73574,37.50879],[126.73574,37.52609],[126.71844,37.52609],[126.71844,37.50879]]]},"properties":{"row":19,"col":8,"walk_min":9.0,"bucket":"5-10","color":"#3aa6a0","aggregate":true,"node_count":2080,"nearest_station_id":"kr_316","nearest_station_idx":310}},{"type":"Feature","geometry":{"type":"Polygon","coordinates":[[[127.04722,37.1973],[127.06453,37.1973],[127.06453,37.21461],[127.04722,37.21461],[127.04722,37.1973]]]},"properties":{"row":1,"col":27,"walk_min":11.8,"bucket":"10-15","color":"#4caf50","aggregate":true,"node_count":1409,"nearest_station_id":"kr_466","nearest_station_idx":465}},{"type":"Feature","geometry":{"type":"Polygon","coordinates":[[[126.80496,37.50879],[126.82226,37.50879],[126.82226,37.52609],[126.80496,37.52609],[126.80496,37.50879]]]},"properties":{"row":19,"col":13,"walk_min":12.4,"bucket":"10-15","color":"#4caf50","aggregate":true,"node_count":841,"nearest_station_id":"kr_177","nearest_station_idx":119}},{"type":"Feature","geometry":{"type":"Polygon","coordinates":[[[126.85687,37.5607],[126.87418,37.5607],[126.87418,37.578],[126.85687,37.578],[126.85687,37.5607]]]},"properties":{"row":22,"col":16,"walk_min":30.6,"bucket":">30","color":"#a01818","aggregate":true,"node_count":611,"nearest_station_id":"kr_102","nearest_station_idx":101}},{"type":"Feature","geometry":{"type":"Polygon","coordinates":[[[126.61461,37.45687],[126.63191,37.45687],[126.63191,37.47418],[126.61461,37.47418],[126.61461,37.45687]]]},"properties":{"row":16,"col":2,"walk_min":15.5,"bucket":"15-20","color":"#c6d92e","aggregate":true,"node_count":1347,"nearest_station_id":"kr_330","nearest_station_idx":326}},{"type":"Feature","geometry":{"type":"Polygon","coordinates":[[[127.13374,37.47418],[127.15105,37.47418],[127.15105,37.49148],[127.13374,37.49148],[127.13374,37.47418]]]},"properties":{"row":17,"col":32,"walk_min":11.9,"bucket":"10-15","color":"#4caf50","aggregate":true,"node_count":6184,"nearest_station_id":"kr_355","nearest_station_idx":353}},{"type":"Feature","geometry":{"type":"Polygon","coordinates":[[[127.04722,37.82027],[127.06453,37.82027],[127.06453,37.82892],[127.04722,37.82892],[127.04722,37.82027]]]},"properties":{"row":37,"col":27,"walk_min":5.7,"bucket":"5-10","color":"#3aa6a0","aggregate":true,"node_count":29,"nearest_station_id":"kr_447","nearest_station_idx":446}},{"type":"Feature","geometry":{"type":"Polygon","coordinates":[[[126.75305,37.64722],[126.77035,37.64722],[126.77035,37.66453],[126.75305,37.66453],[126.75305,37.64722]]]},"properties":{"row":27,"col":10,"walk_min":11.4,"bucket":"10-15","color":"#4caf50","aggregate":true,"node_count":2699,"nearest_station_id":"kr_302","nearest_station_idx":298}},{"type":"Feature","geometry":{"type":"Polygon","coordinates":[[[126.68383,37.50879],[126.70113,37.50879],[126.70113,37.52609],[126.68383,37.52609],[126.68383,37.50879]]]},"properties":{"row":19,"col":6,"walk_min":15.1,"bucket":"15-20","color":"#c6d92e","aggregate":true,"node_count":1895,"nearest_station_id":"kr_258","nearest_station_idx":412}},{"type":"Feature","geometry":{"type":"Polygon","coordinates":[[[127.04722,37.76835],[127.06453,37.76835],[127.06453,37.78566],[127.04722,37.78566],[127.04722,37.76835]]]},"properties":{"row":34,"col":27,"walk_min":11.0,"bucket":"10-15","color":"#4caf50","aggregate":true,"node_count":1177,"nearest_station_id":"kr_092","nearest_station_idx":91}},{"type":"Feature","geometry":{"type":"Polygon","coordinates":[[[126.82226,37.64722],[126.83957,37.64722],[126.83957,37.66453],[126.82226,37.66453],[126.82226,37.64722]]]},"properties":{"row":27,"col":14,"walk_min":10.1,"bucket":"10-15","color":"#4caf50","aggregate":true,"node_count":1810,"nearest_station_id":"kr_145","nearest_station_idx":147}},{"type":"Feature","geometry":{"type":"Polygon","coordinates":[[[126.99531,37.23191],[127.01261,37.23191],[127.01261,37.24922],[126.99531,37.24922],[126.99531,37.23191]]]},"properties":{"row":3,"col":24,"walk_min":23.2,"bucket":"20-25","color":"#f2a134","aggregate":true,"node_count":354,"nearest_station_id":"kr_462","nearest_station_idx":461}},{"type":"Feature","geometry":{"type":"Polygon","coordinates":[[[126.9607,37.578],[126.978,37.578],[126.978,37.59531],[126.9607,37.59531],[126.9607,37.578]]]},"properties":{"row":23,"col":22,"walk_min":12.1,"bucket":"10-15","color":"#4caf50","aggregate":true,"node_count":4008,"nearest_station_id":"kr_058","nearest_station_idx":57}},{"type":"Feature","geometry":{"type":"Polygon","coordinates":[[[126.73574,37.50879],[126.75305,37.50879],[126.75305,37.52609],[126.73574,37.52609],[126.73574,37.50879]]]},"properties":{"row":19,"col":9,"walk_min":11.0,"bucket":"10-15","color":"#4caf50","aggregate":true,"node_count":2429,"nearest_station_id":"kr_315","nearest_station_idx":272}},{"type":"Feature","geometry":{"type":"Polygon","coordinates":[[[127.08183,37.66453],[127.09914,37.66453],[127.09914,37.68183],[127.08183,37.68183],[127.08183,37.66453]]]},"properties":{"row":28,"col":29,"walk_min":10.4,"bucket":"10-15","color":"#4caf50","aggregate":true,"node_count":1526,"nearest_station_id":"kr_262","nearest_station_idx":261}},{"type":"Feature","geometry":{"type":"Polygon","coordinates":[[[126.978,37.38765],[126.99531,37.38765],[126.99531,37.40496],[126.978,37.40496],[126.978,37.38765]]]},"properties":{"row":12,"col":23,"walk_min":14.5,"bucket":"10-15","color":"#4caf50","aggregate":true,"node_count":685,"nearest_station_id":"kr_325","nearest_station_idx":319}},{"type":"Feature","geometry":{"type":"Polygon","coordinates":[[[126.85687,37.45687],[126.87418,37.45687],[126.87418,37.47418],[126.85687,37.47418],[126.85687,37.45687]]]},"properties":{"row":16,"col":16,"walk_min":11.4,"bucket":"10-15","color":"#4caf50","aggregate":true,"node_count":2392,"nearest_station_id":"kr_256","nearest_station_idx":255}},{"type":"Feature","geometry":{"type":"Polygon","coordinates":[[[127.09914,37.31844],[127.11644,37.31844],[127.11644,37.33574],[127.09914,37.33574],[127.09914,37.31844]]]},"properties":{"row":8,"col":30,"walk_min":13.9,"bucket":"10-15","color":"#4caf50","aggregate":true,"node_count":2441,"nearest_station_id":"kr_233","nearest_station_idx":234}},{"type":"Feature","geometry":{"type":"Polygon","coordinates":[[[126.75305,37.50879],[126.77035,37.50879],[126.77035,37.52609],[126.75305,37.52609],[126.75305,37.50879]]]},"properties":{"row":19,"col":10,"walk_min":12.9,"bucket":"10-15","color":"#4caf50","aggregate":true,"node_count":1377,"nearest_station_id":"kr_280","nearest_station_idx":209}},{"type":"Feature","geometry":{"type":"Polygon","coordinates":[[[127.09914,37.52609],[127.11644,37.52609],[127.11644,37.54339],[127.09914,37.54339],[127.09914,37.52609]]]},"properties":{"row":20,"col":30,"walk_min":11.4,"bucket":"10-15","color":"#4caf50","aggregate":true,"node_count":995,"nearest_station_id":"kr_196","nearest_station_idx":198}},{"type":"Feature","geometry":{"type":"Polygon","coordinates":[[[127.09914,37.37035],[127.11644,37.37035],[127.11644,37.38765],[127.09914,37.38765],[127.09914,37.37035]]]},"properties":{"row":11,"col":30,"walk_min":13.5,"bucket":"10-15","color":"#4caf50","aggregate":true,"node_count":1900,"nearest_station_id":"kr_148","nearest_station_idx":150}},{"type":"Feature","geometry":{"type":"Polygon","coordinates":[[[127.11644,37.64722],[127.13374,37.64722],[127.13374,37.66453],[127.11644,37.66453],[127.11644,37.64722]]]},"properties":{"row":27,"col":31,"walk_min":9.4,"bucket":"5-10","color":"#3aa6a0","aggregate":true,"node_count":2333,"nearest_station_id":"kr_438","nearest_station_idx":437}},{"type":"Feature","geometry":{"type":"Polygon","coordinates":[[[126.90879,37.35305],[126.92609,37.35305],[126.92609,37.37035],[126.90879,37.37035],[126.90879,37.35305]]]},"properties":{"row":10,"col":19,"walk_min":16.2,"bucket":"15-20","color":"#c6d92e","aggregate":true,"node_count":1547,"nearest_station_id":"kr_364","nearest_station_idx":362}},{"type":"Feature","geometry":{"type":"Polygon","coordinates":[[[127.08183,37.33574],[127.09914,37.33574],[127.09914,37.35305],[127.08183,37.35305],[127.08183,37.33574]]]},"properties":{"row":9,"col":29,"walk_min":14.3,"bucket":"10-15","color":"#4caf50","aggregate":true,"node_count":1345,"nearest_station_id":"kr_202","nearest_station_idx":204}},{"type":"Feature","geometry":{"type":"Polygon","coordinates":[[[126.68383,37.49148],[126.70113,37.49148],[126.70113,37.50879],[126.68383,37.50879],[126.68383,37.49148]]]},"properties":{"row":18,"col":6,"walk_min":16.4,"bucket":"15-20","color":"#c6d92e","aggregate":true,"node_count":1862,"nearest_station_id":"kr_258","nearest_station_idx":412}},{"type":"Feature","geometry":{"type":"Polygon","coordinates":[[[127.11644,37.578],[127.13374,37.578],[127.13374,37.59531],[127.11644,37.59531],[127.11644,37.578]]]},"properties":{"row":23,"col":31,"walk_min":16.8,"bucket":"15-20","color":"#c6d92e","aggregate":true,"node_count":2406,"nearest_station_id":"kr_231","nearest_station_idx":232}},{"type":"Feature","geometry":{"type":"Polygon","coordinates":[[[126.71844,37.35305],[126.73574,37.35305],[126.73574,37.37035],[126.71844,37.37035],[126.71844,37.35305]]]},"properties":{"row":10,"col":8,"walk_min":11.4,"bucket":"10-15","color":"#4caf50","aggregate":true,"node_count":1613,"nearest_station_id":"kr_428","nearest_station_idx":427}},{"type":"Feature","geometry":{"type":"Polygon","coordinates":[[[127.09914,37.59531],[127.11644,37.59531],[127.11644,37.61261],[127.09914,37.61261],[127.09914,37.59531]]]},"properties":{"row":24,"col":30,"walk_min":15.4,"bucket":"15-20","color":"#c6d92e","aggregate":true,"node_count":4314,"nearest_station_id":"kr_468","nearest_station_idx":467}},{"type":"Feature","geometry":{"type":"Polygon","coordinates":[[[126.9607,37.45687],[126.978,37.45687],[126.978,37.47418],[126.9607,37.47418],[126.9607,37.45687]]]},"properties":{"row":16,"col":22,"walk_min":14.0,"bucket":"10-15","color":"#4caf50","aggregate":true,"node_count":2052,"nearest_station_id":"kr_319","nearest_station_idx":315}},{"type":"Feature","geometry":{"type":"Polygon","coordinates":[[[127.04722,37.73374],[127.06453,37.73374],[127.06453,37.75105],[127.04722,37.75105],[127.04722,37.73374]]]},"properties":{"row":32,"col":27,"walk_min":12.7,"bucket":"10-15","color":"#4caf50","aggregate":true,"node_count":3955,"nearest_station_id":"kr_065","nearest_station_idx":66}},{"type":"Feature","geometry":{"type":"Polygon","coordinates":[[[126.78765,37.50879],[126.80496,37.50879],[126.80496,37.52609],[126.78765,37.52609],[126.78765,37.50879]]]},"properties":{"row":19,"col":12,"walk_min":13.2,"bucket":"10-15","color":"#4caf50","aggregate":true,"node_count":1162,"nearest_station_id":"kr_206","nearest_station_idx":130}},{"type":"Feature","geometry":{"type":"Polygon","coordinates":[[[126.80496,37.30113],[126.82226,37.30113],[126.82226,37.31844],[126.80496,37.31844],[126.80496,37.30113]]]},"properties":{"row":7,"col":13,"walk_min":15.7,"bucket":"15-20","color":"#c6d92e","aggregate":true,"node_count":1265,"nearest_station_id":"kr_426","nearest_station_idx":425}},{"type":"Feature","geometry":{"type":"Polygon","coordinates":[[[126.92609,37.38765],[126.94339,37.38765],[126.94339,37.40496],[126.92609,37.40496],[126.92609,37.38765]]]},"properties":{"row":12,"col":20,"walk_min":12.7,"bucket":"10-15","color":"#4caf50","aggregate":true,"node_count":982,"nearest_station_id":"kr_010","nearest_station_idx":9}},{"type":"Feature","geometry":{"type":"Polygon","coordinates":[[[127.20296,37.69914],[127.22027,37.69914],[127.22027,37.71644],[127.20296,37.71644],[127.20296,37.69914]]]},"properties":{"row":30,"col":36,"walk_min":15.9,"bucket":"15-20","color":"#c6d92e","aggregate":true,"node_count":966,"nearest_station_id":"kr_470","nearest_station_idx":469}},{"type":"Feature","geometry":{"type":"Polygon","coordinates":[[[126.80496,37.54339],[126.82226,37.54339],[126.82226,37.5607],[126.80496,37.5607],[126.80496,37.54339]]]},"properties":{"row":21,"col":13,"walk_min":14.5,"bucket":"10-15","color":"#4caf50","aggregate":true,"node_count":1328,"nearest_station_id":"kr_341","nearest_station_idx":337}},{"type":"Feature","geometry":{"type":"Polygon","coordinates":[[[126.77035,37.33574],[126.78765,37.33574],[126.78765,37.35305],[126.77035,37.35305],[126.77035,37.33574]]]},"properties":{"row":9,"col":11,"walk_min":14.4,"bucket":"10-15","color":"#4caf50","aggregate":true,"node_count":697,"nearest_station_id":"kr_427","nearest_station_idx":426}},{"type":"Feature","geometry":{"type":"Polygon","coordinates":[[[126.90879,37.30113],[126.92609,37.30113],[126.92609,37.31844],[126.90879,37.31844],[126.90879,37.30113]]]},"properties":{"row":7,"col":19,"walk_min":15.5,"bucket":"15-20","color":"#c6d92e","aggregate":true,"node_count":907,"nearest_station_id":"kr_415","nearest_station_idx":414}},{"type":"Feature","geometry":{"type":"Polygon","coordinates":[[[126.90879,37.5607],[126.92609,37.5607],[126.92609,37.578],[126.90879,37.578],[126.90879,37.5607]]]},"properties":{"row":22,"col":19,"walk_min":10.2,"bucket":"10-15","color":"#4caf50","aggregate":true,"node_count":2828,"nearest_station_id":"kr_259","nearest_station_idx":258}},{"type":"Feature","geometry":{"type":"Polygon","coordinates":[[[127.15105,37.45687],[127.16835,37.45687],[127.16835,37.47418],[127.15105,37.47418],[127.15105,37.45687]]]},"properties":{"row":16,"col":33,"walk_min":13.7,"bucket":"10-15","color":"#4caf50","aggregate":true,"node_count":2502,"nearest_station_id":"kr_201","nearest_station_idx":203}},{"type":"Feature","geometry":{"type":"Polygon","coordinates":[[[127.13374,37.5607],[127.15105,37.5607],[127.15105,37.578],[127.13374,37.578],[127.13374,37.5607]]]},"properties":{"row":22,"col":32,"walk_min":14.2,"bucket":"10-15","color":"#4caf50","aggregate":true,"node_count":653,"nearest_station_id":"kr_200","nearest_station_idx":202}},{"type":"Feature","geometry":{"type":"Polygon","coordinates":[[[127.01261,37.43957],[127.02992,37.43957],[127.02992,37.45687],[127.01261,37.45687],[127.01261,37.43957]]]},"properties":{"row":15,"col":25,"walk_min":16.1,"bucket":"15-20","color":"#c6d92e","aggregate":true,"node_count":616,"nearest_station_id":"kr_317","nearest_station_idx":313}},{"type":"Feature","geometry":{"type":"Polygon","coordinates":[[[127.15105,37.5607],[127.16835,37.5607],[127.16835,37.578],[127.15105,37.578],[127.15105,37.5607]]]},"properties":{"row":22,"col":33,"walk_min":17.4,"bucket":"15-20","color":"#c6d92e","aggregate":true,"node_count":840,"nearest_station_id":"kr_171","nearest_station_idx":173}},{"type":"Feature","geometry":{"type":"Polygon","coordinates":[[[127.01261,37.64722],[127.02992,37.64722],[127.02992,37.66453],[127.01261,37.66453],[127.01261,37.64722]]]},"properties":{"row":27,"col":25,"walk_min":16.2,"bucket":"15-20","color":"#c6d92e","aggregate":true,"node_count":2560,"nearest_station_id":"kr_125","nearest_station_idx":125}},{"type":"Feature","geometry":{"type":"Polygon","coordinates":[[[127.04722,37.75105],[127.06453,37.75105],[127.06453,37.76835],[127.04722,37.76835],[127.04722,37.75105]]]},"properties":{"row":33,"col":27,"walk_min":13.3,"bucket":"10-15","color":"#4caf50","aggregate":true,"node_count":1478,"nearest_station_id":"kr_421","nearest_station_idx":420}},{"type":"Feature","geometry":{"type":"Polygon","coordinates":[[[126.87418,37.62992],[126.89148,37.62992],[126.89148,37.64722],[126.87418,37.64722],[126.87418,37.62992]]]},"properties":{"row":26,"col":17,"walk_min":17.6,"bucket":"15-20","color":"#c6d92e","aggregate":true,"node_count":1843,"nearest_station_id":"kr_126","nearest_station_idx":126}},{"type":"Feature","geometry":{"type":"Polygon","coordinates":[[[126.92609,37.5607],[126.94339,37.5607],[126.94339,37.578],[126.92609,37.578],[126.92609,37.5607]]]},"properties":{"row":22,"col":20,"walk_min":14.3,"bucket":"10-15","color":"#4caf50","aggregate":true,"node_count":5771,"nearest_station_id":"kr_376","nearest_station_idx":373}},{"type":"Feature","geometry":{"type":"Polygon","coordinates":[[[126.94339,37.45687],[126.9607,37.45687],[126.9607,37.47418],[126.94339,37.47418],[126.94339,37.45687]]]},"properties":{"row":16,"col":21,"walk_min":19.2,"bucket":"15-20","color":"#c6d92e","aggregate":true,"node_count":2880,"nearest_station_id":"kr_319","nearest_station_idx":315}},{"type":"Feature","geometry":{"type":"Polygon","coordinates":[[[126.82226,37.61261],[126.83957,37.61261],[126.83957,37.62992],[126.82226,37.62992],[126.82226,37.61261]]]},"properties":{"row":25,"col":14,"walk_min":14.4,"bucket":"10-15","color":"#4caf50","aggregate":true,"node_count":3099,"nearest_station_id":"kr_167","nearest_station_idx":169}},{"type":"Feature","geometry":{"type":"Polygon","coordinates":[[[126.78765,37.64722],[126.80496,37.64722],[126.80496,37.66453],[126.78765,37.66453],[126.78765,37.64722]]]},"properties":{"row":27,"col":12,"walk_min":15.1,"bucket":"15-20","color":"#c6d92e","aggregate":true,"node_count":2467,"nearest_station_id":"kr_228","nearest_station_idx":229}},{"type":"Feature","geometry":{"type":"Polygon","coordinates":[[[127.01261,37.24922],[127.02992,37.24922],[127.02992,37.26652],[127.01261,37.26652],[127.01261,37.24922]]]},"properties":{"row":4,"col":25,"walk_min":17.2,"bucket":"15-20","color":"#c6d92e","aggregate":true,"node_count":1657,"nearest_station_id":"kr_462","nearest_station_idx":461}},{"type":"Feature","geometry":{"type":"Polygon","coordinates":[[[127.09914,37.64722],[127.11644,37.64722],[127.11644,37.66453],[127.09914,37.66453],[127.09914,37.64722]]]},"properties":{"row":27,"col":30,"walk_min":16.0,"bucket":"15-20","color":"#c6d92e","aggregate":true,"node_count":1061,"nearest_station_id":"kr_310","nearest_station_idx":306}},{"type":"Feature","geometry":{"type":"Polygon","coordinates":[[[126.87418,37.43957],[126.89148,37.43957],[126.89148,37.45687],[126.87418,37.45687],[126.87418,37.43957]]]},"properties":{"row":15,"col":17,"walk_min":15.7,"bucket":"15-20","color":"#c6d92e","aggregate":true,"node_count":1570,"nearest_station_id":"kr_008","nearest_station_idx":7}},{"type":"Feature","geometry":{"type":"Polygon","coordinates":[[[126.978,37.50879],[126.99531,37.50879],[126.99531,37.52609],[126.978,37.52609],[126.978,37.50879]]]},"properties":{"row":19,"col":23,"walk_min":12.4,"bucket":"10-15","color":"#4caf50","aggregate":true,"node_count":1697,"nearest_station_id":"kr_219","nearest_station_idx":221}},{"type":"Feature","geometry":{"type":"Polygon","coordinates":[[[126.85687,37.62992],[126.87418,37.62992],[126.87418,37.64722],[126.85687,37.64722],[126.85687,37.62992]]]},"properties":{"row":26,"col":16,"walk_min":18.0,"bucket":"15-20","color":"#c6d92e","aggregate":true,"node_count":887,"nearest_station_id":"kr_126","nearest_station_idx":126}},{"type":"Feature","geometry":{"type":"Polygon","coordinates":[[[126.5973,37.47418],[126.61461,37.47418],[126.61461,37.49148],[126.5973,37.49148],[126.5973,37.47418]]]},"properties":{"row":17,"col":1,"walk_min":22.4,"bucket":"20-25","color":"#f2a134","aggregate":true,"node_count":407,"nearest_station_id":"kr_458","nearest_station_idx":457}},{"type":"Feature","geometry":{"type":"Polygon","coordinates":[[[127.11644,37.5607],[127.13374,37.5607],[127.13374,37.578],[127.11644,37.578],[127.11644,37.5607]]]},"properties":{"row":22,"col":31,"walk_min":24.8,"bucket":"20-25","color":"#f2a134","aggregate":true,"node_count":411,"nearest_station_id":"kr_200","nearest_station_idx":202}},{"type":"Feature","geometry":{"type":"Polygon","coordinates":[[[127.15105,37.47418],[127.16835,37.47418],[127.16835,37.49148],[127.15105,37.49148],[127.15105,37.47418]]]},"properties":{"row":17,"col":33,"walk_min":20.4,"bucket":"20-25","color":"#f2a134","aggregate":true,"node_count":2110,"nearest_station_id":"kr_440","nearest_station_idx":439}},{"type":"Feature","geometry":{"type":"Polygon","coordinates":[[[126.83957,37.45687],[126.85687,37.45687],[126.85687,37.47418],[126.83957,37.47418],[126.83957,37.45687]]]},"properties":{"row":16,"col":15,"walk_min":16.5,"bucket":"15-20","color":"#c6d92e","aggregate":true,"node_count":960,"nearest_station_id":"kr_220","nearest_station_idx":222}},{"type":"Feature","geometry":{"type":"Polygon","coordinates":[[[126.99531,37.59531],[127.01261,37.59531],[127.01261,37.61261],[126.99531,37.61261],[126.99531,37.59531]]]},"properties":{"row":24,"col":24,"walk_min":15.8,"bucket":"15-20","color":"#c6d92e","aggregate":true,"node_count":2591,"nearest_station_id":"kr_160","nearest_station_idx":162}},{"type":"Feature","geometry":{"type":"Polygon","coordinates":[[[127.01261,37.42226],[127.02992,37.42226],[127.02992,37.43957],[127.01261,37.43957],[127.01261,37.42226]]]},"properties":{"row":14,"col":25,"walk_min":18.4,"bucket":"15-20","color":"#c6d92e","aggregate":true,"node_count":1811,"nearest_station_id":"kr_346","nearest_station_idx":342}},{"type":"Feature","geometry":{"type":"Polygon","coordinates":[[[127.16835,37.5607],[127.18566,37.5607],[127.18566,37.578],[127.16835,37.578],[127.16835,37.5607]]]},"properties":{"row":22,"col":34,"walk_min":13.7,"bucket":"10-15","color":"#4caf50","aggregate":true,"node_count":4274,"nearest_station_id":"kr_205","nearest_station_idx":207}},{"type":"Feature","geometry":{"type":"Polygon","coordinates":[[[126.99531,37.45687],[127.01261,37.45687],[127.01261,37.47418],[126.99531,37.47418],[126.99531,37.45687]]]},"properties":{"row":16,"col":24,"walk_min":13.2,"bucket":"10-15","color":"#4caf50","aggregate":true,"node_count":1142,"nearest_station_id":"kr_247","nearest_station_idx":248}},{"type":"Feature","geometry":{"type":"Polygon","coordinates":[[[126.75305,37.35305],[126.77035,37.35305],[126.77035,37.37035],[126.75305,37.37035],[126.75305,37.35305]]]},"properties":{"row":10,"col":10,"walk_min":25.5,"bucket":"25-30","color":"#e2492d","aggregate":true,"node_count":358,"nearest_station_id":"kr_351","nearest_station_idx":349}},{"type":"Feature","geometry":{"type":"Polygon","coordinates":[[[126.77035,37.5607],[126.78765,37.5607],[126.78765,37.578],[126.77035,37.578],[126.77035,37.5607]]]},"properties":{"row":22,"col":11,"walk_min":34.7,"bucket":">30","color":"#a01818","aggregate":true,"node_count":203,"nearest_station_id":"kr_429","nearest_station_idx":428}},{"type":"Feature","geometry":{"type":"Polygon","coordinates":[[[126.89148,37.31844],[126.90879,37.31844],[126.90879,37.33574],[126.89148,37.33574],[126.89148,37.31844]]]},"properties":{"row":8,"col":18,"walk_min":12.7,"bucket":"10-15","color":"#4caf50","aggregate":true,"node_count":254,"nearest_station_id":"kr_423","nearest_station_idx":422}},{"type":"Feature","geometry":{"type":"Polygon","coordinates":[[[126.77035,37.50879],[126.78765,37.50879],[126.78765,37.52609],[126.77035,37.52609],[126.77035,37.50879]]]},"properties":{"row":19,"col":11,"walk_min":15.1,"bucket":"15-20","color":"#c6d92e","aggregate":true,"node_count":790,"nearest_station_id":"kr_254","nearest_station_idx":178}},{"type":"Feature","geometry":{"type":"Polygon","coordinates":[[[126.77035,37.66453],[126.78765,37.66453],[126.78765,37.68183],[126.77035,37.68183],[126.77035,37.66453]]]},"properties":{"row":28,"col":11,"walk_min":17.0,"bucket":"15-20","color":"#c6d92e","aggregate":true,"node_count":3173,"nearest_station_id":"kr_302","nearest_station_idx":298}},{"type":"Feature","geometry":{"type":"Polygon","coordinates":[[[127.15105,37.52609],[127.16835,37.52609],[127.16835,37.54339],[127.15105,37.54339],[127.15105,37.52609]]]},"properties":{"row":20,"col":33,"walk_min":16.0,"bucket":"15-20","color":"#c6d92e","aggregate":true,"node_count":1007,"nearest_station_id":"kr_437","nearest_station_idx":436}},{"type":"Feature","geometry":{"type":"Polygon","coordinates":[[[127.13374,37.38765],[127.15105,37.38765],[127.15105,37.40496],[127.13374,37.40496],[127.13374,37.38765]]]},"properties":{"row":12,"col":32,"walk_min":16.6,"bucket":"15-20","color":"#c6d92e","aggregate":true,"node_count":1123,"nearest_station_id":"kr_108","nearest_station_idx":107}},{"type":"Feature","geometry":{"type":"Polygon","coordinates":[[[127.11644,37.59531],[127.13374,37.59531],[127.13374,37.61261],[127.11644,37.61261],[127.11644,37.59531]]]},"properties":{"row":24,"col":31,"walk_min":17.9,"bucket":"15-20","color":"#c6d92e","aggregate":true,"node_count":2168,"nearest_station_id":"kr_303","nearest_station_idx":299}},{"type":"Feature","geometry":{"type":"Polygon","coordinates":[[[126.73574,37.68183],[126.75305,37.68183],[126.75305,37.69914],[126.73574,37.69914],[126.73574,37.68183]]]},"properties":{"row":29,"col":9,"walk_min":18.1,"bucket":"15-20","color":"#c6d92e","aggregate":true,"node_count":1596,"nearest_station_id":"kr_424","nearest_station_idx":423}},{"type":"Feature","geometry":{"type":"Polygon","coordinates":[[[127.15105,37.42226],[127.16835,37.42226],[127.16835,37.43957],[127.15105,37.43957],[127.15105,37.42226]]]},"properties":{"row":14,"col":33,"walk_min":15.0,"bucket":"15-20","color":"#c6d92e","aggregate":true,"node_count":713,"nearest_station_id":"kr_304","nearest_station_idx":300}},{"type":"Feature","geometry":{"type":"Polygon","coordinates":[[[126.68383,37.47418],[126.70113,37.47418],[126.70113,37.49148],[126.68383,37.49148],[126.68383,37.47418]]]},"properties":{"row":17,"col":6,"walk_min":18.8,"bucket":"15-20","color":"#c6d92e","aggregate":true,"node_count":1450,"nearest_station_id":"kr_454","nearest_station_idx":453}},{"type":"Feature","geometry":{"type":"Polygon","coordinates":[[[127.06453,37.31844],[127.08183,37.31844],[127.08183,37.33574],[127.06453,37.33574],[127.06453,37.31844]]]},"properties":{"row":8,"col":28,"walk_min":17.7,"bucket":"15-20","color":"#c6d92e","aggregate":true,"node_count":2036,"nearest_station_id":"kr_266","nearest_station_idx":265}},{"type":"Feature","geometry":{"type":"Polygon","coordinates":[[[126.82226,37.31844],[126.83957,37.31844],[126.83957,37.33574],[126.82226,37.33574],[126.82226,37.31844]]]},"properties":{"row":8,"col":14,"walk_min":19.6,"bucket":"15-20","color":"#c6d92e","aggregate":true,"node_count":1515,"nearest_station_id":"kr_426","nearest_station_idx":425}},{"type":"Feature","geometry":{"type":"Polygon","coordinates":[[[126.89148,37.62992],[126.90879,37.62992],[126.90879,37.64722],[126.89148,37.64722],[126.89148,37.62992]]]},"properties":{"row":26,"col":18,"walk_min":11.8,"bucket":"10-15","color":"#4caf50","aggregate":true,"node_count":590,"nearest_station_id":"kr_104","nearest_station_idx":103}},{"type":"Feature","geometry":{"type":"Polygon","coordinates":[[[126.89148,37.59531],[126.90879,37.59531],[126.90879,37.61261],[126.89148,37.61261],[126.89148,37.59531]]]},"properties":{"row":24,"col":18,"walk_min":16.7,"bucket":"15-20","color":"#c6d92e","aggregate":true,"node_count":3170,"nearest_station_id":"kr_318","nearest_station_idx":314}},{"type":"Feature","geometry":{"type":"Polygon","coordinates":[[[126.9607,37.37035],[126.978,37.37035],[126.978,37.38765],[126.9607,37.38765],[126.9607,37.37035]]]},"properties":{"row":11,"col":22,"walk_min":19.1,"bucket":"15-20","color":"#c6d92e","aggregate":true,"node_count":1686,"nearest_station_id":"kr_284","nearest_station_idx":281}},{"type":"Feature","geometry":{"type":"Polygon","coordinates":[[[127.11644,37.43957],[127.13374,37.43957],[127.13374,37.45687],[127.11644,37.45687],[127.11644,37.43957]]]},"properties":{"row":15,"col":31,"walk_min":18.6,"bucket":"15-20","color":"#c6d92e","aggregate":true,"node_count":2005,"nearest_station_id":"kr_439","nearest_station_idx":438}},{"type":"Feature","geometry":{"type":"Polygon","coordinates":[[[127.18566,37.68183],[127.20296,37.68183],[127.20296,37.69914],[127.18566,37.69914],[127.18566,37.68183]]]},"properties":{"row":29,"col":35,"walk_min":17.6,"bucket":"15-20","color":"#c6d92e","aggregate":true,"node_count":1306,"nearest_station_id":"kr_361","nearest_station_idx":359}},{"type":"Feature","geometry":{"type":"Polygon","coordinates":[[[127.16835,37.69914],[127.18566,37.69914],[127.18566,37.71644],[127.16835,37.71644],[127.16835,37.69914]]]},"properties":{"row":30,"col":34,"walk_min":18.0,"bucket":"15-20","color":"#c6d92e","aggregate":true,"node_count":1337,"nearest_station_id":"kr_361","nearest_station_idx":359}},{"type":"Feature","geometry":{"type":"Polygon","coordinates":[[[126.978,37.43957],[126.99531,37.43957],[126.99531,37.45687],[126.978,37.45687],[126.978,37.43957]]]},"properties":{"row":15,"col":23,"walk_min":21.2,"bucket":"20-25","color":"#f2a134","aggregate":true,"node_count":909,"nearest_station_id":"kr_281","nearest_station_idx":280}},{"type":"Feature","geometry":{"type":"Polygon","coordinates":[[[126.92609,37.62992],[126.94339,37.62992],[126.94339,37.64722],[126.92609,37.64722],[126.92609,37.62992]]]},"properties":{"row":26,"col":20,"walk_min":16.5,"bucket":"15-20","color":"#c6d92e","aggregate":true,"node_count":2239,"nearest_station_id":"kr_192","nearest_station_idx":194}},{"type":"Feature","geometry":{"type":"Polygon","coordinates":[[[126.978,37.30113],[126.99531,37.30113],[126.99531,37.31844],[126.978,37.31844],[126.978,37.30113]]]},"properties":{"row":7,"col":23,"walk_min":20.2,"bucket":"20-25","color":"#f2a134","aggregate":true,"node_count":1486,"nearest_station_id":"kr_085","nearest_station_idx":83}},{"type":"Feature","geometry":{"type":"Polygon","coordinates":[[[126.87418,37.42226],[126.89148,37.42226],[126.89148,37.43957],[126.87418,37.43957],[126.87418,37.42226]]]},"properties":{"row":14,"col":17,"walk_min":17.2,"bucket":"15-20","color":"#c6d92e","aggregate":true,"node_count":777,"nearest_station_id":"kr_442","nearest_station_idx":441}},{"type":"Feature","geometry":{"type":"Polygon","coordinates":[[[126.87418,37.30113],[126.89148,37.30113],[126.89148,37.31844],[126.87418,37.31844],[126.87418,37.30113]]]},"properties":{"row":7,"col":17,"walk_min":20.2,"bucket":"20-25","color":"#f2a134","aggregate":true,"node_count":549,"nearest_station_id":"kr_114","nearest_station_idx":113}},{"type":"Feature","geometry":{"type":"Polygon","coordinates":[[[126.5973,37.45687],[126.61461,37.45687],[126.61461,37.47418],[126.5973,37.47418],[126.5973,37.45687]]]},"properties":{"row":16,"col":1,"walk_min":35.2,"bucket":">30","color":"#a01818","aggregate":true,"node_count":537,"nearest_station_id":"kr_458","nearest_station_idx":457}},{"type":"Feature","geometry":{"type":"Polygon","coordinates":[[[126.87418,37.28383],[126.89148,37.28383],[126.89148,37.30113],[126.87418,37.30113],[126.87418,37.28383]]]},"properties":{"row":6,"col":17,"walk_min":25.9,"bucket":"25-30","color":"#e2492d","aggregate":true,"node_count":381,"nearest_station_id":"kr_114","nearest_station_idx":113}},{"type":"Feature","geometry":{"type":"Polygon","coordinates":[[[127.06453,37.80296],[127.08183,37.80296],[127.08183,37.82027],[127.06453,37.82027],[127.06453,37.80296]]]},"properties":{"row":36,"col":28,"walk_min":31.2,"bucket":">30","color":"#a01818","aggregate":true,"node_count":1413,"nearest_station_id":"kr_447","nearest_station_idx":446}},{"type":"Feature","geometry":{"type":"Polygon","coordinates":[[[126.83957,37.62992],[126.85687,37.62992],[126.85687,37.64722],[126.83957,37.64722],[126.83957,37.62992]]]},"properties":{"row":26,"col":15,"walk_min":20.0,"bucket":"20-25","color":"#f2a134","aggregate":true,"node_count":751,"nearest_station_id":"kr_167","nearest_station_idx":169}},{"type":"Feature","geometry":{"type":"Polygon","coordinates":[[[126.90879,37.42226],[126.92609,37.42226],[126.92609,37.43957],[126.90879,37.43957],[126.90879,37.42226]]]},"properties":{"row":14,"col":19,"walk_min":19.6,"bucket":"15-20","color":"#c6d92e","aggregate":true,"node_count":1056,"nearest_station_id":"kr_392","nearest_station_idx":389}},{"type":"Feature","geometry":{"type":"Polygon","coordinates":[[[127.15105,37.62992],[127.16835,37.62992],[127.16835,37.64722],[127.15105,37.64722],[127.15105,37.62992]]]},"properties":{"row":26,"col":33,"walk_min":22.4,"bucket":"20-25","color":"#f2a134","aggregate":true,"node_count":643,"nearest_station_id":"kr_352","nearest_station_idx":350}},{"type":"Feature","geometry":{"type":"Polygon","coordinates":[[[126.99531,37.28383],[127.01261,37.28383],[127.01261,37.30113],[126.99531,37.30113],[126.99531,37.28383]]]},"properties":{"row":6,"col":24,"walk_min":21.5,"bucket":"20-25","color":"#f2a134","aggregate":true,"node_count":2138,"nearest_station_id":"kr_461","nearest_station_idx":460}},{"type":"Feature","geometry":{"type":"Polygon","coordinates":[[[127.13374,37.62992],[127.15105,37.62992],[127.15105,37.64722],[127.13374,37.64722],[127.13374,37.62992]]]},"properties":{"row":26,"col":32,"walk_min":18.0,"bucket":"15-20","color":"#c6d92e","aggregate":true,"node_count":1130,"nearest_station_id":"kr_438","nearest_station_idx":437}},{"type":"Feature","geometry":{"type":"Polygon","coordinates":[[[127.06453,37.82027],[127.08183,37.82027],[127.08183,37.83757],[127.06453,37.83757],[127.06453,37.82027]]]},"properties":{"row":37,"col":28,"walk_min":59.0,"bucket":">30","color":"#a01818","aggregate":true,"node_count":64,"nearest_station_id":"kr_447","nearest_station_idx":446}},{"type":"Feature","geometry":{"type":"Polygon","coordinates":[[[127.11644,37.37035],[127.13374,37.37035],[127.13374,37.38765],[127.11644,37.38765],[127.11644,37.37035]]]},"properties":{"row":11,"col":31,"walk_min":19.2,"bucket":"15-20","color":"#c6d92e","aggregate":true,"node_count":3230,"nearest_station_id":"kr_239","nearest_station_idx":411}},{"type":"Feature","geometry":{"type":"Polygon","coordinates":[[[126.78765,37.30113],[126.80496,37.30113],[126.80496,37.31844],[126.78765,37.31844],[126.78765,37.30113]]]},"properties":{"row":7,"col":12,"walk_min":18.7,"bucket":"15-20","color":"#c6d92e","aggregate":true,"node_count":603,"nearest_station_id":"kr_230","nearest_station_idx":231}},{"type":"Feature","geometry":{"type":"Polygon","coordinates":[[[126.89148,37.61261],[126.90879,37.61261],[126.90879,37.62992],[126.89148,37.62992],[126.89148,37.61261]]]},"properties":{"row":25,"col":18,"walk_min":19.8,"bucket":"15-20","color":"#c6d92e","aggregate":true,"node_count":1269,"nearest_station_id":"kr_134","nearest_station_idx":135}},{"type":"Feature","geometry":{"type":"Polygon","coordinates":[[[127.08183,37.64722],[127.09914,37.64722],[127.09914,37.66453],[127.08183,37.66453],[127.08183,37.64722]]]},"properties":{"row":27,"col":29,"walk_min":18.2,"bucket":"15-20","color":"#c6d92e","aggregate":true,"node_count":1990,"nearest_station_id":"kr_229","nearest_station_idx":230}},{"type":"Feature","geometry":{"type":"Polygon","coordinates":[[[127.04722,37.30113],[127.06453,37.30113],[127.06453,37.31844],[127.04722,37.31844],[127.04722,37.30113]]]},"properties":{"row":7,"col":27,"walk_min":25.8,"bucket":"25-30","color":"#e2492d","aggregate":true,"node_count":1645,"nearest_station_id":"kr_444","nearest_station_idx":443}},{"type":"Feature","geometry":{"type":"Polygon","coordinates":[[[126.71844,37.33574],[126.73574,37.33574],[126.73574,37.35305],[126.71844,37.35305],[126.71844,37.33574]]]},"properties":{"row":9,"col":8,"walk_min":20.4,"bucket":"20-25","color":"#f2a134","aggregate":true,"node_count":1074,"nearest_station_id":"kr_351","nearest_station_idx":349}},{"type":"Feature","geometry":{"type":"Polygon","coordinates":[[[126.83957,37.31844],[126.85687,37.31844],[126.85687,37.33574],[126.83957,37.33574],[126.83957,37.31844]]]},"properties":{"row":8,"col":15,"walk_min":20.0,"bucket":"20-25","color":"#f2a134","aggregate":true,"node_count":1318,"nearest_station_id":"kr_168","nearest_station_idx":170}},{"type":"Feature","geometry":{"type":"Polygon","coordinates":[[[127.16835,37.43957],[127.18566,37.43957],[127.18566,37.45687],[127.16835,37.45687],[127.16835,37.43957]]]},"properties":{"row":15,"col":34,"walk_min":19.4,"bucket":"15-20","color":"#c6d92e","aggregate":true,"node_count":1765,"nearest_station_id":"kr_232","nearest_station_idx":233}},{"type":"Feature","geometry":{"type":"Polygon","coordinates":[[[127.02992,37.43957],[127.04722,37.43957],[127.04722,37.45687],[127.02992,37.45687],[127.02992,37.43957]]]},"properties":{"row":15,"col":26,"walk_min":19.0,"bucket":"15-20","color":"#c6d92e","aggregate":true,"node_count":756,"nearest_station_id":"kr_040","nearest_station_idx":42}},{"type":"Feature","geometry":{"type":"Polygon","coordinates":[[[126.85687,37.40496],[126.87418,37.40496],[126.87418,37.42226],[126.85687,37.42226],[126.85687,37.40496]]]},"properties":{"row":13,"col":16,"walk_min":24.0,"bucket":"20-25","color":"#f2a134","aggregate":true,"node_count":580,"nearest_station_id":"kr_442","nearest_station_idx":441}},{"type":"Feature","geometry":{"type":"Polygon","coordinates":[[[126.94339,37.30113],[126.9607,37.30113],[126.9607,37.31844],[126.94339,37.31844],[126.94339,37.30113]]]},"properties":{"row":7,"col":21,"walk_min":22.4,"bucket":"20-25","color":"#f2a134","aggregate":true,"node_count":1455,"nearest_station_id":"kr_032","nearest_station_idx":31}},{"type":"Feature","geometry":{"type":"Polygon","coordinates":[[[126.75305,37.68183],[126.77035,37.68183],[126.77035,37.69914],[126.75305,37.69914],[126.75305,37.68183]]]},"properties":{"row":29,"col":10,"walk_min":21.4,"bucket":"20-25","color":"#f2a134","aggregate":true,"node_count":3654,"nearest_station_id":"kr_424","nearest_station_idx":423}},{"type":"Feature","geometry":{"type":"Polygon","coordinates":[[[127.15105,37.50879],[127.16835,37.50879],[127.16835,37.52609],[127.15105,37.52609],[127.15105,37.50879]]]},"properties":{"row":19,"col":33,"walk_min":22.1,"bucket":"20-25","color":"#f2a134","aggregate":true,"node_count":1230,"nearest_station_id":"kr_437","nearest_station_idx":436}},{"type":"Feature","geometry":{"type":"Polygon","coordinates":[[[126.64922,37.47418],[126.66652,37.47418],[126.66652,37.49148],[126.64922,37.49148],[126.64922,37.47418]]]},"properties":{"row":17,"col":4,"walk_min":20.0,"bucket":"20-25","color":"#f2a134","aggregate":true,"node_count":846,"nearest_station_id":"kr_379","nearest_station_idx":376}},{"type":"Feature","geometry":{"type":"Polygon","coordinates":[[[126.90879,37.37035],[126.92609,37.37035],[126.92609,37.38765],[126.90879,37.38765],[126.90879,37.37035]]]},"properties":{"row":11,"col":19,"walk_min":20.8,"bucket":"20-25","color":"#f2a134","aggregate":true,"node_count":915,"nearest_station_id":"kr_459","nearest_station_idx":458}},{"type":"Feature","geometry":{"type":"Polygon","coordinates":[[[127.09914,37.30113],[127.11644,37.30113],[127.11644,37.31844],[127.09914,37.31844],[127.09914,37.30113]]]},"properties":{"row":7,"col":30,"walk_min":25.4,"bucket":"25-30","color":"#e2492d","aggregate":true,"node_count":1406,"nearest_station_id":"kr_233","nearest_station_idx":234}},{"type":"Feature","geometry":{"type":"Polygon","coordinates":[[[126.66652,37.47418],[126.68383,37.47418],[126.68383,37.49148],[126.66652,37.49148],[126.66652,37.47418]]]},"properties":{"row":17,"col":5,"walk_min":23.0,"bucket":"20-25","color":"#f2a134","aggregate":true,"node_count":485,"nearest_station_id":"kr_456","nearest_station_idx":455}},{"type":"Feature","geometry":{"type":"Polygon","coordinates":[[[127.20296,37.38765],[127.22027,37.38765],[127.22027,37.40496],[127.20296,37.40496],[127.20296,37.38765]]]},"properties":{"row":12,"col":36,"walk_min":30.3,"bucket":">30","color":"#a01818","aggregate":true,"node_count":589,"nearest_station_id":"kr_237","nearest_station_idx":239}},{"type":"Feature","geometry":{"type":"Polygon","coordinates":[[[126.66652,37.43957],[126.68383,37.43957],[126.68383,37.45687],[126.66652,37.45687],[126.66652,37.43957]]]},"properties":{"row":15,"col":5,"walk_min":21.4,"bucket":"20-25","color":"#f2a134","aggregate":true,"node_count":2005,"nearest_station_id":"kr_248","nearest_station_idx":249}},{"type":"Feature","geometry":{"type":"Polygon","coordinates":[[[127.02992,37.80296],[127.04722,37.80296],[127.04722,37.82027],[127.02992,37.82027],[127.02992,37.80296]]]},"properties":{"row":36,"col":26,"walk_min":22.5,"bucket":"20-25","color":"#f2a134","aggregate":true,"node_count":1092,"nearest_station_id":"kr_447","nearest_station_idx":446}},{"type":"Feature","geometry":{"type":"Polygon","coordinates":[[[127.04722,37.45687],[127.06453,37.45687],[127.06453,37.47418],[127.04722,37.47418],[127.04722,37.45687]]]},"properties":{"row":16,"col":27,"walk_min":18.9,"bucket":"15-20","color":"#c6d92e","aggregate":true,"node_count":903,"nearest_station_id":"kr_038","nearest_station_idx":39}},{"type":"Feature","geometry":{"type":"Polygon","coordinates":[[[126.99531,37.26652],[127.01261,37.26652],[127.01261,37.28383],[126.99531,37.28383],[126.99531,37.26652]]]},"properties":{"row":5,"col":24,"walk_min":21.9,"bucket":"20-25","color":"#f2a134","aggregate":true,"node_count":1942,"nearest_station_id":"kr_043","nearest_station_idx":40}},{"type":"Feature","geometry":{"type":"Polygon","coordinates":[[[126.78765,37.45687],[126.80496,37.45687],[126.80496,37.47418],[126.78765,37.47418],[126.78765,37.45687]]]},"properties":{"row":16,"col":12,"walk_min":22.3,"bucket":"20-25","color":"#f2a134","aggregate":true,"node_count":1279,"nearest_station_id":"kr_451","nearest_station_idx":450}},{"type":"Feature","geometry":{"type":"Polygon","coordinates":[[[127.04722,37.42226],[127.06453,37.42226],[127.06453,37.43957],[127.04722,37.43957],[127.04722,37.42226]]]},"properties":{"row":14,"col":27,"walk_min":26.8,"bucket":"25-30","color":"#e2492d","aggregate":true,"node_count":1085,"nearest_station_id":"kr_040","nearest_station_idx":42}},{"type":"Feature","geometry":{"type":"Polygon","coordinates":[[[127.09914,37.578],[127.11644,37.578],[127.11644,37.59531],[127.09914,37.59531],[127.09914,37.578]]]},"properties":{"row":23,"col":30,"walk_min":19.4,"bucket":"15-20","color":"#c6d92e","aggregate":true,"node_count":3118,"nearest_station_id":"kr_124","nearest_station_idx":124}},{"type":"Feature","geometry":{"type":"Polygon","coordinates":[[[126.68383,37.43957],[126.70113,37.43957],[126.70113,37.45687],[126.68383,37.45687],[126.68383,37.43957]]]},"properties":{"row":15,"col":6,"walk_min":21.6,"bucket":"20-25","color":"#f2a134","aggregate":true,"node_count":2288,"nearest_station_id":"kr_455","nearest_station_idx":454}},{"type":"Feature","geometry":{"type":"Polygon","coordinates":[[[126.73574,37.64722],[126.75305,37.64722],[126.75305,37.66453],[126.73574,37.66453],[126.73574,37.64722]]]},"properties":{"row":27,"col":9,"walk_min":28.4,"bucket":"25-30","color":"#e2492d","aggregate":true,"node_count":1021,"nearest_station_id":"kr_350","nearest_station_idx":348}},{"type":"Feature","geometry":{"type":"Polygon","coordinates":[[[127.13374,37.64722],[127.15105,37.64722],[127.15105,37.66453],[127.13374,37.66453],[127.13374,37.64722]]]},"properties":{"row":27,"col":32,"walk_min":26.6,"bucket":"25-30","color":"#e2492d","aggregate":true,"node_count":1329,"nearest_station_id":"kr_438","nearest_station_idx":437}},{"type":"Feature","geometry":{"type":"Polygon","coordinates":[[[126.9607,37.26652],[126.978,37.26652],[126.978,37.28383],[126.9607,37.28383],[126.9607,37.26652]]]},"properties":{"row":5,"col":22,"walk_min":23.0,"bucket":"20-25","color":"#f2a134","aggregate":true,"node_count":674,"nearest_station_id":"kr_461","nearest_station_idx":460}},{"type":"Feature","geometry":{"type":"Polygon","coordinates":[[[126.92609,37.31844],[126.94339,37.31844],[126.94339,37.33574],[126.92609,37.33574],[126.92609,37.31844]]]},"properties":{"row":8,"col":20,"walk_min":21.5,"bucket":"20-25","color":"#f2a134","aggregate":true,"node_count":1655,"nearest_station_id":"kr_032","nearest_station_idx":31}},{"type":"Feature","geometry":{"type":"Polygon","coordinates":[[[127.16835,37.45687],[127.18566,37.45687],[127.18566,37.47418],[127.16835,37.47418],[127.16835,37.45687]]]},"properties":{"row":16,"col":34,"walk_min":30.7,"bucket":">30","color":"#a01818","aggregate":true,"node_count":1766,"nearest_station_id":"kr_232","nearest_station_idx":233}},{"type":"Feature","geometry":{"type":"Polygon","coordinates":[[[126.92609,37.45687],[126.94339,37.45687],[126.94339,37.47418],[126.92609,37.47418],[126.92609,37.45687]]]},"properties":{"row":16,"col":20,"walk_min":21.7,"bucket":"20-25","color":"#f2a134","aggregate":true,"node_count":2033,"nearest_station_id":"kr_377","nearest_station_idx":374}},{"type":"Feature","geometry":{"type":"Polygon","coordinates":[[[126.83957,37.61261],[126.85687,37.61261],[126.85687,37.62992],[126.83957,37.62992],[126.83957,37.61261]]]},"properties":{"row":25,"col":15,"walk_min":25.2,"bucket":"25-30","color":"#e2492d","aggregate":true,"node_count":2758,"nearest_station_id":"kr_167","nearest_station_idx":169}},{"type":"Feature","geometry":{"type":"Polygon","coordinates":[[[127.08183,37.62992],[127.09914,37.62992],[127.09914,37.64722],[127.08183,37.64722],[127.08183,37.62992]]]},"properties":{"row":26,"col":29,"walk_min":23.6,"bucket":"20-25","color":"#f2a134","aggregate":true,"node_count":562,"nearest_station_id":"kr_197","nearest_station_idx":199}},{"type":"Feature","geometry":{"type":"Polygon","coordinates":[[[127.15105,37.59531],[127.16835,37.59531],[127.16835,37.61261],[127.15105,37.61261],[127.15105,37.59531]]]},"properties":{"row":24,"col":33,"walk_min":23.6,"bucket":"20-25","color":"#f2a134","aggregate":true,"node_count":3285,"nearest_station_id":"kr_264","nearest_station_idx":263}},{"type":"Feature","geometry":{"type":"Polygon","coordinates":[[[127.01261,37.45687],[127.02992,37.45687],[127.02992,37.47418],[127.01261,37.47418],[127.01261,37.45687]]]},"properties":{"row":16,"col":25,"walk_min":22.3,"bucket":"20-25","color":"#f2a134","aggregate":true,"node_count":1015,"nearest_station_id":"kr_038","nearest_station_idx":39}},{"type":"Feature","geometry":{"type":"Polygon","coordinates":[[[126.73574,37.37035],[126.75305,37.37035],[126.75305,37.38765],[126.73574,37.38765],[126.73574,37.37035]]]},"properties":{"row":11,"col":9,"walk_min":24.8,"bucket":"20-25","color":"#f2a134","aggregate":true,"node_count":581,"nearest_station_id":"kr_428","nearest_station_idx":427}},{"type":"Feature","geometry":{"type":"Polygon","coordinates":[[[127.06453,37.69914],[127.08183,37.69914],[127.08183,37.71644],[127.06453,37.71644],[127.06453,37.69914]]]},"properties":{"row":30,"col":28,"walk_min":24.6,"bucket":"20-25","color":"#f2a134","aggregate":true,"node_count":956,"nearest_station_id":"kr_467","nearest_station_idx":466}},{"type":"Feature","geometry":{"type":"Polygon","coordinates":[[[127.09914,37.62992],[127.11644,37.62992],[127.11644,37.64722],[127.09914,37.64722],[127.09914,37.62992]]]},"properties":{"row":26,"col":30,"walk_min":25.7,"bucket":"25-30","color":"#e2492d","aggregate":true,"node_count":628,"nearest_station_id":"kr_438","nearest_station_idx":437}},{"type":"Feature","geometry":{"type":"Polygon","coordinates":[[[126.94339,37.28383],[126.9607,37.28383],[126.9607,37.30113],[126.94339,37.30113],[126.94339,37.28383]]]},"properties":{"row":6,"col":21,"walk_min":24.1,"bucket":"20-25","color":"#f2a134","aggregate":true,"node_count":396,"nearest_station_id":"kr_086","nearest_station_idx":84}},{"type":"Feature","geometry":{"type":"Polygon","coordinates":[[[126.87418,37.5607],[126.89148,37.5607],[126.89148,37.578],[126.87418,37.578],[126.87418,37.5607]]]},"properties":{"row":22,"col":17,"walk_min":32.2,"bucket":">30","color":"#a01818","aggregate":true,"node_count":1554,"nearest_station_id":"kr_293","nearest_station_idx":290}},{"type":"Feature","geometry":{"type":"Polygon","coordinates":[[[126.83957,37.28383],[126.85687,37.28383],[126.85687,37.30113],[126.83957,37.30113],[126.83957,37.28383]]]},"properties":{"row":6,"col":15,"walk_min":22.1,"bucket":"20-25","color":"#f2a134","aggregate":true,"node_count":1973,"nearest_station_id":"kr_425","nearest_station_idx":424}},{"type":"Feature","geometry":{"type":"Polygon","coordinates":[[[127.16835,37.68183],[127.18566,37.68183],[127.18566,37.69914],[127.16835,37.69914],[127.16835,37.68183]]]},"properties":{"row":29,"col":34,"walk_min":28.2,"bucket":"25-30","color":"#e2492d","aggregate":true,"node_count":701,"nearest_station_id":"kr_361","nearest_station_idx":359}},{"type":"Feature","geometry":{"type":"Polygon","coordinates":[[[126.9607,37.40496],[126.978,37.40496],[126.978,37.42226],[126.9607,37.42226],[126.9607,37.40496]]]},"properties":{"row":13,"col":22,"walk_min":22.7,"bucket":"20-25","color":"#f2a134","aggregate":true,"node_count":1040,"nearest_station_id":"kr_325","nearest_station_idx":319}},{"type":"Feature","geometry":{"type":"Polygon","coordinates":[[[127.09914,37.45687],[127.11644,37.45687],[127.11644,37.47418],[127.09914,37.47418],[127.09914,37.45687]]]},"properties":{"row":16,"col":30,"walk_min":20.1,"bucket":"20-25","color":"#f2a134","aggregate":true,"node_count":1698,"nearest_station_id":"kr_146","nearest_station_idx":148}},{"type":"Feature","geometry":{"type":"Polygon","coordinates":[[[126.978,37.40496],[126.99531,37.40496],[126.99531,37.42226],[126.978,37.42226],[126.978,37.40496]]]},"properties":{"row":13,"col":23,"walk_min":22.2,"bucket":"20-25","color":"#f2a134","aggregate":true,"node_count":720,"nearest_station_id":"kr_367","nearest_station_idx":364}},{"type":"Feature","geometry":{"type":"Polygon","coordinates":[[[126.82226,37.50879],[126.83957,37.50879],[126.83957,37.52609],[126.82226,37.52609],[126.82226,37.50879]]]},"properties":{"row":19,"col":14,"walk_min":21.4,"bucket":"20-25","color":"#f2a134","aggregate":true,"node_count":1281,"nearest_station_id":"kr_208","nearest_station_idx":211}},{"type":"Feature","geometry":{"type":"Polygon","coordinates":[[[126.71844,37.68183],[126.73574,37.68183],[126.73574,37.69914],[126.71844,37.69914],[126.71844,37.68183]]]},"properties":{"row":29,"col":8,"walk_min":27.1,"bucket":"25-30","color":"#e2492d","aggregate":true,"node_count":1430,"nearest_station_id":"kr_424","nearest_station_idx":423}},{"type":"Feature","geometry":{"type":"Polygon","coordinates":[[[127.09914,37.5607],[127.11644,37.5607],[127.11644,37.578],[127.09914,37.578],[127.09914,37.5607]]]},"properties":{"row":22,"col":30,"walk_min":28.5,"bucket":"25-30","color":"#e2492d","aggregate":true,"node_count":694,"nearest_station_id":"kr_111","nearest_station_idx":110}},{"type":"Feature","geometry":{"type":"Polygon","coordinates":[[[126.77035,37.30113],[126.78765,37.30113],[126.78765,37.31844],[126.77035,37.31844],[126.77035,37.30113]]]},"properties":{"row":7,"col":11,"walk_min":27.9,"bucket":"25-30","color":"#e2492d","aggregate":true,"node_count":110,"nearest_station_id":"kr_263","nearest_station_idx":262}},{"type":"Feature","geometry":{"type":"Polygon","coordinates":[[[126.87418,37.578],[126.89148,37.578],[126.89148,37.59531],[126.87418,37.59531],[126.87418,37.578]]]},"properties":{"row":23,"col":17,"walk_min":26.2,"bucket":"25-30","color":"#e2492d","aggregate":true,"node_count":1521,"nearest_station_id":"kr_327","nearest_station_idx":324}},{"type":"Feature","geometry":{"type":"Polygon","coordinates":[[[127.15105,37.578],[127.16835,37.578],[127.16835,37.59531],[127.15105,37.59531],[127.15105,37.578]]]},"properties":{"row":23,"col":33,"walk_min":22.2,"bucket":"20-25","color":"#f2a134","aggregate":true,"node_count":2204,"nearest_station_id":"kr_231","nearest_station_idx":232}},{"type":"Feature","geometry":{"type":"Polygon","coordinates":[[[127.11644,37.40496],[127.13374,37.40496],[127.13374,37.42226],[127.11644,37.42226],[127.11644,37.40496]]]},"properties":{"row":13,"col":31,"walk_min":23.5,"bucket":"20-25","color":"#f2a134","aggregate":true,"node_count":2325,"nearest_station_id":"kr_108","nearest_station_idx":107}},{"type":"Feature","geometry":{"type":"Polygon","coordinates":[[[126.70113,37.43957],[126.71844,37.43957],[126.71844,37.45687],[126.70113,37.45687],[126.70113,37.43957]]]},"properties":{"row":15,"col":7,"walk_min":27.4,"bucket":"25-30","color":"#e2492d","aggregate":true,"node_count":1885,"nearest_station_id":"kr_455","nearest_station_idx":454}},{"type":"Feature","geometry":{"type":"Polygon","coordinates":[[[126.94339,37.59531],[126.9607,37.59531],[126.9607,37.61261],[126.94339,37.61261],[126.94339,37.59531]]]},"properties":{"row":24,"col":21,"walk_min":28.8,"bucket":"25-30","color":"#e2492d","aggregate":true,"node_count":2432,"nearest_station_id":"kr_080","nearest_station_idx":79}},{"type":"Feature","geometry":{"type":"Polygon","coordinates":[[[126.90879,37.43957],[126.92609,37.43957],[126.92609,37.45687],[126.90879,37.45687],[126.90879,37.43957]]]},"properties":{"row":15,"col":19,"walk_min":21.3,"bucket":"20-25","color":"#f2a134","aggregate":true,"node_count":2434,"nearest_station_id":"kr_392","nearest_station_idx":389}},{"type":"Feature","geometry":{"type":"Polygon","coordinates":[[[126.77035,37.45687],[126.78765,37.45687],[126.78765,37.47418],[126.77035,37.47418],[126.77035,37.45687]]]},"properties":{"row":16,"col":11,"walk_min":25.7,"bucket":"25-30","color":"#e2492d","aggregate":true,"node_count":1507,"nearest_station_id":"kr_060","nearest_station_idx":59}},{"type":"Feature","geometry":{"type":"Polygon","coordinates":[[[126.77035,37.578],[126.78765,37.578],[126.78765,37.59531],[126.77035,37.59531],[126.77035,37.578]]]},"properties":{"row":23,"col":11,"walk_min":34.6,"bucket":">30","color":"#a01818","aggregate":true,"node_count":690,"nearest_station_id":"kr_429","nearest_station_idx":428}},{"type":"Feature","geometry":{"type":"Polygon","coordinates":[[[127.02992,37.82027],[127.04722,37.82027],[127.04722,37.82892],[127.02992,37.82892],[127.02992,37.82027]]]},"properties":{"row":37,"col":26,"walk_min":31.5,"bucket":">30","color":"#a01818","aggregate":true,"node_count":26,"nearest_station_id":"kr_447","nearest_station_idx":446}},{"type":"Feature","geometry":{"type":"Polygon","coordinates":[[[126.99531,37.61261],[127.01261,37.61261],[127.01261,37.62992],[126.99531,37.62992],[126.99531,37.61261]]]},"properties":{"row":25,"col":24,"walk_min":24.2,"bucket":"20-25","color":"#f2a134","aggregate":true,"node_count":1925,"nearest_station_id":"kr_106","nearest_station_idx":105}},{"type":"Feature","geometry":{"type":"Polygon","coordinates":[[[127.08183,37.28383],[127.09914,37.28383],[127.09914,37.30113],[127.08183,37.30113],[127.08183,37.28383]]]},"properties":{"row":6,"col":29,"walk_min":30.8,"bucket":">30","color":"#a01818","aggregate":true,"node_count":684,"nearest_station_id":"kr_307","nearest_station_idx":303}},{"type":"Feature","geometry":{"type":"Polygon","coordinates":[[[127.04722,37.78566],[127.06453,37.78566],[127.06453,37.80296],[127.04722,37.80296],[127.04722,37.78566]]]},"properties":{"row":35,"col":27,"walk_min":24.3,"bucket":"20-25","color":"#f2a134","aggregate":true,"node_count":792,"nearest_station_id":"kr_092","nearest_station_idx":91}},{"type":"Feature","geometry":{"type":"Polygon","coordinates":[[[127.02992,37.78566],[127.04722,37.78566],[127.04722,37.80296],[127.02992,37.80296],[127.02992,37.78566]]]},"properties":{"row":35,"col":26,"walk_min":27.7,"bucket":"25-30","color":"#e2492d","aggregate":true,"node_count":987,"nearest_station_id":"kr_092","nearest_station_idx":91}},{"type":"Feature","geometry":{"type":"Polygon","coordinates":[[[127.01261,37.75105],[127.02992,37.75105],[127.02992,37.76835],[127.01261,37.76835],[127.01261,37.75105]]]},"properties":{"row":33,"col":25,"walk_min":22.9,"bucket":"20-25","color":"#f2a134","aggregate":true,"node_count":1109,"nearest_station_id":"kr_421","nearest_station_idx":420}},{"type":"Feature","geometry":{"type":"Polygon","coordinates":[[[126.92609,37.64722],[126.94339,37.64722],[126.94339,37.66453],[126.92609,37.66453],[126.92609,37.64722]]]},"properties":{"row":27,"col":20,"walk_min":26.8,"bucket":"25-30","color":"#e2492d","aggregate":true,"node_count":1277,"nearest_station_id":"kr_104","nearest_station_idx":103}},{"type":"Feature","geometry":{"type":"Polygon","coordinates":[[[127.06453,37.43957],[127.08183,37.43957],[127.08183,37.45687],[127.06453,37.45687],[127.06453,37.43957]]]},"properties":{"row":15,"col":28,"walk_min":23.6,"bucket":"20-25","color":"#f2a134","aggregate":true,"node_count":1146,"nearest_station_id":"kr_040","nearest_station_idx":42}},{"type":"Feature","geometry":{"type":"Polygon","coordinates":[[[126.71844,37.66453],[126.73574,37.66453],[126.73574,37.68183],[126.71844,37.68183],[126.71844,37.66453]]]},"properties":{"row":28,"col":8,"walk_min":23.8,"bucket":"20-25","color":"#f2a134","aggregate":true,"node_count":1137,"nearest_station_id":"kr_424","nearest_station_idx":423}},{"type":"Feature","geometry":{"type":"Polygon","coordinates":[[[126.99531,37.62992],[127.01261,37.62992],[127.01261,37.64722],[126.99531,37.64722],[126.99531,37.62992]]]},"properties":{"row":26,"col":24,"walk_min":23.2,"bucket":"20-25","color":"#f2a134","aggregate":true,"node_count":1727,"nearest_station_id":"kr_116","nearest_station_idx":115}},{"type":"Feature","geometry":{"type":"Polygon","coordinates":[[[126.978,37.59531],[126.99531,37.59531],[126.99531,37.61261],[126.978,37.61261],[126.978,37.59531]]]},"properties":{"row":24,"col":23,"walk_min":30.5,"bucket":">30","color":"#a01818","aggregate":true,"node_count":1840,"nearest_station_id":"kr_061","nearest_station_idx":60}},{"type":"Feature","geometry":{"type":"Polygon","coordinates":[[[127.01261,37.21461],[127.02992,37.21461],[127.02992,37.23191],[127.01261,37.23191],[127.01261,37.21461]]]},"properties":{"row":2,"col":25,"walk_min":27.8,"bucket":"25-30","color":"#e2492d","aggregate":true,"node_count":555,"nearest_station_id":"kr_047","nearest_station_idx":46}},{"type":"Feature","geometry":{"type":"Polygon","coordinates":[[[126.94339,37.40496],[126.9607,37.40496],[126.9607,37.42226],[126.94339,37.42226],[126.94339,37.40496]]]},"properties":{"row":13,"col":21,"walk_min":28.5,"bucket":"25-30","color":"#e2492d","aggregate":true,"node_count":911,"nearest_station_id":"kr_284","nearest_station_idx":281}},{"type":"Feature","geometry":{"type":"Polygon","coordinates":[[[127.16835,37.42226],[127.18566,37.42226],[127.18566,37.43957],[127.16835,37.43957],[127.16835,37.42226]]]},"properties":{"row":14,"col":34,"walk_min":29.9,"bucket":"25-30","color":"#e2492d","aggregate":true,"node_count":626,"nearest_station_id":"kr_265","nearest_station_idx":264}},{"type":"Feature","geometry":{"type":"Polygon","coordinates":[[[127.18566,37.52609],[127.20296,37.52609],[127.20296,37.54339],[127.18566,37.54339],[127.18566,37.52609]]]},"properties":{"row":20,"col":35,"walk_min":26.7,"bucket":"25-30","color":"#e2492d","aggregate":true,"node_count":2310,"nearest_station_id":"kr_360","nearest_station_idx":358}},{"type":"Feature","geometry":{"type":"Polygon","coordinates":[[[127.06453,37.1973],[127.08183,37.1973],[127.08183,37.21461],[127.06453,37.21461],[127.06453,37.1973]]]},"properties":{"row":1,"col":28,"walk_min":27.5,"bucket":"25-30","color":"#e2492d","aggregate":true,"node_count":2655,"nearest_station_id":"kr_466","nearest_station_idx":465}},{"type":"Feature","geometry":{"type":"Polygon","coordinates":[[[127.20296,37.68183],[127.22027,37.68183],[127.22027,37.69914],[127.20296,37.69914],[127.20296,37.68183]]]},"properties":{"row":29,"col":36,"walk_min":27.9,"bucket":"25-30","color":"#e2492d","aggregate":true,"node_count":2026,"nearest_station_id":"kr_361","nearest_station_idx":359}},{"type":"Feature","geometry":{"type":"Polygon","coordinates":[[[127.09914,37.40496],[127.11644,37.40496],[127.11644,37.42226],[127.09914,37.42226],[127.09914,37.40496]]]},"properties":{"row":13,"col":30,"walk_min":28.1,"bucket":"25-30","color":"#e2492d","aggregate":true,"node_count":1553,"nearest_station_id":"kr_041","nearest_station_idx":44}},{"type":"Feature","geometry":{"type":"Polygon","coordinates":[[[127.06453,37.68183],[127.08183,37.68183],[127.08183,37.69914],[127.06453,37.69914],[127.06453,37.68183]]]},"properties":{"row":29,"col":28,"walk_min":23.9,"bucket":"20-25","color":"#f2a134","aggregate":true,"node_count":822,"nearest_station_id":"kr_467","nearest_station_idx":466}},{"type":"Feature","geometry":{"type":"Polygon","coordinates":[[[126.94339,37.61261],[126.9607,37.61261],[126.9607,37.62992],[126.94339,37.62992],[126.94339,37.61261]]]},"properties":{"row":25,"col":21,"walk_min":26.1,"bucket":"25-30","color":"#e2492d","aggregate":true,"node_count":1276,"nearest_station_id":"kr_409","nearest_station_idx":406}},{"type":"Feature","geometry":{"type":"Polygon","coordinates":[[[126.89148,37.28383],[126.90879,37.28383],[126.90879,37.30113],[126.89148,37.30113],[126.89148,37.28383]]]},"properties":{"row":6,"col":18,"walk_min":37.0,"bucket":">30","color":"#a01818","aggregate":true,"node_count":128,"nearest_station_id":"kr_415","nearest_station_idx":414}},{"type":"Feature","geometry":{"type":"Polygon","coordinates":[[[126.80496,37.61261],[126.82226,37.61261],[126.82226,37.62992],[126.80496,37.62992],[126.80496,37.61261]]]},"properties":{"row":25,"col":13,"walk_min":24.8,"bucket":"20-25","color":"#f2a134","aggregate":true,"node_count":785,"nearest_station_id":"kr_198","nearest_station_idx":200}},{"type":"Feature","geometry":{"type":"Polygon","coordinates":[[[126.82226,37.578],[126.83957,37.578],[126.83957,37.59531],[126.82226,37.59531],[126.82226,37.578]]]},"properties":{"row":23,"col":14,"walk_min":43.6,"bucket":">30","color":"#a01818","aggregate":true,"node_count":336,"nearest_station_id":"kr_441","nearest_station_idx":440}},{"type":"Feature","geometry":{"type":"Polygon","coordinates":[[[127.01261,37.73374],[127.02992,37.73374],[127.02992,37.75105],[127.01261,37.75105],[127.01261,37.73374]]]},"properties":{"row":32,"col":25,"walk_min":30.4,"bucket":">30","color":"#a01818","aggregate":true,"node_count":1144,"nearest_station_id":"kr_448","nearest_station_idx":447}},{"type":"Feature","geometry":{"type":"Polygon","coordinates":[[[127.11644,37.33574],[127.13374,37.33574],[127.13374,37.35305],[127.11644,37.35305],[127.11644,37.33574]]]},"properties":{"row":9,"col":31,"walk_min":28.9,"bucket":"25-30","color":"#e2492d","aggregate":true,"node_count":1553,"nearest_station_id":"kr_172","nearest_station_idx":174}},{"type":"Feature","geometry":{"type":"Polygon","coordinates":[[[126.75305,37.62992],[126.77035,37.62992],[126.77035,37.64722],[126.75305,37.64722],[126.75305,37.62992]]]},"properties":{"row":26,"col":10,"walk_min":26.4,"bucket":"25-30","color":"#e2492d","aggregate":true,"node_count":233,"nearest_station_id":"kr_261","nearest_station_idx":260}},{"type":"Feature","geometry":{"type":"Polygon","coordinates":[[[127.01261,37.66453],[127.02992,37.66453],[127.02992,37.68183],[127.01261,37.68183],[127.01261,37.66453]]]},"properties":{"row":28,"col":25,"walk_min":26.6,"bucket":"25-30","color":"#e2492d","aggregate":true,"node_count":706,"nearest_station_id":"kr_395","nearest_station_idx":392}},{"type":"Feature","geometry":{"type":"Polygon","coordinates":[[[126.71844,37.37035],[126.73574,37.37035],[126.73574,37.38765],[126.71844,37.38765],[126.71844,37.37035]]]},"properties":{"row":11,"col":8,"walk_min":30.3,"bucket":">30","color":"#a01818","aggregate":true,"node_count":1596,"nearest_station_id":"kr_428","nearest_station_idx":427}},{"type":"Feature","geometry":{"type":"Polygon","coordinates":[[[126.73574,37.45687],[126.75305,37.45687],[126.75305,37.47418],[126.73574,37.47418],[126.73574,37.45687]]]},"properties":{"row":16,"col":9,"walk_min":31.3,"bucket":">30","color":"#a01818","aggregate":true,"node_count":1298,"nearest_station_id":"kr_159","nearest_station_idx":161}},{"type":"Feature","geometry":{"type":"Polygon","coordinates":[[[126.75305,37.45687],[126.77035,37.45687],[126.77035,37.47418],[126.75305,37.47418],[126.75305,37.45687]]]},"properties":{"row":16,"col":10,"walk_min":26.2,"bucket":"25-30","color":"#e2492d","aggregate":true,"node_count":1206,"nearest_station_id":"kr_452","nearest_station_idx":451}},{"type":"Feature","geometry":{"type":"Polygon","coordinates":[[[126.90879,37.45687],[126.92609,37.45687],[126.92609,37.47418],[126.90879,37.47418],[126.90879,37.45687]]]},"properties":{"row":16,"col":19,"walk_min":23.4,"bucket":"20-25","color":"#f2a134","aggregate":true,"node_count":3504,"nearest_station_id":"kr_008","nearest_station_idx":7}},{"type":"Feature","geometry":{"type":"Polygon","coordinates":[[[127.08183,37.45687],[127.09914,37.45687],[127.09914,37.47418],[127.08183,37.47418],[127.08183,37.45687]]]},"properties":{"row":16,"col":29,"walk_min":29.2,"bucket":"25-30","color":"#e2492d","aggregate":true,"node_count":1659,"nearest_station_id":"kr_298","nearest_station_idx":311}},{"type":"Feature","geometry":{"type":"Polygon","coordinates":[[[127.18566,37.38765],[127.20296,37.38765],[127.20296,37.40496],[127.18566,37.40496],[127.18566,37.38765]]]},"properties":{"row":12,"col":35,"walk_min":36.2,"bucket":">30","color":"#a01818","aggregate":true,"node_count":486,"nearest_station_id":"kr_237","nearest_station_idx":239}},{"type":"Feature","geometry":{"type":"Polygon","coordinates":[[[127.06453,37.42226],[127.08183,37.42226],[127.08183,37.43957],[127.06453,37.43957],[127.06453,37.42226]]]},"properties":{"row":14,"col":28,"walk_min":30.2,"bucket":">30","color":"#a01818","aggregate":true,"node_count":883,"nearest_station_id":"kr_040","nearest_station_idx":42}},{"type":"Feature","geometry":{"type":"Polygon","coordinates":[[[126.99531,37.40496],[127.01261,37.40496],[127.01261,37.42226],[126.99531,37.42226],[126.99531,37.40496]]]},"properties":{"row":13,"col":24,"walk_min":29.5,"bucket":"25-30","color":"#e2492d","aggregate":true,"node_count":649,"nearest_station_id":"kr_367","nearest_station_idx":364}},{"type":"Feature","geometry":{"type":"Polygon","coordinates":[[[127.08183,37.68183],[127.09914,37.68183],[127.09914,37.69914],[127.08183,37.69914],[127.08183,37.68183]]]},"properties":{"row":29,"col":29,"walk_min":30.0,"bucket":">30","color":"#a01818","aggregate":true,"node_count":982,"nearest_station_id":"kr_262","nearest_station_idx":261}},{"type":"Feature","geometry":{"type":"Polygon","coordinates":[[[126.64922,37.43957],[126.66652,37.43957],[126.66652,37.45687],[126.64922,37.45687],[126.64922,37.43957]]]},"properties":{"row":15,"col":4,"walk_min":27.3,"bucket":"25-30","color":"#e2492d","aggregate":true,"node_count":1124,"nearest_station_id":"kr_379","nearest_station_idx":376}},{"type":"Feature","geometry":{"type":"Polygon","coordinates":[[[127.22027,37.38765],[127.23757,37.38765],[127.23757,37.40496],[127.22027,37.40496],[127.22027,37.38765]]]},"properties":{"row":12,"col":37,"walk_min":40.5,"bucket":">30","color":"#a01818","aggregate":true,"node_count":101,"nearest_station_id":"kr_149","nearest_station_idx":146}},{"type":"Feature","geometry":{"type":"Polygon","coordinates":[[[127.06453,37.18],[127.08183,37.18],[127.08183,37.1973],[127.06453,37.1973],[127.06453,37.18]]]},"properties":{"row":0,"col":28,"walk_min":30.7,"bucket":">30","color":"#a01818","aggregate":true,"node_count":2203,"nearest_station_id":"kr_466","nearest_station_idx":465}},{"type":"Feature","geometry":{"type":"Polygon","coordinates":[[[127.01261,37.76835],[127.02992,37.76835],[127.02992,37.78566],[127.01261,37.78566],[127.01261,37.76835]]]},"properties":{"row":34,"col":25,"walk_min":29.1,"bucket":"25-30","color":"#e2492d","aggregate":true,"node_count":1002,"nearest_station_id":"kr_092","nearest_station_idx":91}},{"type":"Feature","geometry":{"type":"Polygon","coordinates":[[[126.63191,37.43957],[126.64922,37.43957],[126.64922,37.45687],[126.63191,37.45687],[126.63191,37.43957]]]},"properties":{"row":15,"col":3,"walk_min":29.3,"bucket":"25-30","color":"#e2492d","aggregate":true,"node_count":604,"nearest_station_id":"kr_457","nearest_station_idx":456}},{"type":"Feature","geometry":{"type":"Polygon","coordinates":[[[127.04722,37.31844],[127.06453,37.31844],[127.06453,37.33574],[127.04722,37.33574],[127.04722,37.31844]]]},"properties":{"row":8,"col":27,"walk_min":32.0,"bucket":">30","color":"#a01818","aggregate":true,"node_count":2366,"nearest_station_id":"kr_266","nearest_station_idx":265}},{"type":"Feature","geometry":{"type":"Polygon","coordinates":[[[126.82226,37.45687],[126.83957,37.45687],[126.83957,37.47418],[126.82226,37.47418],[126.82226,37.45687]]]},"properties":{"row":16,"col":14,"walk_min":29.4,"bucket":"25-30","color":"#e2492d","aggregate":true,"node_count":1428,"nearest_station_id":"kr_194","nearest_station_idx":196}},{"type":"Feature","geometry":{"type":"Polygon","coordinates":[[[127.02992,37.42226],[127.04722,37.42226],[127.04722,37.43957],[127.02992,37.43957],[127.02992,37.42226]]]},"properties":{"row":14,"col":26,"walk_min":31.6,"bucket":">30","color":"#a01818","aggregate":true,"node_count":700,"nearest_station_id":"kr_040","nearest_station_idx":42}},{"type":"Feature","geometry":{"type":"Polygon","coordinates":[[[126.82226,37.28383],[126.83957,37.28383],[126.83957,37.30113],[126.82226,37.30113],[126.82226,37.28383]]]},"properties":{"row":6,"col":14,"walk_min":32.2,"bucket":">30","color":"#a01818","aggregate":true,"node_count":922,"nearest_station_id":"kr_168","nearest_station_idx":170}},{"type":"Feature","geometry":{"type":"Polygon","coordinates":[[[126.82226,37.66453],[126.83957,37.66453],[126.83957,37.68183],[126.82226,37.68183],[126.82226,37.66453]]]},"properties":{"row":28,"col":14,"walk_min":35.0,"bucket":">30","color":"#a01818","aggregate":true,"node_count":750,"nearest_station_id":"kr_145","nearest_station_idx":147}},{"type":"Feature","geometry":{"type":"Polygon","coordinates":[[[127.01261,37.18],[127.02992,37.18],[127.02992,37.1973],[127.01261,37.1973],[127.01261,37.18]]]},"properties":{"row":0,"col":25,"walk_min":29.2,"bucket":"25-30","color":"#e2492d","aggregate":true,"node_count":2230,"nearest_station_id":"kr_388","nearest_station_idx":385}},{"type":"Feature","geometry":{"type":"Polygon","coordinates":[[[127.02992,37.23191],[127.04722,37.23191],[127.04722,37.24922],[127.02992,37.24922],[127.02992,37.23191]]]},"properties":{"row":3,"col":26,"walk_min":30.8,"bucket":">30","color":"#a01818","aggregate":true,"node_count":1404,"nearest_station_id":"kr_462","nearest_station_idx":461}},{"type":"Feature","geometry":{"type":"Polygon","coordinates":[[[127.06453,37.45687],[127.08183,37.45687],[127.08183,37.47418],[127.06453,37.47418],[127.06453,37.45687]]]},"properties":{"row":16,"col":28,"walk_min":28.4,"bucket":"25-30","color":"#e2492d","aggregate":true,"node_count":2811,"nearest_station_id":"kr_298","nearest_station_idx":311}},{"type":"Feature","geometry":{"type":"Polygon","coordinates":[[[127.11644,37.35305],[127.13374,37.35305],[127.13374,37.37035],[127.11644,37.37035],[127.11644,37.35305]]]},"properties":{"row":10,"col":31,"walk_min":29.4,"bucket":"25-30","color":"#e2492d","aggregate":true,"node_count":1822,"nearest_station_id":"kr_148","nearest_station_idx":150}},{"type":"Feature","geometry":{"type":"Polygon","coordinates":[[[127.20296,37.73374],[127.22027,37.73374],[127.22027,37.75105],[127.20296,37.75105],[127.20296,37.73374]]]},"properties":{"row":32,"col":36,"walk_min":30.6,"bucket":">30","color":"#a01818","aggregate":true,"node_count":1904,"nearest_station_id":"kr_470","nearest_station_idx":469}},{"type":"Feature","geometry":{"type":"Polygon","coordinates":[[[127.01261,37.68183],[127.02992,37.68183],[127.02992,37.69914],[127.01261,37.69914],[127.01261,37.68183]]]},"properties":{"row":29,"col":25,"walk_min":29.1,"bucket":"25-30","color":"#e2492d","aggregate":true,"node_count":1028,"nearest_station_id":"kr_044","nearest_station_idx":41}},{"type":"Feature","geometry":{"type":"Polygon","coordinates":[[[126.83957,37.66453],[126.85687,37.66453],[126.85687,37.68183],[126.83957,37.68183],[126.83957,37.66453]]]},"properties":{"row":28,"col":15,"walk_min":31.7,"bucket":">30","color":"#a01818","aggregate":true,"node_count":443,"nearest_station_id":"kr_145","nearest_station_idx":147}},{"type":"Feature","geometry":{"type":"Polygon","coordinates":[[[126.66652,37.49148],[126.68383,37.49148],[126.68383,37.50879],[126.66652,37.50879],[126.66652,37.49148]]]},"properties":{"row":18,"col":5,"walk_min":32.8,"bucket":">30","color":"#a01818","aggregate":true,"node_count":1498,"nearest_station_id":"kr_258","nearest_station_idx":412}},{"type":"Feature","geometry":{"type":"Polygon","coordinates":[[[126.85687,37.42226],[126.87418,37.42226],[126.87418,37.43957],[126.85687,37.43957],[126.85687,37.42226]]]},"properties":{"row":14,"col":16,"walk_min":35.4,"bucket":">30","color":"#a01818","aggregate":true,"node_count":1099,"nearest_station_id":"kr_442","nearest_station_idx":441}},{"type":"Feature","geometry":{"type":"Polygon","coordinates":[[[126.80496,37.45687],[126.82226,37.45687],[126.82226,37.47418],[126.80496,37.47418],[126.80496,37.45687]]]},"properties":{"row":16,"col":13,"walk_min":29.9,"bucket":"25-30","color":"#e2492d","aggregate":true,"node_count":1465,"nearest_station_id":"kr_024","nearest_station_idx":19}},{"type":"Feature","geometry":{"type":"Polygon","coordinates":[[[127.13374,37.40496],[127.15105,37.40496],[127.15105,37.42226],[127.13374,37.42226],[127.13374,37.40496]]]},"properties":{"row":13,"col":32,"walk_min":31.0,"bucket":">30","color":"#a01818","aggregate":true,"node_count":1495,"nearest_station_id":"kr_108","nearest_station_idx":107}},{"type":"Feature","geometry":{"type":"Polygon","coordinates":[[[127.22027,37.54339],[127.22892,37.54339],[127.22892,37.5607],[127.22027,37.5607],[127.22027,37.54339]]]},"properties":{"row":21,"col":37,"walk_min":28.8,"bucket":"25-30","color":"#e2492d","aggregate":true,"node_count":17,"nearest_station_id":"kr_469","nearest_station_idx":468}},{"type":"Feature","geometry":{"type":"Polygon","coordinates":[[[126.75305,37.31844],[126.77035,37.31844],[126.77035,37.33574],[126.75305,37.33574],[126.75305,37.31844]]]},"properties":{"row":8,"col":10,"walk_min":30.1,"bucket":">30","color":"#a01818","aggregate":true,"node_count":226,"nearest_station_id":"kr_427","nearest_station_idx":426}},{"type":"Feature","geometry":{"type":"Polygon","coordinates":[[[126.87418,37.38765],[126.89148,37.38765],[126.89148,37.40496],[126.87418,37.40496],[126.87418,37.38765]]]},"properties":{"row":12,"col":17,"walk_min":35.8,"bucket":">30","color":"#a01818","aggregate":true,"node_count":364,"nearest_station_id":"kr_442","nearest_station_idx":441}},{"type":"Feature","geometry":{"type":"Polygon","coordinates":[[[126.99531,37.64722],[127.01261,37.64722],[127.01261,37.66453],[126.99531,37.66453],[126.99531,37.64722]]]},"properties":{"row":27,"col":24,"walk_min":34.3,"bucket":">30","color":"#a01818","aggregate":true,"node_count":1366,"nearest_station_id":"kr_116","nearest_station_idx":115}},{"type":"Feature","geometry":{"type":"Polygon","coordinates":[[[127.06453,37.71644],[127.08183,37.71644],[127.08183,37.73374],[127.06453,37.73374],[127.06453,37.71644]]]},"properties":{"row":31,"col":28,"walk_min":30.4,"bucket":">30","color":"#a01818","aggregate":true,"node_count":690,"nearest_station_id":"kr_062","nearest_station_idx":61}},{"type":"Feature","geometry":{"type":"Polygon","coordinates":[[[127.01261,37.71644],[127.02992,37.71644],[127.02992,37.73374],[127.01261,37.73374],[127.01261,37.71644]]]},"properties":{"row":31,"col":25,"walk_min":29.4,"bucket":"25-30","color":"#e2492d","aggregate":true,"node_count":891,"nearest_station_id":"kr_062","nearest_station_idx":61}},{"type":"Feature","geometry":{"type":"Polygon","coordinates":[[[127.08183,37.38765],[127.09914,37.38765],[127.09914,37.40496],[127.08183,37.40496],[127.08183,37.38765]]]},"properties":{"row":12,"col":29,"walk_min":31.9,"bucket":">30","color":"#a01818","aggregate":true,"node_count":1745,"nearest_station_id":"kr_041","nearest_station_idx":44}},{"type":"Feature","geometry":{"type":"Polygon","coordinates":[[[126.71844,37.45687],[126.73574,37.45687],[126.73574,37.47418],[126.71844,37.47418],[126.71844,37.45687]]]},"properties":{"row":16,"col":8,"walk_min":28.8,"bucket":"25-30","color":"#e2492d","aggregate":true,"node_count":2902,"nearest_station_id":"kr_378","nearest_station_idx":375}},{"type":"Feature","geometry":{"type":"Polygon","coordinates":[[[127.13374,37.37035],[127.15105,37.37035],[127.15105,37.38765],[127.13374,37.38765],[127.13374,37.37035]]]},"properties":{"row":11,"col":32,"walk_min":29.8,"bucket":"25-30","color":"#e2492d","aggregate":true,"node_count":1520,"nearest_station_id":"kr_108","nearest_station_idx":107}},{"type":"Feature","geometry":{"type":"Polygon","coordinates":[[[127.16835,37.49148],[127.18566,37.49148],[127.18566,37.50879],[127.16835,37.50879],[127.16835,37.49148]]]},"properties":{"row":18,"col":34,"walk_min":34.2,"bucket":">30","color":"#a01818","aggregate":true,"node_count":633,"nearest_station_id":"kr_440","nearest_station_idx":439}},{"type":"Feature","geometry":{"type":"Polygon","coordinates":[[[127.01261,37.69914],[127.02992,37.69914],[127.02992,37.71644],[127.01261,37.71644],[127.01261,37.69914]]]},"properties":{"row":30,"col":25,"walk_min":30.7,"bucket":">30","color":"#a01818","aggregate":true,"node_count":954,"nearest_station_id":"kr_449","nearest_station_idx":448}},{"type":"Feature","geometry":{"type":"Polygon","coordinates":[[[127.09914,37.68183],[127.11644,37.68183],[127.11644,37.69914],[127.09914,37.69914],[127.09914,37.68183]]]},"properties":{"row":29,"col":30,"walk_min":35.1,"bucket":">30","color":"#a01818","aggregate":true,"node_count":325,"nearest_station_id":"kr_310","nearest_station_idx":306}},{"type":"Feature","geometry":{"type":"Polygon","coordinates":[[[127.16835,37.47418],[127.18566,37.47418],[127.18566,37.49148],[127.16835,37.49148],[127.16835,37.47418]]]},"properties":{"row":17,"col":34,"walk_min":31.5,"bucket":">30","color":"#a01818","aggregate":true,"node_count":1207,"nearest_station_id":"kr_440","nearest_station_idx":439}},{"type":"Feature","geometry":{"type":"Polygon","coordinates":[[[126.78765,37.66453],[126.80496,37.66453],[126.80496,37.68183],[126.78765,37.68183],[126.78765,37.66453]]]},"properties":{"row":28,"col":12,"walk_min":32.0,"bucket":">30","color":"#a01818","aggregate":true,"node_count":2962,"nearest_station_id":"kr_302","nearest_station_idx":298}},{"type":"Feature","geometry":{"type":"Polygon","coordinates":[[[127.16835,37.71644],[127.18566,37.71644],[127.18566,37.73374],[127.16835,37.73374],[127.16835,37.71644]]]},"properties":{"row":31,"col":34,"walk_min":29.6,"bucket":"25-30","color":"#e2492d","aggregate":true,"node_count":834,"nearest_station_id":"kr_470","nearest_station_idx":469}},{"type":"Feature","geometry":{"type":"Polygon","coordinates":[[[126.70113,37.52609],[126.71844,37.52609],[126.71844,37.54339],[126.70113,37.54339],[126.70113,37.52609]]]},"properties":{"row":20,"col":7,"walk_min":33.5,"bucket":">30","color":"#a01818","aggregate":true,"node_count":1861,"nearest_station_id":"kr_258","nearest_station_idx":412}},{"type":"Feature","geometry":{"type":"Polygon","coordinates":[[[127.16835,37.52609],[127.18566,37.52609],[127.18566,37.54339],[127.16835,37.54339],[127.16835,37.52609]]]},"properties":{"row":20,"col":34,"walk_min":32.1,"bucket":">30","color":"#a01818","aggregate":true,"node_count":1603,"nearest_station_id":"kr_205","nearest_station_idx":207}},{"type":"Feature","geometry":{"type":"Polygon","coordinates":[[[127.22027,37.69914],[127.23757,37.69914],[127.23757,37.71644],[127.22027,37.71644],[127.22027,37.69914]]]},"properties":{"row":30,"col":37,"walk_min":32.8,"bucket":">30","color":"#a01818","aggregate":true,"node_count":96,"nearest_station_id":"kr_470","nearest_station_idx":469}},{"type":"Feature","geometry":{"type":"Polygon","coordinates":[[[127.22027,37.71644],[127.23757,37.71644],[127.23757,37.73374],[127.22027,37.73374],[127.22027,37.71644]]]},"properties":{"row":31,"col":37,"walk_min":37.9,"bucket":">30","color":"#a01818","aggregate":true,"node_count":192,"nearest_station_id":"kr_470","nearest_station_idx":469}},{"type":"Feature","geometry":{"type":"Polygon","coordinates":[[[126.71844,37.52609],[126.73574,37.52609],[126.73574,37.54339],[126.71844,37.54339],[126.71844,37.52609]]]},"properties":{"row":20,"col":8,"walk_min":33.0,"bucket":">30","color":"#a01818","aggregate":true,"node_count":2155,"nearest_station_id":"kr_287","nearest_station_idx":347}},{"type":"Feature","geometry":{"type":"Polygon","coordinates":[[[127.06453,37.26652],[127.08183,37.26652],[127.08183,37.28383],[127.06453,37.28383],[127.06453,37.26652]]]},"properties":{"row":5,"col":28,"walk_min":32.6,"bucket":">30","color":"#a01818","aggregate":true,"node_count":2570,"nearest_station_id":"kr_357","nearest_station_idx":355}},{"type":"Feature","geometry":{"type":"Polygon","coordinates":[[[127.11644,37.61261],[127.13374,37.61261],[127.13374,37.62992],[127.11644,37.62992],[127.11644,37.61261]]]},"properties":{"row":25,"col":31,"walk_min":27.8,"bucket":"25-30","color":"#e2492d","aggregate":true,"node_count":569,"nearest_station_id":"kr_303","nearest_station_idx":299}},{"type":"Feature","geometry":{"type":"Polygon","coordinates":[[[126.73574,37.52609],[126.75305,37.52609],[126.75305,37.54339],[126.73574,37.54339],[126.73574,37.52609]]]},"properties":{"row":20,"col":9,"walk_min":36.4,"bucket":">30","color":"#a01818","aggregate":true,"node_count":1548,"nearest_station_id":"kr_315","nearest_station_idx":272}},{"type":"Feature","geometry":{"type":"Polygon","coordinates":[[[126.80496,37.64722],[126.82226,37.64722],[126.82226,37.66453],[126.80496,37.66453],[126.80496,37.64722]]]},"properties":{"row":27,"col":13,"walk_min":28.1,"bucket":"25-30","color":"#e2492d","aggregate":true,"node_count":626,"nearest_station_id":"kr_145","nearest_station_idx":147}},{"type":"Feature","geometry":{"type":"Polygon","coordinates":[[[126.80496,37.52609],[126.82226,37.52609],[126.82226,37.54339],[126.80496,37.54339],[126.80496,37.52609]]]},"properties":{"row":20,"col":13,"walk_min":30.4,"bucket":">30","color":"#a01818","aggregate":true,"node_count":594,"nearest_station_id":"kr_297","nearest_station_idx":293}},{"type":"Feature","geometry":{"type":"Polygon","coordinates":[[[127.20296,37.5607],[127.22027,37.5607],[127.22027,37.578],[127.20296,37.578],[127.20296,37.5607]]]},"properties":{"row":22,"col":36,"walk_min":50.3,"bucket":">30","color":"#a01818","aggregate":true,"node_count":359,"nearest_station_id":"kr_331","nearest_station_idx":327}},{"type":"Feature","geometry":{"type":"Polygon","coordinates":[[[126.978,37.37035],[126.99531,37.37035],[126.99531,37.38765],[126.978,37.38765],[126.978,37.37035]]]},"properties":{"row":11,"col":23,"walk_min":31.6,"bucket":">30","color":"#a01818","aggregate":true,"node_count":1095,"nearest_station_id":"kr_325","nearest_station_idx":319}},{"type":"Feature","geometry":{"type":"Polygon","coordinates":[[[126.89148,37.38765],[126.90879,37.38765],[126.90879,37.40496],[126.89148,37.40496],[126.89148,37.38765]]]},"properties":{"row":12,"col":18,"walk_min":34.2,"bucket":">30","color":"#a01818","aggregate":true,"node_count":663,"nearest_station_id":"kr_010","nearest_station_idx":9}},{"type":"Feature","geometry":{"type":"Polygon","coordinates":[[[127.16835,37.61261],[127.18566,37.61261],[127.18566,37.62992],[127.16835,37.62992],[127.16835,37.61261]]]},"properties":{"row":25,"col":34,"walk_min":35.4,"bucket":">30","color":"#a01818","aggregate":true,"node_count":988,"nearest_station_id":"kr_352","nearest_station_idx":350}},{"type":"Feature","geometry":{"type":"Polygon","coordinates":[[[126.71844,37.64722],[126.73574,37.64722],[126.73574,37.66453],[126.71844,37.66453],[126.71844,37.64722]]]},"properties":{"row":27,"col":8,"walk_min":33.5,"bucket":">30","color":"#a01818","aggregate":true,"node_count":362,"nearest_station_id":"kr_424","nearest_station_idx":423}},{"type":"Feature","geometry":{"type":"Polygon","coordinates":[[[126.9607,37.33574],[126.978,37.33574],[126.978,37.35305],[126.9607,37.35305],[126.9607,37.33574]]]},"properties":{"row":9,"col":22,"walk_min":35.5,"bucket":">30","color":"#a01818","aggregate":true,"node_count":984,"nearest_station_id":"kr_460","nearest_station_idx":459}},{"type":"Feature","geometry":{"type":"Polygon","coordinates":[[[126.78765,37.62126],[126.80496,37.62126],[126.80496,37.62992],[126.78765,37.62992],[126.78765,37.62126]]]},"properties":{"row":25,"col":12,"walk_min":26.8,"bucket":"25-30","color":"#e2492d","aggregate":true,"node_count":162,"nearest_station_id":"kr_198","nearest_station_idx":200}},{"type":"Feature","geometry":{"type":"Polygon","coordinates":[[[126.89148,37.33574],[126.90879,37.33574],[126.90879,37.35305],[126.89148,37.35305],[126.89148,37.33574]]]},"properties":{"row":9,"col":18,"walk_min":35.0,"bucket":">30","color":"#a01818","aggregate":true,"node_count":550,"nearest_station_id":"kr_423","nearest_station_idx":422}},{"type":"Feature","geometry":{"type":"Polygon","coordinates":[[[126.9607,37.35305],[126.978,37.35305],[126.978,37.37035],[126.9607,37.37035],[126.9607,37.35305]]]},"properties":{"row":10,"col":22,"walk_min":35.4,"bucket":">30","color":"#a01818","aggregate":true,"node_count":1272,"nearest_station_id":"kr_072","nearest_station_idx":72}},{"type":"Feature","geometry":{"type":"Polygon","coordinates":[[[127.04722,37.26652],[127.06453,37.26652],[127.06453,37.28383],[127.04722,37.28383],[127.04722,37.26652]]]},"properties":{"row":5,"col":27,"walk_min":33.3,"bucket":">30","color":"#a01818","aggregate":true,"node_count":2235,"nearest_station_id":"kr_357","nearest_station_idx":355}},{"type":"Feature","geometry":{"type":"Polygon","coordinates":[[[126.77035,37.68183],[126.78765,37.68183],[126.78765,37.69914],[126.77035,37.69914],[126.77035,37.68183]]]},"properties":{"row":29,"col":11,"walk_min":35.6,"bucket":">30","color":"#a01818","aggregate":true,"node_count":3139,"nearest_station_id":"kr_350","nearest_station_idx":348}},{"type":"Feature","geometry":{"type":"Polygon","coordinates":[[[126.61461,37.43957],[126.63191,37.43957],[126.63191,37.45687],[126.61461,37.45687],[126.61461,37.43957]]]},"properties":{"row":15,"col":2,"walk_min":37.0,"bucket":">30","color":"#a01818","aggregate":true,"node_count":127,"nearest_station_id":"kr_457","nearest_station_idx":456}},{"type":"Feature","geometry":{"type":"Polygon","coordinates":[[[126.77035,37.61261],[126.78765,37.61261],[126.78765,37.62992],[126.77035,37.62992],[126.77035,37.61261]]]},"properties":{"row":25,"col":11,"walk_min":74.2,"bucket":">30","color":"#a01818","aggregate":true,"node_count":316,"nearest_station_id":"kr_228","nearest_station_idx":229}},{"type":"Feature","geometry":{"type":"Polygon","coordinates":[[[126.66652,37.50879],[126.68383,37.50879],[126.68383,37.52609],[126.66652,37.52609],[126.66652,37.50879]]]},"properties":{"row":19,"col":5,"walk_min":36.8,"bucket":">30","color":"#a01818","aggregate":true,"node_count":1471,"nearest_station_id":"kr_258","nearest_station_idx":412}},{"type":"Feature","geometry":{"type":"Polygon","coordinates":[[[126.85687,37.31844],[126.87418,37.31844],[126.87418,37.33574],[126.85687,37.33574],[126.85687,37.31844]]]},"properties":{"row":8,"col":16,"walk_min":35.3,"bucket":">30","color":"#a01818","aggregate":true,"node_count":676,"nearest_station_id":"kr_425","nearest_station_idx":424}},{"type":"Feature","geometry":{"type":"Polygon","coordinates":[[[127.01261,37.40496],[127.02992,37.40496],[127.02992,37.42226],[127.01261,37.42226],[127.01261,37.40496]]]},"properties":{"row":13,"col":25,"walk_min":35.8,"bucket":">30","color":"#a01818","aggregate":true,"node_count":1141,"nearest_station_id":"kr_346","nearest_station_idx":342}},{"type":"Feature","geometry":{"type":"Polygon","coordinates":[[[127.06453,37.33574],[127.08183,37.33574],[127.08183,37.35305],[127.06453,37.35305],[127.06453,37.33574]]]},"properties":{"row":9,"col":28,"walk_min":34.6,"bucket":">30","color":"#a01818","aggregate":true,"node_count":447,"nearest_station_id":"kr_202","nearest_station_idx":204}},{"type":"Feature","geometry":{"type":"Polygon","coordinates":[[[126.70113,37.35305],[126.71844,37.35305],[126.71844,37.37035],[126.70113,37.37035],[126.70113,37.35305]]]},"properties":{"row":10,"col":7,"walk_min":36.3,"bucket":">30","color":"#a01818","aggregate":true,"node_count":1306,"nearest_station_id":"kr_428","nearest_station_idx":427}},{"type":"Feature","geometry":{"type":"Polygon","coordinates":[[[127.08183,37.40496],[127.09914,37.40496],[127.09914,37.42226],[127.08183,37.42226],[127.08183,37.40496]]]},"properties":{"row":13,"col":29,"walk_min":60.1,"bucket":">30","color":"#a01818","aggregate":true,"node_count":542,"nearest_station_id":"kr_041","nearest_station_idx":44}},{"type":"Feature","geometry":{"type":"Polygon","coordinates":[[[127.06453,37.73374],[127.08183,37.73374],[127.08183,37.75105],[127.06453,37.75105],[127.06453,37.73374]]]},"properties":{"row":32,"col":28,"walk_min":34.0,"bucket":">30","color":"#a01818","aggregate":true,"node_count":3402,"nearest_station_id":"kr_065","nearest_station_idx":66}},{"type":"Feature","geometry":{"type":"Polygon","coordinates":[[[127.02992,37.24922],[127.04722,37.24922],[127.04722,37.26652],[127.02992,37.26652],[127.02992,37.24922]]]},"properties":{"row":4,"col":26,"walk_min":37.3,"bucket":">30","color":"#a01818","aggregate":true,"node_count":2815,"nearest_station_id":"kr_462","nearest_station_idx":461}},{"type":"Feature","geometry":{"type":"Polygon","coordinates":[[[126.78765,37.33574],[126.80496,37.33574],[126.80496,37.35305],[126.78765,37.35305],[126.78765,37.33574]]]},"properties":{"row":9,"col":12,"walk_min":36.0,"bucket":">30","color":"#a01818","aggregate":true,"node_count":896,"nearest_station_id":"kr_263","nearest_station_idx":262}},{"type":"Feature","geometry":{"type":"Polygon","coordinates":[[[126.87418,37.66453],[126.89148,37.66453],[126.89148,37.68183],[126.87418,37.68183],[126.87418,37.66453]]]},"properties":{"row":28,"col":17,"walk_min":36.7,"bucket":">30","color":"#a01818","aggregate":true,"node_count":974,"nearest_station_id":"kr_115","nearest_station_idx":114}},{"type":"Feature","geometry":{"type":"Polygon","coordinates":[[[127.18566,37.578],[127.20296,37.578],[127.20296,37.59531],[127.18566,37.59531],[127.18566,37.578]]]},"properties":{"row":23,"col":35,"walk_min":45.6,"bucket":">30","color":"#a01818","aggregate":true,"node_count":1272,"nearest_station_id":"kr_331","nearest_station_idx":327}},{"type":"Feature","geometry":{"type":"Polygon","coordinates":[[[126.92609,37.40496],[126.94339,37.40496],[126.94339,37.42226],[126.92609,37.42226],[126.92609,37.40496]]]},"properties":{"row":13,"col":20,"walk_min":33.8,"bucket":">30","color":"#a01818","aggregate":true,"node_count":1091,"nearest_station_id":"kr_010","nearest_station_idx":9}},{"type":"Feature","geometry":{"type":"Polygon","coordinates":[[[126.9607,37.42226],[126.978,37.42226],[126.978,37.43957],[126.9607,37.43957],[126.9607,37.42226]]]},"properties":{"row":14,"col":22,"walk_min":33.6,"bucket":">30","color":"#a01818","aggregate":true,"node_count":1399,"nearest_station_id":"kr_367","nearest_station_idx":364}},{"type":"Feature","geometry":{"type":"Polygon","coordinates":[[[126.70113,37.37035],[126.71844,37.37035],[126.71844,37.38765],[126.70113,37.38765],[126.70113,37.37035]]]},"properties":{"row":11,"col":7,"walk_min":95.9,"bucket":">30","color":"#a01818","aggregate":true,"node_count":96,"nearest_station_id":"kr_428","nearest_station_idx":427}},{"type":"Feature","geometry":{"type":"Polygon","coordinates":[[[127.06453,37.75105],[127.08183,37.75105],[127.08183,37.76835],[127.06453,37.76835],[127.06453,37.75105]]]},"properties":{"row":33,"col":28,"walk_min":33.9,"bucket":">30","color":"#a01818","aggregate":true,"node_count":2665,"nearest_station_id":"kr_421","nearest_station_idx":420}},{"type":"Feature","geometry":{"type":"Polygon","coordinates":[[[127.08183,37.35305],[127.09914,37.35305],[127.09914,37.37035],[127.08183,37.37035],[127.08183,37.35305]]]},"properties":{"row":10,"col":29,"walk_min":33.1,"bucket":">30","color":"#a01818","aggregate":true,"node_count":520,"nearest_station_id":"kr_148","nearest_station_idx":150}},{"type":"Feature","geometry":{"type":"Polygon","coordinates":[[[126.61461,37.49148],[126.63191,37.49148],[126.63191,37.50879],[126.61461,37.50879],[126.61461,37.49148]]]},"properties":{"row":18,"col":2,"walk_min":54.5,"bucket":">30","color":"#a01818","aggregate":true,"node_count":124,"nearest_station_id":"kr_458","nearest_station_idx":457}},{"type":"Feature","geometry":{"type":"Polygon","coordinates":[[[126.978,37.24922],[126.99531,37.24922],[126.99531,37.26652],[126.978,37.26652],[126.978,37.24922]]]},"properties":{"row":4,"col":23,"walk_min":34.4,"bucket":">30","color":"#a01818","aggregate":true,"node_count":748,"nearest_station_id":"kr_043","nearest_station_idx":40}},{"type":"Feature","geometry":{"type":"Polygon","coordinates":[[[127.18566,37.42226],[127.20296,37.42226],[127.20296,37.43957],[127.18566,37.43957],[127.18566,37.42226]]]},"properties":{"row":14,"col":35,"walk_min":37.6,"bucket":">30","color":"#a01818","aggregate":true,"node_count":439,"nearest_station_id":"kr_236","nearest_station_idx":238}},{"type":"Feature","geometry":{"type":"Polygon","coordinates":[[[127.04722,37.21461],[127.06453,37.21461],[127.06453,37.23191],[127.04722,37.23191],[127.04722,37.21461]]]},"properties":{"row":2,"col":27,"walk_min":36.5,"bucket":">30","color":"#a01818","aggregate":true,"node_count":1093,"nearest_station_id":"kr_047","nearest_station_idx":46}},{"type":"Feature","geometry":{"type":"Polygon","coordinates":[[[126.9607,37.31844],[126.978,37.31844],[126.978,37.33574],[126.9607,37.33574],[126.9607,37.31844]]]},"properties":{"row":8,"col":22,"walk_min":36.3,"bucket":">30","color":"#a01818","aggregate":true,"node_count":511,"nearest_station_id":"kr_032","nearest_station_idx":31}},{"type":"Feature","geometry":{"type":"Polygon","coordinates":[[[126.85687,37.26652],[126.87418,37.26652],[126.87418,37.28383],[126.85687,37.28383],[126.85687,37.26652]]]},"properties":{"row":5,"col":16,"walk_min":68.8,"bucket":">30","color":"#a01818","aggregate":true,"node_count":304,"nearest_station_id":"kr_114","nearest_station_idx":113}},{"type":"Feature","geometry":{"type":"Polygon","coordinates":[[[127.06453,37.78566],[127.08183,37.78566],[127.08183,37.80296],[127.06453,37.80296],[127.06453,37.78566]]]},"properties":{"row":35,"col":28,"walk_min":35.0,"bucket":">30","color":"#a01818","aggregate":true,"node_count":1587,"nearest_station_id":"kr_447","nearest_station_idx":446}},{"type":"Feature","geometry":{"type":"Polygon","coordinates":[[[126.73574,37.31844],[126.75305,37.31844],[126.75305,37.33574],[126.73574,37.33574],[126.73574,37.31844]]]},"properties":{"row":8,"col":9,"walk_min":40.1,"bucket":">30","color":"#a01818","aggregate":true,"node_count":274,"nearest_station_id":"kr_427","nearest_station_idx":426}},{"type":"Feature","geometry":{"type":"Polygon","coordinates":[[[127.06453,37.76835],[127.08183,37.76835],[127.08183,37.78566],[127.06453,37.78566],[127.06453,37.76835]]]},"properties":{"row":34,"col":28,"walk_min":36.6,"bucket":">30","color":"#a01818","aggregate":true,"node_count":779,"nearest_station_id":"kr_092","nearest_station_idx":91}},{"type":"Feature","geometry":{"type":"Polygon","coordinates":[[[126.90879,37.66453],[126.92609,37.66453],[126.92609,37.68183],[126.90879,37.68183],[126.90879,37.66453]]]},"properties":{"row":28,"col":19,"walk_min":36.5,"bucket":">30","color":"#a01818","aggregate":true,"node_count":609,"nearest_station_id":"kr_104","nearest_station_idx":103}},{"type":"Feature","geometry":{"type":"Polygon","coordinates":[[[126.9607,37.43957],[126.978,37.43957],[126.978,37.45687],[126.9607,37.45687],[126.9607,37.43957]]]},"properties":{"row":15,"col":22,"walk_min":34.8,"bucket":">30","color":"#a01818","aggregate":true,"node_count":1605,"nearest_station_id":"kr_247","nearest_station_idx":248}},{"type":"Feature","geometry":{"type":"Polygon","coordinates":[[[126.85687,37.43957],[126.87418,37.43957],[126.87418,37.45687],[126.85687,37.45687],[126.85687,37.43957]]]},"properties":{"row":15,"col":16,"walk_min":33.6,"bucket":">30","color":"#a01818","aggregate":true,"node_count":808,"nearest_station_id":"kr_008","nearest_station_idx":7}},{"type":"Feature","geometry":{"type":"Polygon","coordinates":[[[127.20296,37.42226],[127.22027,37.42226],[127.22027,37.43957],[127.20296,37.43957],[127.20296,37.42226]]]},"properties":{"row":14,"col":36,"walk_min":44.8,"bucket":">30","color":"#a01818","aggregate":true,"node_count":510,"nearest_station_id":"kr_236","nearest_station_idx":238}},{"type":"Feature","geometry":{"type":"Polygon","coordinates":[[[127.22027,37.53474],[127.22892,37.53474],[127.22892,37.54339],[127.22027,37.54339],[127.22027,37.53474]]]},"properties":{"row":20,"col":37,"walk_min":29.4,"bucket":"25-30","color":"#e2492d","aggregate":true,"node_count":8,"nearest_station_id":"kr_469","nearest_station_idx":468}},{"type":"Feature","geometry":{"type":"Polygon","coordinates":[[[127.01261,37.78566],[127.02992,37.78566],[127.02992,37.80296],[127.01261,37.80296],[127.01261,37.78566]]]},"properties":{"row":35,"col":25,"walk_min":39.9,"bucket":">30","color":"#a01818","aggregate":true,"node_count":1625,"nearest_station_id":"kr_092","nearest_station_idx":91}},{"type":"Feature","geometry":{"type":"Polygon","coordinates":[[[126.71844,37.31844],[126.73574,37.31844],[126.73574,37.33574],[126.71844,37.33574],[126.71844,37.31844]]]},"properties":{"row":8,"col":8,"walk_min":40.1,"bucket":">30","color":"#a01818","aggregate":true,"node_count":162,"nearest_station_id":"kr_351","nearest_station_idx":349}},{"type":"Feature","geometry":{"type":"Polygon","coordinates":[[[126.99531,37.30113],[127.01261,37.30113],[127.01261,37.31844],[126.99531,37.31844],[126.99531,37.30113]]]},"properties":{"row":7,"col":24,"walk_min":38.0,"bucket":">30","color":"#a01818","aggregate":true,"node_count":1574,"nearest_station_id":"kr_085","nearest_station_idx":83}},{"type":"Feature","geometry":{"type":"Polygon","coordinates":[[[127.15105,37.40496],[127.16835,37.40496],[127.16835,37.42226],[127.15105,37.42226],[127.15105,37.40496]]]},"properties":{"row":13,"col":33,"walk_min":40.6,"bucket":">30","color":"#a01818","aggregate":true,"node_count":1219,"nearest_station_id":"kr_353","nearest_station_idx":351}},{"type":"Feature","geometry":{"type":"Polygon","coordinates":[[[126.68383,37.52609],[126.70113,37.52609],[126.70113,37.54339],[126.68383,37.54339],[126.68383,37.52609]]]},"properties":{"row":20,"col":6,"walk_min":43.6,"bucket":">30","color":"#a01818","aggregate":true,"node_count":730,"nearest_station_id":"kr_258","nearest_station_idx":412}},{"type":"Feature","geometry":{"type":"Polygon","coordinates":[[[126.58865,37.47418],[126.5973,37.47418],[126.5973,37.48283],[126.58865,37.48283],[126.58865,37.47418]]]},"properties":{"row":17,"col":0,"walk_min":30.2,"bucket":">30","color":"#a01818","aggregate":true,"node_count":3,"nearest_station_id":"kr_458","nearest_station_idx":457}},{"type":"Feature","geometry":{"type":"Polygon","coordinates":[[[126.80496,37.33574],[126.82226,37.33574],[126.82226,37.35305],[126.80496,37.35305],[126.80496,37.33574]]]},"properties":{"row":9,"col":13,"walk_min":37.4,"bucket":">30","color":"#a01818","aggregate":true,"node_count":1417,"nearest_station_id":"kr_230","nearest_station_idx":231}},{"type":"Feature","geometry":{"type":"Polygon","coordinates":[[[127.16835,37.578],[127.18566,37.578],[127.18566,37.59531],[127.16835,37.59531],[127.16835,37.578]]]},"properties":{"row":23,"col":34,"walk_min":37.7,"bucket":">30","color":"#a01818","aggregate":true,"node_count":879,"nearest_station_id":"kr_331","nearest_station_idx":327}},{"type":"Feature","geometry":{"type":"Polygon","coordinates":[[[127.11644,37.31844],[127.13374,37.31844],[127.13374,37.33574],[127.11644,37.33574],[127.11644,37.31844]]]},"properties":{"row":8,"col":31,"walk_min":36.0,"bucket":">30","color":"#a01818","aggregate":true,"node_count":1735,"nearest_station_id":"kr_202","nearest_station_idx":204}},{"type":"Feature","geometry":{"type":"Polygon","coordinates":[[[126.87418,37.59531],[126.89148,37.59531],[126.89148,37.61261],[126.87418,37.61261],[126.87418,37.59531]]]},"properties":{"row":24,"col":17,"walk_min":47.4,"bucket":">30","color":"#a01818","aggregate":true,"node_count":1647,"nearest_station_id":"kr_318","nearest_station_idx":314}},{"type":"Feature","geometry":{"type":"Polygon","coordinates":[[[126.78765,37.52609],[126.80496,37.52609],[126.80496,37.54339],[126.78765,37.54339],[126.78765,37.52609]]]},"properties":{"row":20,"col":12,"walk_min":41.7,"bucket":">30","color":"#a01818","aggregate":true,"node_count":721,"nearest_station_id":"kr_189","nearest_station_idx":191}},{"type":"Feature","geometry":{"type":"Polygon","coordinates":[[[126.58865,37.45687],[126.5973,37.45687],[126.5973,37.47418],[126.58865,37.47418],[126.58865,37.45687]]]},"properties":{"row":16,"col":0,"walk_min":51.6,"bucket":">30","color":"#a01818","aggregate":true,"node_count":46,"nearest_station_id":"kr_458","nearest_station_idx":457}},{"type":"Feature","geometry":{"type":"Polygon","coordinates":[[[126.92609,37.30113],[126.94339,37.30113],[126.94339,37.31844],[126.92609,37.31844],[126.92609,37.30113]]]},"properties":{"row":7,"col":20,"walk_min":36.7,"bucket":">30","color":"#a01818","aggregate":true,"node_count":256,"nearest_station_id":"kr_032","nearest_station_idx":31}},{"type":"Feature","geometry":{"type":"Polygon","coordinates":[[[126.87418,37.31844],[126.89148,37.31844],[126.89148,37.33574],[126.87418,37.33574],[126.87418,37.31844]]]},"properties":{"row":8,"col":17,"walk_min":35.9,"bucket":">30","color":"#a01818","aggregate":true,"node_count":721,"nearest_station_id":"kr_415","nearest_station_idx":414}},{"type":"Feature","geometry":{"type":"Polygon","coordinates":[[[126.80496,37.28383],[126.82226,37.28383],[126.82226,37.30113],[126.80496,37.30113],[126.80496,37.28383]]]},"properties":{"row":6,"col":13,"walk_min":48.6,"bucket":">30","color":"#a01818","aggregate":true,"node_count":1068,"nearest_station_id":"kr_426","nearest_station_idx":425}},{"type":"Feature","geometry":{"type":"Polygon","coordinates":[[[126.83957,37.40496],[126.85687,37.40496],[126.85687,37.42226],[126.83957,37.42226],[126.83957,37.40496]]]},"properties":{"row":13,"col":15,"walk_min":44.8,"bucket":">30","color":"#a01818","aggregate":true,"node_count":595,"nearest_station_id":"kr_442","nearest_station_idx":441}},{"type":"Feature","geometry":{"type":"Polygon","coordinates":[[[126.75305,37.52609],[126.77035,37.52609],[126.77035,37.54339],[126.75305,37.54339],[126.75305,37.52609]]]},"properties":{"row":20,"col":10,"walk_min":41.5,"bucket":">30","color":"#a01818","aggregate":true,"node_count":445,"nearest_station_id":"kr_292","nearest_station_idx":237}},{"type":"Feature","geometry":{"type":"Polygon","coordinates":[[[127.01261,37.1973],[127.02992,37.1973],[127.02992,37.21461],[127.01261,37.21461],[127.01261,37.1973]]]},"properties":{"row":1,"col":25,"walk_min":39.2,"bucket":">30","color":"#a01818","aggregate":true,"node_count":916,"nearest_station_id":"kr_047","nearest_station_idx":46}},{"type":"Feature","geometry":{"type":"Polygon","coordinates":[[[127.18566,37.73374],[127.20296,37.73374],[127.20296,37.75105],[127.18566,37.75105],[127.18566,37.73374]]]},"properties":{"row":32,"col":35,"walk_min":39.8,"bucket":">30","color":"#a01818","aggregate":true,"node_count":1816,"nearest_station_id":"kr_470","nearest_station_idx":469}},{"type":"Feature","geometry":{"type":"Polygon","coordinates":[[[127.02992,37.21461],[127.04722,37.21461],[127.04722,37.23191],[127.02992,37.23191],[127.02992,37.21461]]]},"properties":{"row":2,"col":26,"walk_min":37.7,"bucket":">30","color":"#a01818","aggregate":true,"node_count":1086,"nearest_station_id":"kr_047","nearest_station_idx":46}},{"type":"Feature","geometry":{"type":"Polygon","coordinates":[[[126.80496,37.66453],[126.82226,37.66453],[126.82226,37.68183],[126.80496,37.68183],[126.80496,37.66453]]]},"properties":{"row":28,"col":13,"walk_min":45.0,"bucket":">30","color":"#a01818","aggregate":true,"node_count":2128,"nearest_station_id":"kr_145","nearest_station_idx":147}},{"type":"Feature","geometry":{"type":"Polygon","coordinates":[[[126.9607,37.59531],[126.978,37.59531],[126.978,37.61261],[126.9607,37.61261],[126.9607,37.59531]]]},"properties":{"row":24,"col":22,"walk_min":39.0,"bucket":">30","color":"#a01818","aggregate":true,"node_count":1966,"nearest_station_id":"kr_075","nearest_station_idx":75}},{"type":"Feature","geometry":{"type":"Polygon","coordinates":[[[126.77035,37.52609],[126.78765,37.52609],[126.78765,37.53474],[126.77035,37.53474],[126.77035,37.52609]]]},"properties":{"row":20,"col":11,"walk_min":34.7,"bucket":">30","color":"#a01818","aggregate":true,"node_count":771,"nearest_station_id":"kr_222","nearest_station_idx":152}},{"type":"Feature","geometry":{"type":"Polygon","coordinates":[[[127.01261,37.26652],[127.02992,37.26652],[127.02992,37.28383],[127.01261,37.28383],[127.01261,37.26652]]]},"properties":{"row":5,"col":25,"walk_min":37.5,"bucket":">30","color":"#a01818","aggregate":true,"node_count":2787,"nearest_station_id":"kr_043","nearest_station_idx":40}},{"type":"Feature","geometry":{"type":"Polygon","coordinates":[[[126.77035,37.35305],[126.78765,37.35305],[126.78765,37.37035],[126.77035,37.37035],[126.77035,37.35305]]]},"properties":{"row":10,"col":11,"walk_min":39.2,"bucket":">30","color":"#a01818","aggregate":true,"node_count":665,"nearest_station_id":"kr_427","nearest_station_idx":426}},{"type":"Feature","geometry":{"type":"Polygon","coordinates":[[[127.13374,37.66453],[127.15105,37.66453],[127.15105,37.68183],[127.13374,37.68183],[127.13374,37.66453]]]},"properties":{"row":28,"col":32,"walk_min":47.7,"bucket":">30","color":"#a01818","aggregate":true,"node_count":529,"nearest_station_id":"kr_310","nearest_station_idx":306}},{"type":"Feature","geometry":{"type":"Polygon","coordinates":[[[126.87418,37.26652],[126.89148,37.26652],[126.89148,37.28383],[126.87418,37.28383],[126.87418,37.26652]]]},"properties":{"row":5,"col":17,"walk_min":50.3,"bucket":">30","color":"#a01818","aggregate":true,"node_count":613,"nearest_station_id":"kr_114","nearest_station_idx":113}},{"type":"Feature","geometry":{"type":"Polygon","coordinates":[[[126.94339,37.62992],[126.9607,37.62992],[126.9607,37.64722],[126.94339,37.64722],[126.94339,37.62992]]]},"properties":{"row":26,"col":21,"walk_min":39.2,"bucket":">30","color":"#a01818","aggregate":true,"node_count":997,"nearest_station_id":"kr_409","nearest_station_idx":406}},{"type":"Feature","geometry":{"type":"Polygon","coordinates":[[[126.83957,37.43957],[126.85687,37.43957],[126.85687,37.45687],[126.83957,37.45687],[126.83957,37.43957]]]},"properties":{"row":15,"col":15,"walk_min":42.7,"bucket":">30","color":"#a01818","aggregate":true,"node_count":342,"nearest_station_id":"kr_220","nearest_station_idx":222}},{"type":"Feature","geometry":{"type":"Polygon","coordinates":[[[126.85687,37.66453],[126.87418,37.66453],[126.87418,37.68183],[126.85687,37.68183],[126.85687,37.66453]]]},"properties":{"row":28,"col":16,"walk_min":44.6,"bucket":">30","color":"#a01818","aggregate":true,"node_count":797,"nearest_station_id":"kr_126","nearest_station_idx":126}},{"type":"Feature","geometry":{"type":"Polygon","coordinates":[[[126.71844,37.43957],[126.73574,37.43957],[126.73574,37.45687],[126.71844,37.45687],[126.71844,37.43957]]]},"properties":{"row":15,"col":8,"walk_min":43.0,"bucket":">30","color":"#a01818","aggregate":true,"node_count":1048,"nearest_station_id":"kr_378","nearest_station_idx":375}},{"type":"Feature","geometry":{"type":"Polygon","coordinates":[[[126.92609,37.42226],[126.94339,37.42226],[126.94339,37.43957],[126.92609,37.43957],[126.92609,37.42226]]]},"properties":{"row":14,"col":20,"walk_min":43.2,"bucket":">30","color":"#a01818","aggregate":true,"node_count":1424,"nearest_station_id":"kr_413","nearest_station_idx":410}},{"type":"Feature","geometry":{"type":"Polygon","coordinates":[[[126.94339,37.26652],[126.9607,37.26652],[126.9607,37.28383],[126.94339,37.28383],[126.94339,37.26652]]]},"properties":{"row":5,"col":21,"walk_min":42.0,"bucket":">30","color":"#a01818","aggregate":true,"node_count":1314,"nearest_station_id":"kr_086","nearest_station_idx":84}},{"type":"Feature","geometry":{"type":"Polygon","coordinates":[[[126.978,37.31844],[126.99531,37.31844],[126.99531,37.33574],[126.978,37.33574],[126.978,37.31844]]]},"properties":{"row":8,"col":23,"walk_min":41.9,"bucket":">30","color":"#a01818","aggregate":true,"node_count":623,"nearest_station_id":"kr_085","nearest_station_idx":83}},{"type":"Feature","geometry":{"type":"Polygon","coordinates":[[[126.94339,37.43957],[126.9607,37.43957],[126.9607,37.45687],[126.94339,37.45687],[126.94339,37.43957]]]},"properties":{"row":15,"col":21,"walk_min":40.2,"bucket":">30","color":"#a01818","aggregate":true,"node_count":1831,"nearest_station_id":"kr_319","nearest_station_idx":315}},{"type":"Feature","geometry":{"type":"Polygon","coordinates":[[[126.89148,37.35305],[126.90879,37.35305],[126.90879,37.37035],[126.89148,37.37035],[126.89148,37.35305]]]},"properties":{"row":10,"col":18,"walk_min":45.0,"bucket":">30","color":"#a01818","aggregate":true,"node_count":677,"nearest_station_id":"kr_364","nearest_station_idx":362}},{"type":"Feature","geometry":{"type":"Polygon","coordinates":[[[126.70113,37.33574],[126.71844,37.33574],[126.71844,37.35305],[126.70113,37.35305],[126.70113,37.33574]]]},"properties":{"row":9,"col":7,"walk_min":43.5,"bucket":">30","color":"#a01818","aggregate":true,"node_count":694,"nearest_station_id":"kr_351","nearest_station_idx":349}},{"type":"Feature","geometry":{"type":"Polygon","coordinates":[[[126.99531,37.37035],[127.01261,37.37035],[127.01261,37.38765],[126.99531,37.38765],[126.99531,37.37035]]]},"properties":{"row":11,"col":24,"walk_min":44.2,"bucket":">30","color":"#a01818","aggregate":true,"node_count":905,"nearest_station_id":"kr_325","nearest_station_idx":319}},{"type":"Feature","geometry":{"type":"Polygon","coordinates":[[[126.75305,37.30113],[126.77035,37.30113],[126.77035,37.31844],[126.75305,37.31844],[126.75305,37.30113]]]},"properties":{"row":7,"col":10,"walk_min":42.9,"bucket":">30","color":"#a01818","aggregate":true,"node_count":121,"nearest_station_id":"kr_263","nearest_station_idx":262}},{"type":"Feature","geometry":{"type":"Polygon","coordinates":[[[127.11644,37.30113],[127.13374,37.30113],[127.13374,37.31844],[127.11644,37.31844],[127.11644,37.30113]]]},"properties":{"row":7,"col":31,"walk_min":52.4,"bucket":">30","color":"#a01818","aggregate":true,"node_count":892,"nearest_station_id":"kr_233","nearest_station_idx":234}},{"type":"Feature","geometry":{"type":"Polygon","coordinates":[[[126.83957,37.33574],[126.85687,37.33574],[126.85687,37.35305],[126.83957,37.35305],[126.83957,37.33574]]]},"properties":{"row":9,"col":15,"walk_min":46.6,"bucket":">30","color":"#a01818","aggregate":true,"node_count":1115,"nearest_station_id":"kr_168","nearest_station_idx":170}},{"type":"Feature","geometry":{"type":"Polygon","coordinates":[[[127.16835,37.59531],[127.18566,37.59531],[127.18566,37.61261],[127.16835,37.61261],[127.16835,37.59531]]]},"properties":{"row":24,"col":34,"walk_min":42.0,"bucket":">30","color":"#a01818","aggregate":true,"node_count":2250,"nearest_station_id":"kr_264","nearest_station_idx":263}},{"type":"Feature","geometry":{"type":"Polygon","coordinates":[[[127.01261,37.28383],[127.02992,37.28383],[127.02992,37.30113],[127.01261,37.30113],[127.01261,37.28383]]]},"properties":{"row":6,"col":25,"walk_min":40.5,"bucket":">30","color":"#a01818","aggregate":true,"node_count":2452,"nearest_station_id":"kr_444","nearest_station_idx":443}},{"type":"Feature","geometry":{"type":"Polygon","coordinates":[[[126.82226,37.59531],[126.83957,37.59531],[126.83957,37.61261],[126.82226,37.61261],[126.82226,37.59531]]]},"properties":{"row":24,"col":14,"walk_min":45.0,"bucket":">30","color":"#a01818","aggregate":true,"node_count":692,"nearest_station_id":"kr_441","nearest_station_idx":440}},{"type":"Feature","geometry":{"type":"Polygon","coordinates":[[[126.63191,37.49148],[126.64922,37.49148],[126.64922,37.50879],[126.63191,37.50879],[126.63191,37.49148]]]},"properties":{"row":18,"col":3,"walk_min":47.0,"bucket":">30","color":"#a01818","aggregate":true,"node_count":109,"nearest_station_id":"kr_330","nearest_station_idx":326}},{"type":"Feature","geometry":{"type":"Polygon","coordinates":[[[127.15105,37.38765],[127.16835,37.38765],[127.16835,37.40496],[127.15105,37.40496],[127.15105,37.38765]]]},"properties":{"row":12,"col":33,"walk_min":41.7,"bucket":">30","color":"#a01818","aggregate":true,"node_count":865,"nearest_station_id":"kr_108","nearest_station_idx":107}},{"type":"Feature","geometry":{"type":"Polygon","coordinates":[[[127.15105,37.69914],[127.16835,37.69914],[127.16835,37.71644],[127.15105,37.71644],[127.15105,37.69914]]]},"properties":{"row":30,"col":33,"walk_min":43.6,"bucket":">30","color":"#a01818","aggregate":true,"node_count":950,"nearest_station_id":"kr_361","nearest_station_idx":359}},{"type":"Feature","geometry":{"type":"Polygon","coordinates":[[[126.9607,37.24922],[126.978,37.24922],[126.978,37.26652],[126.9607,37.26652],[126.9607,37.24922]]]},"properties":{"row":4,"col":22,"walk_min":47.5,"bucket":">30","color":"#a01818","aggregate":true,"node_count":537,"nearest_station_id":"kr_043","nearest_station_idx":40}},{"type":"Feature","geometry":{"type":"Polygon","coordinates":[[[126.82226,37.33574],[126.83957,37.33574],[126.83957,37.35305],[126.82226,37.35305],[126.82226,37.33574]]]},"properties":{"row":9,"col":14,"walk_min":44.7,"bucket":">30","color":"#a01818","aggregate":true,"node_count":1783,"nearest_station_id":"kr_426","nearest_station_idx":425}},{"type":"Feature","geometry":{"type":"Polygon","coordinates":[[[126.83957,37.26652],[126.85687,37.26652],[126.85687,37.28383],[126.83957,37.28383],[126.83957,37.26652]]]},"properties":{"row":5,"col":15,"walk_min":64.5,"bucket":">30","color":"#a01818","aggregate":true,"node_count":489,"nearest_station_id":"kr_114","nearest_station_idx":113}},{"type":"Feature","geometry":{"type":"Polygon","coordinates":[[[126.92609,37.66453],[126.94339,37.66453],[126.94339,37.68183],[126.92609,37.68183],[126.92609,37.66453]]]},"properties":{"row":28,"col":20,"walk_min":47.5,"bucket":">30","color":"#a01818","aggregate":true,"node_count":398,"nearest_station_id":"kr_104","nearest_station_idx":103}},{"type":"Feature","geometry":{"type":"Polygon","coordinates":[[[126.85687,37.61261],[126.87418,37.61261],[126.87418,37.62992],[126.85687,37.62992],[126.85687,37.61261]]]},"properties":{"row":25,"col":16,"walk_min":43.0,"bucket":">30","color":"#a01818","aggregate":true,"node_count":919,"nearest_station_id":"kr_167","nearest_station_idx":169}},{"type":"Feature","geometry":{"type":"Polygon","coordinates":[[[126.978,37.23191],[126.99531,37.23191],[126.99531,37.24922],[126.978,37.24922],[126.978,37.23191]]]},"properties":{"row":3,"col":23,"walk_min":53.5,"bucket":">30","color":"#a01818","aggregate":true,"node_count":623,"nearest_station_id":"kr_462","nearest_station_idx":461}},{"type":"Feature","geometry":{"type":"Polygon","coordinates":[[[127.01261,37.80296],[127.02992,37.80296],[127.02992,37.82027],[127.01261,37.82027],[127.01261,37.80296]]]},"properties":{"row":36,"col":25,"walk_min":53.7,"bucket":">30","color":"#a01818","aggregate":true,"node_count":699,"nearest_station_id":"kr_447","nearest_station_idx":446}},{"type":"Feature","geometry":{"type":"Polygon","coordinates":[[[127.20296,37.578],[127.22027,37.578],[127.22027,37.59531],[127.20296,37.59531],[127.20296,37.578]]]},"properties":{"row":23,"col":36,"walk_min":75.3,"bucket":">30","color":"#a01818","aggregate":true,"node_count":1701,"nearest_station_id":"kr_331","nearest_station_idx":327}},{"type":"Feature","geometry":{"type":"Polygon","coordinates":[[[126.92609,37.28383],[126.94339,37.28383],[126.94339,37.30113],[126.92609,37.30113],[126.92609,37.28383]]]},"properties":{"row":6,"col":20,"walk_min":43.1,"bucket":">30","color":"#a01818","aggregate":true,"node_count":857,"nearest_station_id":"kr_086","nearest_station_idx":84}},{"type":"Feature","geometry":{"type":"Polygon","coordinates":[[[126.87418,37.61261],[126.89148,37.61261],[126.89148,37.62992],[126.87418,37.62992],[126.87418,37.61261]]]},"properties":{"row":25,"col":17,"walk_min":42.6,"bucket":">30","color":"#a01818","aggregate":true,"node_count":1085,"nearest_station_id":"kr_390","nearest_station_idx":387}},{"type":"Feature","geometry":{"type":"Polygon","coordinates":[[[127.15105,37.64722],[127.16835,37.64722],[127.16835,37.66453],[127.15105,37.66453],[127.15105,37.64722]]]},"properties":{"row":27,"col":33,"walk_min":46.4,"bucket":">30","color":"#a01818","aggregate":true,"node_count":701,"nearest_station_id":"kr_438","nearest_station_idx":437}},{"type":"Feature","geometry":{"type":"Polygon","coordinates":[[[126.70113,37.68183],[126.71844,37.68183],[126.71844,37.69914],[126.70113,37.69914],[126.70113,37.68183]]]},"properties":{"row":29,"col":7,"walk_min":45.4,"bucket":">30","color":"#a01818","aggregate":true,"node_count":1163,"nearest_station_id":"kr_424","nearest_station_idx":423}},{"type":"Feature","geometry":{"type":"Polygon","coordinates":[[[127.16835,37.62992],[127.18566,37.62992],[127.18566,37.64722],[127.16835,37.64722],[127.16835,37.62992]]]},"properties":{"row":26,"col":34,"walk_min":43.3,"bucket":">30","color":"#a01818","aggregate":true,"node_count":557,"nearest_station_id":"kr_352","nearest_station_idx":350}},{"type":"Feature","geometry":{"type":"Polygon","coordinates":[[[127.02992,37.28383],[127.04722,37.28383],[127.04722,37.30113],[127.02992,37.30113],[127.02992,37.28383]]]},"properties":{"row":6,"col":26,"walk_min":45.0,"bucket":">30","color":"#a01818","aggregate":true,"node_count":1566,"nearest_station_id":"kr_444","nearest_station_idx":443}},{"type":"Feature","geometry":{"type":"Polygon","coordinates":[[[126.78765,37.28383],[126.80496,37.28383],[126.80496,37.30113],[126.78765,37.30113],[126.78765,37.28383]]]},"properties":{"row":6,"col":12,"walk_min":52.8,"bucket":">30","color":"#a01818","aggregate":true,"node_count":126,"nearest_station_id":"kr_230","nearest_station_idx":231}},{"type":"Feature","geometry":{"type":"Polygon","coordinates":[[[127.08183,37.69914],[127.09914,37.69914],[127.09914,37.71644],[127.08183,37.71644],[127.08183,37.69914]]]},"properties":{"row":30,"col":29,"walk_min":43.5,"bucket":">30","color":"#a01818","aggregate":true,"node_count":920,"nearest_station_id":"kr_467","nearest_station_idx":466}},{"type":"Feature","geometry":{"type":"Polygon","coordinates":[[[126.73574,37.69914],[126.75305,37.69914],[126.75305,37.71644],[126.73574,37.71644],[126.73574,37.69914]]]},"properties":{"row":30,"col":9,"walk_min":47.5,"bucket":">30","color":"#a01818","aggregate":true,"node_count":1979,"nearest_station_id":"kr_424","nearest_station_idx":423}},{"type":"Feature","geometry":{"type":"Polygon","coordinates":[[[126.85687,37.38765],[126.87418,37.38765],[126.87418,37.40496],[126.85687,37.40496],[126.85687,37.38765]]]},"properties":{"row":12,"col":16,"walk_min":46.9,"bucket":">30","color":"#a01818","aggregate":true,"node_count":586,"nearest_station_id":"kr_442","nearest_station_idx":441}},{"type":"Feature","geometry":{"type":"Polygon","coordinates":[[[127.06453,37.35305],[127.08183,37.35305],[127.08183,37.37035],[127.06453,37.37035],[127.06453,37.35305]]]},"properties":{"row":10,"col":28,"walk_min":47.4,"bucket":">30","color":"#a01818","aggregate":true,"node_count":969,"nearest_station_id":"kr_148","nearest_station_idx":150}},{"type":"Feature","geometry":{"type":"Polygon","coordinates":[[[126.75305,37.578],[126.77035,37.578],[126.77035,37.59531],[126.75305,37.59531],[126.75305,37.578]]]},"properties":{"row":23,"col":10,"walk_min":57.8,"bucket":">30","color":"#a01818","aggregate":true,"node_count":663,"nearest_station_id":"kr_429","nearest_station_idx":428}},{"type":"Feature","geometry":{"type":"Polygon","coordinates":[[[126.75305,37.37035],[126.77035,37.37035],[126.77035,37.38765],[126.75305,37.38765],[126.75305,37.37035]]]},"properties":{"row":11,"col":10,"walk_min":45.1,"bucket":">30","color":"#a01818","aggregate":true,"node_count":848,"nearest_station_id":"kr_428","nearest_station_idx":427}},{"type":"Feature","geometry":{"type":"Polygon","coordinates":[[[127.09914,37.28383],[127.11644,37.28383],[127.11644,37.30113],[127.09914,37.30113],[127.09914,37.28383]]]},"properties":{"row":6,"col":30,"walk_min":47.5,"bucket":">30","color":"#a01818","aggregate":true,"node_count":1537,"nearest_station_id":"kr_266","nearest_station_idx":265}},{"type":"Feature","geometry":{"type":"Polygon","coordinates":[[[126.89148,37.66453],[126.90879,37.66453],[126.90879,37.68183],[126.89148,37.68183],[126.89148,37.66453]]]},"properties":{"row":28,"col":18,"walk_min":46.6,"bucket":">30","color":"#a01818","aggregate":true,"node_count":680,"nearest_station_id":"kr_115","nearest_station_idx":114}},{"type":"Feature","geometry":{"type":"Polygon","coordinates":[[[126.75305,37.69914],[126.77035,37.69914],[126.77035,37.71644],[126.75305,37.71644],[126.75305,37.69914]]]},"properties":{"row":30,"col":10,"walk_min":47.8,"bucket":">30","color":"#a01818","aggregate":true,"node_count":2313,"nearest_station_id":"kr_424","nearest_station_idx":423}},{"type":"Feature","geometry":{"type":"Polygon","coordinates":[[[126.80496,37.59531],[126.82226,37.59531],[126.82226,37.61261],[126.80496,37.61261],[126.80496,37.59531]]]},"properties":{"row":24,"col":13,"walk_min":52.4,"bucket":">30","color":"#a01818","aggregate":true,"node_count":514,"nearest_station_id":"kr_441","nearest_station_idx":440}},{"type":"Feature","geometry":{"type":"Polygon","coordinates":[[[126.66652,37.42226],[126.68383,37.42226],[126.68383,37.43957],[126.66652,37.43957],[126.66652,37.42226]]]},"properties":{"row":14,"col":5,"walk_min":46.4,"bucket":">30","color":"#a01818","aggregate":true,"node_count":1688,"nearest_station_id":"kr_248","nearest_station_idx":249}},{"type":"Feature","geometry":{"type":"Polygon","coordinates":[[[127.16835,37.50879],[127.18566,37.50879],[127.18566,37.52609],[127.16835,37.52609],[127.16835,37.50879]]]},"properties":{"row":19,"col":34,"walk_min":46.0,"bucket":">30","color":"#a01818","aggregate":true,"node_count":704,"nearest_station_id":"kr_437","nearest_station_idx":436}},{"type":"Feature","geometry":{"type":"Polygon","coordinates":[[[127.16835,37.40496],[127.18566,37.40496],[127.18566,37.42226],[127.16835,37.42226],[127.16835,37.40496]]]},"properties":{"row":13,"col":34,"walk_min":47.5,"bucket":">30","color":"#a01818","aggregate":true,"node_count":431,"nearest_station_id":"kr_236","nearest_station_idx":238}},{"type":"Feature","geometry":{"type":"Polygon","coordinates":[[[127.08183,37.37035],[127.09914,37.37035],[127.09914,37.38765],[127.08183,37.38765],[127.08183,37.37035]]]},"properties":{"row":11,"col":29,"walk_min":42.9,"bucket":">30","color":"#a01818","aggregate":true,"node_count":696,"nearest_station_id":"kr_148","nearest_station_idx":150}},{"type":"Feature","geometry":{"type":"Polygon","coordinates":[[[126.99531,37.75105],[127.01261,37.75105],[127.01261,37.76835],[126.99531,37.76835],[126.99531,37.75105]]]},"properties":{"row":33,"col":24,"walk_min":48.4,"bucket":">30","color":"#a01818","aggregate":true,"node_count":316,"nearest_station_id":"kr_421","nearest_station_idx":420}},{"type":"Feature","geometry":{"type":"Polygon","coordinates":[[[126.78765,37.59531],[126.80496,37.59531],[126.80496,37.61261],[126.78765,37.61261],[126.78765,37.59531]]]},"properties":{"row":24,"col":12,"walk_min":68.9,"bucket":">30","color":"#a01818","aggregate":true,"node_count":659,"nearest_station_id":"kr_429","nearest_station_idx":428}},{"type":"Feature","geometry":{"type":"Polygon","coordinates":[[[126.70113,37.66453],[126.71844,37.66453],[126.71844,37.68183],[126.70113,37.68183],[126.70113,37.66453]]]},"properties":{"row":28,"col":7,"walk_min":47.4,"bucket":">30","color":"#a01818","aggregate":true,"node_count":183,"nearest_station_id":"kr_424","nearest_station_idx":423}},{"type":"Feature","geometry":{"type":"Polygon","coordinates":[[[127.18566,37.43957],[127.20296,37.43957],[127.20296,37.45687],[127.18566,37.45687],[127.18566,37.43957]]]},"properties":{"row":15,"col":35,"walk_min":44.0,"bucket":">30","color":"#a01818","aggregate":true,"node_count":693,"nearest_station_id":"kr_232","nearest_station_idx":233}},{"type":"Feature","geometry":{"type":"Polygon","coordinates":[[[127.11644,37.68183],[127.13374,37.68183],[127.13374,37.69914],[127.11644,37.69914],[127.11644,37.68183]]]},"properties":{"row":29,"col":31,"walk_min":50.0,"bucket":">30","color":"#a01818","aggregate":true,"node_count":193,"nearest_station_id":"kr_310","nearest_station_idx":306}},{"type":"Feature","geometry":{"type":"Polygon","coordinates":[[[126.78765,37.43957],[126.80496,37.43957],[126.80496,37.45687],[126.78765,37.45687],[126.78765,37.43957]]]},"properties":{"row":15,"col":12,"walk_min":50.4,"bucket":">30","color":"#a01818","aggregate":true,"node_count":3647,"nearest_station_id":"kr_451","nearest_station_idx":450}},{"type":"Feature","geometry":{"type":"Polygon","coordinates":[[[126.82226,37.43957],[126.83957,37.43957],[126.83957,37.45687],[126.82226,37.45687],[126.82226,37.43957]]]},"properties":{"row":15,"col":14,"walk_min":52.4,"bucket":">30","color":"#a01818","aggregate":true,"node_count":666,"nearest_station_id":"kr_220","nearest_station_idx":222}},{"type":"Feature","geometry":{"type":"Polygon","coordinates":[[[126.64922,37.49148],[126.66652,37.49148],[126.66652,37.50879],[126.64922,37.50879],[126.64922,37.49148]]]},"properties":{"row":18,"col":4,"walk_min":43.4,"bucket":">30","color":"#a01818","aggregate":true,"node_count":188,"nearest_station_id":"kr_330","nearest_station_idx":326}},{"type":"Feature","geometry":{"type":"Polygon","coordinates":[[[126.85687,37.578],[126.87418,37.578],[126.87418,37.59531],[126.85687,37.59531],[126.85687,37.578]]]},"properties":{"row":23,"col":16,"walk_min":45.8,"bucket":">30","color":"#a01818","aggregate":true,"node_count":1373,"nearest_station_id":"kr_430","nearest_station_idx":429}},{"type":"Feature","geometry":{"type":"Polygon","coordinates":[[[126.92609,37.43957],[126.94339,37.43957],[126.94339,37.45687],[126.92609,37.45687],[126.92609,37.43957]]]},"properties":{"row":15,"col":20,"walk_min":44.0,"bucket":">30","color":"#a01818","aggregate":true,"node_count":1581,"nearest_station_id":"kr_392","nearest_station_idx":389}},{"type":"Feature","geometry":{"type":"Polygon","coordinates":[[[126.77035,37.29248],[126.78765,37.29248],[126.78765,37.30113],[126.77035,37.30113],[126.77035,37.29248]]]},"properties":{"row":6,"col":11,"walk_min":45.0,"bucket":">30","color":"#a01818","aggregate":true,"node_count":127,"nearest_station_id":"kr_263","nearest_station_idx":262}},{"type":"Feature","geometry":{"type":"Polygon","coordinates":[[[126.83957,37.59531],[126.85687,37.59531],[126.85687,37.61261],[126.83957,37.61261],[126.83957,37.59531]]]},"properties":{"row":24,"col":15,"walk_min":52.6,"bucket":">30","color":"#a01818","aggregate":true,"node_count":556,"nearest_station_id":"kr_167","nearest_station_idx":169}},{"type":"Feature","geometry":{"type":"Polygon","coordinates":[[[126.68383,37.42226],[126.70113,37.42226],[126.70113,37.43957],[126.68383,37.43957],[126.68383,37.42226]]]},"properties":{"row":14,"col":6,"walk_min":47.1,"bucket":">30","color":"#a01818","aggregate":true,"node_count":1896,"nearest_station_id":"kr_455","nearest_station_idx":454}},{"type":"Feature","geometry":{"type":"Polygon","coordinates":[[[127.22027,37.68183],[127.23757,37.68183],[127.23757,37.69914],[127.22027,37.69914],[127.22027,37.68183]]]},"properties":{"row":29,"col":37,"walk_min":49.3,"bucket":">30","color":"#a01818","aggregate":true,"node_count":156,"nearest_station_id":"kr_361","nearest_station_idx":359}},{"type":"Feature","geometry":{"type":"Polygon","coordinates":[[[126.94339,37.64722],[126.9607,37.64722],[126.9607,37.66453],[126.94339,37.66453],[126.94339,37.64722]]]},"properties":{"row":27,"col":21,"walk_min":47.4,"bucket":">30","color":"#a01818","aggregate":true,"node_count":894,"nearest_station_id":"kr_104","nearest_station_idx":103}},{"type":"Feature","geometry":{"type":"Polygon","coordinates":[[[127.20296,37.66453],[127.22027,37.66453],[127.22027,37.68183],[127.20296,37.68183],[127.20296,37.66453]]]},"properties":{"row":28,"col":36,"walk_min":52.3,"bucket":">30","color":"#a01818","aggregate":true,"node_count":1136,"nearest_station_id":"kr_361","nearest_station_idx":359}},{"type":"Feature","geometry":{"type":"Polygon","coordinates":[[[126.89148,37.37035],[126.90879,37.37035],[126.90879,37.38765],[126.89148,37.38765],[126.89148,37.37035]]]},"properties":{"row":11,"col":18,"walk_min":47.0,"bucket":">30","color":"#a01818","aggregate":true,"node_count":548,"nearest_station_id":"kr_459","nearest_station_idx":458}},{"type":"Feature","geometry":{"type":"Polygon","coordinates":[[[127.02992,37.26652],[127.04722,37.26652],[127.04722,37.28383],[127.02992,37.28383],[127.02992,37.26652]]]},"properties":{"row":5,"col":26,"walk_min":44.5,"bucket":">30","color":"#a01818","aggregate":true,"node_count":1677,"nearest_station_id":"kr_357","nearest_station_idx":355}},{"type":"Feature","geometry":{"type":"Polygon","coordinates":[[[126.99531,37.38765],[127.01261,37.38765],[127.01261,37.40496],[126.99531,37.40496],[126.99531,37.38765]]]},"properties":{"row":12,"col":24,"walk_min":50.2,"bucket":">30","color":"#a01818","aggregate":true,"node_count":801,"nearest_station_id":"kr_325","nearest_station_idx":319}},{"type":"Feature","geometry":{"type":"Polygon","coordinates":[[[126.80496,37.43957],[126.82226,37.43957],[126.82226,37.45687],[126.80496,37.45687],[126.80496,37.43957]]]},"properties":{"row":15,"col":13,"walk_min":53.0,"bucket":">30","color":"#a01818","aggregate":true,"node_count":565,"nearest_station_id":"kr_024","nearest_station_idx":19}},{"type":"Feature","geometry":{"type":"Polygon","coordinates":[[[127.15105,37.71644],[127.16835,37.71644],[127.16835,37.73374],[127.15105,37.73374],[127.15105,37.71644]]]},"properties":{"row":31,"col":33,"walk_min":61.3,"bucket":">30","color":"#a01818","aggregate":true,"node_count":287,"nearest_station_id":"kr_361","nearest_station_idx":359}},{"type":"Feature","geometry":{"type":"Polygon","coordinates":[[[127.15105,37.68183],[127.16835,37.68183],[127.16835,37.69914],[127.15105,37.69914],[127.15105,37.68183]]]},"properties":{"row":29,"col":33,"walk_min":50.3,"bucket":">30","color":"#a01818","aggregate":true,"node_count":747,"nearest_station_id":"kr_361","nearest_station_idx":359}},{"type":"Feature","geometry":{"type":"Polygon","coordinates":[[[126.978,37.62992],[126.99531,37.62992],[126.99531,37.64722],[126.978,37.64722],[126.978,37.62992]]]},"properties":{"row":26,"col":23,"walk_min":48.3,"bucket":">30","color":"#a01818","aggregate":true,"node_count":842,"nearest_station_id":"kr_116","nearest_station_idx":115}},{"type":"Feature","geometry":{"type":"Polygon","coordinates":[[[126.83957,37.42226],[126.85687,37.42226],[126.85687,37.43957],[126.83957,37.43957],[126.83957,37.42226]]]},"properties":{"row":14,"col":15,"walk_min":51.4,"bucket":">30","color":"#a01818","aggregate":true,"node_count":484,"nearest_station_id":"kr_442","nearest_station_idx":441}},{"type":"Feature","geometry":{"type":"Polygon","coordinates":[[[127.22027,37.73374],[127.23757,37.73374],[127.23757,37.75105],[127.22027,37.75105],[127.22027,37.73374]]]},"properties":{"row":32,"col":37,"walk_min":46.0,"bucket":">30","color":"#a01818","aggregate":true,"node_count":122,"nearest_station_id":"kr_470","nearest_station_idx":469}},{"type":"Feature","geometry":{"type":"Polygon","coordinates":[[[127.01261,37.82027],[127.02992,37.82027],[127.02992,37.83757],[127.01261,37.83757],[127.01261,37.82027]]]},"properties":{"row":37,"col":25,"walk_min":84.1,"bucket":">30","color":"#a01818","aggregate":true,"node_count":140,"nearest_station_id":"kr_447","nearest_station_idx":446}},{"type":"Feature","geometry":{"type":"Polygon","coordinates":[[[126.9607,37.61261],[126.978,37.61261],[126.978,37.62992],[126.9607,37.62992],[126.9607,37.61261]]]},"properties":{"row":25,"col":22,"walk_min":52.8,"bucket":">30","color":"#a01818","aggregate":true,"node_count":1235,"nearest_station_id":"kr_409","nearest_station_idx":406}},{"type":"Feature","geometry":{"type":"Polygon","coordinates":[[[126.75305,37.5607],[126.77035,37.5607],[126.77035,37.578],[126.75305,37.578],[126.75305,37.5607]]]},"properties":{"row":22,"col":10,"walk_min":54.7,"bucket":">30","color":"#a01818","aggregate":true,"node_count":581,"nearest_station_id":"kr_429","nearest_station_idx":428}},{"type":"Feature","geometry":{"type":"Polygon","coordinates":[[[127.08183,37.18],[127.09914,37.18],[127.09914,37.1973],[127.08183,37.1973],[127.08183,37.18]]]},"properties":{"row":0,"col":29,"walk_min":48.5,"bucket":">30","color":"#a01818","aggregate":true,"node_count":1166,"nearest_station_id":"kr_416","nearest_station_idx":415}},{"type":"Feature","geometry":{"type":"Polygon","coordinates":[[[126.77035,37.43957],[126.78765,37.43957],[126.78765,37.45687],[126.77035,37.45687],[126.77035,37.43957]]]},"properties":{"row":15,"col":11,"walk_min":53.7,"bucket":">30","color":"#a01818","aggregate":true,"node_count":1867,"nearest_station_id":"kr_060","nearest_station_idx":59}},{"type":"Feature","geometry":{"type":"Polygon","coordinates":[[[126.71844,37.69914],[126.73574,37.69914],[126.73574,37.71644],[126.71844,37.71644],[126.71844,37.69914]]]},"properties":{"row":30,"col":8,"walk_min":51.8,"bucket":">30","color":"#a01818","aggregate":true,"node_count":1627,"nearest_station_id":"kr_424","nearest_station_idx":423}},{"type":"Feature","geometry":{"type":"Polygon","coordinates":[[[127.02992,37.31844],[127.04722,37.31844],[127.04722,37.33574],[127.02992,37.33574],[127.02992,37.31844]]]},"properties":{"row":8,"col":26,"walk_min":51.8,"bucket":">30","color":"#a01818","aggregate":true,"node_count":1176,"nearest_station_id":"kr_444","nearest_station_idx":443}},{"type":"Feature","geometry":{"type":"Polygon","coordinates":[[[127.04722,37.33574],[127.06453,37.33574],[127.06453,37.35305],[127.04722,37.35305],[127.04722,37.33574]]]},"properties":{"row":9,"col":27,"walk_min":50.2,"bucket":">30","color":"#a01818","aggregate":true,"node_count":1190,"nearest_station_id":"kr_266","nearest_station_idx":265}},{"type":"Feature","geometry":{"type":"Polygon","coordinates":[[[127.08183,37.43957],[127.09914,37.43957],[127.09914,37.45687],[127.08183,37.45687],[127.08183,37.43957]]]},"properties":{"row":15,"col":29,"walk_min":49.5,"bucket":">30","color":"#a01818","aggregate":true,"node_count":1054,"nearest_station_id":"kr_040","nearest_station_idx":42}},{"type":"Feature","geometry":{"type":"Polygon","coordinates":[[[127.15105,37.37035],[127.16835,37.37035],[127.16835,37.38765],[127.15105,37.38765],[127.15105,37.37035]]]},"properties":{"row":11,"col":33,"walk_min":53.4,"bucket":">30","color":"#a01818","aggregate":true,"node_count":1195,"nearest_station_id":"kr_108","nearest_station_idx":107}},{"type":"Feature","geometry":{"type":"Polygon","coordinates":[[[126.78765,37.68183],[126.80496,37.68183],[126.80496,37.69914],[126.78765,37.69914],[126.78765,37.68183]]]},"properties":{"row":29,"col":12,"walk_min":52.7,"bucket":">30","color":"#a01818","aggregate":true,"node_count":1577,"nearest_station_id":"kr_350","nearest_station_idx":348}},{"type":"Feature","geometry":{"type":"Polygon","coordinates":[[[127.18566,37.66453],[127.20296,37.66453],[127.20296,37.68183],[127.18566,37.68183],[127.18566,37.66453]]]},"properties":{"row":28,"col":35,"walk_min":56.9,"bucket":">30","color":"#a01818","aggregate":true,"node_count":1134,"nearest_station_id":"kr_361","nearest_station_idx":359}},{"type":"Feature","geometry":{"type":"Polygon","coordinates":[[[127.02992,37.40496],[127.04722,37.40496],[127.04722,37.42226],[127.02992,37.42226],[127.02992,37.40496]]]},"properties":{"row":13,"col":26,"walk_min":54.5,"bucket":">30","color":"#a01818","aggregate":true,"node_count":953,"nearest_station_id":"kr_346","nearest_station_idx":342}},{"type":"Feature","geometry":{"type":"Polygon","coordinates":[[[126.78765,37.35305],[126.80496,37.35305],[126.80496,37.37035],[126.78765,37.37035],[126.78765,37.35305]]]},"properties":{"row":10,"col":12,"walk_min":50.4,"bucket":">30","color":"#a01818","aggregate":true,"node_count":1083,"nearest_station_id":"kr_427","nearest_station_idx":426}},{"type":"Feature","geometry":{"type":"Polygon","coordinates":[[[126.99531,37.66453],[127.01261,37.66453],[127.01261,37.68183],[126.99531,37.68183],[126.99531,37.66453]]]},"properties":{"row":28,"col":24,"walk_min":51.4,"bucket":">30","color":"#a01818","aggregate":true,"node_count":659,"nearest_station_id":"kr_395","nearest_station_idx":392}},{"type":"Feature","geometry":{"type":"Polygon","coordinates":[[[126.978,37.61261],[126.99531,37.61261],[126.99531,37.62992],[126.978,37.62992],[126.978,37.61261]]]},"properties":{"row":25,"col":23,"walk_min":52.0,"bucket":">30","color":"#a01818","aggregate":true,"node_count":1079,"nearest_station_id":"kr_106","nearest_station_idx":105}},{"type":"Feature","geometry":{"type":"Polygon","coordinates":[[[126.99531,37.21461],[127.01261,37.21461],[127.01261,37.23191],[126.99531,37.23191],[126.99531,37.21461]]]},"properties":{"row":2,"col":24,"walk_min":50.3,"bucket":">30","color":"#a01818","aggregate":true,"node_count":790,"nearest_station_id":"kr_462","nearest_station_idx":461}},{"type":"Feature","geometry":{"type":"Polygon","coordinates":[[[126.70113,37.42226],[126.71844,37.42226],[126.71844,37.43957],[126.70113,37.43957],[126.70113,37.42226]]]},"properties":{"row":14,"col":7,"walk_min":52.8,"bucket":">30","color":"#a01818","aggregate":true,"node_count":1230,"nearest_station_id":"kr_455","nearest_station_idx":454}},{"type":"Feature","geometry":{"type":"Polygon","coordinates":[[[126.70113,37.31844],[126.71844,37.31844],[126.71844,37.33574],[126.70113,37.33574],[126.70113,37.31844]]]},"properties":{"row":8,"col":7,"walk_min":51.9,"bucket":">30","color":"#a01818","aggregate":true,"node_count":382,"nearest_station_id":"kr_351","nearest_station_idx":349}},{"type":"Feature","geometry":{"type":"Polygon","coordinates":[[[126.99531,37.76835],[127.01261,37.76835],[127.01261,37.78566],[126.99531,37.78566],[126.99531,37.76835]]]},"properties":{"row":34,"col":24,"walk_min":52.9,"bucket":">30","color":"#a01818","aggregate":true,"node_count":639,"nearest_station_id":"kr_092","nearest_station_idx":91}},{"type":"Feature","geometry":{"type":"Polygon","coordinates":[[[127.18566,37.50879],[127.20296,37.50879],[127.20296,37.52609],[127.18566,37.52609],[127.18566,37.50879]]]},"properties":{"row":19,"col":35,"walk_min":52.1,"bucket":">30","color":"#a01818","aggregate":true,"node_count":1213,"nearest_station_id":"kr_360","nearest_station_idx":358}},{"type":"Feature","geometry":{"type":"Polygon","coordinates":[[[126.73574,37.62992],[126.75305,37.62992],[126.75305,37.64722],[126.73574,37.64722],[126.73574,37.62992]]]},"properties":{"row":26,"col":9,"walk_min":90.2,"bucket":">30","color":"#a01818","aggregate":true,"node_count":106,"nearest_station_id":"kr_261","nearest_station_idx":260}},{"type":"Feature","geometry":{"type":"Polygon","coordinates":[[[127.09914,37.42226],[127.11644,37.42226],[127.11644,37.43957],[127.09914,37.43957],[127.09914,37.42226]]]},"properties":{"row":14,"col":30,"walk_min":51.2,"bucket":">30","color":"#a01818","aggregate":true,"node_count":694,"nearest_station_id":"kr_439","nearest_station_idx":438}},{"type":"Feature","geometry":{"type":"Polygon","coordinates":[[[127.13374,37.35305],[127.15105,37.35305],[127.15105,37.37035],[127.13374,37.37035],[127.13374,37.35305]]]},"properties":{"row":10,"col":32,"walk_min":48.7,"bucket":">30","color":"#a01818","aggregate":true,"node_count":1346,"nearest_station_id":"kr_148","nearest_station_idx":150}},{"type":"Feature","geometry":{"type":"Polygon","coordinates":[[[127.06453,37.21461],[127.08183,37.21461],[127.08183,37.23191],[127.06453,37.23191],[127.06453,37.21461]]]},"properties":{"row":2,"col":28,"walk_min":53.3,"bucket":">30","color":"#a01818","aggregate":true,"node_count":1281,"nearest_station_id":"kr_466","nearest_station_idx":465}},{"type":"Feature","geometry":{"type":"Polygon","coordinates":[[[127.08183,37.1973],[127.09914,37.1973],[127.09914,37.21461],[127.08183,37.21461],[127.08183,37.1973]]]},"properties":{"row":1,"col":29,"walk_min":51.5,"bucket":">30","color":"#a01818","aggregate":true,"node_count":1246,"nearest_station_id":"kr_466","nearest_station_idx":465}},{"type":"Feature","geometry":{"type":"Polygon","coordinates":[[[127.18566,37.45687],[127.20296,37.45687],[127.20296,37.47418],[127.18566,37.47418],[127.18566,37.45687]]]},"properties":{"row":16,"col":35,"walk_min":52.8,"bucket":">30","color":"#a01818","aggregate":true,"node_count":897,"nearest_station_id":"kr_232","nearest_station_idx":233}},{"type":"Feature","geometry":{"type":"Polygon","coordinates":[[[126.99531,37.68183],[127.01261,37.68183],[127.01261,37.69914],[126.99531,37.69914],[126.99531,37.68183]]]},"properties":{"row":29,"col":24,"walk_min":52.4,"bucket":">30","color":"#a01818","aggregate":true,"node_count":1112,"nearest_station_id":"kr_044","nearest_station_idx":41}},{"type":"Feature","geometry":{"type":"Polygon","coordinates":[[[126.66652,37.52609],[126.68383,37.52609],[126.68383,37.54339],[126.66652,37.54339],[126.66652,37.52609]]]},"properties":{"row":20,"col":5,"walk_min":56.1,"bucket":">30","color":"#a01818","aggregate":true,"node_count":1322,"nearest_station_id":"kr_258","nearest_station_idx":412}},{"type":"Feature","geometry":{"type":"Polygon","coordinates":[[[127.08183,37.42226],[127.09914,37.42226],[127.09914,37.43957],[127.08183,37.43957],[127.08183,37.42226]]]},"properties":{"row":14,"col":29,"walk_min":53.3,"bucket":">30","color":"#a01818","aggregate":true,"node_count":1137,"nearest_station_id":"kr_439","nearest_station_idx":438}},{"type":"Feature","geometry":{"type":"Polygon","coordinates":[[[127.04722,37.23191],[127.06453,37.23191],[127.06453,37.24922],[127.04722,37.24922],[127.04722,37.23191]]]},"properties":{"row":3,"col":27,"walk_min":51.3,"bucket":">30","color":"#a01818","aggregate":true,"node_count":1475,"nearest_station_id":"kr_462","nearest_station_idx":461}},{"type":"Feature","geometry":{"type":"Polygon","coordinates":[[[127.16835,37.73374],[127.18566,37.73374],[127.18566,37.75105],[127.16835,37.75105],[127.16835,37.73374]]]},"properties":{"row":32,"col":34,"walk_min":67.3,"bucket":">30","color":"#a01818","aggregate":true,"node_count":359,"nearest_station_id":"kr_470","nearest_station_idx":469}},{"type":"Feature","geometry":{"type":"Polygon","coordinates":[[[126.64922,37.50879],[126.66652,37.50879],[126.66652,37.52609],[126.64922,37.52609],[126.64922,37.50879]]]},"properties":{"row":19,"col":4,"walk_min":56.9,"bucket":">30","color":"#a01818","aggregate":true,"node_count":718,"nearest_station_id":"kr_258","nearest_station_idx":412}},{"type":"Feature","geometry":{"type":"Polygon","coordinates":[[[126.978,37.33574],[126.99531,37.33574],[126.99531,37.35305],[126.978,37.35305],[126.978,37.33574]]]},"properties":{"row":9,"col":23,"walk_min":56.3,"bucket":">30","color":"#a01818","aggregate":true,"node_count":1030,"nearest_station_id":"kr_460","nearest_station_idx":459}},{"type":"Feature","geometry":{"type":"Polygon","coordinates":[[[126.85687,37.33574],[126.87418,37.33574],[126.87418,37.35305],[126.85687,37.35305],[126.85687,37.33574]]]},"properties":{"row":9,"col":16,"walk_min":57.3,"bucket":">30","color":"#a01818","aggregate":true,"node_count":879,"nearest_station_id":"kr_168","nearest_station_idx":170}},{"type":"Feature","geometry":{"type":"Polygon","coordinates":[[[127.08183,37.71644],[127.09914,37.71644],[127.09914,37.73374],[127.08183,37.73374],[127.08183,37.71644]]]},"properties":{"row":31,"col":29,"walk_min":61.2,"bucket":">30","color":"#a01818","aggregate":true,"node_count":893,"nearest_station_id":"kr_062","nearest_station_idx":61}},{"type":"Feature","geometry":{"type":"Polygon","coordinates":[[[126.64922,37.42226],[126.66652,37.42226],[126.66652,37.43957],[126.64922,37.43957],[126.64922,37.42226]]]},"properties":{"row":14,"col":4,"walk_min":54.1,"bucket":">30","color":"#a01818","aggregate":true,"node_count":1865,"nearest_station_id":"kr_379","nearest_station_idx":376}},{"type":"Feature","geometry":{"type":"Polygon","coordinates":[[[127.08183,37.75105],[127.09914,37.75105],[127.09914,37.76835],[127.08183,37.76835],[127.08183,37.75105]]]},"properties":{"row":33,"col":29,"walk_min":58.6,"bucket":">30","color":"#a01818","aggregate":true,"node_count":739,"nearest_station_id":"kr_421","nearest_station_idx":420}},{"type":"Feature","geometry":{"type":"Polygon","coordinates":[[[126.73574,37.43957],[126.75305,37.43957],[126.75305,37.45687],[126.73574,37.45687],[126.73574,37.43957]]]},"properties":{"row":15,"col":9,"walk_min":53.8,"bucket":">30","color":"#a01818","aggregate":true,"node_count":871,"nearest_station_id":"kr_378","nearest_station_idx":375}},{"type":"Feature","geometry":{"type":"Polygon","coordinates":[[[127.08183,37.26652],[127.09914,37.26652],[127.09914,37.28383],[127.08183,37.28383],[127.08183,37.26652]]]},"properties":{"row":5,"col":29,"walk_min":52.7,"bucket":">30","color":"#a01818","aggregate":true,"node_count":1311,"nearest_station_id":"kr_307","nearest_station_idx":303}},{"type":"Feature","geometry":{"type":"Polygon","coordinates":[[[126.70113,37.64722],[126.71844,37.64722],[126.71844,37.66453],[126.70113,37.66453],[126.70113,37.64722]]]},"properties":{"row":27,"col":7,"walk_min":113.1,"bucket":">30","color":"#a01818","aggregate":true,"node_count":164,"nearest_station_id":"kr_424","nearest_station_idx":423}},{"type":"Feature","geometry":{"type":"Polygon","coordinates":[[[126.99531,37.73374],[127.01261,37.73374],[127.01261,37.75105],[126.99531,37.75105],[126.99531,37.73374]]]},"properties":{"row":32,"col":24,"walk_min":57.6,"bucket":">30","color":"#a01818","aggregate":true,"node_count":299,"nearest_station_id":"kr_448","nearest_station_idx":447}},{"type":"Feature","geometry":{"type":"Polygon","coordinates":[[[126.94339,37.42226],[126.9607,37.42226],[126.9607,37.43957],[126.94339,37.43957],[126.94339,37.42226]]]},"properties":{"row":14,"col":21,"walk_min":52.8,"bucket":">30","color":"#a01818","aggregate":true,"node_count":1035,"nearest_station_id":"kr_367","nearest_station_idx":364}},{"type":"Feature","geometry":{"type":"Polygon","coordinates":[[[126.978,37.35305],[126.99531,37.35305],[126.99531,37.37035],[126.978,37.37035],[126.978,37.35305]]]},"properties":{"row":10,"col":23,"walk_min":53.1,"bucket":">30","color":"#a01818","aggregate":true,"node_count":769,"nearest_station_id":"kr_072","nearest_station_idx":72}},{"type":"Feature","geometry":{"type":"Polygon","coordinates":[[[127.06453,37.40496],[127.08183,37.40496],[127.08183,37.42226],[127.06453,37.42226],[127.06453,37.40496]]]},"properties":{"row":13,"col":28,"walk_min":62.0,"bucket":">30","color":"#a01818","aggregate":true,"node_count":638,"nearest_station_id":"kr_041","nearest_station_idx":44}},{"type":"Feature","geometry":{"type":"Polygon","coordinates":[[[127.08183,37.80296],[127.09914,37.80296],[127.09914,37.82027],[127.08183,37.82027],[127.08183,37.80296]]]},"properties":{"row":36,"col":29,"walk_min":56.9,"bucket":">30","color":"#a01818","aggregate":true,"node_count":2128,"nearest_station_id":"kr_447","nearest_station_idx":446}},{"type":"Feature","geometry":{"type":"Polygon","coordinates":[[[127.01261,37.30113],[127.02992,37.30113],[127.02992,37.31844],[127.01261,37.31844],[127.01261,37.30113]]]},"properties":{"row":7,"col":25,"walk_min":55.1,"bucket":">30","color":"#a01818","aggregate":true,"node_count":1102,"nearest_station_id":"kr_444","nearest_station_idx":443}},{"type":"Feature","geometry":{"type":"Polygon","coordinates":[[[127.16835,37.38765],[127.18566,37.38765],[127.18566,37.40496],[127.16835,37.40496],[127.16835,37.38765]]]},"properties":{"row":12,"col":34,"walk_min":52.8,"bucket":">30","color":"#a01818","aggregate":true,"node_count":324,"nearest_station_id":"kr_236","nearest_station_idx":238}},{"type":"Feature","geometry":{"type":"Polygon","coordinates":[[[127.18566,37.47418],[127.20296,37.47418],[127.20296,37.49148],[127.18566,37.49148],[127.18566,37.47418]]]},"properties":{"row":17,"col":35,"walk_min":55.1,"bucket":">30","color":"#a01818","aggregate":true,"node_count":996,"nearest_station_id":"kr_440","nearest_station_idx":439}},{"type":"Feature","geometry":{"type":"Polygon","coordinates":[[[126.99531,37.69914],[127.01261,37.69914],[127.01261,37.71644],[126.99531,37.71644],[126.99531,37.69914]]]},"properties":{"row":30,"col":24,"walk_min":59.2,"bucket":">30","color":"#a01818","aggregate":true,"node_count":348,"nearest_station_id":"kr_449","nearest_station_idx":448}},{"type":"Feature","geometry":{"type":"Polygon","coordinates":[[[126.63191,37.42226],[126.64922,37.42226],[126.64922,37.43957],[126.63191,37.43957],[126.63191,37.42226]]]},"properties":{"row":14,"col":3,"walk_min":58.7,"bucket":">30","color":"#a01818","aggregate":true,"node_count":326,"nearest_station_id":"kr_457","nearest_station_idx":456}},{"type":"Feature","geometry":{"type":"Polygon","coordinates":[[[127.08183,37.78566],[127.09914,37.78566],[127.09914,37.80296],[127.08183,37.80296],[127.08183,37.78566]]]},"properties":{"row":35,"col":29,"walk_min":54.7,"bucket":">30","color":"#a01818","aggregate":true,"node_count":1204,"nearest_station_id":"kr_447","nearest_station_idx":446}},{"type":"Feature","geometry":{"type":"Polygon","coordinates":[[[126.87418,37.33574],[126.89148,37.33574],[126.89148,37.35305],[126.87418,37.35305],[126.87418,37.33574]]]},"properties":{"row":9,"col":17,"walk_min":61.0,"bucket":">30","color":"#a01818","aggregate":true,"node_count":470,"nearest_station_id":"kr_423","nearest_station_idx":422}},{"type":"Feature","geometry":{"type":"Polygon","coordinates":[[[127.08183,37.76835],[127.09914,37.76835],[127.09914,37.78566],[127.08183,37.78566],[127.08183,37.76835]]]},"properties":{"row":34,"col":29,"walk_min":57.6,"bucket":">30","color":"#a01818","aggregate":true,"node_count":745,"nearest_station_id":"kr_092","nearest_station_idx":91}},{"type":"Feature","geometry":{"type":"Polygon","coordinates":[[[126.75305,37.43957],[126.77035,37.43957],[126.77035,37.45687],[126.75305,37.45687],[126.75305,37.43957]]]},"properties":{"row":15,"col":10,"walk_min":56.2,"bucket":">30","color":"#a01818","aggregate":true,"node_count":1787,"nearest_station_id":"kr_452","nearest_station_idx":451}},{"type":"Feature","geometry":{"type":"Polygon","coordinates":[[[127.13374,37.33574],[127.15105,37.33574],[127.15105,37.35305],[127.13374,37.35305],[127.13374,37.33574]]]},"properties":{"row":9,"col":32,"walk_min":55.5,"bucket":">30","color":"#a01818","aggregate":true,"node_count":928,"nearest_station_id":"kr_172","nearest_station_idx":174}},{"type":"Feature","geometry":{"type":"Polygon","coordinates":[[[127.08183,37.73374],[127.09914,37.73374],[127.09914,37.75105],[127.08183,37.75105],[127.08183,37.73374]]]},"properties":{"row":32,"col":29,"walk_min":57.1,"bucket":">30","color":"#a01818","aggregate":true,"node_count":2782,"nearest_station_id":"kr_065","nearest_station_idx":66}},{"type":"Feature","geometry":{"type":"Polygon","coordinates":[[[126.99531,37.18],[127.01261,37.18],[127.01261,37.1973],[126.99531,37.1973],[126.99531,37.18]]]},"properties":{"row":0,"col":24,"walk_min":58.9,"bucket":">30","color":"#a01818","aggregate":true,"node_count":481,"nearest_station_id":"kr_047","nearest_station_idx":46}},{"type":"Feature","geometry":{"type":"Polygon","coordinates":[[[126.77035,37.69914],[126.78765,37.69914],[126.78765,37.71644],[126.77035,37.71644],[126.77035,37.69914]]]},"properties":{"row":30,"col":11,"walk_min":60.0,"bucket":">30","color":"#a01818","aggregate":true,"node_count":1284,"nearest_station_id":"kr_350","nearest_station_idx":348}},{"type":"Feature","geometry":{"type":"Polygon","coordinates":[[[126.92609,37.26652],[126.94339,37.26652],[126.94339,37.28383],[126.92609,37.28383],[126.92609,37.26652]]]},"properties":{"row":5,"col":20,"walk_min":58.3,"bucket":">30","color":"#a01818","aggregate":true,"node_count":736,"nearest_station_id":"kr_086","nearest_station_idx":84}},{"type":"Feature","geometry":{"type":"Polygon","coordinates":[[[126.978,37.64722],[126.99531,37.64722],[126.99531,37.66453],[126.978,37.66453],[126.978,37.64722]]]},"properties":{"row":27,"col":23,"walk_min":61.8,"bucket":">30","color":"#a01818","aggregate":true,"node_count":1001,"nearest_station_id":"kr_116","nearest_station_idx":115}},{"type":"Feature","geometry":{"type":"Polygon","coordinates":[[[126.94339,37.24922],[126.9607,37.24922],[126.9607,37.26652],[126.94339,37.26652],[126.94339,37.24922]]]},"properties":{"row":4,"col":21,"walk_min":60.9,"bucket":">30","color":"#a01818","aggregate":true,"node_count":769,"nearest_station_id":"kr_043","nearest_station_idx":40}},{"type":"Feature","geometry":{"type":"Polygon","coordinates":[[[127.20296,37.50879],[127.22027,37.50879],[127.22027,37.52609],[127.20296,37.52609],[127.20296,37.50879]]]},"properties":{"row":19,"col":36,"walk_min":56.8,"bucket":">30","color":"#a01818","aggregate":true,"node_count":672,"nearest_station_id":"kr_469","nearest_station_idx":468}},{"type":"Feature","geometry":{"type":"Polygon","coordinates":[[[126.99531,37.31844],[127.01261,37.31844],[127.01261,37.33574],[126.99531,37.33574],[126.99531,37.31844]]]},"properties":{"row":8,"col":24,"walk_min":58.2,"bucket":">30","color":"#a01818","aggregate":true,"node_count":684,"nearest_station_id":"kr_085","nearest_station_idx":83}},{"type":"Feature","geometry":{"type":"Polygon","coordinates":[[[126.5973,37.43957],[126.61461,37.43957],[126.61461,37.45687],[126.5973,37.45687],[126.5973,37.43957]]]},"properties":{"row":15,"col":1,"walk_min":61.0,"bucket":">30","color":"#a01818","aggregate":true,"node_count":295,"nearest_station_id":"kr_458","nearest_station_idx":457}},{"type":"Feature","geometry":{"type":"Polygon","coordinates":[[[126.73574,37.38765],[126.75305,37.38765],[126.75305,37.40496],[126.73574,37.40496],[126.73574,37.38765]]]},"properties":{"row":12,"col":9,"walk_min":58.7,"bucket":">30","color":"#a01818","aggregate":true,"node_count":263,"nearest_station_id":"kr_428","nearest_station_idx":427}},{"type":"Feature","geometry":{"type":"Polygon","coordinates":[[[126.77035,37.37035],[126.78765,37.37035],[126.78765,37.38765],[126.77035,37.38765],[126.77035,37.37035]]]},"properties":{"row":11,"col":11,"walk_min":59.5,"bucket":">30","color":"#a01818","aggregate":true,"node_count":450,"nearest_station_id":"kr_428","nearest_station_idx":427}},{"type":"Feature","geometry":{"type":"Polygon","coordinates":[[[127.09914,37.69914],[127.11644,37.69914],[127.11644,37.71644],[127.09914,37.71644],[127.09914,37.69914]]]},"properties":{"row":30,"col":30,"walk_min":58.6,"bucket":">30","color":"#a01818","aggregate":true,"node_count":1412,"nearest_station_id":"kr_310","nearest_station_idx":306}},{"type":"Feature","geometry":{"type":"Polygon","coordinates":[[[126.99531,37.78566],[127.01261,37.78566],[127.01261,37.80296],[126.99531,37.80296],[126.99531,37.78566]]]},"properties":{"row":35,"col":24,"walk_min":55.3,"bucket":">30","color":"#a01818","aggregate":true,"node_count":2653,"nearest_station_id":"kr_092","nearest_station_idx":91}},{"type":"Feature","geometry":{"type":"Polygon","coordinates":[[[127.04722,37.24922],[127.06453,37.24922],[127.06453,37.26652],[127.04722,37.26652],[127.04722,37.24922]]]},"properties":{"row":4,"col":27,"walk_min":55.1,"bucket":">30","color":"#a01818","aggregate":true,"node_count":2105,"nearest_station_id":"kr_357","nearest_station_idx":355}},{"type":"Feature","geometry":{"type":"Polygon","coordinates":[[[126.83957,37.68183],[126.85687,37.68183],[126.85687,37.69914],[126.83957,37.69914],[126.83957,37.68183]]]},"properties":{"row":29,"col":15,"walk_min":69.4,"bucket":">30","color":"#a01818","aggregate":true,"node_count":493,"nearest_station_id":"kr_145","nearest_station_idx":147}},{"type":"Feature","geometry":{"type":"Polygon","coordinates":[[[126.70113,37.69914],[126.71844,37.69914],[126.71844,37.71644],[126.70113,37.71644],[126.70113,37.69914]]]},"properties":{"row":30,"col":7,"walk_min":61.8,"bucket":">30","color":"#a01818","aggregate":true,"node_count":1024,"nearest_station_id":"kr_424","nearest_station_idx":423}},{"type":"Feature","geometry":{"type":"Polygon","coordinates":[[[126.9607,37.62992],[126.978,37.62992],[126.978,37.64722],[126.9607,37.64722],[126.9607,37.62992]]]},"properties":{"row":26,"col":22,"walk_min":58.3,"bucket":">30","color":"#a01818","aggregate":true,"node_count":1299,"nearest_station_id":"kr_409","nearest_station_idx":406}},{"type":"Feature","geometry":{"type":"Polygon","coordinates":[[[126.99531,37.71644],[127.01261,37.71644],[127.01261,37.73374],[126.99531,37.73374],[126.99531,37.71644]]]},"properties":{"row":31,"col":24,"walk_min":57.6,"bucket":">30","color":"#a01818","aggregate":true,"node_count":453,"nearest_station_id":"kr_062","nearest_station_idx":61}},{"type":"Feature","geometry":{"type":"Polygon","coordinates":[[[126.71844,37.54339],[126.73574,37.54339],[126.73574,37.5607],[126.71844,37.5607],[126.71844,37.54339]]]},"properties":{"row":21,"col":8,"walk_min":59.4,"bucket":">30","color":"#a01818","aggregate":true,"node_count":1587,"nearest_station_id":"kr_287","nearest_station_idx":347}},{"type":"Feature","geometry":{"type":"Polygon","coordinates":[[[126.61461,37.42226],[126.63191,37.42226],[126.63191,37.43957],[126.61461,37.43957],[126.61461,37.42226]]]},"properties":{"row":14,"col":2,"walk_min":61.9,"bucket":">30","color":"#a01818","aggregate":true,"node_count":220,"nearest_station_id":"kr_457","nearest_station_idx":456}},{"type":"Feature","geometry":{"type":"Polygon","coordinates":[[[126.85687,37.59531],[126.87418,37.59531],[126.87418,37.61261],[126.85687,37.61261],[126.85687,37.59531]]]},"properties":{"row":24,"col":16,"walk_min":57.4,"bucket":">30","color":"#a01818","aggregate":true,"node_count":1371,"nearest_station_id":"kr_327","nearest_station_idx":324}},{"type":"Feature","geometry":{"type":"Polygon","coordinates":[[[126.73574,37.30113],[126.75305,37.30113],[126.75305,37.31844],[126.73574,37.31844],[126.73574,37.30113]]]},"properties":{"row":7,"col":9,"walk_min":69.8,"bucket":">30","color":"#a01818","aggregate":true,"node_count":453,"nearest_station_id":"kr_427","nearest_station_idx":426}},{"type":"Feature","geometry":{"type":"Polygon","coordinates":[[[126.73574,37.54339],[126.75305,37.54339],[126.75305,37.5607],[126.73574,37.5607],[126.73574,37.54339]]]},"properties":{"row":21,"col":9,"walk_min":59.5,"bucket":">30","color":"#a01818","aggregate":true,"node_count":1349,"nearest_station_id":"kr_315","nearest_station_idx":272}},{"type":"Feature","geometry":{"type":"Polygon","coordinates":[[[127.13374,37.68183],[127.15105,37.68183],[127.15105,37.69914],[127.13374,37.69914],[127.13374,37.68183]]]},"properties":{"row":29,"col":32,"walk_min":81.5,"bucket":">30","color":"#a01818","aggregate":true,"node_count":284,"nearest_station_id":"kr_310","nearest_station_idx":306}},{"type":"Feature","geometry":{"type":"Polygon","coordinates":[[[127.06453,37.38765],[127.08183,37.38765],[127.08183,37.40496],[127.06453,37.40496],[127.06453,37.38765]]]},"properties":{"row":12,"col":28,"walk_min":57.6,"bucket":">30","color":"#a01818","aggregate":true,"node_count":1502,"nearest_station_id":"kr_041","nearest_station_idx":44}},{"type":"Feature","geometry":{"type":"Polygon","coordinates":[[[127.08183,37.21461],[127.09914,37.21461],[127.09914,37.23191],[127.08183,37.23191],[127.08183,37.21461]]]},"properties":{"row":2,"col":29,"walk_min":65.0,"bucket":">30","color":"#a01818","aggregate":true,"node_count":702,"nearest_station_id":"kr_466","nearest_station_idx":465}},{"type":"Feature","geometry":{"type":"Polygon","coordinates":[[[127.16835,37.66453],[127.18566,37.66453],[127.18566,37.68183],[127.16835,37.68183],[127.16835,37.66453]]]},"properties":{"row":28,"col":34,"walk_min":63.7,"bucket":">30","color":"#a01818","aggregate":true,"node_count":703,"nearest_station_id":"kr_361","nearest_station_idx":359}},{"type":"Feature","geometry":{"type":"Polygon","coordinates":[[[126.70113,37.54339],[126.71844,37.54339],[126.71844,37.5607],[126.70113,37.5607],[126.70113,37.54339]]]},"properties":{"row":21,"col":7,"walk_min":61.2,"bucket":">30","color":"#a01818","aggregate":true,"node_count":1134,"nearest_station_id":"kr_258","nearest_station_idx":412}},{"type":"Feature","geometry":{"type":"Polygon","coordinates":[[[126.82226,37.26652],[126.83957,37.26652],[126.83957,37.28383],[126.82226,37.28383],[126.82226,37.26652]]]},"properties":{"row":5,"col":14,"walk_min":69.8,"bucket":">30","color":"#a01818","aggregate":true,"node_count":733,"nearest_station_id":"kr_425","nearest_station_idx":424}},{"type":"Feature","geometry":{"type":"Polygon","coordinates":[[[127.18566,37.49148],[127.20296,37.49148],[127.20296,37.50879],[127.18566,37.50879],[127.18566,37.49148]]]},"properties":{"row":18,"col":35,"walk_min":62.0,"bucket":">30","color":"#a01818","aggregate":true,"node_count":722,"nearest_station_id":"kr_440","nearest_station_idx":439}},{"type":"Feature","geometry":{"type":"Polygon","coordinates":[[[127.13374,37.31844],[127.15105,37.31844],[127.15105,37.33574],[127.13374,37.33574],[127.13374,37.31844]]]},"properties":{"row":8,"col":32,"walk_min":60.4,"bucket":">30","color":"#a01818","aggregate":true,"node_count":1026,"nearest_station_id":"kr_202","nearest_station_idx":204}},{"type":"Feature","geometry":{"type":"Polygon","coordinates":[[[127.23757,37.69914],[127.24622,37.69914],[127.24622,37.71644],[127.23757,37.71644],[127.23757,37.69914]]]},"properties":{"row":30,"col":38,"walk_min":55.8,"bucket":">30","color":"#a01818","aggregate":true,"node_count":28,"nearest_station_id":"kr_470","nearest_station_idx":469}},{"type":"Feature","geometry":{"type":"Polygon","coordinates":[[[127.06453,37.24922],[127.08183,37.24922],[127.08183,37.26652],[127.06453,37.26652],[127.06453,37.24922]]]},"properties":{"row":4,"col":28,"walk_min":61.7,"bucket":">30","color":"#a01818","aggregate":true,"node_count":3332,"nearest_station_id":"kr_357","nearest_station_idx":355}},{"type":"Feature","geometry":{"type":"Polygon","coordinates":[[[126.83957,37.38765],[126.85687,37.38765],[126.85687,37.40496],[126.83957,37.40496],[126.83957,37.38765]]]},"properties":{"row":12,"col":15,"walk_min":75.1,"bucket":">30","color":"#a01818","aggregate":true,"node_count":678,"nearest_station_id":"kr_442","nearest_station_idx":441}},{"type":"Feature","geometry":{"type":"Polygon","coordinates":[[[126.87418,37.68183],[126.89148,37.68183],[126.89148,37.69914],[126.87418,37.69914],[126.87418,37.68183]]]},"properties":{"row":29,"col":17,"walk_min":70.0,"bucket":">30","color":"#a01818","aggregate":true,"node_count":851,"nearest_station_id":"kr_115","nearest_station_idx":114}},{"type":"Feature","geometry":{"type":"Polygon","coordinates":[[[126.85687,37.68183],[126.87418,37.68183],[126.87418,37.69914],[126.85687,37.69914],[126.85687,37.68183]]]},"properties":{"row":29,"col":16,"walk_min":65.3,"bucket":">30","color":"#a01818","aggregate":true,"node_count":1227,"nearest_station_id":"kr_126","nearest_station_idx":126}},{"type":"Feature","geometry":{"type":"Polygon","coordinates":[[[126.68383,37.33574],[126.70113,37.33574],[126.70113,37.35305],[126.68383,37.35305],[126.68383,37.33574]]]},"properties":{"row":9,"col":6,"walk_min":64.0,"bucket":">30","color":"#a01818","aggregate":true,"node_count":626,"nearest_station_id":"kr_428","nearest_station_idx":427}},{"type":"Feature","geometry":{"type":"Polygon","coordinates":[[[127.18566,37.61261],[127.20296,37.61261],[127.20296,37.62992],[127.18566,37.62992],[127.18566,37.61261]]]},"properties":{"row":25,"col":35,"walk_min":62.3,"bucket":">30","color":"#a01818","aggregate":true,"node_count":651,"nearest_station_id":"kr_352","nearest_station_idx":350}},{"type":"Feature","geometry":{"type":"Polygon","coordinates":[[[126.90879,37.68183],[126.92609,37.68183],[126.92609,37.69914],[126.90879,37.69914],[126.90879,37.68183]]]},"properties":{"row":29,"col":19,"walk_min":72.3,"bucket":">30","color":"#a01818","aggregate":true,"node_count":262,"nearest_station_id":"kr_115","nearest_station_idx":114}},{"type":"Feature","geometry":{"type":"Polygon","coordinates":[[[127.15105,37.66453],[127.16835,37.66453],[127.16835,37.68183],[127.15105,37.68183],[127.15105,37.66453]]]},"properties":{"row":28,"col":33,"walk_min":61.5,"bucket":">30","color":"#a01818","aggregate":true,"node_count":650,"nearest_station_id":"kr_310","nearest_station_idx":306}},{"type":"Feature","geometry":{"type":"Polygon","coordinates":[[[127.18566,37.37035],[127.20296,37.37035],[127.20296,37.38765],[127.18566,37.38765],[127.18566,37.37035]]]},"properties":{"row":11,"col":35,"walk_min":68.8,"bucket":">30","color":"#a01818","aggregate":true,"node_count":736,"nearest_station_id":"kr_237","nearest_station_idx":239}},{"type":"Feature","geometry":{"type":"Polygon","coordinates":[[[127.01261,37.37035],[127.02992,37.37035],[127.02992,37.38765],[127.01261,37.38765],[127.01261,37.37035]]]},"properties":{"row":11,"col":25,"walk_min":65.1,"bucket":">30","color":"#a01818","aggregate":true,"node_count":363,"nearest_station_id":"kr_325","nearest_station_idx":319}},{"type":"Feature","geometry":{"type":"Polygon","coordinates":[[[126.63191,37.50879],[126.64922,37.50879],[126.64922,37.52609],[126.63191,37.52609],[126.63191,37.50879]]]},"properties":{"row":19,"col":3,"walk_min":69.3,"bucket":">30","color":"#a01818","aggregate":true,"node_count":983,"nearest_station_id":"kr_330","nearest_station_idx":326}},{"type":"Feature","geometry":{"type":"Polygon","coordinates":[[[126.75305,37.29248],[126.77035,37.29248],[126.77035,37.30113],[126.75305,37.30113],[126.75305,37.29248]]]},"properties":{"row":6,"col":10,"walk_min":63.8,"bucket":">30","color":"#a01818","aggregate":true,"node_count":163,"nearest_station_id":"kr_263","nearest_station_idx":262}},{"type":"Feature","geometry":{"type":"Polygon","coordinates":[[[126.78765,37.37035],[126.80496,37.37035],[126.80496,37.38765],[126.78765,37.38765],[126.78765,37.37035]]]},"properties":{"row":11,"col":12,"walk_min":69.8,"bucket":">30","color":"#a01818","aggregate":true,"node_count":793,"nearest_station_id":"kr_427","nearest_station_idx":426}},{"type":"Feature","geometry":{"type":"Polygon","coordinates":[[[126.99531,37.1973],[127.01261,37.1973],[127.01261,37.21461],[126.99531,37.21461],[126.99531,37.1973]]]},"properties":{"row":1,"col":24,"walk_min":63.8,"bucket":">30","color":"#a01818","aggregate":true,"node_count":761,"nearest_station_id":"kr_047","nearest_station_idx":46}},{"type":"Feature","geometry":{"type":"Polygon","coordinates":[[[127.20296,37.75105],[127.22027,37.75105],[127.22027,37.76835],[127.20296,37.76835],[127.20296,37.75105]]]},"properties":{"row":33,"col":36,"walk_min":62.4,"bucket":">30","color":"#a01818","aggregate":true,"node_count":439,"nearest_station_id":"kr_470","nearest_station_idx":469}},{"type":"Feature","geometry":{"type":"Polygon","coordinates":[[[127.16835,37.64722],[127.18566,37.64722],[127.18566,37.66453],[127.16835,37.66453],[127.16835,37.64722]]]},"properties":{"row":27,"col":34,"walk_min":64.7,"bucket":">30","color":"#a01818","aggregate":true,"node_count":1399,"nearest_station_id":"kr_352","nearest_station_idx":350}},{"type":"Feature","geometry":{"type":"Polygon","coordinates":[[[126.94339,37.66453],[126.9607,37.66453],[126.9607,37.68183],[126.94339,37.68183],[126.94339,37.66453]]]},"properties":{"row":28,"col":21,"walk_min":61.4,"bucket":">30","color":"#a01818","aggregate":true,"node_count":561,"nearest_station_id":"kr_104","nearest_station_idx":103}},{"type":"Feature","geometry":{"type":"Polygon","coordinates":[[[126.82226,37.40496],[126.83957,37.40496],[126.83957,37.42226],[126.82226,37.42226],[126.82226,37.40496]]]},"properties":{"row":13,"col":14,"walk_min":73.2,"bucket":">30","color":"#a01818","aggregate":true,"node_count":466,"nearest_station_id":"kr_442","nearest_station_idx":441}},{"type":"Feature","geometry":{"type":"Polygon","coordinates":[[[127.20296,37.37035],[127.22027,37.37035],[127.22027,37.38765],[127.20296,37.38765],[127.20296,37.37035]]]},"properties":{"row":11,"col":36,"walk_min":66.1,"bucket":">30","color":"#a01818","aggregate":true,"node_count":781,"nearest_station_id":"kr_237","nearest_station_idx":239}},{"type":"Feature","geometry":{"type":"Polygon","coordinates":[[[126.71844,37.38765],[126.73574,37.38765],[126.73574,37.40496],[126.71844,37.40496],[126.71844,37.38765]]]},"properties":{"row":12,"col":8,"walk_min":97.0,"bucket":">30","color":"#a01818","aggregate":true,"node_count":1513,"nearest_station_id":"kr_428","nearest_station_idx":427}},{"type":"Feature","geometry":{"type":"Polygon","coordinates":[[[127.18566,37.59531],[127.20296,37.59531],[127.20296,37.61261],[127.18566,37.61261],[127.18566,37.59531]]]},"properties":{"row":24,"col":35,"walk_min":64.6,"bucket":">30","color":"#a01818","aggregate":true,"node_count":697,"nearest_station_id":"kr_352","nearest_station_idx":350}},{"type":"Feature","geometry":{"type":"Polygon","coordinates":[[[127.13374,37.69914],[127.15105,37.69914],[127.15105,37.71644],[127.13374,37.71644],[127.13374,37.69914]]]},"properties":{"row":30,"col":32,"walk_min":78.2,"bucket":">30","color":"#a01818","aggregate":true,"node_count":295,"nearest_station_id":"kr_361","nearest_station_idx":359}},{"type":"Feature","geometry":{"type":"Polygon","coordinates":[[[127.04722,37.35305],[127.06453,37.35305],[127.06453,37.37035],[127.04722,37.37035],[127.04722,37.35305]]]},"properties":{"row":10,"col":27,"walk_min":64.6,"bucket":">30","color":"#a01818","aggregate":true,"node_count":569,"nearest_station_id":"kr_148","nearest_station_idx":150}},{"type":"Feature","geometry":{"type":"Polygon","coordinates":[[[126.69248,37.35305],[126.70113,37.35305],[126.70113,37.3617],[126.69248,37.3617],[126.69248,37.35305]]]},"properties":{"row":10,"col":6,"walk_min":57.3,"bucket":">30","color":"#a01818","aggregate":true,"node_count":9,"nearest_station_id":"kr_428","nearest_station_idx":427}},{"type":"Feature","geometry":{"type":"Polygon","coordinates":[[[127.09914,37.43957],[127.11644,37.43957],[127.11644,37.45687],[127.09914,37.45687],[127.09914,37.43957]]]},"properties":{"row":15,"col":30,"walk_min":76.1,"bucket":">30","color":"#a01818","aggregate":true,"node_count":547,"nearest_station_id":"kr_439","nearest_station_idx":438}},{"type":"Feature","geometry":{"type":"Polygon","coordinates":[[[126.82226,37.35305],[126.83957,37.35305],[126.83957,37.37035],[126.82226,37.37035],[126.82226,37.35305]]]},"properties":{"row":10,"col":14,"walk_min":70.3,"bucket":">30","color":"#a01818","aggregate":true,"node_count":845,"nearest_station_id":"kr_426","nearest_station_idx":425}},{"type":"Feature","geometry":{"type":"Polygon","coordinates":[[[126.71844,37.42226],[126.73574,37.42226],[126.73574,37.43957],[126.71844,37.43957],[126.71844,37.42226]]]},"properties":{"row":14,"col":8,"walk_min":68.1,"bucket":">30","color":"#a01818","aggregate":true,"node_count":1151,"nearest_station_id":"kr_455","nearest_station_idx":454}},{"type":"Feature","geometry":{"type":"Polygon","coordinates":[[[126.68383,37.68183],[126.70113,37.68183],[126.70113,37.69914],[126.68383,37.69914],[126.68383,37.68183]]]},"properties":{"row":29,"col":6,"walk_min":67.0,"bucket":">30","color":"#a01818","aggregate":true,"node_count":236,"nearest_station_id":"kr_424","nearest_station_idx":423}},{"type":"Feature","geometry":{"type":"Polygon","coordinates":[[[126.5973,37.42226],[126.61461,37.42226],[126.61461,37.43957],[126.5973,37.43957],[126.5973,37.42226]]]},"properties":{"row":14,"col":1,"walk_min":75.0,"bucket":">30","color":"#a01818","aggregate":true,"node_count":492,"nearest_station_id":"kr_458","nearest_station_idx":457}},{"type":"Feature","geometry":{"type":"Polygon","coordinates":[[[126.82226,37.68183],[126.83957,37.68183],[126.83957,37.69914],[126.82226,37.69914],[126.82226,37.68183]]]},"properties":{"row":29,"col":14,"walk_min":67.3,"bucket":">30","color":"#a01818","aggregate":true,"node_count":801,"nearest_station_id":"kr_145","nearest_station_idx":147}},{"type":"Feature","geometry":{"type":"Polygon","coordinates":[[[126.80496,37.35305],[126.82226,37.35305],[126.82226,37.37035],[126.80496,37.37035],[126.80496,37.35305]]]},"properties":{"row":10,"col":13,"walk_min":64.9,"bucket":">30","color":"#a01818","aggregate":true,"node_count":482,"nearest_station_id":"kr_263","nearest_station_idx":262}},{"type":"Feature","geometry":{"type":"Polygon","coordinates":[[[126.87418,37.37035],[126.89148,37.37035],[126.89148,37.38765],[126.87418,37.38765],[126.87418,37.37035]]]},"properties":{"row":11,"col":17,"walk_min":65.7,"bucket":">30","color":"#a01818","aggregate":true,"node_count":466,"nearest_station_id":"kr_442","nearest_station_idx":441}},{"type":"Feature","geometry":{"type":"Polygon","coordinates":[[[127.18566,37.75105],[127.20296,37.75105],[127.20296,37.76835],[127.18566,37.76835],[127.18566,37.75105]]]},"properties":{"row":33,"col":35,"walk_min":67.9,"bucket":">30","color":"#a01818","aggregate":true,"node_count":685,"nearest_station_id":"kr_470","nearest_station_idx":469}},{"type":"Feature","geometry":{"type":"Polygon","coordinates":[[[127.18566,37.62992],[127.20296,37.62992],[127.20296,37.64722],[127.18566,37.64722],[127.18566,37.62992]]]},"properties":{"row":26,"col":35,"walk_min":70.4,"bucket":">30","color":"#a01818","aggregate":true,"node_count":747,"nearest_station_id":"kr_352","nearest_station_idx":350}},{"type":"Feature","geometry":{"type":"Polygon","coordinates":[[[126.80496,37.68183],[126.82226,37.68183],[126.82226,37.69914],[126.80496,37.69914],[126.80496,37.68183]]]},"properties":{"row":29,"col":13,"walk_min":67.7,"bucket":">30","color":"#a01818","aggregate":true,"node_count":1132,"nearest_station_id":"kr_145","nearest_station_idx":147}},{"type":"Feature","geometry":{"type":"Polygon","coordinates":[[[127.11644,37.28383],[127.13374,37.28383],[127.13374,37.30113],[127.11644,37.30113],[127.11644,37.28383]]]},"properties":{"row":6,"col":31,"walk_min":65.4,"bucket":">30","color":"#a01818","aggregate":true,"node_count":1621,"nearest_station_id":"kr_233","nearest_station_idx":234}},{"type":"Feature","geometry":{"type":"Polygon","coordinates":[[[126.75305,37.38765],[126.77035,37.38765],[126.77035,37.40496],[126.75305,37.40496],[126.75305,37.38765]]]},"properties":{"row":12,"col":10,"walk_min":96.2,"bucket":">30","color":"#a01818","aggregate":true,"node_count":23,"nearest_station_id":"kr_428","nearest_station_idx":427}},{"type":"Feature","geometry":{"type":"Polygon","coordinates":[[[126.99531,37.35305],[127.01261,37.35305],[127.01261,37.37035],[126.99531,37.37035],[126.99531,37.35305]]]},"properties":{"row":10,"col":24,"walk_min":68.5,"bucket":">30","color":"#a01818","aggregate":true,"node_count":509,"nearest_station_id":"kr_072","nearest_station_idx":72}},{"type":"Feature","geometry":{"type":"Polygon","coordinates":[[[126.82226,37.42226],[126.83957,37.42226],[126.83957,37.43957],[126.82226,37.43957],[126.82226,37.42226]]]},"properties":{"row":14,"col":14,"walk_min":69.9,"bucket":">30","color":"#a01818","aggregate":true,"node_count":383,"nearest_station_id":"kr_442","nearest_station_idx":441}},{"type":"Feature","geometry":{"type":"Polygon","coordinates":[[[126.68383,37.66453],[126.70113,37.66453],[126.70113,37.68183],[126.68383,37.68183],[126.68383,37.66453]]]},"properties":{"row":28,"col":6,"walk_min":71.3,"bucket":">30","color":"#a01818","aggregate":true,"node_count":120,"nearest_station_id":"kr_424","nearest_station_idx":423}},{"type":"Feature","geometry":{"type":"Polygon","coordinates":[[[126.64922,37.52609],[126.66652,37.52609],[126.66652,37.54339],[126.64922,37.54339],[126.64922,37.52609]]]},"properties":{"row":20,"col":4,"walk_min":72.1,"bucket":">30","color":"#a01818","aggregate":true,"node_count":4784,"nearest_station_id":"kr_258","nearest_station_idx":412}},{"type":"Feature","geometry":{"type":"Polygon","coordinates":[[[127.06453,37.37035],[127.08183,37.37035],[127.08183,37.38765],[127.06453,37.38765],[127.06453,37.37035]]]},"properties":{"row":11,"col":28,"walk_min":65.6,"bucket":">30","color":"#a01818","aggregate":true,"node_count":879,"nearest_station_id":"kr_148","nearest_station_idx":150}},{"type":"Feature","geometry":{"type":"Polygon","coordinates":[[[127.04722,37.40496],[127.06453,37.40496],[127.06453,37.42226],[127.04722,37.42226],[127.04722,37.40496]]]},"properties":{"row":13,"col":27,"walk_min":66.0,"bucket":">30","color":"#a01818","aggregate":true,"node_count":356,"nearest_station_id":"kr_040","nearest_station_idx":42}},{"type":"Feature","geometry":{"type":"Polygon","coordinates":[[[127.02992,37.33574],[127.04722,37.33574],[127.04722,37.35305],[127.02992,37.35305],[127.02992,37.33574]]]},"properties":{"row":9,"col":26,"walk_min":69.7,"bucket":">30","color":"#a01818","aggregate":true,"node_count":1061,"nearest_station_id":"kr_444","nearest_station_idx":443}},{"type":"Feature","geometry":{"type":"Polygon","coordinates":[[[127.09914,37.18],[127.11644,37.18],[127.11644,37.1973],[127.09914,37.1973],[127.09914,37.18]]]},"properties":{"row":0,"col":30,"walk_min":68.4,"bucket":">30","color":"#a01818","aggregate":true,"node_count":793,"nearest_station_id":"kr_416","nearest_station_idx":415}},{"type":"Feature","geometry":{"type":"Polygon","coordinates":[[[126.68383,37.54339],[126.70113,37.54339],[126.70113,37.5607],[126.68383,37.5607],[126.68383,37.54339]]]},"properties":{"row":21,"col":6,"walk_min":69.9,"bucket":">30","color":"#a01818","aggregate":true,"node_count":656,"nearest_station_id":"kr_258","nearest_station_idx":412}},{"type":"Feature","geometry":{"type":"Polygon","coordinates":[[[126.90879,37.28383],[126.92609,37.28383],[126.92609,37.30113],[126.90879,37.30113],[126.90879,37.28383]]]},"properties":{"row":6,"col":19,"walk_min":74.1,"bucket":">30","color":"#a01818","aggregate":true,"node_count":519,"nearest_station_id":"kr_415","nearest_station_idx":414}},{"type":"Feature","geometry":{"type":"Polygon","coordinates":[[[126.9607,37.23191],[126.978,37.23191],[126.978,37.24922],[126.9607,37.24922],[126.9607,37.23191]]]},"properties":{"row":3,"col":22,"walk_min":72.7,"bucket":">30","color":"#a01818","aggregate":true,"node_count":861,"nearest_station_id":"kr_043","nearest_station_idx":40}},{"type":"Feature","geometry":{"type":"Polygon","coordinates":[[[127.13374,37.30113],[127.15105,37.30113],[127.15105,37.31844],[127.13374,37.31844],[127.13374,37.30113]]]},"properties":{"row":7,"col":32,"walk_min":72.7,"bucket":">30","color":"#a01818","aggregate":true,"node_count":835,"nearest_station_id":"kr_233","nearest_station_idx":234}},{"type":"Feature","geometry":{"type":"Polygon","coordinates":[[[127.20296,37.43957],[127.22027,37.43957],[127.22027,37.45687],[127.20296,37.45687],[127.20296,37.43957]]]},"properties":{"row":15,"col":36,"walk_min":66.3,"bucket":">30","color":"#a01818","aggregate":true,"node_count":410,"nearest_station_id":"kr_236","nearest_station_idx":238}},{"type":"Feature","geometry":{"type":"Polygon","coordinates":[[[126.78765,37.69914],[126.80496,37.69914],[126.80496,37.71644],[126.78765,37.71644],[126.78765,37.69914]]]},"properties":{"row":30,"col":12,"walk_min":76.1,"bucket":">30","color":"#a01818","aggregate":true,"node_count":1098,"nearest_station_id":"kr_350","nearest_station_idx":348}},{"type":"Feature","geometry":{"type":"Polygon","coordinates":[[[126.85687,37.37035],[126.87418,37.37035],[126.87418,37.38765],[126.85687,37.38765],[126.85687,37.37035]]]},"properties":{"row":11,"col":16,"walk_min":70.5,"bucket":">30","color":"#a01818","aggregate":true,"node_count":1694,"nearest_station_id":"kr_442","nearest_station_idx":441}},{"type":"Feature","geometry":{"type":"Polygon","coordinates":[[[126.71844,37.30113],[126.73574,37.30113],[126.73574,37.31844],[126.71844,37.31844],[126.71844,37.30113]]]},"properties":{"row":7,"col":8,"walk_min":72.0,"bucket":">30","color":"#a01818","aggregate":true,"node_count":765,"nearest_station_id":"kr_427","nearest_station_idx":426}},{"type":"Feature","geometry":{"type":"Polygon","coordinates":[[[127.08183,37.24922],[127.09914,37.24922],[127.09914,37.26652],[127.08183,37.26652],[127.08183,37.24922]]]},"properties":{"row":4,"col":29,"walk_min":70.3,"bucket":">30","color":"#a01818","aggregate":true,"node_count":2368,"nearest_station_id":"kr_307","nearest_station_idx":303}},{"type":"Feature","geometry":{"type":"Polygon","coordinates":[[[126.92609,37.68183],[126.94339,37.68183],[126.94339,37.69914],[126.92609,37.69914],[126.92609,37.68183]]]},"properties":{"row":29,"col":20,"walk_min":72.1,"bucket":">30","color":"#a01818","aggregate":true,"node_count":329,"nearest_station_id":"kr_104","nearest_station_idx":103}},{"type":"Feature","geometry":{"type":"Polygon","coordinates":[[[126.66652,37.40496],[126.68383,37.40496],[126.68383,37.42226],[126.66652,37.42226],[126.66652,37.40496]]]},"properties":{"row":13,"col":5,"walk_min":73.6,"bucket":">30","color":"#a01818","aggregate":true,"node_count":2894,"nearest_station_id":"kr_313","nearest_station_idx":309}},{"type":"Feature","geometry":{"type":"Polygon","coordinates":[[[127.01261,37.38765],[127.02992,37.38765],[127.02992,37.40496],[127.01261,37.40496],[127.01261,37.38765]]]},"properties":{"row":12,"col":25,"walk_min":68.1,"bucket":">30","color":"#a01818","aggregate":true,"node_count":616,"nearest_station_id":"kr_325","nearest_station_idx":319}},{"type":"Feature","geometry":{"type":"Polygon","coordinates":[[[127.06453,37.23191],[127.08183,37.23191],[127.08183,37.24922],[127.06453,37.24922],[127.06453,37.23191]]]},"properties":{"row":3,"col":28,"walk_min":69.2,"bucket":">30","color":"#a01818","aggregate":true,"node_count":2598,"nearest_station_id":"kr_047","nearest_station_idx":46}},{"type":"Feature","geometry":{"type":"Polygon","coordinates":[[[126.89148,37.68183],[126.90879,37.68183],[126.90879,37.69914],[126.89148,37.69914],[126.89148,37.68183]]]},"properties":{"row":29,"col":18,"walk_min":74.0,"bucket":">30","color":"#a01818","aggregate":true,"node_count":254,"nearest_station_id":"kr_115","nearest_station_idx":114}},{"type":"Feature","geometry":{"type":"Polygon","coordinates":[[[126.68383,37.40496],[126.70113,37.40496],[126.70113,37.42226],[126.68383,37.42226],[126.68383,37.40496]]]},"properties":{"row":13,"col":6,"walk_min":73.8,"bucket":">30","color":"#a01818","aggregate":true,"node_count":1184,"nearest_station_id":"kr_455","nearest_station_idx":454}},{"type":"Feature","geometry":{"type":"Polygon","coordinates":[[[126.77035,37.59531],[126.78765,37.59531],[126.78765,37.61261],[126.77035,37.61261],[126.77035,37.59531]]]},"properties":{"row":24,"col":11,"walk_min":73.9,"bucket":">30","color":"#a01818","aggregate":true,"node_count":1940,"nearest_station_id":"kr_429","nearest_station_idx":428}},{"type":"Feature","geometry":{"type":"Polygon","coordinates":[[[126.779,37.54339],[126.78765,37.54339],[126.78765,37.5607],[126.779,37.5607],[126.779,37.54339]]]},"properties":{"row":21,"col":11,"walk_min":66.6,"bucket":">30","color":"#a01818","aggregate":true,"node_count":351,"nearest_station_id":"kr_189","nearest_station_idx":191}},{"type":"Feature","geometry":{"type":"Polygon","coordinates":[[[127.20296,37.45687],[127.22027,37.45687],[127.22027,37.47418],[127.20296,37.47418],[127.20296,37.45687]]]},"properties":{"row":16,"col":36,"walk_min":72.4,"bucket":">30","color":"#a01818","aggregate":true,"node_count":470,"nearest_station_id":"kr_232","nearest_station_idx":233}},{"type":"Feature","geometry":{"type":"Polygon","coordinates":[[[126.70113,37.30113],[126.71844,37.30113],[126.71844,37.31844],[126.70113,37.31844],[126.70113,37.30113]]]},"properties":{"row":7,"col":7,"walk_min":71.4,"bucket":">30","color":"#a01818","aggregate":true,"node_count":393,"nearest_station_id":"kr_351","nearest_station_idx":349}},{"type":"Feature","geometry":{"type":"Polygon","coordinates":[[[126.83957,37.578],[126.85687,37.578],[126.85687,37.59531],[126.83957,37.59531],[126.83957,37.578]]]},"properties":{"row":23,"col":15,"walk_min":71.0,"bucket":">30","color":"#a01818","aggregate":true,"node_count":325,"nearest_station_id":"kr_430","nearest_station_idx":429}},{"type":"Feature","geometry":{"type":"Polygon","coordinates":[[[126.73574,37.71644],[126.75305,37.71644],[126.75305,37.73374],[126.73574,37.73374],[126.73574,37.71644]]]},"properties":{"row":31,"col":9,"walk_min":73.3,"bucket":">30","color":"#a01818","aggregate":true,"node_count":3321,"nearest_station_id":"kr_424","nearest_station_idx":423}},{"type":"Feature","geometry":{"type":"Polygon","coordinates":[[[126.75305,37.71644],[126.77035,37.71644],[126.77035,37.73374],[126.75305,37.73374],[126.75305,37.71644]]]},"properties":{"row":31,"col":10,"walk_min":72.4,"bucket":">30","color":"#a01818","aggregate":true,"node_count":3172,"nearest_station_id":"kr_424","nearest_station_idx":423}},{"type":"Feature","geometry":{"type":"Polygon","coordinates":[[[126.80496,37.42226],[126.82226,37.42226],[126.82226,37.43957],[126.80496,37.43957],[126.80496,37.42226]]]},"properties":{"row":14,"col":13,"walk_min":84.4,"bucket":">30","color":"#a01818","aggregate":true,"node_count":680,"nearest_station_id":"kr_451","nearest_station_idx":450}},{"type":"Feature","geometry":{"type":"Polygon","coordinates":[[[126.9607,37.64722],[126.978,37.64722],[126.978,37.66453],[126.9607,37.66453],[126.9607,37.64722]]]},"properties":{"row":27,"col":22,"walk_min":70.3,"bucket":">30","color":"#a01818","aggregate":true,"node_count":788,"nearest_station_id":"kr_192","nearest_station_idx":194}},{"type":"Feature","geometry":{"type":"Polygon","coordinates":[[[127.09914,37.71644],[127.11644,37.71644],[127.11644,37.73374],[127.09914,37.73374],[127.09914,37.71644]]]},"properties":{"row":31,"col":30,"walk_min":79.2,"bucket":">30","color":"#a01818","aggregate":true,"node_count":1667,"nearest_station_id":"kr_062","nearest_station_idx":61}},{"type":"Feature","geometry":{"type":"Polygon","coordinates":[[[127.06453,37.17135],[127.07318,37.17135],[127.07318,37.18],[127.06453,37.18],[127.06453,37.17135]]]},"properties":{"row":-1,"col":28,"walk_min":64.6,"bucket":">30","color":"#a01818","aggregate":true,"node_count":64,"nearest_station_id":"kr_416","nearest_station_idx":415}},{"type":"Feature","geometry":{"type":"Polygon","coordinates":[[[126.87418,37.35305],[126.89148,37.35305],[126.89148,37.37035],[126.87418,37.37035],[126.87418,37.35305]]]},"properties":{"row":10,"col":17,"walk_min":70.8,"bucket":">30","color":"#a01818","aggregate":true,"node_count":528,"nearest_station_id":"kr_364","nearest_station_idx":362}},{"type":"Feature","geometry":{"type":"Polygon","coordinates":[[[126.92609,37.24922],[126.94339,37.24922],[126.94339,37.26652],[126.92609,37.26652],[126.92609,37.24922]]]},"properties":{"row":4,"col":20,"walk_min":76.2,"bucket":">30","color":"#a01818","aggregate":true,"node_count":692,"nearest_station_id":"kr_086","nearest_station_idx":84}},{"type":"Feature","geometry":{"type":"Polygon","coordinates":[[[126.75305,37.54339],[126.77035,37.54339],[126.77035,37.5607],[126.75305,37.5607],[126.75305,37.54339]]]},"properties":{"row":21,"col":10,"walk_min":71.2,"bucket":">30","color":"#a01818","aggregate":true,"node_count":264,"nearest_station_id":"kr_189","nearest_station_idx":191}},{"type":"Feature","geometry":{"type":"Polygon","coordinates":[[[126.89148,37.26652],[126.90879,37.26652],[126.90879,37.28383],[126.89148,37.28383],[126.89148,37.26652]]]},"properties":{"row":5,"col":18,"walk_min":72.6,"bucket":">30","color":"#a01818","aggregate":true,"node_count":413,"nearest_station_id":"kr_415","nearest_station_idx":414}},{"type":"Feature","geometry":{"type":"Polygon","coordinates":[[[126.68383,37.31844],[126.70113,37.31844],[126.70113,37.33574],[126.68383,37.33574],[126.68383,37.31844]]]},"properties":{"row":8,"col":6,"walk_min":74.9,"bucket":">30","color":"#a01818","aggregate":true,"node_count":2892,"nearest_station_id":"kr_351","nearest_station_idx":349}},{"type":"Feature","geometry":{"type":"Polygon","coordinates":[[[127.15105,37.35305],[127.16835,37.35305],[127.16835,37.37035],[127.15105,37.37035],[127.15105,37.35305]]]},"properties":{"row":10,"col":33,"walk_min":73.0,"bucket":">30","color":"#a01818","aggregate":true,"node_count":1379,"nearest_station_id":"kr_148","nearest_station_idx":150}},{"type":"Feature","geometry":{"type":"Polygon","coordinates":[[[126.978,37.66453],[126.99531,37.66453],[126.99531,37.68183],[126.978,37.68183],[126.978,37.66453]]]},"properties":{"row":28,"col":23,"walk_min":72.5,"bucket":">30","color":"#a01818","aggregate":true,"node_count":784,"nearest_station_id":"kr_125","nearest_station_idx":125}},{"type":"Feature","geometry":{"type":"Polygon","coordinates":[[[126.75305,37.59531],[126.77035,37.59531],[126.77035,37.61261],[126.75305,37.61261],[126.75305,37.59531]]]},"properties":{"row":24,"col":10,"walk_min":74.9,"bucket":">30","color":"#a01818","aggregate":true,"node_count":1488,"nearest_station_id":"kr_429","nearest_station_idx":428}},{"type":"Feature","geometry":{"type":"Polygon","coordinates":[[[126.99531,37.80296],[127.01261,37.80296],[127.01261,37.82027],[126.99531,37.82027],[126.99531,37.80296]]]},"properties":{"row":36,"col":24,"walk_min":75.5,"bucket":">30","color":"#a01818","aggregate":true,"node_count":1275,"nearest_station_id":"kr_447","nearest_station_idx":446}},{"type":"Feature","geometry":{"type":"Polygon","coordinates":[[[126.64922,37.40496],[126.66652,37.40496],[126.66652,37.42226],[126.64922,37.42226],[126.64922,37.40496]]]},"properties":{"row":13,"col":4,"walk_min":76.2,"bucket":">30","color":"#a01818","aggregate":true,"node_count":2090,"nearest_station_id":"kr_456","nearest_station_idx":455}},{"type":"Feature","geometry":{"type":"Polygon","coordinates":[[[127.09914,37.80296],[127.11644,37.80296],[127.11644,37.82027],[127.09914,37.82027],[127.09914,37.80296]]]},"properties":{"row":36,"col":30,"walk_min":73.8,"bucket":">30","color":"#a01818","aggregate":true,"node_count":1081,"nearest_station_id":"kr_447","nearest_station_idx":446}},{"type":"Feature","geometry":{"type":"Polygon","coordinates":[[[127.09914,37.1973],[127.11644,37.1973],[127.11644,37.21461],[127.09914,37.21461],[127.09914,37.1973]]]},"properties":{"row":1,"col":30,"walk_min":71.0,"bucket":">30","color":"#a01818","aggregate":true,"node_count":1659,"nearest_station_id":"kr_466","nearest_station_idx":465}},{"type":"Feature","geometry":{"type":"Polygon","coordinates":[[[126.83957,37.35305],[126.85687,37.35305],[126.85687,37.37035],[126.83957,37.37035],[126.83957,37.35305]]]},"properties":{"row":10,"col":15,"walk_min":87.5,"bucket":">30","color":"#a01818","aggregate":true,"node_count":908,"nearest_station_id":"kr_168","nearest_station_idx":170}},{"type":"Feature","geometry":{"type":"Polygon","coordinates":[[[126.90879,37.26652],[126.92609,37.26652],[126.92609,37.28383],[126.90879,37.28383],[126.90879,37.26652]]]},"properties":{"row":5,"col":19,"walk_min":91.8,"bucket":">30","color":"#a01818","aggregate":true,"node_count":339,"nearest_station_id":"kr_415","nearest_station_idx":414}},{"type":"Feature","geometry":{"type":"Polygon","coordinates":[[[127.22027,37.43092],[127.23757,37.43092],[127.23757,37.43957],[127.22027,37.43957],[127.22027,37.43092]]]},"properties":{"row":14,"col":37,"walk_min":73.0,"bucket":">30","color":"#a01818","aggregate":true,"node_count":41,"nearest_station_id":"kr_236","nearest_station_idx":238}},{"type":"Feature","geometry":{"type":"Polygon","coordinates":[[[126.978,37.76835],[126.99531,37.76835],[126.99531,37.78566],[126.978,37.78566],[126.978,37.76835]]]},"properties":{"row":34,"col":23,"walk_min":76.0,"bucket":">30","color":"#a01818","aggregate":true,"node_count":792,"nearest_station_id":"kr_092","nearest_station_idx":91}},{"type":"Feature","geometry":{"type":"Polygon","coordinates":[[[126.73574,37.42226],[126.75305,37.42226],[126.75305,37.43957],[126.73574,37.43957],[126.73574,37.42226]]]},"properties":{"row":14,"col":9,"walk_min":81.1,"bucket":">30","color":"#a01818","aggregate":true,"node_count":731,"nearest_station_id":"kr_378","nearest_station_idx":375}},{"type":"Feature","geometry":{"type":"Polygon","coordinates":[[[126.70113,37.40496],[126.71844,37.40496],[126.71844,37.42226],[126.70113,37.42226],[126.70113,37.40496]]]},"properties":{"row":13,"col":7,"walk_min":77.0,"bucket":">30","color":"#a01818","aggregate":true,"node_count":677,"nearest_station_id":"kr_455","nearest_station_idx":454}},{"type":"Feature","geometry":{"type":"Polygon","coordinates":[[[127.01261,37.35305],[127.02992,37.35305],[127.02992,37.37035],[127.01261,37.37035],[127.01261,37.35305]]]},"properties":{"row":10,"col":25,"walk_min":82.0,"bucket":">30","color":"#a01818","aggregate":true,"node_count":312,"nearest_station_id":"kr_325","nearest_station_idx":319}},{"type":"Feature","geometry":{"type":"Polygon","coordinates":[[[127.13374,37.71644],[127.15105,37.71644],[127.15105,37.73374],[127.13374,37.73374],[127.13374,37.71644]]]},"properties":{"row":31,"col":32,"walk_min":87.4,"bucket":">30","color":"#a01818","aggregate":true,"node_count":315,"nearest_station_id":"kr_361","nearest_station_idx":359}},{"type":"Feature","geometry":{"type":"Polygon","coordinates":[[[127.20296,37.64722],[127.22027,37.64722],[127.22027,37.66453],[127.20296,37.66453],[127.20296,37.64722]]]},"properties":{"row":27,"col":36,"walk_min":86.0,"bucket":">30","color":"#a01818","aggregate":true,"node_count":677,"nearest_station_id":"kr_361","nearest_station_idx":359}},{"type":"Feature","geometry":{"type":"Polygon","coordinates":[[[127.20296,37.47418],[127.22027,37.47418],[127.22027,37.49148],[127.20296,37.49148],[127.20296,37.47418]]]},"properties":{"row":17,"col":36,"walk_min":73.9,"bucket":">30","color":"#a01818","aggregate":true,"node_count":427,"nearest_station_id":"kr_440","nearest_station_idx":439}},{"type":"Feature","geometry":{"type":"Polygon","coordinates":[[[126.978,37.78566],[126.99531,37.78566],[126.99531,37.80296],[126.978,37.80296],[126.978,37.78566]]]},"properties":{"row":35,"col":23,"walk_min":74.6,"bucket":">30","color":"#a01818","aggregate":true,"node_count":2181,"nearest_station_id":"kr_092","nearest_station_idx":91}},{"type":"Feature","geometry":{"type":"Polygon","coordinates":[[[126.99531,37.33574],[127.01261,37.33574],[127.01261,37.35305],[126.99531,37.35305],[126.99531,37.33574]]]},"properties":{"row":9,"col":24,"walk_min":74.8,"bucket":">30","color":"#a01818","aggregate":true,"node_count":591,"nearest_station_id":"kr_460","nearest_station_idx":459}},{"type":"Feature","geometry":{"type":"Polygon","coordinates":[[[126.978,37.68183],[126.99531,37.68183],[126.99531,37.69914],[126.978,37.69914],[126.978,37.68183]]]},"properties":{"row":29,"col":23,"walk_min":78.2,"bucket":">30","color":"#a01818","aggregate":true,"node_count":408,"nearest_station_id":"kr_044","nearest_station_idx":41}},{"type":"Feature","geometry":{"type":"Polygon","coordinates":[[[127.09914,37.78566],[127.11644,37.78566],[127.11644,37.80296],[127.09914,37.80296],[127.09914,37.78566]]]},"properties":{"row":35,"col":30,"walk_min":76.2,"bucket":">30","color":"#a01818","aggregate":true,"node_count":893,"nearest_station_id":"kr_447","nearest_station_idx":446}},{"type":"Feature","geometry":{"type":"Polygon","coordinates":[[[126.80496,37.26652],[126.82226,37.26652],[126.82226,37.28383],[126.80496,37.28383],[126.80496,37.26652]]]},"properties":{"row":5,"col":13,"walk_min":85.6,"bucket":">30","color":"#a01818","aggregate":true,"node_count":838,"nearest_station_id":"kr_426","nearest_station_idx":425}},{"type":"Feature","geometry":{"type":"Polygon","coordinates":[[[127.09914,37.26652],[127.11644,37.26652],[127.11644,37.28383],[127.09914,37.28383],[127.09914,37.26652]]]},"properties":{"row":5,"col":30,"walk_min":77.8,"bucket":">30","color":"#a01818","aggregate":true,"node_count":1410,"nearest_station_id":"kr_307","nearest_station_idx":303}},{"type":"Feature","geometry":{"type":"Polygon","coordinates":[[[126.85687,37.35305],[126.87418,37.35305],[126.87418,37.37035],[126.85687,37.37035],[126.85687,37.35305]]]},"properties":{"row":10,"col":16,"walk_min":79.0,"bucket":">30","color":"#a01818","aggregate":true,"node_count":833,"nearest_station_id":"kr_364","nearest_station_idx":362}},{"type":"Feature","geometry":{"type":"Polygon","coordinates":[[[126.61461,37.50879],[126.63191,37.50879],[126.63191,37.52609],[126.61461,37.52609],[126.61461,37.50879]]]},"properties":{"row":19,"col":2,"walk_min":86.1,"bucket":">30","color":"#a01818","aggregate":true,"node_count":1431,"nearest_station_id":"kr_458","nearest_station_idx":457}},{"type":"Feature","geometry":{"type":"Polygon","coordinates":[[[126.978,37.69914],[126.99531,37.69914],[126.99531,37.71644],[126.978,37.71644],[126.978,37.69914]]]},"properties":{"row":30,"col":23,"walk_min":79.8,"bucket":">30","color":"#a01818","aggregate":true,"node_count":669,"nearest_station_id":"kr_449","nearest_station_idx":448}},{"type":"Feature","geometry":{"type":"Polygon","coordinates":[[[127.22027,37.66453],[127.22892,37.66453],[127.22892,37.68183],[127.22027,37.68183],[127.22027,37.66453]]]},"properties":{"row":28,"col":37,"walk_min":75.1,"bucket":">30","color":"#a01818","aggregate":true,"node_count":87,"nearest_station_id":"kr_361","nearest_station_idx":359}},{"type":"Feature","geometry":{"type":"Polygon","coordinates":[[[126.68383,37.69914],[126.70113,37.69914],[126.70113,37.71644],[126.68383,37.71644],[126.68383,37.69914]]]},"properties":{"row":30,"col":6,"walk_min":79.3,"bucket":">30","color":"#a01818","aggregate":true,"node_count":1051,"nearest_station_id":"kr_424","nearest_station_idx":423}},{"type":"Feature","geometry":{"type":"Polygon","coordinates":[[[126.58865,37.43957],[126.5973,37.43957],[126.5973,37.45687],[126.58865,37.45687],[126.58865,37.43957]]]},"properties":{"row":15,"col":0,"walk_min":75.9,"bucket":">30","color":"#a01818","aggregate":true,"node_count":88,"nearest_station_id":"kr_458","nearest_station_idx":457}},{"type":"Feature","geometry":{"type":"Polygon","coordinates":[[[127.20296,37.49148],[127.22027,37.49148],[127.22027,37.50879],[127.20296,37.50879],[127.20296,37.49148]]]},"properties":{"row":18,"col":36,"walk_min":81.1,"bucket":">30","color":"#a01818","aggregate":true,"node_count":387,"nearest_station_id":"kr_469","nearest_station_idx":468}},{"type":"Feature","geometry":{"type":"Polygon","coordinates":[[[126.78765,37.42226],[126.80496,37.42226],[126.80496,37.43957],[126.78765,37.43957],[126.78765,37.42226]]]},"properties":{"row":14,"col":12,"walk_min":78.8,"bucket":">30","color":"#a01818","aggregate":true,"node_count":1153,"nearest_station_id":"kr_451","nearest_station_idx":450}},{"type":"Feature","geometry":{"type":"Polygon","coordinates":[[[126.978,37.75105],[126.99531,37.75105],[126.99531,37.76835],[126.978,37.76835],[126.978,37.75105]]]},"properties":{"row":33,"col":23,"walk_min":78.3,"bucket":">30","color":"#a01818","aggregate":true,"node_count":263,"nearest_station_id":"kr_421","nearest_station_idx":420}},{"type":"Feature","geometry":{"type":"Polygon","coordinates":[[[127.18566,37.64722],[127.20296,37.64722],[127.20296,37.66453],[127.18566,37.66453],[127.18566,37.64722]]]},"properties":{"row":27,"col":35,"walk_min":78.1,"bucket":">30","color":"#a01818","aggregate":true,"node_count":1456,"nearest_station_id":"kr_352","nearest_station_idx":350}},{"type":"Feature","geometry":{"type":"Polygon","coordinates":[[[127.16835,37.37035],[127.18566,37.37035],[127.18566,37.38765],[127.16835,37.38765],[127.16835,37.37035]]]},"properties":{"row":11,"col":34,"walk_min":77.5,"bucket":">30","color":"#a01818","aggregate":true,"node_count":841,"nearest_station_id":"kr_237","nearest_station_idx":239}},{"type":"Feature","geometry":{"type":"Polygon","coordinates":[[[127.11644,37.69914],[127.13374,37.69914],[127.13374,37.71644],[127.11644,37.71644],[127.11644,37.69914]]]},"properties":{"row":30,"col":31,"walk_min":77.1,"bucket":">30","color":"#a01818","aggregate":true,"node_count":650,"nearest_station_id":"kr_310","nearest_station_idx":306}},{"type":"Feature","geometry":{"type":"Polygon","coordinates":[[[127.09914,37.73374],[127.11644,37.73374],[127.11644,37.75105],[127.09914,37.75105],[127.09914,37.73374]]]},"properties":{"row":32,"col":30,"walk_min":80.6,"bucket":">30","color":"#a01818","aggregate":true,"node_count":1641,"nearest_station_id":"kr_065","nearest_station_idx":66}},{"type":"Feature","geometry":{"type":"Polygon","coordinates":[[[126.63191,37.40496],[126.64922,37.40496],[126.64922,37.42226],[126.63191,37.42226],[126.63191,37.40496]]]},"properties":{"row":13,"col":3,"walk_min":85.8,"bucket":">30","color":"#a01818","aggregate":true,"node_count":464,"nearest_station_id":"kr_379","nearest_station_idx":376}},{"type":"Feature","geometry":{"type":"Polygon","coordinates":[[[126.77035,37.42226],[126.78765,37.42226],[126.78765,37.43957],[126.77035,37.43957],[126.77035,37.42226]]]},"properties":{"row":14,"col":11,"walk_min":80.4,"bucket":">30","color":"#a01818","aggregate":true,"node_count":1098,"nearest_station_id":"kr_060","nearest_station_idx":59}},{"type":"Feature","geometry":{"type":"Polygon","coordinates":[[[126.83957,37.37035],[126.85687,37.37035],[126.85687,37.38765],[126.83957,37.38765],[126.83957,37.37035]]]},"properties":{"row":11,"col":15,"walk_min":80.5,"bucket":">30","color":"#a01818","aggregate":true,"node_count":1247,"nearest_station_id":"kr_442","nearest_station_idx":441}},{"type":"Feature","geometry":{"type":"Polygon","coordinates":[[[126.77035,37.71644],[126.78765,37.71644],[126.78765,37.73374],[126.77035,37.73374],[126.77035,37.71644]]]},"properties":{"row":31,"col":11,"walk_min":82.5,"bucket":">30","color":"#a01818","aggregate":true,"node_count":747,"nearest_station_id":"kr_424","nearest_station_idx":423}},{"type":"Feature","geometry":{"type":"Polygon","coordinates":[[[127.09914,37.21461],[127.11644,37.21461],[127.11644,37.23191],[127.09914,37.23191],[127.09914,37.21461]]]},"properties":{"row":2,"col":30,"walk_min":82.5,"bucket":">30","color":"#a01818","aggregate":true,"node_count":1326,"nearest_station_id":"kr_466","nearest_station_idx":465}},{"type":"Feature","geometry":{"type":"Polygon","coordinates":[[[126.80496,37.37035],[126.82226,37.37035],[126.82226,37.38765],[126.80496,37.38765],[126.80496,37.37035]]]},"properties":{"row":11,"col":13,"walk_min":84.5,"bucket":">30","color":"#a01818","aggregate":true,"node_count":614,"nearest_station_id":"kr_427","nearest_station_idx":426}},{"type":"Feature","geometry":{"type":"Polygon","coordinates":[[[126.66652,37.54339],[126.68383,37.54339],[126.68383,37.5607],[126.66652,37.5607],[126.66652,37.54339]]]},"properties":{"row":21,"col":5,"walk_min":79.3,"bucket":">30","color":"#a01818","aggregate":true,"node_count":990,"nearest_station_id":"kr_258","nearest_station_idx":412}},{"type":"Feature","geometry":{"type":"Polygon","coordinates":[[[127.08183,37.82027],[127.09914,37.82027],[127.09914,37.82892],[127.08183,37.82892],[127.08183,37.82027]]]},"properties":{"row":37,"col":29,"walk_min":73.8,"bucket":">30","color":"#a01818","aggregate":true,"node_count":60,"nearest_station_id":"kr_447","nearest_station_idx":446}},{"type":"Feature","geometry":{"type":"Polygon","coordinates":[[[127.04722,37.38765],[127.06453,37.38765],[127.06453,37.40496],[127.04722,37.40496],[127.04722,37.38765]]]},"properties":{"row":12,"col":27,"walk_min":78.6,"bucket":">30","color":"#a01818","aggregate":true,"node_count":527,"nearest_station_id":"kr_041","nearest_station_idx":44}},{"type":"Feature","geometry":{"type":"Polygon","coordinates":[[[127.22027,37.51744],[127.22892,37.51744],[127.22892,37.52609],[127.22027,37.52609],[127.22027,37.51744]]]},"properties":{"row":19,"col":37,"walk_min":72.6,"bucket":">30","color":"#a01818","aggregate":true,"node_count":5,"nearest_station_id":"kr_469","nearest_station_idx":468}},{"type":"Feature","geometry":{"type":"Polygon","coordinates":[[[126.978,37.71644],[126.99531,37.71644],[126.99531,37.73374],[126.978,37.73374],[126.978,37.71644]]]},"properties":{"row":31,"col":23,"walk_min":85.5,"bucket":">30","color":"#a01818","aggregate":true,"node_count":421,"nearest_station_id":"kr_062","nearest_station_idx":61}},{"type":"Feature","geometry":{"type":"Polygon","coordinates":[[[126.71844,37.71644],[126.73574,37.71644],[126.73574,37.73374],[126.71844,37.73374],[126.71844,37.71644]]]},"properties":{"row":31,"col":8,"walk_min":78.9,"bucket":">30","color":"#a01818","aggregate":true,"node_count":2429,"nearest_station_id":"kr_424","nearest_station_idx":423}},{"type":"Feature","geometry":{"type":"Polygon","coordinates":[[[126.94339,37.68183],[126.9607,37.68183],[126.9607,37.69914],[126.94339,37.69914],[126.94339,37.68183]]]},"properties":{"row":29,"col":21,"walk_min":82.6,"bucket":">30","color":"#a01818","aggregate":true,"node_count":836,"nearest_station_id":"kr_104","nearest_station_idx":103}},{"type":"Feature","geometry":{"type":"Polygon","coordinates":[[[127.04722,37.37035],[127.06453,37.37035],[127.06453,37.38765],[127.04722,37.38765],[127.04722,37.37035]]]},"properties":{"row":11,"col":27,"walk_min":81.8,"bucket":">30","color":"#a01818","aggregate":true,"node_count":581,"nearest_station_id":"kr_148","nearest_station_idx":150}},{"type":"Feature","geometry":{"type":"Polygon","coordinates":[[[126.77035,37.38765],[126.78765,37.38765],[126.78765,37.40496],[126.77035,37.40496],[126.77035,37.38765]]]},"properties":{"row":12,"col":11,"walk_min":99.5,"bucket":">30","color":"#a01818","aggregate":true,"node_count":172,"nearest_station_id":"kr_428","nearest_station_idx":427}},{"type":"Feature","geometry":{"type":"Polygon","coordinates":[[[127.16835,37.75105],[127.18566,37.75105],[127.18566,37.76835],[127.16835,37.76835],[127.16835,37.75105]]]},"properties":{"row":33,"col":34,"walk_min":89.3,"bucket":">30","color":"#a01818","aggregate":true,"node_count":461,"nearest_station_id":"kr_470","nearest_station_idx":469}},{"type":"Feature","geometry":{"type":"Polygon","coordinates":[[[127.15105,37.33574],[127.16835,37.33574],[127.16835,37.35305],[127.15105,37.35305],[127.15105,37.33574]]]},"properties":{"row":9,"col":33,"walk_min":80.2,"bucket":">30","color":"#a01818","aggregate":true,"node_count":919,"nearest_station_id":"kr_172","nearest_station_idx":174}},{"type":"Feature","geometry":{"type":"Polygon","coordinates":[[[126.978,37.18],[126.99531,37.18],[126.99531,37.1973],[126.978,37.1973],[126.978,37.18]]]},"properties":{"row":0,"col":23,"walk_min":83.3,"bucket":">30","color":"#a01818","aggregate":true,"node_count":855,"nearest_station_id":"kr_047","nearest_station_idx":46}},{"type":"Feature","geometry":{"type":"Polygon","coordinates":[[[126.978,37.73374],[126.99531,37.73374],[126.99531,37.75105],[126.978,37.75105],[126.978,37.73374]]]},"properties":{"row":32,"col":23,"walk_min":87.6,"bucket":">30","color":"#a01818","aggregate":true,"node_count":208,"nearest_station_id":"kr_448","nearest_station_idx":447}},{"type":"Feature","geometry":{"type":"Polygon","coordinates":[[[126.87418,37.24922],[126.89148,37.24922],[126.89148,37.26652],[126.87418,37.26652],[126.87418,37.24922]]]},"properties":{"row":4,"col":17,"walk_min":85.6,"bucket":">30","color":"#a01818","aggregate":true,"node_count":514,"nearest_station_id":"kr_114","nearest_station_idx":113}},{"type":"Feature","geometry":{"type":"Polygon","coordinates":[[[126.69248,37.30978],[126.70113,37.30978],[126.70113,37.31844],[126.69248,37.31844],[126.69248,37.30978]]]},"properties":{"row":7,"col":6,"walk_min":76.3,"bucket":">30","color":"#a01818","aggregate":true,"node_count":157,"nearest_station_id":"kr_351","nearest_station_idx":349}},{"type":"Feature","geometry":{"type":"Polygon","coordinates":[[[126.73574,37.5607],[126.75305,37.5607],[126.75305,37.578],[126.73574,37.578],[126.73574,37.5607]]]},"properties":{"row":22,"col":9,"walk_min":80.4,"bucket":">30","color":"#a01818","aggregate":true,"node_count":589,"nearest_station_id":"kr_429","nearest_station_idx":428}},{"type":"Feature","geometry":{"type":"Polygon","coordinates":[[[126.9607,37.66453],[126.978,37.66453],[126.978,37.68183],[126.9607,37.68183],[126.9607,37.66453]]]},"properties":{"row":28,"col":22,"walk_min":83.5,"bucket":">30","color":"#a01818","aggregate":true,"node_count":344,"nearest_station_id":"kr_104","nearest_station_idx":103}},{"type":"Feature","geometry":{"type":"Polygon","coordinates":[[[127.15105,37.31844],[127.16835,37.31844],[127.16835,37.33574],[127.15105,37.33574],[127.15105,37.31844]]]},"properties":{"row":8,"col":33,"walk_min":82.2,"bucket":">30","color":"#a01818","aggregate":true,"node_count":1043,"nearest_station_id":"kr_172","nearest_station_idx":174}},{"type":"Feature","geometry":{"type":"Polygon","coordinates":[[[127.20296,37.59531],[127.22027,37.59531],[127.22027,37.61261],[127.20296,37.61261],[127.20296,37.59531]]]},"properties":{"row":24,"col":36,"walk_min":85.8,"bucket":">30","color":"#a01818","aggregate":true,"node_count":535,"nearest_station_id":"kr_331","nearest_station_idx":327}},{"type":"Feature","geometry":{"type":"Polygon","coordinates":[[[127.09914,37.75105],[127.11644,37.75105],[127.11644,37.76835],[127.09914,37.76835],[127.09914,37.75105]]]},"properties":{"row":33,"col":30,"walk_min":88.4,"bucket":">30","color":"#a01818","aggregate":true,"node_count":993,"nearest_station_id":"kr_448","nearest_station_idx":447}},{"type":"Feature","geometry":{"type":"Polygon","coordinates":[[[126.75305,37.42226],[126.77035,37.42226],[126.77035,37.43957],[126.75305,37.43957],[126.75305,37.42226]]]},"properties":{"row":14,"col":10,"walk_min":85.0,"bucket":">30","color":"#a01818","aggregate":true,"node_count":429,"nearest_station_id":"kr_060","nearest_station_idx":59}},{"type":"Feature","geometry":{"type":"Polygon","coordinates":[[[127.20296,37.61261],[127.22027,37.61261],[127.22027,37.62992],[127.20296,37.62992],[127.20296,37.61261]]]},"properties":{"row":25,"col":36,"walk_min":88.7,"bucket":">30","color":"#a01818","aggregate":true,"node_count":524,"nearest_station_id":"kr_352","nearest_station_idx":350}},{"type":"Feature","geometry":{"type":"Polygon","coordinates":[[[126.70113,37.71644],[126.71844,37.71644],[126.71844,37.73374],[126.70113,37.73374],[126.70113,37.71644]]]},"properties":{"row":31,"col":7,"walk_min":84.2,"bucket":">30","color":"#a01818","aggregate":true,"node_count":1545,"nearest_station_id":"kr_424","nearest_station_idx":423}},{"type":"Feature","geometry":{"type":"Polygon","coordinates":[[[127.01261,37.31844],[127.02992,37.31844],[127.02992,37.33574],[127.01261,37.33574],[127.01261,37.31844]]]},"properties":{"row":8,"col":25,"walk_min":80.4,"bucket":">30","color":"#a01818","aggregate":true,"node_count":741,"nearest_station_id":"kr_444","nearest_station_idx":443}},{"type":"Feature","geometry":{"type":"Polygon","coordinates":[[[126.82226,37.38765],[126.83957,37.38765],[126.83957,37.40496],[126.82226,37.40496],[126.82226,37.38765]]]},"properties":{"row":12,"col":14,"walk_min":91.3,"bucket":">30","color":"#a01818","aggregate":true,"node_count":546,"nearest_station_id":"kr_442","nearest_station_idx":441}},{"type":"Feature","geometry":{"type":"Polygon","coordinates":[[[126.71844,37.40496],[126.73574,37.40496],[126.73574,37.42226],[126.71844,37.42226],[126.71844,37.40496]]]},"properties":{"row":13,"col":8,"walk_min":89.9,"bucket":">30","color":"#a01818","aggregate":true,"node_count":1434,"nearest_station_id":"kr_428","nearest_station_idx":427}},{"type":"Feature","geometry":{"type":"Polygon","coordinates":[[[127.11644,37.18],[127.13374,37.18],[127.13374,37.1973],[127.11644,37.1973],[127.11644,37.18]]]},"properties":{"row":0,"col":31,"walk_min":90.0,"bucket":">30","color":"#a01818","aggregate":true,"node_count":600,"nearest_station_id":"kr_416","nearest_station_idx":415}},{"type":"Feature","geometry":{"type":"Polygon","coordinates":[[[126.94339,37.23191],[126.9607,37.23191],[126.9607,37.24922],[126.94339,37.24922],[126.94339,37.23191]]]},"properties":{"row":3,"col":21,"walk_min":87.2,"bucket":">30","color":"#a01818","aggregate":true,"node_count":890,"nearest_station_id":"kr_043","nearest_station_idx":40}},{"type":"Feature","geometry":{"type":"Polygon","coordinates":[[[127.09914,37.76835],[127.11644,37.76835],[127.11644,37.78566],[127.09914,37.78566],[127.09914,37.76835]]]},"properties":{"row":34,"col":30,"walk_min":84.6,"bucket":">30","color":"#a01818","aggregate":true,"node_count":827,"nearest_station_id":"kr_092","nearest_station_idx":91}},{"type":"Feature","geometry":{"type":"Polygon","coordinates":[[[126.89148,37.24922],[126.90879,37.24922],[126.90879,37.26652],[126.89148,37.26652],[126.89148,37.24922]]]},"properties":{"row":4,"col":18,"walk_min":88.4,"bucket":">30","color":"#a01818","aggregate":true,"node_count":449,"nearest_station_id":"kr_114","nearest_station_idx":113}},{"type":"Feature","geometry":{"type":"Polygon","coordinates":[[[127.08183,37.23191],[127.09914,37.23191],[127.09914,37.24922],[127.08183,37.24922],[127.08183,37.23191]]]},"properties":{"row":3,"col":29,"walk_min":87.2,"bucket":">30","color":"#a01818","aggregate":true,"node_count":843,"nearest_station_id":"kr_466","nearest_station_idx":465}},{"type":"Feature","geometry":{"type":"Polygon","coordinates":[[[127.02992,37.35305],[127.04722,37.35305],[127.04722,37.37035],[127.02992,37.37035],[127.02992,37.35305]]]},"properties":{"row":10,"col":26,"walk_min":84.8,"bucket":">30","color":"#a01818","aggregate":true,"node_count":782,"nearest_station_id":"kr_148","nearest_station_idx":150}},{"type":"Feature","geometry":{"type":"Polygon","coordinates":[[[126.73574,37.59531],[126.75305,37.59531],[126.75305,37.61261],[126.73574,37.61261],[126.73574,37.59531]]]},"properties":{"row":24,"col":9,"walk_min":90.9,"bucket":">30","color":"#a01818","aggregate":true,"node_count":819,"nearest_station_id":"kr_429","nearest_station_idx":428}},{"type":"Feature","geometry":{"type":"Polygon","coordinates":[[[127.02992,37.38765],[127.04722,37.38765],[127.04722,37.40496],[127.02992,37.40496],[127.02992,37.38765]]]},"properties":{"row":12,"col":26,"walk_min":85.1,"bucket":">30","color":"#a01818","aggregate":true,"node_count":585,"nearest_station_id":"kr_346","nearest_station_idx":342}},{"type":"Feature","geometry":{"type":"Polygon","coordinates":[[[126.63191,37.52609],[126.64922,37.52609],[126.64922,37.54339],[126.63191,37.54339],[126.63191,37.52609]]]},"properties":{"row":20,"col":3,"walk_min":90.9,"bucket":">30","color":"#a01818","aggregate":true,"node_count":4748,"nearest_station_id":"kr_258","nearest_station_idx":412}},{"type":"Feature","geometry":{"type":"Polygon","coordinates":[[[126.73574,37.578],[126.75305,37.578],[126.75305,37.59531],[126.73574,37.59531],[126.73574,37.578]]]},"properties":{"row":23,"col":9,"walk_min":85.2,"bucket":">30","color":"#a01818","aggregate":true,"node_count":525,"nearest_station_id":"kr_429","nearest_station_idx":428}},{"type":"Feature","geometry":{"type":"Polygon","coordinates":[[[126.978,37.80296],[126.99531,37.80296],[126.99531,37.82027],[126.978,37.82027],[126.978,37.80296]]]},"properties":{"row":36,"col":23,"walk_min":86.6,"bucket":">30","color":"#a01818","aggregate":true,"node_count":1685,"nearest_station_id":"kr_447","nearest_station_idx":446}},{"type":"Feature","geometry":{"type":"Polygon","coordinates":[[[126.67517,37.68183],[126.68383,37.68183],[126.68383,37.69914],[126.67517,37.69914],[126.67517,37.68183]]]},"properties":{"row":29,"col":5,"walk_min":82.7,"bucket":">30","color":"#a01818","aggregate":true,"node_count":142,"nearest_station_id":"kr_424","nearest_station_idx":423}},{"type":"Feature","geometry":{"type":"Polygon","coordinates":[[[126.5973,37.40496],[126.61461,37.40496],[126.61461,37.42226],[126.5973,37.42226],[126.5973,37.40496]]]},"properties":{"row":13,"col":1,"walk_min":86.7,"bucket":">30","color":"#a01818","aggregate":true,"node_count":346,"nearest_station_id":"kr_457","nearest_station_idx":456}},{"type":"Feature","geometry":{"type":"Polygon","coordinates":[[[126.73574,37.40496],[126.75305,37.40496],[126.75305,37.42226],[126.73574,37.42226],[126.73574,37.40496]]]},"properties":{"row":13,"col":9,"walk_min":93.5,"bucket":">30","color":"#a01818","aggregate":true,"node_count":346,"nearest_station_id":"kr_428","nearest_station_idx":427}},{"type":"Feature","geometry":{"type":"Polygon","coordinates":[[[127.01261,37.33574],[127.02992,37.33574],[127.02992,37.35305],[127.01261,37.35305],[127.01261,37.33574]]]},"properties":{"row":9,"col":25,"walk_min":87.6,"bucket":">30","color":"#a01818","aggregate":true,"node_count":556,"nearest_station_id":"kr_444","nearest_station_idx":443}},{"type":"Feature","geometry":{"type":"Polygon","coordinates":[[[126.978,37.21461],[126.99531,37.21461],[126.99531,37.23191],[126.978,37.23191],[126.978,37.21461]]]},"properties":{"row":2,"col":23,"walk_min":86.5,"bucket":">30","color":"#a01818","aggregate":true,"node_count":727,"nearest_station_id":"kr_462","nearest_station_idx":461}},{"type":"Feature","geometry":{"type":"Polygon","coordinates":[[[126.66652,37.66453],[126.68383,37.66453],[126.68383,37.68183],[126.66652,37.68183],[126.66652,37.66453]]]},"properties":{"row":28,"col":5,"walk_min":179.7,"bucket":">30","color":"#a01818","aggregate":true,"node_count":231,"nearest_station_id":"kr_424","nearest_station_idx":423}},{"type":"Feature","geometry":{"type":"Polygon","coordinates":[[[126.83957,37.69914],[126.85687,37.69914],[126.85687,37.71644],[126.83957,37.71644],[126.83957,37.69914]]]},"properties":{"row":30,"col":15,"walk_min":88.8,"bucket":">30","color":"#a01818","aggregate":true,"node_count":395,"nearest_station_id":"kr_145","nearest_station_idx":147}},{"type":"Feature","geometry":{"type":"Polygon","coordinates":[[[127.22027,37.37035],[127.22892,37.37035],[127.22892,37.38765],[127.22027,37.38765],[127.22027,37.37035]]]},"properties":{"row":11,"col":37,"walk_min":80.1,"bucket":">30","color":"#a01818","aggregate":true,"node_count":80,"nearest_station_id":"kr_149","nearest_station_idx":146}},{"type":"Feature","geometry":{"type":"Polygon","coordinates":[[[127.13374,37.28383],[127.15105,37.28383],[127.15105,37.30113],[127.13374,37.30113],[127.13374,37.28383]]]},"properties":{"row":6,"col":32,"walk_min":85.7,"bucket":">30","color":"#a01818","aggregate":true,"node_count":1868,"nearest_station_id":"kr_233","nearest_station_idx":234}},{"type":"Feature","geometry":{"type":"Polygon","coordinates":[[[126.978,37.1973],[126.99531,37.1973],[126.99531,37.21461],[126.978,37.21461],[126.978,37.1973]]]},"properties":{"row":1,"col":23,"walk_min":86.5,"bucket":">30","color":"#a01818","aggregate":true,"node_count":706,"nearest_station_id":"kr_047","nearest_station_idx":46}},{"type":"Feature","geometry":{"type":"Polygon","coordinates":[[[126.71844,37.5607],[126.73574,37.5607],[126.73574,37.578],[126.71844,37.578],[126.71844,37.5607]]]},"properties":{"row":22,"col":8,"walk_min":91.1,"bucket":">30","color":"#a01818","aggregate":true,"node_count":573,"nearest_station_id":"kr_429","nearest_station_idx":428}},{"type":"Feature","geometry":{"type":"Polygon","coordinates":[[[126.73574,37.28383],[126.75305,37.28383],[126.75305,37.30113],[126.73574,37.30113],[126.73574,37.28383]]]},"properties":{"row":6,"col":9,"walk_min":236.3,"bucket":">30","color":"#a01818","aggregate":true,"node_count":391,"nearest_station_id":"kr_427","nearest_station_idx":426}},{"type":"Feature","geometry":{"type":"Polygon","coordinates":[[[126.70113,37.5607],[126.71844,37.5607],[126.71844,37.578],[126.70113,37.578],[126.70113,37.5607]]]},"properties":{"row":22,"col":7,"walk_min":89.5,"bucket":">30","color":"#a01818","aggregate":true,"node_count":1088,"nearest_station_id":"kr_258","nearest_station_idx":412}},{"type":"Feature","geometry":{"type":"Polygon","coordinates":[[[126.61461,37.40496],[126.63191,37.40496],[126.63191,37.42226],[126.61461,37.42226],[126.61461,37.40496]]]},"properties":{"row":13,"col":2,"walk_min":87.7,"bucket":">30","color":"#a01818","aggregate":true,"node_count":697,"nearest_station_id":"kr_457","nearest_station_idx":456}},{"type":"Feature","geometry":{"type":"Polygon","coordinates":[[[126.75305,37.40496],[126.77035,37.40496],[126.77035,37.42226],[126.75305,37.42226],[126.75305,37.40496]]]},"properties":{"row":13,"col":10,"walk_min":99.4,"bucket":">30","color":"#a01818","aggregate":true,"node_count":522,"nearest_station_id":"kr_428","nearest_station_idx":427}},{"type":"Feature","geometry":{"type":"Polygon","coordinates":[[[127.16835,37.35305],[127.18566,37.35305],[127.18566,37.37035],[127.16835,37.37035],[127.16835,37.35305]]]},"properties":{"row":10,"col":34,"walk_min":104.7,"bucket":">30","color":"#a01818","aggregate":true,"node_count":715,"nearest_station_id":"kr_108","nearest_station_idx":107}},{"type":"Feature","geometry":{"type":"Polygon","coordinates":[[[126.92609,37.69914],[126.94339,37.69914],[126.94339,37.71644],[126.92609,37.71644],[126.92609,37.69914]]]},"properties":{"row":30,"col":20,"walk_min":90.5,"bucket":">30","color":"#a01818","aggregate":true,"node_count":397,"nearest_station_id":"kr_104","nearest_station_idx":103}},{"type":"Feature","geometry":{"type":"Polygon","coordinates":[[[126.85687,37.69914],[126.87418,37.69914],[126.87418,37.71644],[126.85687,37.71644],[126.85687,37.69914]]]},"properties":{"row":30,"col":16,"walk_min":99.7,"bucket":">30","color":"#a01818","aggregate":true,"node_count":845,"nearest_station_id":"kr_145","nearest_station_idx":147}},{"type":"Feature","geometry":{"type":"Polygon","coordinates":[[[126.78765,37.38765],[126.80496,37.38765],[126.80496,37.40496],[126.78765,37.40496],[126.78765,37.38765]]]},"properties":{"row":12,"col":12,"walk_min":97.2,"bucket":">30","color":"#a01818","aggregate":true,"node_count":337,"nearest_station_id":"kr_428","nearest_station_idx":427}},{"type":"Feature","geometry":{"type":"Polygon","coordinates":[[[127.11644,37.1973],[127.13374,37.1973],[127.13374,37.21461],[127.11644,37.21461],[127.11644,37.1973]]]},"properties":{"row":1,"col":31,"walk_min":94.5,"bucket":">30","color":"#a01818","aggregate":true,"node_count":636,"nearest_station_id":"kr_466","nearest_station_idx":465}},{"type":"Feature","geometry":{"type":"Polygon","coordinates":[[[127.22027,37.43957],[127.23757,37.43957],[127.23757,37.45687],[127.22027,37.45687],[127.22027,37.43957]]]},"properties":{"row":15,"col":37,"walk_min":91.8,"bucket":">30","color":"#a01818","aggregate":true,"node_count":153,"nearest_station_id":"kr_236","nearest_station_idx":238}},{"type":"Feature","geometry":{"type":"Polygon","coordinates":[[[127.09914,37.82027],[127.11644,37.82027],[127.11644,37.82892],[127.09914,37.82892],[127.09914,37.82027]]]},"properties":{"row":37,"col":30,"walk_min":87.8,"bucket":">30","color":"#a01818","aggregate":true,"node_count":12,"nearest_station_id":"kr_447","nearest_station_idx":446}},{"type":"Feature","geometry":{"type":"Polygon","coordinates":[[[126.85687,37.24922],[126.87418,37.24922],[126.87418,37.26652],[126.85687,37.26652],[126.85687,37.24922]]]},"properties":{"row":4,"col":16,"walk_min":97.4,"bucket":">30","color":"#a01818","aggregate":true,"node_count":434,"nearest_station_id":"kr_114","nearest_station_idx":113}},{"type":"Feature","geometry":{"type":"Polygon","coordinates":[[[126.80496,37.69914],[126.82226,37.69914],[126.82226,37.71644],[126.80496,37.71644],[126.80496,37.69914]]]},"properties":{"row":30,"col":13,"walk_min":91.9,"bucket":">30","color":"#a01818","aggregate":true,"node_count":771,"nearest_station_id":"kr_350","nearest_station_idx":348}},{"type":"Feature","geometry":{"type":"Polygon","coordinates":[[[127.11644,37.80296],[127.13374,37.80296],[127.13374,37.82027],[127.11644,37.82027],[127.11644,37.80296]]]},"properties":{"row":36,"col":31,"walk_min":104.3,"bucket":">30","color":"#a01818","aggregate":true,"node_count":207,"nearest_station_id":"kr_447","nearest_station_idx":446}},{"type":"Feature","geometry":{"type":"Polygon","coordinates":[[[127.09914,37.24922],[127.11644,37.24922],[127.11644,37.26652],[127.09914,37.26652],[127.09914,37.24922]]]},"properties":{"row":4,"col":30,"walk_min":94.8,"bucket":">30","color":"#a01818","aggregate":true,"node_count":1180,"nearest_station_id":"kr_307","nearest_station_idx":303}},{"type":"Feature","geometry":{"type":"Polygon","coordinates":[[[127.20296,37.62992],[127.22027,37.62992],[127.22027,37.64722],[127.20296,37.64722],[127.20296,37.62992]]]},"properties":{"row":26,"col":36,"walk_min":93.2,"bucket":">30","color":"#a01818","aggregate":true,"node_count":1008,"nearest_station_id":"kr_352","nearest_station_idx":350}},{"type":"Feature","geometry":{"type":"Polygon","coordinates":[[[126.64922,37.54339],[126.66652,37.54339],[126.66652,37.5607],[126.64922,37.5607],[126.64922,37.54339]]]},"properties":{"row":21,"col":4,"walk_min":95.0,"bucket":">30","color":"#a01818","aggregate":true,"node_count":839,"nearest_station_id":"kr_258","nearest_station_idx":412}},{"type":"Feature","geometry":{"type":"Polygon","coordinates":[[[127.22027,37.45687],[127.23757,37.45687],[127.23757,37.47418],[127.22027,37.47418],[127.22027,37.45687]]]},"properties":{"row":16,"col":37,"walk_min":95.6,"bucket":">30","color":"#a01818","aggregate":true,"node_count":127,"nearest_station_id":"kr_232","nearest_station_idx":233}},{"type":"Feature","geometry":{"type":"Polygon","coordinates":[[[126.9607,37.68183],[126.978,37.68183],[126.978,37.69914],[126.9607,37.69914],[126.9607,37.68183]]]},"properties":{"row":29,"col":22,"walk_min":92.7,"bucket":">30","color":"#a01818","aggregate":true,"node_count":1294,"nearest_station_id":"kr_044","nearest_station_idx":41}},{"type":"Feature","geometry":{"type":"Polygon","coordinates":[[[127.02992,37.37035],[127.04722,37.37035],[127.04722,37.38765],[127.02992,37.38765],[127.02992,37.37035]]]},"properties":{"row":11,"col":26,"walk_min":89.5,"bucket":">30","color":"#a01818","aggregate":true,"node_count":404,"nearest_station_id":"kr_325","nearest_station_idx":319}},{"type":"Feature","geometry":{"type":"Polygon","coordinates":[[[126.58865,37.42226],[126.5973,37.42226],[126.5973,37.43957],[126.58865,37.43957],[126.58865,37.42226]]]},"properties":{"row":14,"col":0,"walk_min":99.2,"bucket":">30","color":"#a01818","aggregate":true,"node_count":71,"nearest_station_id":"kr_458","nearest_station_idx":457}},{"type":"Feature","geometry":{"type":"Polygon","coordinates":[[[127.11644,37.71644],[127.13374,37.71644],[127.13374,37.73374],[127.11644,37.73374],[127.11644,37.71644]]]},"properties":{"row":31,"col":31,"walk_min":94.6,"bucket":">30","color":"#a01818","aggregate":true,"node_count":323,"nearest_station_id":"kr_361","nearest_station_idx":359}},{"type":"Feature","geometry":{"type":"Polygon","coordinates":[[[126.66652,37.31844],[126.68383,37.31844],[126.68383,37.33574],[126.66652,37.33574],[126.66652,37.31844]]]},"properties":{"row":8,"col":5,"walk_min":98.0,"bucket":">30","color":"#a01818","aggregate":true,"node_count":3546,"nearest_station_id":"kr_351","nearest_station_idx":349}},{"type":"Feature","geometry":{"type":"Polygon","coordinates":[[[127.11644,37.26652],[127.13374,37.26652],[127.13374,37.28383],[127.11644,37.28383],[127.11644,37.26652]]]},"properties":{"row":5,"col":31,"walk_min":94.1,"bucket":">30","color":"#a01818","aggregate":true,"node_count":1561,"nearest_station_id":"kr_307","nearest_station_idx":303}},{"type":"Feature","geometry":{"type":"Polygon","coordinates":[[[126.82226,37.37035],[126.83957,37.37035],[126.83957,37.38765],[126.82226,37.38765],[126.82226,37.37035]]]},"properties":{"row":11,"col":14,"walk_min":92.0,"bucket":">30","color":"#a01818","aggregate":true,"node_count":579,"nearest_station_id":"kr_442","nearest_station_idx":441}},{"type":"Feature","geometry":{"type":"Polygon","coordinates":[[[126.5973,37.49148],[126.61461,37.49148],[126.61461,37.50879],[126.5973,37.50879],[126.5973,37.49148]]]},"properties":{"row":18,"col":1,"walk_min":97.4,"bucket":">30","color":"#a01818","aggregate":true,"node_count":45,"nearest_station_id":"kr_458","nearest_station_idx":457}},{"type":"Feature","geometry":{"type":"Polygon","coordinates":[[[127.18566,37.76835],[127.20296,37.76835],[127.20296,37.78566],[127.18566,37.78566],[127.18566,37.76835]]]},"properties":{"row":34,"col":35,"walk_min":96.8,"bucket":">30","color":"#a01818","aggregate":true,"node_count":178,"nearest_station_id":"kr_470","nearest_station_idx":469}},{"type":"Feature","geometry":{"type":"Polygon","coordinates":[[[126.64922,37.38765],[126.66652,37.38765],[126.66652,37.40496],[126.64922,37.40496],[126.64922,37.38765]]]},"properties":{"row":12,"col":4,"walk_min":98.8,"bucket":">30","color":"#a01818","aggregate":true,"node_count":1845,"nearest_station_id":"kr_456","nearest_station_idx":455}},{"type":"Feature","geometry":{"type":"Polygon","coordinates":[[[126.9607,37.21461],[126.978,37.21461],[126.978,37.23191],[126.9607,37.23191],[126.9607,37.21461]]]},"properties":{"row":2,"col":22,"walk_min":100.2,"bucket":">30","color":"#a01818","aggregate":true,"node_count":448,"nearest_station_id":"kr_462","nearest_station_idx":461}},{"type":"Feature","geometry":{"type":"Polygon","coordinates":[[[127.22027,37.49148],[127.23757,37.49148],[127.23757,37.50879],[127.22027,37.50879],[127.22027,37.49148]]]},"properties":{"row":18,"col":37,"walk_min":104.0,"bucket":">30","color":"#a01818","aggregate":true,"node_count":129,"nearest_station_id":"kr_469","nearest_station_idx":468}},{"type":"Feature","geometry":{"type":"Polygon","coordinates":[[[126.90879,37.24922],[126.92609,37.24922],[126.92609,37.26652],[126.90879,37.26652],[126.90879,37.24922]]]},"properties":{"row":4,"col":19,"walk_min":96.5,"bucket":">30","color":"#a01818","aggregate":true,"node_count":417,"nearest_station_id":"kr_415","nearest_station_idx":414}},{"type":"Feature","geometry":{"type":"Polygon","coordinates":[[[126.9607,37.76835],[126.978,37.76835],[126.978,37.78566],[126.9607,37.78566],[126.9607,37.76835]]]},"properties":{"row":34,"col":22,"walk_min":97.3,"bucket":">30","color":"#a01818","aggregate":true,"node_count":576,"nearest_station_id":"kr_092","nearest_station_idx":91}},{"type":"Feature","geometry":{"type":"Polygon","coordinates":[[[126.82226,37.69914],[126.83957,37.69914],[126.83957,37.71644],[126.82226,37.71644],[126.82226,37.69914]]]},"properties":{"row":30,"col":14,"walk_min":98.6,"bucket":">30","color":"#a01818","aggregate":true,"node_count":479,"nearest_station_id":"kr_145","nearest_station_idx":147}},{"type":"Feature","geometry":{"type":"Polygon","coordinates":[[[126.68383,37.71644],[126.70113,37.71644],[126.70113,37.73374],[126.68383,37.73374],[126.68383,37.71644]]]},"properties":{"row":31,"col":6,"walk_min":99.5,"bucket":">30","color":"#a01818","aggregate":true,"node_count":597,"nearest_station_id":"kr_424","nearest_station_idx":423}},{"type":"Feature","geometry":{"type":"Polygon","coordinates":[[[126.66652,37.38765],[126.68383,37.38765],[126.68383,37.40496],[126.66652,37.40496],[126.66652,37.38765]]]},"properties":{"row":12,"col":5,"walk_min":101.0,"bucket":">30","color":"#a01818","aggregate":true,"node_count":797,"nearest_station_id":"kr_428","nearest_station_idx":427}},{"type":"Feature","geometry":{"type":"Polygon","coordinates":[[[126.67517,37.69914],[126.68383,37.69914],[126.68383,37.71644],[126.67517,37.71644],[126.67517,37.69914]]]},"properties":{"row":30,"col":5,"walk_min":91.2,"bucket":">30","color":"#a01818","aggregate":true,"node_count":67,"nearest_station_id":"kr_424","nearest_station_idx":423}},{"type":"Feature","geometry":{"type":"Polygon","coordinates":[[[127.15105,37.30113],[127.16835,37.30113],[127.16835,37.31844],[127.15105,37.31844],[127.15105,37.30113]]]},"properties":{"row":7,"col":33,"walk_min":103.2,"bucket":">30","color":"#a01818","aggregate":true,"node_count":512,"nearest_station_id":"kr_233","nearest_station_idx":234}},{"type":"Feature","geometry":{"type":"Polygon","coordinates":[[[127.13374,37.26652],[127.15105,37.26652],[127.15105,37.28383],[127.13374,37.28383],[127.13374,37.26652]]]},"properties":{"row":5,"col":32,"walk_min":99.7,"bucket":">30","color":"#a01818","aggregate":true,"node_count":2031,"nearest_station_id":"kr_233","nearest_station_idx":234}},{"type":"Feature","geometry":{"type":"Polygon","coordinates":[[[126.90879,37.69914],[126.92609,37.69914],[126.92609,37.71644],[126.90879,37.71644],[126.90879,37.69914]]]},"properties":{"row":30,"col":19,"walk_min":106.1,"bucket":">30","color":"#a01818","aggregate":true,"node_count":67,"nearest_station_id":"kr_115","nearest_station_idx":114}},{"type":"Feature","geometry":{"type":"Polygon","coordinates":[[[126.73574,37.73374],[126.75305,37.73374],[126.75305,37.75105],[126.73574,37.75105],[126.73574,37.73374]]]},"properties":{"row":32,"col":9,"walk_min":99.8,"bucket":">30","color":"#a01818","aggregate":true,"node_count":1016,"nearest_station_id":"kr_424","nearest_station_idx":423}},{"type":"Feature","geometry":{"type":"Polygon","coordinates":[[[127.09914,37.23191],[127.11644,37.23191],[127.11644,37.24922],[127.09914,37.24922],[127.09914,37.23191]]]},"properties":{"row":3,"col":30,"walk_min":99.5,"bucket":">30","color":"#a01818","aggregate":true,"node_count":1080,"nearest_station_id":"kr_466","nearest_station_idx":465}},{"type":"Feature","geometry":{"type":"Polygon","coordinates":[[[127.22027,37.47418],[127.23757,37.47418],[127.23757,37.48283],[127.22027,37.48283],[127.22027,37.47418]]]},"properties":{"row":17,"col":37,"walk_min":97.2,"bucket":">30","color":"#a01818","aggregate":true,"node_count":163,"nearest_station_id":"kr_232","nearest_station_idx":233}},{"type":"Feature","geometry":{"type":"Polygon","coordinates":[[[126.89148,37.69914],[126.90879,37.69914],[126.90879,37.71644],[126.89148,37.71644],[126.89148,37.69914]]]},"properties":{"row":30,"col":18,"walk_min":101.0,"bucket":">30","color":"#a01818","aggregate":true,"node_count":1595,"nearest_station_id":"kr_115","nearest_station_idx":114}},{"type":"Feature","geometry":{"type":"Polygon","coordinates":[[[126.75305,37.73374],[126.77035,37.73374],[126.77035,37.75105],[126.75305,37.75105],[126.75305,37.73374]]]},"properties":{"row":32,"col":10,"walk_min":100.9,"bucket":">30","color":"#a01818","aggregate":true,"node_count":438,"nearest_station_id":"kr_424","nearest_station_idx":423}},{"type":"Feature","geometry":{"type":"Polygon","coordinates":[[[126.9607,37.78566],[126.978,37.78566],[126.978,37.80296],[126.9607,37.80296],[126.9607,37.78566]]]},"properties":{"row":35,"col":22,"walk_min":97.0,"bucket":">30","color":"#a01818","aggregate":true,"node_count":817,"nearest_station_id":"kr_092","nearest_station_idx":91}},{"type":"Feature","geometry":{"type":"Polygon","coordinates":[[[126.80496,37.40496],[126.82226,37.40496],[126.82226,37.42226],[126.80496,37.42226],[126.80496,37.40496]]]},"properties":{"row":13,"col":13,"walk_min":111.4,"bucket":">30","color":"#a01818","aggregate":true,"node_count":738,"nearest_station_id":"kr_442","nearest_station_idx":441}},{"type":"Feature","geometry":{"type":"Polygon","coordinates":[[[127.22027,37.35305],[127.23757,37.35305],[127.23757,37.37035],[127.22027,37.37035],[127.22027,37.35305]]]},"properties":{"row":10,"col":37,"walk_min":113.1,"bucket":">30","color":"#a01818","aggregate":true,"node_count":49,"nearest_station_id":"kr_149","nearest_station_idx":146}},{"type":"Feature","geometry":{"type":"Polygon","coordinates":[[[126.78765,37.71644],[126.80496,37.71644],[126.80496,37.73374],[126.78765,37.73374],[126.78765,37.71644]]]},"properties":{"row":31,"col":12,"walk_min":103.2,"bucket":">30","color":"#a01818","aggregate":true,"node_count":753,"nearest_station_id":"kr_350","nearest_station_idx":348}},{"type":"Feature","geometry":{"type":"Polygon","coordinates":[[[127.11644,37.21461],[127.13374,37.21461],[127.13374,37.23191],[127.11644,37.23191],[127.11644,37.21461]]]},"properties":{"row":2,"col":31,"walk_min":104.3,"bucket":">30","color":"#a01818","aggregate":true,"node_count":634,"nearest_station_id":"kr_466","nearest_station_idx":465}},{"type":"Feature","geometry":{"type":"Polygon","coordinates":[[[126.77035,37.73374],[126.78765,37.73374],[126.78765,37.75105],[126.77035,37.75105],[126.77035,37.73374]]]},"properties":{"row":32,"col":11,"walk_min":111.1,"bucket":">30","color":"#a01818","aggregate":true,"node_count":395,"nearest_station_id":"kr_424","nearest_station_idx":423}},{"type":"Feature","geometry":{"type":"Polygon","coordinates":[[[126.68383,37.38765],[126.70113,37.38765],[126.70113,37.40496],[126.68383,37.40496],[126.68383,37.38765]]]},"properties":{"row":12,"col":6,"walk_min":103.6,"bucket":">30","color":"#a01818","aggregate":true,"node_count":104,"nearest_station_id":"kr_428","nearest_station_idx":427}},{"type":"Feature","geometry":{"type":"Polygon","coordinates":[[[126.9607,37.71644],[126.978,37.71644],[126.978,37.73374],[126.9607,37.73374],[126.9607,37.71644]]]},"properties":{"row":31,"col":22,"walk_min":103.2,"bucket":">30","color":"#a01818","aggregate":true,"node_count":1131,"nearest_station_id":"kr_062","nearest_station_idx":61}},{"type":"Feature","geometry":{"type":"Polygon","coordinates":[[[126.9607,37.75105],[126.978,37.75105],[126.978,37.76835],[126.9607,37.76835],[126.9607,37.75105]]]},"properties":{"row":33,"col":22,"walk_min":106.2,"bucket":">30","color":"#a01818","aggregate":true,"node_count":508,"nearest_station_id":"kr_421","nearest_station_idx":420}},{"type":"Feature","geometry":{"type":"Polygon","coordinates":[[[126.68383,37.5607],[126.70113,37.5607],[126.70113,37.578],[126.68383,37.578],[126.68383,37.5607]]]},"properties":{"row":22,"col":6,"walk_min":103.2,"bucket":">30","color":"#a01818","aggregate":true,"node_count":442,"nearest_station_id":"kr_258","nearest_station_idx":412}},{"type":"Feature","geometry":{"type":"Polygon","coordinates":[[[126.92609,37.23191],[126.94339,37.23191],[126.94339,37.24922],[126.92609,37.24922],[126.92609,37.23191]]]},"properties":{"row":3,"col":20,"walk_min":103.4,"bucket":">30","color":"#a01818","aggregate":true,"node_count":778,"nearest_station_id":"kr_043","nearest_station_idx":40}},{"type":"Feature","geometry":{"type":"Polygon","coordinates":[[[127.20296,37.76835],[127.22027,37.76835],[127.22027,37.78566],[127.20296,37.78566],[127.20296,37.76835]]]},"properties":{"row":34,"col":36,"walk_min":104.4,"bucket":">30","color":"#a01818","aggregate":true,"node_count":166,"nearest_station_id":"kr_470","nearest_station_idx":469}},{"type":"Feature","geometry":{"type":"Polygon","coordinates":[[[127.11644,37.78566],[127.13374,37.78566],[127.13374,37.80296],[127.11644,37.80296],[127.11644,37.78566]]]},"properties":{"row":35,"col":31,"walk_min":116.9,"bucket":">30","color":"#a01818","aggregate":true,"node_count":177,"nearest_station_id":"kr_447","nearest_station_idx":446}},{"type":"Feature","geometry":{"type":"Polygon","coordinates":[[[127.11644,37.75105],[127.13374,37.75105],[127.13374,37.76835],[127.11644,37.76835],[127.11644,37.75105]]]},"properties":{"row":33,"col":31,"walk_min":104.6,"bucket":">30","color":"#a01818","aggregate":true,"node_count":798,"nearest_station_id":"kr_448","nearest_station_idx":447}},{"type":"Feature","geometry":{"type":"Polygon","coordinates":[[[126.9607,37.69914],[126.978,37.69914],[126.978,37.71644],[126.9607,37.71644],[126.9607,37.69914]]]},"properties":{"row":30,"col":22,"walk_min":102.7,"bucket":">30","color":"#a01818","aggregate":true,"node_count":1117,"nearest_station_id":"kr_449","nearest_station_idx":448}},{"type":"Feature","geometry":{"type":"Polygon","coordinates":[[[126.66652,37.5607],[126.68383,37.5607],[126.68383,37.578],[126.66652,37.578],[126.66652,37.5607]]]},"properties":{"row":22,"col":5,"walk_min":104.4,"bucket":">30","color":"#a01818","aggregate":true,"node_count":736,"nearest_station_id":"kr_258","nearest_station_idx":412}},{"type":"Feature","geometry":{"type":"Polygon","coordinates":[[[127.11644,37.73374],[127.13374,37.73374],[127.13374,37.75105],[127.11644,37.75105],[127.11644,37.73374]]]},"properties":{"row":32,"col":31,"walk_min":107.7,"bucket":">30","color":"#a01818","aggregate":true,"node_count":943,"nearest_station_id":"kr_065","nearest_station_idx":66}},{"type":"Feature","geometry":{"type":"Polygon","coordinates":[[[127.22027,37.59531],[127.22892,37.59531],[127.22892,37.61261],[127.22027,37.61261],[127.22027,37.59531]]]},"properties":{"row":24,"col":37,"walk_min":104.3,"bucket":">30","color":"#a01818","aggregate":true,"node_count":45,"nearest_station_id":"kr_331","nearest_station_idx":327}},{"type":"Feature","geometry":{"type":"Polygon","coordinates":[[[126.87418,37.69914],[126.89148,37.69914],[126.89148,37.71644],[126.87418,37.71644],[126.87418,37.69914]]]},"properties":{"row":30,"col":17,"walk_min":105.9,"bucket":">30","color":"#a01818","aggregate":true,"node_count":1394,"nearest_station_id":"kr_115","nearest_station_idx":114}},{"type":"Feature","geometry":{"type":"Polygon","coordinates":[[[126.61461,37.52609],[126.63191,37.52609],[126.63191,37.54339],[126.61461,37.54339],[126.61461,37.52609]]]},"properties":{"row":20,"col":2,"walk_min":105.2,"bucket":">30","color":"#a01818","aggregate":true,"node_count":2188,"nearest_station_id":"kr_458","nearest_station_idx":457}},{"type":"Feature","geometry":{"type":"Polygon","coordinates":[[[127.13374,37.73374],[127.15105,37.73374],[127.15105,37.75105],[127.13374,37.75105],[127.13374,37.73374]]]},"properties":{"row":32,"col":32,"walk_min":111.0,"bucket":">30","color":"#a01818","aggregate":true,"node_count":418,"nearest_station_id":"kr_470","nearest_station_idx":469}},{"type":"Feature","geometry":{"type":"Polygon","coordinates":[[[127.16835,37.33574],[127.18566,37.33574],[127.18566,37.35305],[127.16835,37.35305],[127.16835,37.33574]]]},"properties":{"row":9,"col":34,"walk_min":102.0,"bucket":">30","color":"#a01818","aggregate":true,"node_count":2240,"nearest_station_id":"kr_172","nearest_station_idx":174}},{"type":"Feature","geometry":{"type":"Polygon","coordinates":[[[126.99531,37.82027],[127.01261,37.82027],[127.01261,37.82892],[126.99531,37.82892],[126.99531,37.82027]]]},"properties":{"row":37,"col":24,"walk_min":99.0,"bucket":">30","color":"#a01818","aggregate":true,"node_count":83,"nearest_station_id":"kr_447","nearest_station_idx":446}},{"type":"Feature","geometry":{"type":"Polygon","coordinates":[[[126.77035,37.40496],[126.78765,37.40496],[126.78765,37.42226],[126.77035,37.42226],[126.77035,37.40496]]]},"properties":{"row":13,"col":11,"walk_min":109.3,"bucket":">30","color":"#a01818","aggregate":true,"node_count":879,"nearest_station_id":"kr_428","nearest_station_idx":427}},{"type":"Feature","geometry":{"type":"Polygon","coordinates":[[[126.72709,37.29248],[126.73574,37.29248],[126.73574,37.30113],[126.72709,37.30113],[126.72709,37.29248]]]},"properties":{"row":6,"col":8,"walk_min":97.5,"bucket":">30","color":"#a01818","aggregate":true,"node_count":24,"nearest_station_id":"kr_427","nearest_station_idx":426}},{"type":"Feature","geometry":{"type":"Polygon","coordinates":[[[126.71844,37.73374],[126.73574,37.73374],[126.73574,37.75105],[126.71844,37.75105],[126.71844,37.73374]]]},"properties":{"row":32,"col":8,"walk_min":105.4,"bucket":">30","color":"#a01818","aggregate":true,"node_count":669,"nearest_station_id":"kr_424","nearest_station_idx":423}},{"type":"Feature","geometry":{"type":"Polygon","coordinates":[[[127.15105,37.75105],[127.16835,37.75105],[127.16835,37.76835],[127.15105,37.76835],[127.15105,37.75105]]]},"properties":{"row":33,"col":33,"walk_min":107.2,"bucket":">30","color":"#a01818","aggregate":true,"node_count":587,"nearest_station_id":"kr_470","nearest_station_idx":469}},{"type":"Feature","geometry":{"type":"Polygon","coordinates":[[[126.9607,37.80296],[126.978,37.80296],[126.978,37.82027],[126.9607,37.82027],[126.9607,37.80296]]]},"properties":{"row":36,"col":22,"walk_min":106.1,"bucket":">30","color":"#a01818","aggregate":true,"node_count":1047,"nearest_station_id":"kr_447","nearest_station_idx":446}},{"type":"Feature","geometry":{"type":"Polygon","coordinates":[[[127.11644,37.82027],[127.13374,37.82027],[127.13374,37.83757],[127.11644,37.83757],[127.11644,37.82027]]]},"properties":{"row":37,"col":31,"walk_min":117.7,"bucket":">30","color":"#a01818","aggregate":true,"node_count":168,"nearest_station_id":"kr_119","nearest_station_idx":118}},{"type":"Feature","geometry":{"type":"Polygon","coordinates":[[[127.22027,37.578],[127.22892,37.578],[127.22892,37.59531],[127.22027,37.59531],[127.22027,37.578]]]},"properties":{"row":23,"col":37,"walk_min":104.2,"bucket":">30","color":"#a01818","aggregate":true,"node_count":167,"nearest_station_id":"kr_331","nearest_station_idx":327}},{"type":"Feature","geometry":{"type":"Polygon","coordinates":[[[126.94339,37.69914],[126.9607,37.69914],[126.9607,37.71644],[126.94339,37.71644],[126.94339,37.69914]]]},"properties":{"row":30,"col":21,"walk_min":108.7,"bucket":">30","color":"#a01818","aggregate":true,"node_count":271,"nearest_station_id":"kr_104","nearest_station_idx":103}},{"type":"Feature","geometry":{"type":"Polygon","coordinates":[[[126.70113,37.38765],[126.71844,37.38765],[126.71844,37.40496],[126.70113,37.40496],[126.70113,37.38765]]]},"properties":{"row":12,"col":7,"walk_min":106.9,"bucket":">30","color":"#a01818","aggregate":true,"node_count":375,"nearest_station_id":"kr_428","nearest_station_idx":427}},{"type":"Feature","geometry":{"type":"Polygon","coordinates":[[[126.75305,37.61261],[126.77035,37.61261],[126.77035,37.62992],[126.75305,37.62992],[126.75305,37.61261]]]},"properties":{"row":25,"col":10,"walk_min":106.2,"bucket":">30","color":"#a01818","aggregate":true,"node_count":941,"nearest_station_id":"kr_228","nearest_station_idx":229}},{"type":"Feature","geometry":{"type":"Polygon","coordinates":[[[126.70113,37.73374],[126.71844,37.73374],[126.71844,37.75105],[126.70113,37.75105],[126.70113,37.73374]]]},"properties":{"row":32,"col":7,"walk_min":112.2,"bucket":">30","color":"#a01818","aggregate":true,"node_count":439,"nearest_station_id":"kr_424","nearest_station_idx":423}},{"type":"Feature","geometry":{"type":"Polygon","coordinates":[[[126.82226,37.24922],[126.83957,37.24922],[126.83957,37.26652],[126.82226,37.26652],[126.82226,37.24922]]]},"properties":{"row":4,"col":14,"walk_min":119.5,"bucket":">30","color":"#a01818","aggregate":true,"node_count":93,"nearest_station_id":"kr_114","nearest_station_idx":113}},{"type":"Feature","geometry":{"type":"Polygon","coordinates":[[[126.78765,37.40496],[126.80496,37.40496],[126.80496,37.42226],[126.78765,37.42226],[126.78765,37.40496]]]},"properties":{"row":13,"col":12,"walk_min":101.6,"bucket":">30","color":"#a01818","aggregate":true,"node_count":313,"nearest_station_id":"kr_428","nearest_station_idx":427}},{"type":"Feature","geometry":{"type":"Polygon","coordinates":[[[126.5973,37.50879],[126.61461,37.50879],[126.61461,37.52609],[126.5973,37.52609],[126.5973,37.50879]]]},"properties":{"row":19,"col":1,"walk_min":108.2,"bucket":">30","color":"#a01818","aggregate":true,"node_count":166,"nearest_station_id":"kr_458","nearest_station_idx":457}},{"type":"Feature","geometry":{"type":"Polygon","coordinates":[[[126.58865,37.41361],[126.5973,37.41361],[126.5973,37.42226],[126.58865,37.42226],[126.58865,37.41361]]]},"properties":{"row":13,"col":0,"walk_min":100.5,"bucket":">30","color":"#a01818","aggregate":true,"node_count":111,"nearest_station_id":"kr_458","nearest_station_idx":457}},{"type":"Feature","geometry":{"type":"Polygon","coordinates":[[[127.15105,37.28383],[127.16835,37.28383],[127.16835,37.30113],[127.15105,37.30113],[127.15105,37.28383]]]},"properties":{"row":6,"col":33,"walk_min":105.6,"bucket":">30","color":"#a01818","aggregate":true,"node_count":1919,"nearest_station_id":"kr_233","nearest_station_idx":234}},{"type":"Feature","geometry":{"type":"Polygon","coordinates":[[[126.978,37.82027],[126.99531,37.82027],[126.99531,37.82892],[126.978,37.82892],[126.978,37.82027]]]},"properties":{"row":37,"col":23,"walk_min":100.8,"bucket":">30","color":"#a01818","aggregate":true,"node_count":61,"nearest_station_id":"kr_447","nearest_station_idx":446}},{"type":"Feature","geometry":{"type":"Polygon","coordinates":[[[126.71844,37.59531],[126.73574,37.59531],[126.73574,37.61261],[126.71844,37.61261],[126.71844,37.59531]]]},"properties":{"row":24,"col":8,"walk_min":109.9,"bucket":">30","color":"#a01818","aggregate":true,"node_count":2273,"nearest_station_id":"kr_429","nearest_station_idx":428}},{"type":"Feature","geometry":{"type":"Polygon","coordinates":[[[126.94339,37.21461],[126.9607,37.21461],[126.9607,37.23191],[126.94339,37.23191],[126.94339,37.21461]]]},"properties":{"row":2,"col":21,"walk_min":112.2,"bucket":">30","color":"#a01818","aggregate":true,"node_count":1890,"nearest_station_id":"kr_462","nearest_station_idx":461}},{"type":"Feature","geometry":{"type":"Polygon","coordinates":[[[127.22027,37.62992],[127.23757,37.62992],[127.23757,37.64722],[127.22027,37.64722],[127.22027,37.62992]]]},"properties":{"row":26,"col":37,"walk_min":111.4,"bucket":">30","color":"#a01818","aggregate":true,"node_count":88,"nearest_station_id":"kr_352","nearest_station_idx":350}},{"type":"Feature","geometry":{"type":"Polygon","coordinates":[[[126.63191,37.54339],[126.64922,37.54339],[126.64922,37.5607],[126.63191,37.5607],[126.63191,37.54339]]]},"properties":{"row":21,"col":3,"walk_min":111.9,"bucket":">30","color":"#a01818","aggregate":true,"node_count":337,"nearest_station_id":"kr_258","nearest_station_idx":412}},{"type":"Feature","geometry":{"type":"Polygon","coordinates":[[[126.71844,37.578],[126.73574,37.578],[126.73574,37.59531],[126.71844,37.59531],[126.71844,37.578]]]},"properties":{"row":23,"col":8,"walk_min":108.2,"bucket":">30","color":"#a01818","aggregate":true,"node_count":403,"nearest_station_id":"kr_429","nearest_station_idx":428}},{"type":"Feature","geometry":{"type":"Polygon","coordinates":[[[126.90879,37.23191],[126.92609,37.23191],[126.92609,37.24922],[126.90879,37.24922],[126.90879,37.23191]]]},"properties":{"row":3,"col":19,"walk_min":115.1,"bucket":">30","color":"#a01818","aggregate":true,"node_count":467,"nearest_station_id":"kr_043","nearest_station_idx":40}},{"type":"Feature","geometry":{"type":"Polygon","coordinates":[[[126.63191,37.38765],[126.64922,37.38765],[126.64922,37.40496],[126.63191,37.40496],[126.63191,37.38765]]]},"properties":{"row":12,"col":3,"walk_min":110.6,"bucket":">30","color":"#a01818","aggregate":true,"node_count":3493,"nearest_station_id":"kr_379","nearest_station_idx":376}},{"type":"Feature","geometry":{"type":"Polygon","coordinates":[[[127.15105,37.7424],[127.16835,37.7424],[127.16835,37.75105],[127.15105,37.75105],[127.15105,37.7424]]]},"properties":{"row":32,"col":33,"walk_min":106.5,"bucket":">30","color":"#a01818","aggregate":true,"node_count":114,"nearest_station_id":"kr_470","nearest_station_idx":469}},{"type":"Feature","geometry":{"type":"Polygon","coordinates":[[[126.9607,37.18],[126.978,37.18],[126.978,37.1973],[126.9607,37.1973],[126.9607,37.18]]]},"properties":{"row":0,"col":22,"walk_min":109.2,"bucket":">30","color":"#a01818","aggregate":true,"node_count":662,"nearest_station_id":"kr_047","nearest_station_idx":46}},{"type":"Feature","geometry":{"type":"Polygon","coordinates":[[[126.9607,37.1973],[126.978,37.1973],[126.978,37.21461],[126.9607,37.21461],[126.9607,37.1973]]]},"properties":{"row":1,"col":22,"walk_min":110.1,"bucket":">30","color":"#a01818","aggregate":true,"node_count":589,"nearest_station_id":"kr_047","nearest_station_idx":46}},{"type":"Feature","geometry":{"type":"Polygon","coordinates":[[[126.73574,37.61261],[126.75305,37.61261],[126.75305,37.62992],[126.73574,37.62992],[126.73574,37.61261]]]},"properties":{"row":25,"col":9,"walk_min":114.2,"bucket":">30","color":"#a01818","aggregate":true,"node_count":715,"nearest_station_id":"kr_261","nearest_station_idx":260}},{"type":"Feature","geometry":{"type":"Polygon","coordinates":[[[126.60596,37.38765],[126.61461,37.38765],[126.61461,37.40496],[126.60596,37.40496],[126.60596,37.38765]]]},"properties":{"row":12,"col":1,"walk_min":110.6,"bucket":">30","color":"#a01818","aggregate":true,"node_count":173,"nearest_station_id":"kr_457","nearest_station_idx":456}},{"type":"Feature","geometry":{"type":"Polygon","coordinates":[[[126.85687,37.23191],[126.87418,37.23191],[126.87418,37.24922],[126.85687,37.24922],[126.85687,37.23191]]]},"properties":{"row":3,"col":16,"walk_min":115.1,"bucket":">30","color":"#a01818","aggregate":true,"node_count":665,"nearest_station_id":"kr_114","nearest_station_idx":113}},{"type":"Feature","geometry":{"type":"Polygon","coordinates":[[[126.80496,37.24922],[126.82226,37.24922],[126.82226,37.26652],[126.80496,37.26652],[126.80496,37.24922]]]},"properties":{"row":4,"col":13,"walk_min":114.9,"bucket":">30","color":"#a01818","aggregate":true,"node_count":317,"nearest_station_id":"kr_426","nearest_station_idx":425}},{"type":"Feature","geometry":{"type":"Polygon","coordinates":[[[126.61461,37.38765],[126.63191,37.38765],[126.63191,37.40496],[126.61461,37.40496],[126.61461,37.38765]]]},"properties":{"row":12,"col":2,"walk_min":112.0,"bucket":">30","color":"#a01818","aggregate":true,"node_count":1211,"nearest_station_id":"kr_457","nearest_station_idx":456}},{"type":"Feature","geometry":{"type":"Polygon","coordinates":[[[127.18566,37.35305],[127.20296,37.35305],[127.20296,37.37035],[127.18566,37.37035],[127.18566,37.35305]]]},"properties":{"row":10,"col":35,"walk_min":114.6,"bucket":">30","color":"#a01818","aggregate":true,"node_count":894,"nearest_station_id":"kr_237","nearest_station_idx":239}},{"type":"Feature","geometry":{"type":"Polygon","coordinates":[[[127.13374,37.18],[127.15105,37.18],[127.15105,37.1973],[127.13374,37.1973],[127.13374,37.18]]]},"properties":{"row":0,"col":32,"walk_min":116.3,"bucket":">30","color":"#a01818","aggregate":true,"node_count":1117,"nearest_station_id":"kr_416","nearest_station_idx":415}},{"type":"Feature","geometry":{"type":"Polygon","coordinates":[[[127.15105,37.26652],[127.16835,37.26652],[127.16835,37.28383],[127.15105,37.28383],[127.15105,37.26652]]]},"properties":{"row":5,"col":33,"walk_min":116.0,"bucket":">30","color":"#a01818","aggregate":true,"node_count":2343,"nearest_station_id":"kr_233","nearest_station_idx":234}},{"type":"Feature","geometry":{"type":"Polygon","coordinates":[[[127.13374,37.80296],[127.15105,37.80296],[127.15105,37.82027],[127.13374,37.82027],[127.13374,37.80296]]]},"properties":{"row":36,"col":32,"walk_min":115.7,"bucket":">30","color":"#a01818","aggregate":true,"node_count":437,"nearest_station_id":"kr_447","nearest_station_idx":446}},{"type":"Feature","geometry":{"type":"Polygon","coordinates":[[[126.9607,37.73374],[126.978,37.73374],[126.978,37.75105],[126.9607,37.75105],[126.9607,37.73374]]]},"properties":{"row":32,"col":22,"walk_min":116.6,"bucket":">30","color":"#a01818","aggregate":true,"node_count":218,"nearest_station_id":"kr_448","nearest_station_idx":447}},{"type":"Feature","geometry":{"type":"Polygon","coordinates":[[[126.80496,37.71644],[126.82226,37.71644],[126.82226,37.73374],[126.80496,37.73374],[126.80496,37.71644]]]},"properties":{"row":31,"col":13,"walk_min":115.2,"bucket":">30","color":"#a01818","aggregate":true,"node_count":846,"nearest_station_id":"kr_350","nearest_station_idx":348}},{"type":"Feature","geometry":{"type":"Polygon","coordinates":[[[126.83957,37.24922],[126.85687,37.24922],[126.85687,37.26652],[126.83957,37.26652],[126.83957,37.24922]]]},"properties":{"row":4,"col":15,"walk_min":116.2,"bucket":">30","color":"#a01818","aggregate":true,"node_count":691,"nearest_station_id":"kr_114","nearest_station_idx":113}},{"type":"Feature","geometry":{"type":"Polygon","coordinates":[[[126.87418,37.23191],[126.89148,37.23191],[126.89148,37.24922],[126.87418,37.24922],[126.87418,37.23191]]]},"properties":{"row":3,"col":17,"walk_min":117.8,"bucket":">30","color":"#a01818","aggregate":true,"node_count":446,"nearest_station_id":"kr_114","nearest_station_idx":113}},{"type":"Feature","geometry":{"type":"Polygon","coordinates":[[[127.13374,37.1973],[127.15105,37.1973],[127.15105,37.21461],[127.13374,37.21461],[127.13374,37.1973]]]},"properties":{"row":1,"col":32,"walk_min":118.1,"bucket":">30","color":"#a01818","aggregate":true,"node_count":694,"nearest_station_id":"kr_466","nearest_station_idx":465}},{"type":"Feature","geometry":{"type":"Polygon","coordinates":[[[126.64922,37.31844],[126.66652,37.31844],[126.66652,37.33574],[126.64922,37.33574],[126.64922,37.31844]]]},"properties":{"row":8,"col":4,"walk_min":115.7,"bucket":">30","color":"#a01818","aggregate":true,"node_count":22,"nearest_station_id":"kr_351","nearest_station_idx":349}},{"type":"Feature","geometry":{"type":"Polygon","coordinates":[[[127.11644,37.23191],[127.13374,37.23191],[127.13374,37.24922],[127.11644,37.24922],[127.11644,37.23191]]]},"properties":{"row":3,"col":31,"walk_min":118.0,"bucket":">30","color":"#a01818","aggregate":true,"node_count":716,"nearest_station_id":"kr_307","nearest_station_idx":303}},{"type":"Feature","geometry":{"type":"Polygon","coordinates":[[[126.64922,37.5607],[126.66652,37.5607],[126.66652,37.578],[126.64922,37.578],[126.64922,37.5607]]]},"properties":{"row":22,"col":4,"walk_min":120.1,"bucket":">30","color":"#a01818","aggregate":true,"node_count":945,"nearest_station_id":"kr_258","nearest_station_idx":412}},{"type":"Feature","geometry":{"type":"Polygon","coordinates":[[[126.78765,37.73374],[126.80496,37.73374],[126.80496,37.75105],[126.78765,37.75105],[126.78765,37.73374]]]},"properties":{"row":32,"col":12,"walk_min":118.6,"bucket":">30","color":"#a01818","aggregate":true,"node_count":422,"nearest_station_id":"kr_424","nearest_station_idx":423}},{"type":"Feature","geometry":{"type":"Polygon","coordinates":[[[126.5973,37.52609],[126.61461,37.52609],[126.61461,37.54339],[126.5973,37.54339],[126.5973,37.52609]]]},"properties":{"row":20,"col":1,"walk_min":124.6,"bucket":">30","color":"#a01818","aggregate":true,"node_count":391,"nearest_station_id":"kr_458","nearest_station_idx":457}},{"type":"Feature","geometry":{"type":"Polygon","coordinates":[[[127.13374,37.78566],[127.15105,37.78566],[127.15105,37.80296],[127.13374,37.80296],[127.13374,37.78566]]]},"properties":{"row":35,"col":32,"walk_min":132.4,"bucket":">30","color":"#a01818","aggregate":true,"node_count":192,"nearest_station_id":"kr_447","nearest_station_idx":446}},{"type":"Feature","geometry":{"type":"Polygon","coordinates":[[[127.22027,37.61261],[127.22892,37.61261],[127.22892,37.62992],[127.22027,37.62992],[127.22027,37.61261]]]},"properties":{"row":25,"col":37,"walk_min":110.9,"bucket":">30","color":"#a01818","aggregate":true,"node_count":65,"nearest_station_id":"kr_352","nearest_station_idx":350}},{"type":"Feature","geometry":{"type":"Polygon","coordinates":[[[126.89148,37.23191],[126.90879,37.23191],[126.90879,37.24922],[126.89148,37.24922],[126.89148,37.23191]]]},"properties":{"row":3,"col":18,"walk_min":120.6,"bucket":">30","color":"#a01818","aggregate":true,"node_count":563,"nearest_station_id":"kr_114","nearest_station_idx":113}},{"type":"Feature","geometry":{"type":"Polygon","coordinates":[[[126.66652,37.30978],[126.68383,37.30978],[126.68383,37.31844],[126.66652,37.31844],[126.66652,37.30978]]]},"properties":{"row":7,"col":5,"walk_min":109.8,"bucket":">30","color":"#a01818","aggregate":true,"node_count":10,"nearest_station_id":"kr_351","nearest_station_idx":349}},{"type":"Feature","geometry":{"type":"Polygon","coordinates":[[[126.80496,37.38765],[126.82226,37.38765],[126.82226,37.40496],[126.80496,37.40496],[126.80496,37.38765]]]},"properties":{"row":12,"col":13,"walk_min":117.5,"bucket":">30","color":"#a01818","aggregate":true,"node_count":345,"nearest_station_id":"kr_442","nearest_station_idx":441}},{"type":"Feature","geometry":{"type":"Polygon","coordinates":[[[127.16835,37.31844],[127.18566,37.31844],[127.18566,37.33574],[127.16835,37.33574],[127.16835,37.31844]]]},"properties":{"row":8,"col":34,"walk_min":119.5,"bucket":">30","color":"#a01818","aggregate":true,"node_count":1047,"nearest_station_id":"kr_172","nearest_station_idx":174}},{"type":"Feature","geometry":{"type":"Polygon","coordinates":[[[126.92609,37.71644],[126.94339,37.71644],[126.94339,37.73374],[126.92609,37.73374],[126.92609,37.71644]]]},"properties":{"row":31,"col":20,"walk_min":119.1,"bucket":">30","color":"#a01818","aggregate":true,"node_count":481,"nearest_station_id":"kr_115","nearest_station_idx":114}},{"type":"Feature","geometry":{"type":"Polygon","coordinates":[[[126.92609,37.21461],[126.94339,37.21461],[126.94339,37.23191],[126.92609,37.23191],[126.92609,37.21461]]]},"properties":{"row":2,"col":20,"walk_min":132.6,"bucket":">30","color":"#a01818","aggregate":true,"node_count":509,"nearest_station_id":"kr_462","nearest_station_idx":461}},{"type":"Feature","geometry":{"type":"Polygon","coordinates":[[[126.94339,37.78566],[126.9607,37.78566],[126.9607,37.80296],[126.94339,37.80296],[126.94339,37.78566]]]},"properties":{"row":35,"col":21,"walk_min":119.5,"bucket":">30","color":"#a01818","aggregate":true,"node_count":665,"nearest_station_id":"kr_092","nearest_station_idx":91}},{"type":"Feature","geometry":{"type":"Polygon","coordinates":[[[126.82226,37.71644],[126.83957,37.71644],[126.83957,37.73374],[126.82226,37.73374],[126.82226,37.71644]]]},"properties":{"row":31,"col":14,"walk_min":122.2,"bucket":">30","color":"#a01818","aggregate":true,"node_count":277,"nearest_station_id":"kr_145","nearest_station_idx":147}},{"type":"Feature","geometry":{"type":"Polygon","coordinates":[[[126.70113,37.578],[126.71844,37.578],[126.71844,37.59531],[126.70113,37.59531],[126.70113,37.578]]]},"properties":{"row":23,"col":7,"walk_min":120.5,"bucket":">30","color":"#a01818","aggregate":true,"node_count":674,"nearest_station_id":"kr_429","nearest_station_idx":428}},{"type":"Feature","geometry":{"type":"Polygon","coordinates":[[[126.9607,37.82027],[126.978,37.82027],[126.978,37.82892],[126.9607,37.82892],[126.9607,37.82027]]]},"properties":{"row":37,"col":22,"walk_min":117.2,"bucket":">30","color":"#a01818","aggregate":true,"node_count":64,"nearest_station_id":"kr_447","nearest_station_idx":446}},{"type":"Feature","geometry":{"type":"Polygon","coordinates":[[[126.94339,37.76835],[126.9607,37.76835],[126.9607,37.78566],[126.94339,37.78566],[126.94339,37.76835]]]},"properties":{"row":34,"col":21,"walk_min":125.7,"bucket":">30","color":"#a01818","aggregate":true,"node_count":529,"nearest_station_id":"kr_092","nearest_station_idx":91}},{"type":"Feature","geometry":{"type":"Polygon","coordinates":[[[126.68383,37.73374],[126.70113,37.73374],[126.70113,37.75105],[126.68383,37.75105],[126.68383,37.73374]]]},"properties":{"row":32,"col":6,"walk_min":123.1,"bucket":">30","color":"#a01818","aggregate":true,"node_count":418,"nearest_station_id":"kr_424","nearest_station_idx":423}},{"type":"Feature","geometry":{"type":"Polygon","coordinates":[[[127.11644,37.76835],[127.13374,37.76835],[127.13374,37.78566],[127.11644,37.78566],[127.11644,37.76835]]]},"properties":{"row":34,"col":31,"walk_min":125.3,"bucket":">30","color":"#a01818","aggregate":true,"node_count":833,"nearest_station_id":"kr_092","nearest_station_idx":91}},{"type":"Feature","geometry":{"type":"Polygon","coordinates":[[[127.23757,37.45687],[127.24622,37.45687],[127.24622,37.46552],[127.23757,37.46552],[127.23757,37.45687]]]},"properties":{"row":16,"col":38,"walk_min":114.5,"bucket":">30","color":"#a01818","aggregate":true,"node_count":36,"nearest_station_id":"kr_236","nearest_station_idx":238}},{"type":"Feature","geometry":{"type":"Polygon","coordinates":[[[127.11644,37.24922],[127.13374,37.24922],[127.13374,37.26652],[127.11644,37.26652],[127.11644,37.24922]]]},"properties":{"row":4,"col":31,"walk_min":118.6,"bucket":">30","color":"#a01818","aggregate":true,"node_count":505,"nearest_station_id":"kr_307","nearest_station_idx":303}},{"type":"Feature","geometry":{"type":"Polygon","coordinates":[[[127.23757,37.47418],[127.24622,37.47418],[127.24622,37.48283],[127.23757,37.48283],[127.23757,37.47418]]]},"properties":{"row":17,"col":38,"walk_min":114.7,"bucket":">30","color":"#a01818","aggregate":true,"node_count":20,"nearest_station_id":"kr_469","nearest_station_idx":468}},{"type":"Feature","geometry":{"type":"Polygon","coordinates":[[[127.20296,37.78566],[127.22027,37.78566],[127.22027,37.80296],[127.20296,37.80296],[127.20296,37.78566]]]},"properties":{"row":35,"col":36,"walk_min":125.2,"bucket":">30","color":"#a01818","aggregate":true,"node_count":493,"nearest_station_id":"kr_470","nearest_station_idx":469}},{"type":"Feature","geometry":{"type":"Polygon","coordinates":[[[126.89148,37.71644],[126.90879,37.71644],[126.90879,37.73374],[126.89148,37.73374],[126.89148,37.71644]]]},"properties":{"row":31,"col":18,"walk_min":125.2,"bucket":">30","color":"#a01818","aggregate":true,"node_count":901,"nearest_station_id":"kr_115","nearest_station_idx":114}},{"type":"Feature","geometry":{"type":"Polygon","coordinates":[[[126.94339,37.80296],[126.9607,37.80296],[126.9607,37.82027],[126.94339,37.82027],[126.94339,37.80296]]]},"properties":{"row":36,"col":21,"walk_min":128.3,"bucket":">30","color":"#a01818","aggregate":true,"node_count":596,"nearest_station_id":"kr_092","nearest_station_idx":91}},{"type":"Feature","geometry":{"type":"Polygon","coordinates":[[[126.78765,37.26652],[126.80496,37.26652],[126.80496,37.27517],[126.78765,37.27517],[126.78765,37.26652]]]},"properties":{"row":5,"col":12,"walk_min":122.9,"bucket":">30","color":"#a01818","aggregate":true,"node_count":44,"nearest_station_id":"kr_230","nearest_station_idx":231}},{"type":"Feature","geometry":{"type":"Polygon","coordinates":[[[126.78765,37.24922],[126.80496,37.24922],[126.80496,37.26652],[126.78765,37.26652],[126.78765,37.24922]]]},"properties":{"row":4,"col":12,"walk_min":134.5,"bucket":">30","color":"#a01818","aggregate":true,"node_count":120,"nearest_station_id":"kr_426","nearest_station_idx":425}},{"type":"Feature","geometry":{"type":"Polygon","coordinates":[[[126.94339,37.75105],[126.9607,37.75105],[126.9607,37.76835],[126.94339,37.76835],[126.94339,37.75105]]]},"properties":{"row":33,"col":21,"walk_min":128.4,"bucket":">30","color":"#a01818","aggregate":true,"node_count":579,"nearest_station_id":"kr_421","nearest_station_idx":420}},{"type":"Feature","geometry":{"type":"Polygon","coordinates":[[[127.13374,37.75105],[127.15105,37.75105],[127.15105,37.76835],[127.13374,37.76835],[127.13374,37.75105]]]},"properties":{"row":33,"col":32,"walk_min":127.2,"bucket":">30","color":"#a01818","aggregate":true,"node_count":551,"nearest_station_id":"kr_470","nearest_station_idx":469}},{"type":"Feature","geometry":{"type":"Polygon","coordinates":[[[126.64922,37.37035],[126.66652,37.37035],[126.66652,37.38765],[126.64922,37.38765],[126.64922,37.37035]]]},"properties":{"row":11,"col":4,"walk_min":130.3,"bucket":">30","color":"#a01818","aggregate":true,"node_count":1837,"nearest_station_id":"kr_428","nearest_station_idx":427}},{"type":"Feature","geometry":{"type":"Polygon","coordinates":[[[126.63191,37.37035],[126.64922,37.37035],[126.64922,37.38765],[126.63191,37.38765],[126.63191,37.37035]]]},"properties":{"row":11,"col":3,"walk_min":128.8,"bucket":">30","color":"#a01818","aggregate":true,"node_count":1791,"nearest_station_id":"kr_428","nearest_station_idx":427}},{"type":"Feature","geometry":{"type":"Polygon","coordinates":[[[126.61461,37.54339],[126.63191,37.54339],[126.63191,37.5607],[126.61461,37.5607],[126.61461,37.54339]]]},"properties":{"row":21,"col":2,"walk_min":131.0,"bucket":">30","color":"#a01818","aggregate":true,"node_count":318,"nearest_station_id":"kr_458","nearest_station_idx":457}},{"type":"Feature","geometry":{"type":"Polygon","coordinates":[[[127.18566,37.33574],[127.20296,37.33574],[127.20296,37.35305],[127.18566,37.35305],[127.18566,37.33574]]]},"properties":{"row":9,"col":35,"walk_min":125.8,"bucket":">30","color":"#a01818","aggregate":true,"node_count":793,"nearest_station_id":"kr_237","nearest_station_idx":239}},{"type":"Feature","geometry":{"type":"Polygon","coordinates":[[[126.73574,37.75105],[126.75305,37.75105],[126.75305,37.76835],[126.73574,37.76835],[126.73574,37.75105]]]},"properties":{"row":33,"col":9,"walk_min":130.3,"bucket":">30","color":"#a01818","aggregate":true,"node_count":316,"nearest_station_id":"kr_424","nearest_station_idx":423}},{"type":"Feature","geometry":{"type":"Polygon","coordinates":[[[127.22027,37.56935],[127.22892,37.56935],[127.22892,37.578],[127.22027,37.578],[127.22027,37.56935]]]},"properties":{"row":22,"col":37,"walk_min":120.1,"bucket":">30","color":"#a01818","aggregate":true,"node_count":5,"nearest_station_id":"kr_301","nearest_station_idx":297}},{"type":"Feature","geometry":{"type":"Polygon","coordinates":[[[127.15105,37.76835],[127.16835,37.76835],[127.16835,37.78566],[127.15105,37.78566],[127.15105,37.76835]]]},"properties":{"row":34,"col":33,"walk_min":133.8,"bucket":">30","color":"#a01818","aggregate":true,"node_count":573,"nearest_station_id":"kr_470","nearest_station_idx":469}},{"type":"Feature","geometry":{"type":"Polygon","coordinates":[[[126.90879,37.71644],[126.92609,37.71644],[126.92609,37.73374],[126.90879,37.73374],[126.90879,37.71644]]]},"properties":{"row":31,"col":19,"walk_min":134.4,"bucket":">30","color":"#a01818","aggregate":true,"node_count":509,"nearest_station_id":"kr_115","nearest_station_idx":114}},{"type":"Feature","geometry":{"type":"Polygon","coordinates":[[[127.13374,37.24922],[127.15105,37.24922],[127.15105,37.26652],[127.13374,37.26652],[127.13374,37.24922]]]},"properties":{"row":4,"col":32,"walk_min":130.4,"bucket":">30","color":"#a01818","aggregate":true,"node_count":846,"nearest_station_id":"kr_307","nearest_station_idx":303}},{"type":"Feature","geometry":{"type":"Polygon","coordinates":[[[126.66652,37.578],[126.68383,37.578],[126.68383,37.59531],[126.66652,37.59531],[126.66652,37.578]]]},"properties":{"row":23,"col":5,"walk_min":127.6,"bucket":">30","color":"#a01818","aggregate":true,"node_count":719,"nearest_station_id":"kr_258","nearest_station_idx":412}},{"type":"Feature","geometry":{"type":"Polygon","coordinates":[[[127.13374,37.21461],[127.15105,37.21461],[127.15105,37.23191],[127.13374,37.23191],[127.13374,37.21461]]]},"properties":{"row":2,"col":32,"walk_min":131.7,"bucket":">30","color":"#a01818","aggregate":true,"node_count":414,"nearest_station_id":"kr_466","nearest_station_idx":465}},{"type":"Feature","geometry":{"type":"Polygon","coordinates":[[[126.70113,37.59531],[126.71844,37.59531],[126.71844,37.61261],[126.70113,37.61261],[126.70113,37.59531]]]},"properties":{"row":24,"col":7,"walk_min":128.5,"bucket":">30","color":"#a01818","aggregate":true,"node_count":1722,"nearest_station_id":"kr_261","nearest_station_idx":260}},{"type":"Feature","geometry":{"type":"Polygon","coordinates":[[[127.16835,37.76835],[127.18566,37.76835],[127.18566,37.78566],[127.16835,37.78566],[127.16835,37.76835]]]},"properties":{"row":34,"col":34,"walk_min":149.9,"bucket":">30","color":"#a01818","aggregate":true,"node_count":300,"nearest_station_id":"kr_470","nearest_station_idx":469}},{"type":"Feature","geometry":{"type":"Polygon","coordinates":[[[126.68383,37.37035],[126.70113,37.37035],[126.70113,37.38765],[126.68383,37.38765],[126.68383,37.37035]]]},"properties":{"row":11,"col":6,"walk_min":130.8,"bucket":">30","color":"#a01818","aggregate":true,"node_count":43,"nearest_station_id":"kr_428","nearest_station_idx":427}},{"type":"Feature","geometry":{"type":"Polygon","coordinates":[[[126.94339,37.71644],[126.9607,37.71644],[126.9607,37.73374],[126.94339,37.73374],[126.94339,37.71644]]]},"properties":{"row":31,"col":21,"walk_min":129.5,"bucket":">30","color":"#a01818","aggregate":true,"node_count":815,"nearest_station_id":"kr_062","nearest_station_idx":61}},{"type":"Feature","geometry":{"type":"Polygon","coordinates":[[[127.20296,37.35305],[127.22027,37.35305],[127.22027,37.37035],[127.20296,37.37035],[127.20296,37.35305]]]},"properties":{"row":10,"col":36,"walk_min":132.3,"bucket":">30","color":"#a01818","aggregate":true,"node_count":793,"nearest_station_id":"kr_237","nearest_station_idx":239}},{"type":"Feature","geometry":{"type":"Polygon","coordinates":[[[126.63191,37.31844],[126.64922,37.31844],[126.64922,37.32709],[126.63191,37.32709],[126.63191,37.31844]]]},"properties":{"row":8,"col":3,"walk_min":134.8,"bucket":">30","color":"#a01818","aggregate":true,"node_count":10,"nearest_station_id":"kr_351","nearest_station_idx":349}},{"type":"Feature","geometry":{"type":"Polygon","coordinates":[[[127.22027,37.64722],[127.22892,37.64722],[127.22892,37.66453],[127.22027,37.66453],[127.22027,37.64722]]]},"properties":{"row":27,"col":37,"walk_min":125.6,"bucket":">30","color":"#a01818","aggregate":true,"node_count":42,"nearest_station_id":"kr_361","nearest_station_idx":359}},{"type":"Feature","geometry":{"type":"Polygon","coordinates":[[[127.16835,37.28383],[127.18566,37.28383],[127.18566,37.30113],[127.16835,37.30113],[127.16835,37.28383]]]},"properties":{"row":6,"col":34,"walk_min":149.1,"bucket":">30","color":"#a01818","aggregate":true,"node_count":503,"nearest_station_id":"kr_233","nearest_station_idx":234}},{"type":"Feature","geometry":{"type":"Polygon","coordinates":[[[126.71844,37.61261],[126.73574,37.61261],[126.73574,37.62992],[126.71844,37.62992],[126.71844,37.61261]]]},"properties":{"row":25,"col":8,"walk_min":131.3,"bucket":">30","color":"#a01818","aggregate":true,"node_count":1028,"nearest_station_id":"kr_261","nearest_station_idx":260}},{"type":"Feature","geometry":{"type":"Polygon","coordinates":[[[126.83957,37.71644],[126.85687,37.71644],[126.85687,37.73374],[126.83957,37.73374],[126.83957,37.71644]]]},"properties":{"row":31,"col":15,"walk_min":169.4,"bucket":">30","color":"#a01818","aggregate":true,"node_count":920,"nearest_station_id":"kr_145","nearest_station_idx":147}},{"type":"Feature","geometry":{"type":"Polygon","coordinates":[[[126.94339,37.1973],[126.9607,37.1973],[126.9607,37.21461],[126.94339,37.21461],[126.94339,37.1973]]]},"properties":{"row":1,"col":21,"walk_min":130.5,"bucket":">30","color":"#a01818","aggregate":true,"node_count":860,"nearest_station_id":"kr_462","nearest_station_idx":461}},{"type":"Feature","geometry":{"type":"Polygon","coordinates":[[[127.15105,37.18],[127.16835,37.18],[127.16835,37.1973],[127.15105,37.1973],[127.15105,37.18]]]},"properties":{"row":0,"col":33,"walk_min":147.0,"bucket":">30","color":"#a01818","aggregate":true,"node_count":765,"nearest_station_id":"kr_416","nearest_station_idx":415}},{"type":"Feature","geometry":{"type":"Polygon","coordinates":[[[126.75305,37.75105],[126.77035,37.75105],[126.77035,37.76835],[126.75305,37.76835],[126.75305,37.75105]]]},"properties":{"row":33,"col":10,"walk_min":137.3,"bucket":">30","color":"#a01818","aggregate":true,"node_count":531,"nearest_station_id":"kr_424","nearest_station_idx":423}},{"type":"Feature","geometry":{"type":"Polygon","coordinates":[[[126.66652,37.37035],[126.68383,37.37035],[126.68383,37.38765],[126.66652,37.38765],[126.66652,37.37035]]]},"properties":{"row":11,"col":5,"walk_min":133.4,"bucket":">30","color":"#a01818","aggregate":true,"node_count":796,"nearest_station_id":"kr_428","nearest_station_idx":427}},{"type":"Feature","geometry":{"type":"Polygon","coordinates":[[[126.71844,37.75105],[126.73574,37.75105],[126.73574,37.76835],[126.71844,37.76835],[126.71844,37.75105]]]},"properties":{"row":33,"col":8,"walk_min":138.9,"bucket":">30","color":"#a01818","aggregate":true,"node_count":148,"nearest_station_id":"kr_424","nearest_station_idx":423}},{"type":"Feature","geometry":{"type":"Polygon","coordinates":[[[126.61461,37.37035],[126.63191,37.37035],[126.63191,37.38765],[126.61461,37.38765],[126.61461,37.37035]]]},"properties":{"row":11,"col":2,"walk_min":138.3,"bucket":">30","color":"#a01818","aggregate":true,"node_count":2917,"nearest_station_id":"kr_457","nearest_station_idx":456}},{"type":"Feature","geometry":{"type":"Polygon","coordinates":[[[126.83957,37.23191],[126.85687,37.23191],[126.85687,37.24922],[126.83957,37.24922],[126.83957,37.23191]]]},"properties":{"row":3,"col":15,"walk_min":135.3,"bucket":">30","color":"#a01818","aggregate":true,"node_count":577,"nearest_station_id":"kr_114","nearest_station_idx":113}},{"type":"Feature","geometry":{"type":"Polygon","coordinates":[[[126.68383,37.578],[126.70113,37.578],[126.70113,37.59531],[126.68383,37.59531],[126.68383,37.578]]]},"properties":{"row":23,"col":6,"walk_min":132.4,"bucket":">30","color":"#a01818","aggregate":true,"node_count":345,"nearest_station_id":"kr_258","nearest_station_idx":412}},{"type":"Feature","geometry":{"type":"Polygon","coordinates":[[[127.16835,37.26652],[127.18566,37.26652],[127.18566,37.28383],[127.16835,37.28383],[127.16835,37.26652]]]},"properties":{"row":5,"col":34,"walk_min":144.8,"bucket":">30","color":"#a01818","aggregate":true,"node_count":913,"nearest_station_id":"kr_233","nearest_station_idx":234}},{"type":"Feature","geometry":{"type":"Polygon","coordinates":[[[127.18566,37.31844],[127.20296,37.31844],[127.20296,37.33574],[127.18566,37.33574],[127.18566,37.31844]]]},"properties":{"row":8,"col":35,"walk_min":136.1,"bucket":">30","color":"#a01818","aggregate":true,"node_count":555,"nearest_station_id":"kr_172","nearest_station_idx":174}},{"type":"Feature","geometry":{"type":"Polygon","coordinates":[[[126.94339,37.18],[126.9607,37.18],[126.9607,37.1973],[126.94339,37.1973],[126.94339,37.18]]]},"properties":{"row":0,"col":21,"walk_min":144.2,"bucket":">30","color":"#a01818","aggregate":true,"node_count":792,"nearest_station_id":"kr_047","nearest_station_idx":46}},{"type":"Feature","geometry":{"type":"Polygon","coordinates":[[[127.15105,37.80296],[127.16835,37.80296],[127.16835,37.82027],[127.15105,37.82027],[127.15105,37.80296]]]},"properties":{"row":36,"col":33,"walk_min":135.8,"bucket":">30","color":"#a01818","aggregate":true,"node_count":680,"nearest_station_id":"kr_447","nearest_station_idx":446}},{"type":"Feature","geometry":{"type":"Polygon","coordinates":[[[126.85687,37.71644],[126.87418,37.71644],[126.87418,37.73374],[126.85687,37.73374],[126.85687,37.71644]]]},"properties":{"row":31,"col":16,"walk_min":186.6,"bucket":">30","color":"#a01818","aggregate":true,"node_count":746,"nearest_station_id":"kr_145","nearest_station_idx":147}},{"type":"Feature","geometry":{"type":"Polygon","coordinates":[[[126.87418,37.21461],[126.89148,37.21461],[126.89148,37.23191],[126.87418,37.23191],[126.87418,37.21461]]]},"properties":{"row":2,"col":17,"walk_min":145.0,"bucket":">30","color":"#a01818","aggregate":true,"node_count":127,"nearest_station_id":"kr_114","nearest_station_idx":113}},{"type":"Feature","geometry":{"type":"Polygon","coordinates":[[[126.70113,37.75105],[126.71844,37.75105],[126.71844,37.76835],[126.70113,37.76835],[126.70113,37.75105]]]},"properties":{"row":33,"col":7,"walk_min":153.6,"bucket":">30","color":"#a01818","aggregate":true,"node_count":121,"nearest_station_id":"kr_424","nearest_station_idx":423}},{"type":"Feature","geometry":{"type":"Polygon","coordinates":[[[126.90879,37.21461],[126.92609,37.21461],[126.92609,37.23191],[126.90879,37.23191],[126.90879,37.21461]]]},"properties":{"row":2,"col":19,"walk_min":141.8,"bucket":">30","color":"#a01818","aggregate":true,"node_count":264,"nearest_station_id":"kr_043","nearest_station_idx":40}},{"type":"Feature","geometry":{"type":"Polygon","coordinates":[[[126.87418,37.71644],[126.89148,37.71644],[126.89148,37.73374],[126.87418,37.73374],[126.87418,37.71644]]]},"properties":{"row":31,"col":17,"walk_min":133.3,"bucket":">30","color":"#a01818","aggregate":true,"node_count":559,"nearest_station_id":"kr_115","nearest_station_idx":114}},{"type":"Feature","geometry":{"type":"Polygon","coordinates":[[[127.16835,37.30113],[127.18566,37.30113],[127.18566,37.31844],[127.16835,37.31844],[127.16835,37.30113]]]},"properties":{"row":7,"col":34,"walk_min":138.3,"bucket":">30","color":"#a01818","aggregate":true,"node_count":328,"nearest_station_id":"kr_202","nearest_station_idx":204}},{"type":"Feature","geometry":{"type":"Polygon","coordinates":[[[127.23757,37.62992],[127.25488,37.62992],[127.25488,37.64722],[127.23757,37.64722],[127.23757,37.62992]]]},"properties":{"row":26,"col":38,"walk_min":139.1,"bucket":">30","color":"#a01818","aggregate":true,"node_count":68,"nearest_station_id":"kr_352","nearest_station_idx":350}},{"type":"Feature","geometry":{"type":"Polygon","coordinates":[[[127.22027,37.78566],[127.22892,37.78566],[127.22892,37.80296],[127.22027,37.80296],[127.22027,37.78566]]]},"properties":{"row":35,"col":37,"walk_min":140.3,"bucket":">30","color":"#a01818","aggregate":true,"node_count":53,"nearest_station_id":"kr_470","nearest_station_idx":469}},{"type":"Feature","geometry":{"type":"Polygon","coordinates":[[[126.60596,37.379],[126.61461,37.379],[126.61461,37.38765],[126.60596,37.38765],[126.60596,37.379]]]},"properties":{"row":11,"col":1,"walk_min":129.5,"bucket":">30","color":"#a01818","aggregate":true,"node_count":79,"nearest_station_id":"kr_457","nearest_station_idx":456}},{"type":"Feature","geometry":{"type":"Polygon","coordinates":[[[126.85687,37.21461],[126.87418,37.21461],[126.87418,37.23191],[126.85687,37.23191],[126.85687,37.21461]]]},"properties":{"row":2,"col":16,"walk_min":143.5,"bucket":">30","color":"#a01818","aggregate":true,"node_count":401,"nearest_station_id":"kr_114","nearest_station_idx":113}},{"type":"Feature","geometry":{"type":"Polygon","coordinates":[[[126.94339,37.82027],[126.9607,37.82027],[126.9607,37.82892],[126.94339,37.82892],[126.94339,37.82027]]]},"properties":{"row":37,"col":21,"walk_min":134.7,"bucket":">30","color":"#a01818","aggregate":true,"node_count":34,"nearest_station_id":"kr_447","nearest_station_idx":446}},{"type":"Feature","geometry":{"type":"Polygon","coordinates":[[[127.11644,37.83757],[127.12509,37.83757],[127.12509,37.84622],[127.11644,37.84622],[127.11644,37.83757]]]},"properties":{"row":38,"col":31,"walk_min":130.7,"bucket":">30","color":"#a01818","aggregate":true,"node_count":12,"nearest_station_id":"kr_119","nearest_station_idx":118}},{"type":"Feature","geometry":{"type":"Polygon","coordinates":[[[126.63191,37.5607],[126.64922,37.5607],[126.64922,37.578],[126.63191,37.578],[126.63191,37.5607]]]},"properties":{"row":22,"col":3,"walk_min":137.4,"bucket":">30","color":"#a01818","aggregate":true,"node_count":459,"nearest_station_id":"kr_258","nearest_station_idx":412}},{"type":"Feature","geometry":{"type":"Polygon","coordinates":[[[126.80496,37.23191],[126.82226,37.23191],[126.82226,37.24922],[126.80496,37.24922],[126.80496,37.23191]]]},"properties":{"row":3,"col":13,"walk_min":143.3,"bucket":">30","color":"#a01818","aggregate":true,"node_count":199,"nearest_station_id":"kr_114","nearest_station_idx":113}},{"type":"Feature","geometry":{"type":"Polygon","coordinates":[[[127.10779,37.83757],[127.11644,37.83757],[127.11644,37.84622],[127.10779,37.84622],[127.10779,37.83757]]]},"properties":{"row":38,"col":30,"walk_min":131.5,"bucket":">30","color":"#a01818","aggregate":true,"node_count":58,"nearest_station_id":"kr_119","nearest_station_idx":118}},{"type":"Feature","geometry":{"type":"Polygon","coordinates":[[[127.15105,37.1973],[127.16835,37.1973],[127.16835,37.21461],[127.15105,37.21461],[127.15105,37.1973]]]},"properties":{"row":1,"col":33,"walk_min":140.0,"bucket":">30","color":"#a01818","aggregate":true,"node_count":413,"nearest_station_id":"kr_416","nearest_station_idx":415}},{"type":"Feature","geometry":{"type":"Polygon","coordinates":[[[126.64922,37.578],[126.66652,37.578],[126.66652,37.59531],[126.64922,37.59531],[126.64922,37.578]]]},"properties":{"row":23,"col":4,"walk_min":141.5,"bucket":">30","color":"#a01818","aggregate":true,"node_count":729,"nearest_station_id":"kr_258","nearest_station_idx":412}},{"type":"Feature","geometry":{"type":"Polygon","coordinates":[[[126.5973,37.54339],[126.61461,37.54339],[126.61461,37.5607],[126.5973,37.5607],[126.5973,37.54339]]]},"properties":{"row":21,"col":1,"walk_min":144.2,"bucket":">30","color":"#a01818","aggregate":true,"node_count":329,"nearest_station_id":"kr_458","nearest_station_idx":457}},{"type":"Feature","geometry":{"type":"Polygon","coordinates":[[[126.80496,37.73374],[126.82226,37.73374],[126.82226,37.75105],[126.80496,37.75105],[126.80496,37.73374]]]},"properties":{"row":32,"col":13,"walk_min":140.2,"bucket":">30","color":"#a01818","aggregate":true,"node_count":212,"nearest_station_id":"kr_350","nearest_station_idx":348}},{"type":"Feature","geometry":{"type":"Polygon","coordinates":[[[127.15105,37.24922],[127.16835,37.24922],[127.16835,37.26652],[127.15105,37.26652],[127.15105,37.24922]]]},"properties":{"row":4,"col":33,"walk_min":140.6,"bucket":">30","color":"#a01818","aggregate":true,"node_count":1487,"nearest_station_id":"kr_307","nearest_station_idx":303}},{"type":"Feature","geometry":{"type":"Polygon","coordinates":[[[127.13374,37.82027],[127.15105,37.82027],[127.15105,37.82892],[127.13374,37.82892],[127.13374,37.82027]]]},"properties":{"row":37,"col":32,"walk_min":135.1,"bucket":">30","color":"#a01818","aggregate":true,"node_count":31,"nearest_station_id":"kr_119","nearest_station_idx":118}},{"type":"Feature","geometry":{"type":"Polygon","coordinates":[[[127.13374,37.76835],[127.15105,37.76835],[127.15105,37.78566],[127.13374,37.78566],[127.13374,37.76835]]]},"properties":{"row":34,"col":32,"walk_min":141.3,"bucket":">30","color":"#a01818","aggregate":true,"node_count":671,"nearest_station_id":"kr_470","nearest_station_idx":469}},{"type":"Feature","geometry":{"type":"Polygon","coordinates":[[[126.82226,37.23191],[126.83957,37.23191],[126.83957,37.24922],[126.82226,37.24922],[126.82226,37.23191]]]},"properties":{"row":3,"col":14,"walk_min":148.0,"bucket":">30","color":"#a01818","aggregate":true,"node_count":220,"nearest_station_id":"kr_114","nearest_station_idx":113}},{"type":"Feature","geometry":{"type":"Polygon","coordinates":[[[126.70113,37.61261],[126.71844,37.61261],[126.71844,37.62992],[126.70113,37.62992],[126.70113,37.61261]]]},"properties":{"row":25,"col":7,"walk_min":146.7,"bucket":">30","color":"#a01818","aggregate":true,"node_count":2361,"nearest_station_id":"kr_261","nearest_station_idx":260}},{"type":"Feature","geometry":{"type":"Polygon","coordinates":[[[127.15105,37.82027],[127.16835,37.82027],[127.16835,37.83757],[127.15105,37.83757],[127.15105,37.82027]]]},"properties":{"row":37,"col":33,"walk_min":148.1,"bucket":">30","color":"#a01818","aggregate":true,"node_count":103,"nearest_station_id":"kr_119","nearest_station_idx":118}},{"type":"Feature","geometry":{"type":"Polygon","coordinates":[[[127.20296,37.33574],[127.22027,37.33574],[127.22027,37.35305],[127.20296,37.35305],[127.20296,37.33574]]]},"properties":{"row":9,"col":36,"walk_min":148.1,"bucket":">30","color":"#a01818","aggregate":true,"node_count":921,"nearest_station_id":"kr_149","nearest_station_idx":146}},{"type":"Feature","geometry":{"type":"Polygon","coordinates":[[[126.78765,37.75105],[126.80496,37.75105],[126.80496,37.76835],[126.78765,37.76835],[126.78765,37.75105]]]},"properties":{"row":33,"col":12,"walk_min":155.3,"bucket":">30","color":"#a01818","aggregate":true,"node_count":443,"nearest_station_id":"kr_424","nearest_station_idx":423}},{"type":"Feature","geometry":{"type":"Polygon","coordinates":[[[126.61461,37.5607],[126.63191,37.5607],[126.63191,37.578],[126.61461,37.578],[126.61461,37.5607]]]},"properties":{"row":22,"col":2,"walk_min":163.2,"bucket":">30","color":"#a01818","aggregate":true,"node_count":293,"nearest_station_id":"kr_258","nearest_station_idx":412}},{"type":"Feature","geometry":{"type":"Polygon","coordinates":[[[126.92609,37.78566],[126.94339,37.78566],[126.94339,37.80296],[126.92609,37.80296],[126.92609,37.78566]]]},"properties":{"row":35,"col":20,"walk_min":149.1,"bucket":">30","color":"#a01818","aggregate":true,"node_count":171,"nearest_station_id":"kr_092","nearest_station_idx":91}},{"type":"Feature","geometry":{"type":"Polygon","coordinates":[[[126.82226,37.73374],[126.83957,37.73374],[126.83957,37.75105],[126.82226,37.75105],[126.82226,37.73374]]]},"properties":{"row":32,"col":14,"walk_min":180.0,"bucket":">30","color":"#a01818","aggregate":true,"node_count":28,"nearest_station_id":"kr_145","nearest_station_idx":147}},{"type":"Feature","geometry":{"type":"Polygon","coordinates":[[[126.78765,37.23191],[126.80496,37.23191],[126.80496,37.24922],[126.78765,37.24922],[126.78765,37.23191]]]},"properties":{"row":3,"col":12,"walk_min":149.2,"bucket":">30","color":"#a01818","aggregate":true,"node_count":204,"nearest_station_id":"kr_426","nearest_station_idx":425}},{"type":"Feature","geometry":{"type":"Polygon","coordinates":[[[126.71844,37.62992],[126.73574,37.62992],[126.73574,37.64722],[126.71844,37.64722],[126.71844,37.62992]]]},"properties":{"row":26,"col":8,"walk_min":153.5,"bucket":">30","color":"#a01818","aggregate":true,"node_count":204,"nearest_station_id":"kr_424","nearest_station_idx":423}},{"type":"Feature","geometry":{"type":"Polygon","coordinates":[[[127.13374,37.23191],[127.15105,37.23191],[127.15105,37.24922],[127.13374,37.24922],[127.13374,37.23191]]]},"properties":{"row":3,"col":32,"walk_min":148.1,"bucket":">30","color":"#a01818","aggregate":true,"node_count":389,"nearest_station_id":"kr_307","nearest_station_idx":303}},{"type":"Feature","geometry":{"type":"Polygon","coordinates":[[[126.68383,37.75105],[126.70113,37.75105],[126.70113,37.76835],[126.68383,37.76835],[126.68383,37.75105]]]},"properties":{"row":33,"col":6,"walk_min":158.0,"bucket":">30","color":"#a01818","aggregate":true,"node_count":222,"nearest_station_id":"kr_424","nearest_station_idx":423}},{"type":"Feature","geometry":{"type":"Polygon","coordinates":[[[127.20296,37.80296],[127.22027,37.80296],[127.22027,37.82027],[127.20296,37.82027],[127.20296,37.80296]]]},"properties":{"row":36,"col":36,"walk_min":151.1,"bucket":">30","color":"#a01818","aggregate":true,"node_count":640,"nearest_station_id":"kr_470","nearest_station_idx":469}},{"type":"Feature","geometry":{"type":"Polygon","coordinates":[[[126.92609,37.1973],[126.94339,37.1973],[126.94339,37.21461],[126.92609,37.21461],[126.92609,37.1973]]]},"properties":{"row":1,"col":20,"walk_min":155.2,"bucket":">30","color":"#a01818","aggregate":true,"node_count":463,"nearest_station_id":"kr_462","nearest_station_idx":461}},{"type":"Feature","geometry":{"type":"Polygon","coordinates":[[[126.92609,37.76835],[126.94339,37.76835],[126.94339,37.78566],[126.92609,37.78566],[126.92609,37.76835]]]},"properties":{"row":34,"col":20,"walk_min":147.5,"bucket":">30","color":"#a01818","aggregate":true,"node_count":970,"nearest_station_id":"kr_421","nearest_station_idx":420}},{"type":"Feature","geometry":{"type":"Polygon","coordinates":[[[126.92609,37.75105],[126.94339,37.75105],[126.94339,37.76835],[126.92609,37.76835],[126.92609,37.75105]]]},"properties":{"row":33,"col":20,"walk_min":151.2,"bucket":">30","color":"#a01818","aggregate":true,"node_count":499,"nearest_station_id":"kr_421","nearest_station_idx":420}},{"type":"Feature","geometry":{"type":"Polygon","coordinates":[[[126.89148,37.21461],[126.90879,37.21461],[126.90879,37.23191],[126.89148,37.23191],[126.89148,37.21461]]]},"properties":{"row":2,"col":18,"walk_min":152.8,"bucket":">30","color":"#a01818","aggregate":true,"node_count":201,"nearest_station_id":"kr_114","nearest_station_idx":113}},{"type":"Feature","geometry":{"type":"Polygon","coordinates":[[[126.92609,37.80296],[126.94339,37.80296],[126.94339,37.82027],[126.92609,37.82027],[126.92609,37.80296]]]},"properties":{"row":36,"col":20,"walk_min":150.3,"bucket":">30","color":"#a01818","aggregate":true,"node_count":475,"nearest_station_id":"kr_092","nearest_station_idx":91}},{"type":"Feature","geometry":{"type":"Polygon","coordinates":[[[126.66652,37.59531],[126.68383,37.59531],[126.68383,37.61261],[126.66652,37.61261],[126.66652,37.59531]]]},"properties":{"row":24,"col":5,"walk_min":157.5,"bucket":">30","color":"#a01818","aggregate":true,"node_count":505,"nearest_station_id":"kr_424","nearest_station_idx":423}},{"type":"Feature","geometry":{"type":"Polygon","coordinates":[[[127.15105,37.78566],[127.16835,37.78566],[127.16835,37.80296],[127.15105,37.80296],[127.15105,37.78566]]]},"properties":{"row":35,"col":33,"walk_min":148.4,"bucket":">30","color":"#a01818","aggregate":true,"node_count":728,"nearest_station_id":"kr_470","nearest_station_idx":469}},{"type":"Feature","geometry":{"type":"Polygon","coordinates":[[[126.68383,37.59531],[126.70113,37.59531],[126.70113,37.61261],[126.68383,37.61261],[126.68383,37.59531]]]},"properties":{"row":24,"col":6,"walk_min":150.4,"bucket":">30","color":"#a01818","aggregate":true,"node_count":543,"nearest_station_id":"kr_261","nearest_station_idx":260}},{"type":"Feature","geometry":{"type":"Polygon","coordinates":[[[127.20296,37.31844],[127.22027,37.31844],[127.22027,37.33574],[127.20296,37.33574],[127.20296,37.31844]]]},"properties":{"row":8,"col":36,"walk_min":158.1,"bucket":">30","color":"#a01818","aggregate":true,"node_count":749,"nearest_station_id":"kr_149","nearest_station_idx":146}},{"type":"Feature","geometry":{"type":"Polygon","coordinates":[[[126.90879,37.73374],[126.92609,37.73374],[126.92609,37.75105],[126.90879,37.75105],[126.90879,37.73374]]]},"properties":{"row":32,"col":19,"walk_min":156.3,"bucket":">30","color":"#a01818","aggregate":true,"node_count":549,"nearest_station_id":"kr_115","nearest_station_idx":114}},{"type":"Feature","geometry":{"type":"Polygon","coordinates":[[[126.92609,37.73374],[126.94339,37.73374],[126.94339,37.75105],[126.92609,37.75105],[126.92609,37.73374]]]},"properties":{"row":32,"col":20,"walk_min":155.1,"bucket":">30","color":"#a01818","aggregate":true,"node_count":616,"nearest_station_id":"kr_421","nearest_station_idx":420}},{"type":"Feature","geometry":{"type":"Polygon","coordinates":[[[126.94339,37.73374],[126.9607,37.73374],[126.9607,37.75105],[126.94339,37.75105],[126.94339,37.73374]]]},"properties":{"row":32,"col":21,"walk_min":149.4,"bucket":">30","color":"#a01818","aggregate":true,"node_count":629,"nearest_station_id":"kr_448","nearest_station_idx":447}},{"type":"Feature","geometry":{"type":"Polygon","coordinates":[[[126.63191,37.35305],[126.64922,37.35305],[126.64922,37.37035],[126.63191,37.37035],[126.63191,37.35305]]]},"properties":{"row":10,"col":3,"walk_min":168.1,"bucket":">30","color":"#a01818","aggregate":true,"node_count":133,"nearest_station_id":"kr_428","nearest_station_idx":427}},{"type":"Feature","geometry":{"type":"Polygon","coordinates":[[[126.92609,37.82027],[126.94339,37.82027],[126.94339,37.83757],[126.92609,37.83757],[126.92609,37.82027]]]},"properties":{"row":37,"col":20,"walk_min":184.2,"bucket":">30","color":"#a01818","aggregate":true,"node_count":273,"nearest_station_id":"kr_447","nearest_station_idx":446}},{"type":"Feature","geometry":{"type":"Polygon","coordinates":[[[126.83957,37.21461],[126.85687,37.21461],[126.85687,37.23191],[126.83957,37.23191],[126.83957,37.21461]]]},"properties":{"row":2,"col":15,"walk_min":160.7,"bucket":">30","color":"#a01818","aggregate":true,"node_count":323,"nearest_station_id":"kr_114","nearest_station_idx":113}},{"type":"Feature","geometry":{"type":"Polygon","coordinates":[[[126.87418,37.73374],[126.89148,37.73374],[126.89148,37.75105],[126.87418,37.75105],[126.87418,37.73374]]]},"properties":{"row":32,"col":17,"walk_min":156.2,"bucket":">30","color":"#a01818","aggregate":true,"node_count":470,"nearest_station_id":"kr_115","nearest_station_idx":114}},{"type":"Feature","geometry":{"type":"Polygon","coordinates":[[[127.15105,37.21461],[127.16835,37.21461],[127.16835,37.23191],[127.15105,37.23191],[127.15105,37.21461]]]},"properties":{"row":2,"col":33,"walk_min":158.0,"bucket":">30","color":"#a01818","aggregate":true,"node_count":675,"nearest_station_id":"kr_466","nearest_station_idx":465}},{"type":"Feature","geometry":{"type":"Polygon","coordinates":[[[126.89148,37.73374],[126.90879,37.73374],[126.90879,37.75105],[126.89148,37.75105],[126.89148,37.73374]]]},"properties":{"row":32,"col":18,"walk_min":161.2,"bucket":">30","color":"#a01818","aggregate":true,"node_count":277,"nearest_station_id":"kr_115","nearest_station_idx":114}},{"type":"Feature","geometry":{"type":"Polygon","coordinates":[[[127.16835,37.24922],[127.18566,37.24922],[127.18566,37.26652],[127.16835,37.26652],[127.16835,37.24922]]]},"properties":{"row":4,"col":34,"walk_min":156.3,"bucket":">30","color":"#a01818","aggregate":true,"node_count":649,"nearest_station_id":"kr_233","nearest_station_idx":234}},{"type":"Feature","geometry":{"type":"Polygon","coordinates":[[[126.61461,37.30978],[126.63191,37.30978],[126.63191,37.31844],[126.61461,37.31844],[126.61461,37.30978]]]},"properties":{"row":7,"col":2,"walk_min":156.4,"bucket":">30","color":"#a01818","aggregate":true,"node_count":24,"nearest_station_id":"kr_351","nearest_station_idx":349}},{"type":"Feature","geometry":{"type":"Polygon","coordinates":[[[126.64922,37.35305],[126.66652,37.35305],[126.66652,37.37035],[126.64922,37.37035],[126.64922,37.35305]]]},"properties":{"row":10,"col":4,"walk_min":159.3,"bucket":">30","color":"#a01818","aggregate":true,"node_count":127,"nearest_station_id":"kr_428","nearest_station_idx":427}},{"type":"Feature","geometry":{"type":"Polygon","coordinates":[[[126.80496,37.75105],[126.82226,37.75105],[126.82226,37.76835],[126.80496,37.76835],[126.80496,37.75105]]]},"properties":{"row":33,"col":13,"walk_min":196.4,"bucket":">30","color":"#a01818","aggregate":true,"node_count":396,"nearest_station_id":"kr_424","nearest_station_idx":423}},{"type":"Feature","geometry":{"type":"Polygon","coordinates":[[[126.92609,37.18],[126.94339,37.18],[126.94339,37.1973],[126.92609,37.1973],[126.92609,37.18]]]},"properties":{"row":0,"col":20,"walk_min":159.8,"bucket":">30","color":"#a01818","aggregate":true,"node_count":677,"nearest_station_id":"kr_047","nearest_station_idx":46}},{"type":"Feature","geometry":{"type":"Polygon","coordinates":[[[126.71844,37.76835],[126.73574,37.76835],[126.73574,37.78566],[126.71844,37.78566],[126.71844,37.76835]]]},"properties":{"row":34,"col":8,"walk_min":160.2,"bucket":">30","color":"#a01818","aggregate":true,"node_count":394,"nearest_station_id":"kr_424","nearest_station_idx":423}},{"type":"Feature","geometry":{"type":"Polygon","coordinates":[[[126.63191,37.578],[126.64922,37.578],[126.64922,37.59531],[126.63191,37.59531],[126.63191,37.578]]]},"properties":{"row":23,"col":3,"walk_min":161.1,"bucket":">30","color":"#a01818","aggregate":true,"node_count":535,"nearest_station_id":"kr_258","nearest_station_idx":412}},{"type":"Feature","geometry":{"type":"Polygon","coordinates":[[[126.77035,37.75105],[126.78765,37.75105],[126.78765,37.76835],[126.77035,37.76835],[126.77035,37.75105]]]},"properties":{"row":33,"col":11,"walk_min":154.6,"bucket":">30","color":"#a01818","aggregate":true,"node_count":1279,"nearest_station_id":"kr_424","nearest_station_idx":423}},{"type":"Feature","geometry":{"type":"Polygon","coordinates":[[[127.16835,37.80296],[127.18566,37.80296],[127.18566,37.82027],[127.16835,37.82027],[127.16835,37.80296]]]},"properties":{"row":36,"col":34,"walk_min":158.3,"bucket":">30","color":"#a01818","aggregate":true,"node_count":780,"nearest_station_id":"kr_470","nearest_station_idx":469}},{"type":"Feature","geometry":{"type":"Polygon","coordinates":[[[127.25488,37.63857],[127.27218,37.63857],[127.27218,37.64722],[127.25488,37.64722],[127.25488,37.63857]]]},"properties":{"row":26,"col":39,"walk_min":160.1,"bucket":">30","color":"#a01818","aggregate":true,"node_count":60,"nearest_station_id":"kr_361","nearest_station_idx":359}},{"type":"Feature","geometry":{"type":"Polygon","coordinates":[[[126.68383,37.61261],[126.70113,37.61261],[126.70113,37.62992],[126.68383,37.62992],[126.68383,37.61261]]]},"properties":{"row":25,"col":6,"walk_min":164.1,"bucket":">30","color":"#a01818","aggregate":true,"node_count":1372,"nearest_station_id":"kr_424","nearest_station_idx":423}},{"type":"Feature","geometry":{"type":"Polygon","coordinates":[[[126.75305,37.76835],[126.77035,37.76835],[126.77035,37.78566],[126.75305,37.78566],[126.75305,37.76835]]]},"properties":{"row":34,"col":10,"walk_min":161.1,"bucket":">30","color":"#a01818","aggregate":true,"node_count":486,"nearest_station_id":"kr_424","nearest_station_idx":423}},{"type":"Feature","geometry":{"type":"Polygon","coordinates":[[[127.22027,37.80296],[127.23757,37.80296],[127.23757,37.82027],[127.22027,37.82027],[127.22027,37.80296]]]},"properties":{"row":36,"col":37,"walk_min":181.9,"bucket":">30","color":"#a01818","aggregate":true,"node_count":165,"nearest_station_id":"kr_470","nearest_station_idx":469}},{"type":"Feature","geometry":{"type":"Polygon","coordinates":[[[127.18566,37.26652],[127.20296,37.26652],[127.20296,37.28383],[127.18566,37.28383],[127.18566,37.26652]]]},"properties":{"row":5,"col":35,"walk_min":161.5,"bucket":">30","color":"#a01818","aggregate":true,"node_count":885,"nearest_station_id":"kr_233","nearest_station_idx":234}},{"type":"Feature","geometry":{"type":"Polygon","coordinates":[[[126.64922,37.59531],[126.66652,37.59531],[126.66652,37.61261],[126.64922,37.61261],[126.64922,37.59531]]]},"properties":{"row":24,"col":4,"walk_min":161.5,"bucket":">30","color":"#a01818","aggregate":true,"node_count":1527,"nearest_station_id":"kr_424","nearest_station_idx":423}},{"type":"Feature","geometry":{"type":"Polygon","coordinates":[[[127.18566,37.30113],[127.20296,37.30113],[127.20296,37.31844],[127.18566,37.31844],[127.18566,37.30113]]]},"properties":{"row":7,"col":35,"walk_min":159.6,"bucket":">30","color":"#a01818","aggregate":true,"node_count":332,"nearest_station_id":"kr_202","nearest_station_idx":204}},{"type":"Feature","geometry":{"type":"Polygon","coordinates":[[[126.61461,37.35305],[126.63191,37.35305],[126.63191,37.37035],[126.61461,37.37035],[126.61461,37.35305]]]},"properties":{"row":10,"col":2,"walk_min":199.4,"bucket":">30","color":"#a01818","aggregate":true,"node_count":52,"nearest_station_id":"kr_428","nearest_station_idx":427}},{"type":"Feature","geometry":{"type":"Polygon","coordinates":[[[126.66652,37.35305],[126.68383,37.35305],[126.68383,37.37035],[126.66652,37.37035],[126.66652,37.35305]]]},"properties":{"row":10,"col":5,"walk_min":163.5,"bucket":">30","color":"#a01818","aggregate":true,"node_count":13,"nearest_station_id":"kr_428","nearest_station_idx":427}},{"type":"Feature","geometry":{"type":"Polygon","coordinates":[[[126.85687,37.1973],[126.87418,37.1973],[126.87418,37.21461],[126.85687,37.21461],[126.85687,37.1973]]]},"properties":{"row":1,"col":16,"walk_min":168.9,"bucket":">30","color":"#a01818","aggregate":true,"node_count":354,"nearest_station_id":"kr_114","nearest_station_idx":113}},{"type":"Feature","geometry":{"type":"Polygon","coordinates":[[[127.18566,37.80296],[127.20296,37.80296],[127.20296,37.82027],[127.18566,37.82027],[127.18566,37.80296]]]},"properties":{"row":36,"col":35,"walk_min":166.1,"bucket":">30","color":"#a01818","aggregate":true,"node_count":542,"nearest_station_id":"kr_470","nearest_station_idx":469}},{"type":"Feature","geometry":{"type":"Polygon","coordinates":[[[127.16835,37.78566],[127.18566,37.78566],[127.18566,37.80296],[127.16835,37.80296],[127.16835,37.78566]]]},"properties":{"row":35,"col":34,"walk_min":169.3,"bucket":">30","color":"#a01818","aggregate":true,"node_count":124,"nearest_station_id":"kr_470","nearest_station_idx":469}},{"type":"Feature","geometry":{"type":"Polygon","coordinates":[[[126.77035,37.76835],[126.78765,37.76835],[126.78765,37.78566],[126.77035,37.78566],[126.77035,37.76835]]]},"properties":{"row":34,"col":11,"walk_min":166.7,"bucket":">30","color":"#a01818","aggregate":true,"node_count":892,"nearest_station_id":"kr_424","nearest_station_idx":423}},{"type":"Feature","geometry":{"type":"Polygon","coordinates":[[[126.779,37.24922],[126.78765,37.24922],[126.78765,37.25787],[126.779,37.25787],[126.779,37.24922]]]},"properties":{"row":4,"col":11,"walk_min":156.9,"bucket":">30","color":"#a01818","aggregate":true,"node_count":14,"nearest_station_id":"kr_230","nearest_station_idx":231}},{"type":"Feature","geometry":{"type":"Polygon","coordinates":[[[126.70113,37.62992],[126.71844,37.62992],[126.71844,37.64722],[126.70113,37.64722],[126.70113,37.62992]]]},"properties":{"row":26,"col":7,"walk_min":164.3,"bucket":">30","color":"#a01818","aggregate":true,"node_count":1352,"nearest_station_id":"kr_424","nearest_station_idx":423}},{"type":"Feature","geometry":{"type":"Polygon","coordinates":[[[127.16835,37.1973],[127.18566,37.1973],[127.18566,37.21461],[127.16835,37.21461],[127.16835,37.1973]]]},"properties":{"row":1,"col":34,"walk_min":185.3,"bucket":">30","color":"#a01818","aggregate":true,"node_count":317,"nearest_station_id":"kr_416","nearest_station_idx":415}},{"type":"Feature","geometry":{"type":"Polygon","coordinates":[[[127.15105,37.23191],[127.16835,37.23191],[127.16835,37.24922],[127.15105,37.24922],[127.15105,37.23191]]]},"properties":{"row":3,"col":33,"walk_min":166.1,"bucket":">30","color":"#a01818","aggregate":true,"node_count":627,"nearest_station_id":"kr_307","nearest_station_idx":303}},{"type":"Feature","geometry":{"type":"Polygon","coordinates":[[[126.82226,37.21461],[126.83957,37.21461],[126.83957,37.23191],[126.82226,37.23191],[126.82226,37.21461]]]},"properties":{"row":2,"col":14,"walk_min":175.6,"bucket":">30","color":"#a01818","aggregate":true,"node_count":537,"nearest_station_id":"kr_114","nearest_station_idx":113}},{"type":"Feature","geometry":{"type":"Polygon","coordinates":[[[126.70113,37.76835],[126.71844,37.76835],[126.71844,37.78566],[126.70113,37.78566],[126.70113,37.76835]]]},"properties":{"row":34,"col":7,"walk_min":169.3,"bucket":">30","color":"#a01818","aggregate":true,"node_count":777,"nearest_station_id":"kr_424","nearest_station_idx":423}},{"type":"Feature","geometry":{"type":"Polygon","coordinates":[[[127.18566,37.24922],[127.20296,37.24922],[127.20296,37.26652],[127.18566,37.26652],[127.18566,37.24922]]]},"properties":{"row":4,"col":35,"walk_min":172.0,"bucket":">30","color":"#a01818","aggregate":true,"node_count":1100,"nearest_station_id":"kr_233","nearest_station_idx":234}},{"type":"Feature","geometry":{"type":"Polygon","coordinates":[[[126.90879,37.80296],[126.92609,37.80296],[126.92609,37.82027],[126.90879,37.82027],[126.90879,37.80296]]]},"properties":{"row":36,"col":19,"walk_min":177.4,"bucket":">30","color":"#a01818","aggregate":true,"node_count":225,"nearest_station_id":"kr_092","nearest_station_idx":91}},{"type":"Feature","geometry":{"type":"Polygon","coordinates":[[[127.22027,37.33574],[127.23757,37.33574],[127.23757,37.35305],[127.22027,37.35305],[127.22027,37.33574]]]},"properties":{"row":9,"col":37,"walk_min":169.3,"bucket":">30","color":"#a01818","aggregate":true,"node_count":99,"nearest_station_id":"kr_149","nearest_station_idx":146}},{"type":"Feature","geometry":{"type":"Polygon","coordinates":[[[126.90879,37.78566],[126.92609,37.78566],[126.92609,37.80296],[126.90879,37.80296],[126.90879,37.78566]]]},"properties":{"row":35,"col":19,"walk_min":175.8,"bucket":">30","color":"#a01818","aggregate":true,"node_count":281,"nearest_station_id":"kr_092","nearest_station_idx":91}},{"type":"Feature","geometry":{"type":"Polygon","coordinates":[[[127.16835,37.82027],[127.18566,37.82027],[127.18566,37.83757],[127.16835,37.83757],[127.16835,37.82027]]]},"properties":{"row":37,"col":34,"walk_min":177.9,"bucket":">30","color":"#a01818","aggregate":true,"node_count":95,"nearest_station_id":"kr_119","nearest_station_idx":118}},{"type":"Feature","geometry":{"type":"Polygon","coordinates":[[[126.63191,37.59531],[126.64922,37.59531],[126.64922,37.61261],[126.63191,37.61261],[126.63191,37.59531]]]},"properties":{"row":24,"col":3,"walk_min":174.8,"bucket":">30","color":"#a01818","aggregate":true,"node_count":1038,"nearest_station_id":"kr_258","nearest_station_idx":412}},{"type":"Feature","geometry":{"type":"Polygon","coordinates":[[[127.16835,37.23191],[127.18566,37.23191],[127.18566,37.24922],[127.16835,37.24922],[127.16835,37.23191]]]},"properties":{"row":3,"col":34,"walk_min":176.7,"bucket":">30","color":"#a01818","aggregate":true,"node_count":518,"nearest_station_id":"kr_307","nearest_station_idx":303}},{"type":"Feature","geometry":{"type":"Polygon","coordinates":[[[126.85687,37.73374],[126.87418,37.73374],[126.87418,37.75105],[126.85687,37.75105],[126.85687,37.73374]]]},"properties":{"row":32,"col":16,"walk_min":174.1,"bucket":">30","color":"#a01818","aggregate":true,"node_count":960,"nearest_station_id":"kr_145","nearest_station_idx":147}},{"type":"Feature","geometry":{"type":"Polygon","coordinates":[[[127.20296,37.30113],[127.22027,37.30113],[127.22027,37.31844],[127.20296,37.31844],[127.20296,37.30113]]]},"properties":{"row":7,"col":36,"walk_min":183.7,"bucket":">30","color":"#a01818","aggregate":true,"node_count":546,"nearest_station_id":"kr_202","nearest_station_idx":204}},{"type":"Feature","geometry":{"type":"Polygon","coordinates":[[[126.90879,37.76835],[126.92609,37.76835],[126.92609,37.78566],[126.90879,37.78566],[126.90879,37.76835]]]},"properties":{"row":34,"col":19,"walk_min":175.8,"bucket":">30","color":"#a01818","aggregate":true,"node_count":383,"nearest_station_id":"kr_421","nearest_station_idx":420}},{"type":"Feature","geometry":{"type":"Polygon","coordinates":[[[126.90879,37.75105],[126.92609,37.75105],[126.92609,37.76835],[126.90879,37.76835],[126.90879,37.75105]]]},"properties":{"row":33,"col":19,"walk_min":172.4,"bucket":">30","color":"#a01818","aggregate":true,"node_count":865,"nearest_station_id":"kr_421","nearest_station_idx":420}},{"type":"Feature","geometry":{"type":"Polygon","coordinates":[[[126.73574,37.76835],[126.75305,37.76835],[126.75305,37.78566],[126.73574,37.78566],[126.73574,37.76835]]]},"properties":{"row":34,"col":9,"walk_min":173.8,"bucket":">30","color":"#a01818","aggregate":true,"node_count":499,"nearest_station_id":"kr_424","nearest_station_idx":423}},{"type":"Feature","geometry":{"type":"Polygon","coordinates":[[[126.78765,37.21461],[126.80496,37.21461],[126.80496,37.23191],[126.78765,37.23191],[126.78765,37.21461]]]},"properties":{"row":2,"col":12,"walk_min":180.4,"bucket":">30","color":"#a01818","aggregate":true,"node_count":326,"nearest_station_id":"kr_426","nearest_station_idx":425}},{"type":"Feature","geometry":{"type":"Polygon","coordinates":[[[126.87418,37.1973],[126.89148,37.1973],[126.89148,37.21461],[126.87418,37.21461],[126.87418,37.1973]]]},"properties":{"row":1,"col":17,"walk_min":175.7,"bucket":">30","color":"#a01818","aggregate":true,"node_count":468,"nearest_station_id":"kr_114","nearest_station_idx":113}},{"type":"Feature","geometry":{"type":"Polygon","coordinates":[[[127.16835,37.18],[127.18566,37.18],[127.18566,37.1973],[127.16835,37.1973],[127.16835,37.18]]]},"properties":{"row":0,"col":34,"walk_min":179.8,"bucket":">30","color":"#a01818","aggregate":true,"node_count":474,"nearest_station_id":"kr_416","nearest_station_idx":415}},{"type":"Feature","geometry":{"type":"Polygon","coordinates":[[[126.68383,37.62992],[126.70113,37.62992],[126.70113,37.64722],[126.68383,37.64722],[126.68383,37.62992]]]},"properties":{"row":26,"col":6,"walk_min":178.5,"bucket":">30","color":"#a01818","aggregate":true,"node_count":1684,"nearest_station_id":"kr_424","nearest_station_idx":423}},{"type":"Feature","geometry":{"type":"Polygon","coordinates":[[[126.5973,37.5607],[126.61461,37.5607],[126.61461,37.578],[126.5973,37.578],[126.5973,37.5607]]]},"properties":{"row":22,"col":1,"walk_min":183.6,"bucket":">30","color":"#a01818","aggregate":true,"node_count":262,"nearest_station_id":"kr_458","nearest_station_idx":457}},{"type":"Feature","geometry":{"type":"Polygon","coordinates":[[[126.90879,37.1973],[126.92609,37.1973],[126.92609,37.21461],[126.90879,37.21461],[126.90879,37.1973]]]},"properties":{"row":1,"col":19,"walk_min":179.9,"bucket":">30","color":"#a01818","aggregate":true,"node_count":761,"nearest_station_id":"kr_462","nearest_station_idx":461}},{"type":"Feature","geometry":{"type":"Polygon","coordinates":[[[126.80496,37.21461],[126.82226,37.21461],[126.82226,37.23191],[126.80496,37.23191],[126.80496,37.21461]]]},"properties":{"row":2,"col":13,"walk_min":176.6,"bucket":">30","color":"#a01818","aggregate":true,"node_count":611,"nearest_station_id":"kr_114","nearest_station_idx":113}},{"type":"Feature","geometry":{"type":"Polygon","coordinates":[[[126.5973,37.30113],[126.61461,37.30113],[126.61461,37.31844],[126.5973,37.31844],[126.5973,37.30113]]]},"properties":{"row":7,"col":1,"walk_min":177.8,"bucket":">30","color":"#a01818","aggregate":true,"node_count":39,"nearest_station_id":"kr_351","nearest_station_idx":349}},{"type":"Feature","geometry":{"type":"Polygon","coordinates":[[[127.26353,37.64722],[127.27218,37.64722],[127.27218,37.65587],[127.26353,37.65587],[127.26353,37.64722]]]},"properties":{"row":27,"col":39,"walk_min":169.7,"bucket":">30","color":"#a01818","aggregate":true,"node_count":36,"nearest_station_id":"kr_361","nearest_station_idx":359}},{"type":"Feature","geometry":{"type":"Polygon","coordinates":[[[126.83957,37.1973],[126.85687,37.1973],[126.85687,37.21461],[126.83957,37.21461],[126.83957,37.1973]]]},"properties":{"row":1,"col":15,"walk_min":183.5,"bucket":">30","color":"#a01818","aggregate":true,"node_count":678,"nearest_station_id":"kr_114","nearest_station_idx":113}},{"type":"Feature","geometry":{"type":"Polygon","coordinates":[[[127.20296,37.82027],[127.22027,37.82027],[127.22027,37.82892],[127.20296,37.82892],[127.20296,37.82027]]]},"properties":{"row":37,"col":36,"walk_min":173.1,"bucket":">30","color":"#a01818","aggregate":true,"node_count":22,"nearest_station_id":"kr_470","nearest_station_idx":469}},{"type":"Feature","geometry":{"type":"Polygon","coordinates":[[[126.89148,37.1973],[126.90879,37.1973],[126.90879,37.21461],[126.89148,37.21461],[126.89148,37.1973]]]},"properties":{"row":1,"col":18,"walk_min":192.6,"bucket":">30","color":"#a01818","aggregate":true,"node_count":294,"nearest_station_id":"kr_462","nearest_station_idx":461}},{"type":"Feature","geometry":{"type":"Polygon","coordinates":[[[127.18566,37.82027],[127.20296,37.82027],[127.20296,37.82892],[127.18566,37.82892],[127.18566,37.82027]]]},"properties":{"row":37,"col":35,"walk_min":176.5,"bucket":">30","color":"#a01818","aggregate":true,"node_count":35,"nearest_station_id":"kr_470","nearest_station_idx":469}},{"type":"Feature","geometry":{"type":"Polygon","coordinates":[[[126.78765,37.76835],[126.80496,37.76835],[126.80496,37.78566],[126.78765,37.78566],[126.78765,37.76835]]]},"properties":{"row":34,"col":12,"walk_min":195.7,"bucket":">30","color":"#a01818","aggregate":true,"node_count":442,"nearest_station_id":"kr_424","nearest_station_idx":423}},{"type":"Feature","geometry":{"type":"Polygon","coordinates":[[[126.61461,37.578],[126.63191,37.578],[126.63191,37.59531],[126.61461,37.59531],[126.61461,37.578]]]},"properties":{"row":23,"col":2,"walk_min":185.0,"bucket":">30","color":"#a01818","aggregate":true,"node_count":442,"nearest_station_id":"kr_258","nearest_station_idx":412}},{"type":"Feature","geometry":{"type":"Polygon","coordinates":[[[126.87418,37.75105],[126.89148,37.75105],[126.89148,37.76835],[126.87418,37.76835],[126.87418,37.75105]]]},"properties":{"row":33,"col":17,"walk_min":184.9,"bucket":">30","color":"#a01818","aggregate":true,"node_count":250,"nearest_station_id":"kr_115","nearest_station_idx":114}},{"type":"Feature","geometry":{"type":"Polygon","coordinates":[[[127.20296,37.26652],[127.22027,37.26652],[127.22027,37.28383],[127.20296,37.28383],[127.20296,37.26652]]]},"properties":{"row":5,"col":36,"walk_min":181.4,"bucket":">30","color":"#a01818","aggregate":true,"node_count":952,"nearest_station_id":"kr_233","nearest_station_idx":234}},{"type":"Feature","geometry":{"type":"Polygon","coordinates":[[[127.18566,37.28383],[127.20296,37.28383],[127.20296,37.30113],[127.18566,37.30113],[127.18566,37.28383]]]},"properties":{"row":6,"col":35,"walk_min":188.3,"bucket":">30","color":"#a01818","aggregate":true,"node_count":881,"nearest_station_id":"kr_233","nearest_station_idx":234}},{"type":"Feature","geometry":{"type":"Polygon","coordinates":[[[127.22027,37.31844],[127.22892,37.31844],[127.22892,37.33574],[127.22027,37.33574],[127.22027,37.31844]]]},"properties":{"row":8,"col":37,"walk_min":177.6,"bucket":">30","color":"#a01818","aggregate":true,"node_count":53,"nearest_station_id":"kr_149","nearest_station_idx":146}},{"type":"Feature","geometry":{"type":"Polygon","coordinates":[[[126.77035,37.78566],[126.78765,37.78566],[126.78765,37.80296],[126.77035,37.80296],[126.77035,37.78566]]]},"properties":{"row":35,"col":11,"walk_min":190.1,"bucket":">30","color":"#a01818","aggregate":true,"node_count":498,"nearest_station_id":"kr_424","nearest_station_idx":423}},{"type":"Feature","geometry":{"type":"Polygon","coordinates":[[[126.66652,37.61261],[126.68383,37.61261],[126.68383,37.62992],[126.66652,37.62992],[126.66652,37.61261]]]},"properties":{"row":25,"col":5,"walk_min":183.2,"bucket":">30","color":"#a01818","aggregate":true,"node_count":947,"nearest_station_id":"kr_424","nearest_station_idx":423}},{"type":"Feature","geometry":{"type":"Polygon","coordinates":[[[126.71844,37.78566],[126.73574,37.78566],[126.73574,37.80296],[126.71844,37.80296],[126.71844,37.78566]]]},"properties":{"row":35,"col":8,"walk_min":189.8,"bucket":">30","color":"#a01818","aggregate":true,"node_count":203,"nearest_station_id":"kr_424","nearest_station_idx":423}},{"type":"Feature","geometry":{"type":"Polygon","coordinates":[[[126.64922,37.34439],[126.66652,37.34439],[126.66652,37.35305],[126.64922,37.35305],[126.64922,37.34439]]]},"properties":{"row":9,"col":4,"walk_min":186.6,"bucket":">30","color":"#a01818","aggregate":true,"node_count":17,"nearest_station_id":"kr_428","nearest_station_idx":427}},{"type":"Feature","geometry":{"type":"Polygon","coordinates":[[[127.16835,37.21461],[127.18566,37.21461],[127.18566,37.23191],[127.16835,37.23191],[127.16835,37.21461]]]},"properties":{"row":2,"col":34,"walk_min":185.8,"bucket":">30","color":"#a01818","aggregate":true,"node_count":892,"nearest_station_id":"kr_466","nearest_station_idx":465}},{"type":"Feature","geometry":{"type":"Polygon","coordinates":[[[126.90879,37.18],[126.92609,37.18],[126.92609,37.1973],[126.90879,37.1973],[126.90879,37.18]]]},"properties":{"row":0,"col":19,"walk_min":186.5,"bucket":">30","color":"#a01818","aggregate":true,"node_count":393,"nearest_station_id":"kr_047","nearest_station_idx":46}},{"type":"Feature","geometry":{"type":"Polygon","coordinates":[[[126.89148,37.75105],[126.90879,37.75105],[126.90879,37.76835],[126.89148,37.76835],[126.89148,37.75105]]]},"properties":{"row":33,"col":18,"walk_min":185.6,"bucket":">30","color":"#a01818","aggregate":true,"node_count":579,"nearest_station_id":"kr_115","nearest_station_idx":114}},{"type":"Feature","geometry":{"type":"Polygon","coordinates":[[[126.64922,37.61261],[126.66652,37.61261],[126.66652,37.62992],[126.64922,37.62992],[126.64922,37.61261]]]},"properties":{"row":25,"col":4,"walk_min":188.9,"bucket":">30","color":"#a01818","aggregate":true,"node_count":788,"nearest_station_id":"kr_424","nearest_station_idx":423}},{"type":"Feature","geometry":{"type":"Polygon","coordinates":[[[126.58865,37.5607],[126.5973,37.5607],[126.5973,37.578],[126.58865,37.578],[126.58865,37.5607]]]},"properties":{"row":22,"col":0,"walk_min":194.2,"bucket":">30","color":"#a01818","aggregate":true,"node_count":65,"nearest_station_id":"kr_458","nearest_station_idx":457}},{"type":"Feature","geometry":{"type":"Polygon","coordinates":[[[127.20296,37.28383],[127.22027,37.28383],[127.22027,37.30113],[127.20296,37.30113],[127.20296,37.28383]]]},"properties":{"row":6,"col":36,"walk_min":190.0,"bucket":">30","color":"#a01818","aggregate":true,"node_count":1110,"nearest_station_id":"kr_233","nearest_station_idx":234}},{"type":"Feature","geometry":{"type":"Polygon","coordinates":[[[126.87418,37.18],[126.89148,37.18],[126.89148,37.1973],[126.87418,37.1973],[126.87418,37.18]]]},"properties":{"row":0,"col":17,"walk_min":189.7,"bucket":">30","color":"#a01818","aggregate":true,"node_count":724,"nearest_station_id":"kr_114","nearest_station_idx":113}},{"type":"Feature","geometry":{"type":"Polygon","coordinates":[[[126.75305,37.78566],[126.77035,37.78566],[126.77035,37.80296],[126.75305,37.80296],[126.75305,37.78566]]]},"properties":{"row":35,"col":10,"walk_min":187.7,"bucket":">30","color":"#a01818","aggregate":true,"node_count":530,"nearest_station_id":"kr_424","nearest_station_idx":423}},{"type":"Feature","geometry":{"type":"Polygon","coordinates":[[[126.85687,37.75105],[126.87418,37.75105],[126.87418,37.76835],[126.85687,37.76835],[126.85687,37.75105]]]},"properties":{"row":33,"col":16,"walk_min":190.4,"bucket":">30","color":"#a01818","aggregate":true,"node_count":457,"nearest_station_id":"kr_145","nearest_station_idx":147}},{"type":"Feature","geometry":{"type":"Polygon","coordinates":[[[126.68383,37.76835],[126.70113,37.76835],[126.70113,37.78566],[126.68383,37.78566],[126.68383,37.76835]]]},"properties":{"row":34,"col":6,"walk_min":190.4,"bucket":">30","color":"#a01818","aggregate":true,"node_count":691,"nearest_station_id":"kr_424","nearest_station_idx":423}},{"type":"Feature","geometry":{"type":"Polygon","coordinates":[[[127.20296,37.24922],[127.22027,37.24922],[127.22027,37.26652],[127.20296,37.26652],[127.20296,37.24922]]]},"properties":{"row":4,"col":36,"walk_min":188.2,"bucket":">30","color":"#a01818","aggregate":true,"node_count":807,"nearest_station_id":"kr_233","nearest_station_idx":234}},{"type":"Feature","geometry":{"type":"Polygon","coordinates":[[[126.70113,37.78566],[126.71844,37.78566],[126.71844,37.80296],[126.70113,37.80296],[126.70113,37.78566]]]},"properties":{"row":35,"col":7,"walk_min":193.3,"bucket":">30","color":"#a01818","aggregate":true,"node_count":363,"nearest_station_id":"kr_424","nearest_station_idx":423}},{"type":"Feature","geometry":{"type":"Polygon","coordinates":[[[126.61461,37.59531],[126.63191,37.59531],[126.63191,37.61261],[126.61461,37.61261],[126.61461,37.59531]]]},"properties":{"row":24,"col":2,"walk_min":195.4,"bucket":">30","color":"#a01818","aggregate":true,"node_count":1150,"nearest_station_id":"kr_258","nearest_station_idx":412}},{"type":"Feature","geometry":{"type":"Polygon","coordinates":[[[126.85687,37.18],[126.87418,37.18],[126.87418,37.1973],[126.85687,37.1973],[126.85687,37.18]]]},"properties":{"row":0,"col":16,"walk_min":194.8,"bucket":">30","color":"#a01818","aggregate":true,"node_count":660,"nearest_station_id":"kr_114","nearest_station_idx":113}},{"type":"Feature","geometry":{"type":"Polygon","coordinates":[[[126.89148,37.78566],[126.90879,37.78566],[126.90879,37.79431],[126.89148,37.79431],[126.89148,37.78566]]]},"properties":{"row":35,"col":18,"walk_min":192.9,"bucket":">30","color":"#a01818","aggregate":true,"node_count":26,"nearest_station_id":"kr_092","nearest_station_idx":91}},{"type":"Feature","geometry":{"type":"Polygon","coordinates":[[[127.22027,37.30113],[127.22892,37.30113],[127.22892,37.31844],[127.22027,37.31844],[127.22027,37.30113]]]},"properties":{"row":7,"col":37,"walk_min":188.8,"bucket":">30","color":"#a01818","aggregate":true,"node_count":86,"nearest_station_id":"kr_173","nearest_station_idx":175}},{"type":"Feature","geometry":{"type":"Polygon","coordinates":[[[127.23757,37.33574],[127.25488,37.33574],[127.25488,37.34439],[127.23757,37.34439],[127.23757,37.33574]]]},"properties":{"row":9,"col":38,"walk_min":191.2,"bucket":">30","color":"#a01818","aggregate":true,"node_count":28,"nearest_station_id":"kr_173","nearest_station_idx":175}},{"type":"Feature","geometry":{"type":"Polygon","coordinates":[[[127.18566,37.78566],[127.19431,37.78566],[127.19431,37.80296],[127.18566,37.80296],[127.18566,37.78566]]]},"properties":{"row":35,"col":35,"walk_min":194.6,"bucket":">30","color":"#a01818","aggregate":true,"node_count":59,"nearest_station_id":"kr_470","nearest_station_idx":469}},{"type":"Feature","geometry":{"type":"Polygon","coordinates":[[[126.68383,37.64722],[126.70113,37.64722],[126.70113,37.66453],[126.68383,37.66453],[126.68383,37.64722]]]},"properties":{"row":27,"col":6,"walk_min":198.5,"bucket":">30","color":"#a01818","aggregate":true,"node_count":1785,"nearest_station_id":"kr_424","nearest_station_idx":423}},{"type":"Feature","geometry":{"type":"Polygon","coordinates":[[[126.63191,37.33574],[126.64922,37.33574],[126.64922,37.35305],[126.63191,37.35305],[126.63191,37.33574]]]},"properties":{"row":9,"col":3,"walk_min":200.8,"bucket":">30","color":"#a01818","aggregate":true,"node_count":60,"nearest_station_id":"kr_428","nearest_station_idx":427}},{"type":"Feature","geometry":{"type":"Polygon","coordinates":[[[127.18566,37.23191],[127.20296,37.23191],[127.20296,37.24922],[127.18566,37.24922],[127.18566,37.23191]]]},"properties":{"row":3,"col":35,"walk_min":194.8,"bucket":">30","color":"#a01818","aggregate":true,"node_count":1129,"nearest_station_id":"kr_233","nearest_station_idx":234}},{"type":"Feature","geometry":{"type":"Polygon","coordinates":[[[126.66652,37.34439],[126.67517,37.34439],[126.67517,37.35305],[126.66652,37.35305],[126.66652,37.34439]]]},"properties":{"row":9,"col":5,"walk_min":188.2,"bucket":">30","color":"#a01818","aggregate":true,"node_count":2,"nearest_station_id":"kr_428","nearest_station_idx":427}},{"type":"Feature","geometry":{"type":"Polygon","coordinates":[[[126.63191,37.61261],[126.64922,37.61261],[126.64922,37.62992],[126.63191,37.62992],[126.63191,37.61261]]]},"properties":{"row":25,"col":3,"walk_min":196.5,"bucket":">30","color":"#a01818","aggregate":true,"node_count":1225,"nearest_station_id":"kr_424","nearest_station_idx":423}},{"type":"Feature","geometry":{"type":"Polygon","coordinates":[[[126.83957,37.73374],[126.85687,37.73374],[126.85687,37.75105],[126.83957,37.75105],[126.83957,37.73374]]]},"properties":{"row":32,"col":15,"walk_min":196.6,"bucket":">30","color":"#a01818","aggregate":true,"node_count":507,"nearest_station_id":"kr_145","nearest_station_idx":147}},{"type":"Feature","geometry":{"type":"Polygon","coordinates":[[[126.80496,37.1973],[126.82226,37.1973],[126.82226,37.21461],[126.80496,37.21461],[126.80496,37.1973]]]},"properties":{"row":1,"col":13,"walk_min":201.9,"bucket":">30","color":"#a01818","aggregate":true,"node_count":904,"nearest_station_id":"kr_114","nearest_station_idx":113}},{"type":"Feature","geometry":{"type":"Polygon","coordinates":[[[127.18566,37.18],[127.20296,37.18],[127.20296,37.1973],[127.18566,37.1973],[127.18566,37.18]]]},"properties":{"row":0,"col":35,"walk_min":207.7,"bucket":">30","color":"#a01818","aggregate":true,"node_count":356,"nearest_station_id":"kr_416","nearest_station_idx":415}},{"type":"Feature","geometry":{"type":"Polygon","coordinates":[[[126.73574,37.78566],[126.75305,37.78566],[126.75305,37.80296],[126.73574,37.80296],[126.73574,37.78566]]]},"properties":{"row":35,"col":9,"walk_min":198.6,"bucket":">30","color":"#a01818","aggregate":true,"node_count":224,"nearest_station_id":"kr_424","nearest_station_idx":423}},{"type":"Feature","geometry":{"type":"Polygon","coordinates":[[[126.89148,37.80296],[126.90879,37.80296],[126.90879,37.82027],[126.89148,37.82027],[126.89148,37.80296]]]},"properties":{"row":36,"col":18,"walk_min":207.0,"bucket":">30","color":"#a01818","aggregate":true,"node_count":126,"nearest_station_id":"kr_092","nearest_station_idx":91}},{"type":"Feature","geometry":{"type":"Polygon","coordinates":[[[126.82226,37.1973],[126.83957,37.1973],[126.83957,37.21461],[126.82226,37.21461],[126.82226,37.1973]]]},"properties":{"row":1,"col":14,"walk_min":201.3,"bucket":">30","color":"#a01818","aggregate":true,"node_count":1218,"nearest_station_id":"kr_114","nearest_station_idx":113}},{"type":"Feature","geometry":{"type":"Polygon","coordinates":[[[126.66652,37.62992],[126.68383,37.62992],[126.68383,37.64722],[126.66652,37.64722],[126.66652,37.62992]]]},"properties":{"row":26,"col":5,"walk_min":197.1,"bucket":">30","color":"#a01818","aggregate":true,"node_count":3371,"nearest_station_id":"kr_424","nearest_station_idx":423}},{"type":"Feature","geometry":{"type":"Polygon","coordinates":[[[126.89148,37.76835],[126.90879,37.76835],[126.90879,37.78566],[126.89148,37.78566],[126.89148,37.76835]]]},"properties":{"row":34,"col":18,"walk_min":198.8,"bucket":">30","color":"#a01818","aggregate":true,"node_count":211,"nearest_station_id":"kr_421","nearest_station_idx":420}},{"type":"Feature","geometry":{"type":"Polygon","coordinates":[[[126.83957,37.18],[126.85687,37.18],[126.85687,37.1973],[126.83957,37.1973],[126.83957,37.18]]]},"properties":{"row":0,"col":15,"walk_min":205.6,"bucket":">30","color":"#a01818","aggregate":true,"node_count":472,"nearest_station_id":"kr_114","nearest_station_idx":113}},{"type":"Feature","geometry":{"type":"Polygon","coordinates":[[[126.58865,37.30113],[126.5973,37.30113],[126.5973,37.30978],[126.58865,37.30978],[126.58865,37.30113]]]},"properties":{"row":7,"col":0,"walk_min":194.6,"bucket":">30","color":"#a01818","aggregate":true,"node_count":4,"nearest_station_id":"kr_351","nearest_station_idx":349}},{"type":"Feature","geometry":{"type":"Polygon","coordinates":[[[126.80496,37.76835],[126.82226,37.76835],[126.82226,37.78566],[126.80496,37.78566],[126.80496,37.76835]]]},"properties":{"row":34,"col":13,"walk_min":212.2,"bucket":">30","color":"#a01818","aggregate":true,"node_count":147,"nearest_station_id":"kr_424","nearest_station_idx":423}},{"type":"Feature","geometry":{"type":"Polygon","coordinates":[[[126.77035,37.21461],[126.78765,37.21461],[126.78765,37.23191],[126.77035,37.23191],[126.77035,37.21461]]]},"properties":{"row":2,"col":11,"walk_min":233.2,"bucket":">30","color":"#a01818","aggregate":true,"node_count":489,"nearest_station_id":"kr_230","nearest_station_idx":231}},{"type":"Feature","geometry":{"type":"Polygon","coordinates":[[[126.83957,37.75105],[126.85687,37.75105],[126.85687,37.76835],[126.83957,37.76835],[126.83957,37.75105]]]},"properties":{"row":33,"col":15,"walk_min":207.6,"bucket":">30","color":"#a01818","aggregate":true,"node_count":262,"nearest_station_id":"kr_145","nearest_station_idx":147}},{"type":"Feature","geometry":{"type":"Polygon","coordinates":[[[126.58,37.578],[126.5973,37.578],[126.5973,37.59531],[126.58,37.59531],[126.58,37.578]]]},"properties":{"row":23,"col":0,"walk_min":223.4,"bucket":">30","color":"#a01818","aggregate":true,"node_count":337,"nearest_station_id":"kr_458","nearest_station_idx":457}},{"type":"Feature","geometry":{"type":"Polygon","coordinates":[[[126.5973,37.578],[126.61461,37.578],[126.61461,37.59531],[126.5973,37.59531],[126.5973,37.578]]]},"properties":{"row":23,"col":1,"walk_min":203.9,"bucket":">30","color":"#a01818","aggregate":true,"node_count":250,"nearest_station_id":"kr_258","nearest_station_idx":412}},{"type":"Feature","geometry":{"type":"Polygon","coordinates":[[[126.68383,37.78566],[126.70113,37.78566],[126.70113,37.80296],[126.68383,37.80296],[126.68383,37.78566]]]},"properties":{"row":35,"col":6,"walk_min":205.1,"bucket":">30","color":"#a01818","aggregate":true,"node_count":657,"nearest_station_id":"kr_424","nearest_station_idx":423}},{"type":"Feature","geometry":{"type":"Polygon","coordinates":[[[126.89148,37.18],[126.90879,37.18],[126.90879,37.1973],[126.89148,37.1973],[126.89148,37.18]]]},"properties":{"row":0,"col":18,"walk_min":204.2,"bucket":">30","color":"#a01818","aggregate":true,"node_count":340,"nearest_station_id":"kr_462","nearest_station_idx":461}},{"type":"Feature","geometry":{"type":"Polygon","coordinates":[[[127.22027,37.26652],[127.23757,37.26652],[127.23757,37.28383],[127.22027,37.28383],[127.22027,37.26652]]]},"properties":{"row":5,"col":37,"walk_min":209.0,"bucket":">30","color":"#a01818","aggregate":true,"node_count":154,"nearest_station_id":"kr_173","nearest_station_idx":175}},{"type":"Feature","geometry":{"type":"Polygon","coordinates":[[[126.58,37.28383],[126.5973,37.28383],[126.5973,37.30113],[126.58,37.30113],[126.58,37.28383]]]},"properties":{"row":6,"col":0,"walk_min":364.9,"bucket":">30","color":"#a01818","aggregate":true,"node_count":454,"nearest_station_id":"kr_351","nearest_station_idx":349}},{"type":"Feature","geometry":{"type":"Polygon","coordinates":[[[126.61461,37.61261],[126.63191,37.61261],[126.63191,37.62992],[126.61461,37.62992],[126.61461,37.61261]]]},"properties":{"row":25,"col":2,"walk_min":207.3,"bucket":">30","color":"#a01818","aggregate":true,"node_count":1160,"nearest_station_id":"kr_424","nearest_station_idx":423}},{"type":"Feature","geometry":{"type":"Polygon","coordinates":[[[127.18566,37.1973],[127.20296,37.1973],[127.20296,37.21461],[127.18566,37.21461],[127.18566,37.1973]]]},"properties":{"row":1,"col":35,"walk_min":216.3,"bucket":">30","color":"#a01818","aggregate":true,"node_count":153,"nearest_station_id":"kr_416","nearest_station_idx":415}},{"type":"Feature","geometry":{"type":"Polygon","coordinates":[[[126.5973,37.59531],[126.61461,37.59531],[126.61461,37.61261],[126.5973,37.61261],[126.5973,37.59531]]]},"properties":{"row":24,"col":1,"walk_min":210.9,"bucket":">30","color":"#a01818","aggregate":true,"node_count":592,"nearest_station_id":"kr_258","nearest_station_idx":412}},{"type":"Feature","geometry":{"type":"Polygon","coordinates":[[[127.20296,37.23191],[127.22027,37.23191],[127.22027,37.24922],[127.20296,37.24922],[127.20296,37.23191]]]},"properties":{"row":3,"col":36,"walk_min":210.6,"bucket":">30","color":"#a01818","aggregate":true,"node_count":1679,"nearest_station_id":"kr_233","nearest_station_idx":234}},{"type":"Feature","geometry":{"type":"Polygon","coordinates":[[[127.22027,37.24922],[127.22892,37.24922],[127.22892,37.26652],[127.22027,37.26652],[127.22027,37.24922]]]},"properties":{"row":4,"col":37,"walk_min":204.8,"bucket":">30","color":"#a01818","aggregate":true,"node_count":30,"nearest_station_id":"kr_233","nearest_station_idx":234}},{"type":"Feature","geometry":{"type":"Polygon","coordinates":[[[127.22027,37.28383],[127.22892,37.28383],[127.22892,37.30113],[127.22027,37.30113],[127.22027,37.28383]]]},"properties":{"row":6,"col":37,"walk_min":204.9,"bucket":">30","color":"#a01818","aggregate":true,"node_count":80,"nearest_station_id":"kr_173","nearest_station_idx":175}},{"type":"Feature","geometry":{"type":"Polygon","coordinates":[[[126.70113,37.80296],[126.71844,37.80296],[126.71844,37.82027],[126.70113,37.82027],[126.70113,37.80296]]]},"properties":{"row":36,"col":7,"walk_min":214.2,"bucket":">30","color":"#a01818","aggregate":true,"node_count":334,"nearest_station_id":"kr_424","nearest_station_idx":423}},{"type":"Feature","geometry":{"type":"Polygon","coordinates":[[[126.71844,37.80296],[126.73574,37.80296],[126.73574,37.82027],[126.71844,37.82027],[126.71844,37.80296]]]},"properties":{"row":36,"col":8,"walk_min":215.8,"bucket":">30","color":"#a01818","aggregate":true,"node_count":241,"nearest_station_id":"kr_424","nearest_station_idx":423}},{"type":"Feature","geometry":{"type":"Polygon","coordinates":[[[126.66652,37.64722],[126.68383,37.64722],[126.68383,37.66453],[126.66652,37.66453],[126.66652,37.64722]]]},"properties":{"row":27,"col":5,"walk_min":212.7,"bucket":">30","color":"#a01818","aggregate":true,"node_count":2496,"nearest_station_id":"kr_424","nearest_station_idx":423}},{"type":"Feature","geometry":{"type":"Polygon","coordinates":[[[126.78765,37.78566],[126.80496,37.78566],[126.80496,37.80296],[126.78765,37.80296],[126.78765,37.78566]]]},"properties":{"row":35,"col":12,"walk_min":224.0,"bucket":">30","color":"#a01818","aggregate":true,"node_count":473,"nearest_station_id":"kr_424","nearest_station_idx":423}},{"type":"Feature","geometry":{"type":"Polygon","coordinates":[[[126.77035,37.1973],[126.78765,37.1973],[126.78765,37.21461],[126.77035,37.21461],[126.77035,37.1973]]]},"properties":{"row":1,"col":11,"walk_min":213.5,"bucket":">30","color":"#a01818","aggregate":true,"node_count":791,"nearest_station_id":"kr_426","nearest_station_idx":425}},{"type":"Feature","geometry":{"type":"Polygon","coordinates":[[[126.77035,37.23191],[126.78765,37.23191],[126.78765,37.24922],[126.77035,37.24922],[126.77035,37.23191]]]},"properties":{"row":3,"col":11,"walk_min":301.0,"bucket":">30","color":"#a01818","aggregate":true,"node_count":512,"nearest_station_id":"kr_230","nearest_station_idx":231}},{"type":"Feature","geometry":{"type":"Polygon","coordinates":[[[126.78765,37.1973],[126.80496,37.1973],[126.80496,37.21461],[126.78765,37.21461],[126.78765,37.1973]]]},"properties":{"row":1,"col":12,"walk_min":216.1,"bucket":">30","color":"#a01818","aggregate":true,"node_count":424,"nearest_station_id":"kr_114","nearest_station_idx":113}},{"type":"Feature","geometry":{"type":"Polygon","coordinates":[[[127.16835,37.17135],[127.18566,37.17135],[127.18566,37.18],[127.16835,37.18],[127.16835,37.17135]]]},"properties":{"row":-1,"col":34,"walk_min":225.1,"bucket":">30","color":"#a01818","aggregate":true,"node_count":48,"nearest_station_id":"kr_416","nearest_station_idx":415}},{"type":"Feature","geometry":{"type":"Polygon","coordinates":[[[126.61461,37.33574],[126.63191,37.33574],[126.63191,37.35305],[126.61461,37.35305],[126.61461,37.33574]]]},"properties":{"row":9,"col":2,"walk_min":215.0,"bucket":">30","color":"#a01818","aggregate":true,"node_count":94,"nearest_station_id":"kr_428","nearest_station_idx":427}},{"type":"Feature","geometry":{"type":"Polygon","coordinates":[[[126.67517,37.78566],[126.68383,37.78566],[126.68383,37.80296],[126.67517,37.80296],[126.67517,37.78566]]]},"properties":{"row":35,"col":5,"walk_min":213.9,"bucket":">30","color":"#a01818","aggregate":true,"node_count":64,"nearest_station_id":"kr_424","nearest_station_idx":423}},{"type":"Feature","geometry":{"type":"Polygon","coordinates":[[[126.73574,37.80296],[126.75305,37.80296],[126.75305,37.82027],[126.73574,37.82027],[126.73574,37.80296]]]},"properties":{"row":36,"col":9,"walk_min":215.8,"bucket":">30","color":"#a01818","aggregate":true,"node_count":113,"nearest_station_id":"kr_424","nearest_station_idx":423}},{"type":"Feature","geometry":{"type":"Polygon","coordinates":[[[127.18566,37.21461],[127.20296,37.21461],[127.20296,37.23191],[127.18566,37.23191],[127.18566,37.21461]]]},"properties":{"row":2,"col":35,"walk_min":215.9,"bucket":">30","color":"#a01818","aggregate":true,"node_count":906,"nearest_station_id":"kr_466","nearest_station_idx":465}},{"type":"Feature","geometry":{"type":"Polygon","coordinates":[[[126.67517,37.76835],[126.68383,37.76835],[126.68383,37.78566],[126.67517,37.78566],[126.67517,37.76835]]]},"properties":{"row":34,"col":5,"walk_min":208.3,"bucket":">30","color":"#a01818","aggregate":true,"node_count":140,"nearest_station_id":"kr_424","nearest_station_idx":423}},{"type":"Feature","geometry":{"type":"Polygon","coordinates":[[[127.23757,37.81161],[127.24622,37.81161],[127.24622,37.82027],[127.23757,37.82027],[127.23757,37.81161]]]},"properties":{"row":36,"col":38,"walk_min":207.5,"bucket":">30","color":"#a01818","aggregate":true,"node_count":45,"nearest_station_id":"kr_470","nearest_station_idx":469}},{"type":"Feature","geometry":{"type":"Polygon","coordinates":[[[126.75305,37.80296],[126.77035,37.80296],[126.77035,37.82027],[126.75305,37.82027],[126.75305,37.80296]]]},"properties":{"row":36,"col":10,"walk_min":218.4,"bucket":">30","color":"#a01818","aggregate":true,"node_count":337,"nearest_station_id":"kr_424","nearest_station_idx":423}},{"type":"Feature","geometry":{"type":"Polygon","coordinates":[[[126.77035,37.80296],[126.78765,37.80296],[126.78765,37.82027],[126.77035,37.82027],[126.77035,37.80296]]]},"properties":{"row":36,"col":11,"walk_min":216.4,"bucket":">30","color":"#a01818","aggregate":true,"node_count":333,"nearest_station_id":"kr_424","nearest_station_idx":423}},{"type":"Feature","geometry":{"type":"Polygon","coordinates":[[[126.64922,37.62992],[126.66652,37.62992],[126.66652,37.64722],[126.64922,37.64722],[126.64922,37.62992]]]},"properties":{"row":26,"col":4,"walk_min":217.9,"bucket":">30","color":"#a01818","aggregate":true,"node_count":1581,"nearest_station_id":"kr_424","nearest_station_idx":423}},{"type":"Feature","geometry":{"type":"Polygon","coordinates":[[[126.83957,37.76835],[126.85687,37.76835],[126.85687,37.78566],[126.83957,37.78566],[126.83957,37.76835]]]},"properties":{"row":34,"col":15,"walk_min":237.2,"bucket":">30","color":"#a01818","aggregate":true,"node_count":491,"nearest_station_id":"kr_145","nearest_station_idx":147}},{"type":"Feature","geometry":{"type":"Polygon","coordinates":[[[126.78765,37.80296],[126.80496,37.80296],[126.80496,37.82027],[126.78765,37.82027],[126.78765,37.80296]]]},"properties":{"row":36,"col":12,"walk_min":261.0,"bucket":">30","color":"#a01818","aggregate":true,"node_count":345,"nearest_station_id":"kr_424","nearest_station_idx":423}},{"type":"Feature","geometry":{"type":"Polygon","coordinates":[[[127.20296,37.18],[127.22027,37.18],[127.22027,37.1973],[127.20296,37.1973],[127.20296,37.18]]]},"properties":{"row":0,"col":36,"walk_min":221.4,"bucket":">30","color":"#a01818","aggregate":true,"node_count":822,"nearest_station_id":"kr_416","nearest_station_idx":415}},{"type":"Feature","geometry":{"type":"Polygon","coordinates":[[[126.90879,37.82027],[126.92609,37.82027],[126.92609,37.83757],[126.90879,37.83757],[126.90879,37.82027]]]},"properties":{"row":37,"col":19,"walk_min":220.7,"bucket":">30","color":"#a01818","aggregate":true,"node_count":166,"nearest_station_id":"kr_447","nearest_station_idx":446}},{"type":"Feature","geometry":{"type":"Polygon","coordinates":[[[127.22027,37.23191],[127.22892,37.23191],[127.22892,37.24922],[127.22027,37.24922],[127.22027,37.23191]]]},"properties":{"row":3,"col":37,"walk_min":220.2,"bucket":">30","color":"#a01818","aggregate":true,"node_count":87,"nearest_station_id":"kr_233","nearest_station_idx":234}},{"type":"Feature","geometry":{"type":"Polygon","coordinates":[[[126.87418,37.76835],[126.89148,37.76835],[126.89148,37.78566],[126.87418,37.78566],[126.87418,37.76835]]]},"properties":{"row":34,"col":17,"walk_min":221.0,"bucket":">30","color":"#a01818","aggregate":true,"node_count":214,"nearest_station_id":"kr_115","nearest_station_idx":114}},{"type":"Feature","geometry":{"type":"Polygon","coordinates":[[[126.87418,37.80296],[126.89148,37.80296],[126.89148,37.82027],[126.87418,37.82027],[126.87418,37.80296]]]},"properties":{"row":36,"col":17,"walk_min":237.0,"bucket":">30","color":"#a01818","aggregate":true,"node_count":36,"nearest_station_id":"kr_092","nearest_station_idx":91}},{"type":"Feature","geometry":{"type":"Polygon","coordinates":[[[126.63191,37.62992],[126.64922,37.62992],[126.64922,37.64722],[126.63191,37.64722],[126.63191,37.62992]]]},"properties":{"row":26,"col":3,"walk_min":225.9,"bucket":">30","color":"#a01818","aggregate":true,"node_count":3010,"nearest_station_id":"kr_424","nearest_station_idx":423}},{"type":"Feature","geometry":{"type":"Polygon","coordinates":[[[126.61461,37.62992],[126.63191,37.62992],[126.63191,37.64722],[126.61461,37.64722],[126.61461,37.62992]]]},"properties":{"row":26,"col":2,"walk_min":226.1,"bucket":">30","color":"#a01818","aggregate":true,"node_count":3357,"nearest_station_id":"kr_424","nearest_station_idx":423}},{"type":"Feature","geometry":{"type":"Polygon","coordinates":[[[126.82226,37.75105],[126.83957,37.75105],[126.83957,37.76835],[126.82226,37.76835],[126.82226,37.75105]]]},"properties":{"row":33,"col":14,"walk_min":227.8,"bucket":">30","color":"#a01818","aggregate":true,"node_count":506,"nearest_station_id":"kr_350","nearest_station_idx":348}},{"type":"Feature","geometry":{"type":"Polygon","coordinates":[[[127.20296,37.1973],[127.22027,37.1973],[127.22027,37.21461],[127.20296,37.21461],[127.20296,37.1973]]]},"properties":{"row":1,"col":36,"walk_min":227.7,"bucket":">30","color":"#a01818","aggregate":true,"node_count":636,"nearest_station_id":"kr_416","nearest_station_idx":415}},{"type":"Feature","geometry":{"type":"Polygon","coordinates":[[[126.80496,37.78566],[126.82226,37.78566],[126.82226,37.80296],[126.80496,37.80296],[126.80496,37.78566]]]},"properties":{"row":35,"col":13,"walk_min":232.4,"bucket":">30","color":"#a01818","aggregate":true,"node_count":198,"nearest_station_id":"kr_424","nearest_station_idx":423}},{"type":"Feature","geometry":{"type":"Polygon","coordinates":[[[127.20296,37.21461],[127.22027,37.21461],[127.22027,37.23191],[127.20296,37.23191],[127.20296,37.21461]]]},"properties":{"row":2,"col":36,"walk_min":232.0,"bucket":">30","color":"#a01818","aggregate":true,"node_count":814,"nearest_station_id":"kr_416","nearest_station_idx":415}},{"type":"Feature","geometry":{"type":"Polygon","coordinates":[[[127.23757,37.82027],[127.25488,37.82027],[127.25488,37.83757],[127.23757,37.83757],[127.23757,37.82027]]]},"properties":{"row":37,"col":38,"walk_min":232.1,"bucket":">30","color":"#a01818","aggregate":true,"node_count":91,"nearest_station_id":"kr_470","nearest_station_idx":469}},{"type":"Feature","geometry":{"type":"Polygon","coordinates":[[[126.64922,37.64722],[126.66652,37.64722],[126.66652,37.66453],[126.64922,37.66453],[126.64922,37.64722]]]},"properties":{"row":27,"col":4,"walk_min":230.4,"bucket":">30","color":"#a01818","aggregate":true,"node_count":2357,"nearest_station_id":"kr_424","nearest_station_idx":423}},{"type":"Feature","geometry":{"type":"Polygon","coordinates":[[[126.82226,37.18],[126.83957,37.18],[126.83957,37.1973],[126.82226,37.1973],[126.82226,37.18]]]},"properties":{"row":0,"col":14,"walk_min":225.3,"bucket":">30","color":"#a01818","aggregate":true,"node_count":630,"nearest_station_id":"kr_114","nearest_station_idx":113}},{"type":"Feature","geometry":{"type":"Polygon","coordinates":[[[126.5973,37.61261],[126.61461,37.61261],[126.61461,37.62992],[126.5973,37.62992],[126.5973,37.61261]]]},"properties":{"row":25,"col":1,"walk_min":228.4,"bucket":">30","color":"#a01818","aggregate":true,"node_count":1317,"nearest_station_id":"kr_424","nearest_station_idx":423}},{"type":"Feature","geometry":{"type":"Polygon","coordinates":[[[126.85687,37.76835],[126.87418,37.76835],[126.87418,37.78566],[126.85687,37.78566],[126.85687,37.76835]]]},"properties":{"row":34,"col":16,"walk_min":234.1,"bucket":">30","color":"#a01818","aggregate":true,"node_count":152,"nearest_station_id":"kr_145","nearest_station_idx":147}},{"type":"Feature","geometry":{"type":"Polygon","coordinates":[[[126.87418,37.78566],[126.89148,37.78566],[126.89148,37.80296],[126.87418,37.80296],[126.87418,37.78566]]]},"properties":{"row":35,"col":17,"walk_min":229.8,"bucket":">30","color":"#a01818","aggregate":true,"node_count":214,"nearest_station_id":"kr_092","nearest_station_idx":91}},{"type":"Feature","geometry":{"type":"Polygon","coordinates":[[[126.89148,37.1627],[126.90013,37.1627],[126.90013,37.18],[126.89148,37.18],[126.89148,37.1627]]]},"properties":{"row":-1,"col":18,"walk_min":228.6,"bucket":">30","color":"#a01818","aggregate":true,"node_count":15,"nearest_station_id":"kr_047","nearest_station_idx":46}},{"type":"Feature","geometry":{"type":"Polygon","coordinates":[[[127.23757,37.26652],[127.24622,37.26652],[127.24622,37.27517],[127.23757,37.27517],[127.23757,37.26652]]]},"properties":{"row":5,"col":38,"walk_min":222.8,"bucket":">30","color":"#a01818","aggregate":true,"node_count":27,"nearest_station_id":"kr_173","nearest_station_idx":175}},{"type":"Feature","geometry":{"type":"Polygon","coordinates":[[[126.80496,37.18],[126.82226,37.18],[126.82226,37.1973],[126.80496,37.1973],[126.80496,37.18]]]},"properties":{"row":0,"col":13,"walk_min":241.5,"bucket":">30","color":"#a01818","aggregate":true,"node_count":705,"nearest_station_id":"kr_114","nearest_station_idx":113}},{"type":"Feature","geometry":{"type":"Polygon","coordinates":[[[126.85687,37.17135],[126.86552,37.17135],[126.86552,37.18],[126.85687,37.18],[126.85687,37.17135]]]},"properties":{"row":-1,"col":16,"walk_min":225.5,"bucket":">30","color":"#a01818","aggregate":true,"node_count":30,"nearest_station_id":"kr_114","nearest_station_idx":113}},{"type":"Feature","geometry":{"type":"Polygon","coordinates":[[[126.5973,37.33574],[126.61461,37.33574],[126.61461,37.35305],[126.5973,37.35305],[126.5973,37.33574]]]},"properties":{"row":9,"col":1,"walk_min":235.6,"bucket":">30","color":"#a01818","aggregate":true,"node_count":174,"nearest_station_id":"kr_428","nearest_station_idx":427}},{"type":"Feature","geometry":{"type":"Polygon","coordinates":[[[126.82226,37.76835],[126.83957,37.76835],[126.83957,37.78566],[126.82226,37.78566],[126.82226,37.76835]]]},"properties":{"row":34,"col":14,"walk_min":235.4,"bucket":">30","color":"#a01818","aggregate":true,"node_count":288,"nearest_station_id":"kr_350","nearest_station_idx":348}},{"type":"Feature","geometry":{"type":"Polygon","coordinates":[[[126.75305,37.1973],[126.77035,37.1973],[126.77035,37.21461],[126.75305,37.21461],[126.75305,37.1973]]]},"properties":{"row":1,"col":10,"walk_min":241.5,"bucket":">30","color":"#a01818","aggregate":true,"node_count":337,"nearest_station_id":"kr_230","nearest_station_idx":231}},{"type":"Feature","geometry":{"type":"Polygon","coordinates":[[[127.18566,37.17135],[127.20296,37.17135],[127.20296,37.18],[127.18566,37.18],[127.18566,37.17135]]]},"properties":{"row":-1,"col":35,"walk_min":227.5,"bucket":">30","color":"#a01818","aggregate":true,"node_count":53,"nearest_station_id":"kr_416","nearest_station_idx":415}},{"type":"Feature","geometry":{"type":"Polygon","coordinates":[[[126.68383,37.80296],[126.70113,37.80296],[126.70113,37.82027],[126.68383,37.82027],[126.68383,37.80296]]]},"properties":{"row":36,"col":6,"walk_min":236.5,"bucket":">30","color":"#a01818","aggregate":true,"node_count":281,"nearest_station_id":"kr_424","nearest_station_idx":423}},{"type":"Feature","geometry":{"type":"Polygon","coordinates":[[[126.78765,37.18],[126.80496,37.18],[126.80496,37.1973],[126.78765,37.1973],[126.78765,37.18]]]},"properties":{"row":0,"col":12,"walk_min":242.8,"bucket":">30","color":"#a01818","aggregate":true,"node_count":684,"nearest_station_id":"kr_114","nearest_station_idx":113}},{"type":"Feature","geometry":{"type":"Polygon","coordinates":[[[126.67517,37.80296],[126.68383,37.80296],[126.68383,37.81161],[126.67517,37.81161],[126.67517,37.80296]]]},"properties":{"row":36,"col":5,"walk_min":230.6,"bucket":">30","color":"#a01818","aggregate":true,"node_count":1,"nearest_station_id":"kr_424","nearest_station_idx":423}},{"type":"Feature","geometry":{"type":"Polygon","coordinates":[[[126.58,37.59531],[126.5973,37.59531],[126.5973,37.61261],[126.58,37.61261],[126.58,37.59531]]]},"properties":{"row":24,"col":0,"walk_min":235.8,"bucket":">30","color":"#a01818","aggregate":true,"node_count":835,"nearest_station_id":"kr_458","nearest_station_idx":457}},{"type":"Feature","geometry":{"type":"Polygon","coordinates":[[[126.70978,37.82027],[126.71844,37.82027],[126.71844,37.82892],[126.70978,37.82892],[126.70978,37.82027]]]},"properties":{"row":37,"col":7,"walk_min":232.1,"bucket":">30","color":"#a01818","aggregate":true,"node_count":3,"nearest_station_id":"kr_424","nearest_station_idx":423}},{"type":"Feature","geometry":{"type":"Polygon","coordinates":[[[126.5973,37.35305],[126.61461,37.35305],[126.61461,37.3617],[126.5973,37.3617],[126.5973,37.35305]]]},"properties":{"row":10,"col":1,"walk_min":238.9,"bucket":">30","color":"#a01818","aggregate":true,"node_count":52,"nearest_station_id":"kr_428","nearest_station_idx":427}},{"type":"Feature","geometry":{"type":"Polygon","coordinates":[[[126.77035,37.82027],[126.78765,37.82027],[126.78765,37.83757],[126.77035,37.83757],[126.77035,37.82027]]]},"properties":{"row":37,"col":11,"walk_min":243.0,"bucket":">30","color":"#a01818","aggregate":true,"node_count":38,"nearest_station_id":"kr_424","nearest_station_idx":423}},{"type":"Feature","geometry":{"type":"Polygon","coordinates":[[[126.77035,37.18],[126.78765,37.18],[126.78765,37.1973],[126.77035,37.1973],[126.77035,37.18]]]},"properties":{"row":0,"col":11,"walk_min":244.2,"bucket":">30","color":"#a01818","aggregate":true,"node_count":832,"nearest_station_id":"kr_426","nearest_station_idx":425}},{"type":"Feature","geometry":{"type":"Polygon","coordinates":[[[126.71844,37.82027],[126.73574,37.82027],[126.73574,37.82892],[126.71844,37.82892],[126.71844,37.82027]]]},"properties":{"row":37,"col":8,"walk_min":237.4,"bucket":">30","color":"#a01818","aggregate":true,"node_count":23,"nearest_station_id":"kr_424","nearest_station_idx":423}},{"type":"Feature","geometry":{"type":"Polygon","coordinates":[[[126.73574,37.82027],[126.75305,37.82027],[126.75305,37.82892],[126.73574,37.82892],[126.73574,37.82027]]]},"properties":{"row":37,"col":9,"walk_min":241.9,"bucket":">30","color":"#a01818","aggregate":true,"node_count":19,"nearest_station_id":"kr_424","nearest_station_idx":423}},{"type":"Feature","geometry":{"type":"Polygon","coordinates":[[[126.75305,37.82027],[126.77035,37.82027],[126.77035,37.82892],[126.75305,37.82892],[126.75305,37.82027]]]},"properties":{"row":37,"col":10,"walk_min":242.4,"bucket":">30","color":"#a01818","aggregate":true,"node_count":10,"nearest_station_id":"kr_424","nearest_station_idx":423}},{"type":"Feature","geometry":{"type":"Polygon","coordinates":[[[126.75305,37.18],[126.77035,37.18],[126.77035,37.1973],[126.75305,37.1973],[126.75305,37.18]]]},"properties":{"row":0,"col":10,"walk_min":244.2,"bucket":">30","color":"#a01818","aggregate":true,"node_count":854,"nearest_station_id":"kr_230","nearest_station_idx":231}},{"type":"Feature","geometry":{"type":"Polygon","coordinates":[[[126.58,37.61261],[126.5973,37.61261],[126.5973,37.62992],[126.58,37.62992],[126.58,37.61261]]]},"properties":{"row":25,"col":0,"walk_min":243.4,"bucket":">30","color":"#a01818","aggregate":true,"node_count":1282,"nearest_station_id":"kr_424","nearest_station_idx":423}},{"type":"Feature","geometry":{"type":"Polygon","coordinates":[[[126.85687,37.78566],[126.87418,37.78566],[126.87418,37.80296],[126.85687,37.80296],[126.85687,37.78566]]]},"properties":{"row":35,"col":16,"walk_min":246.9,"bucket":">30","color":"#a01818","aggregate":true,"node_count":432,"nearest_station_id":"kr_145","nearest_station_idx":147}},{"type":"Feature","geometry":{"type":"Polygon","coordinates":[[[126.82226,37.78566],[126.83957,37.78566],[126.83957,37.80296],[126.82226,37.80296],[126.82226,37.78566]]]},"properties":{"row":35,"col":14,"walk_min":251.4,"bucket":">30","color":"#a01818","aggregate":true,"node_count":146,"nearest_station_id":"kr_424","nearest_station_idx":423}},{"type":"Feature","geometry":{"type":"Polygon","coordinates":[[[127.22027,37.18],[127.23757,37.18],[127.23757,37.1973],[127.22027,37.1973],[127.22027,37.18]]]},"properties":{"row":0,"col":37,"walk_min":253.0,"bucket":">30","color":"#a01818","aggregate":true,"node_count":86,"nearest_station_id":"kr_416","nearest_station_idx":415}},{"type":"Feature","geometry":{"type":"Polygon","coordinates":[[[126.90879,37.83757],[126.91744,37.83757],[126.91744,37.85488],[126.90879,37.85488],[126.90879,37.83757]]]},"properties":{"row":38,"col":19,"walk_min":244.7,"bucket":">30","color":"#a01818","aggregate":true,"node_count":22,"nearest_station_id":"kr_447","nearest_station_idx":446}},{"type":"Feature","geometry":{"type":"Polygon","coordinates":[[[126.64922,37.66453],[126.66652,37.66453],[126.66652,37.68183],[126.64922,37.68183],[126.64922,37.66453]]]},"properties":{"row":28,"col":4,"walk_min":247.3,"bucket":">30","color":"#a01818","aggregate":true,"node_count":1053,"nearest_station_id":"kr_424","nearest_station_idx":423}},{"type":"Feature","geometry":{"type":"Polygon","coordinates":[[[126.83957,37.1627],[126.85687,37.1627],[126.85687,37.18],[126.83957,37.18],[126.83957,37.1627]]]},"properties":{"row":-1,"col":15,"walk_min":247.5,"bucket":">30","color":"#a01818","aggregate":true,"node_count":33,"nearest_station_id":"kr_114","nearest_station_idx":113}},{"type":"Feature","geometry":{"type":"Polygon","coordinates":[[[127.22027,37.1973],[127.23757,37.1973],[127.23757,37.21461],[127.22027,37.21461],[127.22027,37.1973]]]},"properties":{"row":1,"col":37,"walk_min":256.7,"bucket":">30","color":"#a01818","aggregate":true,"node_count":99,"nearest_station_id":"kr_416","nearest_station_idx":415}},{"type":"Feature","geometry":{"type":"Polygon","coordinates":[[[126.63191,37.64722],[126.64922,37.64722],[126.64922,37.66453],[126.63191,37.66453],[126.63191,37.64722]]]},"properties":{"row":27,"col":3,"walk_min":245.7,"bucket":">30","color":"#a01818","aggregate":true,"node_count":2168,"nearest_station_id":"kr_424","nearest_station_idx":423}},{"type":"Feature","geometry":{"type":"Polygon","coordinates":[[[126.5973,37.62992],[126.61461,37.62992],[126.61461,37.64722],[126.5973,37.64722],[126.5973,37.62992]]]},"properties":{"row":26,"col":1,"walk_min":244.9,"bucket":">30","color":"#a01818","aggregate":true,"node_count":1803,"nearest_station_id":"kr_424","nearest_station_idx":423}},{"type":"Feature","geometry":{"type":"Polygon","coordinates":[[[126.68383,37.82027],[126.70113,37.82027],[126.70113,37.82892],[126.68383,37.82892],[126.68383,37.82027]]]},"properties":{"row":37,"col":6,"walk_min":246.1,"bucket":">30","color":"#a01818","aggregate":true,"node_count":19,"nearest_station_id":"kr_424","nearest_station_idx":423}},{"type":"Feature","geometry":{"type":"Polygon","coordinates":[[[126.58,37.33574],[126.5973,37.33574],[126.5973,37.35305],[126.58,37.35305],[126.58,37.33574]]]},"properties":{"row":9,"col":0,"walk_min":262.2,"bucket":">30","color":"#a01818","aggregate":true,"node_count":90,"nearest_station_id":"kr_428","nearest_station_idx":427}},{"type":"Feature","geometry":{"type":"Polygon","coordinates":[[[126.85687,37.80296],[126.87418,37.80296],[126.87418,37.82027],[126.85687,37.82027],[126.85687,37.80296]]]},"properties":{"row":36,"col":16,"walk_min":253.5,"bucket":">30","color":"#a01818","aggregate":true,"node_count":162,"nearest_station_id":"kr_092","nearest_station_idx":91}},{"type":"Feature","geometry":{"type":"Polygon","coordinates":[[[126.89148,37.82027],[126.90013,37.82027],[126.90013,37.82892],[126.89148,37.82892],[126.89148,37.82027]]]},"properties":{"row":37,"col":18,"walk_min":242.7,"bucket":">30","color":"#a01818","aggregate":true,"node_count":13,"nearest_station_id":"kr_447","nearest_station_idx":446}},{"type":"Feature","geometry":{"type":"Polygon","coordinates":[[[126.61461,37.64722],[126.63191,37.64722],[126.63191,37.66453],[126.61461,37.66453],[126.61461,37.64722]]]},"properties":{"row":27,"col":2,"walk_min":250.6,"bucket":">30","color":"#a01818","aggregate":true,"node_count":3374,"nearest_station_id":"kr_424","nearest_station_idx":423}},{"type":"Feature","geometry":{"type":"Polygon","coordinates":[[[127.22027,37.22326],[127.22892,37.22326],[127.22892,37.23191],[127.22027,37.23191],[127.22027,37.22326]]]},"properties":{"row":2,"col":37,"walk_min":245.7,"bucket":">30","color":"#a01818","aggregate":true,"node_count":7,"nearest_station_id":"kr_233","nearest_station_idx":234}},{"type":"Feature","geometry":{"type":"Polygon","coordinates":[[[127.24622,37.83757],[127.25488,37.83757],[127.25488,37.84622],[127.24622,37.84622],[127.24622,37.83757]]]},"properties":{"row":38,"col":38,"walk_min":245.8,"bucket":">30","color":"#a01818","aggregate":true,"node_count":78,"nearest_station_id":"kr_470","nearest_station_idx":469}},{"type":"Feature","geometry":{"type":"Polygon","coordinates":[[[126.73574,37.1973],[126.75305,37.1973],[126.75305,37.21461],[126.73574,37.21461],[126.73574,37.1973]]]},"properties":{"row":1,"col":9,"walk_min":257.7,"bucket":">30","color":"#a01818","aggregate":true,"node_count":606,"nearest_station_id":"kr_230","nearest_station_idx":231}},{"type":"Feature","geometry":{"type":"Polygon","coordinates":[[[126.80496,37.80296],[126.82226,37.80296],[126.82226,37.82027],[126.80496,37.82027],[126.80496,37.80296]]]},"properties":{"row":36,"col":13,"walk_min":262.2,"bucket":">30","color":"#a01818","aggregate":true,"node_count":202,"nearest_station_id":"kr_424","nearest_station_idx":423}},{"type":"Feature","geometry":{"type":"Polygon","coordinates":[[[127.20296,37.1627],[127.21161,37.1627],[127.21161,37.18],[127.20296,37.18],[127.20296,37.1627]]]},"properties":{"row":-1,"col":36,"walk_min":254.7,"bucket":">30","color":"#a01818","aggregate":true,"node_count":41,"nearest_station_id":"kr_416","nearest_station_idx":415}},{"type":"Feature","geometry":{"type":"Polygon","coordinates":[[[126.5973,37.64722],[126.61461,37.64722],[126.61461,37.66453],[126.5973,37.66453],[126.5973,37.64722]]]},"properties":{"row":27,"col":1,"walk_min":258.1,"bucket":">30","color":"#a01818","aggregate":true,"node_count":1485,"nearest_station_id":"kr_424","nearest_station_idx":423}},{"type":"Feature","geometry":{"type":"Polygon","coordinates":[[[126.58,37.35305],[126.5973,37.35305],[126.5973,37.3617],[126.58,37.3617],[126.58,37.35305]]]},"properties":{"row":10,"col":0,"walk_min":260.3,"bucket":">30","color":"#a01818","aggregate":true,"node_count":23,"nearest_station_id":"kr_428","nearest_station_idx":427}},{"type":"Feature","geometry":{"type":"Polygon","coordinates":[[[126.73574,37.18],[126.75305,37.18],[126.75305,37.1973],[126.73574,37.1973],[126.73574,37.18]]]},"properties":{"row":0,"col":9,"walk_min":260.0,"bucket":">30","color":"#a01818","aggregate":true,"node_count":807,"nearest_station_id":"kr_230","nearest_station_idx":231}},{"type":"Feature","geometry":{"type":"Polygon","coordinates":[[[126.58,37.62992],[126.5973,37.62992],[126.5973,37.64722],[126.58,37.64722],[126.58,37.62992]]]},"properties":{"row":26,"col":0,"walk_min":262.1,"bucket":">30","color":"#a01818","aggregate":true,"node_count":1728,"nearest_station_id":"kr_424","nearest_station_idx":423}},{"type":"Feature","geometry":{"type":"Polygon","coordinates":[[[126.83957,37.80296],[126.85687,37.80296],[126.85687,37.82027],[126.83957,37.82027],[126.83957,37.80296]]]},"properties":{"row":36,"col":15,"walk_min":271.8,"bucket":">30","color":"#a01818","aggregate":true,"node_count":406,"nearest_station_id":"kr_424","nearest_station_idx":423}},{"type":"Feature","geometry":{"type":"Polygon","coordinates":[[[126.63191,37.66453],[126.64922,37.66453],[126.64922,37.68183],[126.63191,37.68183],[126.63191,37.66453]]]},"properties":{"row":28,"col":3,"walk_min":265.0,"bucket":">30","color":"#a01818","aggregate":true,"node_count":1407,"nearest_station_id":"kr_424","nearest_station_idx":423}},{"type":"Feature","geometry":{"type":"Polygon","coordinates":[[[126.83957,37.78566],[126.85687,37.78566],[126.85687,37.80296],[126.83957,37.80296],[126.83957,37.78566]]]},"properties":{"row":35,"col":15,"walk_min":263.0,"bucket":">30","color":"#a01818","aggregate":true,"node_count":219,"nearest_station_id":"kr_145","nearest_station_idx":147}},{"type":"Feature","geometry":{"type":"Polygon","coordinates":[[[126.64922,37.68183],[126.66652,37.68183],[126.66652,37.69914],[126.64922,37.69914],[126.64922,37.68183]]]},"properties":{"row":29,"col":4,"walk_min":265.7,"bucket":">30","color":"#a01818","aggregate":true,"node_count":674,"nearest_station_id":"kr_424","nearest_station_idx":423}},{"type":"Feature","geometry":{"type":"Polygon","coordinates":[[[126.82226,37.80296],[126.83957,37.80296],[126.83957,37.82027],[126.82226,37.82027],[126.82226,37.80296]]]},"properties":{"row":36,"col":14,"walk_min":270.4,"bucket":">30","color":"#a01818","aggregate":true,"node_count":136,"nearest_station_id":"kr_424","nearest_station_idx":423}},{"type":"Feature","geometry":{"type":"Polygon","coordinates":[[[127.25488,37.83757],[127.26353,37.83757],[127.26353,37.85488],[127.25488,37.85488],[127.25488,37.83757]]]},"properties":{"row":38,"col":39,"walk_min":262.9,"bucket":">30","color":"#a01818","aggregate":true,"node_count":41,"nearest_station_id":"kr_470","nearest_station_idx":469}},{"type":"Feature","geometry":{"type":"Polygon","coordinates":[[[126.71844,37.1973],[126.73574,37.1973],[126.73574,37.21461],[126.71844,37.21461],[126.71844,37.1973]]]},"properties":{"row":1,"col":8,"walk_min":279.7,"bucket":">30","color":"#a01818","aggregate":true,"node_count":587,"nearest_station_id":"kr_263","nearest_station_idx":262}},{"type":"Feature","geometry":{"type":"Polygon","coordinates":[[[126.58,37.64722],[126.5973,37.64722],[126.5973,37.66453],[126.58,37.66453],[126.58,37.64722]]]},"properties":{"row":27,"col":0,"walk_min":278.9,"bucket":">30","color":"#a01818","aggregate":true,"node_count":1892,"nearest_station_id":"kr_424","nearest_station_idx":423}},{"type":"Feature","geometry":{"type":"Polygon","coordinates":[[[126.61461,37.66453],[126.63191,37.66453],[126.63191,37.68183],[126.61461,37.68183],[126.61461,37.66453]]]},"properties":{"row":28,"col":2,"walk_min":277.3,"bucket":">30","color":"#a01818","aggregate":true,"node_count":1449,"nearest_station_id":"kr_424","nearest_station_idx":423}},{"type":"Feature","geometry":{"type":"Polygon","coordinates":[[[126.80496,37.82027],[126.82226,37.82027],[126.82226,37.83757],[126.80496,37.83757],[126.80496,37.82027]]]},"properties":{"row":37,"col":13,"walk_min":296.8,"bucket":">30","color":"#a01818","aggregate":true,"node_count":40,"nearest_station_id":"kr_424","nearest_station_idx":423}},{"type":"Feature","geometry":{"type":"Polygon","coordinates":[[[126.5973,37.66453],[126.61461,37.66453],[126.61461,37.68183],[126.5973,37.68183],[126.5973,37.66453]]]},"properties":{"row":28,"col":1,"walk_min":281.4,"bucket":">30","color":"#a01818","aggregate":true,"node_count":1918,"nearest_station_id":"kr_424","nearest_station_idx":423}},{"type":"Feature","geometry":{"type":"Polygon","coordinates":[[[126.86552,37.82027],[126.87418,37.82027],[126.87418,37.82892],[126.86552,37.82892],[126.86552,37.82027]]]},"properties":{"row":37,"col":16,"walk_min":272.2,"bucket":">30","color":"#a01818","aggregate":true,"node_count":21,"nearest_station_id":"kr_092","nearest_station_idx":91}},{"type":"Feature","geometry":{"type":"Polygon","coordinates":[[[126.63191,37.68183],[126.64922,37.68183],[126.64922,37.69914],[126.63191,37.69914],[126.63191,37.68183]]]},"properties":{"row":29,"col":3,"walk_min":283.4,"bucket":">30","color":"#a01818","aggregate":true,"node_count":724,"nearest_station_id":"kr_424","nearest_station_idx":423}},{"type":"Feature","geometry":{"type":"Polygon","coordinates":[[[126.71844,37.18],[126.73574,37.18],[126.73574,37.1973],[126.71844,37.1973],[126.71844,37.18]]]},"properties":{"row":0,"col":8,"walk_min":282.2,"bucket":">30","color":"#a01818","aggregate":true,"node_count":464,"nearest_station_id":"kr_230","nearest_station_idx":231}},{"type":"Feature","geometry":{"type":"Polygon","coordinates":[[[127.20296,37.15404],[127.21161,37.15404],[127.21161,37.1627],[127.20296,37.1627],[127.20296,37.15404]]]},"properties":{"row":-2,"col":36,"walk_min":273.8,"bucket":">30","color":"#a01818","aggregate":true,"node_count":4,"nearest_station_id":"kr_053","nearest_station_idx":52}},{"type":"Feature","geometry":{"type":"Polygon","coordinates":[[[126.73574,37.21461],[126.75305,37.21461],[126.75305,37.23191],[126.73574,37.23191],[126.73574,37.21461]]]},"properties":{"row":2,"col":9,"walk_min":288.1,"bucket":">30","color":"#a01818","aggregate":true,"node_count":453,"nearest_station_id":"kr_230","nearest_station_idx":231}},{"type":"Feature","geometry":{"type":"Polygon","coordinates":[[[126.71844,37.21461],[126.73574,37.21461],[126.73574,37.23191],[126.71844,37.23191],[126.71844,37.21461]]]},"properties":{"row":2,"col":8,"walk_min":290.4,"bucket":">30","color":"#a01818","aggregate":true,"node_count":553,"nearest_station_id":"kr_263","nearest_station_idx":262}},{"type":"Feature","geometry":{"type":"Polygon","coordinates":[[[126.78765,37.17135],[126.79631,37.17135],[126.79631,37.18],[126.78765,37.18],[126.78765,37.17135]]]},"properties":{"row":-1,"col":12,"walk_min":282.5,"bucket":">30","color":"#a01818","aggregate":true,"node_count":4,"nearest_station_id":"kr_114","nearest_station_idx":113}},{"type":"Feature","geometry":{"type":"Polygon","coordinates":[[[127.19431,37.15404],[127.20296,37.15404],[127.20296,37.1627],[127.19431,37.1627],[127.19431,37.15404]]]},"properties":{"row":-2,"col":35,"walk_min":283.1,"bucket":">30","color":"#a01818","aggregate":true,"node_count":3,"nearest_station_id":"kr_053","nearest_station_idx":52}},{"type":"Feature","geometry":{"type":"Polygon","coordinates":[[[126.73574,37.17135],[126.74439,37.17135],[126.74439,37.18],[126.73574,37.18],[126.73574,37.17135]]]},"properties":{"row":-1,"col":9,"walk_min":282.9,"bucket":">30","color":"#a01818","aggregate":true,"node_count":18,"nearest_station_id":"kr_230","nearest_station_idx":231}},{"type":"Feature","geometry":{"type":"Polygon","coordinates":[[[126.83957,37.82027],[126.85687,37.82027],[126.85687,37.82892],[126.83957,37.82892],[126.83957,37.82027]]]},"properties":{"row":37,"col":15,"walk_min":283.0,"bucket":">30","color":"#a01818","aggregate":true,"node_count":25,"nearest_station_id":"kr_092","nearest_station_idx":91}},{"type":"Feature","geometry":{"type":"Polygon","coordinates":[[[126.82226,37.82027],[126.83092,37.82027],[126.83092,37.83757],[126.82226,37.83757],[126.82226,37.82027]]]},"properties":{"row":37,"col":14,"walk_min":307.2,"bucket":">30","color":"#a01818","aggregate":true,"node_count":34,"nearest_station_id":"kr_424","nearest_station_idx":423}},{"type":"Feature","geometry":{"type":"Polygon","coordinates":[[[126.779,37.17135],[126.78765,37.17135],[126.78765,37.18],[126.779,37.18],[126.779,37.17135]]]},"properties":{"row":-1,"col":11,"walk_min":284.5,"bucket":">30","color":"#a01818","aggregate":true,"node_count":17,"nearest_station_id":"kr_114","nearest_station_idx":113}},{"type":"Feature","geometry":{"type":"Polygon","coordinates":[[[126.58,37.66453],[126.5973,37.66453],[126.5973,37.68183],[126.58,37.68183],[126.58,37.66453]]]},"properties":{"row":28,"col":0,"walk_min":294.5,"bucket":">30","color":"#a01818","aggregate":true,"node_count":1873,"nearest_station_id":"kr_424","nearest_station_idx":423}},{"type":"Feature","geometry":{"type":"Polygon","coordinates":[[[126.64922,37.69914],[126.66652,37.69914],[126.66652,37.71644],[126.64922,37.71644],[126.64922,37.69914]]]},"properties":{"row":30,"col":4,"walk_min":294.6,"bucket":">30","color":"#a01818","aggregate":true,"node_count":799,"nearest_station_id":"kr_424","nearest_station_idx":423}},{"type":"Feature","geometry":{"type":"Polygon","coordinates":[[[127.23757,37.18],[127.25488,37.18],[127.25488,37.1973],[127.23757,37.1973],[127.23757,37.18]]]},"properties":{"row":0,"col":38,"walk_min":302.8,"bucket":">30","color":"#a01818","aggregate":true,"node_count":98,"nearest_station_id":"kr_416","nearest_station_idx":415}},{"type":"Feature","geometry":{"type":"Polygon","coordinates":[[[126.61461,37.68183],[126.63191,37.68183],[126.63191,37.69914],[126.61461,37.69914],[126.61461,37.68183]]]},"properties":{"row":29,"col":2,"walk_min":304.4,"bucket":">30","color":"#a01818","aggregate":true,"node_count":519,"nearest_station_id":"kr_424","nearest_station_idx":423}},{"type":"Feature","geometry":{"type":"Polygon","coordinates":[[[126.63191,37.69914],[126.64922,37.69914],[126.64922,37.71644],[126.63191,37.71644],[126.63191,37.69914]]]},"properties":{"row":30,"col":3,"walk_min":302.4,"bucket":">30","color":"#a01818","aggregate":true,"node_count":1559,"nearest_station_id":"kr_424","nearest_station_idx":423}},{"type":"Feature","geometry":{"type":"Polygon","coordinates":[[[126.75305,37.21461],[126.77035,37.21461],[126.77035,37.23191],[126.75305,37.23191],[126.75305,37.21461]]]},"properties":{"row":2,"col":10,"walk_min":303.2,"bucket":">30","color":"#a01818","aggregate":true,"node_count":201,"nearest_station_id":"kr_230","nearest_station_idx":231}},{"type":"Feature","geometry":{"type":"Polygon","coordinates":[[[126.71844,37.1627],[126.73574,37.1627],[126.73574,37.18],[126.71844,37.18],[126.71844,37.1627]]]},"properties":{"row":-1,"col":8,"walk_min":304.0,"bucket":">30","color":"#a01818","aggregate":true,"node_count":34,"nearest_station_id":"kr_230","nearest_station_idx":231}},{"type":"Feature","geometry":{"type":"Polygon","coordinates":[[[126.70113,37.18],[126.71844,37.18],[126.71844,37.1973],[126.70113,37.1973],[126.70113,37.18]]]},"properties":{"row":0,"col":7,"walk_min":307.1,"bucket":">30","color":"#a01818","aggregate":true,"node_count":423,"nearest_station_id":"kr_263","nearest_station_idx":262}},{"type":"Feature","geometry":{"type":"Polygon","coordinates":[[[126.5973,37.68183],[126.61461,37.68183],[126.61461,37.69914],[126.5973,37.69914],[126.5973,37.68183]]]},"properties":{"row":29,"col":1,"walk_min":307.1,"bucket":">30","color":"#a01818","aggregate":true,"node_count":2303,"nearest_station_id":"kr_424","nearest_station_idx":423}},{"type":"Feature","geometry":{"type":"Polygon","coordinates":[[[126.57135,37.63857],[126.58,37.63857],[126.58,37.64722],[126.57135,37.64722],[126.57135,37.63857]]]},"properties":{"row":26,"col":-1,"walk_min":297.7,"bucket":">30","color":"#a01818","aggregate":true,"node_count":21,"nearest_station_id":"kr_424","nearest_station_idx":423}},{"type":"Feature","geometry":{"type":"Polygon","coordinates":[[[126.70113,37.21461],[126.71844,37.21461],[126.71844,37.23191],[126.70113,37.23191],[126.70113,37.21461]]]},"properties":{"row":2,"col":7,"walk_min":306.3,"bucket":">30","color":"#a01818","aggregate":true,"node_count":516,"nearest_station_id":"kr_263","nearest_station_idx":262}},{"type":"Feature","geometry":{"type":"Polygon","coordinates":[[[126.70113,37.1973],[126.71844,37.1973],[126.71844,37.21461],[126.70113,37.21461],[126.70113,37.1973]]]},"properties":{"row":1,"col":7,"walk_min":305.7,"bucket":">30","color":"#a01818","aggregate":true,"node_count":533,"nearest_station_id":"kr_263","nearest_station_idx":262}},{"type":"Feature","geometry":{"type":"Polygon","coordinates":[[[126.73574,37.23191],[126.75305,37.23191],[126.75305,37.24922],[126.73574,37.24922],[126.73574,37.23191]]]},"properties":{"row":3,"col":9,"walk_min":314.2,"bucket":">30","color":"#a01818","aggregate":true,"node_count":566,"nearest_station_id":"kr_263","nearest_station_idx":262}},{"type":"Feature","geometry":{"type":"Polygon","coordinates":[[[126.58,37.68183],[126.5973,37.68183],[126.5973,37.69914],[126.58,37.69914],[126.58,37.68183]]]},"properties":{"row":29,"col":0,"walk_min":316.6,"bucket":">30","color":"#a01818","aggregate":true,"node_count":1833,"nearest_station_id":"kr_424","nearest_station_idx":423}},{"type":"Feature","geometry":{"type":"Polygon","coordinates":[[[126.61461,37.69914],[126.63191,37.69914],[126.63191,37.71644],[126.61461,37.71644],[126.61461,37.69914]]]},"properties":{"row":30,"col":2,"walk_min":319.0,"bucket":">30","color":"#a01818","aggregate":true,"node_count":1822,"nearest_station_id":"kr_424","nearest_station_idx":423}},{"type":"Feature","geometry":{"type":"Polygon","coordinates":[[[126.71844,37.23191],[126.73574,37.23191],[126.73574,37.24922],[126.71844,37.24922],[126.71844,37.23191]]]},"properties":{"row":3,"col":8,"walk_min":317.6,"bucket":">30","color":"#a01818","aggregate":true,"node_count":335,"nearest_station_id":"kr_263","nearest_station_idx":262}},{"type":"Feature","geometry":{"type":"Polygon","coordinates":[[[126.64922,37.71644],[126.66652,37.71644],[126.66652,37.73374],[126.64922,37.73374],[126.64922,37.71644]]]},"properties":{"row":31,"col":4,"walk_min":320.4,"bucket":">30","color":"#a01818","aggregate":true,"node_count":1439,"nearest_station_id":"kr_424","nearest_station_idx":423}},{"type":"Feature","geometry":{"type":"Polygon","coordinates":[[[126.66652,37.71644],[126.67517,37.71644],[126.67517,37.73374],[126.66652,37.73374],[126.66652,37.71644]]]},"properties":{"row":31,"col":5,"walk_min":317.7,"bucket":">30","color":"#a01818","aggregate":true,"node_count":105,"nearest_station_id":"kr_424","nearest_station_idx":423}},{"type":"Feature","geometry":{"type":"Polygon","coordinates":[[[126.75305,37.23191],[126.77035,37.23191],[126.77035,37.24922],[126.75305,37.24922],[126.75305,37.23191]]]},"properties":{"row":3,"col":10,"walk_min":327.8,"bucket":">30","color":"#a01818","aggregate":true,"node_count":304,"nearest_station_id":"kr_230","nearest_station_idx":231}},{"type":"Feature","geometry":{"type":"Polygon","coordinates":[[[126.63191,37.71644],[126.64922,37.71644],[126.64922,37.73374],[126.63191,37.73374],[126.63191,37.71644]]]},"properties":{"row":31,"col":3,"walk_min":326.9,"bucket":">30","color":"#a01818","aggregate":true,"node_count":1682,"nearest_station_id":"kr_424","nearest_station_idx":423}},{"type":"Feature","geometry":{"type":"Polygon","coordinates":[[[126.68383,37.21461],[126.70113,37.21461],[126.70113,37.23191],[126.68383,37.23191],[126.68383,37.21461]]]},"properties":{"row":2,"col":6,"walk_min":329.5,"bucket":">30","color":"#a01818","aggregate":true,"node_count":445,"nearest_station_id":"kr_427","nearest_station_idx":426}},{"type":"Feature","geometry":{"type":"Polygon","coordinates":[[[126.71844,37.15404],[126.72709,37.15404],[126.72709,37.1627],[126.71844,37.1627],[126.71844,37.15404]]]},"properties":{"row":-2,"col":8,"walk_min":321.5,"bucket":">30","color":"#a01818","aggregate":true,"node_count":3,"nearest_station_id":"kr_230","nearest_station_idx":231}},{"type":"Feature","geometry":{"type":"Polygon","coordinates":[[[126.70113,37.23191],[126.71844,37.23191],[126.71844,37.24922],[126.70113,37.24922],[126.70113,37.23191]]]},"properties":{"row":3,"col":7,"walk_min":328.9,"bucket":">30","color":"#a01818","aggregate":true,"node_count":413,"nearest_station_id":"kr_263","nearest_station_idx":262}},{"type":"Feature","geometry":{"type":"Polygon","coordinates":[[[126.68383,37.1973],[126.70113,37.1973],[126.70113,37.21461],[126.68383,37.21461],[126.68383,37.1973]]]},"properties":{"row":1,"col":6,"walk_min":334.0,"bucket":">30","color":"#a01818","aggregate":true,"node_count":314,"nearest_station_id":"kr_263","nearest_station_idx":262}},{"type":"Feature","geometry":{"type":"Polygon","coordinates":[[[126.70113,37.14539],[126.71844,37.14539],[126.71844,37.1627],[126.70113,37.1627],[126.70113,37.14539]]]},"properties":{"row":-2,"col":7,"walk_min":333.4,"bucket":">30","color":"#a01818","aggregate":true,"node_count":36,"nearest_station_id":"kr_230","nearest_station_idx":231}},{"type":"Feature","geometry":{"type":"Polygon","coordinates":[[[126.5973,37.69914],[126.61461,37.69914],[126.61461,37.71644],[126.5973,37.71644],[126.5973,37.69914]]]},"properties":{"row":30,"col":1,"walk_min":330.3,"bucket":">30","color":"#a01818","aggregate":true,"node_count":1744,"nearest_station_id":"kr_424","nearest_station_idx":423}},{"type":"Feature","geometry":{"type":"Polygon","coordinates":[[[126.68383,37.18],[126.70113,37.18],[126.70113,37.1973],[126.68383,37.1973],[126.68383,37.18]]]},"properties":{"row":0,"col":6,"walk_min":332.0,"bucket":">30","color":"#a01818","aggregate":true,"node_count":569,"nearest_station_id":"kr_263","nearest_station_idx":262}},{"type":"Feature","geometry":{"type":"Polygon","coordinates":[[[126.5627,37.67318],[126.58,37.67318],[126.58,37.68183],[126.5627,37.68183],[126.5627,37.67318]]]},"properties":{"row":28,"col":-1,"walk_min":330.1,"bucket":">30","color":"#a01818","aggregate":true,"node_count":31,"nearest_station_id":"kr_424","nearest_station_idx":423}},{"type":"Feature","geometry":{"type":"Polygon","coordinates":[[[126.70978,37.17135],[126.71844,37.17135],[126.71844,37.18],[126.70978,37.18],[126.70978,37.17135]]]},"properties":{"row":-1,"col":7,"walk_min":326.6,"bucket":">30","color":"#a01818","aggregate":true,"node_count":25,"nearest_station_id":"kr_230","nearest_station_idx":231}},{"type":"Feature","geometry":{"type":"Polygon","coordinates":[[[127.25488,37.18],[127.27218,37.18],[127.27218,37.18865],[127.25488,37.18865],[127.25488,37.18]]]},"properties":{"row":0,"col":39,"walk_min":335.4,"bucket":">30","color":"#a01818","aggregate":true,"node_count":89,"nearest_station_id":"kr_416","nearest_station_idx":415}},{"type":"Feature","geometry":{"type":"Polygon","coordinates":[[[126.61461,37.71644],[126.63191,37.71644],[126.63191,37.73374],[126.61461,37.73374],[126.61461,37.71644]]]},"properties":{"row":31,"col":2,"walk_min":338.6,"bucket":">30","color":"#a01818","aggregate":true,"node_count":1031,"nearest_station_id":"kr_424","nearest_station_idx":423}},{"type":"Feature","geometry":{"type":"Polygon","coordinates":[[[126.68383,37.23191],[126.70113,37.23191],[126.70113,37.24922],[126.68383,37.24922],[126.68383,37.23191]]]},"properties":{"row":3,"col":6,"walk_min":340.1,"bucket":">30","color":"#a01818","aggregate":true,"node_count":568,"nearest_station_id":"kr_427","nearest_station_idx":426}},{"type":"Feature","geometry":{"type":"Polygon","coordinates":[[[126.73574,37.24922],[126.75305,37.24922],[126.75305,37.26652],[126.73574,37.26652],[126.73574,37.24922]]]},"properties":{"row":4,"col":9,"walk_min":338.6,"bucket":">30","color":"#a01818","aggregate":true,"node_count":82,"nearest_station_id":"kr_263","nearest_station_idx":262}},{"type":"Feature","geometry":{"type":"Polygon","coordinates":[[[126.58,37.69914],[126.5973,37.69914],[126.5973,37.71644],[126.58,37.71644],[126.58,37.69914]]]},"properties":{"row":30,"col":0,"walk_min":344.4,"bucket":">30","color":"#a01818","aggregate":true,"node_count":827,"nearest_station_id":"kr_424","nearest_station_idx":423}},{"type":"Feature","geometry":{"type":"Polygon","coordinates":[[[126.66652,37.73374],[126.67517,37.73374],[126.67517,37.75105],[126.66652,37.75105],[126.66652,37.73374]]]},"properties":{"row":32,"col":5,"walk_min":341.5,"bucket":">30","color":"#a01818","aggregate":true,"node_count":114,"nearest_station_id":"kr_424","nearest_station_idx":423}},{"type":"Feature","geometry":{"type":"Polygon","coordinates":[[[126.75305,37.24922],[126.7617,37.24922],[126.7617,37.26652],[126.75305,37.26652],[126.75305,37.24922]]]},"properties":{"row":4,"col":10,"walk_min":349.9,"bucket":">30","color":"#a01818","aggregate":true,"node_count":37,"nearest_station_id":"kr_263","nearest_station_idx":262}},{"type":"Feature","geometry":{"type":"Polygon","coordinates":[[[126.5627,37.68183],[126.57135,37.68183],[126.57135,37.69048],[126.5627,37.69048],[126.5627,37.68183]]]},"properties":{"row":29,"col":-1,"walk_min":341.7,"bucket":">30","color":"#a01818","aggregate":true,"node_count":9,"nearest_station_id":"kr_424","nearest_station_idx":423}},{"type":"Feature","geometry":{"type":"Polygon","coordinates":[[[126.64922,37.73374],[126.66652,37.73374],[126.66652,37.75105],[126.64922,37.75105],[126.64922,37.73374]]]},"properties":{"row":32,"col":4,"walk_min":347.6,"bucket":">30","color":"#a01818","aggregate":true,"node_count":912,"nearest_station_id":"kr_424","nearest_station_idx":423}},{"type":"Feature","geometry":{"type":"Polygon","coordinates":[[[126.71844,37.24922],[126.73574,37.24922],[126.73574,37.25787],[126.71844,37.25787],[126.71844,37.24922]]]},"properties":{"row":4,"col":8,"walk_min":343.9,"bucket":">30","color":"#a01818","aggregate":true,"node_count":61,"nearest_station_id":"kr_263","nearest_station_idx":262}},{"type":"Feature","geometry":{"type":"Polygon","coordinates":[[[126.70113,37.24922],[126.71844,37.24922],[126.71844,37.26652],[126.70113,37.26652],[126.70113,37.24922]]]},"properties":{"row":4,"col":7,"walk_min":351.5,"bucket":">30","color":"#a01818","aggregate":true,"node_count":362,"nearest_station_id":"kr_427","nearest_station_idx":426}},{"type":"Feature","geometry":{"type":"Polygon","coordinates":[[[126.63191,37.73374],[126.64922,37.73374],[126.64922,37.75105],[126.63191,37.75105],[126.63191,37.73374]]]},"properties":{"row":32,"col":3,"walk_min":353.0,"bucket":">30","color":"#a01818","aggregate":true,"node_count":1476,"nearest_station_id":"kr_424","nearest_station_idx":423}},{"type":"Feature","geometry":{"type":"Polygon","coordinates":[[[126.55404,37.68183],[126.5627,37.68183],[126.5627,37.69048],[126.55404,37.69048],[126.55404,37.68183]]]},"properties":{"row":29,"col":-2,"walk_min":344.9,"bucket":">30","color":"#a01818","aggregate":true,"node_count":1,"nearest_station_id":"kr_424","nearest_station_idx":423}},{"type":"Feature","geometry":{"type":"Polygon","coordinates":[[[126.66652,37.21461],[126.68383,37.21461],[126.68383,37.23191],[126.66652,37.23191],[126.66652,37.21461]]]},"properties":{"row":2,"col":5,"walk_min":354.7,"bucket":">30","color":"#a01818","aggregate":true,"node_count":230,"nearest_station_id":"kr_427","nearest_station_idx":426}},{"type":"Feature","geometry":{"type":"Polygon","coordinates":[[[126.5973,37.71644],[126.61461,37.71644],[126.61461,37.73374],[126.5973,37.73374],[126.5973,37.71644]]]},"properties":{"row":31,"col":1,"walk_min":352.6,"bucket":">30","color":"#a01818","aggregate":true,"node_count":1299,"nearest_station_id":"kr_424","nearest_station_idx":423}},{"type":"Feature","geometry":{"type":"Polygon","coordinates":[[[126.66652,37.23191],[126.68383,37.23191],[126.68383,37.24922],[126.66652,37.24922],[126.66652,37.23191]]]},"properties":{"row":3,"col":5,"walk_min":360.4,"bucket":">30","color":"#a01818","aggregate":true,"node_count":512,"nearest_station_id":"kr_427","nearest_station_idx":426}},{"type":"Feature","geometry":{"type":"Polygon","coordinates":[[[126.66652,37.1973],[126.68383,37.1973],[126.68383,37.21461],[126.66652,37.21461],[126.66652,37.1973]]]},"properties":{"row":1,"col":5,"walk_min":363.5,"bucket":">30","color":"#a01818","aggregate":true,"node_count":331,"nearest_station_id":"kr_427","nearest_station_idx":426}},{"type":"Feature","geometry":{"type":"Polygon","coordinates":[[[126.61461,37.73374],[126.63191,37.73374],[126.63191,37.75105],[126.61461,37.75105],[126.61461,37.73374]]]},"properties":{"row":32,"col":2,"walk_min":358.8,"bucket":">30","color":"#a01818","aggregate":true,"node_count":646,"nearest_station_id":"kr_424","nearest_station_idx":423}},{"type":"Feature","geometry":{"type":"Polygon","coordinates":[[[126.68383,37.24922],[126.70113,37.24922],[126.70113,37.26652],[126.68383,37.26652],[126.68383,37.24922]]]},"properties":{"row":4,"col":6,"walk_min":356.4,"bucket":">30","color":"#a01818","aggregate":true,"node_count":287,"nearest_station_id":"kr_427","nearest_station_idx":426}},{"type":"Feature","geometry":{"type":"Polygon","coordinates":[[[127.26353,37.17135],[127.27218,37.17135],[127.27218,37.18],[127.26353,37.18],[127.26353,37.17135]]]},"properties":{"row":-1,"col":39,"walk_min":350.7,"bucket":">30","color":"#a01818","aggregate":true,"node_count":25,"nearest_station_id":"kr_053","nearest_station_idx":52}},{"type":"Feature","geometry":{"type":"Polygon","coordinates":[[[126.58,37.71644],[126.5973,37.71644],[126.5973,37.73374],[126.58,37.73374],[126.58,37.71644]]]},"properties":{"row":31,"col":0,"walk_min":364.6,"bucket":">30","color":"#a01818","aggregate":true,"node_count":1360,"nearest_station_id":"kr_424","nearest_station_idx":423}},{"type":"Feature","geometry":{"type":"Polygon","coordinates":[[[127.27218,37.17135],[127.28948,37.17135],[127.28948,37.18],[127.27218,37.18],[127.27218,37.17135]]]},"properties":{"row":-1,"col":40,"walk_min":364.4,"bucket":">30","color":"#a01818","aggregate":true,"node_count":71,"nearest_station_id":"kr_267","nearest_station_idx":266}},{"type":"Feature","geometry":{"type":"Polygon","coordinates":[[[126.73574,37.26652],[126.75305,37.26652],[126.75305,37.28383],[126.73574,37.28383],[126.73574,37.26652]]]},"properties":{"row":5,"col":9,"walk_min":371.4,"bucket":">30","color":"#a01818","aggregate":true,"node_count":48,"nearest_station_id":"kr_263","nearest_station_idx":262}},{"type":"Feature","geometry":{"type":"Polygon","coordinates":[[[126.64922,37.75105],[126.66652,37.75105],[126.66652,37.76835],[126.64922,37.76835],[126.64922,37.75105]]]},"properties":{"row":33,"col":4,"walk_min":367.5,"bucket":">30","color":"#a01818","aggregate":true,"node_count":429,"nearest_station_id":"kr_424","nearest_station_idx":423}},{"type":"Feature","geometry":{"type":"Polygon","coordinates":[[[126.67517,37.24922],[126.68383,37.24922],[126.68383,37.26652],[126.67517,37.26652],[126.67517,37.24922]]]},"properties":{"row":4,"col":5,"walk_min":370.5,"bucket":">30","color":"#a01818","aggregate":true,"node_count":36,"nearest_station_id":"kr_427","nearest_station_idx":426}},{"type":"Feature","geometry":{"type":"Polygon","coordinates":[[[126.64922,37.23191],[126.66652,37.23191],[126.66652,37.24922],[126.64922,37.24922],[126.64922,37.23191]]]},"properties":{"row":3,"col":4,"walk_min":376.6,"bucket":">30","color":"#a01818","aggregate":true,"node_count":268,"nearest_station_id":"kr_351","nearest_station_idx":349}},{"type":"Feature","geometry":{"type":"Polygon","coordinates":[[[126.63191,37.75105],[126.64922,37.75105],[126.64922,37.76835],[126.63191,37.76835],[126.63191,37.75105]]]},"properties":{"row":33,"col":3,"walk_min":379.7,"bucket":">30","color":"#a01818","aggregate":true,"node_count":1363,"nearest_station_id":"kr_424","nearest_station_idx":423}},{"type":"Feature","geometry":{"type":"Polygon","coordinates":[[[126.5973,37.73374],[126.61461,37.73374],[126.61461,37.75105],[126.5973,37.75105],[126.5973,37.73374]]]},"properties":{"row":32,"col":1,"walk_min":380.9,"bucket":">30","color":"#a01818","aggregate":true,"node_count":494,"nearest_station_id":"kr_424","nearest_station_idx":423}},{"type":"Feature","geometry":{"type":"Polygon","coordinates":[[[126.61461,37.75105],[126.63191,37.75105],[126.63191,37.76835],[126.61461,37.76835],[126.61461,37.75105]]]},"properties":{"row":33,"col":2,"walk_min":381.5,"bucket":">30","color":"#a01818","aggregate":true,"node_count":373,"nearest_station_id":"kr_424","nearest_station_idx":423}},{"type":"Feature","geometry":{"type":"Polygon","coordinates":[[[126.66652,37.26652],[126.68383,37.26652],[126.68383,37.28383],[126.66652,37.28383],[126.66652,37.26652]]]},"properties":{"row":5,"col":5,"walk_min":398.1,"bucket":">30","color":"#a01818","aggregate":true,"node_count":217,"nearest_station_id":"kr_351","nearest_station_idx":349}},{"type":"Feature","geometry":{"type":"Polygon","coordinates":[[[126.5627,37.70779],[126.58,37.70779],[126.58,37.71644],[126.5627,37.71644],[126.5627,37.70779]]]},"properties":{"row":30,"col":-1,"walk_min":383.1,"bucket":">30","color":"#a01818","aggregate":true,"node_count":31,"nearest_station_id":"kr_424","nearest_station_idx":423}},{"type":"Feature","geometry":{"type":"Polygon","coordinates":[[[126.64922,37.26652],[126.66652,37.26652],[126.66652,37.28383],[126.64922,37.28383],[126.64922,37.26652]]]},"properties":{"row":5,"col":4,"walk_min":418.2,"bucket":">30","color":"#a01818","aggregate":true,"node_count":11,"nearest_station_id":"kr_351","nearest_station_idx":349}},{"type":"Feature","geometry":{"type":"Polygon","coordinates":[[[126.64922,37.1973],[126.66652,37.1973],[126.66652,37.21461],[126.64922,37.21461],[126.64922,37.1973]]]},"properties":{"row":1,"col":4,"walk_min":397.2,"bucket":">30","color":"#a01818","aggregate":true,"node_count":670,"nearest_station_id":"kr_427","nearest_station_idx":426}},{"type":"Feature","geometry":{"type":"Polygon","coordinates":[[[127.28083,37.18],[127.28948,37.18],[127.28948,37.18865],[127.28083,37.18865],[127.28083,37.18]]]},"properties":{"row":0,"col":40,"walk_min":379.9,"bucket":">30","color":"#a01818","aggregate":true,"node_count":33,"nearest_station_id":"kr_267","nearest_station_idx":266}},{"type":"Feature","geometry":{"type":"Polygon","coordinates":[[[126.58,37.73374],[126.5973,37.73374],[126.5973,37.75105],[126.58,37.75105],[126.58,37.73374]]]},"properties":{"row":32,"col":0,"walk_min":389.3,"bucket":">30","color":"#a01818","aggregate":true,"node_count":1110,"nearest_station_id":"kr_424","nearest_station_idx":423}},{"type":"Feature","geometry":{"type":"Polygon","coordinates":[[[127.28948,37.18],[127.30679,37.18],[127.30679,37.18865],[127.28948,37.18865],[127.28948,37.18]]]},"properties":{"row":0,"col":41,"walk_min":395.2,"bucket":">30","color":"#a01818","aggregate":true,"node_count":32,"nearest_station_id":"kr_267","nearest_station_idx":266}},{"type":"Feature","geometry":{"type":"Polygon","coordinates":[[[126.64922,37.76835],[126.65787,37.76835],[126.65787,37.77701],[126.64922,37.77701],[126.64922,37.76835]]]},"properties":{"row":34,"col":4,"walk_min":389.2,"bucket":">30","color":"#a01818","aggregate":true,"node_count":44,"nearest_station_id":"kr_424","nearest_station_idx":423}},{"type":"Feature","geometry":{"type":"Polygon","coordinates":[[[126.64922,37.21461],[126.66652,37.21461],[126.66652,37.23191],[126.64922,37.23191],[126.64922,37.21461]]]},"properties":{"row":2,"col":4,"walk_min":405.4,"bucket":">30","color":"#a01818","aggregate":true,"node_count":158,"nearest_station_id":"kr_427","nearest_station_idx":426}},{"type":"Feature","geometry":{"type":"Polygon","coordinates":[[[127.28948,37.17135],[127.30679,37.17135],[127.30679,37.18],[127.28948,37.18],[127.28948,37.17135]]]},"properties":{"row":-1,"col":41,"walk_min":396.1,"bucket":">30","color":"#a01818","aggregate":true,"node_count":49,"nearest_station_id":"kr_267","nearest_station_idx":266}},{"type":"Feature","geometry":{"type":"Polygon","coordinates":[[[126.5627,37.71644],[126.58,37.71644],[126.58,37.73374],[126.5627,37.73374],[126.5627,37.71644]]]},"properties":{"row":31,"col":-1,"walk_min":400.3,"bucket":">30","color":"#a01818","aggregate":true,"node_count":53,"nearest_station_id":"kr_424","nearest_station_idx":423}},{"type":"Feature","geometry":{"type":"Polygon","coordinates":[[[126.64922,37.24922],[126.65787,37.24922],[126.65787,37.26652],[126.64922,37.26652],[126.64922,37.24922]]]},"properties":{"row":4,"col":4,"walk_min":407.6,"bucket":">30","color":"#a01818","aggregate":true,"node_count":21,"nearest_station_id":"kr_351","nearest_station_idx":349}},{"type":"Feature","geometry":{"type":"Polygon","coordinates":[[[126.63191,37.76835],[126.64922,37.76835],[126.64922,37.77701],[126.63191,37.77701],[126.63191,37.76835]]]},"properties":{"row":34,"col":3,"walk_min":396.1,"bucket":">30","color":"#a01818","aggregate":true,"node_count":725,"nearest_station_id":"kr_424","nearest_station_idx":423}},{"type":"Feature","geometry":{"type":"Polygon","coordinates":[[[126.72709,37.26652],[126.73574,37.26652],[126.73574,37.28383],[126.72709,37.28383],[126.72709,37.26652]]]},"properties":{"row":5,"col":8,"walk_min":397.1,"bucket":">30","color":"#a01818","aggregate":true,"node_count":17,"nearest_station_id":"kr_427","nearest_station_idx":426}},{"type":"Feature","geometry":{"type":"Polygon","coordinates":[[[126.63191,37.23191],[126.64922,37.23191],[126.64922,37.24922],[126.63191,37.24922],[126.63191,37.23191]]]},"properties":{"row":3,"col":3,"walk_min":436.5,"bucket":">30","color":"#a01818","aggregate":true,"node_count":68,"nearest_station_id":"kr_351","nearest_station_idx":349}},{"type":"Feature","geometry":{"type":"Polygon","coordinates":[[[126.66652,37.18],[126.68383,37.18],[126.68383,37.1973],[126.66652,37.1973],[126.66652,37.18]]]},"properties":{"row":0,"col":5,"walk_min":408.9,"bucket":">30","color":"#a01818","aggregate":true,"node_count":244,"nearest_station_id":"kr_263","nearest_station_idx":262}},{"type":"Feature","geometry":{"type":"Polygon","coordinates":[[[126.63191,37.24922],[126.64922,37.24922],[126.64922,37.26652],[126.63191,37.26652],[126.63191,37.24922]]]},"properties":{"row":4,"col":3,"walk_min":433.5,"bucket":">30","color":"#a01818","aggregate":true,"node_count":66,"nearest_station_id":"kr_351","nearest_station_idx":349}},{"type":"Feature","geometry":{"type":"Polygon","coordinates":[[[126.64922,37.18],[126.66652,37.18],[126.66652,37.1973],[126.64922,37.1973],[126.64922,37.18]]]},"properties":{"row":0,"col":4,"walk_min":412.6,"bucket":">30","color":"#a01818","aggregate":true,"node_count":171,"nearest_station_id":"kr_427","nearest_station_idx":426}},{"type":"Feature","geometry":{"type":"Polygon","coordinates":[[[126.5627,37.73374],[126.58,37.73374],[126.58,37.7424],[126.5627,37.7424],[126.5627,37.73374]]]},"properties":{"row":32,"col":-1,"walk_min":409.3,"bucket":">30","color":"#a01818","aggregate":true,"node_count":30,"nearest_station_id":"kr_424","nearest_station_idx":423}},{"type":"Feature","geometry":{"type":"Polygon","coordinates":[[[126.62326,37.76835],[126.63191,37.76835],[126.63191,37.77701],[126.62326,37.77701],[126.62326,37.76835]]]},"properties":{"row":34,"col":2,"walk_min":408.3,"bucket":">30","color":"#a01818","aggregate":true,"node_count":102,"nearest_station_id":"kr_424","nearest_station_idx":423}},{"type":"Feature","geometry":{"type":"Polygon","coordinates":[[[126.58,37.75105],[126.5973,37.75105],[126.5973,37.7597],[126.58,37.7597],[126.58,37.75105]]]},"properties":{"row":33,"col":0,"walk_min":410.9,"bucket":">30","color":"#a01818","aggregate":true,"node_count":482,"nearest_station_id":"kr_424","nearest_station_idx":423}},{"type":"Feature","geometry":{"type":"Polygon","coordinates":[[[126.64922,37.28383],[126.66652,37.28383],[126.66652,37.30113],[126.64922,37.30113],[126.64922,37.28383]]]},"properties":{"row":6,"col":4,"walk_min":436.8,"bucket":">30","color":"#a01818","aggregate":true,"node_count":14,"nearest_station_id":"kr_351","nearest_station_idx":349}},{"type":"Feature","geometry":{"type":"Polygon","coordinates":[[[126.63191,37.18],[126.64922,37.18],[126.64922,37.1973],[126.63191,37.1973],[126.63191,37.18]]]},"properties":{"row":0,"col":3,"walk_min":429.2,"bucket":">30","color":"#a01818","aggregate":true,"node_count":547,"nearest_station_id":"kr_427","nearest_station_idx":426}},{"type":"Feature","geometry":{"type":"Polygon","coordinates":[[[126.55404,37.73374],[126.5627,37.73374],[126.5627,37.7424],[126.55404,37.7424],[126.55404,37.73374]]]},"properties":{"row":32,"col":-2,"walk_min":424.9,"bucket":">30","color":"#a01818","aggregate":true,"node_count":14,"nearest_station_id":"kr_424","nearest_station_idx":423}},{"type":"Feature","geometry":{"type":"Polygon","coordinates":[[[126.64057,37.1973],[126.64922,37.1973],[126.64922,37.21461],[126.64057,37.21461],[126.64057,37.1973]]]},"properties":{"row":1,"col":3,"walk_min":433.6,"bucket":">30","color":"#a01818","aggregate":true,"node_count":877,"nearest_station_id":"kr_427","nearest_station_idx":426}},{"type":"Feature","geometry":{"type":"Polygon","coordinates":[[[126.63191,37.26652],[126.64922,37.26652],[126.64922,37.28383],[126.63191,37.28383],[126.63191,37.26652]]]},"properties":{"row":5,"col":3,"walk_min":474.5,"bucket":">30","color":"#a01818","aggregate":true,"node_count":33,"nearest_station_id":"kr_351","nearest_station_idx":349}},{"type":"Feature","geometry":{"type":"Polygon","coordinates":[[[126.62326,37.18],[126.63191,37.18],[126.63191,37.18865],[126.62326,37.18865],[126.62326,37.18]]]},"properties":{"row":0,"col":2,"walk_min":440.3,"bucket":">30","color":"#a01818","aggregate":true,"node_count":58,"nearest_station_id":"kr_427","nearest_station_idx":426}},{"type":"Feature","geometry":{"type":"Polygon","coordinates":[[[126.63191,37.28383],[126.64922,37.28383],[126.64922,37.30113],[126.63191,37.30113],[126.63191,37.28383]]]},"properties":{"row":6,"col":3,"walk_min":454.5,"bucket":">30","color":"#a01818","aggregate":true,"node_count":12,"nearest_station_id":"kr_351","nearest_station_idx":349}},{"type":"Feature","geometry":{"type":"Polygon","coordinates":[[[126.63191,37.21461],[126.64922,37.21461],[126.64922,37.23191],[126.63191,37.23191],[126.63191,37.21461]]]},"properties":{"row":2,"col":3,"walk_min":461.7,"bucket":">30","color":"#a01818","aggregate":true,"node_count":3706,"nearest_station_id":"kr_351","nearest_station_idx":349}},{"type":"Feature","geometry":{"type":"Polygon","coordinates":[[[126.61461,37.24922],[126.63191,37.24922],[126.63191,37.26652],[126.61461,37.26652],[126.61461,37.24922]]]},"properties":{"row":4,"col":2,"walk_min":470.4,"bucket":">30","color":"#a01818","aggregate":true,"node_count":141,"nearest_station_id":"kr_351","nearest_station_idx":349}},{"type":"Feature","geometry":{"type":"Polygon","coordinates":[[[126.61461,37.23191],[126.63191,37.23191],[126.63191,37.24922],[126.61461,37.24922],[126.61461,37.23191]]]},"properties":{"row":3,"col":2,"walk_min":474.0,"bucket":">30","color":"#a01818","aggregate":true,"node_count":1357,"nearest_station_id":"kr_351","nearest_station_idx":349}},{"type":"Feature","geometry":{"type":"Polygon","coordinates":[[[126.62326,37.28383],[126.63191,37.28383],[126.63191,37.29248],[126.62326,37.29248],[126.62326,37.28383]]]},"properties":{"row":6,"col":2,"walk_min":466.7,"bucket":">30","color":"#a01818","aggregate":true,"node_count":5,"nearest_station_id":"kr_351","nearest_station_idx":349}},{"type":"Feature","geometry":{"type":"Polygon","coordinates":[[[126.61461,37.21461],[126.63191,37.21461],[126.63191,37.23191],[126.61461,37.23191],[126.61461,37.21461]]]},"properties":{"row":2,"col":2,"walk_min":478.6,"bucket":">30","color":"#a01818","aggregate":true,"node_count":748,"nearest_station_id":"kr_351","nearest_station_idx":349}},{"type":"Feature","geometry":{"type":"Polygon","coordinates":[[[126.62326,37.27517],[126.63191,37.27517],[126.63191,37.28383],[126.62326,37.28383],[126.62326,37.27517]]]},"properties":{"row":5,"col":2,"walk_min":474.2,"bucket":">30","color":"#a01818","aggregate":true,"node_count":17,"nearest_station_id":"kr_351","nearest_station_idx":349}},{"type":"Feature","geometry":{"type":"Polygon","coordinates":[[[126.60596,37.26652],[126.61461,37.26652],[126.61461,37.28383],[126.60596,37.28383],[126.60596,37.26652]]]},"properties":{"row":5,"col":1,"walk_min":501.4,"bucket":">30","color":"#a01818","aggregate":true,"node_count":4,"nearest_station_id":"kr_351","nearest_station_idx":349}},{"type":"Feature","geometry":{"type":"Polygon","coordinates":[[[126.5973,37.24922],[126.61461,37.24922],[126.61461,37.26652],[126.5973,37.26652],[126.5973,37.24922]]]},"properties":{"row":4,"col":1,"walk_min":488.6,"bucket":">30","color":"#a01818","aggregate":true,"node_count":2355,"nearest_station_id":"kr_351","nearest_station_idx":349}},{"type":"Feature","geometry":{"type":"Polygon","coordinates":[[[126.5973,37.23191],[126.61461,37.23191],[126.61461,37.24922],[126.5973,37.24922],[126.5973,37.23191]]]},"properties":{"row":3,"col":1,"walk_min":497.4,"bucket":">30","color":"#a01818","aggregate":true,"node_count":2850,"nearest_station_id":"kr_351","nearest_station_idx":349}},{"type":"Feature","geometry":{"type":"Polygon","coordinates":[[[126.58,37.24922],[126.5973,37.24922],[126.5973,37.26652],[126.58,37.26652],[126.58,37.24922]]]},"properties":{"row":4,"col":0,"walk_min":512.2,"bucket":">30","color":"#a01818","aggregate":true,"node_count":2365,"nearest_station_id":"kr_351","nearest_station_idx":349}},{"type":"Feature","geometry":{"type":"Polygon","coordinates":[[[126.5973,37.21461],[126.61461,37.21461],[126.61461,37.23191],[126.5973,37.23191],[126.5973,37.21461]]]},"properties":{"row":2,"col":1,"walk_min":539.3,"bucket":">30","color":"#a01818","aggregate":true,"node_count":1611,"nearest_station_id":"kr_351","nearest_station_idx":349}},{"type":"Feature","geometry":{"type":"Polygon","coordinates":[[[126.58,37.23191],[126.5973,37.23191],[126.5973,37.24922],[126.58,37.24922],[126.58,37.23191]]]},"properties":{"row":3,"col":0,"walk_min":517.7,"bucket":">30","color":"#a01818","aggregate":true,"node_count":4068,"nearest_station_id":"kr_351","nearest_station_idx":349}},{"type":"Feature","geometry":{"type":"Polygon","coordinates":[[[126.58,37.26652],[126.58865,37.26652],[126.58865,37.28383],[126.58,37.28383],[126.58,37.26652]]]},"properties":{"row":5,"col":0,"walk_min":527.3,"bucket":">30","color":"#a01818","aggregate":true,"node_count":456,"nearest_station_id":"kr_351","nearest_station_idx":349}},{"type":"Feature","geometry":{"type":"Polygon","coordinates":[[[126.58,37.21461],[126.5973,37.21461],[126.5973,37.23191],[126.58,37.23191],[126.58,37.21461]]]},"properties":{"row":2,"col":0,"walk_min":548.2,"bucket":">30","color":"#a01818","aggregate":true,"node_count":2660,"nearest_station_id":"kr_351","nearest_station_idx":349}},{"type":"Feature","geometry":{"type":"Polygon","coordinates":[[[126.57135,37.23191],[126.58,37.23191],[126.58,37.24057],[126.57135,37.24057],[126.57135,37.23191]]]},"properties":{"row":3,"col":-1,"walk_min":548.3,"bucket":">30","color":"#a01818","aggregate":true,"node_count":2,"nearest_station_id":"kr_351","nearest_station_idx":349}},{"type":"Feature","geometry":{"type":"Polygon","coordinates":[[[126.57135,37.25787],[126.58,37.25787],[126.58,37.26652],[126.57135,37.26652],[126.57135,37.25787]]]},"properties":{"row":4,"col":-1,"walk_min":557.4,"bucket":">30","color":"#a01818","aggregate":true,"node_count":55,"nearest_station_id":"kr_351","nearest_station_idx":349}},{"type":"Feature","geometry":{"type":"Polygon","coordinates":[[[126.57135,37.26652],[126.58,37.26652],[126.58,37.27517],[126.57135,37.27517],[126.57135,37.26652]]]},"properties":{"row":5,"col":-1,"walk_min":562.5,"bucket":">30","color":"#a01818","aggregate":true,"node_count":37,"nearest_station_id":"kr_351","nearest_station_idx":349}},{"type":"Feature","geometry":{"type":"Polygon","coordinates":[[[126.58865,37.20596],[126.5973,37.20596],[126.5973,37.21461],[126.58865,37.21461],[126.58865,37.20596]]]},"properties":{"row":1,"col":0,"walk_min":569.0,"bucket":">30","color":"#a01818","aggregate":true,"node_count":61,"nearest_station_id":"kr_351","nearest_station_idx":349}},{"type":"Feature","geometry":{"type":"Polygon","coordinates":[[[126.57135,37.21461],[126.58,37.21461],[126.58,37.22326],[126.57135,37.22326],[126.57135,37.21461]]]},"properties":{"row":2,"col":-1,"walk_min":568.8,"bucket":">30","color":"#a01818","aggregate":true,"node_count":16,"nearest_station_id":"kr_351","nearest_station_idx":349}},{"type":"Feature","geometry":{"type":"Polygon","coordinates":[[[126.5627,37.20596],[126.58,37.20596],[126.58,37.21461],[126.5627,37.21461],[126.5627,37.20596]]]},"properties":{"row":1,"col":-1,"walk_min":576.7,"bucket":">30","color":"#a01818","aggregate":true,"node_count":123,"nearest_station_id":"kr_351","nearest_station_idx":349}},{"type":"Feature","geometry":{"type":"Polygon","coordinates":[[[126.5973,37.20596],[126.61461,37.20596],[126.61461,37.21461],[126.5973,37.21461],[126.5973,37.20596]]]},"properties":{"row":1,"col":1,"walk_min":579.4,"bucket":">30","color":"#a01818","aggregate":true,"node_count":708,"nearest_station_id":"kr_351","nearest_station_idx":349}},{"type":"Feature","geometry":{"type":"Polygon","coordinates":[[[126.54539,37.1973],[126.5627,37.1973],[126.5627,37.21461],[126.54539,37.21461],[126.54539,37.1973]]]},"properties":{"row":1,"col":-2,"walk_min":600.4,"bucket":">30","color":"#a01818","aggregate":true,"node_count":72,"nearest_station_id":"kr_351","nearest_station_idx":349}},{"type":"Feature","geometry":{"type":"Polygon","coordinates":[[[126.53674,37.1973],[126.54539,37.1973],[126.54539,37.20596],[126.53674,37.20596],[126.53674,37.1973]]]},"properties":{"row":1,"col":-3,"walk_min":618.2,"bucket":">30","color":"#a01818","aggregate":true,"node_count":9,"nearest_station_id":"kr_351","nearest_station_idx":349}}]}