{"type":"FeatureCollection","features":[{"type":"Feature","geometry":{"type":"Polygon","coordinates":[[[126.89148,37.49148],[126.91744,37.49148],[126.91744,37.51744],[126.89148,37.51744],[126.89148,37.49148]]]},"properties":{"row":12,"col":12,"walk_min":1.8,"bucket":"<5","color":"#2b6cb0","aggregate":true,"child_fine_cells":9,"nearest_station_id":"kr_365","nearest_station_idx":346}},{"type":"Feature","geometry":{"type":"Polygon","coordinates":[[[126.99531,37.49148],[127.02126,37.49148],[127.02126,37.51744],[126.99531,37.51744],[126.99531,37.49148]]]},"properties":{"row":12,"col":16,"walk_min":1.4,"bucket":"<5","color":"#2b6cb0","aggregate":true,"child_fine_cells":9,"nearest_station_id":"kr_002","nearest_station_idx":1}},{"type":"Feature","geometry":{"type":"Polygon","coordinates":[[[126.96935,37.49148],[126.99531,37.49148],[126.99531,37.51744],[126.96935,37.51744],[126.96935,37.49148]]]},"properties":{"row":12,"col":15,"walk_min":6.2,"bucket":"5-10","color":"#3aa6a0","aggregate":true,"child_fine_cells":9,"nearest_station_id":"kr_003","nearest_station_idx":2}},{"type":"Feature","geometry":{"type":"Polygon","coordinates":[[[126.91744,37.49148],[126.94339,37.49148],[126.94339,37.51744],[126.91744,37.51744],[126.91744,37.49148]]]},"properties":{"row":12,"col":13,"walk_min":1.3,"bucket":"<5","color":"#2b6cb0","aggregate":true,"child_fine_cells":9,"nearest_station_id":"kr_299","nearest_station_idx":294}},{"type":"Feature","geometry":{"type":"Polygon","coordinates":[[[126.96935,37.54339],[126.99531,37.54339],[126.99531,37.56935],[126.96935,37.56935],[126.96935,37.54339]]]},"properties":{"row":14,"col":15,"walk_min":2.5,"bucket":"<5","color":"#2b6cb0","aggregate":true,"child_fine_cells":9,"nearest_station_id":"kr_033","nearest_station_idx":32}},{"type":"Feature","geometry":{"type":"Polygon","coordinates":[[[127.02126,37.49148],[127.04722,37.49148],[127.04722,37.51744],[127.02126,37.51744],[127.02126,37.49148]]]},"properties":{"row":12,"col":17,"walk_min":1.8,"bucket":"<5","color":"#2b6cb0","aggregate":true,"child_fine_cells":9,"nearest_station_id":"kr_434","nearest_station_idx":433}},{"type":"Feature","geometry":{"type":"Polygon","coordinates":[[[126.96935,37.56935],[126.99531,37.56935],[126.99531,37.59531],[126.96935,37.59531],[126.96935,37.56935]]]},"properties":{"row":15,"col":15,"walk_min":5.8,"bucket":"5-10","color":"#3aa6a0","aggregate":true,"child_fine_cells":9,"nearest_station_id":"kr_022","nearest_station_idx":22}},{"type":"Feature","geometry":{"type":"Polygon","coordinates":[[[126.89148,37.43957],[126.91744,37.43957],[126.91744,37.46552],[126.89148,37.46552],[126.89148,37.43957]]]},"properties":{"row":10,"col":12,"walk_min":10.4,"bucket":"10-15","color":"#4caf50","aggregate":true,"child_fine_cells":9,"nearest_station_id":"kr_008","nearest_station_idx":7}},{"type":"Feature","geometry":{"type":"Polygon","coordinates":[[[126.99531,37.54339],[127.02126,37.54339],[127.02126,37.56935],[126.99531,37.56935],[126.99531,37.54339]]]},"properties":{"row":14,"col":16,"walk_min":1.2,"bucket":"<5","color":"#2b6cb0","aggregate":true,"child_fine_cells":9,"nearest_station_id":"kr_349","nearest_station_idx":345}},{"type":"Feature","geometry":{"type":"Polygon","coordinates":[[[126.91744,37.38765],[126.94339,37.38765],[126.94339,37.41361],[126.91744,37.41361],[126.91744,37.38765]]]},"properties":{"row":8,"col":13,"walk_min":16.4,"bucket":"15-20","color":"#c6d92e","aggregate":true,"child_fine_cells":9,"nearest_station_id":"kr_010","nearest_station_idx":9}},{"type":"Feature","geometry":{"type":"Polygon","coordinates":[[[126.99531,37.56935],[127.02126,37.56935],[127.02126,37.59531],[126.99531,37.59531],[126.99531,37.56935]]]},"properties":{"row":15,"col":16,"walk_min":0.8,"bucket":"<5","color":"#2b6cb0","aggregate":true,"child_fine_cells":9,"nearest_station_id":"kr_057","nearest_station_idx":55}},{"type":"Feature","geometry":{"type":"Polygon","coordinates":[[[127.07318,37.49148],[127.09914,37.49148],[127.09914,37.51744],[127.07318,37.51744],[127.07318,37.49148]]]},"properties":{"row":12,"col":19,"walk_min":2.2,"bucket":"<5","color":"#2b6cb0","aggregate":true,"child_fine_cells":9,"nearest_station_id":"kr_394","nearest_station_idx":391}},{"type":"Feature","geometry":{"type":"Polygon","coordinates":[[[126.86552,37.49148],[126.89148,37.49148],[126.89148,37.51744],[126.86552,37.51744],[126.86552,37.49148]]]},"properties":{"row":12,"col":11,"walk_min":2.5,"bucket":"<5","color":"#2b6cb0","aggregate":true,"child_fine_cells":9,"nearest_station_id":"kr_019","nearest_station_idx":16}},{"type":"Feature","geometry":{"type":"Polygon","coordinates":[[[127.09914,37.49148],[127.12509,37.49148],[127.12509,37.51744],[127.09914,37.51744],[127.09914,37.49148]]]},"properties":{"row":12,"col":20,"walk_min":1.4,"bucket":"<5","color":"#2b6cb0","aggregate":true,"child_fine_cells":9,"nearest_station_id":"kr_015","nearest_station_idx":14}},{"type":"Feature","geometry":{"type":"Polygon","coordinates":[[[127.04722,37.49148],[127.07318,37.49148],[127.07318,37.51744],[127.04722,37.51744],[127.04722,37.49148]]]},"properties":{"row":12,"col":18,"walk_min":1.7,"bucket":"<5","color":"#2b6cb0","aggregate":true,"child_fine_cells":9,"nearest_station_id":"kr_279","nearest_station_idx":283}},{"type":"Feature","geometry":{"type":"Polygon","coordinates":[[[127.02126,37.46552],[127.04722,37.46552],[127.04722,37.49148],[127.02126,37.49148],[127.02126,37.46552]]]},"properties":{"row":11,"col":17,"walk_min":4.2,"bucket":"<5","color":"#2b6cb0","aggregate":true,"child_fine_cells":9,"nearest_station_id":"kr_020","nearest_station_idx":21}},{"type":"Feature","geometry":{"type":"Polygon","coordinates":[[[127.02126,37.56935],[127.04722,37.56935],[127.04722,37.59531],[127.02126,37.59531],[127.02126,37.56935]]]},"properties":{"row":15,"col":17,"walk_min":0.6,"bucket":"<5","color":"#2b6cb0","aggregate":true,"child_fine_cells":9,"nearest_station_id":"kr_026","nearest_station_idx":25}},{"type":"Feature","geometry":{"type":"Polygon","coordinates":[[[126.94339,37.3617],[126.96935,37.3617],[126.96935,37.38765],[126.94339,37.38765],[126.94339,37.3617]]]},"properties":{"row":7,"col":14,"walk_min":16.5,"bucket":"15-20","color":"#c6d92e","aggregate":true,"child_fine_cells":9,"nearest_station_id":"kr_023","nearest_station_idx":23}},{"type":"Feature","geometry":{"type":"Polygon","coordinates":[[[126.78765,37.46552],[126.81361,37.46552],[126.81361,37.49148],[126.78765,37.49148],[126.78765,37.46552]]]},"properties":{"row":11,"col":8,"walk_min":7.4,"bucket":"5-10","color":"#3aa6a0","aggregate":true,"child_fine_cells":9,"nearest_station_id":"kr_451","nearest_station_idx":450}},{"type":"Feature","geometry":{"type":"Polygon","coordinates":[[[127.04722,37.56935],[127.07318,37.56935],[127.07318,37.59531],[127.04722,37.59531],[127.04722,37.56935]]]},"properties":{"row":15,"col":18,"walk_min":6.9,"bucket":"5-10","color":"#3aa6a0","aggregate":true,"child_fine_cells":9,"nearest_station_id":"kr_031","nearest_station_idx":29}},{"type":"Feature","geometry":{"type":"Polygon","coordinates":[[[126.94339,37.30978],[126.96935,37.30978],[126.96935,37.33574],[126.94339,37.33574],[126.94339,37.30978]]]},"properties":{"row":5,"col":14,"walk_min":26.0,"bucket":"25-30","color":"#e2492d","aggregate":true,"child_fine_cells":9,"nearest_station_id":"kr_032","nearest_station_idx":31}},{"type":"Feature","geometry":{"type":"Polygon","coordinates":[[[127.04722,37.59531],[127.07318,37.59531],[127.07318,37.62126],[127.04722,37.62126],[127.04722,37.59531]]]},"properties":{"row":16,"col":18,"walk_min":2.2,"bucket":"<5","color":"#2b6cb0","aggregate":true,"child_fine_cells":9,"nearest_station_id":"kr_165","nearest_station_idx":166}},{"type":"Feature","geometry":{"type":"Polygon","coordinates":[[[126.91744,37.51744],[126.94339,37.51744],[126.94339,37.54339],[126.91744,37.54339],[126.91744,37.51744]]]},"properties":{"row":13,"col":13,"walk_min":3.8,"bucket":"<5","color":"#2b6cb0","aggregate":true,"child_fine_cells":9,"nearest_station_id":"kr_180","nearest_station_idx":182}},{"type":"Feature","geometry":{"type":"Polygon","coordinates":[[[127.04722,37.43957],[127.07318,37.43957],[127.07318,37.46552],[127.04722,37.46552],[127.04722,37.43957]]]},"properties":{"row":10,"col":18,"walk_min":10.7,"bucket":"10-15","color":"#4caf50","aggregate":true,"child_fine_cells":9,"nearest_station_id":"kr_040","nearest_station_idx":42}},{"type":"Feature","geometry":{"type":"Polygon","coordinates":[[[127.09914,37.38765],[127.12509,37.38765],[127.12509,37.41361],[127.09914,37.41361],[127.09914,37.38765]]]},"properties":{"row":8,"col":20,"walk_min":9.9,"bucket":"5-10","color":"#3aa6a0","aggregate":true,"child_fine_cells":9,"nearest_station_id":"kr_041","nearest_station_idx":44}},{"type":"Feature","geometry":{"type":"Polygon","coordinates":[[[127.04722,37.62126],[127.07318,37.62126],[127.07318,37.64722],[127.04722,37.64722],[127.04722,37.62126]]]},"properties":{"row":17,"col":18,"walk_min":1.7,"bucket":"<5","color":"#2b6cb0","aggregate":true,"child_fine_cells":9,"nearest_station_id":"kr_393","nearest_station_idx":390}},{"type":"Feature","geometry":{"type":"Polygon","coordinates":[[[126.99531,37.25787],[127.02126,37.25787],[127.02126,37.28383],[126.99531,37.28383],[126.99531,37.25787]]]},"properties":{"row":3,"col":16,"walk_min":21.9,"bucket":"20-25","color":"#f2a134","aggregate":true,"child_fine_cells":9,"nearest_station_id":"kr_043","nearest_station_idx":40}},{"type":"Feature","geometry":{"type":"Polygon","coordinates":[[[127.02126,37.67318],[127.04722,37.67318],[127.04722,37.69914],[127.02126,37.69914],[127.02126,37.67318]]]},"properties":{"row":19,"col":17,"walk_min":11.5,"bucket":"10-15","color":"#4caf50","aggregate":true,"child_fine_cells":9,"nearest_station_id":"kr_044","nearest_station_idx":41}},{"type":"Feature","geometry":{"type":"Polygon","coordinates":[[[127.02126,37.64722],[127.04722,37.64722],[127.04722,37.67318],[127.02126,37.67318],[127.02126,37.64722]]]},"properties":{"row":18,"col":17,"walk_min":7.0,"bucket":"5-10","color":"#3aa6a0","aggregate":true,"child_fine_cells":9,"nearest_station_id":"kr_395","nearest_station_idx":392}},{"type":"Feature","geometry":{"type":"Polygon","coordinates":[[[127.07318,37.54339],[127.09914,37.54339],[127.09914,37.56935],[127.07318,37.56935],[127.07318,37.54339]]]},"properties":{"row":14,"col":19,"walk_min":4.0,"bucket":"<5","color":"#2b6cb0","aggregate":true,"child_fine_cells":9,"nearest_station_id":"kr_046","nearest_station_idx":45}},{"type":"Feature","geometry":{"type":"Polygon","coordinates":[[[127.02126,37.20596],[127.04722,37.20596],[127.04722,37.23191],[127.02126,37.23191],[127.02126,37.20596]]]},"properties":{"row":1,"col":17,"walk_min":29.8,"bucket":"25-30","color":"#e2492d","aggregate":true,"child_fine_cells":9,"nearest_station_id":"kr_047","nearest_station_idx":46}},{"type":"Feature","geometry":{"type":"Polygon","coordinates":[[[127.12509,37.49148],[127.15105,37.49148],[127.15105,37.51744],[127.12509,37.51744],[127.12509,37.49148]]]},"properties":{"row":12,"col":21,"walk_min":3.3,"bucket":"<5","color":"#2b6cb0","aggregate":true,"child_fine_cells":9,"nearest_station_id":"kr_306","nearest_station_idx":302}},{"type":"Feature","geometry":{"type":"Polygon","coordinates":[[[126.89148,37.51744],[126.91744,37.51744],[126.91744,37.54339],[126.89148,37.54339],[126.89148,37.51744]]]},"properties":{"row":13,"col":12,"walk_min":2.0,"bucket":"<5","color":"#2b6cb0","aggregate":true,"child_fine_cells":9,"nearest_station_id":"kr_049","nearest_station_idx":48}},{"type":"Feature","geometry":{"type":"Polygon","coordinates":[[[127.12509,37.51744],[127.15105,37.51744],[127.15105,37.54339],[127.12509,37.54339],[127.12509,37.51744]]]},"properties":{"row":13,"col":21,"walk_min":2.0,"bucket":"<5","color":"#2b6cb0","aggregate":true,"child_fine_cells":9,"nearest_station_id":"kr_074","nearest_station_idx":74}},{"type":"Feature","geometry":{"type":"Polygon","coordinates":[[[127.09914,37.51744],[127.12509,37.51744],[127.12509,37.54339],[127.09914,37.54339],[127.09914,37.51744]]]},"properties":{"row":13,"col":20,"walk_min":5.2,"bucket":"5-10","color":"#3aa6a0","aggregate":true,"child_fine_cells":9,"nearest_station_id":"kr_226","nearest_station_idx":227}},{"type":"Feature","geometry":{"type":"Polygon","coordinates":[[[126.99531,37.51744],[127.02126,37.51744],[127.02126,37.54339],[126.99531,37.54339],[126.99531,37.51744]]]},"properties":{"row":13,"col":16,"walk_min":6.3,"bucket":"5-10","color":"#3aa6a0","aggregate":true,"child_fine_cells":9,"nearest_station_id":"kr_334","nearest_station_idx":329}},{"type":"Feature","geometry":{"type":"Polygon","coordinates":[[[126.7617,37.46552],[126.78765,37.46552],[126.78765,37.49148],[126.7617,37.49148],[126.7617,37.46552]]]},"properties":{"row":11,"col":7,"walk_min":9.1,"bucket":"5-10","color":"#3aa6a0","aggregate":true,"child_fine_cells":9,"nearest_station_id":"kr_060","nearest_station_idx":59}},{"type":"Feature","geometry":{"type":"Polygon","coordinates":[[[127.02126,37.69914],[127.04722,37.69914],[127.04722,37.72509],[127.02126,37.72509],[127.02126,37.69914]]]},"properties":{"row":20,"col":17,"walk_min":12.6,"bucket":"10-15","color":"#4caf50","aggregate":true,"child_fine_cells":9,"nearest_station_id":"kr_449","nearest_station_idx":448}},{"type":"Feature","geometry":{"type":"Polygon","coordinates":[[[126.94339,37.56935],[126.96935,37.56935],[126.96935,37.59531],[126.94339,37.59531],[126.94339,37.56935]]]},"properties":{"row":15,"col":14,"walk_min":7.9,"bucket":"5-10","color":"#3aa6a0","aggregate":true,"child_fine_cells":9,"nearest_station_id":"kr_067","nearest_station_idx":67}},{"type":"Feature","geometry":{"type":"Polygon","coordinates":[[[127.02126,37.72509],[127.04722,37.72509],[127.04722,37.75105],[127.02126,37.75105],[127.02126,37.72509]]]},"properties":{"row":21,"col":17,"walk_min":11.8,"bucket":"10-15","color":"#4caf50","aggregate":true,"child_fine_cells":9,"nearest_station_id":"kr_065","nearest_station_idx":66}},{"type":"Feature","geometry":{"type":"Polygon","coordinates":[[[127.02126,37.54339],[127.04722,37.54339],[127.04722,37.56935],[127.02126,37.56935],[127.02126,37.54339]]]},"properties":{"row":14,"col":17,"walk_min":1.9,"bucket":"<5","color":"#2b6cb0","aggregate":true,"child_fine_cells":9,"nearest_station_id":"kr_296","nearest_station_idx":296}},{"type":"Feature","geometry":{"type":"Polygon","coordinates":[[[126.94339,37.33574],[126.96935,37.33574],[126.96935,37.3617],[126.94339,37.3617],[126.94339,37.33574]]]},"properties":{"row":6,"col":14,"walk_min":16.5,"bucket":"15-20","color":"#c6d92e","aggregate":true,"child_fine_cells":9,"nearest_station_id":"kr_072","nearest_station_idx":72}},{"type":"Feature","geometry":{"type":"Polygon","coordinates":[[[126.86552,37.54339],[126.89148,37.54339],[126.89148,37.56935],[126.86552,37.56935],[126.86552,37.54339]]]},"properties":{"row":14,"col":11,"walk_min":15.6,"bucket":"15-20","color":"#c6d92e","aggregate":true,"child_fine_cells":9,"nearest_station_id":"kr_073","nearest_station_idx":73}},{"type":"Feature","geometry":{"type":"Polygon","coordinates":[[[126.81361,37.49148],[126.83957,37.49148],[126.83957,37.51744],[126.81361,37.51744],[126.81361,37.49148]]]},"properties":{"row":12,"col":9,"walk_min":10.5,"bucket":"10-15","color":"#4caf50","aggregate":true,"child_fine_cells":9,"nearest_station_id":"kr_177","nearest_station_idx":119}},{"type":"Feature","geometry":{"type":"Polygon","coordinates":[[[126.91744,37.59531],[126.94339,37.59531],[126.94339,37.62126],[126.91744,37.62126],[126.91744,37.59531]]]},"properties":{"row":16,"col":13,"walk_min":1.6,"bucket":"<5","color":"#2b6cb0","aggregate":true,"child_fine_cells":9,"nearest_station_id":"kr_123","nearest_station_idx":123}},{"type":"Feature","geometry":{"type":"Polygon","coordinates":[[[126.91744,37.33574],[126.94339,37.33574],[126.94339,37.3617],[126.91744,37.3617],[126.91744,37.33574]]]},"properties":{"row":6,"col":13,"walk_min":7.2,"bucket":"5-10","color":"#3aa6a0","aggregate":true,"child_fine_cells":9,"nearest_station_id":"kr_364","nearest_station_idx":362}},{"type":"Feature","geometry":{"type":"Polygon","coordinates":[[[127.02126,37.59531],[127.04722,37.59531],[127.04722,37.62126],[127.02126,37.62126],[127.02126,37.59531]]]},"properties":{"row":16,"col":17,"walk_min":2.7,"bucket":"<5","color":"#2b6cb0","aggregate":true,"child_fine_cells":9,"nearest_station_id":"kr_091","nearest_station_idx":90}},{"type":"Feature","geometry":{"type":"Polygon","coordinates":[[[126.96935,37.28383],[126.99531,37.28383],[126.99531,37.30978],[126.96935,37.30978],[126.96935,37.28383]]]},"properties":{"row":4,"col":15,"walk_min":8.5,"bucket":"5-10","color":"#3aa6a0","aggregate":true,"child_fine_cells":9,"nearest_station_id":"kr_085","nearest_station_idx":83}},{"type":"Feature","geometry":{"type":"Polygon","coordinates":[[[127.09914,37.54339],[127.12509,37.54339],[127.12509,37.56935],[127.09914,37.56935],[127.09914,37.54339]]]},"properties":{"row":14,"col":20,"walk_min":22.7,"bucket":"20-25","color":"#f2a134","aggregate":true,"child_fine_cells":9,"nearest_station_id":"kr_088","nearest_station_idx":86}},{"type":"Feature","geometry":{"type":"Polygon","coordinates":[[[127.02126,37.75105],[127.04722,37.75105],[127.04722,37.77701],[127.02126,37.77701],[127.02126,37.75105]]]},"properties":{"row":22,"col":17,"walk_min":9.0,"bucket":"5-10","color":"#3aa6a0","aggregate":true,"child_fine_cells":9,"nearest_station_id":"kr_421","nearest_station_idx":420}},{"type":"Feature","geometry":{"type":"Polygon","coordinates":[[[127.07318,37.59531],[127.09914,37.59531],[127.09914,37.62126],[127.07318,37.62126],[127.07318,37.59531]]]},"properties":{"row":16,"col":19,"walk_min":2.5,"bucket":"<5","color":"#2b6cb0","aggregate":true,"child_fine_cells":9,"nearest_station_id":"kr_163","nearest_station_idx":165}},{"type":"Feature","geometry":{"type":"Polygon","coordinates":[[[127.04722,37.54339],[127.07318,37.54339],[127.07318,37.56935],[127.04722,37.56935],[127.04722,37.54339]]]},"properties":{"row":14,"col":18,"walk_min":1.0,"bucket":"<5","color":"#2b6cb0","aggregate":true,"child_fine_cells":9,"nearest_station_id":"kr_103","nearest_station_idx":102}},{"type":"Feature","geometry":{"type":"Polygon","coordinates":[[[126.94339,37.54339],[126.96935,37.54339],[126.96935,37.56935],[126.94339,37.56935],[126.94339,37.54339]]]},"properties":{"row":14,"col":14,"walk_min":1.7,"bucket":"<5","color":"#2b6cb0","aggregate":true,"child_fine_cells":9,"nearest_station_id":"kr_326","nearest_station_idx":320}},{"type":"Feature","geometry":{"type":"Polygon","coordinates":[[[126.83957,37.54339],[126.86552,37.54339],[126.86552,37.56935],[126.83957,37.56935],[126.83957,37.54339]]]},"properties":{"row":14,"col":10,"walk_min":2.6,"bucket":"<5","color":"#2b6cb0","aggregate":true,"child_fine_cells":9,"nearest_station_id":"kr_102","nearest_station_idx":101}},{"type":"Feature","geometry":{"type":"Polygon","coordinates":[[[126.89148,37.64722],[126.91744,37.64722],[126.91744,37.67318],[126.89148,37.67318],[126.89148,37.64722]]]},"properties":{"row":18,"col":12,"walk_min":17.7,"bucket":"15-20","color":"#c6d92e","aggregate":true,"child_fine_cells":9,"nearest_station_id":"kr_115","nearest_station_idx":114}},{"type":"Feature","geometry":{"type":"Polygon","coordinates":[[[126.70978,37.46552],[126.73574,37.46552],[126.73574,37.49148],[126.70978,37.49148],[126.70978,37.46552]]]},"properties":{"row":11,"col":5,"walk_min":13.8,"bucket":"10-15","color":"#4caf50","aggregate":true,"child_fine_cells":9,"nearest_station_id":"kr_105","nearest_station_idx":104}},{"type":"Feature","geometry":{"type":"Polygon","coordinates":[[[127.02126,37.62126],[127.04722,37.62126],[127.04722,37.64722],[127.02126,37.64722],[127.02126,37.62126]]]},"properties":{"row":17,"col":17,"walk_min":6.1,"bucket":"5-10","color":"#3aa6a0","aggregate":true,"child_fine_cells":9,"nearest_station_id":"kr_116","nearest_station_idx":115}},{"type":"Feature","geometry":{"type":"Polygon","coordinates":[[[127.12509,37.38765],[127.15105,37.38765],[127.15105,37.41361],[127.12509,37.41361],[127.12509,37.38765]]]},"properties":{"row":8,"col":21,"walk_min":15.7,"bucket":"15-20","color":"#c6d92e","aggregate":true,"child_fine_cells":9,"nearest_station_id":"kr_108","nearest_station_idx":107}},{"type":"Feature","geometry":{"type":"Polygon","coordinates":[[[127.07318,37.56935],[127.09914,37.56935],[127.09914,37.59531],[127.07318,37.59531],[127.07318,37.56935]]]},"properties":{"row":15,"col":19,"walk_min":3.5,"bucket":"<5","color":"#2b6cb0","aggregate":true,"child_fine_cells":9,"nearest_station_id":"kr_120","nearest_station_idx":120}},{"type":"Feature","geometry":{"type":"Polygon","coordinates":[[[126.86552,37.28383],[126.89148,37.28383],[126.89148,37.30978],[126.86552,37.30978],[126.86552,37.28383]]]},"properties":{"row":4,"col":11,"walk_min":17.2,"bucket":"15-20","color":"#c6d92e","aggregate":true,"child_fine_cells":9,"nearest_station_id":"kr_114","nearest_station_idx":113}},{"type":"Feature","geometry":{"type":"Polygon","coordinates":[[[127.09914,37.46552],[127.12509,37.46552],[127.12509,37.49148],[127.09914,37.49148],[127.09914,37.46552]]]},"properties":{"row":11,"col":20,"walk_min":7.7,"bucket":"5-10","color":"#3aa6a0","aggregate":true,"child_fine_cells":9,"nearest_station_id":"kr_117","nearest_station_idx":116}},{"type":"Feature","geometry":{"type":"Polygon","coordinates":[[[127.12509,37.54339],[127.15105,37.54339],[127.15105,37.56935],[127.12509,37.56935],[127.12509,37.54339]]]},"properties":{"row":14,"col":21,"walk_min":3.8,"bucket":"<5","color":"#2b6cb0","aggregate":true,"child_fine_cells":9,"nearest_station_id":"kr_200","nearest_station_idx":202}},{"type":"Feature","geometry":{"type":"Polygon","coordinates":[[[126.86552,37.64722],[126.89148,37.64722],[126.89148,37.67318],[126.86552,37.67318],[126.86552,37.64722]]]},"properties":{"row":18,"col":11,"walk_min":16.1,"bucket":"15-20","color":"#c6d92e","aggregate":true,"child_fine_cells":9,"nearest_station_id":"kr_126","nearest_station_idx":126}},{"type":"Feature","geometry":{"type":"Polygon","coordinates":[[[127.12509,37.46552],[127.15105,37.46552],[127.15105,37.49148],[127.12509,37.49148],[127.12509,37.46552]]]},"properties":{"row":11,"col":21,"walk_min":7.5,"bucket":"5-10","color":"#3aa6a0","aggregate":true,"child_fine_cells":9,"nearest_station_id":"kr_127","nearest_station_idx":127}},{"type":"Feature","geometry":{"type":"Polygon","coordinates":[[[126.81361,37.54339],[126.83957,37.54339],[126.83957,37.56935],[126.81361,37.56935],[126.81361,37.54339]]]},"properties":{"row":14,"col":9,"walk_min":4.9,"bucket":"<5","color":"#2b6cb0","aggregate":true,"child_fine_cells":9,"nearest_station_id":"kr_391","nearest_station_idx":388}},{"type":"Feature","geometry":{"type":"Polygon","coordinates":[[[126.96935,37.46552],[126.99531,37.46552],[126.99531,37.49148],[126.96935,37.49148],[126.96935,37.46552]]]},"properties":{"row":11,"col":15,"walk_min":3.1,"bucket":"<5","color":"#2b6cb0","aggregate":true,"child_fine_cells":9,"nearest_station_id":"kr_133","nearest_station_idx":134}},{"type":"Feature","geometry":{"type":"Polygon","coordinates":[[[126.96935,37.51744],[126.99531,37.51744],[126.99531,37.54339],[126.96935,37.54339],[126.96935,37.51744]]]},"properties":{"row":13,"col":15,"walk_min":3.2,"bucket":"<5","color":"#2b6cb0","aggregate":true,"child_fine_cells":9,"nearest_station_id":"kr_295","nearest_station_idx":292}},{"type":"Feature","geometry":{"type":"Polygon","coordinates":[[[127.02126,37.51744],[127.04722,37.51744],[127.04722,37.54339],[127.02126,37.54339],[127.02126,37.51744]]]},"properties":{"row":13,"col":17,"walk_min":6.0,"bucket":"5-10","color":"#3aa6a0","aggregate":true,"child_fine_cells":9,"nearest_station_id":"kr_138","nearest_station_idx":142}},{"type":"Feature","geometry":{"type":"Polygon","coordinates":[[[126.91744,37.54339],[126.94339,37.54339],[126.94339,37.56935],[126.91744,37.56935],[126.91744,37.54339]]]},"properties":{"row":14,"col":13,"walk_min":2.7,"bucket":"<5","color":"#2b6cb0","aggregate":true,"child_fine_cells":9,"nearest_station_id":"kr_376","nearest_station_idx":373}},{"type":"Feature","geometry":{"type":"Polygon","coordinates":[[[126.83957,37.64722],[126.86552,37.64722],[126.86552,37.67318],[126.83957,37.67318],[126.83957,37.64722]]]},"properties":{"row":18,"col":10,"walk_min":15.8,"bucket":"15-20","color":"#c6d92e","aggregate":true,"child_fine_cells":9,"nearest_station_id":"kr_145","nearest_station_idx":147}},{"type":"Feature","geometry":{"type":"Polygon","coordinates":[[[127.15105,37.54339],[127.17701,37.54339],[127.17701,37.56935],[127.15105,37.56935],[127.15105,37.54339]]]},"properties":{"row":14,"col":22,"walk_min":5.3,"bucket":"5-10","color":"#3aa6a0","aggregate":true,"child_fine_cells":9,"nearest_station_id":"kr_171","nearest_station_idx":173}},{"type":"Feature","geometry":{"type":"Polygon","coordinates":[[[127.09914,37.3617],[127.12509,37.3617],[127.12509,37.38765],[127.09914,37.38765],[127.09914,37.3617]]]},"properties":{"row":7,"col":20,"walk_min":14.9,"bucket":"10-15","color":"#4caf50","aggregate":true,"child_fine_cells":9,"nearest_station_id":"kr_148","nearest_station_idx":150}},{"type":"Feature","geometry":{"type":"Polygon","coordinates":[[[126.99531,37.46552],[127.02126,37.46552],[127.02126,37.49148],[126.99531,37.49148],[126.99531,37.46552]]]},"properties":{"row":11,"col":16,"walk_min":7.9,"bucket":"5-10","color":"#3aa6a0","aggregate":true,"child_fine_cells":9,"nearest_station_id":"kr_344","nearest_station_idx":341}},{"type":"Feature","geometry":{"type":"Polygon","coordinates":[[[126.73574,37.46552],[126.7617,37.46552],[126.7617,37.49148],[126.73574,37.49148],[126.73574,37.46552]]]},"properties":{"row":11,"col":6,"walk_min":10.8,"bucket":"10-15","color":"#4caf50","aggregate":true,"child_fine_cells":9,"nearest_station_id":"kr_159","nearest_station_idx":161}},{"type":"Feature","geometry":{"type":"Polygon","coordinates":[[[127.04722,37.46552],[127.07318,37.46552],[127.07318,37.49148],[127.04722,37.49148],[127.04722,37.46552]]]},"properties":{"row":11,"col":18,"walk_min":13.4,"bucket":"10-15","color":"#4caf50","aggregate":true,"child_fine_cells":9,"nearest_station_id":"kr_164","nearest_station_idx":167}},{"type":"Feature","geometry":{"type":"Polygon","coordinates":[[[127.04722,37.51744],[127.07318,37.51744],[127.07318,37.54339],[127.04722,37.54339],[127.04722,37.51744]]]},"properties":{"row":13,"col":18,"walk_min":3.8,"bucket":"<5","color":"#2b6cb0","aggregate":true,"child_fine_cells":9,"nearest_station_id":"kr_181","nearest_station_idx":184}},{"type":"Feature","geometry":{"type":"Polygon","coordinates":[[[126.81361,37.62126],[126.83957,37.62126],[126.83957,37.64722],[126.81361,37.64722],[126.81361,37.62126]]]},"properties":{"row":17,"col":9,"walk_min":7.5,"bucket":"5-10","color":"#3aa6a0","aggregate":true,"child_fine_cells":9,"nearest_station_id":"kr_167","nearest_station_idx":169}},{"type":"Feature","geometry":{"type":"Polygon","coordinates":[[[126.81361,37.30978],[126.83957,37.30978],[126.83957,37.33574],[126.81361,37.33574],[126.81361,37.30978]]]},"properties":{"row":5,"col":9,"walk_min":14.3,"bucket":"10-15","color":"#4caf50","aggregate":true,"child_fine_cells":9,"nearest_station_id":"kr_426","nearest_station_idx":425}},{"type":"Feature","geometry":{"type":"Polygon","coordinates":[[[127.12509,37.43957],[127.15105,37.43957],[127.15105,37.46552],[127.12509,37.46552],[127.12509,37.43957]]]},"properties":{"row":10,"col":21,"walk_min":6.4,"bucket":"5-10","color":"#3aa6a0","aggregate":true,"child_fine_cells":9,"nearest_station_id":"kr_170","nearest_station_idx":172}},{"type":"Feature","geometry":{"type":"Polygon","coordinates":[[[127.09914,37.33574],[127.12509,37.33574],[127.12509,37.3617],[127.09914,37.3617],[127.09914,37.33574]]]},"properties":{"row":6,"col":20,"walk_min":10.5,"bucket":"10-15","color":"#4caf50","aggregate":true,"child_fine_cells":9,"nearest_station_id":"kr_172","nearest_station_idx":174}},{"type":"Feature","geometry":{"type":"Polygon","coordinates":[[[126.78765,37.49148],[126.81361,37.49148],[126.81361,37.51744],[126.78765,37.51744],[126.78765,37.49148]]]},"properties":{"row":12,"col":8,"walk_min":4.9,"bucket":"<5","color":"#2b6cb0","aggregate":true,"child_fine_cells":9,"nearest_station_id":"kr_206","nearest_station_idx":130}},{"type":"Feature","geometry":{"type":"Polygon","coordinates":[[[126.91744,37.62126],[126.94339,37.62126],[126.94339,37.64722],[126.91744,37.64722],[126.91744,37.62126]]]},"properties":{"row":17,"col":13,"walk_min":9.2,"bucket":"5-10","color":"#3aa6a0","aggregate":true,"child_fine_cells":9,"nearest_station_id":"kr_192","nearest_station_idx":194}},{"type":"Feature","geometry":{"type":"Polygon","coordinates":[[[126.78765,37.54339],[126.81361,37.54339],[126.81361,37.56935],[126.78765,37.56935],[126.78765,37.54339]]]},"properties":{"row":14,"col":8,"walk_min":18.5,"bucket":"15-20","color":"#c6d92e","aggregate":true,"child_fine_cells":9,"nearest_station_id":"kr_189","nearest_station_idx":191}},{"type":"Feature","geometry":{"type":"Polygon","coordinates":[[[126.94339,37.51744],[126.96935,37.51744],[126.96935,37.54339],[126.94339,37.54339],[126.94339,37.51744]]]},"properties":{"row":13,"col":14,"walk_min":5.8,"bucket":"5-10","color":"#3aa6a0","aggregate":true,"child_fine_cells":9,"nearest_station_id":"kr_397","nearest_station_idx":394}},{"type":"Feature","geometry":{"type":"Polygon","coordinates":[[[126.81361,37.46552],[126.83957,37.46552],[126.83957,37.49148],[126.81361,37.49148],[126.81361,37.46552]]]},"properties":{"row":11,"col":9,"walk_min":12.9,"bucket":"10-15","color":"#4caf50","aggregate":true,"child_fine_cells":9,"nearest_station_id":"kr_194","nearest_station_idx":196}},{"type":"Feature","geometry":{"type":"Polygon","coordinates":[[[127.04722,37.67318],[127.07318,37.67318],[127.07318,37.69914],[127.04722,37.69914],[127.04722,37.67318]]]},"properties":{"row":19,"col":18,"walk_min":8.4,"bucket":"5-10","color":"#3aa6a0","aggregate":true,"child_fine_cells":9,"nearest_station_id":"kr_195","nearest_station_idx":197}},{"type":"Feature","geometry":{"type":"Polygon","coordinates":[[[127.07318,37.51744],[127.09914,37.51744],[127.09914,37.54339],[127.07318,37.54339],[127.07318,37.51744]]]},"properties":{"row":13,"col":19,"walk_min":6.7,"bucket":"5-10","color":"#3aa6a0","aggregate":true,"child_fine_cells":9,"nearest_station_id":"kr_210","nearest_station_idx":215}},{"type":"Feature","geometry":{"type":"Polygon","coordinates":[[[126.78765,37.62126],[126.81361,37.62126],[126.81361,37.64722],[126.78765,37.64722],[126.78765,37.62126]]]},"properties":{"row":17,"col":8,"walk_min":14.1,"bucket":"10-15","color":"#4caf50","aggregate":true,"child_fine_cells":9,"nearest_station_id":"kr_198","nearest_station_idx":200}},{"type":"Feature","geometry":{"type":"Polygon","coordinates":[[[127.04722,37.64722],[127.07318,37.64722],[127.07318,37.67318],[127.04722,37.67318],[127.04722,37.64722]]]},"properties":{"row":18,"col":18,"walk_min":2.0,"bucket":"<5","color":"#2b6cb0","aggregate":true,"child_fine_cells":9,"nearest_station_id":"kr_199","nearest_station_idx":201}},{"type":"Feature","geometry":{"type":"Polygon","coordinates":[[[126.83957,37.51744],[126.86552,37.51744],[126.86552,37.54339],[126.83957,37.54339],[126.83957,37.51744]]]},"properties":{"row":13,"col":10,"walk_min":3.2,"bucket":"<5","color":"#2b6cb0","aggregate":true,"child_fine_cells":9,"nearest_station_id":"kr_225","nearest_station_idx":226}},{"type":"Feature","geometry":{"type":"Polygon","coordinates":[[[126.89148,37.54339],[126.91744,37.54339],[126.91744,37.56935],[126.89148,37.56935],[126.89148,37.54339]]]},"properties":{"row":14,"col":12,"walk_min":5.7,"bucket":"5-10","color":"#3aa6a0","aggregate":true,"child_fine_cells":9,"nearest_station_id":"kr_240","nearest_station_idx":242}},{"type":"Feature","geometry":{"type":"Polygon","coordinates":[[[126.86552,37.46552],[126.89148,37.46552],[126.89148,37.49148],[126.86552,37.49148],[126.86552,37.46552]]]},"properties":{"row":11,"col":11,"walk_min":3.8,"bucket":"<5","color":"#2b6cb0","aggregate":true,"child_fine_cells":9,"nearest_station_id":"kr_291","nearest_station_idx":287}},{"type":"Feature","geometry":{"type":"Polygon","coordinates":[[[126.94339,37.49148],[126.96935,37.49148],[126.96935,37.51744],[126.94339,37.51744],[126.94339,37.49148]]]},"properties":{"row":12,"col":14,"walk_min":2.5,"bucket":"<5","color":"#2b6cb0","aggregate":true,"child_fine_cells":9,"nearest_station_id":"kr_244","nearest_station_idx":245}},{"type":"Feature","geometry":{"type":"Polygon","coordinates":[[[126.83957,37.46552],[126.86552,37.46552],[126.86552,37.49148],[126.83957,37.49148],[126.83957,37.46552]]]},"properties":{"row":11,"col":10,"walk_min":5.5,"bucket":"5-10","color":"#3aa6a0","aggregate":true,"child_fine_cells":9,"nearest_station_id":"kr_220","nearest_station_idx":222}},{"type":"Feature","geometry":{"type":"Polygon","coordinates":[[[126.7617,37.49148],[126.78765,37.49148],[126.78765,37.51744],[126.7617,37.51744],[126.7617,37.49148]]]},"properties":{"row":12,"col":7,"walk_min":4.6,"bucket":"<5","color":"#2b6cb0","aggregate":true,"child_fine_cells":9,"nearest_station_id":"kr_254","nearest_station_idx":178}},{"type":"Feature","geometry":{"type":"Polygon","coordinates":[[[127.07318,37.64722],[127.09914,37.64722],[127.09914,37.67318],[127.07318,37.67318],[127.07318,37.64722]]]},"properties":{"row":18,"col":19,"walk_min":11.2,"bucket":"10-15","color":"#4caf50","aggregate":true,"child_fine_cells":9,"nearest_station_id":"kr_229","nearest_station_idx":230}},{"type":"Feature","geometry":{"type":"Polygon","coordinates":[[[126.78765,37.30978],[126.81361,37.30978],[126.81361,37.33574],[126.78765,37.33574],[126.78765,37.30978]]]},"properties":{"row":5,"col":8,"walk_min":8.8,"bucket":"5-10","color":"#3aa6a0","aggregate":true,"child_fine_cells":9,"nearest_station_id":"kr_230","nearest_station_idx":231}},{"type":"Feature","geometry":{"type":"Polygon","coordinates":[[[127.12509,37.56935],[127.15105,37.56935],[127.15105,37.59531],[127.12509,37.59531],[127.12509,37.56935]]]},"properties":{"row":15,"col":21,"walk_min":9.7,"bucket":"5-10","color":"#3aa6a0","aggregate":true,"child_fine_cells":9,"nearest_station_id":"kr_231","nearest_station_idx":232}},{"type":"Feature","geometry":{"type":"Polygon","coordinates":[[[127.15105,37.43957],[127.17701,37.43957],[127.17701,37.46552],[127.15105,37.46552],[127.15105,37.43957]]]},"properties":{"row":10,"col":22,"walk_min":7.4,"bucket":"5-10","color":"#3aa6a0","aggregate":true,"child_fine_cells":9,"nearest_station_id":"kr_232","nearest_station_idx":233}},{"type":"Feature","geometry":{"type":"Polygon","coordinates":[[[127.07318,37.30978],[127.09914,37.30978],[127.09914,37.33574],[127.07318,37.33574],[127.07318,37.30978]]]},"properties":{"row":5,"col":19,"walk_min":7.3,"bucket":"5-10","color":"#3aa6a0","aggregate":true,"child_fine_cells":9,"nearest_station_id":"kr_233","nearest_station_idx":234}},{"type":"Feature","geometry":{"type":"Polygon","coordinates":[[[127.20296,37.38765],[127.22892,37.38765],[127.22892,37.41361],[127.20296,37.41361],[127.20296,37.38765]]]},"properties":{"row":8,"col":24,"walk_min":25.2,"bucket":"25-30","color":"#e2492d","aggregate":true,"child_fine_cells":8,"nearest_station_id":"kr_237","nearest_station_idx":239}},{"type":"Feature","geometry":{"type":"Polygon","coordinates":[[[126.96935,37.43957],[126.99531,37.43957],[126.99531,37.46552],[126.96935,37.46552],[126.96935,37.43957]]]},"properties":{"row":10,"col":15,"walk_min":21.9,"bucket":"20-25","color":"#f2a134","aggregate":true,"child_fine_cells":9,"nearest_station_id":"kr_247","nearest_station_idx":248}},{"type":"Feature","geometry":{"type":"Polygon","coordinates":[[[126.65787,37.43957],[126.68383,37.43957],[126.68383,37.46552],[126.65787,37.46552],[126.65787,37.43957]]]},"properties":{"row":10,"col":3,"walk_min":17.0,"bucket":"15-20","color":"#c6d92e","aggregate":true,"child_fine_cells":9,"nearest_station_id":"kr_456","nearest_station_idx":455}},{"type":"Feature","geometry":{"type":"Polygon","coordinates":[[[126.94339,37.38765],[126.96935,37.38765],[126.96935,37.41361],[126.94339,37.41361],[126.94339,37.38765]]]},"properties":{"row":8,"col":14,"walk_min":9.5,"bucket":"5-10","color":"#3aa6a0","aggregate":true,"child_fine_cells":9,"nearest_station_id":"kr_284","nearest_station_idx":281}},{"type":"Feature","geometry":{"type":"Polygon","coordinates":[[[126.68383,37.49148],[126.70978,37.49148],[126.70978,37.51744],[126.68383,37.51744],[126.68383,37.49148]]]},"properties":{"row":12,"col":4,"walk_min":10.6,"bucket":"10-15","color":"#4caf50","aggregate":true,"child_fine_cells":9,"nearest_station_id":"kr_258","nearest_station_idx":412}},{"type":"Feature","geometry":{"type":"Polygon","coordinates":[[[126.7617,37.64722],[126.78765,37.64722],[126.78765,37.67318],[126.7617,37.67318],[126.7617,37.64722]]]},"properties":{"row":18,"col":7,"walk_min":5.4,"bucket":"5-10","color":"#3aa6a0","aggregate":true,"child_fine_cells":9,"nearest_station_id":"kr_302","nearest_station_idx":298}},{"type":"Feature","geometry":{"type":"Polygon","coordinates":[[[127.12509,37.59531],[127.15105,37.59531],[127.15105,37.62126],[127.12509,37.62126],[127.12509,37.59531]]]},"properties":{"row":16,"col":21,"walk_min":6.9,"bucket":"5-10","color":"#3aa6a0","aggregate":true,"child_fine_cells":9,"nearest_station_id":"kr_303","nearest_station_idx":299}},{"type":"Feature","geometry":{"type":"Polygon","coordinates":[[[126.99531,37.43957],[127.02126,37.43957],[127.02126,37.46552],[126.99531,37.46552],[126.99531,37.43957]]]},"properties":{"row":10,"col":16,"walk_min":9.4,"bucket":"5-10","color":"#3aa6a0","aggregate":true,"child_fine_cells":9,"nearest_station_id":"kr_281","nearest_station_idx":280}},{"type":"Feature","geometry":{"type":"Polygon","coordinates":[[[126.70978,37.49148],[126.73574,37.49148],[126.73574,37.51744],[126.70978,37.51744],[126.70978,37.49148]]]},"properties":{"row":12,"col":5,"walk_min":4.3,"bucket":"<5","color":"#2b6cb0","aggregate":true,"child_fine_cells":9,"nearest_station_id":"kr_287","nearest_station_idx":347}},{"type":"Feature","geometry":{"type":"Polygon","coordinates":[[[126.89148,37.46552],[126.91744,37.46552],[126.91744,37.49148],[126.89148,37.49148],[126.89148,37.46552]]]},"properties":{"row":11,"col":12,"walk_min":7.8,"bucket":"5-10","color":"#3aa6a0","aggregate":true,"child_fine_cells":9,"nearest_station_id":"kr_288","nearest_station_idx":285}},{"type":"Feature","geometry":{"type":"Polygon","coordinates":[[[126.73574,37.49148],[126.7617,37.49148],[126.7617,37.51744],[126.73574,37.51744],[126.73574,37.49148]]]},"properties":{"row":12,"col":6,"walk_min":3.4,"bucket":"<5","color":"#2b6cb0","aggregate":true,"child_fine_cells":9,"nearest_station_id":"kr_292","nearest_station_idx":237}},{"type":"Feature","geometry":{"type":"Polygon","coordinates":[[[126.89148,37.56935],[126.91744,37.56935],[126.91744,37.59531],[126.89148,37.59531],[126.89148,37.56935]]]},"properties":{"row":15,"col":12,"walk_min":4.7,"bucket":"<5","color":"#2b6cb0","aggregate":true,"child_fine_cells":9,"nearest_station_id":"kr_339","nearest_station_idx":335}},{"type":"Feature","geometry":{"type":"Polygon","coordinates":[[[127.07318,37.46552],[127.09914,37.46552],[127.09914,37.49148],[127.07318,37.49148],[127.07318,37.46552]]]},"properties":{"row":11,"col":19,"walk_min":9.6,"bucket":"5-10","color":"#3aa6a0","aggregate":true,"child_fine_cells":9,"nearest_station_id":"kr_298","nearest_station_idx":311}},{"type":"Feature","geometry":{"type":"Polygon","coordinates":[[[127.20296,37.54339],[127.22892,37.54339],[127.22892,37.56935],[127.20296,37.56935],[127.20296,37.54339]]]},"properties":{"row":14,"col":24,"walk_min":18.2,"bucket":"15-20","color":"#c6d92e","aggregate":true,"child_fine_cells":8,"nearest_station_id":"kr_301","nearest_station_idx":297}},{"type":"Feature","geometry":{"type":"Polygon","coordinates":[[[127.04722,37.28383],[127.07318,37.28383],[127.07318,37.30978],[127.04722,37.30978],[127.04722,37.28383]]]},"properties":{"row":4,"col":18,"walk_min":13.2,"bucket":"10-15","color":"#4caf50","aggregate":true,"child_fine_cells":9,"nearest_station_id":"kr_307","nearest_station_idx":303}},{"type":"Feature","geometry":{"type":"Polygon","coordinates":[[[127.09914,37.64722],[127.12509,37.64722],[127.12509,37.67318],[127.09914,37.67318],[127.09914,37.64722]]]},"properties":{"row":18,"col":20,"walk_min":10.4,"bucket":"10-15","color":"#4caf50","aggregate":true,"child_fine_cells":9,"nearest_station_id":"kr_310","nearest_station_idx":306}},{"type":"Feature","geometry":{"type":"Polygon","coordinates":[[[126.86552,37.51744],[126.89148,37.51744],[126.89148,37.54339],[126.86552,37.54339],[126.86552,37.51744]]]},"properties":{"row":13,"col":11,"walk_min":2.8,"bucket":"<5","color":"#2b6cb0","aggregate":true,"child_fine_cells":9,"nearest_station_id":"kr_366","nearest_station_idx":363}},{"type":"Feature","geometry":{"type":"Polygon","coordinates":[[[126.89148,37.59531],[126.91744,37.59531],[126.91744,37.62126],[126.89148,37.62126],[126.89148,37.59531]]]},"properties":{"row":16,"col":12,"walk_min":11.6,"bucket":"10-15","color":"#4caf50","aggregate":true,"child_fine_cells":9,"nearest_station_id":"kr_390","nearest_station_idx":387}},{"type":"Feature","geometry":{"type":"Polygon","coordinates":[[[126.94339,37.46552],[126.96935,37.46552],[126.96935,37.49148],[126.94339,37.49148],[126.94339,37.46552]]]},"properties":{"row":11,"col":14,"walk_min":6.4,"bucket":"5-10","color":"#3aa6a0","aggregate":true,"child_fine_cells":9,"nearest_station_id":"kr_370","nearest_station_idx":367}},{"type":"Feature","geometry":{"type":"Polygon","coordinates":[[[126.96935,37.38765],[126.99531,37.38765],[126.99531,37.41361],[126.96935,37.41361],[126.96935,37.38765]]]},"properties":{"row":8,"col":15,"walk_min":14.6,"bucket":"10-15","color":"#4caf50","aggregate":true,"child_fine_cells":9,"nearest_station_id":"kr_325","nearest_station_idx":319}},{"type":"Feature","geometry":{"type":"Polygon","coordinates":[[[126.63191,37.46552],[126.65787,37.46552],[126.65787,37.49148],[126.63191,37.49148],[126.63191,37.46552]]]},"properties":{"row":11,"col":2,"walk_min":9.6,"bucket":"5-10","color":"#3aa6a0","aggregate":true,"child_fine_cells":9,"nearest_station_id":"kr_457","nearest_station_idx":456}},{"type":"Feature","geometry":{"type":"Polygon","coordinates":[[[127.17701,37.54339],[127.20296,37.54339],[127.20296,37.56935],[127.17701,37.56935],[127.17701,37.54339]]]},"properties":{"row":14,"col":23,"walk_min":6.4,"bucket":"5-10","color":"#3aa6a0","aggregate":true,"child_fine_cells":9,"nearest_station_id":"kr_332","nearest_station_idx":328}},{"type":"Feature","geometry":{"type":"Polygon","coordinates":[[[126.99531,37.41361],[127.02126,37.41361],[127.02126,37.43957],[126.99531,37.43957],[126.99531,37.41361]]]},"properties":{"row":9,"col":16,"walk_min":11.6,"bucket":"10-15","color":"#4caf50","aggregate":true,"child_fine_cells":9,"nearest_station_id":"kr_346","nearest_station_idx":342}},{"type":"Feature","geometry":{"type":"Polygon","coordinates":[[[126.73574,37.64722],[126.7617,37.64722],[126.7617,37.67318],[126.73574,37.67318],[126.73574,37.64722]]]},"properties":{"row":18,"col":6,"walk_min":17.9,"bucket":"15-20","color":"#c6d92e","aggregate":true,"child_fine_cells":9,"nearest_station_id":"kr_350","nearest_station_idx":348}},{"type":"Feature","geometry":{"type":"Polygon","coordinates":[[[126.73574,37.33574],[126.7617,37.33574],[126.7617,37.3617],[126.73574,37.3617],[126.73574,37.33574]]]},"properties":{"row":6,"col":6,"walk_min":9.7,"bucket":"5-10","color":"#3aa6a0","aggregate":true,"child_fine_cells":9,"nearest_station_id":"kr_351","nearest_station_idx":349}},{"type":"Feature","geometry":{"type":"Polygon","coordinates":[[[127.12509,37.62126],[127.15105,37.62126],[127.15105,37.64722],[127.12509,37.64722],[127.12509,37.62126]]]},"properties":{"row":17,"col":21,"walk_min":15.5,"bucket":"15-20","color":"#c6d92e","aggregate":true,"child_fine_cells":9,"nearest_station_id":"kr_438","nearest_station_idx":437}},{"type":"Feature","geometry":{"type":"Polygon","coordinates":[[[127.12509,37.41361],[127.15105,37.41361],[127.15105,37.43957],[127.12509,37.43957],[127.12509,37.41361]]]},"properties":{"row":9,"col":21,"walk_min":15.1,"bucket":"15-20","color":"#c6d92e","aggregate":true,"child_fine_cells":9,"nearest_station_id":"kr_439","nearest_station_idx":438}},{"type":"Feature","geometry":{"type":"Polygon","coordinates":[[[126.78765,37.56935],[126.81361,37.56935],[126.81361,37.59531],[126.78765,37.59531],[126.78765,37.56935]]]},"properties":{"row":15,"col":8,"walk_min":9.3,"bucket":"5-10","color":"#3aa6a0","aggregate":true,"child_fine_cells":9,"nearest_station_id":"kr_429","nearest_station_idx":428}},{"type":"Feature","geometry":{"type":"Polygon","coordinates":[[[127.20296,37.51744],[127.22892,37.51744],[127.22892,37.54339],[127.20296,37.54339],[127.20296,37.51744]]]},"properties":{"row":13,"col":24,"walk_min":36.0,"bucket":">30","color":"#a01818","aggregate":true,"child_fine_cells":8,"nearest_station_id":"kr_469","nearest_station_idx":468}},{"type":"Feature","geometry":{"type":"Polygon","coordinates":[[[127.17701,37.69914],[127.20296,37.69914],[127.20296,37.72509],[127.17701,37.72509],[127.17701,37.69914]]]},"properties":{"row":20,"col":23,"walk_min":8.6,"bucket":"5-10","color":"#3aa6a0","aggregate":true,"child_fine_cells":9,"nearest_station_id":"kr_361","nearest_station_idx":359}},{"type":"Feature","geometry":{"type":"Polygon","coordinates":[[[126.96935,37.41361],[126.99531,37.41361],[126.99531,37.43957],[126.96935,37.43957],[126.96935,37.41361]]]},"properties":{"row":9,"col":15,"walk_min":17.3,"bucket":"15-20","color":"#c6d92e","aggregate":true,"child_fine_cells":9,"nearest_station_id":"kr_367","nearest_station_idx":364}},{"type":"Feature","geometry":{"type":"Polygon","coordinates":[[[126.91744,37.46552],[126.94339,37.46552],[126.94339,37.49148],[126.91744,37.49148],[126.91744,37.46552]]]},"properties":{"row":11,"col":13,"walk_min":7.7,"bucket":"5-10","color":"#3aa6a0","aggregate":true,"child_fine_cells":9,"nearest_station_id":"kr_375","nearest_station_idx":372}},{"type":"Feature","geometry":{"type":"Polygon","coordinates":[[[126.68383,37.46552],[126.70978,37.46552],[126.70978,37.49148],[126.68383,37.49148],[126.68383,37.46552]]]},"properties":{"row":11,"col":4,"walk_min":9.6,"bucket":"5-10","color":"#3aa6a0","aggregate":true,"child_fine_cells":9,"nearest_station_id":"kr_378","nearest_station_idx":375}},{"type":"Feature","geometry":{"type":"Polygon","coordinates":[[[126.65787,37.46552],[126.68383,37.46552],[126.68383,37.49148],[126.65787,37.49148],[126.65787,37.46552]]]},"properties":{"row":11,"col":3,"walk_min":14.8,"bucket":"10-15","color":"#4caf50","aggregate":true,"child_fine_cells":9,"nearest_station_id":"kr_456","nearest_station_idx":455}},{"type":"Feature","geometry":{"type":"Polygon","coordinates":[[[126.83957,37.49148],[126.86552,37.49148],[126.86552,37.51744],[126.83957,37.51744],[126.83957,37.49148]]]},"properties":{"row":12,"col":10,"walk_min":6.4,"bucket":"5-10","color":"#3aa6a0","aggregate":true,"child_fine_cells":9,"nearest_station_id":"kr_382","nearest_station_idx":379}},{"type":"Feature","geometry":{"type":"Polygon","coordinates":[[[127.02126,37.18],[127.04722,37.18],[127.04722,37.20596],[127.02126,37.20596],[127.02126,37.18]]]},"properties":{"row":0,"col":17,"walk_min":14.9,"bucket":"10-15","color":"#4caf50","aggregate":true,"child_fine_cells":9,"nearest_station_id":"kr_388","nearest_station_idx":385}},{"type":"Feature","geometry":{"type":"Polygon","coordinates":[[[126.89148,37.41361],[126.91744,37.41361],[126.91744,37.43957],[126.89148,37.43957],[126.89148,37.41361]]]},"properties":{"row":9,"col":12,"walk_min":6.4,"bucket":"5-10","color":"#3aa6a0","aggregate":true,"child_fine_cells":9,"nearest_station_id":"kr_413","nearest_station_idx":410}},{"type":"Feature","geometry":{"type":"Polygon","coordinates":[[[126.89148,37.30978],[126.91744,37.30978],[126.91744,37.33574],[126.89148,37.33574],[126.89148,37.30978]]]},"properties":{"row":5,"col":12,"walk_min":7.7,"bucket":"5-10","color":"#3aa6a0","aggregate":true,"child_fine_cells":8,"nearest_station_id":"kr_415","nearest_station_idx":414}},{"type":"Feature","geometry":{"type":"Polygon","coordinates":[[[126.73574,37.67318],[126.7617,37.67318],[126.7617,37.69914],[126.73574,37.69914],[126.73574,37.67318]]]},"properties":{"row":19,"col":6,"walk_min":13.3,"bucket":"10-15","color":"#4caf50","aggregate":true,"child_fine_cells":9,"nearest_station_id":"kr_424","nearest_station_idx":423}},{"type":"Feature","geometry":{"type":"Polygon","coordinates":[[[126.83957,37.30978],[126.86552,37.30978],[126.86552,37.33574],[126.83957,37.33574],[126.83957,37.30978]]]},"properties":{"row":5,"col":10,"walk_min":18.1,"bucket":"15-20","color":"#c6d92e","aggregate":true,"child_fine_cells":9,"nearest_station_id":"kr_168","nearest_station_idx":170}},{"type":"Feature","geometry":{"type":"Polygon","coordinates":[[[126.7617,37.33574],[126.78765,37.33574],[126.78765,37.3617],[126.7617,37.3617],[126.7617,37.33574]]]},"properties":{"row":6,"col":7,"walk_min":19.3,"bucket":"15-20","color":"#c6d92e","aggregate":true,"child_fine_cells":9,"nearest_station_id":"kr_427","nearest_station_idx":426}},{"type":"Feature","geometry":{"type":"Polygon","coordinates":[[[126.73574,37.3617],[126.7617,37.3617],[126.7617,37.38765],[126.73574,37.38765],[126.73574,37.3617]]]},"properties":{"row":7,"col":6,"walk_min":25.4,"bucket":"25-30","color":"#e2492d","aggregate":true,"child_fine_cells":9,"nearest_station_id":"kr_428","nearest_station_idx":427}},{"type":"Feature","geometry":{"type":"Polygon","coordinates":[[[127.15105,37.49148],[127.17701,37.49148],[127.17701,37.51744],[127.15105,37.51744],[127.15105,37.49148]]]},"properties":{"row":12,"col":22,"walk_min":18.5,"bucket":"15-20","color":"#c6d92e","aggregate":true,"child_fine_cells":9,"nearest_station_id":"kr_440","nearest_station_idx":439}},{"type":"Feature","geometry":{"type":"Polygon","coordinates":[[[126.86552,37.41361],[126.89148,37.41361],[126.89148,37.43957],[126.86552,37.43957],[126.86552,37.41361]]]},"properties":{"row":9,"col":11,"walk_min":15.5,"bucket":"15-20","color":"#c6d92e","aggregate":true,"child_fine_cells":9,"nearest_station_id":"kr_442","nearest_station_idx":441}},{"type":"Feature","geometry":{"type":"Polygon","coordinates":[[[127.02126,37.28383],[127.04722,37.28383],[127.04722,37.30978],[127.02126,37.30978],[127.02126,37.28383]]]},"properties":{"row":4,"col":17,"walk_min":42.0,"bucket":">30","color":"#a01818","aggregate":true,"child_fine_cells":9,"nearest_station_id":"kr_444","nearest_station_idx":443}},{"type":"Feature","geometry":{"type":"Polygon","coordinates":[[[127.04722,37.80296],[127.07318,37.80296],[127.07318,37.82892],[127.04722,37.82892],[127.04722,37.80296]]]},"properties":{"row":24,"col":18,"walk_min":9.2,"bucket":"5-10","color":"#3aa6a0","aggregate":true,"child_fine_cells":9,"nearest_station_id":"kr_447","nearest_station_idx":446}},{"type":"Feature","geometry":{"type":"Polygon","coordinates":[[[126.68383,37.43957],[126.70978,37.43957],[126.70978,37.46552],[126.68383,37.46552],[126.68383,37.43957]]]},"properties":{"row":10,"col":4,"walk_min":16.1,"bucket":"15-20","color":"#c6d92e","aggregate":true,"child_fine_cells":9,"nearest_station_id":"kr_455","nearest_station_idx":454}},{"type":"Feature","geometry":{"type":"Polygon","coordinates":[[[126.60596,37.46552],[126.63191,37.46552],[126.63191,37.49148],[126.60596,37.49148],[126.60596,37.46552]]]},"properties":{"row":11,"col":1,"walk_min":9.7,"bucket":"5-10","color":"#3aa6a0","aggregate":true,"child_fine_cells":9,"nearest_station_id":"kr_458","nearest_station_idx":457}},{"type":"Feature","geometry":{"type":"Polygon","coordinates":[[[126.91744,37.3617],[126.94339,37.3617],[126.94339,37.38765],[126.91744,37.38765],[126.91744,37.3617]]]},"properties":{"row":7,"col":13,"walk_min":12.5,"bucket":"10-15","color":"#4caf50","aggregate":true,"child_fine_cells":9,"nearest_station_id":"kr_459","nearest_station_idx":458}},{"type":"Feature","geometry":{"type":"Polygon","coordinates":[[[126.99531,37.23191],[127.02126,37.23191],[127.02126,37.25787],[126.99531,37.25787],[126.99531,37.23191]]]},"properties":{"row":2,"col":16,"walk_min":14.6,"bucket":"10-15","color":"#4caf50","aggregate":true,"child_fine_cells":9,"nearest_station_id":"kr_462","nearest_station_idx":461}},{"type":"Feature","geometry":{"type":"Polygon","coordinates":[[[127.04722,37.18],[127.07318,37.18],[127.07318,37.20596],[127.04722,37.20596],[127.04722,37.18]]]},"properties":{"row":0,"col":18,"walk_min":13.1,"bucket":"10-15","color":"#4caf50","aggregate":true,"child_fine_cells":9,"nearest_station_id":"kr_466","nearest_station_idx":465}},{"type":"Feature","geometry":{"type":"Polygon","coordinates":[[[127.04722,37.69914],[127.07318,37.69914],[127.07318,37.72509],[127.04722,37.72509],[127.04722,37.69914]]]},"properties":{"row":20,"col":18,"walk_min":11.3,"bucket":"10-15","color":"#4caf50","aggregate":true,"child_fine_cells":9,"nearest_station_id":"kr_449","nearest_station_idx":448}},{"type":"Feature","geometry":{"type":"Polygon","coordinates":[[[127.09914,37.59531],[127.12509,37.59531],[127.12509,37.62126],[127.09914,37.62126],[127.09914,37.59531]]]},"properties":{"row":16,"col":20,"walk_min":16.4,"bucket":"15-20","color":"#c6d92e","aggregate":true,"child_fine_cells":9,"nearest_station_id":"kr_468","nearest_station_idx":467}},{"type":"Feature","geometry":{"type":"Polygon","coordinates":[[[127.20296,37.69914],[127.22892,37.69914],[127.22892,37.72509],[127.20296,37.72509],[127.20296,37.69914]]]},"properties":{"row":20,"col":24,"walk_min":17.2,"bucket":"15-20","color":"#c6d92e","aggregate":true,"child_fine_cells":9,"nearest_station_id":"kr_470","nearest_station_idx":469}},{"type":"Feature","geometry":{"type":"Polygon","coordinates":[[[126.83957,37.28383],[126.86552,37.28383],[126.86552,37.30978],[126.83957,37.30978],[126.83957,37.28383]]]},"properties":{"row":4,"col":10,"walk_min":13.4,"bucket":"10-15","color":"#4caf50","aggregate":true,"child_fine_cells":9,"nearest_station_id":"kr_114","nearest_station_idx":113}},{"type":"Feature","geometry":{"type":"Polygon","coordinates":[[[126.96935,37.25787],[126.99531,37.25787],[126.99531,37.28383],[126.96935,37.28383],[126.96935,37.25787]]]},"properties":{"row":3,"col":15,"walk_min":18.6,"bucket":"15-20","color":"#c6d92e","aggregate":true,"child_fine_cells":9,"nearest_station_id":"kr_461","nearest_station_idx":460}},{"type":"Feature","geometry":{"type":"Polygon","coordinates":[[[127.07318,37.62126],[127.09914,37.62126],[127.09914,37.64722],[127.07318,37.64722],[127.07318,37.62126]]]},"properties":{"row":17,"col":19,"walk_min":14.3,"bucket":"10-15","color":"#4caf50","aggregate":true,"child_fine_cells":9,"nearest_station_id":"kr_176","nearest_station_idx":179}},{"type":"Feature","geometry":{"type":"Polygon","coordinates":[[[126.7617,37.62126],[126.78765,37.62126],[126.78765,37.64722],[126.7617,37.64722],[126.7617,37.62126]]]},"properties":{"row":17,"col":7,"walk_min":16.1,"bucket":"15-20","color":"#c6d92e","aggregate":true,"child_fine_cells":7,"nearest_station_id":"kr_228","nearest_station_idx":229}},{"type":"Feature","geometry":{"type":"Polygon","coordinates":[[[126.89148,37.62126],[126.91744,37.62126],[126.91744,37.64722],[126.89148,37.64722],[126.89148,37.62126]]]},"properties":{"row":17,"col":12,"walk_min":11.3,"bucket":"10-15","color":"#4caf50","aggregate":true,"child_fine_cells":8,"nearest_station_id":"kr_188","nearest_station_idx":188}},{"type":"Feature","geometry":{"type":"Polygon","coordinates":[[[126.83957,37.56935],[126.86552,37.56935],[126.86552,37.59531],[126.83957,37.59531],[126.83957,37.56935]]]},"properties":{"row":15,"col":10,"walk_min":51.3,"bucket":">30","color":"#a01818","aggregate":true,"child_fine_cells":9,"nearest_station_id":"kr_430","nearest_station_idx":429}},{"type":"Feature","geometry":{"type":"Polygon","coordinates":[[[126.91744,37.30978],[126.94339,37.30978],[126.94339,37.33574],[126.91744,37.33574],[126.91744,37.30978]]]},"properties":{"row":5,"col":13,"walk_min":19.9,"bucket":"15-20","color":"#c6d92e","aggregate":true,"child_fine_cells":9,"nearest_station_id":"kr_423","nearest_station_idx":422}},{"type":"Feature","geometry":{"type":"Polygon","coordinates":[[[126.94339,37.28383],[126.96935,37.28383],[126.96935,37.30978],[126.94339,37.30978],[126.94339,37.28383]]]},"properties":{"row":4,"col":14,"walk_min":16.7,"bucket":"15-20","color":"#c6d92e","aggregate":true,"child_fine_cells":9,"nearest_station_id":"kr_086","nearest_station_idx":84}},{"type":"Feature","geometry":{"type":"Polygon","coordinates":[[[127.17701,37.38765],[127.20296,37.38765],[127.20296,37.41361],[127.17701,37.41361],[127.17701,37.38765]]]},"properties":{"row":8,"col":23,"walk_min":32.0,"bucket":">30","color":"#a01818","aggregate":true,"child_fine_cells":8,"nearest_station_id":"kr_236","nearest_station_idx":238}},{"type":"Feature","geometry":{"type":"Polygon","coordinates":[[[126.91744,37.56935],[126.94339,37.56935],[126.94339,37.59531],[126.91744,37.59531],[126.91744,37.56935]]]},"properties":{"row":15,"col":13,"walk_min":11.8,"bucket":"10-15","color":"#4caf50","aggregate":true,"child_fine_cells":9,"nearest_station_id":"kr_110","nearest_station_idx":109}},{"type":"Feature","geometry":{"type":"Polygon","coordinates":[[[127.15105,37.62126],[127.17701,37.62126],[127.17701,37.64722],[127.15105,37.64722],[127.15105,37.62126]]]},"properties":{"row":17,"col":22,"walk_min":22.7,"bucket":"20-25","color":"#f2a134","aggregate":true,"child_fine_cells":9,"nearest_station_id":"kr_352","nearest_station_idx":350}},{"type":"Feature","geometry":{"type":"Polygon","coordinates":[[[126.81361,37.51744],[126.83957,37.51744],[126.83957,37.54339],[126.81361,37.54339],[126.81361,37.51744]]]},"properties":{"row":13,"col":9,"walk_min":17.2,"bucket":"15-20","color":"#c6d92e","aggregate":true,"child_fine_cells":9,"nearest_station_id":"kr_297","nearest_station_idx":293}},{"type":"Feature","geometry":{"type":"Polygon","coordinates":[[[126.7617,37.30978],[126.78765,37.30978],[126.78765,37.33574],[126.7617,37.33574],[126.7617,37.30978]]]},"properties":{"row":5,"col":7,"walk_min":17.6,"bucket":"15-20","color":"#c6d92e","aggregate":true,"child_fine_cells":9,"nearest_station_id":"kr_263","nearest_station_idx":262}},{"type":"Feature","geometry":{"type":"Polygon","coordinates":[[[126.86552,37.43957],[126.89148,37.43957],[126.89148,37.46552],[126.86552,37.46552],[126.86552,37.43957]]]},"properties":{"row":10,"col":11,"walk_min":17.3,"bucket":"15-20","color":"#c6d92e","aggregate":true,"child_fine_cells":9,"nearest_station_id":"kr_008","nearest_station_idx":7}},{"type":"Feature","geometry":{"type":"Polygon","coordinates":[[[126.81361,37.56935],[126.83957,37.56935],[126.83957,37.59531],[126.81361,37.59531],[126.81361,37.56935]]]},"properties":{"row":15,"col":9,"walk_min":23.2,"bucket":"20-25","color":"#f2a134","aggregate":true,"child_fine_cells":8,"nearest_station_id":"kr_441","nearest_station_idx":440}},{"type":"Feature","geometry":{"type":"Polygon","coordinates":[[[127.04722,37.72509],[127.07318,37.72509],[127.07318,37.75105],[127.04722,37.75105],[127.04722,37.72509]]]},"properties":{"row":21,"col":18,"walk_min":16.3,"bucket":"15-20","color":"#c6d92e","aggregate":true,"child_fine_cells":9,"nearest_station_id":"kr_065","nearest_station_idx":66}},{"type":"Feature","geometry":{"type":"Polygon","coordinates":[[[127.09914,37.62126],[127.12509,37.62126],[127.12509,37.64722],[127.09914,37.64722],[127.09914,37.62126]]]},"properties":{"row":17,"col":20,"walk_min":25.0,"bucket":"25-30","color":"#e2492d","aggregate":true,"child_fine_cells":9,"nearest_station_id":"kr_438","nearest_station_idx":437}},{"type":"Feature","geometry":{"type":"Polygon","coordinates":[[[126.99531,37.59531],[127.02126,37.59531],[127.02126,37.62126],[126.99531,37.62126],[126.99531,37.59531]]]},"properties":{"row":16,"col":16,"walk_min":15.8,"bucket":"15-20","color":"#c6d92e","aggregate":true,"child_fine_cells":9,"nearest_station_id":"kr_082","nearest_station_idx":81}},{"type":"Feature","geometry":{"type":"Polygon","coordinates":[[[127.04722,37.75105],[127.07318,37.75105],[127.07318,37.77701],[127.04722,37.77701],[127.04722,37.75105]]]},"properties":{"row":22,"col":18,"walk_min":18.0,"bucket":"15-20","color":"#c6d92e","aggregate":true,"child_fine_cells":9,"nearest_station_id":"kr_421","nearest_station_idx":420}},{"type":"Feature","geometry":{"type":"Polygon","coordinates":[[[126.89148,37.28383],[126.91744,37.28383],[126.91744,37.30978],[126.89148,37.30978],[126.89148,37.28383]]]},"properties":{"row":4,"col":12,"walk_min":37.0,"bucket":">30","color":"#a01818","aggregate":true,"child_fine_cells":9,"nearest_station_id":"kr_415","nearest_station_idx":414}},{"type":"Feature","geometry":{"type":"Polygon","coordinates":[[[126.81361,37.64722],[126.83957,37.64722],[126.83957,37.67318],[126.81361,37.67318],[126.81361,37.64722]]]},"properties":{"row":18,"col":9,"walk_min":18.9,"bucket":"15-20","color":"#c6d92e","aggregate":true,"child_fine_cells":9,"nearest_station_id":"kr_145","nearest_station_idx":147}},{"type":"Feature","geometry":{"type":"Polygon","coordinates":[[[127.02126,37.77701],[127.04722,37.77701],[127.04722,37.80296],[127.02126,37.80296],[127.02126,37.77701]]]},"properties":{"row":23,"col":17,"walk_min":25.2,"bucket":"25-30","color":"#e2492d","aggregate":true,"child_fine_cells":9,"nearest_station_id":"kr_092","nearest_station_idx":91}},{"type":"Feature","geometry":{"type":"Polygon","coordinates":[[[127.09914,37.30978],[127.12509,37.30978],[127.12509,37.33574],[127.09914,37.33574],[127.09914,37.30978]]]},"properties":{"row":5,"col":20,"walk_min":21.6,"bucket":"20-25","color":"#f2a134","aggregate":true,"child_fine_cells":9,"nearest_station_id":"kr_233","nearest_station_idx":234}},{"type":"Feature","geometry":{"type":"Polygon","coordinates":[[[127.07318,37.33574],[127.09914,37.33574],[127.09914,37.3617],[127.07318,37.3617],[127.07318,37.33574]]]},"properties":{"row":6,"col":19,"walk_min":24.6,"bucket":"20-25","color":"#f2a134","aggregate":true,"child_fine_cells":9,"nearest_station_id":"kr_202","nearest_station_idx":204}},{"type":"Feature","geometry":{"type":"Polygon","coordinates":[[[126.70978,37.3617],[126.73574,37.3617],[126.73574,37.38765],[126.70978,37.38765],[126.70978,37.3617]]]},"properties":{"row":7,"col":5,"walk_min":36.6,"bucket":">30","color":"#a01818","aggregate":true,"child_fine_cells":9,"nearest_station_id":"kr_428","nearest_station_idx":427}},{"type":"Feature","geometry":{"type":"Polygon","coordinates":[[[126.7617,37.67318],[126.78765,37.67318],[126.78765,37.69914],[126.7617,37.69914],[126.7617,37.67318]]]},"properties":{"row":19,"col":7,"walk_min":26.6,"bucket":"25-30","color":"#e2492d","aggregate":true,"child_fine_cells":9,"nearest_station_id":"kr_350","nearest_station_idx":348}},{"type":"Feature","geometry":{"type":"Polygon","coordinates":[[[126.70978,37.33574],[126.73574,37.33574],[126.73574,37.3617],[126.70978,37.3617],[126.70978,37.33574]]]},"properties":{"row":6,"col":5,"walk_min":23.7,"bucket":"20-25","color":"#f2a134","aggregate":true,"child_fine_cells":9,"nearest_station_id":"kr_351","nearest_station_idx":349}},{"type":"Feature","geometry":{"type":"Polygon","coordinates":[[[127.07318,37.67318],[127.09914,37.67318],[127.09914,37.69914],[127.07318,37.69914],[127.07318,37.67318]]]},"properties":{"row":19,"col":19,"walk_min":21.9,"bucket":"20-25","color":"#f2a134","aggregate":true,"child_fine_cells":9,"nearest_station_id":"kr_262","nearest_station_idx":261}},{"type":"Feature","geometry":{"type":"Polygon","coordinates":[[[126.86552,37.38765],[126.89148,37.38765],[126.89148,37.41361],[126.86552,37.41361],[126.86552,37.38765]]]},"properties":{"row":8,"col":11,"walk_min":29.8,"bucket":"25-30","color":"#e2492d","aggregate":true,"child_fine_cells":9,"nearest_station_id":"kr_442","nearest_station_idx":441}},{"type":"Feature","geometry":{"type":"Polygon","coordinates":[[[126.91744,37.64722],[126.94339,37.64722],[126.94339,37.67318],[126.91744,37.67318],[126.91744,37.64722]]]},"properties":{"row":18,"col":13,"walk_min":26.4,"bucket":"25-30","color":"#e2492d","aggregate":true,"child_fine_cells":9,"nearest_station_id":"kr_104","nearest_station_idx":103}},{"type":"Feature","geometry":{"type":"Polygon","coordinates":[[[127.15105,37.59531],[127.17701,37.59531],[127.17701,37.62126],[127.15105,37.62126],[127.15105,37.59531]]]},"properties":{"row":16,"col":22,"walk_min":24.1,"bucket":"20-25","color":"#f2a134","aggregate":true,"child_fine_cells":9,"nearest_station_id":"kr_264","nearest_station_idx":263}},{"type":"Feature","geometry":{"type":"Polygon","coordinates":[[[126.63191,37.43957],[126.65787,37.43957],[126.65787,37.46552],[126.63191,37.46552],[126.63191,37.43957]]]},"properties":{"row":10,"col":2,"walk_min":21.8,"bucket":"20-25","color":"#f2a134","aggregate":true,"child_fine_cells":9,"nearest_station_id":"kr_457","nearest_station_idx":456}},{"type":"Feature","geometry":{"type":"Polygon","coordinates":[[[127.07318,37.28383],[127.09914,37.28383],[127.09914,37.30978],[127.07318,37.30978],[127.07318,37.28383]]]},"properties":{"row":4,"col":19,"walk_min":19.3,"bucket":"15-20","color":"#c6d92e","aggregate":true,"child_fine_cells":9,"nearest_station_id":"kr_307","nearest_station_idx":303}},{"type":"Feature","geometry":{"type":"Polygon","coordinates":[[[126.99531,37.62126],[127.02126,37.62126],[127.02126,37.64722],[126.99531,37.64722],[126.99531,37.62126]]]},"properties":{"row":17,"col":16,"walk_min":17.3,"bucket":"15-20","color":"#c6d92e","aggregate":true,"child_fine_cells":9,"nearest_station_id":"kr_116","nearest_station_idx":115}},{"type":"Feature","geometry":{"type":"Polygon","coordinates":[[[127.02126,37.23191],[127.04722,37.23191],[127.04722,37.25787],[127.02126,37.25787],[127.02126,37.23191]]]},"properties":{"row":2,"col":17,"walk_min":25.6,"bucket":"25-30","color":"#e2492d","aggregate":true,"child_fine_cells":9,"nearest_station_id":"kr_462","nearest_station_idx":461}},{"type":"Feature","geometry":{"type":"Polygon","coordinates":[[[127.04722,37.77701],[127.07318,37.77701],[127.07318,37.80296],[127.04722,37.80296],[127.04722,37.77701]]]},"properties":{"row":23,"col":18,"walk_min":23.9,"bucket":"20-25","color":"#f2a134","aggregate":true,"child_fine_cells":9,"nearest_station_id":"kr_092","nearest_station_idx":91}},{"type":"Feature","geometry":{"type":"Polygon","coordinates":[[[127.12509,37.64722],[127.15105,37.64722],[127.15105,37.67318],[127.12509,37.67318],[127.12509,37.64722]]]},"properties":{"row":18,"col":21,"walk_min":25.5,"bucket":"25-30","color":"#e2492d","aggregate":true,"child_fine_cells":9,"nearest_station_id":"kr_310","nearest_station_idx":306}},{"type":"Feature","geometry":{"type":"Polygon","coordinates":[[[126.86552,37.62126],[126.89148,37.62126],[126.89148,37.64722],[126.86552,37.64722],[126.86552,37.62126]]]},"properties":{"row":17,"col":11,"walk_min":23.3,"bucket":"20-25","color":"#f2a134","aggregate":true,"child_fine_cells":9,"nearest_station_id":"kr_126","nearest_station_idx":126}},{"type":"Feature","geometry":{"type":"Polygon","coordinates":[[[126.78765,37.64722],[126.81361,37.64722],[126.81361,37.67318],[126.78765,37.67318],[126.78765,37.64722]]]},"properties":{"row":18,"col":8,"walk_min":24.3,"bucket":"20-25","color":"#f2a134","aggregate":true,"child_fine_cells":9,"nearest_station_id":"kr_228","nearest_station_idx":229}},{"type":"Feature","geometry":{"type":"Polygon","coordinates":[[[127.20296,37.72509],[127.22892,37.72509],[127.22892,37.75105],[127.20296,37.75105],[127.20296,37.72509]]]},"properties":{"row":21,"col":24,"walk_min":31.6,"bucket":">30","color":"#a01818","aggregate":true,"child_fine_cells":9,"nearest_station_id":"kr_470","nearest_station_idx":469}},{"type":"Feature","geometry":{"type":"Polygon","coordinates":[[[126.81361,37.28383],[126.83957,37.28383],[126.83957,37.30978],[126.81361,37.30978],[126.81361,37.28383]]]},"properties":{"row":4,"col":9,"walk_min":30.0,"bucket":">30","color":"#a01818","aggregate":true,"child_fine_cells":9,"nearest_station_id":"kr_426","nearest_station_idx":425}},{"type":"Feature","geometry":{"type":"Polygon","coordinates":[[[127.15105,37.46552],[127.17701,37.46552],[127.17701,37.49148],[127.15105,37.49148],[127.15105,37.46552]]]},"properties":{"row":11,"col":22,"walk_min":22.8,"bucket":"20-25","color":"#f2a134","aggregate":true,"child_fine_cells":9,"nearest_station_id":"kr_440","nearest_station_idx":439}},{"type":"Feature","geometry":{"type":"Polygon","coordinates":[[[126.7617,37.56935],[126.78765,37.56935],[126.78765,37.59531],[126.7617,37.59531],[126.7617,37.56935]]]},"properties":{"row":15,"col":7,"walk_min":34.8,"bucket":">30","color":"#a01818","aggregate":true,"child_fine_cells":9,"nearest_station_id":"kr_429","nearest_station_idx":428}},{"type":"Feature","geometry":{"type":"Polygon","coordinates":[[[127.02126,37.43957],[127.04722,37.43957],[127.04722,37.46552],[127.02126,37.46552],[127.02126,37.43957]]]},"properties":{"row":10,"col":17,"walk_min":18.0,"bucket":"15-20","color":"#c6d92e","aggregate":true,"child_fine_cells":9,"nearest_station_id":"kr_040","nearest_station_idx":42}},{"type":"Feature","geometry":{"type":"Polygon","coordinates":[[[127.15105,37.51744],[127.17701,37.51744],[127.17701,37.54339],[127.15105,37.54339],[127.15105,37.51744]]]},"properties":{"row":13,"col":22,"walk_min":23.5,"bucket":"20-25","color":"#f2a134","aggregate":true,"child_fine_cells":9,"nearest_station_id":"kr_437","nearest_station_idx":436}},{"type":"Feature","geometry":{"type":"Polygon","coordinates":[[[127.17701,37.72509],[127.20296,37.72509],[127.20296,37.75105],[127.17701,37.75105],[127.17701,37.72509]]]},"properties":{"row":21,"col":23,"walk_min":36.8,"bucket":">30","color":"#a01818","aggregate":true,"child_fine_cells":9,"nearest_station_id":"kr_470","nearest_station_idx":469}},{"type":"Feature","geometry":{"type":"Polygon","coordinates":[[[127.15105,37.41361],[127.17701,37.41361],[127.17701,37.43957],[127.15105,37.43957],[127.15105,37.41361]]]},"properties":{"row":9,"col":22,"walk_min":25.2,"bucket":"25-30","color":"#e2492d","aggregate":true,"child_fine_cells":9,"nearest_station_id":"kr_265","nearest_station_idx":264}},{"type":"Feature","geometry":{"type":"Polygon","coordinates":[[[127.09914,37.67318],[127.12509,37.67318],[127.12509,37.69914],[127.09914,37.69914],[127.09914,37.67318]]]},"properties":{"row":19,"col":20,"walk_min":31.0,"bucket":">30","color":"#a01818","aggregate":true,"child_fine_cells":9,"nearest_station_id":"kr_310","nearest_station_idx":306}},{"type":"Feature","geometry":{"type":"Polygon","coordinates":[[[127.04722,37.30978],[127.07318,37.30978],[127.07318,37.33574],[127.04722,37.33574],[127.04722,37.30978]]]},"properties":{"row":5,"col":18,"walk_min":25.8,"bucket":"25-30","color":"#e2492d","aggregate":true,"child_fine_cells":9,"nearest_station_id":"kr_266","nearest_station_idx":265}},{"type":"Feature","geometry":{"type":"Polygon","coordinates":[[[127.17701,37.67318],[127.20296,37.67318],[127.20296,37.69914],[127.17701,37.69914],[127.17701,37.67318]]]},"properties":{"row":19,"col":23,"walk_min":30.8,"bucket":">30","color":"#a01818","aggregate":true,"child_fine_cells":9,"nearest_station_id":"kr_361","nearest_station_idx":359}},{"type":"Feature","geometry":{"type":"Polygon","coordinates":[[[126.89148,37.38765],[126.91744,37.38765],[126.91744,37.41361],[126.89148,37.41361],[126.89148,37.38765]]]},"properties":{"row":8,"col":12,"walk_min":27.0,"bucket":"25-30","color":"#e2492d","aggregate":true,"child_fine_cells":9,"nearest_station_id":"kr_010","nearest_station_idx":9}},{"type":"Feature","geometry":{"type":"Polygon","coordinates":[[[127.20296,37.41361],[127.22892,37.41361],[127.22892,37.43957],[127.20296,37.43957],[127.20296,37.41361]]]},"properties":{"row":9,"col":24,"walk_min":39.7,"bucket":">30","color":"#a01818","aggregate":true,"child_fine_cells":6,"nearest_station_id":"kr_236","nearest_station_idx":238}},{"type":"Feature","geometry":{"type":"Polygon","coordinates":[[[126.83957,37.62126],[126.86552,37.62126],[126.86552,37.64722],[126.83957,37.64722],[126.83957,37.62126]]]},"properties":{"row":17,"col":10,"walk_min":23.0,"bucket":"20-25","color":"#f2a134","aggregate":true,"child_fine_cells":9,"nearest_station_id":"kr_167","nearest_station_idx":169}},{"type":"Feature","geometry":{"type":"Polygon","coordinates":[[[126.99531,37.28383],[127.02126,37.28383],[127.02126,37.30978],[126.99531,37.30978],[126.99531,37.28383]]]},"properties":{"row":4,"col":16,"walk_min":30.3,"bucket":">30","color":"#a01818","aggregate":true,"child_fine_cells":9,"nearest_station_id":"kr_461","nearest_station_idx":460}},{"type":"Feature","geometry":{"type":"Polygon","coordinates":[[[127.12509,37.3617],[127.15105,37.3617],[127.15105,37.38765],[127.12509,37.38765],[127.12509,37.3617]]]},"properties":{"row":7,"col":21,"walk_min":31.4,"bucket":">30","color":"#a01818","aggregate":true,"child_fine_cells":9,"nearest_station_id":"kr_108","nearest_station_idx":107}},{"type":"Feature","geometry":{"type":"Polygon","coordinates":[[[126.86552,37.30978],[126.89148,37.30978],[126.89148,37.33574],[126.86552,37.33574],[126.86552,37.30978]]]},"properties":{"row":5,"col":11,"walk_min":30.7,"bucket":">30","color":"#a01818","aggregate":true,"child_fine_cells":9,"nearest_station_id":"kr_114","nearest_station_idx":113}},{"type":"Feature","geometry":{"type":"Polygon","coordinates":[[[127.17701,37.41361],[127.20296,37.41361],[127.20296,37.43957],[127.17701,37.43957],[127.17701,37.41361]]]},"properties":{"row":9,"col":23,"walk_min":31.6,"bucket":">30","color":"#a01818","aggregate":true,"child_fine_cells":9,"nearest_station_id":"kr_236","nearest_station_idx":238}},{"type":"Feature","geometry":{"type":"Polygon","coordinates":[[[126.68383,37.51744],[126.70978,37.51744],[126.70978,37.54339],[126.68383,37.54339],[126.68383,37.51744]]]},"properties":{"row":13,"col":4,"walk_min":32.7,"bucket":">30","color":"#a01818","aggregate":true,"child_fine_cells":9,"nearest_station_id":"kr_258","nearest_station_idx":412}},{"type":"Feature","geometry":{"type":"Polygon","coordinates":[[[127.17701,37.56935],[127.20296,37.56935],[127.20296,37.59531],[127.17701,37.59531],[127.17701,37.56935]]]},"properties":{"row":15,"col":23,"walk_min":33.7,"bucket":">30","color":"#a01818","aggregate":true,"child_fine_cells":9,"nearest_station_id":"kr_331","nearest_station_idx":327}},{"type":"Feature","geometry":{"type":"Polygon","coordinates":[[[127.02126,37.80296],[127.04722,37.80296],[127.04722,37.82892],[127.02126,37.82892],[127.02126,37.80296]]]},"properties":{"row":24,"col":17,"walk_min":30.4,"bucket":">30","color":"#a01818","aggregate":true,"child_fine_cells":9,"nearest_station_id":"kr_447","nearest_station_idx":446}},{"type":"Feature","geometry":{"type":"Polygon","coordinates":[[[127.04722,37.41361],[127.07318,37.41361],[127.07318,37.43957],[127.04722,37.43957],[127.04722,37.41361]]]},"properties":{"row":9,"col":18,"walk_min":37.1,"bucket":">30","color":"#a01818","aggregate":true,"child_fine_cells":9,"nearest_station_id":"kr_040","nearest_station_idx":42}},{"type":"Feature","geometry":{"type":"Polygon","coordinates":[[[127.09914,37.43957],[127.12509,37.43957],[127.12509,37.46552],[127.09914,37.46552],[127.09914,37.43957]]]},"properties":{"row":10,"col":20,"walk_min":45.1,"bucket":">30","color":"#a01818","aggregate":true,"child_fine_cells":9,"nearest_station_id":"kr_146","nearest_station_idx":148}},{"type":"Feature","geometry":{"type":"Polygon","coordinates":[[[126.96935,37.3617],[126.99531,37.3617],[126.99531,37.38765],[126.96935,37.38765],[126.96935,37.3617]]]},"properties":{"row":7,"col":15,"walk_min":34.9,"bucket":">30","color":"#a01818","aggregate":true,"child_fine_cells":9,"nearest_station_id":"kr_284","nearest_station_idx":281}},{"type":"Feature","geometry":{"type":"Polygon","coordinates":[[[127.09914,37.56935],[127.12509,37.56935],[127.12509,37.59531],[127.09914,37.59531],[127.09914,37.56935]]]},"properties":{"row":15,"col":20,"walk_min":22.4,"bucket":"20-25","color":"#f2a134","aggregate":true,"child_fine_cells":9,"nearest_station_id":"kr_120","nearest_station_idx":120}},{"type":"Feature","geometry":{"type":"Polygon","coordinates":[[[126.96935,37.30978],[126.99531,37.30978],[126.99531,37.33574],[126.96935,37.33574],[126.96935,37.30978]]]},"properties":{"row":5,"col":15,"walk_min":33.9,"bucket":">30","color":"#a01818","aggregate":true,"child_fine_cells":9,"nearest_station_id":"kr_085","nearest_station_idx":83}},{"type":"Feature","geometry":{"type":"Polygon","coordinates":[[[126.86552,37.56935],[126.89148,37.56935],[126.89148,37.59531],[126.86552,37.59531],[126.86552,37.56935]]]},"properties":{"row":15,"col":11,"walk_min":31.7,"bucket":">30","color":"#a01818","aggregate":true,"child_fine_cells":9,"nearest_station_id":"kr_327","nearest_station_idx":324}},{"type":"Feature","geometry":{"type":"Polygon","coordinates":[[[126.70978,37.51744],[126.73574,37.51744],[126.73574,37.54339],[126.70978,37.54339],[126.70978,37.51744]]]},"properties":{"row":13,"col":5,"walk_min":27.7,"bucket":"25-30","color":"#e2492d","aggregate":true,"child_fine_cells":9,"nearest_station_id":"kr_287","nearest_station_idx":347}},{"type":"Feature","geometry":{"type":"Polygon","coordinates":[[[126.70978,37.43957],[126.73574,37.43957],[126.73574,37.46552],[126.70978,37.46552],[126.70978,37.43957]]]},"properties":{"row":10,"col":5,"walk_min":34.5,"bucket":">30","color":"#a01818","aggregate":true,"child_fine_cells":9,"nearest_station_id":"kr_378","nearest_station_idx":375}},{"type":"Feature","geometry":{"type":"Polygon","coordinates":[[[126.70978,37.67318],[126.73574,37.67318],[126.73574,37.69914],[126.70978,37.69914],[126.70978,37.67318]]]},"properties":{"row":19,"col":5,"walk_min":30.3,"bucket":">30","color":"#a01818","aggregate":true,"child_fine_cells":9,"nearest_station_id":"kr_424","nearest_station_idx":423}},{"type":"Feature","geometry":{"type":"Polygon","coordinates":[[[127.04722,37.20596],[127.07318,37.20596],[127.07318,37.23191],[127.04722,37.23191],[127.04722,37.20596]]]},"properties":{"row":1,"col":18,"walk_min":34.6,"bucket":">30","color":"#a01818","aggregate":true,"child_fine_cells":9,"nearest_station_id":"kr_466","nearest_station_idx":465}},{"type":"Feature","geometry":{"type":"Polygon","coordinates":[[[126.91744,37.41361],[126.94339,37.41361],[126.94339,37.43957],[126.91744,37.43957],[126.91744,37.41361]]]},"properties":{"row":9,"col":13,"walk_min":34.7,"bucket":">30","color":"#a01818","aggregate":true,"child_fine_cells":9,"nearest_station_id":"kr_413","nearest_station_idx":410}},{"type":"Feature","geometry":{"type":"Polygon","coordinates":[[[126.89148,37.33574],[126.91744,37.33574],[126.91744,37.3617],[126.89148,37.3617],[126.89148,37.33574]]]},"properties":{"row":6,"col":12,"walk_min":30.8,"bucket":">30","color":"#a01818","aggregate":true,"child_fine_cells":9,"nearest_station_id":"kr_364","nearest_station_idx":362}},{"type":"Feature","geometry":{"type":"Polygon","coordinates":[[[127.15105,37.56935],[127.17701,37.56935],[127.17701,37.59531],[127.15105,37.59531],[127.15105,37.56935]]]},"properties":{"row":15,"col":22,"walk_min":26.5,"bucket":"25-30","color":"#e2492d","aggregate":true,"child_fine_cells":9,"nearest_station_id":"kr_231","nearest_station_idx":232}},{"type":"Feature","geometry":{"type":"Polygon","coordinates":[[[126.94339,37.59531],[126.96935,37.59531],[126.96935,37.62126],[126.94339,37.62126],[126.94339,37.59531]]]},"properties":{"row":16,"col":14,"walk_min":31.6,"bucket":">30","color":"#a01818","aggregate":true,"child_fine_cells":9,"nearest_station_id":"kr_080","nearest_station_idx":79}},{"type":"Feature","geometry":{"type":"Polygon","coordinates":[[[126.73574,37.51744],[126.7617,37.51744],[126.7617,37.54339],[126.73574,37.54339],[126.73574,37.51744]]]},"properties":{"row":13,"col":6,"walk_min":31.5,"bucket":">30","color":"#a01818","aggregate":true,"child_fine_cells":9,"nearest_station_id":"kr_315","nearest_station_idx":272}},{"type":"Feature","geometry":{"type":"Polygon","coordinates":[[[126.60596,37.43957],[126.63191,37.43957],[126.63191,37.46552],[126.60596,37.46552],[126.60596,37.43957]]]},"properties":{"row":10,"col":1,"walk_min":40.5,"bucket":">30","color":"#a01818","aggregate":true,"child_fine_cells":9,"nearest_station_id":"kr_458","nearest_station_idx":457}},{"type":"Feature","geometry":{"type":"Polygon","coordinates":[[[126.99531,37.64722],[127.02126,37.64722],[127.02126,37.67318],[126.99531,37.67318],[126.99531,37.64722]]]},"properties":{"row":18,"col":16,"walk_min":34.2,"bucket":">30","color":"#a01818","aggregate":true,"child_fine_cells":9,"nearest_station_id":"kr_125","nearest_station_idx":125}},{"type":"Feature","geometry":{"type":"Polygon","coordinates":[[[126.7617,37.51744],[126.78765,37.51744],[126.78765,37.54339],[126.7617,37.54339],[126.7617,37.51744]]]},"properties":{"row":13,"col":7,"walk_min":30.8,"bucket":">30","color":"#a01818","aggregate":true,"child_fine_cells":7,"nearest_station_id":"kr_280","nearest_station_idx":209}},{"type":"Feature","geometry":{"type":"Polygon","coordinates":[[[126.96935,37.59531],[126.99531,37.59531],[126.99531,37.62126],[126.96935,37.62126],[126.96935,37.59531]]]},"properties":{"row":16,"col":15,"walk_min":41.5,"bucket":">30","color":"#a01818","aggregate":true,"child_fine_cells":9,"nearest_station_id":"kr_061","nearest_station_idx":60}},{"type":"Feature","geometry":{"type":"Polygon","coordinates":[[[126.99531,37.20596],[127.02126,37.20596],[127.02126,37.23191],[126.99531,37.23191],[126.99531,37.20596]]]},"properties":{"row":1,"col":16,"walk_min":47.6,"bucket":">30","color":"#a01818","aggregate":true,"child_fine_cells":9,"nearest_station_id":"kr_047","nearest_station_idx":46}},{"type":"Feature","geometry":{"type":"Polygon","coordinates":[[[127.17701,37.51744],[127.20296,37.51744],[127.20296,37.54339],[127.17701,37.54339],[127.17701,37.51744]]]},"properties":{"row":13,"col":23,"walk_min":35.4,"bucket":">30","color":"#a01818","aggregate":true,"child_fine_cells":9,"nearest_station_id":"kr_360","nearest_station_idx":358}},{"type":"Feature","geometry":{"type":"Polygon","coordinates":[[[127.20296,37.67318],[127.22892,37.67318],[127.22892,37.69914],[127.20296,37.69914],[127.20296,37.67318]]]},"properties":{"row":19,"col":24,"walk_min":40.2,"bucket":">30","color":"#a01818","aggregate":true,"child_fine_cells":9,"nearest_station_id":"kr_361","nearest_station_idx":359}},{"type":"Feature","geometry":{"type":"Polygon","coordinates":[[[126.78765,37.51744],[126.81361,37.51744],[126.81361,37.54339],[126.78765,37.54339],[126.78765,37.51744]]]},"properties":{"row":13,"col":8,"walk_min":32.8,"bucket":">30","color":"#a01818","aggregate":true,"child_fine_cells":9,"nearest_station_id":"kr_206","nearest_station_idx":130}},{"type":"Feature","geometry":{"type":"Polygon","coordinates":[[[126.78765,37.28383],[126.81361,37.28383],[126.81361,37.30978],[126.78765,37.30978],[126.78765,37.28383]]]},"properties":{"row":4,"col":8,"walk_min":41.4,"bucket":">30","color":"#a01818","aggregate":true,"child_fine_cells":8,"nearest_station_id":"kr_230","nearest_station_idx":231}},{"type":"Feature","geometry":{"type":"Polygon","coordinates":[[[126.70978,37.64722],[126.73574,37.64722],[126.73574,37.67318],[126.70978,37.67318],[126.70978,37.64722]]]},"properties":{"row":18,"col":5,"walk_min":34.0,"bucket":">30","color":"#a01818","aggregate":true,"child_fine_cells":7,"nearest_station_id":"kr_424","nearest_station_idx":423}},{"type":"Feature","geometry":{"type":"Polygon","coordinates":[[[126.58,37.46552],[126.60596,37.46552],[126.60596,37.49148],[126.58,37.49148],[126.58,37.46552]]]},"properties":{"row":11,"col":0,"walk_min":26.9,"bucket":"25-30","color":"#e2492d","aggregate":true,"child_fine_cells":5,"nearest_station_id":"kr_458","nearest_station_idx":457}},{"type":"Feature","geometry":{"type":"Polygon","coordinates":[[[126.94339,37.43957],[126.96935,37.43957],[126.96935,37.46552],[126.94339,37.46552],[126.94339,37.43957]]]},"properties":{"row":10,"col":14,"walk_min":33.6,"bucket":">30","color":"#a01818","aggregate":true,"child_fine_cells":9,"nearest_station_id":"kr_319","nearest_station_idx":315}},{"type":"Feature","geometry":{"type":"Polygon","coordinates":[[[126.94339,37.62126],[126.96935,37.62126],[126.96935,37.64722],[126.94339,37.64722],[126.94339,37.62126]]]},"properties":{"row":17,"col":14,"walk_min":40.2,"bucket":">30","color":"#a01818","aggregate":true,"child_fine_cells":9,"nearest_station_id":"kr_409","nearest_station_idx":406}},{"type":"Feature","geometry":{"type":"Polygon","coordinates":[[[126.83957,37.43957],[126.86552,37.43957],[126.86552,37.46552],[126.83957,37.46552],[126.83957,37.43957]]]},"properties":{"row":10,"col":10,"walk_min":34.6,"bucket":">30","color":"#a01818","aggregate":true,"child_fine_cells":9,"nearest_station_id":"kr_256","nearest_station_idx":255}},{"type":"Feature","geometry":{"type":"Polygon","coordinates":[[[126.81361,37.59531],[126.83957,37.59531],[126.83957,37.62126],[126.81361,37.62126],[126.81361,37.59531]]]},"properties":{"row":16,"col":9,"walk_min":37.5,"bucket":">30","color":"#a01818","aggregate":true,"child_fine_cells":9,"nearest_station_id":"kr_198","nearest_station_idx":200}},{"type":"Feature","geometry":{"type":"Polygon","coordinates":[[[127.09914,37.41361],[127.12509,37.41361],[127.12509,37.43957],[127.09914,37.43957],[127.09914,37.41361]]]},"properties":{"row":9,"col":20,"walk_min":39.3,"bucket":">30","color":"#a01818","aggregate":true,"child_fine_cells":8,"nearest_station_id":"kr_439","nearest_station_idx":438}},{"type":"Feature","geometry":{"type":"Polygon","coordinates":[[[126.83957,37.41361],[126.86552,37.41361],[126.86552,37.43957],[126.83957,37.43957],[126.83957,37.41361]]]},"properties":{"row":9,"col":10,"walk_min":43.3,"bucket":">30","color":"#a01818","aggregate":true,"child_fine_cells":9,"nearest_station_id":"kr_442","nearest_station_idx":441}},{"type":"Feature","geometry":{"type":"Polygon","coordinates":[[[127.02126,37.41361],[127.04722,37.41361],[127.04722,37.43957],[127.02126,37.43957],[127.02126,37.41361]]]},"properties":{"row":9,"col":17,"walk_min":33.7,"bucket":">30","color":"#a01818","aggregate":true,"child_fine_cells":9,"nearest_station_id":"kr_346","nearest_station_idx":342}},{"type":"Feature","geometry":{"type":"Polygon","coordinates":[[[126.83957,37.59531],[126.86552,37.59531],[126.86552,37.62126],[126.83957,37.62126],[126.83957,37.59531]]]},"properties":{"row":16,"col":10,"walk_min":47.5,"bucket":">30","color":"#a01818","aggregate":true,"child_fine_cells":9,"nearest_station_id":"kr_167","nearest_station_idx":169}},{"type":"Feature","geometry":{"type":"Polygon","coordinates":[[[126.65787,37.49148],[126.68383,37.49148],[126.68383,37.51744],[126.65787,37.51744],[126.65787,37.49148]]]},"properties":{"row":12,"col":3,"walk_min":36.0,"bucket":">30","color":"#a01818","aggregate":true,"child_fine_cells":9,"nearest_station_id":"kr_258","nearest_station_idx":412}},{"type":"Feature","geometry":{"type":"Polygon","coordinates":[[[127.15105,37.69914],[127.17701,37.69914],[127.17701,37.72509],[127.15105,37.72509],[127.15105,37.69914]]]},"properties":{"row":20,"col":22,"walk_min":39.5,"bucket":">30","color":"#a01818","aggregate":true,"child_fine_cells":9,"nearest_station_id":"kr_361","nearest_station_idx":359}},{"type":"Feature","geometry":{"type":"Polygon","coordinates":[[[127.02126,37.25787],[127.04722,37.25787],[127.04722,37.28383],[127.02126,37.28383],[127.02126,37.25787]]]},"properties":{"row":3,"col":17,"walk_min":40.4,"bucket":">30","color":"#a01818","aggregate":true,"child_fine_cells":9,"nearest_station_id":"kr_357","nearest_station_idx":355}},{"type":"Feature","geometry":{"type":"Polygon","coordinates":[[[126.94339,37.25787],[126.96935,37.25787],[126.96935,37.28383],[126.94339,37.28383],[126.94339,37.25787]]]},"properties":{"row":3,"col":14,"walk_min":42.4,"bucket":">30","color":"#a01818","aggregate":true,"child_fine_cells":9,"nearest_station_id":"kr_461","nearest_station_idx":460}},{"type":"Feature","geometry":{"type":"Polygon","coordinates":[[[127.07318,37.38765],[127.09914,37.38765],[127.09914,37.41361],[127.07318,37.41361],[127.07318,37.38765]]]},"properties":{"row":8,"col":19,"walk_min":44.9,"bucket":">30","color":"#a01818","aggregate":true,"child_fine_cells":9,"nearest_station_id":"kr_041","nearest_station_idx":44}},{"type":"Feature","geometry":{"type":"Polygon","coordinates":[[[127.09914,37.28383],[127.12509,37.28383],[127.12509,37.30978],[127.09914,37.30978],[127.09914,37.28383]]]},"properties":{"row":4,"col":20,"walk_min":47.6,"bucket":">30","color":"#a01818","aggregate":true,"child_fine_cells":9,"nearest_station_id":"kr_233","nearest_station_idx":234}},{"type":"Feature","geometry":{"type":"Polygon","coordinates":[[[126.89148,37.3617],[126.91744,37.3617],[126.91744,37.38765],[126.89148,37.38765],[126.89148,37.3617]]]},"properties":{"row":7,"col":12,"walk_min":39.8,"bucket":">30","color":"#a01818","aggregate":true,"child_fine_cells":9,"nearest_station_id":"kr_459","nearest_station_idx":458}},{"type":"Feature","geometry":{"type":"Polygon","coordinates":[[[127.17701,37.43957],[127.20296,37.43957],[127.20296,37.46552],[127.17701,37.46552],[127.17701,37.43957]]]},"properties":{"row":10,"col":23,"walk_min":39.3,"bucket":">30","color":"#a01818","aggregate":true,"child_fine_cells":9,"nearest_station_id":"kr_232","nearest_station_idx":233}},{"type":"Feature","geometry":{"type":"Polygon","coordinates":[[[127.04722,37.25787],[127.07318,37.25787],[127.07318,37.28383],[127.04722,37.28383],[127.04722,37.25787]]]},"properties":{"row":3,"col":18,"walk_min":40.2,"bucket":">30","color":"#a01818","aggregate":true,"child_fine_cells":9,"nearest_station_id":"kr_357","nearest_station_idx":355}},{"type":"Feature","geometry":{"type":"Polygon","coordinates":[[[127.20296,37.56935],[127.22892,37.56935],[127.22892,37.59531],[127.20296,37.59531],[127.20296,37.56935]]]},"properties":{"row":15,"col":24,"walk_min":85.2,"bucket":">30","color":"#a01818","aggregate":true,"child_fine_cells":9,"nearest_station_id":"kr_331","nearest_station_idx":327}},{"type":"Feature","geometry":{"type":"Polygon","coordinates":[[[127.07318,37.69914],[127.09914,37.69914],[127.09914,37.72509],[127.07318,37.72509],[127.07318,37.69914]]]},"properties":{"row":20,"col":19,"walk_min":43.8,"bucket":">30","color":"#a01818","aggregate":true,"child_fine_cells":9,"nearest_station_id":"kr_467","nearest_station_idx":466}},{"type":"Feature","geometry":{"type":"Polygon","coordinates":[[[126.91744,37.43957],[126.94339,37.43957],[126.94339,37.46552],[126.91744,37.46552],[126.91744,37.43957]]]},"properties":{"row":10,"col":13,"walk_min":35.0,"bucket":">30","color":"#a01818","aggregate":true,"child_fine_cells":9,"nearest_station_id":"kr_392","nearest_station_idx":389}},{"type":"Feature","geometry":{"type":"Polygon","coordinates":[[[127.12509,37.67318],[127.15105,37.67318],[127.15105,37.69914],[127.12509,37.69914],[127.12509,37.67318]]]},"properties":{"row":19,"col":21,"walk_min":62.4,"bucket":">30","color":"#a01818","aggregate":true,"child_fine_cells":9,"nearest_station_id":"kr_310","nearest_station_idx":306}},{"type":"Feature","geometry":{"type":"Polygon","coordinates":[[[126.91744,37.28383],[126.94339,37.28383],[126.94339,37.30978],[126.91744,37.30978],[126.91744,37.28383]]]},"properties":{"row":4,"col":13,"walk_min":46.8,"bucket":">30","color":"#a01818","aggregate":true,"child_fine_cells":8,"nearest_station_id":"kr_415","nearest_station_idx":414}},{"type":"Feature","geometry":{"type":"Polygon","coordinates":[[[126.78765,37.43957],[126.81361,37.43957],[126.81361,37.46552],[126.78765,37.46552],[126.78765,37.43957]]]},"properties":{"row":10,"col":8,"walk_min":44.0,"bucket":">30","color":"#a01818","aggregate":true,"child_fine_cells":9,"nearest_station_id":"kr_451","nearest_station_idx":450}},{"type":"Feature","geometry":{"type":"Polygon","coordinates":[[[126.73574,37.62126],[126.7617,37.62126],[126.7617,37.64722],[126.73574,37.64722],[126.73574,37.62126]]]},"properties":{"row":17,"col":6,"walk_min":94.0,"bucket":">30","color":"#a01818","aggregate":true,"child_fine_cells":6,"nearest_station_id":"kr_261","nearest_station_idx":260}},{"type":"Feature","geometry":{"type":"Polygon","coordinates":[[[126.78765,37.33574],[126.81361,37.33574],[126.81361,37.3617],[126.78765,37.3617],[126.78765,37.33574]]]},"properties":{"row":6,"col":8,"walk_min":41.5,"bucket":">30","color":"#a01818","aggregate":true,"child_fine_cells":9,"nearest_station_id":"kr_263","nearest_station_idx":262}},{"type":"Feature","geometry":{"type":"Polygon","coordinates":[[[126.99531,37.75105],[127.02126,37.75105],[127.02126,37.77701],[126.99531,37.77701],[126.99531,37.75105]]]},"properties":{"row":22,"col":16,"walk_min":43.1,"bucket":">30","color":"#a01818","aggregate":true,"child_fine_cells":9,"nearest_station_id":"kr_421","nearest_station_idx":420}},{"type":"Feature","geometry":{"type":"Polygon","coordinates":[[[127.07318,37.3617],[127.09914,37.3617],[127.09914,37.38765],[127.07318,37.38765],[127.07318,37.3617]]]},"properties":{"row":7,"col":19,"walk_min":45.6,"bucket":">30","color":"#a01818","aggregate":true,"child_fine_cells":9,"nearest_station_id":"kr_148","nearest_station_idx":150}},{"type":"Feature","geometry":{"type":"Polygon","coordinates":[[[126.60596,37.49148],[126.63191,37.49148],[126.63191,37.51744],[126.60596,37.51744],[126.60596,37.49148]]]},"properties":{"row":12,"col":1,"walk_min":74.6,"bucket":">30","color":"#a01818","aggregate":true,"child_fine_cells":9,"nearest_station_id":"kr_458","nearest_station_idx":457}},{"type":"Feature","geometry":{"type":"Polygon","coordinates":[[[127.15105,37.67318],[127.17701,37.67318],[127.17701,37.69914],[127.15105,37.69914],[127.15105,37.67318]]]},"properties":{"row":19,"col":22,"walk_min":49.4,"bucket":">30","color":"#a01818","aggregate":true,"child_fine_cells":9,"nearest_station_id":"kr_361","nearest_station_idx":359}},{"type":"Feature","geometry":{"type":"Polygon","coordinates":[[[127.07318,37.25787],[127.09914,37.25787],[127.09914,37.28383],[127.07318,37.28383],[127.07318,37.25787]]]},"properties":{"row":3,"col":19,"walk_min":51.6,"bucket":">30","color":"#a01818","aggregate":true,"child_fine_cells":9,"nearest_station_id":"kr_307","nearest_station_idx":303}},{"type":"Feature","geometry":{"type":"Polygon","coordinates":[[[127.07318,37.43957],[127.09914,37.43957],[127.09914,37.46552],[127.07318,37.46552],[127.07318,37.43957]]]},"properties":{"row":10,"col":19,"walk_min":41.8,"bucket":">30","color":"#a01818","aggregate":true,"child_fine_cells":9,"nearest_station_id":"kr_040","nearest_station_idx":42}},{"type":"Feature","geometry":{"type":"Polygon","coordinates":[[[126.83957,37.25787],[126.86552,37.25787],[126.86552,37.28383],[126.83957,37.28383],[126.83957,37.25787]]]},"properties":{"row":3,"col":10,"walk_min":78.5,"bucket":">30","color":"#a01818","aggregate":true,"child_fine_cells":9,"nearest_station_id":"kr_114","nearest_station_idx":113}},{"type":"Feature","geometry":{"type":"Polygon","coordinates":[[[126.73574,37.30978],[126.7617,37.30978],[126.7617,37.33574],[126.73574,37.33574],[126.73574,37.30978]]]},"properties":{"row":5,"col":6,"walk_min":43.3,"bucket":">30","color":"#a01818","aggregate":true,"child_fine_cells":9,"nearest_station_id":"kr_427","nearest_station_idx":426}},{"type":"Feature","geometry":{"type":"Polygon","coordinates":[[[126.7617,37.43957],[126.78765,37.43957],[126.78765,37.46552],[126.7617,37.46552],[126.7617,37.43957]]]},"properties":{"row":10,"col":7,"walk_min":47.0,"bucket":">30","color":"#a01818","aggregate":true,"child_fine_cells":9,"nearest_station_id":"kr_060","nearest_station_idx":59}},{"type":"Feature","geometry":{"type":"Polygon","coordinates":[[[127.07318,37.18],[127.09914,37.18],[127.09914,37.20596],[127.07318,37.20596],[127.07318,37.18]]]},"properties":{"row":0,"col":19,"walk_min":43.6,"bucket":">30","color":"#a01818","aggregate":true,"child_fine_cells":9,"nearest_station_id":"kr_466","nearest_station_idx":465}},{"type":"Feature","geometry":{"type":"Polygon","coordinates":[[[126.70978,37.30978],[126.73574,37.30978],[126.73574,37.33574],[126.70978,37.33574],[126.70978,37.30978]]]},"properties":{"row":5,"col":5,"walk_min":50.1,"bucket":">30","color":"#a01818","aggregate":true,"child_fine_cells":9,"nearest_station_id":"kr_351","nearest_station_idx":349}},{"type":"Feature","geometry":{"type":"Polygon","coordinates":[[[126.94339,37.41361],[126.96935,37.41361],[126.96935,37.43957],[126.94339,37.43957],[126.94339,37.41361]]]},"properties":{"row":9,"col":14,"walk_min":43.5,"bucket":">30","color":"#a01818","aggregate":true,"child_fine_cells":9,"nearest_station_id":"kr_367","nearest_station_idx":364}},{"type":"Feature","geometry":{"type":"Polygon","coordinates":[[[126.7617,37.54339],[126.78765,37.54339],[126.78765,37.56935],[126.7617,37.56935],[126.7617,37.54339]]]},"properties":{"row":14,"col":7,"walk_min":61.9,"bucket":">30","color":"#a01818","aggregate":true,"child_fine_cells":7,"nearest_station_id":"kr_189","nearest_station_idx":191}},{"type":"Feature","geometry":{"type":"Polygon","coordinates":[[[126.7617,37.28383],[126.78765,37.28383],[126.78765,37.30978],[126.7617,37.30978],[126.7617,37.28383]]]},"properties":{"row":4,"col":7,"walk_min":43.5,"bucket":">30","color":"#a01818","aggregate":true,"child_fine_cells":6,"nearest_station_id":"kr_263","nearest_station_idx":262}},{"type":"Feature","geometry":{"type":"Polygon","coordinates":[[[126.96935,37.23191],[126.99531,37.23191],[126.99531,37.25787],[126.96935,37.25787],[126.96935,37.23191]]]},"properties":{"row":2,"col":15,"walk_min":53.4,"bucket":">30","color":"#a01818","aggregate":true,"child_fine_cells":9,"nearest_station_id":"kr_462","nearest_station_idx":461}},{"type":"Feature","geometry":{"type":"Polygon","coordinates":[[[126.78765,37.67318],[126.81361,37.67318],[126.81361,37.69914],[126.78765,37.69914],[126.78765,37.67318]]]},"properties":{"row":19,"col":8,"walk_min":51.3,"bucket":">30","color":"#a01818","aggregate":true,"child_fine_cells":9,"nearest_station_id":"kr_302","nearest_station_idx":298}},{"type":"Feature","geometry":{"type":"Polygon","coordinates":[[[126.86552,37.59531],[126.89148,37.59531],[126.89148,37.62126],[126.86552,37.62126],[126.86552,37.59531]]]},"properties":{"row":16,"col":11,"walk_min":50.1,"bucket":">30","color":"#a01818","aggregate":true,"child_fine_cells":9,"nearest_station_id":"kr_390","nearest_station_idx":387}},{"type":"Feature","geometry":{"type":"Polygon","coordinates":[[[126.83957,37.38765],[126.86552,37.38765],[126.86552,37.41361],[126.83957,37.41361],[126.83957,37.38765]]]},"properties":{"row":8,"col":10,"walk_min":59.7,"bucket":">30","color":"#a01818","aggregate":true,"child_fine_cells":9,"nearest_station_id":"kr_442","nearest_station_idx":441}},{"type":"Feature","geometry":{"type":"Polygon","coordinates":[[[127.22892,37.38765],[127.25488,37.38765],[127.25488,37.41361],[127.22892,37.41361],[127.22892,37.38765]]]},"properties":{"row":8,"col":25,"walk_min":46.0,"bucket":">30","color":"#a01818","aggregate":true,"child_fine_cells":2,"nearest_station_id":"kr_149","nearest_station_idx":146}},{"type":"Feature","geometry":{"type":"Polygon","coordinates":[[[126.81361,37.33574],[126.83957,37.33574],[126.83957,37.3617],[126.81361,37.3617],[126.81361,37.33574]]]},"properties":{"row":6,"col":9,"walk_min":49.4,"bucket":">30","color":"#a01818","aggregate":true,"child_fine_cells":9,"nearest_station_id":"kr_426","nearest_station_idx":425}},{"type":"Feature","geometry":{"type":"Polygon","coordinates":[[[126.81361,37.43957],[126.83957,37.43957],[126.83957,37.46552],[126.81361,37.46552],[126.81361,37.43957]]]},"properties":{"row":10,"col":9,"walk_min":48.0,"bucket":">30","color":"#a01818","aggregate":true,"child_fine_cells":9,"nearest_station_id":"kr_024","nearest_station_idx":19}},{"type":"Feature","geometry":{"type":"Polygon","coordinates":[[[126.86552,37.25787],[126.89148,37.25787],[126.89148,37.28383],[126.86552,37.28383],[126.86552,37.25787]]]},"properties":{"row":3,"col":11,"walk_min":64.9,"bucket":">30","color":"#a01818","aggregate":true,"child_fine_cells":8,"nearest_station_id":"kr_114","nearest_station_idx":113}},{"type":"Feature","geometry":{"type":"Polygon","coordinates":[[[126.99531,37.67318],[127.02126,37.67318],[127.02126,37.69914],[126.99531,37.69914],[126.99531,37.67318]]]},"properties":{"row":19,"col":16,"walk_min":46.9,"bucket":">30","color":"#a01818","aggregate":true,"child_fine_cells":9,"nearest_station_id":"kr_044","nearest_station_idx":41}},{"type":"Feature","geometry":{"type":"Polygon","coordinates":[[[126.73574,37.43957],[126.7617,37.43957],[126.7617,37.46552],[126.73574,37.46552],[126.73574,37.43957]]]},"properties":{"row":10,"col":6,"walk_min":48.8,"bucket":">30","color":"#a01818","aggregate":true,"child_fine_cells":9,"nearest_station_id":"kr_159","nearest_station_idx":161}},{"type":"Feature","geometry":{"type":"Polygon","coordinates":[[[126.99531,37.3617],[127.02126,37.3617],[127.02126,37.38765],[126.99531,37.38765],[126.99531,37.3617]]]},"properties":{"row":7,"col":16,"walk_min":54.3,"bucket":">30","color":"#a01818","aggregate":true,"child_fine_cells":9,"nearest_station_id":"kr_325","nearest_station_idx":319}},{"type":"Feature","geometry":{"type":"Polygon","coordinates":[[[126.65787,37.51744],[126.68383,37.51744],[126.68383,37.54339],[126.65787,37.54339],[126.65787,37.51744]]]},"properties":{"row":13,"col":3,"walk_min":55.5,"bucket":">30","color":"#a01818","aggregate":true,"child_fine_cells":9,"nearest_station_id":"kr_258","nearest_station_idx":412}},{"type":"Feature","geometry":{"type":"Polygon","coordinates":[[[126.83957,37.33574],[126.86552,37.33574],[126.86552,37.3617],[126.83957,37.3617],[126.83957,37.33574]]]},"properties":{"row":6,"col":10,"walk_min":58.7,"bucket":">30","color":"#a01818","aggregate":true,"child_fine_cells":9,"nearest_station_id":"kr_168","nearest_station_idx":170}},{"type":"Feature","geometry":{"type":"Polygon","coordinates":[[[127.07318,37.41361],[127.09914,37.41361],[127.09914,37.43957],[127.07318,37.43957],[127.07318,37.41361]]]},"properties":{"row":9,"col":19,"walk_min":53.3,"bucket":">30","color":"#a01818","aggregate":true,"child_fine_cells":9,"nearest_station_id":"kr_040","nearest_station_idx":42}},{"type":"Feature","geometry":{"type":"Polygon","coordinates":[[[126.63191,37.49148],[126.65787,37.49148],[126.65787,37.51744],[126.63191,37.51744],[126.63191,37.49148]]]},"properties":{"row":12,"col":2,"walk_min":51.8,"bucket":">30","color":"#a01818","aggregate":true,"child_fine_cells":9,"nearest_station_id":"kr_330","nearest_station_idx":326}},{"type":"Feature","geometry":{"type":"Polygon","coordinates":[[[127.07318,37.72509],[127.09914,37.72509],[127.09914,37.75105],[127.07318,37.75105],[127.07318,37.72509]]]},"properties":{"row":21,"col":19,"walk_min":51.3,"bucket":">30","color":"#a01818","aggregate":true,"child_fine_cells":9,"nearest_station_id":"kr_065","nearest_station_idx":66}},{"type":"Feature","geometry":{"type":"Polygon","coordinates":[[[127.15105,37.38765],[127.17701,37.38765],[127.17701,37.41361],[127.15105,37.41361],[127.15105,37.38765]]]},"properties":{"row":8,"col":22,"walk_min":47.6,"bucket":">30","color":"#a01818","aggregate":true,"child_fine_cells":9,"nearest_station_id":"kr_108","nearest_station_idx":107}},{"type":"Feature","geometry":{"type":"Polygon","coordinates":[[[126.7617,37.3617],[126.78765,37.3617],[126.78765,37.38765],[126.7617,37.38765],[126.7617,37.3617]]]},"properties":{"row":7,"col":7,"walk_min":50.3,"bucket":">30","color":"#a01818","aggregate":true,"child_fine_cells":9,"nearest_station_id":"kr_428","nearest_station_idx":427}},{"type":"Feature","geometry":{"type":"Polygon","coordinates":[[[127.17701,37.46552],[127.20296,37.46552],[127.20296,37.49148],[127.17701,37.49148],[127.17701,37.46552]]]},"properties":{"row":11,"col":23,"walk_min":50.3,"bucket":">30","color":"#a01818","aggregate":true,"child_fine_cells":9,"nearest_station_id":"kr_440","nearest_station_idx":439}},{"type":"Feature","geometry":{"type":"Polygon","coordinates":[[[126.99531,37.18],[127.02126,37.18],[127.02126,37.20596],[126.99531,37.20596],[126.99531,37.18]]]},"properties":{"row":0,"col":16,"walk_min":53.2,"bucket":">30","color":"#a01818","aggregate":true,"child_fine_cells":9,"nearest_station_id":"kr_047","nearest_station_idx":46}},{"type":"Feature","geometry":{"type":"Polygon","coordinates":[[[126.78765,37.59531],[126.81361,37.59531],[126.81361,37.62126],[126.78765,37.62126],[126.78765,37.59531]]]},"properties":{"row":16,"col":8,"walk_min":61.9,"bucket":">30","color":"#a01818","aggregate":true,"child_fine_cells":5,"nearest_station_id":"kr_198","nearest_station_idx":200}},{"type":"Feature","geometry":{"type":"Polygon","coordinates":[[[127.15105,37.64722],[127.17701,37.64722],[127.17701,37.67318],[127.15105,37.67318],[127.15105,37.64722]]]},"properties":{"row":18,"col":22,"walk_min":54.8,"bucket":">30","color":"#a01818","aggregate":true,"child_fine_cells":9,"nearest_station_id":"kr_438","nearest_station_idx":437}},{"type":"Feature","geometry":{"type":"Polygon","coordinates":[[[126.99531,37.72509],[127.02126,37.72509],[127.02126,37.75105],[126.99531,37.75105],[126.99531,37.72509]]]},"properties":{"row":21,"col":16,"walk_min":51.5,"bucket":">30","color":"#a01818","aggregate":true,"child_fine_cells":9,"nearest_station_id":"kr_065","nearest_station_idx":66}},{"type":"Feature","geometry":{"type":"Polygon","coordinates":[[[126.96935,37.33574],[126.99531,37.33574],[126.99531,37.3617],[126.96935,37.3617],[126.96935,37.33574]]]},"properties":{"row":6,"col":15,"walk_min":50.2,"bucket":">30","color":"#a01818","aggregate":true,"child_fine_cells":9,"nearest_station_id":"kr_072","nearest_station_idx":72}},{"type":"Feature","geometry":{"type":"Polygon","coordinates":[[[126.99531,37.69914],[127.02126,37.69914],[127.02126,37.72509],[126.99531,37.72509],[126.99531,37.69914]]]},"properties":{"row":20,"col":16,"walk_min":50.9,"bucket":">30","color":"#a01818","aggregate":true,"child_fine_cells":9,"nearest_station_id":"kr_449","nearest_station_idx":448}},{"type":"Feature","geometry":{"type":"Polygon","coordinates":[[[127.07318,37.77701],[127.09914,37.77701],[127.09914,37.80296],[127.07318,37.80296],[127.07318,37.77701]]]},"properties":{"row":23,"col":19,"walk_min":49.5,"bucket":">30","color":"#a01818","aggregate":true,"child_fine_cells":9,"nearest_station_id":"kr_092","nearest_station_idx":91}},{"type":"Feature","geometry":{"type":"Polygon","coordinates":[[[126.73574,37.69914],[126.7617,37.69914],[126.7617,37.72509],[126.73574,37.72509],[126.73574,37.69914]]]},"properties":{"row":20,"col":6,"walk_min":53.4,"bucket":">30","color":"#a01818","aggregate":true,"child_fine_cells":9,"nearest_station_id":"kr_424","nearest_station_idx":423}},{"type":"Feature","geometry":{"type":"Polygon","coordinates":[[[127.07318,37.75105],[127.09914,37.75105],[127.09914,37.77701],[127.07318,37.77701],[127.07318,37.75105]]]},"properties":{"row":22,"col":19,"walk_min":53.1,"bucket":">30","color":"#a01818","aggregate":true,"child_fine_cells":9,"nearest_station_id":"kr_092","nearest_station_idx":91}},{"type":"Feature","geometry":{"type":"Polygon","coordinates":[[[126.99531,37.38765],[127.02126,37.38765],[127.02126,37.41361],[126.99531,37.41361],[126.99531,37.38765]]]},"properties":{"row":8,"col":16,"walk_min":49.0,"bucket":">30","color":"#a01818","aggregate":true,"child_fine_cells":9,"nearest_station_id":"kr_325","nearest_station_idx":319}},{"type":"Feature","geometry":{"type":"Polygon","coordinates":[[[127.12509,37.33574],[127.15105,37.33574],[127.15105,37.3617],[127.12509,37.3617],[127.12509,37.33574]]]},"properties":{"row":6,"col":21,"walk_min":48.7,"bucket":">30","color":"#a01818","aggregate":true,"child_fine_cells":9,"nearest_station_id":"kr_172","nearest_station_idx":174}},{"type":"Feature","geometry":{"type":"Polygon","coordinates":[[[127.22892,37.69914],[127.25488,37.69914],[127.25488,37.72509],[127.22892,37.72509],[127.22892,37.69914]]]},"properties":{"row":20,"col":25,"walk_min":47.9,"bucket":">30","color":"#a01818","aggregate":true,"child_fine_cells":4,"nearest_station_id":"kr_470","nearest_station_idx":469}},{"type":"Feature","geometry":{"type":"Polygon","coordinates":[[[127.04722,37.33574],[127.07318,37.33574],[127.07318,37.3617],[127.04722,37.3617],[127.04722,37.33574]]]},"properties":{"row":6,"col":18,"walk_min":50.2,"bucket":">30","color":"#a01818","aggregate":true,"child_fine_cells":9,"nearest_station_id":"kr_202","nearest_station_idx":204}},{"type":"Feature","geometry":{"type":"Polygon","coordinates":[[[126.83957,37.67318],[126.86552,37.67318],[126.86552,37.69914],[126.83957,37.69914],[126.83957,37.67318]]]},"properties":{"row":19,"col":10,"walk_min":59.5,"bucket":">30","color":"#a01818","aggregate":true,"child_fine_cells":9,"nearest_station_id":"kr_145","nearest_station_idx":147}},{"type":"Feature","geometry":{"type":"Polygon","coordinates":[[[126.99531,37.77701],[127.02126,37.77701],[127.02126,37.80296],[126.99531,37.80296],[126.99531,37.77701]]]},"properties":{"row":23,"col":16,"walk_min":50.2,"bucket":">30","color":"#a01818","aggregate":true,"child_fine_cells":9,"nearest_station_id":"kr_092","nearest_station_idx":91}},{"type":"Feature","geometry":{"type":"Polygon","coordinates":[[[127.07318,37.20596],[127.09914,37.20596],[127.09914,37.23191],[127.07318,37.23191],[127.07318,37.20596]]]},"properties":{"row":1,"col":19,"walk_min":57.0,"bucket":">30","color":"#a01818","aggregate":true,"child_fine_cells":9,"nearest_station_id":"kr_466","nearest_station_idx":465}},{"type":"Feature","geometry":{"type":"Polygon","coordinates":[[[126.65787,37.41361],[126.68383,37.41361],[126.68383,37.43957],[126.65787,37.43957],[126.65787,37.41361]]]},"properties":{"row":9,"col":3,"walk_min":54.9,"bucket":">30","color":"#a01818","aggregate":true,"child_fine_cells":9,"nearest_station_id":"kr_248","nearest_station_idx":249}},{"type":"Feature","geometry":{"type":"Polygon","coordinates":[[[126.81361,37.67318],[126.83957,37.67318],[126.83957,37.69914],[126.81361,37.69914],[126.81361,37.67318]]]},"properties":{"row":19,"col":9,"walk_min":62.4,"bucket":">30","color":"#a01818","aggregate":true,"child_fine_cells":9,"nearest_station_id":"kr_145","nearest_station_idx":147}},{"type":"Feature","geometry":{"type":"Polygon","coordinates":[[[127.07318,37.80296],[127.09914,37.80296],[127.09914,37.82892],[127.07318,37.82892],[127.07318,37.80296]]]},"properties":{"row":24,"col":19,"walk_min":59.5,"bucket":">30","color":"#a01818","aggregate":true,"child_fine_cells":9,"nearest_station_id":"kr_447","nearest_station_idx":446}},{"type":"Feature","geometry":{"type":"Polygon","coordinates":[[[126.99531,37.30978],[127.02126,37.30978],[127.02126,37.33574],[126.99531,37.33574],[126.99531,37.30978]]]},"properties":{"row":5,"col":16,"walk_min":59.8,"bucket":">30","color":"#a01818","aggregate":true,"child_fine_cells":9,"nearest_station_id":"kr_444","nearest_station_idx":443}},{"type":"Feature","geometry":{"type":"Polygon","coordinates":[[[127.15105,37.72509],[127.17701,37.72509],[127.17701,37.75105],[127.15105,37.75105],[127.15105,37.72509]]]},"properties":{"row":21,"col":22,"walk_min":83.1,"bucket":">30","color":"#a01818","aggregate":true,"child_fine_cells":5,"nearest_station_id":"kr_470","nearest_station_idx":469}},{"type":"Feature","geometry":{"type":"Polygon","coordinates":[[[126.68383,37.41361],[126.70978,37.41361],[126.70978,37.43957],[126.68383,37.43957],[126.68383,37.41361]]]},"properties":{"row":9,"col":4,"walk_min":54.6,"bucket":">30","color":"#a01818","aggregate":true,"child_fine_cells":9,"nearest_station_id":"kr_455","nearest_station_idx":454}},{"type":"Feature","geometry":{"type":"Polygon","coordinates":[[[126.68383,37.33574],[126.70978,37.33574],[126.70978,37.3617],[126.68383,37.3617],[126.68383,37.33574]]]},"properties":{"row":6,"col":4,"walk_min":56.7,"bucket":">30","color":"#a01818","aggregate":true,"child_fine_cells":8,"nearest_station_id":"kr_428","nearest_station_idx":427}},{"type":"Feature","geometry":{"type":"Polygon","coordinates":[[[126.94339,37.64722],[126.96935,37.64722],[126.96935,37.67318],[126.94339,37.67318],[126.94339,37.64722]]]},"properties":{"row":18,"col":14,"walk_min":56.5,"bucket":">30","color":"#a01818","aggregate":true,"child_fine_cells":9,"nearest_station_id":"kr_104","nearest_station_idx":103}},{"type":"Feature","geometry":{"type":"Polygon","coordinates":[[[127.12509,37.30978],[127.15105,37.30978],[127.15105,37.33574],[127.12509,37.33574],[127.12509,37.30978]]]},"properties":{"row":5,"col":21,"walk_min":56.6,"bucket":">30","color":"#a01818","aggregate":true,"child_fine_cells":9,"nearest_station_id":"kr_202","nearest_station_idx":204}},{"type":"Feature","geometry":{"type":"Polygon","coordinates":[[[126.96935,37.62126],[126.99531,37.62126],[126.99531,37.64722],[126.96935,37.64722],[126.96935,37.62126]]]},"properties":{"row":17,"col":15,"walk_min":53.4,"bucket":">30","color":"#a01818","aggregate":true,"child_fine_cells":9,"nearest_station_id":"kr_116","nearest_station_idx":115}},{"type":"Feature","geometry":{"type":"Polygon","coordinates":[[[126.86552,37.67318],[126.89148,37.67318],[126.89148,37.69914],[126.86552,37.69914],[126.86552,37.67318]]]},"properties":{"row":19,"col":11,"walk_min":61.0,"bucket":">30","color":"#a01818","aggregate":true,"child_fine_cells":9,"nearest_station_id":"kr_115","nearest_station_idx":114}},{"type":"Feature","geometry":{"type":"Polygon","coordinates":[[[126.68383,37.67318],[126.70978,37.67318],[126.70978,37.69914],[126.68383,37.69914],[126.68383,37.67318]]]},"properties":{"row":19,"col":4,"walk_min":62.2,"bucket":">30","color":"#a01818","aggregate":true,"child_fine_cells":9,"nearest_station_id":"kr_424","nearest_station_idx":423}},{"type":"Feature","geometry":{"type":"Polygon","coordinates":[[[126.91744,37.67318],[126.94339,37.67318],[126.94339,37.69914],[126.91744,37.69914],[126.91744,37.67318]]]},"properties":{"row":19,"col":13,"walk_min":61.6,"bucket":">30","color":"#a01818","aggregate":true,"child_fine_cells":8,"nearest_station_id":"kr_104","nearest_station_idx":103}},{"type":"Feature","geometry":{"type":"Polygon","coordinates":[[[127.17701,37.62126],[127.20296,37.62126],[127.20296,37.64722],[127.17701,37.64722],[127.17701,37.62126]]]},"properties":{"row":17,"col":23,"walk_min":61.4,"bucket":">30","color":"#a01818","aggregate":true,"child_fine_cells":9,"nearest_station_id":"kr_352","nearest_station_idx":350}},{"type":"Feature","geometry":{"type":"Polygon","coordinates":[[[126.68383,37.3617],[126.70978,37.3617],[126.70978,37.38765],[126.68383,37.38765],[126.68383,37.3617]]]},"properties":{"row":7,"col":4,"walk_min":113.1,"bucket":">30","color":"#a01818","aggregate":true,"child_fine_cells":5,"nearest_station_id":"kr_428","nearest_station_idx":427}},{"type":"Feature","geometry":{"type":"Polygon","coordinates":[[[126.7617,37.69914],[126.78765,37.69914],[126.78765,37.72509],[126.7617,37.72509],[126.7617,37.69914]]]},"properties":{"row":20,"col":7,"walk_min":62.4,"bucket":">30","color":"#a01818","aggregate":true,"child_fine_cells":9,"nearest_station_id":"kr_424","nearest_station_idx":423}},{"type":"Feature","geometry":{"type":"Polygon","coordinates":[[[126.70978,37.69914],[126.73574,37.69914],[126.73574,37.72509],[126.70978,37.72509],[126.70978,37.69914]]]},"properties":{"row":20,"col":5,"walk_min":60.3,"bucket":">30","color":"#a01818","aggregate":true,"child_fine_cells":9,"nearest_station_id":"kr_424","nearest_station_idx":423}},{"type":"Feature","geometry":{"type":"Polygon","coordinates":[[[127.02126,37.30978],[127.04722,37.30978],[127.04722,37.33574],[127.02126,37.33574],[127.02126,37.30978]]]},"properties":{"row":5,"col":17,"walk_min":58.2,"bucket":">30","color":"#a01818","aggregate":true,"child_fine_cells":9,"nearest_station_id":"kr_444","nearest_station_idx":443}},{"type":"Feature","geometry":{"type":"Polygon","coordinates":[[[127.17701,37.59531],[127.20296,37.59531],[127.20296,37.62126],[127.17701,37.62126],[127.17701,37.59531]]]},"properties":{"row":16,"col":23,"walk_min":57.5,"bucket":">30","color":"#a01818","aggregate":true,"child_fine_cells":9,"nearest_station_id":"kr_352","nearest_station_idx":350}},{"type":"Feature","geometry":{"type":"Polygon","coordinates":[[[126.89148,37.67318],[126.91744,37.67318],[126.91744,37.69914],[126.89148,37.69914],[126.89148,37.67318]]]},"properties":{"row":19,"col":12,"walk_min":67.7,"bucket":">30","color":"#a01818","aggregate":true,"child_fine_cells":9,"nearest_station_id":"kr_115","nearest_station_idx":114}},{"type":"Feature","geometry":{"type":"Polygon","coordinates":[[[127.17701,37.49148],[127.20296,37.49148],[127.20296,37.51744],[127.17701,37.51744],[127.17701,37.49148]]]},"properties":{"row":12,"col":23,"walk_min":55.5,"bucket":">30","color":"#a01818","aggregate":true,"child_fine_cells":9,"nearest_station_id":"kr_440","nearest_station_idx":439}},{"type":"Feature","geometry":{"type":"Polygon","coordinates":[[[127.15105,37.3617],[127.17701,37.3617],[127.17701,37.38765],[127.15105,37.38765],[127.15105,37.3617]]]},"properties":{"row":7,"col":22,"walk_min":65.2,"bucket":">30","color":"#a01818","aggregate":true,"child_fine_cells":9,"nearest_station_id":"kr_108","nearest_station_idx":107}},{"type":"Feature","geometry":{"type":"Polygon","coordinates":[[[127.04722,37.23191],[127.07318,37.23191],[127.07318,37.25787],[127.04722,37.25787],[127.04722,37.23191]]]},"properties":{"row":2,"col":18,"walk_min":57.1,"bucket":">30","color":"#a01818","aggregate":true,"child_fine_cells":9,"nearest_station_id":"kr_462","nearest_station_idx":461}},{"type":"Feature","geometry":{"type":"Polygon","coordinates":[[[126.63191,37.41361],[126.65787,37.41361],[126.65787,37.43957],[126.63191,37.43957],[126.63191,37.41361]]]},"properties":{"row":9,"col":2,"walk_min":63.3,"bucket":">30","color":"#a01818","aggregate":true,"child_fine_cells":9,"nearest_station_id":"kr_379","nearest_station_idx":376}},{"type":"Feature","geometry":{"type":"Polygon","coordinates":[[[127.02126,37.38765],[127.04722,37.38765],[127.04722,37.41361],[127.02126,37.41361],[127.02126,37.38765]]]},"properties":{"row":8,"col":17,"walk_min":73.0,"bucket":">30","color":"#a01818","aggregate":true,"child_fine_cells":9,"nearest_station_id":"kr_346","nearest_station_idx":342}},{"type":"Feature","geometry":{"type":"Polygon","coordinates":[[[126.78765,37.3617],[126.81361,37.3617],[126.81361,37.38765],[126.78765,37.38765],[126.78765,37.3617]]]},"properties":{"row":7,"col":8,"walk_min":67.8,"bucket":">30","color":"#a01818","aggregate":true,"child_fine_cells":9,"nearest_station_id":"kr_427","nearest_station_idx":426}},{"type":"Feature","geometry":{"type":"Polygon","coordinates":[[[126.86552,37.33574],[126.89148,37.33574],[126.89148,37.3617],[126.86552,37.3617],[126.86552,37.33574]]]},"properties":{"row":6,"col":11,"walk_min":64.8,"bucket":">30","color":"#a01818","aggregate":true,"child_fine_cells":9,"nearest_station_id":"kr_423","nearest_station_idx":422}},{"type":"Feature","geometry":{"type":"Polygon","coordinates":[[[126.91744,37.25787],[126.94339,37.25787],[126.94339,37.28383],[126.91744,37.28383],[126.91744,37.25787]]]},"properties":{"row":3,"col":13,"walk_min":68.9,"bucket":">30","color":"#a01818","aggregate":true,"child_fine_cells":9,"nearest_station_id":"kr_086","nearest_station_idx":84}},{"type":"Feature","geometry":{"type":"Polygon","coordinates":[[[126.73574,37.28383],[126.7617,37.28383],[126.7617,37.30978],[126.73574,37.30978],[126.73574,37.28383]]]},"properties":{"row":4,"col":6,"walk_min":153.3,"bucket":">30","color":"#a01818","aggregate":true,"child_fine_cells":8,"nearest_station_id":"kr_427","nearest_station_idx":426}},{"type":"Feature","geometry":{"type":"Polygon","coordinates":[[[126.96935,37.64722],[126.99531,37.64722],[126.99531,37.67318],[126.96935,37.67318],[126.96935,37.64722]]]},"properties":{"row":18,"col":15,"walk_min":70.1,"bucket":">30","color":"#a01818","aggregate":true,"child_fine_cells":9,"nearest_station_id":"kr_116","nearest_station_idx":115}},{"type":"Feature","geometry":{"type":"Polygon","coordinates":[[[126.70978,37.41361],[126.73574,37.41361],[126.73574,37.43957],[126.70978,37.43957],[126.70978,37.41361]]]},"properties":{"row":9,"col":5,"walk_min":69.3,"bucket":">30","color":"#a01818","aggregate":true,"child_fine_cells":9,"nearest_station_id":"kr_455","nearest_station_idx":454}},{"type":"Feature","geometry":{"type":"Polygon","coordinates":[[[126.68383,37.30978],[126.70978,37.30978],[126.70978,37.33574],[126.68383,37.33574],[126.68383,37.30978]]]},"properties":{"row":5,"col":4,"walk_min":69.4,"bucket":">30","color":"#a01818","aggregate":true,"child_fine_cells":8,"nearest_station_id":"kr_351","nearest_station_idx":349}},{"type":"Feature","geometry":{"type":"Polygon","coordinates":[[[126.73574,37.38765],[126.7617,37.38765],[126.7617,37.41361],[126.73574,37.41361],[126.73574,37.38765]]]},"properties":{"row":8,"col":6,"walk_min":69.7,"bucket":">30","color":"#a01818","aggregate":true,"child_fine_cells":8,"nearest_station_id":"kr_428","nearest_station_idx":427}},{"type":"Feature","geometry":{"type":"Polygon","coordinates":[[[127.09914,37.69914],[127.12509,37.69914],[127.12509,37.72509],[127.09914,37.72509],[127.09914,37.69914]]]},"properties":{"row":20,"col":20,"walk_min":67.5,"bucket":">30","color":"#a01818","aggregate":true,"child_fine_cells":9,"nearest_station_id":"kr_310","nearest_station_idx":306}},{"type":"Feature","geometry":{"type":"Polygon","coordinates":[[[126.70978,37.54339],[126.73574,37.54339],[126.73574,37.56935],[126.70978,37.56935],[126.70978,37.54339]]]},"properties":{"row":14,"col":5,"walk_min":68.2,"bucket":">30","color":"#a01818","aggregate":true,"child_fine_cells":9,"nearest_station_id":"kr_287","nearest_station_idx":347}},{"type":"Feature","geometry":{"type":"Polygon","coordinates":[[[126.60596,37.41361],[126.63191,37.41361],[126.63191,37.43957],[126.60596,37.43957],[126.60596,37.41361]]]},"properties":{"row":9,"col":1,"walk_min":69.4,"bucket":">30","color":"#a01818","aggregate":true,"child_fine_cells":9,"nearest_station_id":"kr_457","nearest_station_idx":456}},{"type":"Feature","geometry":{"type":"Polygon","coordinates":[[[126.73574,37.54339],[126.7617,37.54339],[126.7617,37.56935],[126.73574,37.56935],[126.73574,37.54339]]]},"properties":{"row":14,"col":6,"walk_min":65.7,"bucket":">30","color":"#a01818","aggregate":true,"child_fine_cells":8,"nearest_station_id":"kr_189","nearest_station_idx":191}},{"type":"Feature","geometry":{"type":"Polygon","coordinates":[[[126.99531,37.80296],[127.02126,37.80296],[127.02126,37.82892],[126.99531,37.82892],[126.99531,37.80296]]]},"properties":{"row":24,"col":16,"walk_min":81.6,"bucket":">30","color":"#a01818","aggregate":true,"child_fine_cells":9,"nearest_station_id":"kr_447","nearest_station_idx":446}},{"type":"Feature","geometry":{"type":"Polygon","coordinates":[[[126.81361,37.25787],[126.83957,37.25787],[126.83957,37.28383],[126.81361,37.28383],[126.81361,37.25787]]]},"properties":{"row":3,"col":9,"walk_min":83.5,"bucket":">30","color":"#a01818","aggregate":true,"child_fine_cells":9,"nearest_station_id":"kr_425","nearest_station_idx":424}},{"type":"Feature","geometry":{"type":"Polygon","coordinates":[[[127.22892,37.67318],[127.25488,37.67318],[127.25488,37.69914],[127.22892,37.69914],[127.22892,37.67318]]]},"properties":{"row":19,"col":25,"walk_min":53.6,"bucket":">30","color":"#a01818","aggregate":true,"child_fine_cells":1,"nearest_station_id":"kr_361","nearest_station_idx":359}},{"type":"Feature","geometry":{"type":"Polygon","coordinates":[[[126.68383,37.54339],[126.70978,37.54339],[126.70978,37.56935],[126.68383,37.56935],[126.68383,37.54339]]]},"properties":{"row":14,"col":4,"walk_min":75.8,"bucket":">30","color":"#a01818","aggregate":true,"child_fine_cells":9,"nearest_station_id":"kr_258","nearest_station_idx":412}},{"type":"Feature","geometry":{"type":"Polygon","coordinates":[[[127.20296,37.64722],[127.22892,37.64722],[127.22892,37.67318],[127.20296,37.67318],[127.20296,37.64722]]]},"properties":{"row":18,"col":24,"walk_min":88.8,"bucket":">30","color":"#a01818","aggregate":true,"child_fine_cells":9,"nearest_station_id":"kr_361","nearest_station_idx":359}},{"type":"Feature","geometry":{"type":"Polygon","coordinates":[[[126.68383,37.64722],[126.70978,37.64722],[126.70978,37.67318],[126.68383,37.67318],[126.68383,37.64722]]]},"properties":{"row":18,"col":4,"walk_min":139.8,"bucket":">30","color":"#a01818","aggregate":true,"child_fine_cells":7,"nearest_station_id":"kr_424","nearest_station_idx":423}},{"type":"Feature","geometry":{"type":"Polygon","coordinates":[[[127.17701,37.64722],[127.20296,37.64722],[127.20296,37.67318],[127.17701,37.67318],[127.17701,37.64722]]]},"properties":{"row":18,"col":23,"walk_min":72.6,"bucket":">30","color":"#a01818","aggregate":true,"child_fine_cells":9,"nearest_station_id":"kr_361","nearest_station_idx":359}},{"type":"Feature","geometry":{"type":"Polygon","coordinates":[[[127.17701,37.3617],[127.20296,37.3617],[127.20296,37.38765],[127.17701,37.38765],[127.17701,37.3617]]]},"properties":{"row":7,"col":23,"walk_min":84.5,"bucket":">30","color":"#a01818","aggregate":true,"child_fine_cells":9,"nearest_station_id":"kr_237","nearest_station_idx":239}},{"type":"Feature","geometry":{"type":"Polygon","coordinates":[[[126.73574,37.56935],[126.7617,37.56935],[126.7617,37.59531],[126.73574,37.59531],[126.73574,37.56935]]]},"properties":{"row":15,"col":6,"walk_min":77.9,"bucket":">30","color":"#a01818","aggregate":true,"child_fine_cells":9,"nearest_station_id":"kr_429","nearest_station_idx":428}},{"type":"Feature","geometry":{"type":"Polygon","coordinates":[[[126.94339,37.23191],[126.96935,37.23191],[126.96935,37.25787],[126.94339,37.25787],[126.94339,37.23191]]]},"properties":{"row":2,"col":14,"walk_min":76.8,"bucket":">30","color":"#a01818","aggregate":true,"child_fine_cells":9,"nearest_station_id":"kr_043","nearest_station_idx":40}},{"type":"Feature","geometry":{"type":"Polygon","coordinates":[[[127.22892,37.72509],[127.25488,37.72509],[127.25488,37.75105],[127.22892,37.75105],[127.22892,37.72509]]]},"properties":{"row":21,"col":25,"walk_min":55.6,"bucket":">30","color":"#a01818","aggregate":true,"child_fine_cells":1,"nearest_station_id":"kr_470","nearest_station_idx":469}},{"type":"Feature","geometry":{"type":"Polygon","coordinates":[[[127.20296,37.75105],[127.22892,37.75105],[127.22892,37.77701],[127.20296,37.77701],[127.20296,37.75105]]]},"properties":{"row":22,"col":24,"walk_min":70.5,"bucket":">30","color":"#a01818","aggregate":true,"child_fine_cells":4,"nearest_station_id":"kr_470","nearest_station_idx":469}},{"type":"Feature","geometry":{"type":"Polygon","coordinates":[[[126.58,37.43957],[126.60596,37.43957],[126.60596,37.46552],[126.58,37.46552],[126.58,37.43957]]]},"properties":{"row":10,"col":0,"walk_min":68.8,"bucket":">30","color":"#a01818","aggregate":true,"child_fine_cells":6,"nearest_station_id":"kr_458","nearest_station_idx":457}},{"type":"Feature","geometry":{"type":"Polygon","coordinates":[[[126.81361,37.41361],[126.83957,37.41361],[126.83957,37.43957],[126.81361,37.43957],[126.81361,37.41361]]]},"properties":{"row":9,"col":9,"walk_min":79.1,"bucket":">30","color":"#a01818","aggregate":true,"child_fine_cells":9,"nearest_station_id":"kr_442","nearest_station_idx":441}},{"type":"Feature","geometry":{"type":"Polygon","coordinates":[[[127.20296,37.3617],[127.22892,37.3617],[127.22892,37.38765],[127.20296,37.38765],[127.20296,37.3617]]]},"properties":{"row":7,"col":24,"walk_min":86.0,"bucket":">30","color":"#a01818","aggregate":true,"child_fine_cells":9,"nearest_station_id":"kr_237","nearest_station_idx":239}},{"type":"Feature","geometry":{"type":"Polygon","coordinates":[[[127.04722,37.3617],[127.07318,37.3617],[127.07318,37.38765],[127.04722,37.38765],[127.04722,37.3617]]]},"properties":{"row":7,"col":18,"walk_min":72.8,"bucket":">30","color":"#a01818","aggregate":true,"child_fine_cells":9,"nearest_station_id":"kr_148","nearest_station_idx":150}},{"type":"Feature","geometry":{"type":"Polygon","coordinates":[[[126.70978,37.38765],[126.73574,37.38765],[126.73574,37.41361],[126.70978,37.41361],[126.70978,37.38765]]]},"properties":{"row":8,"col":5,"walk_min":97.6,"bucket":">30","color":"#a01818","aggregate":true,"child_fine_cells":9,"nearest_station_id":"kr_428","nearest_station_idx":427}},{"type":"Feature","geometry":{"type":"Polygon","coordinates":[[[127.12509,37.69914],[127.15105,37.69914],[127.15105,37.72509],[127.12509,37.72509],[127.12509,37.69914]]]},"properties":{"row":20,"col":21,"walk_min":81.1,"bucket":">30","color":"#a01818","aggregate":true,"child_fine_cells":9,"nearest_station_id":"kr_361","nearest_station_idx":359}},{"type":"Feature","geometry":{"type":"Polygon","coordinates":[[[126.86552,37.3617],[126.89148,37.3617],[126.89148,37.38765],[126.86552,37.38765],[126.86552,37.3617]]]},"properties":{"row":7,"col":11,"walk_min":70.3,"bucket":">30","color":"#a01818","aggregate":true,"child_fine_cells":9,"nearest_station_id":"kr_442","nearest_station_idx":441}},{"type":"Feature","geometry":{"type":"Polygon","coordinates":[[[127.17701,37.75105],[127.20296,37.75105],[127.20296,37.77701],[127.17701,37.77701],[127.17701,37.75105]]]},"properties":{"row":22,"col":23,"walk_min":75.3,"bucket":">30","color":"#a01818","aggregate":true,"child_fine_cells":8,"nearest_station_id":"kr_470","nearest_station_idx":469}},{"type":"Feature","geometry":{"type":"Polygon","coordinates":[[[126.94339,37.67318],[126.96935,37.67318],[126.96935,37.69914],[126.94339,37.69914],[126.94339,37.67318]]]},"properties":{"row":19,"col":14,"walk_min":79.6,"bucket":">30","color":"#a01818","aggregate":true,"child_fine_cells":8,"nearest_station_id":"kr_104","nearest_station_idx":103}},{"type":"Feature","geometry":{"type":"Polygon","coordinates":[[[127.02126,37.33574],[127.04722,37.33574],[127.04722,37.3617],[127.02126,37.3617],[127.02126,37.33574]]]},"properties":{"row":6,"col":17,"walk_min":78.3,"bucket":">30","color":"#a01818","aggregate":true,"child_fine_cells":9,"nearest_station_id":"kr_444","nearest_station_idx":443}},{"type":"Feature","geometry":{"type":"Polygon","coordinates":[[[127.09914,37.18],[127.12509,37.18],[127.12509,37.20596],[127.09914,37.20596],[127.09914,37.18]]]},"properties":{"row":0,"col":20,"walk_min":73.8,"bucket":">30","color":"#a01818","aggregate":true,"child_fine_cells":9,"nearest_station_id":"kr_416","nearest_station_idx":415}},{"type":"Feature","geometry":{"type":"Polygon","coordinates":[[[127.20296,37.49148],[127.22892,37.49148],[127.22892,37.51744],[127.20296,37.51744],[127.20296,37.49148]]]},"properties":{"row":12,"col":24,"walk_min":80.7,"bucket":">30","color":"#a01818","aggregate":true,"child_fine_cells":8,"nearest_station_id":"kr_469","nearest_station_idx":468}},{"type":"Feature","geometry":{"type":"Polygon","coordinates":[[[127.20296,37.43957],[127.22892,37.43957],[127.22892,37.46552],[127.20296,37.46552],[127.20296,37.43957]]]},"properties":{"row":10,"col":24,"walk_min":72.7,"bucket":">30","color":"#a01818","aggregate":true,"child_fine_cells":9,"nearest_station_id":"kr_232","nearest_station_idx":233}},{"type":"Feature","geometry":{"type":"Polygon","coordinates":[[[126.78765,37.69914],[126.81361,37.69914],[126.81361,37.72509],[126.78765,37.72509],[126.78765,37.69914]]]},"properties":{"row":20,"col":8,"walk_min":87.0,"bucket":">30","color":"#a01818","aggregate":true,"child_fine_cells":9,"nearest_station_id":"kr_350","nearest_station_idx":348}},{"type":"Feature","geometry":{"type":"Polygon","coordinates":[[[126.68383,37.69914],[126.70978,37.69914],[126.70978,37.72509],[126.68383,37.72509],[126.68383,37.69914]]]},"properties":{"row":20,"col":4,"walk_min":80.1,"bucket":">30","color":"#a01818","aggregate":true,"child_fine_cells":9,"nearest_station_id":"kr_424","nearest_station_idx":423}},{"type":"Feature","geometry":{"type":"Polygon","coordinates":[[[127.04722,37.38765],[127.07318,37.38765],[127.07318,37.41361],[127.04722,37.41361],[127.04722,37.38765]]]},"properties":{"row":8,"col":18,"walk_min":72.1,"bucket":">30","color":"#a01818","aggregate":true,"child_fine_cells":9,"nearest_station_id":"kr_041","nearest_station_idx":44}},{"type":"Feature","geometry":{"type":"Polygon","coordinates":[[[126.7617,37.59531],[126.78765,37.59531],[126.78765,37.62126],[126.7617,37.62126],[126.7617,37.59531]]]},"properties":{"row":16,"col":7,"walk_min":81.9,"bucket":">30","color":"#a01818","aggregate":true,"child_fine_cells":9,"nearest_station_id":"kr_429","nearest_station_idx":428}},{"type":"Feature","geometry":{"type":"Polygon","coordinates":[[[126.83957,37.3617],[126.86552,37.3617],[126.86552,37.38765],[126.83957,37.38765],[126.83957,37.3617]]]},"properties":{"row":7,"col":10,"walk_min":81.2,"bucket":">30","color":"#a01818","aggregate":true,"child_fine_cells":9,"nearest_station_id":"kr_442","nearest_station_idx":441}},{"type":"Feature","geometry":{"type":"Polygon","coordinates":[[[126.81361,37.38765],[126.83957,37.38765],[126.83957,37.41361],[126.81361,37.41361],[126.81361,37.38765]]]},"properties":{"row":8,"col":9,"walk_min":99.0,"bucket":">30","color":"#a01818","aggregate":true,"child_fine_cells":9,"nearest_station_id":"kr_442","nearest_station_idx":441}},{"type":"Feature","geometry":{"type":"Polygon","coordinates":[[[126.78765,37.41361],[126.81361,37.41361],[126.81361,37.43957],[126.78765,37.43957],[126.78765,37.41361]]]},"properties":{"row":9,"col":8,"walk_min":83.8,"bucket":">30","color":"#a01818","aggregate":true,"child_fine_cells":9,"nearest_station_id":"kr_451","nearest_station_idx":450}},{"type":"Feature","geometry":{"type":"Polygon","coordinates":[[[127.04722,37.15404],[127.07318,37.15404],[127.07318,37.18],[127.04722,37.18],[127.04722,37.15404]]]},"properties":{"row":-1,"col":18,"walk_min":64.6,"bucket":">30","color":"#a01818","aggregate":true,"child_fine_cells":1,"nearest_station_id":"kr_416","nearest_station_idx":415}},{"type":"Feature","geometry":{"type":"Polygon","coordinates":[[[127.12509,37.28383],[127.15105,37.28383],[127.15105,37.30978],[127.12509,37.30978],[127.12509,37.28383]]]},"properties":{"row":4,"col":21,"walk_min":78.3,"bucket":">30","color":"#a01818","aggregate":true,"child_fine_cells":9,"nearest_station_id":"kr_233","nearest_station_idx":234}},{"type":"Feature","geometry":{"type":"Polygon","coordinates":[[[126.89148,37.25787],[126.91744,37.25787],[126.91744,37.28383],[126.89148,37.28383],[126.89148,37.25787]]]},"properties":{"row":3,"col":12,"walk_min":84.4,"bucket":">30","color":"#a01818","aggregate":true,"child_fine_cells":9,"nearest_station_id":"kr_415","nearest_station_idx":414}},{"type":"Feature","geometry":{"type":"Polygon","coordinates":[[[126.63191,37.51744],[126.65787,37.51744],[126.65787,37.54339],[126.63191,37.54339],[126.63191,37.51744]]]},"properties":{"row":13,"col":2,"walk_min":81.3,"bucket":">30","color":"#a01818","aggregate":true,"child_fine_cells":9,"nearest_station_id":"kr_258","nearest_station_idx":412}},{"type":"Feature","geometry":{"type":"Polygon","coordinates":[[[127.09914,37.80296],[127.12509,37.80296],[127.12509,37.82892],[127.09914,37.82892],[127.09914,37.80296]]]},"properties":{"row":24,"col":20,"walk_min":83.9,"bucket":">30","color":"#a01818","aggregate":true,"child_fine_cells":9,"nearest_station_id":"kr_447","nearest_station_idx":446}},{"type":"Feature","geometry":{"type":"Polygon","coordinates":[[[127.07318,37.23191],[127.09914,37.23191],[127.09914,37.25787],[127.07318,37.25787],[127.07318,37.23191]]]},"properties":{"row":2,"col":19,"walk_min":79.2,"bucket":">30","color":"#a01818","aggregate":true,"child_fine_cells":9,"nearest_station_id":"kr_357","nearest_station_idx":355}},{"type":"Feature","geometry":{"type":"Polygon","coordinates":[[[127.09914,37.20596],[127.12509,37.20596],[127.12509,37.23191],[127.09914,37.23191],[127.09914,37.20596]]]},"properties":{"row":1,"col":20,"walk_min":83.8,"bucket":">30","color":"#a01818","aggregate":true,"child_fine_cells":9,"nearest_station_id":"kr_466","nearest_station_idx":465}},{"type":"Feature","geometry":{"type":"Polygon","coordinates":[[[127.02126,37.3617],[127.04722,37.3617],[127.04722,37.38765],[127.02126,37.38765],[127.02126,37.3617]]]},"properties":{"row":7,"col":17,"walk_min":83.3,"bucket":">30","color":"#a01818","aggregate":true,"child_fine_cells":9,"nearest_station_id":"kr_325","nearest_station_idx":319}},{"type":"Feature","geometry":{"type":"Polygon","coordinates":[[[126.96935,37.75105],[126.99531,37.75105],[126.99531,37.77701],[126.96935,37.77701],[126.96935,37.75105]]]},"properties":{"row":22,"col":15,"walk_min":83.9,"bucket":">30","color":"#a01818","aggregate":true,"child_fine_cells":9,"nearest_station_id":"kr_421","nearest_station_idx":420}},{"type":"Feature","geometry":{"type":"Polygon","coordinates":[[[126.73574,37.41361],[126.7617,37.41361],[126.7617,37.43957],[126.73574,37.43957],[126.73574,37.41361]]]},"properties":{"row":9,"col":6,"walk_min":86.5,"bucket":">30","color":"#a01818","aggregate":true,"child_fine_cells":9,"nearest_station_id":"kr_378","nearest_station_idx":375}},{"type":"Feature","geometry":{"type":"Polygon","coordinates":[[[127.20296,37.46552],[127.22892,37.46552],[127.22892,37.49148],[127.20296,37.49148],[127.20296,37.46552]]]},"properties":{"row":11,"col":24,"walk_min":80.7,"bucket":">30","color":"#a01818","aggregate":true,"child_fine_cells":7,"nearest_station_id":"kr_232","nearest_station_idx":233}},{"type":"Feature","geometry":{"type":"Polygon","coordinates":[[[126.96935,37.77701],[126.99531,37.77701],[126.99531,37.80296],[126.96935,37.80296],[126.96935,37.77701]]]},"properties":{"row":23,"col":15,"walk_min":80.0,"bucket":">30","color":"#a01818","aggregate":true,"child_fine_cells":9,"nearest_station_id":"kr_092","nearest_station_idx":91}},{"type":"Feature","geometry":{"type":"Polygon","coordinates":[[[126.99531,37.33574],[127.02126,37.33574],[127.02126,37.3617],[126.99531,37.3617],[126.99531,37.33574]]]},"properties":{"row":6,"col":16,"walk_min":80.2,"bucket":">30","color":"#a01818","aggregate":true,"child_fine_cells":9,"nearest_station_id":"kr_072","nearest_station_idx":72}},{"type":"Feature","geometry":{"type":"Polygon","coordinates":[[[126.96935,37.67318],[126.99531,37.67318],[126.99531,37.69914],[126.96935,37.69914],[126.96935,37.67318]]]},"properties":{"row":19,"col":15,"walk_min":83.8,"bucket":">30","color":"#a01818","aggregate":true,"child_fine_cells":8,"nearest_station_id":"kr_410","nearest_station_idx":407}},{"type":"Feature","geometry":{"type":"Polygon","coordinates":[[[126.73574,37.59531],[126.7617,37.59531],[126.7617,37.62126],[126.73574,37.62126],[126.73574,37.59531]]]},"properties":{"row":16,"col":6,"walk_min":93.1,"bucket":">30","color":"#a01818","aggregate":true,"child_fine_cells":9,"nearest_station_id":"kr_228","nearest_station_idx":229}},{"type":"Feature","geometry":{"type":"Polygon","coordinates":[[[127.09914,37.77701],[127.12509,37.77701],[127.12509,37.80296],[127.09914,37.80296],[127.09914,37.77701]]]},"properties":{"row":23,"col":20,"walk_min":86.6,"bucket":">30","color":"#a01818","aggregate":true,"child_fine_cells":8,"nearest_station_id":"kr_447","nearest_station_idx":446}},{"type":"Feature","geometry":{"type":"Polygon","coordinates":[[[127.09914,37.25787],[127.12509,37.25787],[127.12509,37.28383],[127.09914,37.28383],[127.09914,37.25787]]]},"properties":{"row":3,"col":20,"walk_min":84.1,"bucket":">30","color":"#a01818","aggregate":true,"child_fine_cells":8,"nearest_station_id":"kr_307","nearest_station_idx":303}},{"type":"Feature","geometry":{"type":"Polygon","coordinates":[[[126.96935,37.69914],[126.99531,37.69914],[126.99531,37.72509],[126.96935,37.72509],[126.96935,37.69914]]]},"properties":{"row":20,"col":15,"walk_min":84.9,"bucket":">30","color":"#a01818","aggregate":true,"child_fine_cells":9,"nearest_station_id":"kr_449","nearest_station_idx":448}},{"type":"Feature","geometry":{"type":"Polygon","coordinates":[[[127.09914,37.72509],[127.12509,37.72509],[127.12509,37.75105],[127.09914,37.75105],[127.09914,37.72509]]]},"properties":{"row":21,"col":20,"walk_min":88.6,"bucket":">30","color":"#a01818","aggregate":true,"child_fine_cells":9,"nearest_station_id":"kr_065","nearest_station_idx":66}},{"type":"Feature","geometry":{"type":"Polygon","coordinates":[[[126.7617,37.41361],[126.78765,37.41361],[126.78765,37.43957],[126.7617,37.43957],[126.7617,37.41361]]]},"properties":{"row":9,"col":7,"walk_min":89.3,"bucket":">30","color":"#a01818","aggregate":true,"child_fine_cells":9,"nearest_station_id":"kr_060","nearest_station_idx":59}},{"type":"Feature","geometry":{"type":"Polygon","coordinates":[[[126.78765,37.25787],[126.81361,37.25787],[126.81361,37.28383],[126.78765,37.28383],[126.78765,37.25787]]]},"properties":{"row":3,"col":8,"walk_min":112.9,"bucket":">30","color":"#a01818","aggregate":true,"child_fine_cells":7,"nearest_station_id":"kr_426","nearest_station_idx":425}},{"type":"Feature","geometry":{"type":"Polygon","coordinates":[[[127.15105,37.33574],[127.17701,37.33574],[127.17701,37.3617],[127.15105,37.3617],[127.15105,37.33574]]]},"properties":{"row":6,"col":22,"walk_min":85.9,"bucket":">30","color":"#a01818","aggregate":true,"child_fine_cells":9,"nearest_station_id":"kr_172","nearest_station_idx":174}},{"type":"Feature","geometry":{"type":"Polygon","coordinates":[[[126.65787,37.54339],[126.68383,37.54339],[126.68383,37.56935],[126.65787,37.56935],[126.65787,37.54339]]]},"properties":{"row":14,"col":3,"walk_min":89.2,"bucket":">30","color":"#a01818","aggregate":true,"child_fine_cells":9,"nearest_station_id":"kr_258","nearest_station_idx":412}},{"type":"Feature","geometry":{"type":"Polygon","coordinates":[[[126.81361,37.3617],[126.83957,37.3617],[126.83957,37.38765],[126.81361,37.38765],[126.81361,37.3617]]]},"properties":{"row":7,"col":9,"walk_min":85.8,"bucket":">30","color":"#a01818","aggregate":true,"child_fine_cells":9,"nearest_station_id":"kr_263","nearest_station_idx":262}},{"type":"Feature","geometry":{"type":"Polygon","coordinates":[[[126.7617,37.38765],[126.78765,37.38765],[126.78765,37.41361],[126.7617,37.41361],[126.7617,37.38765]]]},"properties":{"row":8,"col":7,"walk_min":110.0,"bucket":">30","color":"#a01818","aggregate":true,"child_fine_cells":8,"nearest_station_id":"kr_428","nearest_station_idx":427}},{"type":"Feature","geometry":{"type":"Polygon","coordinates":[[[126.96935,37.18],[126.99531,37.18],[126.99531,37.20596],[126.96935,37.20596],[126.96935,37.18]]]},"properties":{"row":0,"col":15,"walk_min":90.4,"bucket":">30","color":"#a01818","aggregate":true,"child_fine_cells":9,"nearest_station_id":"kr_047","nearest_station_idx":46}},{"type":"Feature","geometry":{"type":"Polygon","coordinates":[[[126.96935,37.72509],[126.99531,37.72509],[126.99531,37.75105],[126.96935,37.75105],[126.96935,37.72509]]]},"properties":{"row":21,"col":15,"walk_min":94.6,"bucket":">30","color":"#a01818","aggregate":true,"child_fine_cells":9,"nearest_station_id":"kr_448","nearest_station_idx":447}},{"type":"Feature","geometry":{"type":"Polygon","coordinates":[[[127.15105,37.30978],[127.17701,37.30978],[127.17701,37.33574],[127.15105,37.33574],[127.15105,37.30978]]]},"properties":{"row":5,"col":22,"walk_min":99.0,"bucket":">30","color":"#a01818","aggregate":true,"child_fine_cells":9,"nearest_station_id":"kr_202","nearest_station_idx":204}},{"type":"Feature","geometry":{"type":"Polygon","coordinates":[[[127.20296,37.59531],[127.22892,37.59531],[127.22892,37.62126],[127.20296,37.62126],[127.20296,37.59531]]]},"properties":{"row":16,"col":24,"walk_min":92.8,"bucket":">30","color":"#a01818","aggregate":true,"child_fine_cells":9,"nearest_station_id":"kr_331","nearest_station_idx":327}},{"type":"Feature","geometry":{"type":"Polygon","coordinates":[[[126.65787,37.38765],[126.68383,37.38765],[126.68383,37.41361],[126.65787,37.41361],[126.65787,37.38765]]]},"properties":{"row":8,"col":3,"walk_min":93.2,"bucket":">30","color":"#a01818","aggregate":true,"child_fine_cells":9,"nearest_station_id":"kr_248","nearest_station_idx":249}},{"type":"Feature","geometry":{"type":"Polygon","coordinates":[[[126.70978,37.28383],[126.73574,37.28383],[126.73574,37.30978],[126.70978,37.30978],[126.70978,37.28383]]]},"properties":{"row":4,"col":5,"walk_min":84.4,"bucket":">30","color":"#a01818","aggregate":true,"child_fine_cells":4,"nearest_station_id":"kr_427","nearest_station_idx":426}},{"type":"Feature","geometry":{"type":"Polygon","coordinates":[[[127.09914,37.75105],[127.12509,37.75105],[127.12509,37.77701],[127.09914,37.77701],[127.09914,37.75105]]]},"properties":{"row":22,"col":20,"walk_min":91.7,"bucket":">30","color":"#a01818","aggregate":true,"child_fine_cells":8,"nearest_station_id":"kr_092","nearest_station_idx":91}},{"type":"Feature","geometry":{"type":"Polygon","coordinates":[[[126.68383,37.38765],[126.70978,37.38765],[126.70978,37.41361],[126.68383,37.41361],[126.68383,37.38765]]]},"properties":{"row":8,"col":4,"walk_min":96.8,"bucket":">30","color":"#a01818","aggregate":true,"child_fine_cells":9,"nearest_station_id":"kr_428","nearest_station_idx":427}},{"type":"Feature","geometry":{"type":"Polygon","coordinates":[[[127.22892,37.41361],[127.25488,37.41361],[127.25488,37.43957],[127.22892,37.43957],[127.22892,37.41361]]]},"properties":{"row":9,"col":25,"walk_min":77.9,"bucket":">30","color":"#a01818","aggregate":true,"child_fine_cells":1,"nearest_station_id":"kr_149","nearest_station_idx":146}},{"type":"Feature","geometry":{"type":"Polygon","coordinates":[[[126.73574,37.72509],[126.7617,37.72509],[126.7617,37.75105],[126.73574,37.75105],[126.73574,37.72509]]]},"properties":{"row":21,"col":6,"walk_min":93.5,"bucket":">30","color":"#a01818","aggregate":true,"child_fine_cells":9,"nearest_station_id":"kr_424","nearest_station_idx":423}},{"type":"Feature","geometry":{"type":"Polygon","coordinates":[[[126.7617,37.72509],[126.78765,37.72509],[126.78765,37.75105],[126.7617,37.75105],[126.7617,37.72509]]]},"properties":{"row":21,"col":7,"walk_min":99.7,"bucket":">30","color":"#a01818","aggregate":true,"child_fine_cells":9,"nearest_station_id":"kr_424","nearest_station_idx":423}},{"type":"Feature","geometry":{"type":"Polygon","coordinates":[[[126.96935,37.80296],[126.99531,37.80296],[126.99531,37.82892],[126.96935,37.82892],[126.96935,37.80296]]]},"properties":{"row":24,"col":15,"walk_min":96.0,"bucket":">30","color":"#a01818","aggregate":true,"child_fine_cells":9,"nearest_station_id":"kr_447","nearest_station_idx":446}},{"type":"Feature","geometry":{"type":"Polygon","coordinates":[[[126.65787,37.67318],[126.68383,37.67318],[126.68383,37.69914],[126.65787,37.69914],[126.65787,37.67318]]]},"properties":{"row":19,"col":3,"walk_min":170.5,"bucket":">30","color":"#a01818","aggregate":true,"child_fine_cells":6,"nearest_station_id":"kr_424","nearest_station_idx":423}},{"type":"Feature","geometry":{"type":"Polygon","coordinates":[[[126.91744,37.23191],[126.94339,37.23191],[126.94339,37.25787],[126.91744,37.25787],[126.91744,37.23191]]]},"properties":{"row":2,"col":13,"walk_min":98.5,"bucket":">30","color":"#a01818","aggregate":true,"child_fine_cells":9,"nearest_station_id":"kr_043","nearest_station_idx":40}},{"type":"Feature","geometry":{"type":"Polygon","coordinates":[[[126.96935,37.20596],[126.99531,37.20596],[126.99531,37.23191],[126.96935,37.23191],[126.96935,37.20596]]]},"properties":{"row":1,"col":15,"walk_min":90.6,"bucket":">30","color":"#a01818","aggregate":true,"child_fine_cells":9,"nearest_station_id":"kr_462","nearest_station_idx":461}},{"type":"Feature","geometry":{"type":"Polygon","coordinates":[[[126.83957,37.69914],[126.86552,37.69914],[126.86552,37.72509],[126.83957,37.72509],[126.83957,37.69914]]]},"properties":{"row":20,"col":10,"walk_min":122.9,"bucket":">30","color":"#a01818","aggregate":true,"child_fine_cells":9,"nearest_station_id":"kr_145","nearest_station_idx":147}},{"type":"Feature","geometry":{"type":"Polygon","coordinates":[[[126.58,37.41361],[126.60596,37.41361],[126.60596,37.43957],[126.58,37.43957],[126.58,37.41361]]]},"properties":{"row":9,"col":0,"walk_min":92.7,"bucket":">30","color":"#a01818","aggregate":true,"child_fine_cells":6,"nearest_station_id":"kr_458","nearest_station_idx":457}},{"type":"Feature","geometry":{"type":"Polygon","coordinates":[[[126.91744,37.69914],[126.94339,37.69914],[126.94339,37.72509],[126.91744,37.72509],[126.91744,37.69914]]]},"properties":{"row":20,"col":13,"walk_min":99.7,"bucket":">30","color":"#a01818","aggregate":true,"child_fine_cells":8,"nearest_station_id":"kr_115","nearest_station_idx":114}},{"type":"Feature","geometry":{"type":"Polygon","coordinates":[[[126.78765,37.38765],[126.81361,37.38765],[126.81361,37.41361],[126.78765,37.41361],[126.78765,37.38765]]]},"properties":{"row":8,"col":8,"walk_min":104.9,"bucket":">30","color":"#a01818","aggregate":true,"child_fine_cells":9,"nearest_station_id":"kr_428","nearest_station_idx":427}},{"type":"Feature","geometry":{"type":"Polygon","coordinates":[[[126.70978,37.72509],[126.73574,37.72509],[126.73574,37.75105],[126.70978,37.75105],[126.70978,37.72509]]]},"properties":{"row":21,"col":5,"walk_min":99.9,"bucket":">30","color":"#a01818","aggregate":true,"child_fine_cells":9,"nearest_station_id":"kr_424","nearest_station_idx":423}},{"type":"Feature","geometry":{"type":"Polygon","coordinates":[[[126.60596,37.51744],[126.63191,37.51744],[126.63191,37.54339],[126.60596,37.54339],[126.60596,37.51744]]]},"properties":{"row":13,"col":1,"walk_min":105.2,"bucket":">30","color":"#a01818","aggregate":true,"child_fine_cells":9,"nearest_station_id":"kr_458","nearest_station_idx":457}},{"type":"Feature","geometry":{"type":"Polygon","coordinates":[[[126.63191,37.38765],[126.65787,37.38765],[126.65787,37.41361],[126.63191,37.41361],[126.63191,37.38765]]]},"properties":{"row":8,"col":2,"walk_min":101.9,"bucket":">30","color":"#a01818","aggregate":true,"child_fine_cells":9,"nearest_station_id":"kr_379","nearest_station_idx":376}},{"type":"Feature","geometry":{"type":"Polygon","coordinates":[[[127.20296,37.62126],[127.22892,37.62126],[127.22892,37.64722],[127.20296,37.64722],[127.20296,37.62126]]]},"properties":{"row":17,"col":24,"walk_min":98.1,"bucket":">30","color":"#a01818","aggregate":true,"child_fine_cells":9,"nearest_station_id":"kr_352","nearest_station_idx":350}},{"type":"Feature","geometry":{"type":"Polygon","coordinates":[[[126.65787,37.30978],[126.68383,37.30978],[126.68383,37.33574],[126.65787,37.33574],[126.65787,37.30978]]]},"properties":{"row":5,"col":3,"walk_min":105.0,"bucket":">30","color":"#a01818","aggregate":true,"child_fine_cells":8,"nearest_station_id":"kr_351","nearest_station_idx":349}},{"type":"Feature","geometry":{"type":"Polygon","coordinates":[[[127.12509,37.72509],[127.15105,37.72509],[127.15105,37.75105],[127.12509,37.75105],[127.12509,37.72509]]]},"properties":{"row":21,"col":21,"walk_min":106.8,"bucket":">30","color":"#a01818","aggregate":true,"child_fine_cells":9,"nearest_station_id":"kr_361","nearest_station_idx":359}},{"type":"Feature","geometry":{"type":"Polygon","coordinates":[[[126.81361,37.69914],[126.83957,37.69914],[126.83957,37.72509],[126.81361,37.72509],[126.81361,37.69914]]]},"properties":{"row":20,"col":9,"walk_min":103.0,"bucket":">30","color":"#a01818","aggregate":true,"child_fine_cells":9,"nearest_station_id":"kr_145","nearest_station_idx":147}},{"type":"Feature","geometry":{"type":"Polygon","coordinates":[[[126.65787,37.69914],[126.68383,37.69914],[126.68383,37.72509],[126.65787,37.72509],[126.65787,37.69914]]]},"properties":{"row":20,"col":3,"walk_min":231.6,"bucket":">30","color":"#a01818","aggregate":true,"child_fine_cells":6,"nearest_station_id":"kr_424","nearest_station_idx":423}},{"type":"Feature","geometry":{"type":"Polygon","coordinates":[[[127.12509,37.25787],[127.15105,37.25787],[127.15105,37.28383],[127.12509,37.28383],[127.12509,37.25787]]]},"properties":{"row":3,"col":21,"walk_min":106.3,"bucket":">30","color":"#a01818","aggregate":true,"child_fine_cells":9,"nearest_station_id":"kr_307","nearest_station_idx":303}},{"type":"Feature","geometry":{"type":"Polygon","coordinates":[[[126.86552,37.23191],[126.89148,37.23191],[126.89148,37.25787],[126.86552,37.25787],[126.86552,37.23191]]]},"properties":{"row":2,"col":11,"walk_min":108.7,"bucket":">30","color":"#a01818","aggregate":true,"child_fine_cells":9,"nearest_station_id":"kr_114","nearest_station_idx":113}},{"type":"Feature","geometry":{"type":"Polygon","coordinates":[[[127.09914,37.23191],[127.12509,37.23191],[127.12509,37.25787],[127.09914,37.25787],[127.09914,37.23191]]]},"properties":{"row":2,"col":20,"walk_min":104.0,"bucket":">30","color":"#a01818","aggregate":true,"child_fine_cells":9,"nearest_station_id":"kr_307","nearest_station_idx":303}},{"type":"Feature","geometry":{"type":"Polygon","coordinates":[[[126.60596,37.38765],[126.63191,37.38765],[126.63191,37.41361],[126.60596,37.41361],[126.60596,37.38765]]]},"properties":{"row":8,"col":1,"walk_min":105.1,"bucket":">30","color":"#a01818","aggregate":true,"child_fine_cells":9,"nearest_station_id":"kr_457","nearest_station_idx":456}},{"type":"Feature","geometry":{"type":"Polygon","coordinates":[[[126.89148,37.69914],[126.91744,37.69914],[126.91744,37.72509],[126.89148,37.72509],[126.89148,37.69914]]]},"properties":{"row":20,"col":12,"walk_min":111.3,"bucket":">30","color":"#a01818","aggregate":true,"child_fine_cells":9,"nearest_station_id":"kr_115","nearest_station_idx":114}},{"type":"Feature","geometry":{"type":"Polygon","coordinates":[[[126.68383,37.72509],[126.70978,37.72509],[126.70978,37.75105],[126.68383,37.75105],[126.68383,37.72509]]]},"properties":{"row":21,"col":4,"walk_min":113.6,"bucket":">30","color":"#a01818","aggregate":true,"child_fine_cells":9,"nearest_station_id":"kr_424","nearest_station_idx":423}},{"type":"Feature","geometry":{"type":"Polygon","coordinates":[[[126.89148,37.23191],[126.91744,37.23191],[126.91744,37.25787],[126.89148,37.25787],[126.89148,37.23191]]]},"properties":{"row":2,"col":12,"walk_min":114.0,"bucket":">30","color":"#a01818","aggregate":true,"child_fine_cells":9,"nearest_station_id":"kr_114","nearest_station_idx":113}},{"type":"Feature","geometry":{"type":"Polygon","coordinates":[[[127.22892,37.43957],[127.25488,37.43957],[127.25488,37.46552],[127.22892,37.46552],[127.22892,37.43957]]]},"properties":{"row":10,"col":25,"walk_min":104.3,"bucket":">30","color":"#a01818","aggregate":true,"child_fine_cells":4,"nearest_station_id":"kr_236","nearest_station_idx":238}},{"type":"Feature","geometry":{"type":"Polygon","coordinates":[[[127.22892,37.3617],[127.25488,37.3617],[127.25488,37.38765],[127.22892,37.38765],[127.22892,37.3617]]]},"properties":{"row":7,"col":25,"walk_min":95.8,"bucket":">30","color":"#a01818","aggregate":true,"child_fine_cells":1,"nearest_station_id":"kr_149","nearest_station_idx":146}},{"type":"Feature","geometry":{"type":"Polygon","coordinates":[[[127.04722,37.82892],[127.07318,37.82892],[127.07318,37.85488],[127.04722,37.85488],[127.04722,37.82892]]]},"properties":{"row":25,"col":18,"walk_min":93.5,"bucket":">30","color":"#a01818","aggregate":true,"child_fine_cells":1,"nearest_station_id":"kr_119","nearest_station_idx":118}},{"type":"Feature","geometry":{"type":"Polygon","coordinates":[[[126.70978,37.56935],[126.73574,37.56935],[126.73574,37.59531],[126.70978,37.59531],[126.70978,37.56935]]]},"properties":{"row":15,"col":5,"walk_min":106.4,"bucket":">30","color":"#a01818","aggregate":true,"child_fine_cells":9,"nearest_station_id":"kr_429","nearest_station_idx":428}},{"type":"Feature","geometry":{"type":"Polygon","coordinates":[[[127.12509,37.18],[127.15105,37.18],[127.15105,37.20596],[127.12509,37.20596],[127.12509,37.18]]]},"properties":{"row":0,"col":21,"walk_min":110.2,"bucket":">30","color":"#a01818","aggregate":true,"child_fine_cells":9,"nearest_station_id":"kr_416","nearest_station_idx":415}},{"type":"Feature","geometry":{"type":"Polygon","coordinates":[[[126.86552,37.69914],[126.89148,37.69914],[126.89148,37.72509],[126.86552,37.72509],[126.86552,37.69914]]]},"properties":{"row":20,"col":11,"walk_min":112.6,"bucket":">30","color":"#a01818","aggregate":true,"child_fine_cells":9,"nearest_station_id":"kr_115","nearest_station_idx":114}},{"type":"Feature","geometry":{"type":"Polygon","coordinates":[[[127.15105,37.75105],[127.17701,37.75105],[127.17701,37.77701],[127.15105,37.77701],[127.15105,37.75105]]]},"properties":{"row":22,"col":22,"walk_min":111.5,"bucket":">30","color":"#a01818","aggregate":true,"child_fine_cells":9,"nearest_station_id":"kr_470","nearest_station_idx":469}},{"type":"Feature","geometry":{"type":"Polygon","coordinates":[[[127.15105,37.28383],[127.17701,37.28383],[127.17701,37.30978],[127.15105,37.30978],[127.15105,37.28383]]]},"properties":{"row":4,"col":22,"walk_min":113.5,"bucket":">30","color":"#a01818","aggregate":true,"child_fine_cells":9,"nearest_station_id":"kr_233","nearest_station_idx":234}},{"type":"Feature","geometry":{"type":"Polygon","coordinates":[[[127.12509,37.80296],[127.15105,37.80296],[127.15105,37.82892],[127.12509,37.82892],[127.12509,37.80296]]]},"properties":{"row":24,"col":21,"walk_min":122.5,"bucket":">30","color":"#a01818","aggregate":true,"child_fine_cells":9,"nearest_station_id":"kr_447","nearest_station_idx":446}},{"type":"Feature","geometry":{"type":"Polygon","coordinates":[[[126.68383,37.56935],[126.70978,37.56935],[126.70978,37.59531],[126.68383,37.59531],[126.68383,37.56935]]]},"properties":{"row":15,"col":4,"walk_min":121.0,"bucket":">30","color":"#a01818","aggregate":true,"child_fine_cells":9,"nearest_station_id":"kr_258","nearest_station_idx":412}},{"type":"Feature","geometry":{"type":"Polygon","coordinates":[[[126.94339,37.20596],[126.96935,37.20596],[126.96935,37.23191],[126.94339,37.23191],[126.94339,37.20596]]]},"properties":{"row":1,"col":14,"walk_min":115.6,"bucket":">30","color":"#a01818","aggregate":true,"child_fine_cells":9,"nearest_station_id":"kr_462","nearest_station_idx":461}},{"type":"Feature","geometry":{"type":"Polygon","coordinates":[[[126.94339,37.69914],[126.96935,37.69914],[126.96935,37.72509],[126.94339,37.72509],[126.94339,37.69914]]]},"properties":{"row":20,"col":14,"walk_min":111.6,"bucket":">30","color":"#a01818","aggregate":true,"child_fine_cells":9,"nearest_station_id":"kr_449","nearest_station_idx":448}},{"type":"Feature","geometry":{"type":"Polygon","coordinates":[[[126.63191,37.54339],[126.65787,37.54339],[126.65787,37.56935],[126.63191,37.56935],[126.63191,37.54339]]]},"properties":{"row":14,"col":2,"walk_min":114.4,"bucket":">30","color":"#a01818","aggregate":true,"child_fine_cells":9,"nearest_station_id":"kr_258","nearest_station_idx":412}},{"type":"Feature","geometry":{"type":"Polygon","coordinates":[[[126.70978,37.59531],[126.73574,37.59531],[126.73574,37.62126],[126.70978,37.62126],[126.70978,37.59531]]]},"properties":{"row":16,"col":5,"walk_min":119.5,"bucket":">30","color":"#a01818","aggregate":true,"child_fine_cells":9,"nearest_station_id":"kr_261","nearest_station_idx":260}},{"type":"Feature","geometry":{"type":"Polygon","coordinates":[[[126.94339,37.77701],[126.96935,37.77701],[126.96935,37.80296],[126.94339,37.80296],[126.94339,37.77701]]]},"properties":{"row":23,"col":14,"walk_min":113.5,"bucket":">30","color":"#a01818","aggregate":true,"child_fine_cells":9,"nearest_station_id":"kr_092","nearest_station_idx":91}},{"type":"Feature","geometry":{"type":"Polygon","coordinates":[[[127.20296,37.77701],[127.22892,37.77701],[127.22892,37.80296],[127.20296,37.80296],[127.20296,37.77701]]]},"properties":{"row":23,"col":24,"walk_min":125.0,"bucket":">30","color":"#a01818","aggregate":true,"child_fine_cells":8,"nearest_station_id":"kr_470","nearest_station_idx":469}},{"type":"Feature","geometry":{"type":"Polygon","coordinates":[[[126.78765,37.72509],[126.81361,37.72509],[126.81361,37.75105],[126.78765,37.75105],[126.78765,37.72509]]]},"properties":{"row":21,"col":8,"walk_min":120.0,"bucket":">30","color":"#a01818","aggregate":true,"child_fine_cells":9,"nearest_station_id":"kr_350","nearest_station_idx":348}},{"type":"Feature","geometry":{"type":"Polygon","coordinates":[[[126.58,37.49148],[126.60596,37.49148],[126.60596,37.51744],[126.58,37.51744],[126.58,37.49148]]]},"properties":{"row":12,"col":0,"walk_min":109.8,"bucket":">30","color":"#a01818","aggregate":true,"child_fine_cells":2,"nearest_station_id":"kr_458","nearest_station_idx":457}},{"type":"Feature","geometry":{"type":"Polygon","coordinates":[[[127.22892,37.46552],[127.25488,37.46552],[127.25488,37.49148],[127.22892,37.49148],[127.22892,37.46552]]]},"properties":{"row":11,"col":25,"walk_min":109.2,"bucket":">30","color":"#a01818","aggregate":true,"child_fine_cells":2,"nearest_station_id":"kr_469","nearest_station_idx":468}},{"type":"Feature","geometry":{"type":"Polygon","coordinates":[[[127.15105,37.25787],[127.17701,37.25787],[127.17701,37.28383],[127.15105,37.28383],[127.15105,37.25787]]]},"properties":{"row":3,"col":22,"walk_min":126.8,"bucket":">30","color":"#a01818","aggregate":true,"child_fine_cells":9,"nearest_station_id":"kr_233","nearest_station_idx":234}},{"type":"Feature","geometry":{"type":"Polygon","coordinates":[[[127.12509,37.20596],[127.15105,37.20596],[127.15105,37.23191],[127.12509,37.23191],[127.12509,37.20596]]]},"properties":{"row":1,"col":21,"walk_min":121.8,"bucket":">30","color":"#a01818","aggregate":true,"child_fine_cells":9,"nearest_station_id":"kr_466","nearest_station_idx":465}},{"type":"Feature","geometry":{"type":"Polygon","coordinates":[[[126.94339,37.75105],[126.96935,37.75105],[126.96935,37.77701],[126.94339,37.77701],[126.94339,37.75105]]]},"properties":{"row":22,"col":14,"walk_min":124.0,"bucket":">30","color":"#a01818","aggregate":true,"child_fine_cells":9,"nearest_station_id":"kr_421","nearest_station_idx":420}},{"type":"Feature","geometry":{"type":"Polygon","coordinates":[[[127.17701,37.77701],[127.20296,37.77701],[127.20296,37.80296],[127.17701,37.80296],[127.17701,37.77701]]]},"properties":{"row":23,"col":23,"walk_min":164.7,"bucket":">30","color":"#a01818","aggregate":true,"child_fine_cells":7,"nearest_station_id":"kr_470","nearest_station_idx":469}},{"type":"Feature","geometry":{"type":"Polygon","coordinates":[[[126.83957,37.23191],[126.86552,37.23191],[126.86552,37.25787],[126.83957,37.25787],[126.83957,37.23191]]]},"properties":{"row":2,"col":10,"walk_min":125.8,"bucket":">30","color":"#a01818","aggregate":true,"child_fine_cells":9,"nearest_station_id":"kr_114","nearest_station_idx":113}},{"type":"Feature","geometry":{"type":"Polygon","coordinates":[[[127.17701,37.33574],[127.20296,37.33574],[127.20296,37.3617],[127.17701,37.3617],[127.17701,37.33574]]]},"properties":{"row":6,"col":23,"walk_min":119.9,"bucket":">30","color":"#a01818","aggregate":true,"child_fine_cells":9,"nearest_station_id":"kr_237","nearest_station_idx":239}},{"type":"Feature","geometry":{"type":"Polygon","coordinates":[[[126.94339,37.80296],[126.96935,37.80296],[126.96935,37.82892],[126.94339,37.82892],[126.94339,37.80296]]]},"properties":{"row":24,"col":14,"walk_min":125.1,"bucket":">30","color":"#a01818","aggregate":true,"child_fine_cells":9,"nearest_station_id":"kr_447","nearest_station_idx":446}},{"type":"Feature","geometry":{"type":"Polygon","coordinates":[[[127.12509,37.75105],[127.15105,37.75105],[127.15105,37.77701],[127.12509,37.77701],[127.12509,37.75105]]]},"properties":{"row":22,"col":21,"walk_min":126.0,"bucket":">30","color":"#a01818","aggregate":true,"child_fine_cells":9,"nearest_station_id":"kr_470","nearest_station_idx":469}},{"type":"Feature","geometry":{"type":"Polygon","coordinates":[[[126.65787,37.56935],[126.68383,37.56935],[126.68383,37.59531],[126.65787,37.59531],[126.65787,37.56935]]]},"properties":{"row":15,"col":3,"walk_min":125.4,"bucket":">30","color":"#a01818","aggregate":true,"child_fine_cells":9,"nearest_station_id":"kr_258","nearest_station_idx":412}},{"type":"Feature","geometry":{"type":"Polygon","coordinates":[[[127.12509,37.77701],[127.15105,37.77701],[127.15105,37.80296],[127.12509,37.80296],[127.12509,37.77701]]]},"properties":{"row":23,"col":21,"walk_min":133.9,"bucket":">30","color":"#a01818","aggregate":true,"child_fine_cells":9,"nearest_station_id":"kr_447","nearest_station_idx":446}},{"type":"Feature","geometry":{"type":"Polygon","coordinates":[[[126.94339,37.72509],[126.96935,37.72509],[126.96935,37.75105],[126.94339,37.75105],[126.94339,37.72509]]]},"properties":{"row":21,"col":14,"walk_min":139.4,"bucket":">30","color":"#a01818","aggregate":true,"child_fine_cells":8,"nearest_station_id":"kr_448","nearest_station_idx":447}},{"type":"Feature","geometry":{"type":"Polygon","coordinates":[[[126.91744,37.20596],[126.94339,37.20596],[126.94339,37.23191],[126.91744,37.23191],[126.91744,37.20596]]]},"properties":{"row":1,"col":13,"walk_min":140.4,"bucket":">30","color":"#a01818","aggregate":true,"child_fine_cells":9,"nearest_station_id":"kr_462","nearest_station_idx":461}},{"type":"Feature","geometry":{"type":"Polygon","coordinates":[[[126.99531,37.82892],[127.02126,37.82892],[127.02126,37.85488],[126.99531,37.85488],[126.99531,37.82892]]]},"properties":{"row":25,"col":16,"walk_min":112.8,"bucket":">30","color":"#a01818","aggregate":true,"child_fine_cells":1,"nearest_station_id":"kr_119","nearest_station_idx":118}},{"type":"Feature","geometry":{"type":"Polygon","coordinates":[[[126.94339,37.18],[126.96935,37.18],[126.96935,37.20596],[126.94339,37.20596],[126.94339,37.18]]]},"properties":{"row":0,"col":14,"walk_min":131.3,"bucket":">30","color":"#a01818","aggregate":true,"child_fine_cells":9,"nearest_station_id":"kr_047","nearest_station_idx":46}},{"type":"Feature","geometry":{"type":"Polygon","coordinates":[[[127.09914,37.82892],[127.12509,37.82892],[127.12509,37.85488],[127.09914,37.85488],[127.09914,37.82892]]]},"properties":{"row":25,"col":20,"walk_min":125.9,"bucket":">30","color":"#a01818","aggregate":true,"child_fine_cells":3,"nearest_station_id":"kr_119","nearest_station_idx":118}},{"type":"Feature","geometry":{"type":"Polygon","coordinates":[[[127.17701,37.30978],[127.20296,37.30978],[127.20296,37.33574],[127.17701,37.33574],[127.17701,37.30978]]]},"properties":{"row":5,"col":23,"walk_min":139.7,"bucket":">30","color":"#a01818","aggregate":true,"child_fine_cells":9,"nearest_station_id":"kr_172","nearest_station_idx":174}},{"type":"Feature","geometry":{"type":"Polygon","coordinates":[[[126.63191,37.30978],[126.65787,37.30978],[126.65787,37.33574],[126.63191,37.33574],[126.63191,37.30978]]]},"properties":{"row":5,"col":2,"walk_min":129.4,"bucket":">30","color":"#a01818","aggregate":true,"child_fine_cells":3,"nearest_station_id":"kr_351","nearest_station_idx":349}},{"type":"Feature","geometry":{"type":"Polygon","coordinates":[[[127.22892,37.49148],[127.25488,37.49148],[127.25488,37.51744],[127.22892,37.51744],[127.22892,37.49148]]]},"properties":{"row":12,"col":25,"walk_min":117.4,"bucket":">30","color":"#a01818","aggregate":true,"child_fine_cells":1,"nearest_station_id":"kr_469","nearest_station_idx":468}},{"type":"Feature","geometry":{"type":"Polygon","coordinates":[[[127.22892,37.62126],[127.25488,37.62126],[127.25488,37.64722],[127.22892,37.64722],[127.22892,37.62126]]]},"properties":{"row":17,"col":25,"walk_min":133.6,"bucket":">30","color":"#a01818","aggregate":true,"child_fine_cells":4,"nearest_station_id":"kr_352","nearest_station_idx":350}},{"type":"Feature","geometry":{"type":"Polygon","coordinates":[[[126.81361,37.23191],[126.83957,37.23191],[126.83957,37.25787],[126.81361,37.25787],[126.81361,37.23191]]]},"properties":{"row":2,"col":9,"walk_min":140.2,"bucket":">30","color":"#a01818","aggregate":true,"child_fine_cells":9,"nearest_station_id":"kr_114","nearest_station_idx":113}},{"type":"Feature","geometry":{"type":"Polygon","coordinates":[[[126.63191,37.3617],[126.65787,37.3617],[126.65787,37.38765],[126.63191,37.38765],[126.63191,37.3617]]]},"properties":{"row":7,"col":2,"walk_min":135.8,"bucket":">30","color":"#a01818","aggregate":true,"child_fine_cells":9,"nearest_station_id":"kr_428","nearest_station_idx":427}},{"type":"Feature","geometry":{"type":"Polygon","coordinates":[[[126.60596,37.54339],[126.63191,37.54339],[126.63191,37.56935],[126.60596,37.56935],[126.60596,37.54339]]]},"properties":{"row":14,"col":1,"walk_min":140.9,"bucket":">30","color":"#a01818","aggregate":true,"child_fine_cells":9,"nearest_station_id":"kr_458","nearest_station_idx":457}},{"type":"Feature","geometry":{"type":"Polygon","coordinates":[[[126.73574,37.75105],[126.7617,37.75105],[126.7617,37.77701],[126.73574,37.77701],[126.73574,37.75105]]]},"properties":{"row":22,"col":6,"walk_min":141.4,"bucket":">30","color":"#a01818","aggregate":true,"child_fine_cells":9,"nearest_station_id":"kr_424","nearest_station_idx":423}},{"type":"Feature","geometry":{"type":"Polygon","coordinates":[[[127.12509,37.23191],[127.15105,37.23191],[127.15105,37.25787],[127.12509,37.25787],[127.12509,37.23191]]]},"properties":{"row":2,"col":21,"walk_min":137.8,"bucket":">30","color":"#a01818","aggregate":true,"child_fine_cells":9,"nearest_station_id":"kr_307","nearest_station_idx":303}},{"type":"Feature","geometry":{"type":"Polygon","coordinates":[[[126.65787,37.3617],[126.68383,37.3617],[126.68383,37.38765],[126.65787,37.38765],[126.65787,37.3617]]]},"properties":{"row":7,"col":3,"walk_min":140.4,"bucket":">30","color":"#a01818","aggregate":true,"child_fine_cells":9,"nearest_station_id":"kr_428","nearest_station_idx":427}},{"type":"Feature","geometry":{"type":"Polygon","coordinates":[[[127.15105,37.18],[127.17701,37.18],[127.17701,37.20596],[127.15105,37.20596],[127.15105,37.18]]]},"properties":{"row":0,"col":22,"walk_min":153.7,"bucket":">30","color":"#a01818","aggregate":true,"child_fine_cells":9,"nearest_station_id":"kr_416","nearest_station_idx":415}},{"type":"Feature","geometry":{"type":"Polygon","coordinates":[[[126.78765,37.23191],[126.81361,37.23191],[126.81361,37.25787],[126.78765,37.25787],[126.78765,37.23191]]]},"properties":{"row":2,"col":8,"walk_min":144.6,"bucket":">30","color":"#a01818","aggregate":true,"child_fine_cells":9,"nearest_station_id":"kr_426","nearest_station_idx":425}},{"type":"Feature","geometry":{"type":"Polygon","coordinates":[[[126.70978,37.75105],[126.73574,37.75105],[126.73574,37.77701],[126.70978,37.77701],[126.70978,37.75105]]]},"properties":{"row":22,"col":5,"walk_min":146.3,"bucket":">30","color":"#a01818","aggregate":true,"child_fine_cells":9,"nearest_station_id":"kr_424","nearest_station_idx":423}},{"type":"Feature","geometry":{"type":"Polygon","coordinates":[[[126.60596,37.3617],[126.63191,37.3617],[126.63191,37.38765],[126.60596,37.38765],[126.60596,37.3617]]]},"properties":{"row":7,"col":1,"walk_min":139.4,"bucket":">30","color":"#a01818","aggregate":true,"child_fine_cells":6,"nearest_station_id":"kr_428","nearest_station_idx":427}},{"type":"Feature","geometry":{"type":"Polygon","coordinates":[[[126.91744,37.72509],[126.94339,37.72509],[126.94339,37.75105],[126.91744,37.75105],[126.91744,37.72509]]]},"properties":{"row":21,"col":13,"walk_min":149.1,"bucket":">30","color":"#a01818","aggregate":true,"child_fine_cells":9,"nearest_station_id":"kr_115","nearest_station_idx":114}},{"type":"Feature","geometry":{"type":"Polygon","coordinates":[[[126.81361,37.72509],[126.83957,37.72509],[126.83957,37.75105],[126.81361,37.75105],[126.81361,37.72509]]]},"properties":{"row":21,"col":9,"walk_min":147.8,"bucket":">30","color":"#a01818","aggregate":true,"child_fine_cells":7,"nearest_station_id":"kr_350","nearest_station_idx":348}},{"type":"Feature","geometry":{"type":"Polygon","coordinates":[[[126.58,37.51744],[126.60596,37.51744],[126.60596,37.54339],[126.58,37.54339],[126.58,37.51744]]]},"properties":{"row":13,"col":0,"walk_min":130.6,"bucket":">30","color":"#a01818","aggregate":true,"child_fine_cells":2,"nearest_station_id":"kr_458","nearest_station_idx":457}},{"type":"Feature","geometry":{"type":"Polygon","coordinates":[[[127.15105,37.80296],[127.17701,37.80296],[127.17701,37.82892],[127.15105,37.82892],[127.15105,37.80296]]]},"properties":{"row":24,"col":22,"walk_min":144.5,"bucket":">30","color":"#a01818","aggregate":true,"child_fine_cells":9,"nearest_station_id":"kr_447","nearest_station_idx":446}},{"type":"Feature","geometry":{"type":"Polygon","coordinates":[[[126.86552,37.20596],[126.89148,37.20596],[126.89148,37.23191],[126.86552,37.23191],[126.86552,37.20596]]]},"properties":{"row":1,"col":11,"walk_min":151.6,"bucket":">30","color":"#a01818","aggregate":true,"child_fine_cells":8,"nearest_station_id":"kr_114","nearest_station_idx":113}},{"type":"Feature","geometry":{"type":"Polygon","coordinates":[[[126.63191,37.56935],[126.65787,37.56935],[126.65787,37.59531],[126.63191,37.59531],[126.63191,37.56935]]]},"properties":{"row":15,"col":2,"walk_min":150.1,"bucket":">30","color":"#a01818","aggregate":true,"child_fine_cells":9,"nearest_station_id":"kr_258","nearest_station_idx":412}},{"type":"Feature","geometry":{"type":"Polygon","coordinates":[[[126.89148,37.72509],[126.91744,37.72509],[126.91744,37.75105],[126.89148,37.75105],[126.89148,37.72509]]]},"properties":{"row":21,"col":12,"walk_min":149.9,"bucket":">30","color":"#a01818","aggregate":true,"child_fine_cells":9,"nearest_station_id":"kr_115","nearest_station_idx":114}},{"type":"Feature","geometry":{"type":"Polygon","coordinates":[[[126.86552,37.72509],[126.89148,37.72509],[126.89148,37.75105],[126.86552,37.75105],[126.86552,37.72509]]]},"properties":{"row":21,"col":11,"walk_min":159.6,"bucket":">30","color":"#a01818","aggregate":true,"child_fine_cells":9,"nearest_station_id":"kr_115","nearest_station_idx":114}},{"type":"Feature","geometry":{"type":"Polygon","coordinates":[[[126.83957,37.72509],[126.86552,37.72509],[126.86552,37.75105],[126.83957,37.75105],[126.83957,37.72509]]]},"properties":{"row":21,"col":10,"walk_min":187.4,"bucket":">30","color":"#a01818","aggregate":true,"child_fine_cells":9,"nearest_station_id":"kr_145","nearest_station_idx":147}},{"type":"Feature","geometry":{"type":"Polygon","coordinates":[[[126.89148,37.20596],[126.91744,37.20596],[126.91744,37.23191],[126.89148,37.23191],[126.89148,37.20596]]]},"properties":{"row":1,"col":12,"walk_min":162.2,"bucket":">30","color":"#a01818","aggregate":true,"child_fine_cells":9,"nearest_station_id":"kr_114","nearest_station_idx":113}},{"type":"Feature","geometry":{"type":"Polygon","coordinates":[[[126.70978,37.62126],[126.73574,37.62126],[126.73574,37.64722],[126.70978,37.64722],[126.70978,37.62126]]]},"properties":{"row":17,"col":5,"walk_min":150.7,"bucket":">30","color":"#a01818","aggregate":true,"child_fine_cells":9,"nearest_station_id":"kr_424","nearest_station_idx":423}},{"type":"Feature","geometry":{"type":"Polygon","coordinates":[[[127.15105,37.20596],[127.17701,37.20596],[127.17701,37.23191],[127.15105,37.23191],[127.15105,37.20596]]]},"properties":{"row":1,"col":22,"walk_min":161.2,"bucket":">30","color":"#a01818","aggregate":true,"child_fine_cells":9,"nearest_station_id":"kr_466","nearest_station_idx":465}},{"type":"Feature","geometry":{"type":"Polygon","coordinates":[[[127.20296,37.33574],[127.22892,37.33574],[127.22892,37.3617],[127.20296,37.3617],[127.20296,37.33574]]]},"properties":{"row":6,"col":24,"walk_min":149.8,"bucket":">30","color":"#a01818","aggregate":true,"child_fine_cells":9,"nearest_station_id":"kr_149","nearest_station_idx":146}},{"type":"Feature","geometry":{"type":"Polygon","coordinates":[[[126.68383,37.59531],[126.70978,37.59531],[126.70978,37.62126],[126.68383,37.62126],[126.68383,37.59531]]]},"properties":{"row":16,"col":4,"walk_min":148.8,"bucket":">30","color":"#a01818","aggregate":true,"child_fine_cells":9,"nearest_station_id":"kr_261","nearest_station_idx":260}},{"type":"Feature","geometry":{"type":"Polygon","coordinates":[[[127.15105,37.77701],[127.17701,37.77701],[127.17701,37.80296],[127.15105,37.80296],[127.15105,37.77701]]]},"properties":{"row":23,"col":22,"walk_min":147.9,"bucket":">30","color":"#a01818","aggregate":true,"child_fine_cells":9,"nearest_station_id":"kr_470","nearest_station_idx":469}},{"type":"Feature","geometry":{"type":"Polygon","coordinates":[[[126.58,37.54339],[126.60596,37.54339],[126.60596,37.56935],[126.58,37.56935],[126.58,37.54339]]]},"properties":{"row":14,"col":0,"walk_min":166.5,"bucket":">30","color":"#a01818","aggregate":true,"child_fine_cells":4,"nearest_station_id":"kr_458","nearest_station_idx":457}},{"type":"Feature","geometry":{"type":"Polygon","coordinates":[[[126.7617,37.75105],[126.78765,37.75105],[126.78765,37.77701],[126.7617,37.77701],[126.7617,37.75105]]]},"properties":{"row":22,"col":7,"walk_min":153.2,"bucket":">30","color":"#a01818","aggregate":true,"child_fine_cells":9,"nearest_station_id":"kr_424","nearest_station_idx":423}},{"type":"Feature","geometry":{"type":"Polygon","coordinates":[[[127.17701,37.28383],[127.20296,37.28383],[127.20296,37.30978],[127.17701,37.30978],[127.17701,37.28383]]]},"properties":{"row":4,"col":23,"walk_min":173.0,"bucket":">30","color":"#a01818","aggregate":true,"child_fine_cells":9,"nearest_station_id":"kr_233","nearest_station_idx":234}},{"type":"Feature","geometry":{"type":"Polygon","coordinates":[[[126.78765,37.75105],[126.81361,37.75105],[126.81361,37.77701],[126.78765,37.77701],[126.78765,37.75105]]]},"properties":{"row":22,"col":8,"walk_min":169.3,"bucket":">30","color":"#a01818","aggregate":true,"child_fine_cells":9,"nearest_station_id":"kr_424","nearest_station_idx":423}},{"type":"Feature","geometry":{"type":"Polygon","coordinates":[[[126.91744,37.77701],[126.94339,37.77701],[126.94339,37.80296],[126.91744,37.80296],[126.91744,37.77701]]]},"properties":{"row":23,"col":13,"walk_min":155.5,"bucket":">30","color":"#a01818","aggregate":true,"child_fine_cells":9,"nearest_station_id":"kr_092","nearest_station_idx":91}},{"type":"Feature","geometry":{"type":"Polygon","coordinates":[[[126.83957,37.20596],[126.86552,37.20596],[126.86552,37.23191],[126.83957,37.23191],[126.83957,37.20596]]]},"properties":{"row":1,"col":10,"walk_min":162.9,"bucket":">30","color":"#a01818","aggregate":true,"child_fine_cells":9,"nearest_station_id":"kr_114","nearest_station_idx":113}},{"type":"Feature","geometry":{"type":"Polygon","coordinates":[[[127.17701,37.25787],[127.20296,37.25787],[127.20296,37.28383],[127.17701,37.28383],[127.17701,37.25787]]]},"properties":{"row":3,"col":23,"walk_min":161.0,"bucket":">30","color":"#a01818","aggregate":true,"child_fine_cells":9,"nearest_station_id":"kr_233","nearest_station_idx":234}},{"type":"Feature","geometry":{"type":"Polygon","coordinates":[[[126.68383,37.75105],[126.70978,37.75105],[126.70978,37.77701],[126.68383,37.77701],[126.68383,37.75105]]]},"properties":{"row":22,"col":4,"walk_min":169.2,"bucket":">30","color":"#a01818","aggregate":true,"child_fine_cells":8,"nearest_station_id":"kr_424","nearest_station_idx":423}},{"type":"Feature","geometry":{"type":"Polygon","coordinates":[[[127.20296,37.80296],[127.22892,37.80296],[127.22892,37.82892],[127.20296,37.82892],[127.20296,37.80296]]]},"properties":{"row":24,"col":24,"walk_min":160.2,"bucket":">30","color":"#a01818","aggregate":true,"child_fine_cells":8,"nearest_station_id":"kr_470","nearest_station_idx":469}},{"type":"Feature","geometry":{"type":"Polygon","coordinates":[[[126.91744,37.75105],[126.94339,37.75105],[126.94339,37.77701],[126.91744,37.77701],[126.91744,37.75105]]]},"properties":{"row":22,"col":13,"walk_min":156.0,"bucket":">30","color":"#a01818","aggregate":true,"child_fine_cells":9,"nearest_station_id":"kr_421","nearest_station_idx":420}},{"type":"Feature","geometry":{"type":"Polygon","coordinates":[[[126.91744,37.80296],[126.94339,37.80296],[126.94339,37.82892],[126.91744,37.82892],[126.91744,37.80296]]]},"properties":{"row":24,"col":13,"walk_min":162.7,"bucket":">30","color":"#a01818","aggregate":true,"child_fine_cells":9,"nearest_station_id":"kr_092","nearest_station_idx":91}},{"type":"Feature","geometry":{"type":"Polygon","coordinates":[[[127.15105,37.23191],[127.17701,37.23191],[127.17701,37.25787],[127.15105,37.25787],[127.15105,37.23191]]]},"properties":{"row":2,"col":22,"walk_min":161.3,"bucket":">30","color":"#a01818","aggregate":true,"child_fine_cells":9,"nearest_station_id":"kr_307","nearest_station_idx":303}},{"type":"Feature","geometry":{"type":"Polygon","coordinates":[[[126.65787,37.59531],[126.68383,37.59531],[126.68383,37.62126],[126.65787,37.62126],[126.65787,37.59531]]]},"properties":{"row":16,"col":3,"walk_min":164.5,"bucket":">30","color":"#a01818","aggregate":true,"child_fine_cells":9,"nearest_station_id":"kr_424","nearest_station_idx":423}},{"type":"Feature","geometry":{"type":"Polygon","coordinates":[[[127.20296,37.30978],[127.22892,37.30978],[127.22892,37.33574],[127.20296,37.33574],[127.20296,37.30978]]]},"properties":{"row":5,"col":24,"walk_min":168.5,"bucket":">30","color":"#a01818","aggregate":true,"child_fine_cells":9,"nearest_station_id":"kr_149","nearest_station_idx":146}},{"type":"Feature","geometry":{"type":"Polygon","coordinates":[[[126.60596,37.30978],[126.63191,37.30978],[126.63191,37.33574],[126.60596,37.33574],[126.60596,37.30978]]]},"properties":{"row":5,"col":1,"walk_min":161.8,"bucket":">30","color":"#a01818","aggregate":true,"child_fine_cells":3,"nearest_station_id":"kr_428","nearest_station_idx":427}},{"type":"Feature","geometry":{"type":"Polygon","coordinates":[[[126.91744,37.18],[126.94339,37.18],[126.94339,37.20596],[126.91744,37.20596],[126.91744,37.18]]]},"properties":{"row":0,"col":13,"walk_min":166.6,"bucket":">30","color":"#a01818","aggregate":true,"child_fine_cells":9,"nearest_station_id":"kr_047","nearest_station_idx":46}},{"type":"Feature","geometry":{"type":"Polygon","coordinates":[[[127.25488,37.62126],[127.28083,37.62126],[127.28083,37.64722],[127.25488,37.64722],[127.25488,37.62126]]]},"properties":{"row":17,"col":26,"walk_min":160.2,"bucket":">30","color":"#a01818","aggregate":true,"child_fine_cells":2,"nearest_station_id":"kr_331","nearest_station_idx":327}},{"type":"Feature","geometry":{"type":"Polygon","coordinates":[[[126.68383,37.62126],[126.70978,37.62126],[126.70978,37.64722],[126.68383,37.64722],[126.68383,37.62126]]]},"properties":{"row":17,"col":4,"walk_min":170.9,"bucket":">30","color":"#a01818","aggregate":true,"child_fine_cells":9,"nearest_station_id":"kr_424","nearest_station_idx":423}},{"type":"Feature","geometry":{"type":"Polygon","coordinates":[[[127.17701,37.80296],[127.20296,37.80296],[127.20296,37.82892],[127.17701,37.82892],[127.17701,37.80296]]]},"properties":{"row":24,"col":23,"walk_min":169.1,"bucket":">30","color":"#a01818","aggregate":true,"child_fine_cells":9,"nearest_station_id":"kr_470","nearest_station_idx":469}},{"type":"Feature","geometry":{"type":"Polygon","coordinates":[[[126.7617,37.23191],[126.78765,37.23191],[126.78765,37.25787],[126.7617,37.25787],[126.7617,37.23191]]]},"properties":{"row":2,"col":7,"walk_min":287.6,"bucket":">30","color":"#a01818","aggregate":true,"child_fine_cells":6,"nearest_station_id":"kr_230","nearest_station_idx":231}},{"type":"Feature","geometry":{"type":"Polygon","coordinates":[[[127.15105,37.82892],[127.17701,37.82892],[127.17701,37.85488],[127.15105,37.85488],[127.15105,37.82892]]]},"properties":{"row":25,"col":22,"walk_min":157.7,"bucket":">30","color":"#a01818","aggregate":true,"child_fine_cells":1,"nearest_station_id":"kr_119","nearest_station_idx":118}},{"type":"Feature","geometry":{"type":"Polygon","coordinates":[[[126.81361,37.20596],[126.83957,37.20596],[126.83957,37.23191],[126.81361,37.23191],[126.81361,37.20596]]]},"properties":{"row":1,"col":9,"walk_min":182.4,"bucket":">30","color":"#a01818","aggregate":true,"child_fine_cells":9,"nearest_station_id":"kr_114","nearest_station_idx":113}},{"type":"Feature","geometry":{"type":"Polygon","coordinates":[[[126.63191,37.59531],[126.65787,37.59531],[126.65787,37.62126],[126.63191,37.62126],[126.63191,37.59531]]]},"properties":{"row":16,"col":2,"walk_min":176.4,"bucket":">30","color":"#a01818","aggregate":true,"child_fine_cells":9,"nearest_station_id":"kr_424","nearest_station_idx":423}},{"type":"Feature","geometry":{"type":"Polygon","coordinates":[[[126.91744,37.82892],[126.94339,37.82892],[126.94339,37.85488],[126.91744,37.85488],[126.91744,37.82892]]]},"properties":{"row":25,"col":13,"walk_min":216.6,"bucket":">30","color":"#a01818","aggregate":true,"child_fine_cells":3,"nearest_station_id":"kr_447","nearest_station_idx":446}},{"type":"Feature","geometry":{"type":"Polygon","coordinates":[[[126.63191,37.33574],[126.65787,37.33574],[126.65787,37.3617],[126.63191,37.3617],[126.63191,37.33574]]]},"properties":{"row":6,"col":2,"walk_min":191.2,"bucket":">30","color":"#a01818","aggregate":true,"child_fine_cells":8,"nearest_station_id":"kr_428","nearest_station_idx":427}},{"type":"Feature","geometry":{"type":"Polygon","coordinates":[[[126.70978,37.77701],[126.73574,37.77701],[126.73574,37.80296],[126.70978,37.80296],[126.70978,37.77701]]]},"properties":{"row":23,"col":5,"walk_min":181.5,"bucket":">30","color":"#a01818","aggregate":true,"child_fine_cells":9,"nearest_station_id":"kr_424","nearest_station_idx":423}},{"type":"Feature","geometry":{"type":"Polygon","coordinates":[[[126.7617,37.77701],[126.78765,37.77701],[126.78765,37.80296],[126.7617,37.80296],[126.7617,37.77701]]]},"properties":{"row":23,"col":7,"walk_min":183.2,"bucket":">30","color":"#a01818","aggregate":true,"child_fine_cells":9,"nearest_station_id":"kr_424","nearest_station_idx":423}},{"type":"Feature","geometry":{"type":"Polygon","coordinates":[[[126.65787,37.33574],[126.68383,37.33574],[126.68383,37.3617],[126.65787,37.3617],[126.65787,37.33574]]]},"properties":{"row":6,"col":3,"walk_min":179.9,"bucket":">30","color":"#a01818","aggregate":true,"child_fine_cells":4,"nearest_station_id":"kr_428","nearest_station_idx":427}},{"type":"Feature","geometry":{"type":"Polygon","coordinates":[[[126.86552,37.18],[126.89148,37.18],[126.89148,37.20596],[126.86552,37.20596],[126.86552,37.18]]]},"properties":{"row":0,"col":11,"walk_min":185.0,"bucket":">30","color":"#a01818","aggregate":true,"child_fine_cells":9,"nearest_station_id":"kr_114","nearest_station_idx":113}},{"type":"Feature","geometry":{"type":"Polygon","coordinates":[[[126.78765,37.20596],[126.81361,37.20596],[126.81361,37.23191],[126.78765,37.23191],[126.78765,37.20596]]]},"properties":{"row":1,"col":8,"walk_min":186.9,"bucket":">30","color":"#a01818","aggregate":true,"child_fine_cells":9,"nearest_station_id":"kr_114","nearest_station_idx":113}},{"type":"Feature","geometry":{"type":"Polygon","coordinates":[[[127.25488,37.64722],[127.28083,37.64722],[127.28083,37.67318],[127.25488,37.67318],[127.25488,37.64722]]]},"properties":{"row":18,"col":26,"walk_min":169.7,"bucket":">30","color":"#a01818","aggregate":true,"child_fine_cells":1,"nearest_station_id":"kr_361","nearest_station_idx":359}},{"type":"Feature","geometry":{"type":"Polygon","coordinates":[[[126.73574,37.77701],[126.7617,37.77701],[126.7617,37.80296],[126.73574,37.80296],[126.73574,37.77701]]]},"properties":{"row":23,"col":6,"walk_min":188.9,"bucket":">30","color":"#a01818","aggregate":true,"child_fine_cells":9,"nearest_station_id":"kr_424","nearest_station_idx":423}},{"type":"Feature","geometry":{"type":"Polygon","coordinates":[[[126.60596,37.56935],[126.63191,37.56935],[126.63191,37.59531],[126.60596,37.59531],[126.60596,37.56935]]]},"properties":{"row":15,"col":1,"walk_min":187.0,"bucket":">30","color":"#a01818","aggregate":true,"child_fine_cells":9,"nearest_station_id":"kr_258","nearest_station_idx":412}},{"type":"Feature","geometry":{"type":"Polygon","coordinates":[[[126.89148,37.75105],[126.91744,37.75105],[126.91744,37.77701],[126.89148,37.77701],[126.89148,37.75105]]]},"properties":{"row":22,"col":12,"walk_min":185.2,"bucket":">30","color":"#a01818","aggregate":true,"child_fine_cells":9,"nearest_station_id":"kr_421","nearest_station_idx":420}},{"type":"Feature","geometry":{"type":"Polygon","coordinates":[[[127.17701,37.23191],[127.20296,37.23191],[127.20296,37.25787],[127.17701,37.25787],[127.17701,37.23191]]]},"properties":{"row":2,"col":23,"walk_min":185.9,"bucket":">30","color":"#a01818","aggregate":true,"child_fine_cells":9,"nearest_station_id":"kr_233","nearest_station_idx":234}},{"type":"Feature","geometry":{"type":"Polygon","coordinates":[[[126.68383,37.77701],[126.70978,37.77701],[126.70978,37.80296],[126.68383,37.80296],[126.68383,37.77701]]]},"properties":{"row":23,"col":4,"walk_min":196.9,"bucket":">30","color":"#a01818","aggregate":true,"child_fine_cells":9,"nearest_station_id":"kr_424","nearest_station_idx":423}},{"type":"Feature","geometry":{"type":"Polygon","coordinates":[[[126.86552,37.75105],[126.89148,37.75105],[126.89148,37.77701],[126.86552,37.77701],[126.86552,37.75105]]]},"properties":{"row":22,"col":11,"walk_min":198.1,"bucket":">30","color":"#a01818","aggregate":true,"child_fine_cells":9,"nearest_station_id":"kr_115","nearest_station_idx":114}},{"type":"Feature","geometry":{"type":"Polygon","coordinates":[[[127.20296,37.25787],[127.22892,37.25787],[127.22892,37.28383],[127.20296,37.28383],[127.20296,37.25787]]]},"properties":{"row":3,"col":24,"walk_min":189.3,"bucket":">30","color":"#a01818","aggregate":true,"child_fine_cells":9,"nearest_station_id":"kr_233","nearest_station_idx":234}},{"type":"Feature","geometry":{"type":"Polygon","coordinates":[[[127.22892,37.33574],[127.25488,37.33574],[127.25488,37.3617],[127.22892,37.3617],[127.22892,37.33574]]]},"properties":{"row":6,"col":25,"walk_min":186.0,"bucket":">30","color":"#a01818","aggregate":true,"child_fine_cells":3,"nearest_station_id":"kr_149","nearest_station_idx":146}},{"type":"Feature","geometry":{"type":"Polygon","coordinates":[[[127.17701,37.18],[127.20296,37.18],[127.20296,37.20596],[127.17701,37.20596],[127.17701,37.18]]]},"properties":{"row":0,"col":23,"walk_min":203.5,"bucket":">30","color":"#a01818","aggregate":true,"child_fine_cells":9,"nearest_station_id":"kr_416","nearest_station_idx":415}},{"type":"Feature","geometry":{"type":"Polygon","coordinates":[[[126.89148,37.77701],[126.91744,37.77701],[126.91744,37.80296],[126.89148,37.80296],[126.89148,37.77701]]]},"properties":{"row":23,"col":12,"walk_min":190.1,"bucket":">30","color":"#a01818","aggregate":true,"child_fine_cells":6,"nearest_station_id":"kr_092","nearest_station_idx":91}},{"type":"Feature","geometry":{"type":"Polygon","coordinates":[[[126.60596,37.28383],[126.63191,37.28383],[126.63191,37.30978],[126.60596,37.30978],[126.60596,37.28383]]]},"properties":{"row":4,"col":1,"walk_min":323.4,"bucket":">30","color":"#a01818","aggregate":true,"child_fine_cells":2,"nearest_station_id":"kr_351","nearest_station_idx":349}},{"type":"Feature","geometry":{"type":"Polygon","coordinates":[[[127.20296,37.28383],[127.22892,37.28383],[127.22892,37.30978],[127.20296,37.30978],[127.20296,37.28383]]]},"properties":{"row":4,"col":24,"walk_min":194.8,"bucket":">30","color":"#a01818","aggregate":true,"child_fine_cells":9,"nearest_station_id":"kr_202","nearest_station_idx":204}},{"type":"Feature","geometry":{"type":"Polygon","coordinates":[[[126.89148,37.80296],[126.91744,37.80296],[126.91744,37.82892],[126.89148,37.82892],[126.89148,37.80296]]]},"properties":{"row":24,"col":12,"walk_min":207.5,"bucket":">30","color":"#a01818","aggregate":true,"child_fine_cells":8,"nearest_station_id":"kr_092","nearest_station_idx":91}},{"type":"Feature","geometry":{"type":"Polygon","coordinates":[[[126.83957,37.18],[126.86552,37.18],[126.86552,37.20596],[126.83957,37.20596],[126.83957,37.18]]]},"properties":{"row":0,"col":10,"walk_min":197.9,"bucket":">30","color":"#a01818","aggregate":true,"child_fine_cells":9,"nearest_station_id":"kr_114","nearest_station_idx":113}},{"type":"Feature","geometry":{"type":"Polygon","coordinates":[[[126.58,37.28383],[126.60596,37.28383],[126.60596,37.30978],[126.58,37.30978],[126.58,37.28383]]]},"properties":{"row":4,"col":0,"walk_min":305.9,"bucket":">30","color":"#a01818","aggregate":true,"child_fine_cells":6,"nearest_station_id":"kr_351","nearest_station_idx":349}},{"type":"Feature","geometry":{"type":"Polygon","coordinates":[[[126.83957,37.75105],[126.86552,37.75105],[126.86552,37.77701],[126.83957,37.77701],[126.83957,37.75105]]]},"properties":{"row":22,"col":10,"walk_min":210.7,"bucket":">30","color":"#a01818","aggregate":true,"child_fine_cells":9,"nearest_station_id":"kr_145","nearest_station_idx":147}},{"type":"Feature","geometry":{"type":"Polygon","coordinates":[[[126.60596,37.59531],[126.63191,37.59531],[126.63191,37.62126],[126.60596,37.62126],[126.60596,37.59531]]]},"properties":{"row":16,"col":1,"walk_min":203.1,"bucket":">30","color":"#a01818","aggregate":true,"child_fine_cells":9,"nearest_station_id":"kr_258","nearest_station_idx":412}},{"type":"Feature","geometry":{"type":"Polygon","coordinates":[[[127.20296,37.23191],[127.22892,37.23191],[127.22892,37.25787],[127.20296,37.25787],[127.20296,37.23191]]]},"properties":{"row":2,"col":24,"walk_min":207.7,"bucket":">30","color":"#a01818","aggregate":true,"child_fine_cells":9,"nearest_station_id":"kr_233","nearest_station_idx":234}},{"type":"Feature","geometry":{"type":"Polygon","coordinates":[[[126.65787,37.62126],[126.68383,37.62126],[126.68383,37.64722],[126.65787,37.64722],[126.65787,37.62126]]]},"properties":{"row":17,"col":3,"walk_min":198.6,"bucket":">30","color":"#a01818","aggregate":true,"child_fine_cells":9,"nearest_station_id":"kr_424","nearest_station_idx":423}},{"type":"Feature","geometry":{"type":"Polygon","coordinates":[[[126.89148,37.18],[126.91744,37.18],[126.91744,37.20596],[126.89148,37.20596],[126.89148,37.18]]]},"properties":{"row":0,"col":12,"walk_min":199.9,"bucket":">30","color":"#a01818","aggregate":true,"child_fine_cells":9,"nearest_station_id":"kr_462","nearest_station_idx":461}},{"type":"Feature","geometry":{"type":"Polygon","coordinates":[[[127.17701,37.82892],[127.20296,37.82892],[127.20296,37.85488],[127.17701,37.85488],[127.17701,37.82892]]]},"properties":{"row":25,"col":23,"walk_min":191.3,"bucket":">30","color":"#a01818","aggregate":true,"child_fine_cells":1,"nearest_station_id":"kr_119","nearest_station_idx":118}},{"type":"Feature","geometry":{"type":"Polygon","coordinates":[[[127.17701,37.20596],[127.20296,37.20596],[127.20296,37.23191],[127.17701,37.23191],[127.17701,37.20596]]]},"properties":{"row":1,"col":23,"walk_min":208.5,"bucket":">30","color":"#a01818","aggregate":true,"child_fine_cells":9,"nearest_station_id":"kr_466","nearest_station_idx":465}},{"type":"Feature","geometry":{"type":"Polygon","coordinates":[[[127.22892,37.80296],[127.25488,37.80296],[127.25488,37.82892],[127.22892,37.82892],[127.22892,37.80296]]]},"properties":{"row":24,"col":25,"walk_min":205.9,"bucket":">30","color":"#a01818","aggregate":true,"child_fine_cells":4,"nearest_station_id":"kr_470","nearest_station_idx":469}},{"type":"Feature","geometry":{"type":"Polygon","coordinates":[[[126.7617,37.20596],[126.78765,37.20596],[126.78765,37.23191],[126.7617,37.23191],[126.7617,37.20596]]]},"properties":{"row":1,"col":7,"walk_min":243.8,"bucket":">30","color":"#a01818","aggregate":true,"child_fine_cells":9,"nearest_station_id":"kr_230","nearest_station_idx":231}},{"type":"Feature","geometry":{"type":"Polygon","coordinates":[[[126.58,37.56935],[126.60596,37.56935],[126.60596,37.59531],[126.58,37.59531],[126.58,37.56935]]]},"properties":{"row":15,"col":0,"walk_min":213.5,"bucket":">30","color":"#a01818","aggregate":true,"child_fine_cells":8,"nearest_station_id":"kr_458","nearest_station_idx":457}},{"type":"Feature","geometry":{"type":"Polygon","coordinates":[[[126.63191,37.62126],[126.65787,37.62126],[126.65787,37.64722],[126.63191,37.64722],[126.63191,37.62126]]]},"properties":{"row":17,"col":2,"walk_min":217.5,"bucket":">30","color":"#a01818","aggregate":true,"child_fine_cells":9,"nearest_station_id":"kr_424","nearest_station_idx":423}},{"type":"Feature","geometry":{"type":"Polygon","coordinates":[[[126.70978,37.80296],[126.73574,37.80296],[126.73574,37.82892],[126.70978,37.82892],[126.70978,37.80296]]]},"properties":{"row":24,"col":5,"walk_min":221.0,"bucket":">30","color":"#a01818","aggregate":true,"child_fine_cells":9,"nearest_station_id":"kr_424","nearest_station_idx":423}},{"type":"Feature","geometry":{"type":"Polygon","coordinates":[[[126.65787,37.64722],[126.68383,37.64722],[126.68383,37.67318],[126.65787,37.67318],[126.65787,37.64722]]]},"properties":{"row":18,"col":3,"walk_min":222.3,"bucket":">30","color":"#a01818","aggregate":true,"child_fine_cells":9,"nearest_station_id":"kr_424","nearest_station_idx":423}},{"type":"Feature","geometry":{"type":"Polygon","coordinates":[[[126.78765,37.77701],[126.81361,37.77701],[126.81361,37.80296],[126.78765,37.80296],[126.78765,37.77701]]]},"properties":{"row":23,"col":8,"walk_min":221.4,"bucket":">30","color":"#a01818","aggregate":true,"child_fine_cells":9,"nearest_station_id":"kr_424","nearest_station_idx":423}},{"type":"Feature","geometry":{"type":"Polygon","coordinates":[[[126.60596,37.62126],[126.63191,37.62126],[126.63191,37.64722],[126.60596,37.64722],[126.60596,37.62126]]]},"properties":{"row":17,"col":1,"walk_min":226.1,"bucket":">30","color":"#a01818","aggregate":true,"child_fine_cells":9,"nearest_station_id":"kr_424","nearest_station_idx":423}},{"type":"Feature","geometry":{"type":"Polygon","coordinates":[[[126.81361,37.18],[126.83957,37.18],[126.83957,37.20596],[126.81361,37.20596],[126.81361,37.18]]]},"properties":{"row":0,"col":9,"walk_min":222.7,"bucket":">30","color":"#a01818","aggregate":true,"child_fine_cells":9,"nearest_station_id":"kr_114","nearest_station_idx":113}},{"type":"Feature","geometry":{"type":"Polygon","coordinates":[[[127.15105,37.15404],[127.17701,37.15404],[127.17701,37.18],[127.15105,37.18],[127.15105,37.15404]]]},"properties":{"row":-1,"col":22,"walk_min":205.1,"bucket":">30","color":"#a01818","aggregate":true,"child_fine_cells":1,"nearest_station_id":"kr_416","nearest_station_idx":415}},{"type":"Feature","geometry":{"type":"Polygon","coordinates":[[[126.60596,37.33574],[126.63191,37.33574],[126.63191,37.3617],[126.60596,37.3617],[126.60596,37.33574]]]},"properties":{"row":6,"col":1,"walk_min":223.1,"bucket":">30","color":"#a01818","aggregate":true,"child_fine_cells":9,"nearest_station_id":"kr_428","nearest_station_idx":427}},{"type":"Feature","geometry":{"type":"Polygon","coordinates":[[[126.65787,37.77701],[126.68383,37.77701],[126.68383,37.80296],[126.65787,37.80296],[126.65787,37.77701]]]},"properties":{"row":23,"col":3,"walk_min":211.8,"bucket":">30","color":"#a01818","aggregate":true,"child_fine_cells":3,"nearest_station_id":"kr_424","nearest_station_idx":423}},{"type":"Feature","geometry":{"type":"Polygon","coordinates":[[[126.73574,37.80296],[126.7617,37.80296],[126.7617,37.82892],[126.73574,37.82892],[126.73574,37.80296]]]},"properties":{"row":24,"col":6,"walk_min":224.8,"bucket":">30","color":"#a01818","aggregate":true,"child_fine_cells":8,"nearest_station_id":"kr_424","nearest_station_idx":423}},{"type":"Feature","geometry":{"type":"Polygon","coordinates":[[[126.65787,37.75105],[126.68383,37.75105],[126.68383,37.77701],[126.65787,37.77701],[126.65787,37.75105]]]},"properties":{"row":22,"col":3,"walk_min":285.5,"bucket":">30","color":"#a01818","aggregate":true,"child_fine_cells":2,"nearest_station_id":"kr_424","nearest_station_idx":423}},{"type":"Feature","geometry":{"type":"Polygon","coordinates":[[[126.58,37.59531],[126.60596,37.59531],[126.60596,37.62126],[126.58,37.62126],[126.58,37.59531]]]},"properties":{"row":16,"col":0,"walk_min":230.8,"bucket":">30","color":"#a01818","aggregate":true,"child_fine_cells":9,"nearest_station_id":"kr_458","nearest_station_idx":457}},{"type":"Feature","geometry":{"type":"Polygon","coordinates":[[[126.81361,37.75105],[126.83957,37.75105],[126.83957,37.77701],[126.81361,37.77701],[126.81361,37.75105]]]},"properties":{"row":22,"col":9,"walk_min":224.8,"bucket":">30","color":"#a01818","aggregate":true,"child_fine_cells":9,"nearest_station_id":"kr_350","nearest_station_idx":348}},{"type":"Feature","geometry":{"type":"Polygon","coordinates":[[[126.7617,37.80296],[126.78765,37.80296],[126.78765,37.82892],[126.7617,37.82892],[126.7617,37.80296]]]},"properties":{"row":24,"col":7,"walk_min":223.9,"bucket":">30","color":"#a01818","aggregate":true,"child_fine_cells":8,"nearest_station_id":"kr_424","nearest_station_idx":423}},{"type":"Feature","geometry":{"type":"Polygon","coordinates":[[[126.78765,37.80296],[126.81361,37.80296],[126.81361,37.82892],[126.78765,37.82892],[126.78765,37.80296]]]},"properties":{"row":24,"col":8,"walk_min":268.4,"bucket":">30","color":"#a01818","aggregate":true,"child_fine_cells":7,"nearest_station_id":"kr_424","nearest_station_idx":423}},{"type":"Feature","geometry":{"type":"Polygon","coordinates":[[[127.20296,37.18],[127.22892,37.18],[127.22892,37.20596],[127.20296,37.20596],[127.20296,37.18]]]},"properties":{"row":0,"col":24,"walk_min":227.1,"bucket":">30","color":"#a01818","aggregate":true,"child_fine_cells":9,"nearest_station_id":"kr_416","nearest_station_idx":415}},{"type":"Feature","geometry":{"type":"Polygon","coordinates":[[[126.78765,37.18],[126.81361,37.18],[126.81361,37.20596],[126.78765,37.20596],[126.78765,37.18]]]},"properties":{"row":0,"col":8,"walk_min":235.4,"bucket":">30","color":"#a01818","aggregate":true,"child_fine_cells":9,"nearest_station_id":"kr_114","nearest_station_idx":113}},{"type":"Feature","geometry":{"type":"Polygon","coordinates":[[[127.22892,37.25787],[127.25488,37.25787],[127.25488,37.28383],[127.22892,37.28383],[127.22892,37.25787]]]},"properties":{"row":3,"col":25,"walk_min":219.0,"bucket":">30","color":"#a01818","aggregate":true,"child_fine_cells":3,"nearest_station_id":"kr_173","nearest_station_idx":175}},{"type":"Feature","geometry":{"type":"Polygon","coordinates":[[[126.86552,37.80296],[126.89148,37.80296],[126.89148,37.82892],[126.86552,37.82892],[126.86552,37.80296]]]},"properties":{"row":24,"col":11,"walk_min":247.8,"bucket":">30","color":"#a01818","aggregate":true,"child_fine_cells":6,"nearest_station_id":"kr_092","nearest_station_idx":91}},{"type":"Feature","geometry":{"type":"Polygon","coordinates":[[[126.68383,37.80296],[126.70978,37.80296],[126.70978,37.82892],[126.68383,37.82892],[126.68383,37.80296]]]},"properties":{"row":24,"col":4,"walk_min":234.6,"bucket":">30","color":"#a01818","aggregate":true,"child_fine_cells":8,"nearest_station_id":"kr_424","nearest_station_idx":423}},{"type":"Feature","geometry":{"type":"Polygon","coordinates":[[[126.7617,37.18],[126.78765,37.18],[126.78765,37.20596],[126.7617,37.20596],[126.7617,37.18]]]},"properties":{"row":0,"col":7,"walk_min":236.3,"bucket":">30","color":"#a01818","aggregate":true,"child_fine_cells":9,"nearest_station_id":"kr_426","nearest_station_idx":425}},{"type":"Feature","geometry":{"type":"Polygon","coordinates":[[[126.86552,37.77701],[126.89148,37.77701],[126.89148,37.80296],[126.86552,37.80296],[126.86552,37.77701]]]},"properties":{"row":23,"col":11,"walk_min":232.6,"bucket":">30","color":"#a01818","aggregate":true,"child_fine_cells":8,"nearest_station_id":"kr_092","nearest_station_idx":91}},{"type":"Feature","geometry":{"type":"Polygon","coordinates":[[[127.20296,37.20596],[127.22892,37.20596],[127.22892,37.23191],[127.20296,37.23191],[127.20296,37.20596]]]},"properties":{"row":1,"col":24,"walk_min":236.5,"bucket":">30","color":"#a01818","aggregate":true,"child_fine_cells":8,"nearest_station_id":"kr_416","nearest_station_idx":415}},{"type":"Feature","geometry":{"type":"Polygon","coordinates":[[[126.81361,37.77701],[126.83957,37.77701],[126.83957,37.80296],[126.81361,37.80296],[126.81361,37.77701]]]},"properties":{"row":23,"col":9,"walk_min":242.6,"bucket":">30","color":"#a01818","aggregate":true,"child_fine_cells":9,"nearest_station_id":"kr_424","nearest_station_idx":423}},{"type":"Feature","geometry":{"type":"Polygon","coordinates":[[[126.89148,37.15404],[126.91744,37.15404],[126.91744,37.18],[126.89148,37.18],[126.89148,37.15404]]]},"properties":{"row":-1,"col":12,"walk_min":228.6,"bucket":">30","color":"#a01818","aggregate":true,"child_fine_cells":2,"nearest_station_id":"kr_047","nearest_station_idx":46}},{"type":"Feature","geometry":{"type":"Polygon","coordinates":[[[126.83957,37.15404],[126.86552,37.15404],[126.86552,37.18],[126.83957,37.18],[126.83957,37.15404]]]},"properties":{"row":-1,"col":10,"walk_min":242.0,"bucket":">30","color":"#a01818","aggregate":true,"child_fine_cells":4,"nearest_station_id":"kr_114","nearest_station_idx":113}},{"type":"Feature","geometry":{"type":"Polygon","coordinates":[[[126.89148,37.82892],[126.91744,37.82892],[126.91744,37.85488],[126.89148,37.85488],[126.89148,37.82892]]]},"properties":{"row":25,"col":12,"walk_min":238.4,"bucket":">30","color":"#a01818","aggregate":true,"child_fine_cells":3,"nearest_station_id":"kr_447","nearest_station_idx":446}},{"type":"Feature","geometry":{"type":"Polygon","coordinates":[[[127.17701,37.15404],[127.20296,37.15404],[127.20296,37.18],[127.17701,37.18],[127.17701,37.15404]]]},"properties":{"row":-1,"col":23,"walk_min":245.8,"bucket":">30","color":"#a01818","aggregate":true,"child_fine_cells":4,"nearest_station_id":"kr_053","nearest_station_idx":52}},{"type":"Feature","geometry":{"type":"Polygon","coordinates":[[[126.63191,37.64722],[126.65787,37.64722],[126.65787,37.67318],[126.63191,37.67318],[126.63191,37.64722]]]},"properties":{"row":18,"col":2,"walk_min":246.7,"bucket":">30","color":"#a01818","aggregate":true,"child_fine_cells":9,"nearest_station_id":"kr_424","nearest_station_idx":423}},{"type":"Feature","geometry":{"type":"Polygon","coordinates":[[[126.65787,37.80296],[126.68383,37.80296],[126.68383,37.82892],[126.65787,37.82892],[126.65787,37.80296]]]},"properties":{"row":24,"col":3,"walk_min":230.6,"bucket":">30","color":"#a01818","aggregate":true,"child_fine_cells":1,"nearest_station_id":"kr_424","nearest_station_idx":423}},{"type":"Feature","geometry":{"type":"Polygon","coordinates":[[[127.22892,37.82892],[127.25488,37.82892],[127.25488,37.85488],[127.22892,37.85488],[127.22892,37.82892]]]},"properties":{"row":25,"col":25,"walk_min":240.8,"bucket":">30","color":"#a01818","aggregate":true,"child_fine_cells":3,"nearest_station_id":"kr_470","nearest_station_idx":469}},{"type":"Feature","geometry":{"type":"Polygon","coordinates":[[[126.73574,37.18],[126.7617,37.18],[126.7617,37.20596],[126.73574,37.20596],[126.73574,37.18]]]},"properties":{"row":0,"col":6,"walk_min":252.6,"bucket":">30","color":"#a01818","aggregate":true,"child_fine_cells":9,"nearest_station_id":"kr_230","nearest_station_idx":231}},{"type":"Feature","geometry":{"type":"Polygon","coordinates":[[[126.58,37.33574],[126.60596,37.33574],[126.60596,37.3617],[126.58,37.3617],[126.58,37.33574]]]},"properties":{"row":6,"col":0,"walk_min":256.3,"bucket":">30","color":"#a01818","aggregate":true,"child_fine_cells":8,"nearest_station_id":"kr_428","nearest_station_idx":427}},{"type":"Feature","geometry":{"type":"Polygon","coordinates":[[[126.58,37.62126],[126.60596,37.62126],[126.60596,37.64722],[126.58,37.64722],[126.58,37.62126]]]},"properties":{"row":17,"col":0,"walk_min":253.0,"bucket":">30","color":"#a01818","aggregate":true,"child_fine_cells":9,"nearest_station_id":"kr_424","nearest_station_idx":423}},{"type":"Feature","geometry":{"type":"Polygon","coordinates":[[[126.60596,37.64722],[126.63191,37.64722],[126.63191,37.67318],[126.60596,37.67318],[126.60596,37.64722]]]},"properties":{"row":18,"col":1,"walk_min":258.2,"bucket":">30","color":"#a01818","aggregate":true,"child_fine_cells":9,"nearest_station_id":"kr_424","nearest_station_idx":423}},{"type":"Feature","geometry":{"type":"Polygon","coordinates":[[[126.83957,37.77701],[126.86552,37.77701],[126.86552,37.80296],[126.83957,37.80296],[126.83957,37.77701]]]},"properties":{"row":23,"col":10,"walk_min":254.4,"bucket":">30","color":"#a01818","aggregate":true,"child_fine_cells":9,"nearest_station_id":"kr_145","nearest_station_idx":147}},{"type":"Feature","geometry":{"type":"Polygon","coordinates":[[[126.7617,37.82892],[126.78765,37.82892],[126.78765,37.85488],[126.7617,37.85488],[126.7617,37.82892]]]},"properties":{"row":25,"col":7,"walk_min":247.1,"bucket":">30","color":"#a01818","aggregate":true,"child_fine_cells":2,"nearest_station_id":"kr_424","nearest_station_idx":423}},{"type":"Feature","geometry":{"type":"Polygon","coordinates":[[[126.83957,37.80296],[126.86552,37.80296],[126.86552,37.82892],[126.83957,37.82892],[126.83957,37.80296]]]},"properties":{"row":24,"col":10,"walk_min":270.4,"bucket":">30","color":"#a01818","aggregate":true,"child_fine_cells":8,"nearest_station_id":"kr_092","nearest_station_idx":91}},{"type":"Feature","geometry":{"type":"Polygon","coordinates":[[[127.22892,37.18],[127.25488,37.18],[127.25488,37.20596],[127.22892,37.20596],[127.22892,37.18]]]},"properties":{"row":0,"col":25,"walk_min":287.5,"bucket":">30","color":"#a01818","aggregate":true,"child_fine_cells":6,"nearest_station_id":"kr_416","nearest_station_idx":415}},{"type":"Feature","geometry":{"type":"Polygon","coordinates":[[[126.81361,37.80296],[126.83957,37.80296],[126.83957,37.82892],[126.81361,37.82892],[126.81361,37.80296]]]},"properties":{"row":24,"col":9,"walk_min":268.0,"bucket":">30","color":"#a01818","aggregate":true,"child_fine_cells":8,"nearest_station_id":"kr_424","nearest_station_idx":423}},{"type":"Feature","geometry":{"type":"Polygon","coordinates":[[[127.20296,37.15404],[127.22892,37.15404],[127.22892,37.18],[127.20296,37.18],[127.20296,37.15404]]]},"properties":{"row":-1,"col":24,"walk_min":261.1,"bucket":">30","color":"#a01818","aggregate":true,"child_fine_cells":3,"nearest_station_id":"kr_053","nearest_station_idx":52}},{"type":"Feature","geometry":{"type":"Polygon","coordinates":[[[126.63191,37.67318],[126.65787,37.67318],[126.65787,37.69914],[126.63191,37.69914],[126.63191,37.67318]]]},"properties":{"row":19,"col":2,"walk_min":273.4,"bucket":">30","color":"#a01818","aggregate":true,"child_fine_cells":9,"nearest_station_id":"kr_424","nearest_station_idx":423}},{"type":"Feature","geometry":{"type":"Polygon","coordinates":[[[126.58,37.64722],[126.60596,37.64722],[126.60596,37.67318],[126.58,37.67318],[126.58,37.64722]]]},"properties":{"row":18,"col":0,"walk_min":277.3,"bucket":">30","color":"#a01818","aggregate":true,"child_fine_cells":9,"nearest_station_id":"kr_424","nearest_station_idx":423}},{"type":"Feature","geometry":{"type":"Polygon","coordinates":[[[126.73574,37.20596],[126.7617,37.20596],[126.7617,37.23191],[126.73574,37.23191],[126.73574,37.20596]]]},"properties":{"row":1,"col":6,"walk_min":283.1,"bucket":">30","color":"#a01818","aggregate":true,"child_fine_cells":9,"nearest_station_id":"kr_230","nearest_station_idx":231}},{"type":"Feature","geometry":{"type":"Polygon","coordinates":[[[127.25488,37.82892],[127.28083,37.82892],[127.28083,37.85488],[127.25488,37.85488],[127.25488,37.82892]]]},"properties":{"row":25,"col":26,"walk_min":262.9,"bucket":">30","color":"#a01818","aggregate":true,"child_fine_cells":2,"nearest_station_id":"kr_470","nearest_station_idx":469}},{"type":"Feature","geometry":{"type":"Polygon","coordinates":[[[126.70978,37.18],[126.73574,37.18],[126.73574,37.20596],[126.70978,37.20596],[126.70978,37.18]]]},"properties":{"row":0,"col":5,"walk_min":287.6,"bucket":">30","color":"#a01818","aggregate":true,"child_fine_cells":9,"nearest_station_id":"kr_230","nearest_station_idx":231}},{"type":"Feature","geometry":{"type":"Polygon","coordinates":[[[126.70978,37.20596],[126.73574,37.20596],[126.73574,37.23191],[126.70978,37.23191],[126.70978,37.20596]]]},"properties":{"row":1,"col":5,"walk_min":291.8,"bucket":">30","color":"#a01818","aggregate":true,"child_fine_cells":9,"nearest_station_id":"kr_263","nearest_station_idx":262}},{"type":"Feature","geometry":{"type":"Polygon","coordinates":[[[126.78765,37.15404],[126.81361,37.15404],[126.81361,37.18],[126.78765,37.18],[126.78765,37.15404]]]},"properties":{"row":-1,"col":8,"walk_min":282.5,"bucket":">30","color":"#a01818","aggregate":true,"child_fine_cells":1,"nearest_station_id":"kr_114","nearest_station_idx":113}},{"type":"Feature","geometry":{"type":"Polygon","coordinates":[[[126.60596,37.67318],[126.63191,37.67318],[126.63191,37.69914],[126.60596,37.69914],[126.60596,37.67318]]]},"properties":{"row":19,"col":1,"walk_min":297.8,"bucket":">30","color":"#a01818","aggregate":true,"child_fine_cells":9,"nearest_station_id":"kr_424","nearest_station_idx":423}},{"type":"Feature","geometry":{"type":"Polygon","coordinates":[[[126.73574,37.15404],[126.7617,37.15404],[126.7617,37.18],[126.73574,37.18],[126.73574,37.15404]]]},"properties":{"row":-1,"col":6,"walk_min":282.9,"bucket":">30","color":"#a01818","aggregate":true,"child_fine_cells":1,"nearest_station_id":"kr_230","nearest_station_idx":231}},{"type":"Feature","geometry":{"type":"Polygon","coordinates":[[[126.7617,37.15404],[126.78765,37.15404],[126.78765,37.18],[126.7617,37.18],[126.7617,37.15404]]]},"properties":{"row":-1,"col":7,"walk_min":284.5,"bucket":">30","color":"#a01818","aggregate":true,"child_fine_cells":1,"nearest_station_id":"kr_114","nearest_station_idx":113}},{"type":"Feature","geometry":{"type":"Polygon","coordinates":[[[126.58,37.67318],[126.60596,37.67318],[126.60596,37.69914],[126.58,37.69914],[126.58,37.67318]]]},"properties":{"row":19,"col":0,"walk_min":308.4,"bucket":">30","color":"#a01818","aggregate":true,"child_fine_cells":9,"nearest_station_id":"kr_424","nearest_station_idx":423}},{"type":"Feature","geometry":{"type":"Polygon","coordinates":[[[126.63191,37.69914],[126.65787,37.69914],[126.65787,37.72509],[126.63191,37.72509],[126.63191,37.69914]]]},"properties":{"row":20,"col":2,"walk_min":306.5,"bucket":">30","color":"#a01818","aggregate":true,"child_fine_cells":9,"nearest_station_id":"kr_424","nearest_station_idx":423}},{"type":"Feature","geometry":{"type":"Polygon","coordinates":[[[126.70978,37.15404],[126.73574,37.15404],[126.73574,37.18],[126.70978,37.18],[126.70978,37.15404]]]},"properties":{"row":-1,"col":5,"walk_min":314.0,"bucket":">30","color":"#a01818","aggregate":true,"child_fine_cells":6,"nearest_station_id":"kr_230","nearest_station_idx":231}},{"type":"Feature","geometry":{"type":"Polygon","coordinates":[[[126.55404,37.62126],[126.58,37.62126],[126.58,37.64722],[126.55404,37.64722],[126.55404,37.62126]]]},"properties":{"row":17,"col":-1,"walk_min":297.7,"bucket":">30","color":"#a01818","aggregate":true,"child_fine_cells":1,"nearest_station_id":"kr_424","nearest_station_idx":423}},{"type":"Feature","geometry":{"type":"Polygon","coordinates":[[[126.73574,37.23191],[126.7617,37.23191],[126.7617,37.25787],[126.73574,37.25787],[126.73574,37.23191]]]},"properties":{"row":2,"col":6,"walk_min":323.6,"bucket":">30","color":"#a01818","aggregate":true,"child_fine_cells":9,"nearest_station_id":"kr_263","nearest_station_idx":262}},{"type":"Feature","geometry":{"type":"Polygon","coordinates":[[[126.60596,37.69914],[126.63191,37.69914],[126.63191,37.72509],[126.60596,37.72509],[126.60596,37.69914]]]},"properties":{"row":20,"col":1,"walk_min":327.4,"bucket":">30","color":"#a01818","aggregate":true,"child_fine_cells":9,"nearest_station_id":"kr_424","nearest_station_idx":423}},{"type":"Feature","geometry":{"type":"Polygon","coordinates":[[[126.70978,37.23191],[126.73574,37.23191],[126.73574,37.25787],[126.70978,37.25787],[126.70978,37.23191]]]},"properties":{"row":2,"col":5,"walk_min":328.7,"bucket":">30","color":"#a01818","aggregate":true,"child_fine_cells":9,"nearest_station_id":"kr_263","nearest_station_idx":262}},{"type":"Feature","geometry":{"type":"Polygon","coordinates":[[[126.68383,37.20596],[126.70978,37.20596],[126.70978,37.23191],[126.68383,37.23191],[126.68383,37.20596]]]},"properties":{"row":1,"col":4,"walk_min":325.5,"bucket":">30","color":"#a01818","aggregate":true,"child_fine_cells":9,"nearest_station_id":"kr_263","nearest_station_idx":262}},{"type":"Feature","geometry":{"type":"Polygon","coordinates":[[[126.68383,37.18],[126.70978,37.18],[126.70978,37.20596],[126.68383,37.20596],[126.68383,37.18]]]},"properties":{"row":0,"col":4,"walk_min":324.9,"bucket":">30","color":"#a01818","aggregate":true,"child_fine_cells":9,"nearest_station_id":"kr_263","nearest_station_idx":262}},{"type":"Feature","geometry":{"type":"Polygon","coordinates":[[[126.68383,37.23191],[126.70978,37.23191],[126.70978,37.25787],[126.68383,37.25787],[126.68383,37.23191]]]},"properties":{"row":2,"col":4,"walk_min":341.6,"bucket":">30","color":"#a01818","aggregate":true,"child_fine_cells":9,"nearest_station_id":"kr_427","nearest_station_idx":426}},{"type":"Feature","geometry":{"type":"Polygon","coordinates":[[[126.65787,37.72509],[126.68383,37.72509],[126.68383,37.75105],[126.65787,37.75105],[126.65787,37.72509]]]},"properties":{"row":21,"col":3,"walk_min":337.6,"bucket":">30","color":"#a01818","aggregate":true,"child_fine_cells":6,"nearest_station_id":"kr_424","nearest_station_idx":423}},{"type":"Feature","geometry":{"type":"Polygon","coordinates":[[[126.81361,37.82892],[126.83957,37.82892],[126.83957,37.85488],[126.81361,37.85488],[126.81361,37.82892]]]},"properties":{"row":25,"col":9,"walk_min":328.4,"bucket":">30","color":"#a01818","aggregate":true,"child_fine_cells":2,"nearest_station_id":"kr_424","nearest_station_idx":423}},{"type":"Feature","geometry":{"type":"Polygon","coordinates":[[[126.55404,37.67318],[126.58,37.67318],[126.58,37.69914],[126.55404,37.69914],[126.55404,37.67318]]]},"properties":{"row":19,"col":-1,"walk_min":336.7,"bucket":">30","color":"#a01818","aggregate":true,"child_fine_cells":4,"nearest_station_id":"kr_424","nearest_station_idx":423}},{"type":"Feature","geometry":{"type":"Polygon","coordinates":[[[126.58,37.69914],[126.60596,37.69914],[126.60596,37.72509],[126.58,37.72509],[126.58,37.69914]]]},"properties":{"row":20,"col":0,"walk_min":345.3,"bucket":">30","color":"#a01818","aggregate":true,"child_fine_cells":9,"nearest_station_id":"kr_424","nearest_station_idx":423}},{"type":"Feature","geometry":{"type":"Polygon","coordinates":[[[127.25488,37.18],[127.28083,37.18],[127.28083,37.20596],[127.25488,37.20596],[127.25488,37.18]]]},"properties":{"row":0,"col":26,"walk_min":335.4,"bucket":">30","color":"#a01818","aggregate":true,"child_fine_cells":2,"nearest_station_id":"kr_267","nearest_station_idx":266}},{"type":"Feature","geometry":{"type":"Polygon","coordinates":[[[126.63191,37.72509],[126.65787,37.72509],[126.65787,37.75105],[126.63191,37.75105],[126.63191,37.72509]]]},"properties":{"row":21,"col":2,"walk_min":345.2,"bucket":">30","color":"#a01818","aggregate":true,"child_fine_cells":9,"nearest_station_id":"kr_424","nearest_station_idx":423}},{"type":"Feature","geometry":{"type":"Polygon","coordinates":[[[126.68383,37.15404],[126.70978,37.15404],[126.70978,37.18],[126.68383,37.18],[126.68383,37.15404]]]},"properties":{"row":-1,"col":4,"walk_min":336.5,"bucket":">30","color":"#a01818","aggregate":true,"child_fine_cells":1,"nearest_station_id":"kr_263","nearest_station_idx":262}},{"type":"Feature","geometry":{"type":"Polygon","coordinates":[[[126.60596,37.72509],[126.63191,37.72509],[126.63191,37.75105],[126.60596,37.75105],[126.60596,37.72509]]]},"properties":{"row":21,"col":1,"walk_min":359.1,"bucket":">30","color":"#a01818","aggregate":true,"child_fine_cells":9,"nearest_station_id":"kr_424","nearest_station_idx":423}},{"type":"Feature","geometry":{"type":"Polygon","coordinates":[[[126.68383,37.12809],[126.70978,37.12809],[126.70978,37.15404],[126.68383,37.15404],[126.68383,37.12809]]]},"properties":{"row":-2,"col":4,"walk_min":339.7,"bucket":">30","color":"#a01818","aggregate":true,"child_fine_cells":1,"nearest_station_id":"kr_230","nearest_station_idx":231}},{"type":"Feature","geometry":{"type":"Polygon","coordinates":[[[126.65787,37.20596],[126.68383,37.20596],[126.68383,37.23191],[126.65787,37.23191],[126.65787,37.20596]]]},"properties":{"row":1,"col":3,"walk_min":368.2,"bucket":">30","color":"#a01818","aggregate":true,"child_fine_cells":9,"nearest_station_id":"kr_427","nearest_station_idx":426}},{"type":"Feature","geometry":{"type":"Polygon","coordinates":[[[126.65787,37.23191],[126.68383,37.23191],[126.68383,37.25787],[126.65787,37.25787],[126.65787,37.23191]]]},"properties":{"row":2,"col":3,"walk_min":364.1,"bucket":">30","color":"#a01818","aggregate":true,"child_fine_cells":7,"nearest_station_id":"kr_427","nearest_station_idx":426}},{"type":"Feature","geometry":{"type":"Polygon","coordinates":[[[126.73574,37.25787],[126.7617,37.25787],[126.7617,37.28383],[126.73574,37.28383],[126.73574,37.25787]]]},"properties":{"row":3,"col":6,"walk_min":364.0,"bucket":">30","color":"#a01818","aggregate":true,"child_fine_cells":5,"nearest_station_id":"kr_263","nearest_station_idx":262}},{"type":"Feature","geometry":{"type":"Polygon","coordinates":[[[126.65787,37.18],[126.68383,37.18],[126.68383,37.20596],[126.65787,37.20596],[126.65787,37.18]]]},"properties":{"row":0,"col":3,"walk_min":398.4,"bucket":">30","color":"#a01818","aggregate":true,"child_fine_cells":9,"nearest_station_id":"kr_263","nearest_station_idx":262}},{"type":"Feature","geometry":{"type":"Polygon","coordinates":[[[127.25488,37.15404],[127.28083,37.15404],[127.28083,37.18],[127.25488,37.18],[127.25488,37.15404]]]},"properties":{"row":-1,"col":26,"walk_min":353.7,"bucket":">30","color":"#a01818","aggregate":true,"child_fine_cells":2,"nearest_station_id":"kr_053","nearest_station_idx":52}},{"type":"Feature","geometry":{"type":"Polygon","coordinates":[[[126.58,37.72509],[126.60596,37.72509],[126.60596,37.75105],[126.58,37.75105],[126.58,37.72509]]]},"properties":{"row":21,"col":0,"walk_min":380.9,"bucket":">30","color":"#a01818","aggregate":true,"child_fine_cells":9,"nearest_station_id":"kr_424","nearest_station_idx":423}},{"type":"Feature","geometry":{"type":"Polygon","coordinates":[[[126.68383,37.25787],[126.70978,37.25787],[126.70978,37.28383],[126.68383,37.28383],[126.68383,37.25787]]]},"properties":{"row":3,"col":4,"walk_min":362.7,"bucket":">30","color":"#a01818","aggregate":true,"child_fine_cells":2,"nearest_station_id":"kr_427","nearest_station_idx":426}},{"type":"Feature","geometry":{"type":"Polygon","coordinates":[[[126.63191,37.75105],[126.65787,37.75105],[126.65787,37.77701],[126.63191,37.77701],[126.63191,37.75105]]]},"properties":{"row":22,"col":2,"walk_min":382.3,"bucket":">30","color":"#a01818","aggregate":true,"child_fine_cells":9,"nearest_station_id":"kr_424","nearest_station_idx":423}},{"type":"Feature","geometry":{"type":"Polygon","coordinates":[[[127.28083,37.15404],[127.30679,37.15404],[127.30679,37.18],[127.28083,37.18],[127.28083,37.15404]]]},"properties":{"row":-1,"col":27,"walk_min":388.1,"bucket":">30","color":"#a01818","aggregate":true,"child_fine_cells":3,"nearest_station_id":"kr_267","nearest_station_idx":266}},{"type":"Feature","geometry":{"type":"Polygon","coordinates":[[[126.65787,37.25787],[126.68383,37.25787],[126.68383,37.28383],[126.65787,37.28383],[126.65787,37.25787]]]},"properties":{"row":3,"col":3,"walk_min":395.7,"bucket":">30","color":"#a01818","aggregate":true,"child_fine_cells":6,"nearest_station_id":"kr_351","nearest_station_idx":349}},{"type":"Feature","geometry":{"type":"Polygon","coordinates":[[[126.60596,37.75105],[126.63191,37.75105],[126.63191,37.77701],[126.60596,37.77701],[126.60596,37.75105]]]},"properties":{"row":22,"col":1,"walk_min":388.2,"bucket":">30","color":"#a01818","aggregate":true,"child_fine_cells":4,"nearest_station_id":"kr_424","nearest_station_idx":423}},{"type":"Feature","geometry":{"type":"Polygon","coordinates":[[[126.63191,37.23191],[126.65787,37.23191],[126.65787,37.25787],[126.63191,37.25787],[126.63191,37.23191]]]},"properties":{"row":2,"col":2,"walk_min":417.9,"bucket":">30","color":"#a01818","aggregate":true,"child_fine_cells":9,"nearest_station_id":"kr_351","nearest_station_idx":349}},{"type":"Feature","geometry":{"type":"Polygon","coordinates":[[[126.55404,37.69914],[126.58,37.69914],[126.58,37.72509],[126.55404,37.72509],[126.55404,37.69914]]]},"properties":{"row":20,"col":-1,"walk_min":390.3,"bucket":">30","color":"#a01818","aggregate":true,"child_fine_cells":3,"nearest_station_id":"kr_424","nearest_station_idx":423}},{"type":"Feature","geometry":{"type":"Polygon","coordinates":[[[127.28083,37.18],[127.30679,37.18],[127.30679,37.20596],[127.28083,37.20596],[127.28083,37.18]]]},"properties":{"row":0,"col":27,"walk_min":390.1,"bucket":">30","color":"#a01818","aggregate":true,"child_fine_cells":3,"nearest_station_id":"kr_267","nearest_station_idx":266}},{"type":"Feature","geometry":{"type":"Polygon","coordinates":[[[126.63191,37.18],[126.65787,37.18],[126.65787,37.20596],[126.63191,37.20596],[126.63191,37.18]]]},"properties":{"row":0,"col":2,"walk_min":418.0,"bucket":">30","color":"#a01818","aggregate":true,"child_fine_cells":7,"nearest_station_id":"kr_427","nearest_station_idx":426}},{"type":"Feature","geometry":{"type":"Polygon","coordinates":[[[126.55404,37.72509],[126.58,37.72509],[126.58,37.75105],[126.55404,37.75105],[126.55404,37.72509]]]},"properties":{"row":21,"col":-1,"walk_min":407.9,"bucket":">30","color":"#a01818","aggregate":true,"child_fine_cells":5,"nearest_station_id":"kr_424","nearest_station_idx":423}},{"type":"Feature","geometry":{"type":"Polygon","coordinates":[[[126.70978,37.25787],[126.73574,37.25787],[126.73574,37.28383],[126.70978,37.28383],[126.70978,37.25787]]]},"properties":{"row":3,"col":5,"walk_min":397.2,"bucket":">30","color":"#a01818","aggregate":true,"child_fine_cells":2,"nearest_station_id":"kr_427","nearest_station_idx":426}},{"type":"Feature","geometry":{"type":"Polygon","coordinates":[[[126.63191,37.20596],[126.65787,37.20596],[126.65787,37.23191],[126.63191,37.23191],[126.63191,37.20596]]]},"properties":{"row":1,"col":2,"walk_min":443.1,"bucket":">30","color":"#a01818","aggregate":true,"child_fine_cells":8,"nearest_station_id":"kr_427","nearest_station_idx":426}},{"type":"Feature","geometry":{"type":"Polygon","coordinates":[[[126.65787,37.28383],[126.68383,37.28383],[126.68383,37.30978],[126.65787,37.30978],[126.65787,37.28383]]]},"properties":{"row":4,"col":3,"walk_min":432.6,"bucket":">30","color":"#a01818","aggregate":true,"child_fine_cells":2,"nearest_station_id":"kr_351","nearest_station_idx":349}},{"type":"Feature","geometry":{"type":"Polygon","coordinates":[[[126.63191,37.25787],[126.65787,37.25787],[126.65787,37.28383],[126.63191,37.28383],[126.63191,37.25787]]]},"properties":{"row":3,"col":2,"walk_min":453.5,"bucket":">30","color":"#a01818","aggregate":true,"child_fine_cells":8,"nearest_station_id":"kr_351","nearest_station_idx":349}},{"type":"Feature","geometry":{"type":"Polygon","coordinates":[[[126.63191,37.28383],[126.65787,37.28383],[126.65787,37.30978],[126.63191,37.30978],[126.63191,37.28383]]]},"properties":{"row":4,"col":2,"walk_min":451.4,"bucket":">30","color":"#a01818","aggregate":true,"child_fine_cells":3,"nearest_station_id":"kr_351","nearest_station_idx":349}},{"type":"Feature","geometry":{"type":"Polygon","coordinates":[[[126.60596,37.18],[126.63191,37.18],[126.63191,37.20596],[126.60596,37.20596],[126.60596,37.18]]]},"properties":{"row":0,"col":1,"walk_min":440.3,"bucket":">30","color":"#a01818","aggregate":true,"child_fine_cells":1,"nearest_station_id":"kr_427","nearest_station_idx":426}},{"type":"Feature","geometry":{"type":"Polygon","coordinates":[[[126.60596,37.23191],[126.63191,37.23191],[126.63191,37.25787],[126.60596,37.25787],[126.60596,37.23191]]]},"properties":{"row":2,"col":1,"walk_min":477.3,"bucket":">30","color":"#a01818","aggregate":true,"child_fine_cells":9,"nearest_station_id":"kr_351","nearest_station_idx":349}},{"type":"Feature","geometry":{"type":"Polygon","coordinates":[[[126.60596,37.20596],[126.63191,37.20596],[126.63191,37.23191],[126.60596,37.23191],[126.60596,37.20596]]]},"properties":{"row":1,"col":1,"walk_min":516.5,"bucket":">30","color":"#a01818","aggregate":true,"child_fine_cells":6,"nearest_station_id":"kr_351","nearest_station_idx":349}},{"type":"Feature","geometry":{"type":"Polygon","coordinates":[[[126.60596,37.25787],[126.63191,37.25787],[126.63191,37.28383],[126.60596,37.28383],[126.60596,37.25787]]]},"properties":{"row":3,"col":1,"walk_min":487.3,"bucket":">30","color":"#a01818","aggregate":true,"child_fine_cells":5,"nearest_station_id":"kr_351","nearest_station_idx":349}},{"type":"Feature","geometry":{"type":"Polygon","coordinates":[[[126.58,37.23191],[126.60596,37.23191],[126.60596,37.25787],[126.58,37.25787],[126.58,37.23191]]]},"properties":{"row":2,"col":0,"walk_min":510.7,"bucket":">30","color":"#a01818","aggregate":true,"child_fine_cells":9,"nearest_station_id":"kr_351","nearest_station_idx":349}},{"type":"Feature","geometry":{"type":"Polygon","coordinates":[[[126.58,37.25787],[126.60596,37.25787],[126.60596,37.28383],[126.58,37.28383],[126.58,37.25787]]]},"properties":{"row":3,"col":0,"walk_min":514.9,"bucket":">30","color":"#a01818","aggregate":true,"child_fine_cells":5,"nearest_station_id":"kr_351","nearest_station_idx":349}},{"type":"Feature","geometry":{"type":"Polygon","coordinates":[[[126.58,37.20596],[126.60596,37.20596],[126.60596,37.23191],[126.58,37.23191],[126.58,37.20596]]]},"properties":{"row":1,"col":0,"walk_min":551.9,"bucket":">30","color":"#a01818","aggregate":true,"child_fine_cells":8,"nearest_station_id":"kr_351","nearest_station_idx":349}},{"type":"Feature","geometry":{"type":"Polygon","coordinates":[[[126.55404,37.23191],[126.58,37.23191],[126.58,37.25787],[126.55404,37.25787],[126.55404,37.23191]]]},"properties":{"row":2,"col":-1,"walk_min":548.3,"bucket":">30","color":"#a01818","aggregate":true,"child_fine_cells":1,"nearest_station_id":"kr_351","nearest_station_idx":349}},{"type":"Feature","geometry":{"type":"Polygon","coordinates":[[[126.55404,37.25787],[126.58,37.25787],[126.58,37.28383],[126.55404,37.28383],[126.55404,37.25787]]]},"properties":{"row":3,"col":-1,"walk_min":560.0,"bucket":">30","color":"#a01818","aggregate":true,"child_fine_cells":2,"nearest_station_id":"kr_351","nearest_station_idx":349}},{"type":"Feature","geometry":{"type":"Polygon","coordinates":[[[126.55404,37.20596],[126.58,37.20596],[126.58,37.23191],[126.55404,37.23191],[126.55404,37.20596]]]},"properties":{"row":1,"col":-1,"walk_min":578.4,"bucket":">30","color":"#a01818","aggregate":true,"child_fine_cells":4,"nearest_station_id":"kr_351","nearest_station_idx":349}},{"type":"Feature","geometry":{"type":"Polygon","coordinates":[[[126.55404,37.18],[126.58,37.18],[126.58,37.20596],[126.55404,37.20596],[126.55404,37.18]]]},"properties":{"row":0,"col":-1,"walk_min":599.8,"bucket":">30","color":"#a01818","aggregate":true,"child_fine_cells":1,"nearest_station_id":"kr_351","nearest_station_idx":349}},{"type":"Feature","geometry":{"type":"Polygon","coordinates":[[[126.52809,37.20596],[126.55404,37.20596],[126.55404,37.23191],[126.52809,37.23191],[126.52809,37.20596]]]},"properties":{"row":1,"col":-2,"walk_min":605.0,"bucket":">30","color":"#a01818","aggregate":true,"child_fine_cells":1,"nearest_station_id":"kr_351","nearest_station_idx":349}},{"type":"Feature","geometry":{"type":"Polygon","coordinates":[[[126.52809,37.18],[126.55404,37.18],[126.55404,37.20596],[126.52809,37.20596],[126.52809,37.18]]]},"properties":{"row":0,"col":-2,"walk_min":611.8,"bucket":">30","color":"#a01818","aggregate":true,"child_fine_cells":2,"nearest_station_id":"kr_351","nearest_station_idx":349}}]}